ISO-10303-21;
HEADER;
/* Generated by software containing ST-Developer
 * from STEP Tools, Inc. (www.steptools.com) 
 */

FILE_DESCRIPTION(
/* description */ (''),
/* implementation_level */ '2;1');

FILE_NAME(
/* name */ 'bottom case magnets.step',
/* time_stamp */ '2026-06-26T15:13:17+02:00',
/* author */ (''),
/* organization */ (''),
/* preprocessor_version */ 'ST-DEVELOPER v20.1',
/* originating_system */ 'Autodesk Translation Framework v15.8.0.0',
/* authorisation */ '');

FILE_SCHEMA (('AUTOMOTIVE_DESIGN { 1 0 10303 214 3 1 1 }'));
ENDSEC;

DATA;
#10=MECHANICAL_DESIGN_GEOMETRIC_PRESENTATION_REPRESENTATION('',(#13),#12822);
#11=SHAPE_REPRESENTATION_RELATIONSHIP('SRR','None',#12829,#12);
#12=ADVANCED_BREP_SHAPE_REPRESENTATION('',(#14),#12821);
#13=STYLED_ITEM('',(#12839),#14);
#14=MANIFOLD_SOLID_BREP('Bottom',#6539);
#15=CONICAL_SURFACE('',#6768,4.24999999999999,0.785398163397622);
#16=CONICAL_SURFACE('',#6769,4.24999999999999,0.785398163397555);
#17=CONICAL_SURFACE('',#6773,4.24999999999999,0.785398163397631);
#18=CONICAL_SURFACE('',#6774,4.24999999999999,0.785398163397548);
#19=B_SPLINE_SURFACE_WITH_KNOTS('',3,1,((#9342,#9343),(#9344,#9345),(#9346,
#9347),(#9348,#9349)),.UNSPECIFIED.,.F.,.F.,.F.,(4,4),(2,2),(0.,1.),(0.,
0.144000000000008),.UNSPECIFIED.);
#20=B_SPLINE_SURFACE_WITH_KNOTS('',3,1,((#9358,#9359),(#9360,#9361),(#9362,
#9363),(#9364,#9365)),.UNSPECIFIED.,.F.,.F.,.F.,(4,4),(2,2),(0.,1.),(0.,
0.144000000000002),.UNSPECIFIED.);
#21=B_SPLINE_SURFACE_WITH_KNOTS('',3,1,((#9372,#9373),(#9374,#9375),(#9376,
#9377),(#9378,#9379)),.UNSPECIFIED.,.F.,.F.,.F.,(4,4),(2,2),(0.,1.),(0.,
0.144000000000001),.UNSPECIFIED.);
#22=B_SPLINE_SURFACE_WITH_KNOTS('',3,1,((#9386,#9387),(#9388,#9389),(#9390,
#9391),(#9392,#9393)),.UNSPECIFIED.,.F.,.F.,.F.,(4,4),(2,2),(0.,1.),(0.,
0.144000000000011),.UNSPECIFIED.);
#23=B_SPLINE_SURFACE_WITH_KNOTS('',3,1,((#9400,#9401),(#9402,#9403),(#9404,
#9405),(#9406,#9407)),.UNSPECIFIED.,.F.,.F.,.F.,(4,4),(2,2),(0.,1.),(0.,
0.144000000000006),.UNSPECIFIED.);
#24=B_SPLINE_SURFACE_WITH_KNOTS('',3,1,((#9414,#9415),(#9416,#9417),(#9418,
#9419),(#9420,#9421)),.UNSPECIFIED.,.F.,.F.,.F.,(4,4),(2,2),(0.,1.),(0.,
0.144000000000002),.UNSPECIFIED.);
#25=B_SPLINE_SURFACE_WITH_KNOTS('',3,1,((#9428,#9429),(#9430,#9431),(#9432,
#9433),(#9434,#9435)),.UNSPECIFIED.,.F.,.F.,.F.,(4,4),(2,2),(0.,1.),(0.,
0.143999999999997),.UNSPECIFIED.);
#26=B_SPLINE_SURFACE_WITH_KNOTS('',3,1,((#9442,#9443),(#9444,#9445),(#9446,
#9447),(#9448,#9449)),.UNSPECIFIED.,.F.,.F.,.F.,(4,4),(2,2),(0.,1.),(0.,
0.144),.UNSPECIFIED.);
#27=B_SPLINE_SURFACE_WITH_KNOTS('',3,1,((#9456,#9457),(#9458,#9459),(#9460,
#9461),(#9462,#9463)),.UNSPECIFIED.,.F.,.F.,.F.,(4,4),(2,2),(0.,1.),(0.,
0.144000000000011),.UNSPECIFIED.);
#28=B_SPLINE_SURFACE_WITH_KNOTS('',3,1,((#9470,#9471),(#9472,#9473),(#9474,
#9475),(#9476,#9477)),.UNSPECIFIED.,.F.,.F.,.F.,(4,4),(2,2),(0.,1.),(0.,
0.144000000000007),.UNSPECIFIED.);
#29=B_SPLINE_SURFACE_WITH_KNOTS('',3,1,((#9484,#9485),(#9486,#9487),(#9488,
#9489),(#9490,#9491)),.UNSPECIFIED.,.F.,.F.,.F.,(4,4),(2,2),(0.,1.),(0.,
0.144000000000004),.UNSPECIFIED.);
#30=B_SPLINE_SURFACE_WITH_KNOTS('',3,1,((#9496,#9497),(#9498,#9499),(#9500,
#9501),(#9502,#9503)),.UNSPECIFIED.,.F.,.F.,.F.,(4,4),(2,2),(0.,1.),(0.,
0.144000000000001),.UNSPECIFIED.);
#31=B_SPLINE_SURFACE_WITH_KNOTS('',3,1,((#9512,#9513),(#9514,#9515),(#9516,
#9517),(#9518,#9519)),.UNSPECIFIED.,.F.,.F.,.F.,(4,4),(2,2),(0.,1.),(0.,
0.144000000000001),.UNSPECIFIED.);
#32=B_SPLINE_SURFACE_WITH_KNOTS('',3,1,((#9526,#9527),(#9528,#9529),(#9530,
#9531),(#9532,#9533)),.UNSPECIFIED.,.F.,.F.,.F.,(4,4),(2,2),(0.,1.),(0.,
0.143999999999998),.UNSPECIFIED.);
#33=B_SPLINE_SURFACE_WITH_KNOTS('',3,1,((#9540,#9541),(#9542,#9543),(#9544,
#9545),(#9546,#9547)),.UNSPECIFIED.,.F.,.F.,.F.,(4,4),(2,2),(0.,1.),(0.,
0.144000000000001),.UNSPECIFIED.);
#34=B_SPLINE_SURFACE_WITH_KNOTS('',3,1,((#9554,#9555),(#9556,#9557),(#9558,
#9559),(#9560,#9561)),.UNSPECIFIED.,.F.,.F.,.F.,(4,4),(2,2),(0.,1.),(0.,
0.144000000000005),.UNSPECIFIED.);
#35=B_SPLINE_SURFACE_WITH_KNOTS('',3,1,((#9568,#9569),(#9570,#9571),(#9572,
#9573),(#9574,#9575)),.UNSPECIFIED.,.F.,.F.,.F.,(4,4),(2,2),(0.,1.),(0.,
0.144000000000007),.UNSPECIFIED.);
#36=B_SPLINE_SURFACE_WITH_KNOTS('',3,1,((#9594,#9595),(#9596,#9597),(#9598,
#9599),(#9600,#9601)),.UNSPECIFIED.,.F.,.F.,.F.,(4,4),(2,2),(0.,1.),(0.,
0.144000000000001),.UNSPECIFIED.);
#37=B_SPLINE_SURFACE_WITH_KNOTS('',3,1,((#9608,#9609),(#9610,#9611),(#9612,
#9613),(#9614,#9615)),.UNSPECIFIED.,.F.,.F.,.F.,(4,4),(2,2),(0.,1.),(0.,
0.144),.UNSPECIFIED.);
#38=B_SPLINE_SURFACE_WITH_KNOTS('',3,1,((#9622,#9623),(#9624,#9625),(#9626,
#9627),(#9628,#9629)),.UNSPECIFIED.,.F.,.F.,.F.,(4,4),(2,2),(0.,1.),(0.,
0.144000000000017),.UNSPECIFIED.);
#39=B_SPLINE_SURFACE_WITH_KNOTS('',3,1,((#9636,#9637),(#9638,#9639),(#9640,
#9641),(#9642,#9643)),.UNSPECIFIED.,.F.,.F.,.F.,(4,4),(2,2),(0.,1.),(0.,
0.144000000000002),.UNSPECIFIED.);
#40=B_SPLINE_SURFACE_WITH_KNOTS('',3,1,((#9650,#9651),(#9652,#9653),(#9654,
#9655),(#9656,#9657)),.UNSPECIFIED.,.F.,.F.,.F.,(4,4),(2,2),(0.,1.),(0.,
0.144000000000002),.UNSPECIFIED.);
#41=B_SPLINE_SURFACE_WITH_KNOTS('',3,1,((#9664,#9665),(#9666,#9667),(#9668,
#9669),(#9670,#9671)),.UNSPECIFIED.,.F.,.F.,.F.,(4,4),(2,2),(0.,1.),(0.,
0.144000000000009),.UNSPECIFIED.);
#42=B_SPLINE_SURFACE_WITH_KNOTS('',3,1,((#9694,#9695),(#9696,#9697),(#9698,
#9699),(#9700,#9701)),.UNSPECIFIED.,.F.,.F.,.F.,(4,4),(2,2),(0.,1.),(0.,
0.144000000000005),.UNSPECIFIED.);
#43=B_SPLINE_SURFACE_WITH_KNOTS('',3,1,((#9706,#9707),(#9708,#9709),(#9710,
#9711),(#9712,#9713)),.UNSPECIFIED.,.F.,.F.,.F.,(4,4),(2,2),(0.,1.),(0.,
0.144000000000001),.UNSPECIFIED.);
#44=B_SPLINE_SURFACE_WITH_KNOTS('',3,1,((#9722,#9723),(#9724,#9725),(#9726,
#9727),(#9728,#9729)),.UNSPECIFIED.,.F.,.F.,.F.,(4,4),(2,2),(0.,1.),(0.,
0.144000000000002),.UNSPECIFIED.);
#45=B_SPLINE_SURFACE_WITH_KNOTS('',3,1,((#9736,#9737),(#9738,#9739),(#9740,
#9741),(#9742,#9743)),.UNSPECIFIED.,.F.,.F.,.F.,(4,4),(2,2),(0.,1.),(0.,
0.144000000000005),.UNSPECIFIED.);
#46=B_SPLINE_SURFACE_WITH_KNOTS('',3,1,((#9750,#9751),(#9752,#9753),(#9754,
#9755),(#9756,#9757)),.UNSPECIFIED.,.F.,.F.,.F.,(4,4),(2,2),(0.,1.),(0.,
0.143999999999999),.UNSPECIFIED.);
#47=B_SPLINE_SURFACE_WITH_KNOTS('',3,1,((#9764,#9765),(#9766,#9767),(#9768,
#9769),(#9770,#9771)),.UNSPECIFIED.,.F.,.F.,.F.,(4,4),(2,2),(0.,1.),(0.,
0.144000000000031),.UNSPECIFIED.);
#48=B_SPLINE_SURFACE_WITH_KNOTS('',3,1,((#9778,#9779),(#9780,#9781),(#9782,
#9783),(#9784,#9785)),.UNSPECIFIED.,.F.,.F.,.F.,(4,4),(2,2),(0.,1.),(0.,
0.144000000000003),.UNSPECIFIED.);
#49=B_SPLINE_SURFACE_WITH_KNOTS('',3,1,((#9792,#9793),(#9794,#9795),(#9796,
#9797),(#9798,#9799)),.UNSPECIFIED.,.F.,.F.,.F.,(4,4),(2,2),(0.,1.),(0.,
0.144000000000023),.UNSPECIFIED.);
#50=B_SPLINE_SURFACE_WITH_KNOTS('',3,1,((#9806,#9807),(#9808,#9809),(#9810,
#9811),(#9812,#9813)),.UNSPECIFIED.,.F.,.F.,.F.,(4,4),(2,2),(0.,1.),(0.,
0.144000000000006),.UNSPECIFIED.);
#51=B_SPLINE_SURFACE_WITH_KNOTS('',3,1,((#9820,#9821),(#9822,#9823),(#9824,
#9825),(#9826,#9827)),.UNSPECIFIED.,.F.,.F.,.F.,(4,4),(2,2),(0.,1.),(0.,
0.144000000000005),.UNSPECIFIED.);
#52=B_SPLINE_SURFACE_WITH_KNOTS('',3,1,((#9834,#9835),(#9836,#9837),(#9838,
#9839),(#9840,#9841)),.UNSPECIFIED.,.F.,.F.,.F.,(4,4),(2,2),(0.,1.),(0.,
0.144000000000001),.UNSPECIFIED.);
#53=B_SPLINE_SURFACE_WITH_KNOTS('',3,1,((#9848,#9849),(#9850,#9851),(#9852,
#9853),(#9854,#9855)),.UNSPECIFIED.,.F.,.F.,.F.,(4,4),(2,2),(0.,1.),(0.,
0.144000000000006),.UNSPECIFIED.);
#54=B_SPLINE_SURFACE_WITH_KNOTS('',3,1,((#9860,#9861),(#9862,#9863),(#9864,
#9865),(#9866,#9867)),.UNSPECIFIED.,.F.,.F.,.F.,(4,4),(2,2),(0.,1.),(0.,
0.144000000000001),.UNSPECIFIED.);
#55=B_SPLINE_SURFACE_WITH_KNOTS('',3,1,((#9884,#9885),(#9886,#9887),(#9888,
#9889),(#9890,#9891)),.UNSPECIFIED.,.F.,.F.,.F.,(4,4),(2,2),(0.,1.),(0.,
0.144000000000001),.UNSPECIFIED.);
#56=B_SPLINE_SURFACE_WITH_KNOTS('',3,1,((#9898,#9899),(#9900,#9901),(#9902,
#9903),(#9904,#9905)),.UNSPECIFIED.,.F.,.F.,.F.,(4,4),(2,2),(0.,1.),(0.,
0.143999999999997),.UNSPECIFIED.);
#57=B_SPLINE_SURFACE_WITH_KNOTS('',3,1,((#9912,#9913),(#9914,#9915),(#9916,
#9917),(#9918,#9919)),.UNSPECIFIED.,.F.,.F.,.F.,(4,4),(2,2),(0.,1.),(0.,
0.144000000000005),.UNSPECIFIED.);
#58=B_SPLINE_SURFACE_WITH_KNOTS('',3,1,((#9926,#9927),(#9928,#9929),(#9930,
#9931),(#9932,#9933)),.UNSPECIFIED.,.F.,.F.,.F.,(4,4),(2,2),(0.,1.),(0.,
0.144000000000012),.UNSPECIFIED.);
#59=B_SPLINE_SURFACE_WITH_KNOTS('',3,1,((#9948,#9949),(#9950,#9951),(#9952,
#9953),(#9954,#9955)),.UNSPECIFIED.,.F.,.F.,.F.,(4,4),(2,2),(0.,1.),(0.,
0.144000000000001),.UNSPECIFIED.);
#60=B_SPLINE_SURFACE_WITH_KNOTS('',3,1,((#9970,#9971),(#9972,#9973),(#9974,
#9975),(#9976,#9977)),.UNSPECIFIED.,.F.,.F.,.F.,(4,4),(2,2),(0.,1.),(0.,
0.144000000000001),.UNSPECIFIED.);
#61=B_SPLINE_SURFACE_WITH_KNOTS('',3,1,((#9984,#9985),(#9986,#9987),(#9988,
#9989),(#9990,#9991)),.UNSPECIFIED.,.F.,.F.,.F.,(4,4),(2,2),(0.,1.),(0.,
0.144000000000001),.UNSPECIFIED.);
#62=B_SPLINE_SURFACE_WITH_KNOTS('',3,1,((#9998,#9999),(#10000,#10001),(#10002,
#10003),(#10004,#10005)),.UNSPECIFIED.,.F.,.F.,.F.,(4,4),(2,2),(0.,1.),
(0.,0.144000000000028),.UNSPECIFIED.);
#63=B_SPLINE_SURFACE_WITH_KNOTS('',3,1,((#10012,#10013),(#10014,#10015),
(#10016,#10017),(#10018,#10019)),.UNSPECIFIED.,.F.,.F.,.F.,(4,4),(2,2),
(0.,1.),(0.,0.144000000000012),.UNSPECIFIED.);
#64=B_SPLINE_SURFACE_WITH_KNOTS('',3,1,((#10026,#10027),(#10028,#10029),
(#10030,#10031),(#10032,#10033)),.UNSPECIFIED.,.F.,.F.,.F.,(4,4),(2,2),
(0.,1.),(0.,0.144000000000009),.UNSPECIFIED.);
#65=B_SPLINE_SURFACE_WITH_KNOTS('',3,1,((#10040,#10041),(#10042,#10043),
(#10044,#10045),(#10046,#10047)),.UNSPECIFIED.,.F.,.F.,.F.,(4,4),(2,2),
(0.,1.),(0.,0.144000000000003),.UNSPECIFIED.);
#66=B_SPLINE_SURFACE_WITH_KNOTS('',3,1,((#10054,#10055),(#10056,#10057),
(#10058,#10059),(#10060,#10061)),.UNSPECIFIED.,.F.,.F.,.F.,(4,4),(2,2),
(0.,1.),(0.,0.144000000000001),.UNSPECIFIED.);
#67=B_SPLINE_SURFACE_WITH_KNOTS('',3,1,((#10066,#10067),(#10068,#10069),
(#10070,#10071),(#10072,#10073)),.UNSPECIFIED.,.F.,.F.,.F.,(4,4),(2,2),
(0.,1.),(0.,0.144000000000001),.UNSPECIFIED.);
#68=B_SPLINE_SURFACE_WITH_KNOTS('',3,1,((#10082,#10083),(#10084,#10085),
(#10086,#10087),(#10088,#10089)),.UNSPECIFIED.,.F.,.F.,.F.,(4,4),(2,2),
(0.,1.),(0.,0.144000000000087),.UNSPECIFIED.);
#69=B_SPLINE_SURFACE_WITH_KNOTS('',3,1,((#10096,#10097),(#10098,#10099),
(#10100,#10101),(#10102,#10103)),.UNSPECIFIED.,.F.,.F.,.F.,(4,4),(2,2),
(0.,1.),(0.,0.143999999999999),.UNSPECIFIED.);
#70=B_SPLINE_SURFACE_WITH_KNOTS('',3,1,((#10110,#10111),(#10112,#10113),
(#10114,#10115),(#10116,#10117)),.UNSPECIFIED.,.F.,.F.,.F.,(4,4),(2,2),
(0.,1.),(0.,0.144000000000002),.UNSPECIFIED.);
#71=B_SPLINE_SURFACE_WITH_KNOTS('',3,1,((#10124,#10125),(#10126,#10127),
(#10128,#10129),(#10130,#10131)),.UNSPECIFIED.,.F.,.F.,.F.,(4,4),(2,2),
(0.,1.),(0.,0.144),.UNSPECIFIED.);
#72=B_SPLINE_SURFACE_WITH_KNOTS('',3,1,((#10138,#10139),(#10140,#10141),
(#10142,#10143),(#10144,#10145)),.UNSPECIFIED.,.F.,.F.,.F.,(4,4),(2,2),
(0.,1.),(0.,0.144),.UNSPECIFIED.);
#73=B_SPLINE_SURFACE_WITH_KNOTS('',3,1,((#10152,#10153),(#10154,#10155),
(#10156,#10157),(#10158,#10159)),.UNSPECIFIED.,.F.,.F.,.F.,(4,4),(2,2),
(0.,1.),(0.,0.144000000000018),.UNSPECIFIED.);
#74=B_SPLINE_SURFACE_WITH_KNOTS('',3,1,((#10174,#10175),(#10176,#10177),
(#10178,#10179),(#10180,#10181)),.UNSPECIFIED.,.F.,.F.,.F.,(4,4),(2,2),
(0.,1.),(0.,0.144000000000001),.UNSPECIFIED.);
#75=B_SPLINE_SURFACE_WITH_KNOTS('',3,1,((#10186,#10187),(#10188,#10189),
(#10190,#10191),(#10192,#10193)),.UNSPECIFIED.,.F.,.F.,.F.,(4,4),(2,2),
(0.,1.),(0.,0.144),.UNSPECIFIED.);
#76=B_SPLINE_SURFACE_WITH_KNOTS('',3,1,((#10202,#10203),(#10204,#10205),
(#10206,#10207),(#10208,#10209)),.UNSPECIFIED.,.F.,.F.,.F.,(4,4),(2,2),
(0.,1.),(0.,0.144000000000001),.UNSPECIFIED.);
#77=B_SPLINE_SURFACE_WITH_KNOTS('',3,1,((#10216,#10217),(#10218,#10219),
(#10220,#10221),(#10222,#10223)),.UNSPECIFIED.,.F.,.F.,.F.,(4,4),(2,2),
(0.,1.),(0.,0.144000000000002),.UNSPECIFIED.);
#78=B_SPLINE_SURFACE_WITH_KNOTS('',3,1,((#10230,#10231),(#10232,#10233),
(#10234,#10235),(#10236,#10237)),.UNSPECIFIED.,.F.,.F.,.F.,(4,4),(2,2),
(0.,1.),(0.,0.144000000000001),.UNSPECIFIED.);
#79=B_SPLINE_SURFACE_WITH_KNOTS('',3,1,((#10244,#10245),(#10246,#10247),
(#10248,#10249),(#10250,#10251)),.UNSPECIFIED.,.F.,.F.,.F.,(4,4),(2,2),
(0.,1.),(0.,0.144000000000001),.UNSPECIFIED.);
#80=B_SPLINE_SURFACE_WITH_KNOTS('',3,1,((#10258,#10259),(#10260,#10261),
(#10262,#10263),(#10264,#10265)),.UNSPECIFIED.,.F.,.F.,.F.,(4,4),(2,2),
(0.,1.),(0.,0.144000000000007),.UNSPECIFIED.);
#81=B_SPLINE_SURFACE_WITH_KNOTS('',3,1,((#10272,#10273),(#10274,#10275),
(#10276,#10277),(#10278,#10279)),.UNSPECIFIED.,.F.,.F.,.F.,(4,4),(2,2),
(0.,1.),(0.,0.144000000000002),.UNSPECIFIED.);
#82=B_SPLINE_SURFACE_WITH_KNOTS('',3,1,((#10286,#10287),(#10288,#10289),
(#10290,#10291),(#10292,#10293)),.UNSPECIFIED.,.F.,.F.,.F.,(4,4),(2,2),
(0.,1.),(0.,0.144000000000009),.UNSPECIFIED.);
#83=B_SPLINE_SURFACE_WITH_KNOTS('',3,1,((#10300,#10301),(#10302,#10303),
(#10304,#10305),(#10306,#10307)),.UNSPECIFIED.,.F.,.F.,.F.,(4,4),(2,2),
(0.,1.),(0.,0.144000000000016),.UNSPECIFIED.);
#84=B_SPLINE_SURFACE_WITH_KNOTS('',3,1,((#10314,#10315),(#10316,#10317),
(#10318,#10319),(#10320,#10321)),.UNSPECIFIED.,.F.,.F.,.F.,(4,4),(2,2),
(0.,1.),(0.,0.144000000000004),.UNSPECIFIED.);
#85=B_SPLINE_SURFACE_WITH_KNOTS('',3,1,((#10328,#10329),(#10330,#10331),
(#10332,#10333),(#10334,#10335)),.UNSPECIFIED.,.F.,.F.,.F.,(4,4),(2,2),
(0.,1.),(0.,0.144),.UNSPECIFIED.);
#86=B_SPLINE_SURFACE_WITH_KNOTS('',3,1,((#10354,#10355),(#10356,#10357),
(#10358,#10359),(#10360,#10361),(#10362,#10363),(#10364,#10365)),
 .UNSPECIFIED.,.F.,.F.,.F.,(4,2,4),(2,2),(-1.09332182716952,-1.09312683207126,
-0.970867150139264),(0.,0.024),.UNSPECIFIED.);
#87=B_SPLINE_SURFACE_WITH_KNOTS('',3,1,((#10369,#10370),(#10371,#10372),
(#10373,#10374),(#10375,#10376),(#10377,#10378),(#10379,#10380),(#10381,
#10382),(#10383,#10384),(#10385,#10386),(#10387,#10388)),.UNSPECIFIED.,
 .F.,.F.,.F.,(4,2,2,2,4),(2,2),(-0.48383833010755,-0.375555239504469,-0.265340784111945,
-0.135695711157486,0.),(0.,0.0240000000000003),.UNSPECIFIED.);
#88=B_SPLINE_SURFACE_WITH_KNOTS('',3,1,((#10405,#10406),(#10407,#10408),
(#10409,#10410),(#10411,#10412),(#10413,#10414),(#10415,#10416),(#10417,
#10418),(#10419,#10420),(#10421,#10422),(#10423,#10424),(#10425,#10426),
(#10427,#10428)),.UNSPECIFIED.,.F.,.F.,.F.,(4,2,2,2,2,4),(2,2),(-0.486613575766652,
-0.416321837195014,-0.346352639953232,-0.225581734416441,-0.111313073440235,
0.),(0.,0.024),.UNSPECIFIED.);
#89=B_SPLINE_SURFACE_WITH_KNOTS('',3,3,((#11301,#11302,#11303,#11304,#11305,
#11306,#11307,#11308,#11309,#11310,#11311,#11312,#11313),(#11314,#11315,
#11316,#11317,#11318,#11319,#11320,#11321,#11322,#11323,#11324,#11325,#11326),
(#11327,#11328,#11329,#11330,#11331,#11332,#11333,#11334,#11335,#11336,
#11337,#11338,#11339),(#11340,#11341,#11342,#11343,#11344,#11345,#11346,
#11347,#11348,#11349,#11350,#11351,#11352),(#11353,#11354,#11355,#11356,
#11357,#11358,#11359,#11360,#11361,#11362,#11363,#11364,#11365)),
 .UNSPECIFIED.,.F.,.F.,.F.,(4,1,4),(4,1,1,1,1,1,1,1,1,1,4),(-2.78214261701809E-8,
0.936131921965584,2.1843078179197),(14.0628785055125,14.1469941770746,14.2311098486367,
14.3993411917608,14.7358038780091,15.0722665642574,15.4087292505058,16.754579995499,
18.1004307404923,20.7921322304788,23.4838337204654),.UNSPECIFIED.);
#90=B_SPLINE_SURFACE_WITH_KNOTS('',3,3,((#11384,#11385,#11386,#11387,#11388,
#11389),(#11390,#11391,#11392,#11393,#11394,#11395),(#11396,#11397,#11398,
#11399,#11400,#11401),(#11402,#11403,#11404,#11405,#11406,#11407),(#11408,
#11409,#11410,#11411,#11412,#11413)),.UNSPECIFIED.,.F.,.F.,.F.,(4,1,4),
(4,1,1,4),(0.,0.571428571428571,1.),(0.351285514395536,0.624049594481745,
0.805892314539218,0.987735034596691),.UNSPECIFIED.);
#91=B_SPLINE_SURFACE_WITH_KNOTS('',3,3,((#11422,#11423,#11424,#11425),(#11426,
#11427,#11428,#11429),(#11430,#11431,#11432,#11433),(#11434,#11435,#11436,
#11437),(#11438,#11439,#11440,#11441)),.UNSPECIFIED.,.F.,.F.,.F.,(4,1,4),
(4,4),(0.,0.571428571428571,1.),(-1.36860009267925E-17,0.617304054009902),
 .UNSPECIFIED.);
#92=B_SPLINE_SURFACE_WITH_KNOTS('',3,3,((#11446,#11447,#11448,#11449,#11450,
#11451),(#11452,#11453,#11454,#11455,#11456,#11457),(#11458,#11459,#11460,
#11461,#11462,#11463),(#11464,#11465,#11466,#11467,#11468,#11469)),
 .UNSPECIFIED.,.F.,.F.,.F.,(4,4),(4,1,1,4),(-1.11794423082949E-8,1.),(4.60985222852079,
7.29032612057901,9.97080001263723,13.9915108507246),.UNSPECIFIED.);
#93=B_SPLINE_SURFACE_WITH_KNOTS('',3,1,((#11494,#11495),(#11496,#11497),
(#11498,#11499),(#11500,#11501),(#11502,#11503),(#11504,#11505),(#11506,
#11507)),.UNSPECIFIED.,.F.,.F.,.F.,(4,3,4),(2,2),(0.,1.,3.18103662125898),
(-0.024,0.143999999999997),.UNSPECIFIED.);
#94=B_SPLINE_SURFACE_WITH_KNOTS('',3,1,((#11517,#11518),(#11519,#11520),
(#11521,#11522),(#11523,#11524)),.UNSPECIFIED.,.F.,.F.,.F.,(4,4),(2,2),
(0.,1.),(0.,0.143999999999997),.UNSPECIFIED.);
#95=B_SPLINE_SURFACE_WITH_KNOTS('',3,1,((#11526,#11527),(#11528,#11529),
(#11530,#11531),(#11532,#11533)),.UNSPECIFIED.,.F.,.F.,.F.,(4,4),(2,2),
(0.579479365168671,1.),(0.,0.143999999999999),.UNSPECIFIED.);
#96=B_SPLINE_SURFACE_WITH_KNOTS('',3,1,((#11537,#11538),(#11539,#11540),
(#11541,#11542),(#11543,#11544)),.UNSPECIFIED.,.F.,.F.,.F.,(4,4),(2,2),
(0.,1.),(0.,0.144000000000251),.UNSPECIFIED.);
#97=B_SPLINE_SURFACE_WITH_KNOTS('',3,1,((#11546,#11547),(#11548,#11549),
(#11550,#11551),(#11552,#11553)),.UNSPECIFIED.,.F.,.F.,.F.,(4,4),(2,2),
(0.,1.),(0.,0.144000000000065),.UNSPECIFIED.);
#98=B_SPLINE_SURFACE_WITH_KNOTS('',3,1,((#11559,#11560),(#11561,#11562),
(#11563,#11564),(#11565,#11566)),.UNSPECIFIED.,.F.,.F.,.F.,(4,4),(2,2),
(0.,1.),(0.,0.144000000001014),.UNSPECIFIED.);
#99=B_SPLINE_SURFACE_WITH_KNOTS('',3,1,((#11568,#11569),(#11570,#11571),
(#11572,#11573),(#11574,#11575)),.UNSPECIFIED.,.F.,.F.,.F.,(4,4),(2,2),
(0.,1.),(0.,0.144000000000019),.UNSPECIFIED.);
#100=B_SPLINE_SURFACE_WITH_KNOTS('',3,1,((#11583,#11584),(#11585,#11586),
(#11587,#11588),(#11589,#11590)),.UNSPECIFIED.,.F.,.F.,.F.,(4,4),(2,2),
(0.,0.572255316609999),(0.,0.144000000000096),.UNSPECIFIED.);
#101=B_SPLINE_SURFACE_WITH_KNOTS('',3,1,((#11592,#11593),(#11594,#11595),
(#11596,#11597),(#11598,#11599)),.UNSPECIFIED.,.F.,.F.,.F.,(4,4),(2,2),
(0.,1.),(0.,0.144000000000123),.UNSPECIFIED.);
#102=B_SPLINE_SURFACE_WITH_KNOTS('',3,1,((#11601,#11602),(#11603,#11604),
(#11605,#11606),(#11607,#11608)),.UNSPECIFIED.,.F.,.F.,.F.,(4,4),(2,2),
(0.,1.),(0.,0.144000000000073),.UNSPECIFIED.);
#103=B_SPLINE_SURFACE_WITH_KNOTS('',3,1,((#11610,#11611),(#11612,#11613),
(#11614,#11615),(#11616,#11617)),.UNSPECIFIED.,.F.,.F.,.F.,(4,4),(2,2),
(0.,1.),(0.,0.143999999999999),.UNSPECIFIED.);
#104=B_SPLINE_SURFACE_WITH_KNOTS('',3,1,((#11619,#11620),(#11621,#11622),
(#11623,#11624),(#11625,#11626)),.UNSPECIFIED.,.F.,.F.,.F.,(4,4),(2,2),
(0.,1.),(0.,0.144000000000279),.UNSPECIFIED.);
#105=B_SPLINE_SURFACE_WITH_KNOTS('',3,1,((#11628,#11629),(#11630,#11631),
(#11632,#11633),(#11634,#11635)),.UNSPECIFIED.,.F.,.F.,.F.,(4,4),(2,2),
(0.,1.),(0.,0.144),.UNSPECIFIED.);
#106=B_SPLINE_SURFACE_WITH_KNOTS('',3,1,((#11637,#11638),(#11639,#11640),
(#11641,#11642),(#11643,#11644)),.UNSPECIFIED.,.F.,.F.,.F.,(4,4),(2,2),
(0.,1.),(0.,0.144000000000001),.UNSPECIFIED.);
#107=B_SPLINE_SURFACE_WITH_KNOTS('',3,1,((#11646,#11647),(#11648,#11649),
(#11650,#11651),(#11652,#11653)),.UNSPECIFIED.,.F.,.F.,.F.,(4,4),(2,2),
(0.,1.),(0.,0.144),.UNSPECIFIED.);
#108=B_SPLINE_SURFACE_WITH_KNOTS('',3,1,((#11655,#11656),(#11657,#11658),
(#11659,#11660),(#11661,#11662)),.UNSPECIFIED.,.F.,.F.,.F.,(4,4),(2,2),
(0.,1.),(0.,0.144000000000003),.UNSPECIFIED.);
#109=B_SPLINE_SURFACE_WITH_KNOTS('',3,1,((#11664,#11665),(#11666,#11667),
(#11668,#11669),(#11670,#11671)),.UNSPECIFIED.,.F.,.F.,.F.,(4,4),(2,2),
(0.,1.),(0.,0.144000000000003),.UNSPECIFIED.);
#110=B_SPLINE_SURFACE_WITH_KNOTS('',3,1,((#11673,#11674),(#11675,#11676),
(#11677,#11678),(#11679,#11680)),.UNSPECIFIED.,.F.,.F.,.F.,(4,4),(2,2),
(0.,1.),(0.,0.144),.UNSPECIFIED.);
#111=B_SPLINE_SURFACE_WITH_KNOTS('',3,1,((#11682,#11683),(#11684,#11685),
(#11686,#11687),(#11688,#11689)),.UNSPECIFIED.,.F.,.F.,.F.,(4,4),(2,2),
(0.,1.),(0.,0.144000000000011),.UNSPECIFIED.);
#112=B_SPLINE_SURFACE_WITH_KNOTS('',3,1,((#11691,#11692),(#11693,#11694),
(#11695,#11696),(#11697,#11698)),.UNSPECIFIED.,.F.,.F.,.F.,(4,4),(2,2),
(0.,1.),(0.,0.143999999999999),.UNSPECIFIED.);
#113=B_SPLINE_SURFACE_WITH_KNOTS('',3,1,((#11700,#11701),(#11702,#11703),
(#11704,#11705),(#11706,#11707)),.UNSPECIFIED.,.F.,.F.,.F.,(4,4),(2,2),
(0.,1.),(0.,0.143999999999999),.UNSPECIFIED.);
#114=B_SPLINE_SURFACE_WITH_KNOTS('',3,1,((#11709,#11710),(#11711,#11712),
(#11713,#11714),(#11715,#11716)),.UNSPECIFIED.,.F.,.F.,.F.,(4,4),(2,2),
(0.,1.),(0.,0.144000000000104),.UNSPECIFIED.);
#115=B_SPLINE_SURFACE_WITH_KNOTS('',3,1,((#11718,#11719),(#11720,#11721),
(#11722,#11723),(#11724,#11725)),.UNSPECIFIED.,.F.,.F.,.F.,(4,4),(2,2),
(0.,1.),(0.,0.144000000000001),.UNSPECIFIED.);
#116=B_SPLINE_SURFACE_WITH_KNOTS('',3,1,((#11727,#11728),(#11729,#11730),
(#11731,#11732),(#11733,#11734)),.UNSPECIFIED.,.F.,.F.,.F.,(4,4),(2,2),
(0.,1.),(0.,0.144),.UNSPECIFIED.);
#117=B_SPLINE_SURFACE_WITH_KNOTS('',3,1,((#11736,#11737),(#11738,#11739),
(#11740,#11741),(#11742,#11743)),.UNSPECIFIED.,.F.,.F.,.F.,(4,4),(2,2),
(0.,1.),(0.,0.144),.UNSPECIFIED.);
#118=B_SPLINE_SURFACE_WITH_KNOTS('',3,1,((#11745,#11746),(#11747,#11748),
(#11749,#11750),(#11751,#11752)),.UNSPECIFIED.,.F.,.F.,.F.,(4,4),(2,2),
(0.,1.),(0.,0.144),.UNSPECIFIED.);
#119=B_SPLINE_SURFACE_WITH_KNOTS('',3,1,((#11754,#11755),(#11756,#11757),
(#11758,#11759),(#11760,#11761)),.UNSPECIFIED.,.F.,.F.,.F.,(4,4),(2,2),
(0.,1.),(0.,0.144000000000008),.UNSPECIFIED.);
#120=B_SPLINE_SURFACE_WITH_KNOTS('',3,1,((#11763,#11764),(#11765,#11766),
(#11767,#11768),(#11769,#11770)),.UNSPECIFIED.,.F.,.F.,.F.,(4,4),(2,2),
(0.,1.),(0.,0.143999999999998),.UNSPECIFIED.);
#121=B_SPLINE_SURFACE_WITH_KNOTS('',3,1,((#11772,#11773),(#11774,#11775),
(#11776,#11777),(#11778,#11779)),.UNSPECIFIED.,.F.,.F.,.F.,(4,4),(2,2),
(0.,1.),(0.,0.143999999999999),.UNSPECIFIED.);
#122=B_SPLINE_SURFACE_WITH_KNOTS('',3,1,((#11781,#11782),(#11783,#11784),
(#11785,#11786),(#11787,#11788)),.UNSPECIFIED.,.F.,.F.,.F.,(4,4),(2,2),
(0.,1.),(0.,0.144000000000019),.UNSPECIFIED.);
#123=B_SPLINE_SURFACE_WITH_KNOTS('',3,1,((#11790,#11791),(#11792,#11793),
(#11794,#11795),(#11796,#11797)),.UNSPECIFIED.,.F.,.F.,.F.,(4,4),(2,2),
(0.,1.),(0.,0.14400000000004),.UNSPECIFIED.);
#124=B_SPLINE_SURFACE_WITH_KNOTS('',3,1,((#11799,#11800),(#11801,#11802),
(#11803,#11804),(#11805,#11806)),.UNSPECIFIED.,.F.,.F.,.F.,(4,4),(2,2),
(0.,1.),(0.,0.144000000000009),.UNSPECIFIED.);
#125=B_SPLINE_SURFACE_WITH_KNOTS('',3,1,((#11808,#11809),(#11810,#11811),
(#11812,#11813),(#11814,#11815)),.UNSPECIFIED.,.F.,.F.,.F.,(4,4),(2,2),
(0.,1.),(0.,0.144000000000108),.UNSPECIFIED.);
#126=B_SPLINE_SURFACE_WITH_KNOTS('',3,1,((#11817,#11818),(#11819,#11820),
(#11821,#11822),(#11823,#11824)),.UNSPECIFIED.,.F.,.F.,.F.,(4,4),(2,2),
(0.,1.),(0.,0.144000000000001),.UNSPECIFIED.);
#127=B_SPLINE_SURFACE_WITH_KNOTS('',3,1,((#11826,#11827),(#11828,#11829),
(#11830,#11831),(#11832,#11833)),.UNSPECIFIED.,.F.,.F.,.F.,(4,4),(2,2),
(0.,1.),(0.,0.144000000000009),.UNSPECIFIED.);
#128=B_SPLINE_SURFACE_WITH_KNOTS('',3,1,((#11835,#11836),(#11837,#11838),
(#11839,#11840),(#11841,#11842)),.UNSPECIFIED.,.F.,.F.,.F.,(4,4),(2,2),
(0.,1.),(0.,0.144000000000303),.UNSPECIFIED.);
#129=B_SPLINE_SURFACE_WITH_KNOTS('',3,1,((#11844,#11845),(#11846,#11847),
(#11848,#11849),(#11850,#11851)),.UNSPECIFIED.,.F.,.F.,.F.,(4,4),(2,2),
(0.0761722067429514,1.),(0.,0.143999999999998),.UNSPECIFIED.);
#130=B_SPLINE_SURFACE_WITH_KNOTS('',3,1,((#11855,#11856),(#11857,#11858),
(#11859,#11860),(#11861,#11862)),.UNSPECIFIED.,.F.,.F.,.F.,(4,4),(2,2),
(0.,1.),(0.,0.144000000000115),.UNSPECIFIED.);
#131=B_SPLINE_SURFACE_WITH_KNOTS('',3,1,((#11864,#11865),(#11866,#11867),
(#11868,#11869),(#11870,#11871)),.UNSPECIFIED.,.F.,.F.,.F.,(4,4),(2,2),
(0.,1.),(0.,0.144000000000183),.UNSPECIFIED.);
#132=B_SPLINE_SURFACE_WITH_KNOTS('',3,1,((#11873,#11874),(#11875,#11876),
(#11877,#11878),(#11879,#11880)),.UNSPECIFIED.,.F.,.F.,.F.,(4,4),(2,2),
(0.,1.),(0.,0.144000000000009),.UNSPECIFIED.);
#133=B_SPLINE_SURFACE_WITH_KNOTS('',3,1,((#11882,#11883),(#11884,#11885),
(#11886,#11887),(#11888,#11889)),.UNSPECIFIED.,.F.,.F.,.F.,(4,4),(2,2),
(0.,1.),(0.,0.143999999999997),.UNSPECIFIED.);
#134=B_SPLINE_SURFACE_WITH_KNOTS('',3,1,((#11891,#11892),(#11893,#11894),
(#11895,#11896),(#11897,#11898)),.UNSPECIFIED.,.F.,.F.,.F.,(4,4),(2,2),
(0.,1.),(0.,0.144000000000276),.UNSPECIFIED.);
#135=B_SPLINE_SURFACE_WITH_KNOTS('',3,1,((#11900,#11901),(#11902,#11903),
(#11904,#11905),(#11906,#11907)),.UNSPECIFIED.,.F.,.F.,.F.,(4,4),(2,2),
(0.,1.),(0.,0.144000000000008),.UNSPECIFIED.);
#136=B_SPLINE_SURFACE_WITH_KNOTS('',3,1,((#11909,#11910),(#11911,#11912),
(#11913,#11914),(#11915,#11916)),.UNSPECIFIED.,.F.,.F.,.F.,(4,4),(2,2),
(0.,1.),(0.,0.144000000000008),.UNSPECIFIED.);
#137=B_SPLINE_SURFACE_WITH_KNOTS('',3,1,((#11918,#11919),(#11920,#11921),
(#11922,#11923),(#11924,#11925)),.UNSPECIFIED.,.F.,.F.,.F.,(4,4),(2,2),
(0.,1.),(0.,0.143999999999999),.UNSPECIFIED.);
#138=B_SPLINE_SURFACE_WITH_KNOTS('',3,1,((#11927,#11928),(#11929,#11930),
(#11931,#11932),(#11933,#11934)),.UNSPECIFIED.,.F.,.F.,.F.,(4,4),(2,2),
(0.,1.),(0.,0.143999999999998),.UNSPECIFIED.);
#139=B_SPLINE_SURFACE_WITH_KNOTS('',3,1,((#11938,#11939),(#11940,#11941),
(#11942,#11943),(#11944,#11945)),.UNSPECIFIED.,.F.,.F.,.F.,(4,4),(2,2),
(0.,0.700565469507057),(0.,0.144000000000476),.UNSPECIFIED.);
#140=B_SPLINE_SURFACE_WITH_KNOTS('',3,1,((#11947,#11948),(#11949,#11950),
(#11951,#11952),(#11953,#11954)),.UNSPECIFIED.,.F.,.F.,.F.,(4,4),(2,2),
(0.,1.),(0.,0.144),.UNSPECIFIED.);
#141=B_SPLINE_SURFACE_WITH_KNOTS('',3,1,((#11960,#11961),(#11962,#11963),
(#11964,#11965),(#11966,#11967)),.UNSPECIFIED.,.F.,.F.,.F.,(4,4),(2,2),
(0.,1.),(0.,0.143999999999999),.UNSPECIFIED.);
#142=B_SPLINE_SURFACE_WITH_KNOTS('',3,1,((#11969,#11970),(#11971,#11972),
(#11973,#11974),(#11975,#11976)),.UNSPECIFIED.,.F.,.F.,.F.,(4,4),(2,2),
(0.,1.),(0.,0.143999999999997),.UNSPECIFIED.);
#143=B_SPLINE_SURFACE_WITH_KNOTS('',3,1,((#11978,#11979),(#11980,#11981),
(#11982,#11983),(#11984,#11985)),.UNSPECIFIED.,.F.,.F.,.F.,(4,4),(2,2),
(0.,1.),(0.,0.144000000000055),.UNSPECIFIED.);
#144=B_SPLINE_SURFACE_WITH_KNOTS('',3,1,((#11987,#11988),(#11989,#11990),
(#11991,#11992),(#11993,#11994)),.UNSPECIFIED.,.F.,.F.,.F.,(4,4),(2,2),
(0.,1.),(0.,0.144000000000001),.UNSPECIFIED.);
#145=B_SPLINE_SURFACE_WITH_KNOTS('',3,1,((#11996,#11997),(#11998,#11999),
(#12000,#12001),(#12002,#12003)),.UNSPECIFIED.,.F.,.F.,.F.,(4,4),(2,2),
(0.,1.),(0.,0.144000000000043),.UNSPECIFIED.);
#146=B_SPLINE_SURFACE_WITH_KNOTS('',3,1,((#12005,#12006),(#12007,#12008),
(#12009,#12010),(#12011,#12012)),.UNSPECIFIED.,.F.,.F.,.F.,(4,4),(2,2),
(0.,1.),(0.,0.144000000000001),.UNSPECIFIED.);
#147=B_SPLINE_SURFACE_WITH_KNOTS('',3,1,((#12014,#12015),(#12016,#12017),
(#12018,#12019),(#12020,#12021)),.UNSPECIFIED.,.F.,.F.,.F.,(4,4),(2,2),
(0.,1.),(0.,0.144000000000007),.UNSPECIFIED.);
#148=B_SPLINE_SURFACE_WITH_KNOTS('',3,1,((#12023,#12024),(#12025,#12026),
(#12027,#12028),(#12029,#12030)),.UNSPECIFIED.,.F.,.F.,.F.,(4,4),(2,2),
(0.,1.),(0.,0.144000000000009),.UNSPECIFIED.);
#149=B_SPLINE_SURFACE_WITH_KNOTS('',3,1,((#12032,#12033),(#12034,#12035),
(#12036,#12037),(#12038,#12039)),.UNSPECIFIED.,.F.,.F.,.F.,(4,4),(2,2),
(0.,1.),(0.,0.144000000000999),.UNSPECIFIED.);
#150=B_SPLINE_SURFACE_WITH_KNOTS('',3,1,((#12041,#12042),(#12043,#12044),
(#12045,#12046),(#12047,#12048)),.UNSPECIFIED.,.F.,.F.,.F.,(4,4),(2,2),
(0.,1.),(0.,0.144000000000202),.UNSPECIFIED.);
#151=B_SPLINE_SURFACE_WITH_KNOTS('',3,1,((#12050,#12051),(#12052,#12053),
(#12054,#12055),(#12056,#12057)),.UNSPECIFIED.,.F.,.F.,.F.,(4,4),(2,2),
(0.,1.),(0.,0.144000000000001),.UNSPECIFIED.);
#152=B_SPLINE_SURFACE_WITH_KNOTS('',3,1,((#12059,#12060),(#12061,#12062),
(#12063,#12064),(#12065,#12066)),.UNSPECIFIED.,.F.,.F.,.F.,(4,4),(2,2),
(0.,1.),(0.,0.144000000000003),.UNSPECIFIED.);
#153=B_SPLINE_SURFACE_WITH_KNOTS('',3,1,((#12072,#12073),(#12074,#12075),
(#12076,#12077),(#12078,#12079)),.UNSPECIFIED.,.F.,.F.,.F.,(4,4),(2,2),
(0.,1.),(0.,0.144000000000022),.UNSPECIFIED.);
#154=B_SPLINE_SURFACE_WITH_KNOTS('',3,1,((#12081,#12082),(#12083,#12084),
(#12085,#12086),(#12087,#12088)),.UNSPECIFIED.,.F.,.F.,.F.,(4,4),(2,2),
(0.,1.),(0.,0.143999999999999),.UNSPECIFIED.);
#155=B_SPLINE_SURFACE_WITH_KNOTS('',3,1,((#12090,#12091),(#12092,#12093),
(#12094,#12095),(#12096,#12097)),.UNSPECIFIED.,.F.,.F.,.F.,(4,4),(2,2),
(0.,1.),(0.,0.143999999999998),.UNSPECIFIED.);
#156=B_SPLINE_SURFACE_WITH_KNOTS('',3,1,((#12099,#12100),(#12101,#12102),
(#12103,#12104),(#12105,#12106)),.UNSPECIFIED.,.F.,.F.,.F.,(4,4),(2,2),
(0.,1.),(0.,0.143999999999999),.UNSPECIFIED.);
#157=B_SPLINE_SURFACE_WITH_KNOTS('',3,1,((#12108,#12109),(#12110,#12111),
(#12112,#12113),(#12114,#12115)),.UNSPECIFIED.,.F.,.F.,.F.,(4,4),(2,2),
(0.,1.),(0.,0.143999999999998),.UNSPECIFIED.);
#158=B_SPLINE_SURFACE_WITH_KNOTS('',3,1,((#12117,#12118),(#12119,#12120),
(#12121,#12122),(#12123,#12124)),.UNSPECIFIED.,.F.,.F.,.F.,(4,4),(2,2),
(0.,1.),(0.,0.144000000000029),.UNSPECIFIED.);
#159=B_SPLINE_SURFACE_WITH_KNOTS('',3,1,((#12126,#12127),(#12128,#12129),
(#12130,#12131),(#12132,#12133)),.UNSPECIFIED.,.F.,.F.,.F.,(4,4),(2,2),
(0.,1.),(0.,0.144000000000055),.UNSPECIFIED.);
#160=B_SPLINE_SURFACE_WITH_KNOTS('',3,1,((#12135,#12136),(#12137,#12138),
(#12139,#12140),(#12141,#12142)),.UNSPECIFIED.,.F.,.F.,.F.,(4,4),(2,2),
(0.0619963390082246,1.),(0.,0.143999999999999),.UNSPECIFIED.);
#161=B_SPLINE_SURFACE_WITH_KNOTS('',3,1,((#12146,#12147),(#12148,#12149),
(#12150,#12151),(#12152,#12153)),.UNSPECIFIED.,.F.,.F.,.F.,(4,4),(2,2),
(0.,1.),(0.,0.144000000000009),.UNSPECIFIED.);
#162=B_SPLINE_SURFACE_WITH_KNOTS('',3,1,((#12155,#12156),(#12157,#12158),
(#12159,#12160),(#12161,#12162)),.UNSPECIFIED.,.F.,.F.,.F.,(4,4),(2,2),
(0.,1.),(0.,0.143999999999999),.UNSPECIFIED.);
#163=B_SPLINE_SURFACE_WITH_KNOTS('',3,1,((#12164,#12165),(#12166,#12167),
(#12168,#12169),(#12170,#12171)),.UNSPECIFIED.,.F.,.F.,.F.,(4,4),(2,2),
(0.,1.),(0.,0.143999999999999),.UNSPECIFIED.);
#164=B_SPLINE_SURFACE_WITH_KNOTS('',3,1,((#12173,#12174),(#12175,#12176),
(#12177,#12178),(#12179,#12180)),.UNSPECIFIED.,.F.,.F.,.F.,(4,4),(2,2),
(0.,1.),(0.,0.144000000000016),.UNSPECIFIED.);
#165=B_SPLINE_SURFACE_WITH_KNOTS('',3,1,((#12182,#12183),(#12184,#12185),
(#12186,#12187),(#12188,#12189)),.UNSPECIFIED.,.F.,.F.,.F.,(4,4),(2,2),
(0.,1.),(0.,0.144000000000186),.UNSPECIFIED.);
#166=B_SPLINE_SURFACE_WITH_KNOTS('',3,1,((#12191,#12192),(#12193,#12194),
(#12195,#12196),(#12197,#12198)),.UNSPECIFIED.,.F.,.F.,.F.,(4,4),(2,2),
(0.,1.),(0.,0.14400000000004),.UNSPECIFIED.);
#167=B_SPLINE_SURFACE_WITH_KNOTS('',3,1,((#12200,#12201),(#12202,#12203),
(#12204,#12205),(#12206,#12207)),.UNSPECIFIED.,.F.,.F.,.F.,(4,4),(2,2),
(0.,1.),(0.,0.143999999999997),.UNSPECIFIED.);
#168=B_SPLINE_SURFACE_WITH_KNOTS('',3,1,((#12209,#12210),(#12211,#12212),
(#12213,#12214),(#12215,#12216)),.UNSPECIFIED.,.F.,.F.,.F.,(4,4),(2,2),
(0.,1.),(0.,0.143999999999999),.UNSPECIFIED.);
#169=B_SPLINE_SURFACE_WITH_KNOTS('',3,1,((#12218,#12219),(#12220,#12221),
(#12222,#12223),(#12224,#12225)),.UNSPECIFIED.,.F.,.F.,.F.,(4,4),(2,2),
(0.628595203323876,1.),(0.,0.143999999999999),.UNSPECIFIED.);
#170=B_SPLINE_SURFACE_WITH_KNOTS('',3,1,((#12229,#12230),(#12231,#12232),
(#12233,#12234),(#12235,#12236)),.UNSPECIFIED.,.F.,.F.,.F.,(4,4),(2,2),
(0.,0.776071150514164),(0.,0.144000000000008),.UNSPECIFIED.);
#171=B_SPLINE_SURFACE_WITH_KNOTS('',3,1,((#12238,#12239),(#12240,#12241),
(#12242,#12243),(#12244,#12245)),.UNSPECIFIED.,.F.,.F.,.F.,(4,4),(2,2),
(0.,1.),(0.,0.144000000000066),.UNSPECIFIED.);
#172=B_SPLINE_SURFACE_WITH_KNOTS('',3,1,((#12247,#12248),(#12249,#12250),
(#12251,#12252),(#12253,#12254)),.UNSPECIFIED.,.F.,.F.,.F.,(4,4),(2,2),
(0.,1.),(0.,0.144000000000047),.UNSPECIFIED.);
#173=B_SPLINE_SURFACE_WITH_KNOTS('',3,1,((#12260,#12261),(#12262,#12263),
(#12264,#12265),(#12266,#12267)),.UNSPECIFIED.,.F.,.F.,.F.,(4,4),(2,2),
(0.,1.),(0.,0.143999999999999),.UNSPECIFIED.);
#174=B_SPLINE_SURFACE_WITH_KNOTS('',3,1,((#12271,#12272),(#12273,#12274),
(#12275,#12276),(#12277,#12278)),.UNSPECIFIED.,.F.,.F.,.F.,(4,4),(2,2),
(0.,1.),(0.,0.144000000000215),.UNSPECIFIED.);
#175=B_SPLINE_SURFACE_WITH_KNOTS('',3,1,((#12284,#12285),(#12286,#12287),
(#12288,#12289),(#12290,#12291)),.UNSPECIFIED.,.F.,.F.,.F.,(4,4),(2,2),
(0.,1.),(0.,0.144),.UNSPECIFIED.);
#176=B_SPLINE_SURFACE_WITH_KNOTS('',3,1,((#12293,#12294),(#12295,#12296),
(#12297,#12298),(#12299,#12300)),.UNSPECIFIED.,.F.,.F.,.F.,(4,4),(2,2),
(0.,1.),(0.,0.143999999999998),.UNSPECIFIED.);
#177=B_SPLINE_SURFACE_WITH_KNOTS('',3,1,((#12306,#12307),(#12308,#12309),
(#12310,#12311),(#12312,#12313)),.UNSPECIFIED.,.F.,.F.,.F.,(4,4),(2,2),
(0.,1.),(0.,0.144000000000001),.UNSPECIFIED.);
#178=B_SPLINE_SURFACE_WITH_KNOTS('',3,1,((#12315,#12316),(#12317,#12318),
(#12319,#12320),(#12321,#12322)),.UNSPECIFIED.,.F.,.F.,.F.,(4,4),(2,2),
(0.,1.),(0.,0.144000000000001),.UNSPECIFIED.);
#179=B_SPLINE_SURFACE_WITH_KNOTS('',3,1,((#12328,#12329),(#12330,#12331),
(#12332,#12333),(#12334,#12335)),.UNSPECIFIED.,.F.,.F.,.F.,(4,4),(2,2),
(0.,0.269587544753969),(0.,0.14400000000001),.UNSPECIFIED.);
#180=B_SPLINE_SURFACE_WITH_KNOTS('',3,1,((#12337,#12338),(#12339,#12340),
(#12341,#12342),(#12343,#12344)),.UNSPECIFIED.,.F.,.F.,.F.,(4,4),(2,2),
(0.,1.),(0.,0.144000000000017),.UNSPECIFIED.);
#181=B_SPLINE_SURFACE_WITH_KNOTS('',3,1,((#12346,#12347),(#12348,#12349),
(#12350,#12351),(#12352,#12353)),.UNSPECIFIED.,.F.,.F.,.F.,(4,4),(2,2),
(0.,1.),(0.,0.144),.UNSPECIFIED.);
#182=B_SPLINE_SURFACE_WITH_KNOTS('',3,1,((#12355,#12356),(#12357,#12358),
(#12359,#12360),(#12361,#12362)),.UNSPECIFIED.,.F.,.F.,.F.,(4,4),(2,2),
(0.,1.),(0.,0.14400000000004),.UNSPECIFIED.);
#183=B_SPLINE_SURFACE_WITH_KNOTS('',3,1,((#12364,#12365),(#12366,#12367),
(#12368,#12369),(#12370,#12371)),.UNSPECIFIED.,.F.,.F.,.F.,(4,4),(2,2),
(0.,1.),(0.,0.144000000000001),.UNSPECIFIED.);
#184=B_SPLINE_SURFACE_WITH_KNOTS('',3,1,((#12373,#12374),(#12375,#12376),
(#12377,#12378),(#12379,#12380)),.UNSPECIFIED.,.F.,.F.,.F.,(4,4),(2,2),
(0.,1.),(0.,0.144000000000011),.UNSPECIFIED.);
#185=B_SPLINE_SURFACE_WITH_KNOTS('',3,1,((#12382,#12383),(#12384,#12385),
(#12386,#12387),(#12388,#12389)),.UNSPECIFIED.,.F.,.F.,.F.,(4,4),(2,2),
(0.,1.),(0.,0.144000000000007),.UNSPECIFIED.);
#186=B_SPLINE_SURFACE_WITH_KNOTS('',3,1,((#12391,#12392),(#12393,#12394),
(#12395,#12396),(#12397,#12398)),.UNSPECIFIED.,.F.,.F.,.F.,(4,4),(2,2),
(0.,1.),(0.,0.144000000000001),.UNSPECIFIED.);
#187=B_SPLINE_SURFACE_WITH_KNOTS('',3,1,((#12400,#12401),(#12402,#12403),
(#12404,#12405),(#12406,#12407)),.UNSPECIFIED.,.F.,.F.,.F.,(4,4),(2,2),
(0.0291276149473559,1.),(0.,0.144000000000001),.UNSPECIFIED.);
#188=B_SPLINE_SURFACE_WITH_KNOTS('',3,1,((#12411,#12412),(#12413,#12414),
(#12415,#12416),(#12417,#12418)),.UNSPECIFIED.,.F.,.F.,.F.,(4,4),(2,2),
(0.,1.),(0.,0.144000000000011),.UNSPECIFIED.);
#189=B_SPLINE_SURFACE_WITH_KNOTS('',3,1,((#12420,#12421),(#12422,#12423),
(#12424,#12425),(#12426,#12427)),.UNSPECIFIED.,.F.,.F.,.F.,(4,4),(2,2),
(0.,1.),(0.,0.144000000000007),.UNSPECIFIED.);
#190=B_SPLINE_SURFACE_WITH_KNOTS('',3,1,((#12429,#12430),(#12431,#12432),
(#12433,#12434),(#12435,#12436)),.UNSPECIFIED.,.F.,.F.,.F.,(4,4),(2,2),
(0.,1.),(0.,0.144000000000002),.UNSPECIFIED.);
#191=B_SPLINE_SURFACE_WITH_KNOTS('',3,1,((#12440,#12441),(#12442,#12443),
(#12444,#12445),(#12446,#12447)),.UNSPECIFIED.,.F.,.F.,.F.,(4,4),(2,2),
(0.,0.410225143073339),(0.,0.144000000000004),.UNSPECIFIED.);
#192=B_SPLINE_SURFACE_WITH_KNOTS('',3,1,((#12449,#12450),(#12451,#12452),
(#12453,#12454),(#12455,#12456)),.UNSPECIFIED.,.F.,.F.,.F.,(4,4),(2,2),
(0.,1.),(0.,0.144000000000001),.UNSPECIFIED.);
#193=B_SPLINE_SURFACE_WITH_KNOTS('',3,1,((#12458,#12459),(#12460,#12461),
(#12462,#12463),(#12464,#12465)),.UNSPECIFIED.,.F.,.F.,.F.,(4,4),(2,2),
(0.,1.),(0.,0.144000000000014),.UNSPECIFIED.);
#194=B_SPLINE_SURFACE_WITH_KNOTS('',3,1,((#12467,#12468),(#12469,#12470),
(#12471,#12472),(#12473,#12474)),.UNSPECIFIED.,.F.,.F.,.F.,(4,4),(2,2),
(0.,1.),(0.,0.14400000000001),.UNSPECIFIED.);
#195=B_SPLINE_SURFACE_WITH_KNOTS('',3,1,((#12476,#12477),(#12478,#12479),
(#12480,#12481),(#12482,#12483)),.UNSPECIFIED.,.F.,.F.,.F.,(4,4),(2,2),
(0.,1.),(0.,0.144000000000011),.UNSPECIFIED.);
#196=B_SPLINE_SURFACE_WITH_KNOTS('',3,1,((#12485,#12486),(#12487,#12488),
(#12489,#12490),(#12491,#12492)),.UNSPECIFIED.,.F.,.F.,.F.,(4,4),(2,2),
(0.,1.),(0.,0.144000000000016),.UNSPECIFIED.);
#197=B_SPLINE_SURFACE_WITH_KNOTS('',3,1,((#12494,#12495),(#12496,#12497),
(#12498,#12499),(#12500,#12501)),.UNSPECIFIED.,.F.,.F.,.F.,(4,4),(2,2),
(0.,1.),(0.,0.144),.UNSPECIFIED.);
#198=B_SPLINE_SURFACE_WITH_KNOTS('',3,1,((#12503,#12504),(#12505,#12506),
(#12507,#12508),(#12509,#12510)),.UNSPECIFIED.,.F.,.F.,.F.,(4,4),(2,2),
(0.,1.),(0.,0.144000000000007),.UNSPECIFIED.);
#199=B_SPLINE_SURFACE_WITH_KNOTS('',3,1,((#12512,#12513),(#12514,#12515),
(#12516,#12517),(#12518,#12519)),.UNSPECIFIED.,.F.,.F.,.F.,(4,4),(2,2),
(0.,1.),(0.,0.143999999999997),.UNSPECIFIED.);
#200=B_SPLINE_SURFACE_WITH_KNOTS('',3,1,((#12521,#12522),(#12523,#12524),
(#12525,#12526),(#12527,#12528)),.UNSPECIFIED.,.F.,.F.,.F.,(4,4),(2,2),
(0.,1.),(0.,0.144000000000415),.UNSPECIFIED.);
#201=B_SPLINE_SURFACE_WITH_KNOTS('',3,1,((#12530,#12531),(#12532,#12533),
(#12534,#12535),(#12536,#12537)),.UNSPECIFIED.,.F.,.F.,.F.,(4,4),(2,2),
(0.,1.),(0.,0.144000000000013),.UNSPECIFIED.);
#202=B_SPLINE_SURFACE_WITH_KNOTS('',3,1,((#12539,#12540),(#12541,#12542),
(#12543,#12544),(#12545,#12546)),.UNSPECIFIED.,.F.,.F.,.F.,(4,4),(2,2),
(0.,1.),(0.,0.144000000000099),.UNSPECIFIED.);
#203=B_SPLINE_SURFACE_WITH_KNOTS('',3,1,((#12548,#12549),(#12550,#12551),
(#12552,#12553),(#12554,#12555)),.UNSPECIFIED.,.F.,.F.,.F.,(4,4),(2,2),
(0.,1.),(0.,0.144),.UNSPECIFIED.);
#204=B_SPLINE_SURFACE_WITH_KNOTS('',3,1,((#12557,#12558),(#12559,#12560),
(#12561,#12562),(#12563,#12564)),.UNSPECIFIED.,.F.,.F.,.F.,(4,4),(2,2),
(0.,1.),(0.,0.144000000000059),.UNSPECIFIED.);
#205=B_SPLINE_SURFACE_WITH_KNOTS('',3,1,((#12566,#12567),(#12568,#12569),
(#12570,#12571),(#12572,#12573)),.UNSPECIFIED.,.F.,.F.,.F.,(4,4),(2,2),
(0.,1.),(0.,0.144),.UNSPECIFIED.);
#206=B_SPLINE_SURFACE_WITH_KNOTS('',3,1,((#12575,#12576),(#12577,#12578),
(#12579,#12580),(#12581,#12582)),.UNSPECIFIED.,.F.,.F.,.F.,(4,4),(2,2),
(0.,1.),(0.,0.144000000000102),.UNSPECIFIED.);
#207=B_SPLINE_SURFACE_WITH_KNOTS('',3,1,((#12584,#12585),(#12586,#12587),
(#12588,#12589),(#12590,#12591)),.UNSPECIFIED.,.F.,.F.,.F.,(4,4),(2,2),
(0.,1.),(0.,0.144000000000001),.UNSPECIFIED.);
#208=B_SPLINE_SURFACE_WITH_KNOTS('',3,1,((#12593,#12594),(#12595,#12596),
(#12597,#12598),(#12599,#12600)),.UNSPECIFIED.,.F.,.F.,.F.,(4,4),(2,2),
(0.203527711692545,1.),(0.,0.144000000000001),.UNSPECIFIED.);
#209=B_SPLINE_SURFACE_WITH_KNOTS('',3,1,((#12604,#12605),(#12606,#12607),
(#12608,#12609),(#12610,#12611)),.UNSPECIFIED.,.F.,.F.,.F.,(4,4),(2,2),
(0.,1.),(0.,0.144000000000008),.UNSPECIFIED.);
#210=B_SPLINE_SURFACE_WITH_KNOTS('',3,1,((#12613,#12614),(#12615,#12616),
(#12617,#12618),(#12619,#12620)),.UNSPECIFIED.,.F.,.F.,.F.,(4,4),(2,2),
(0.,1.),(0.,0.144000000000011),.UNSPECIFIED.);
#211=B_SPLINE_SURFACE_WITH_KNOTS('',3,1,((#12622,#12623),(#12624,#12625),
(#12626,#12627),(#12628,#12629)),.UNSPECIFIED.,.F.,.F.,.F.,(4,4),(2,2),
(0.,1.),(0.,0.144000000000001),.UNSPECIFIED.);
#212=B_SPLINE_SURFACE_WITH_KNOTS('',3,1,((#12633,#12634),(#12635,#12636),
(#12637,#12638),(#12639,#12640)),.UNSPECIFIED.,.F.,.F.,.F.,(4,4),(2,2),
(0.,0.969444829145588),(0.,0.144000000000012),.UNSPECIFIED.);
#213=B_SPLINE_SURFACE_WITH_KNOTS('',3,1,((#12642,#12643),(#12644,#12645),
(#12646,#12647),(#12648,#12649)),.UNSPECIFIED.,.F.,.F.,.F.,(4,4),(2,2),
(0.,1.),(0.,0.144000000000005),.UNSPECIFIED.);
#214=B_SPLINE_SURFACE_WITH_KNOTS('',3,1,((#12651,#12652),(#12653,#12654),
(#12655,#12656),(#12657,#12658)),.UNSPECIFIED.,.F.,.F.,.F.,(4,4),(2,2),
(0.,1.),(0.,0.144000000000001),.UNSPECIFIED.);
#215=B_SPLINE_SURFACE_WITH_KNOTS('',3,1,((#12660,#12661),(#12662,#12663),
(#12664,#12665),(#12666,#12667)),.UNSPECIFIED.,.F.,.F.,.F.,(4,4),(2,2),
(0.,1.),(0.,0.144000000000001),.UNSPECIFIED.);
#216=B_SPLINE_SURFACE_WITH_KNOTS('',3,1,((#12669,#12670),(#12671,#12672),
(#12673,#12674),(#12675,#12676)),.UNSPECIFIED.,.F.,.F.,.F.,(4,4),(2,2),
(0.,1.),(0.,0.144000000000001),.UNSPECIFIED.);
#217=B_SPLINE_SURFACE_WITH_KNOTS('',3,1,((#12678,#12679),(#12680,#12681),
(#12682,#12683),(#12684,#12685)),.UNSPECIFIED.,.F.,.F.,.F.,(4,4),(2,2),
(0.,1.),(0.,0.14400000000001),.UNSPECIFIED.);
#218=B_SPLINE_SURFACE_WITH_KNOTS('',3,1,((#12687,#12688),(#12689,#12690),
(#12691,#12692),(#12693,#12694)),.UNSPECIFIED.,.F.,.F.,.F.,(4,4),(2,2),
(0.,1.),(0.,0.144000000000004),.UNSPECIFIED.);
#219=B_SPLINE_SURFACE_WITH_KNOTS('',3,1,((#12696,#12697),(#12698,#12699),
(#12700,#12701),(#12702,#12703)),.UNSPECIFIED.,.F.,.F.,.F.,(4,4),(2,2),
(0.,1.),(0.,0.143999999999997),.UNSPECIFIED.);
#220=B_SPLINE_SURFACE_WITH_KNOTS('',3,1,((#12705,#12706),(#12707,#12708),
(#12709,#12710),(#12711,#12712)),.UNSPECIFIED.,.F.,.F.,.F.,(4,4),(2,2),
(0.,1.),(0.,0.144000000000001),.UNSPECIFIED.);
#221=B_SPLINE_SURFACE_WITH_KNOTS('',3,1,((#12714,#12715),(#12716,#12717),
(#12718,#12719),(#12720,#12721)),.UNSPECIFIED.,.F.,.F.,.F.,(4,4),(2,2),
(0.534713199896842,1.),(0.,0.144000000000003),.UNSPECIFIED.);
#222=B_SPLINE_SURFACE_WITH_KNOTS('',3,1,((#12727,#12728),(#12729,#12730),
(#12731,#12732),(#12733,#12734)),.UNSPECIFIED.,.F.,.F.,.F.,(4,4),(2,2),
(0.,1.),(0.,0.144000000000027),.UNSPECIFIED.);
#223=B_SPLINE_SURFACE_WITH_KNOTS('',3,1,((#12736,#12737),(#12738,#12739),
(#12740,#12741),(#12742,#12743)),.UNSPECIFIED.,.F.,.F.,.F.,(4,4),(2,2),
(0.,1.),(0.,0.144000000000002),.UNSPECIFIED.);
#224=B_SPLINE_SURFACE_WITH_KNOTS('',3,1,((#12745,#12746),(#12747,#12748),
(#12749,#12750),(#12751,#12752)),.UNSPECIFIED.,.F.,.F.,.F.,(4,4),(2,2),
(0.,1.),(0.,0.144000000000015),.UNSPECIFIED.);
#225=B_SPLINE_SURFACE_WITH_KNOTS('',3,1,((#12754,#12755),(#12756,#12757),
(#12758,#12759),(#12760,#12761)),.UNSPECIFIED.,.F.,.F.,.F.,(4,4),(2,2),
(0.,1.),(0.,0.144000000000022),.UNSPECIFIED.);
#226=B_SPLINE_SURFACE_WITH_KNOTS('',3,1,((#12767,#12768),(#12769,#12770),
(#12771,#12772),(#12773,#12774)),.UNSPECIFIED.,.F.,.F.,.F.,(4,4),(2,2),
(0.,1.),(0.,0.143999999999998),.UNSPECIFIED.);
#227=B_SPLINE_SURFACE_WITH_KNOTS('',3,1,((#12776,#12777),(#12778,#12779),
(#12780,#12781),(#12782,#12783)),.UNSPECIFIED.,.F.,.F.,.F.,(4,4),(2,2),
(0.,1.),(0.,0.143999999999998),.UNSPECIFIED.);
#228=B_SPLINE_SURFACE_WITH_KNOTS('',3,1,((#12787,#12788),(#12789,#12790),
(#12791,#12792),(#12793,#12794)),.UNSPECIFIED.,.F.,.F.,.F.,(4,4),(2,2),
(0.,1.),(0.,0.144000000000252),.UNSPECIFIED.);
#229=B_SPLINE_SURFACE_WITH_KNOTS('',3,1,((#12796,#12797),(#12798,#12799),
(#12800,#12801),(#12802,#12803)),.UNSPECIFIED.,.F.,.F.,.F.,(4,4),(2,2),
(0.,1.),(0.,0.144000000000155),.UNSPECIFIED.);
#230=B_SPLINE_SURFACE_WITH_KNOTS('',3,1,((#12805,#12806),(#12807,#12808),
(#12809,#12810),(#12811,#12812),(#12813,#12814),(#12815,#12816),(#12817,
#12818)),.UNSPECIFIED.,.F.,.F.,.F.,(4,3,4),(2,2),(-17.5991021094636,0.,
1.),(-0.0240000000000001,0.144000000000075),.UNSPECIFIED.);
#231=ELLIPSE('',#6626,17.737262756632,0.854912167452973);
#232=ELLIPSE('',#6627,2.16539809427959,0.380828836413999);
#233=ELLIPSE('',#6628,98.4103520487969,35.1052721569188);
#234=ELLIPSE('',#6629,599.86808069945,107.13019411438);
#235=ELLIPSE('',#6630,141.508292105866,64.2360203356018);
#236=ELLIPSE('',#6700,80.7426725542663,26.1916540213225);
#237=ELLIPSE('',#6771,43.6770244072956,37.7479466387786);
#238=CYLINDRICAL_SURFACE('',#6580,1.55);
#239=CYLINDRICAL_SURFACE('',#6585,1.55);
#240=CYLINDRICAL_SURFACE('',#6590,1.55000000000001);
#241=CYLINDRICAL_SURFACE('',#6595,1.55000000000001);
#242=CYLINDRICAL_SURFACE('',#6600,1.55000000000001);
#243=CYLINDRICAL_SURFACE('',#6605,1.55000000000001);
#244=CYLINDRICAL_SURFACE('',#6610,1.54999999999999);
#245=CYLINDRICAL_SURFACE('',#6615,1.55);
#246=CYLINDRICAL_SURFACE('',#6644,0.2);
#247=CYLINDRICAL_SURFACE('',#6649,0.2);
#248=CYLINDRICAL_SURFACE('',#6654,0.2);
#249=CYLINDRICAL_SURFACE('',#6659,0.2);
#250=CYLINDRICAL_SURFACE('',#6665,0.2);
#251=CYLINDRICAL_SURFACE('',#6672,0.2);
#252=CYLINDRICAL_SURFACE('',#6674,0.2);
#253=CYLINDRICAL_SURFACE('',#6684,0.2);
#254=CYLINDRICAL_SURFACE('',#6690,0.2);
#255=CYLINDRICAL_SURFACE('',#6695,0.2);
#256=CYLINDRICAL_SURFACE('',#6708,0.500000000000025);
#257=CYLINDRICAL_SURFACE('',#6710,0.500000000000025);
#258=CYLINDRICAL_SURFACE('',#6712,0.500000000000025);
#259=CYLINDRICAL_SURFACE('',#6714,0.500000000000025);
#260=CYLINDRICAL_SURFACE('',#6716,3.00000000000001);
#261=CYLINDRICAL_SURFACE('',#6718,3.00000000000004);
#262=CYLINDRICAL_SURFACE('',#6720,0.500000000000007);
#263=CYLINDRICAL_SURFACE('',#6722,0.499999999999972);
#264=CYLINDRICAL_SURFACE('',#6725,3.00000000000001);
#265=CYLINDRICAL_SURFACE('',#6727,2.99999999999999);
#266=CYLINDRICAL_SURFACE('',#6730,0.499999999999998);
#267=CYLINDRICAL_SURFACE('',#6732,0.500000000000012);
#268=CYLINDRICAL_SURFACE('',#6753,3.99999999999999);
#269=CYLINDRICAL_SURFACE('',#6755,3.99999999999999);
#270=CYLINDRICAL_SURFACE('',#6760,3.00000000000005);
#271=CYLINDRICAL_SURFACE('',#6762,3.);
#272=CYLINDRICAL_SURFACE('',#6763,3.99999999999999);
#273=CYLINDRICAL_SURFACE('',#6765,3.99999999999999);
#274=CYLINDRICAL_SURFACE('',#6772,0.5);
#275=FACE_BOUND('',#2084,.T.);
#276=FACE_BOUND('',#2085,.T.);
#277=FACE_BOUND('',#2086,.T.);
#278=FACE_BOUND('',#2087,.T.);
#279=FACE_BOUND('',#2088,.T.);
#280=FACE_BOUND('',#2089,.T.);
#281=FACE_BOUND('',#2090,.T.);
#282=FACE_BOUND('',#2091,.T.);
#283=FACE_BOUND('',#2092,.T.);
#284=FACE_BOUND('',#2093,.T.);
#285=FACE_BOUND('',#2118,.T.);
#286=FACE_BOUND('',#2119,.T.);
#287=FACE_BOUND('',#2120,.T.);
#288=FACE_BOUND('',#2121,.T.);
#289=FACE_BOUND('',#2122,.T.);
#290=FACE_BOUND('',#2276,.T.);
#291=FACE_BOUND('',#2277,.T.);
#292=FACE_BOUND('',#2278,.T.);
#293=FACE_BOUND('',#2279,.T.);
#294=FACE_BOUND('',#2280,.T.);
#295=FACE_BOUND('',#2281,.T.);
#296=B_SPLINE_CURVE_WITH_KNOTS('',3,(#7793,#7794,#7795,#7796,#7797,#7798,
#7799,#7800,#7801,#7802),.UNSPECIFIED.,.F.,.F.,(4,2,2,2,4),(-0.48383833010755,
-0.375555239504469,-0.265340784111945,-0.135695711157486,0.),
 .UNSPECIFIED.);
#297=B_SPLINE_CURVE_WITH_KNOTS('',3,(#7806,#7807,#7808,#7809,#7810,#7811,
#7812,#7813,#7814,#7815,#7816,#7817),.UNSPECIFIED.,.F.,.F.,(4,2,2,2,2,4),
(-0.486613575766652,-0.416321837195014,-0.346352639953232,-0.225581734416441,
-0.111313073440235,0.),.UNSPECIFIED.);
#298=B_SPLINE_CURVE_WITH_KNOTS('',3,(#7970,#7971,#7972,#7973,#7974,#7975,
#7976,#7977,#7978,#7979,#7980,#7981),.UNSPECIFIED.,.F.,.F.,(4,2,2,2,2,4),
(9.67006030599547E-10,0.122658777669471,0.240650409589292,0.383834824589745,
0.49717278634754,0.610348249193239),.UNSPECIFIED.);
#299=B_SPLINE_CURVE_WITH_KNOTS('',3,(#7985,#7986,#7987,#7988,#7989,#7990,
#7991,#7992,#7993,#7994,#7995,#7996),.UNSPECIFIED.,.F.,.F.,(4,2,2,2,2,4),
(0.,0.0614169116511112,0.122989902148876,0.203791144021299,0.269407244266207,
0.335772193919851),.UNSPECIFIED.);
#300=B_SPLINE_CURVE_WITH_KNOTS('',3,(#7997,#7998,#7999,#8000,#8001,#8002,
#8003,#8004,#8005,#8006,#8007,#8008,#8009,#8010,#8011,#8012,#8013,#8014),
 .UNSPECIFIED.,.F.,.F.,(4,2,2,2,2,2,2,2,4),(0.000153330289991149,5.64787588665085,
5.88150473221415,6.04505896386075,6.73529893003736,7.11548016507098,7.43033155711539,
7.6332089290783,7.64689868540246),.UNSPECIFIED.);
#301=B_SPLINE_CURVE_WITH_KNOTS('',3,(#8017,#8018,#8019,#8020,#8021,#8022,
#8023),.UNSPECIFIED.,.F.,.F.,(4,3,4),(-0.58754736528532,-0.321129126775813,
0.),.UNSPECIFIED.);
#302=B_SPLINE_CURVE_WITH_KNOTS('',3,(#8025,#8026,#8027,#8028),
 .UNSPECIFIED.,.F.,.F.,(4,4),(0.,1.),.UNSPECIFIED.);
#303=B_SPLINE_CURVE_WITH_KNOTS('',3,(#8030,#8031,#8032,#8033),
 .UNSPECIFIED.,.F.,.F.,(4,4),(0.,0.844927047012538),.UNSPECIFIED.);
#304=B_SPLINE_CURVE_WITH_KNOTS('',3,(#8037,#8038,#8039,#8040),
 .UNSPECIFIED.,.F.,.F.,(4,4),(0.314720909184162,1.),.UNSPECIFIED.);
#305=B_SPLINE_CURVE_WITH_KNOTS('',3,(#8042,#8043,#8044,#8045),
 .UNSPECIFIED.,.F.,.F.,(4,4),(0.,1.),.UNSPECIFIED.);
#306=B_SPLINE_CURVE_WITH_KNOTS('',3,(#8051,#8052,#8053,#8054),
 .UNSPECIFIED.,.F.,.F.,(4,4),(0.,1.),.UNSPECIFIED.);
#307=B_SPLINE_CURVE_WITH_KNOTS('',3,(#8056,#8057,#8058,#8059),
 .UNSPECIFIED.,.F.,.F.,(4,4),(0.,1.),.UNSPECIFIED.);
#308=B_SPLINE_CURVE_WITH_KNOTS('',3,(#8061,#8062,#8063,#8064),
 .UNSPECIFIED.,.F.,.F.,(4,4),(0.,1.),.UNSPECIFIED.);
#309=B_SPLINE_CURVE_WITH_KNOTS('',3,(#8066,#8067,#8068,#8069),
 .UNSPECIFIED.,.F.,.F.,(4,4),(0.,1.),.UNSPECIFIED.);
#310=B_SPLINE_CURVE_WITH_KNOTS('',3,(#8075,#8076,#8077,#8078),
 .UNSPECIFIED.,.F.,.F.,(4,4),(0.715679297107019,1.),.UNSPECIFIED.);
#311=B_SPLINE_CURVE_WITH_KNOTS('',3,(#8080,#8081,#8082,#8083),
 .UNSPECIFIED.,.F.,.F.,(4,4),(0.,1.),.UNSPECIFIED.);
#312=B_SPLINE_CURVE_WITH_KNOTS('',3,(#8085,#8086,#8087,#8088),
 .UNSPECIFIED.,.F.,.F.,(4,4),(0.,1.),.UNSPECIFIED.);
#313=B_SPLINE_CURVE_WITH_KNOTS('',3,(#8090,#8091,#8092,#8093),
 .UNSPECIFIED.,.F.,.F.,(4,4),(0.,1.),.UNSPECIFIED.);
#314=B_SPLINE_CURVE_WITH_KNOTS('',3,(#8095,#8096,#8097,#8098),
 .UNSPECIFIED.,.F.,.F.,(4,4),(0.,1.),.UNSPECIFIED.);
#315=B_SPLINE_CURVE_WITH_KNOTS('',3,(#8100,#8101,#8102,#8103),
 .UNSPECIFIED.,.F.,.F.,(4,4),(0.,1.),.UNSPECIFIED.);
#316=B_SPLINE_CURVE_WITH_KNOTS('',3,(#8105,#8106,#8107,#8108),
 .UNSPECIFIED.,.F.,.F.,(4,4),(0.,1.),.UNSPECIFIED.);
#317=B_SPLINE_CURVE_WITH_KNOTS('',3,(#8110,#8111,#8112,#8113),
 .UNSPECIFIED.,.F.,.F.,(4,4),(0.,1.),.UNSPECIFIED.);
#318=B_SPLINE_CURVE_WITH_KNOTS('',3,(#8115,#8116,#8117,#8118),
 .UNSPECIFIED.,.F.,.F.,(4,4),(0.,1.),.UNSPECIFIED.);
#319=B_SPLINE_CURVE_WITH_KNOTS('',3,(#8120,#8121,#8122,#8123),
 .UNSPECIFIED.,.F.,.F.,(4,4),(0.,0.791301867912308),.UNSPECIFIED.);
#320=B_SPLINE_CURVE_WITH_KNOTS('',3,(#8127,#8128,#8129,#8130),
 .UNSPECIFIED.,.F.,.F.,(4,4),(0.137042702737932,1.),.UNSPECIFIED.);
#321=B_SPLINE_CURVE_WITH_KNOTS('',3,(#8132,#8133,#8134,#8135),
 .UNSPECIFIED.,.F.,.F.,(4,4),(0.,1.),.UNSPECIFIED.);
#322=B_SPLINE_CURVE_WITH_KNOTS('',3,(#8137,#8138,#8139,#8140),
 .UNSPECIFIED.,.F.,.F.,(4,4),(0.,0.606913055690938),.UNSPECIFIED.);
#323=B_SPLINE_CURVE_WITH_KNOTS('',3,(#8144,#8145,#8146,#8147),
 .UNSPECIFIED.,.F.,.F.,(4,4),(-0.227239859152056,0.),.UNSPECIFIED.);
#324=B_SPLINE_CURVE_WITH_KNOTS('',3,(#8149,#8150,#8151,#8152),
 .UNSPECIFIED.,.F.,.F.,(4,4),(0.,1.),.UNSPECIFIED.);
#325=B_SPLINE_CURVE_WITH_KNOTS('',3,(#8154,#8155,#8156,#8157),
 .UNSPECIFIED.,.F.,.F.,(4,4),(0.,1.),.UNSPECIFIED.);
#326=B_SPLINE_CURVE_WITH_KNOTS('',3,(#8159,#8160,#8161,#8162),
 .UNSPECIFIED.,.F.,.F.,(4,4),(0.,1.),.UNSPECIFIED.);
#327=B_SPLINE_CURVE_WITH_KNOTS('',3,(#8164,#8165,#8166,#8167),
 .UNSPECIFIED.,.F.,.F.,(4,4),(0.,1.),.UNSPECIFIED.);
#328=B_SPLINE_CURVE_WITH_KNOTS('',3,(#8169,#8170,#8171,#8172),
 .UNSPECIFIED.,.F.,.F.,(4,4),(0.,1.),.UNSPECIFIED.);
#329=B_SPLINE_CURVE_WITH_KNOTS('',3,(#8174,#8175,#8176,#8177),
 .UNSPECIFIED.,.F.,.F.,(4,4),(0.,1.),.UNSPECIFIED.);
#330=B_SPLINE_CURVE_WITH_KNOTS('',3,(#8179,#8180,#8181,#8182),
 .UNSPECIFIED.,.F.,.F.,(4,4),(0.,1.),.UNSPECIFIED.);
#331=B_SPLINE_CURVE_WITH_KNOTS('',3,(#8184,#8185,#8186,#8187),
 .UNSPECIFIED.,.F.,.F.,(4,4),(0.,1.),.UNSPECIFIED.);
#332=B_SPLINE_CURVE_WITH_KNOTS('',3,(#8189,#8190,#8191,#8192),
 .UNSPECIFIED.,.F.,.F.,(4,4),(0.,1.),.UNSPECIFIED.);
#333=B_SPLINE_CURVE_WITH_KNOTS('',3,(#8194,#8195,#8196,#8197),
 .UNSPECIFIED.,.F.,.F.,(4,4),(0.,1.),.UNSPECIFIED.);
#334=B_SPLINE_CURVE_WITH_KNOTS('',3,(#8199,#8200,#8201,#8202),
 .UNSPECIFIED.,.F.,.F.,(4,4),(0.,1.),.UNSPECIFIED.);
#335=B_SPLINE_CURVE_WITH_KNOTS('',3,(#8204,#8205,#8206,#8207),
 .UNSPECIFIED.,.F.,.F.,(4,4),(0.,1.),.UNSPECIFIED.);
#336=B_SPLINE_CURVE_WITH_KNOTS('',3,(#8209,#8210,#8211,#8212),
 .UNSPECIFIED.,.F.,.F.,(4,4),(0.,1.),.UNSPECIFIED.);
#337=B_SPLINE_CURVE_WITH_KNOTS('',3,(#8214,#8215,#8216,#8217),
 .UNSPECIFIED.,.F.,.F.,(4,4),(0.,1.),.UNSPECIFIED.);
#338=B_SPLINE_CURVE_WITH_KNOTS('',3,(#8219,#8220,#8221,#8222),
 .UNSPECIFIED.,.F.,.F.,(4,4),(0.,1.),.UNSPECIFIED.);
#339=B_SPLINE_CURVE_WITH_KNOTS('',3,(#8224,#8225,#8226,#8227),
 .UNSPECIFIED.,.F.,.F.,(4,4),(0.,1.),.UNSPECIFIED.);
#340=B_SPLINE_CURVE_WITH_KNOTS('',3,(#8235,#8236,#8237,#8238),
 .UNSPECIFIED.,.F.,.F.,(4,4),(0.,1.),.UNSPECIFIED.);
#341=B_SPLINE_CURVE_WITH_KNOTS('',3,(#8240,#8241,#8242,#8243),
 .UNSPECIFIED.,.F.,.F.,(4,4),(0.,0.919580277131274),.UNSPECIFIED.);
#342=B_SPLINE_CURVE_WITH_KNOTS('',3,(#8247,#8248,#8249,#8250),
 .UNSPECIFIED.,.F.,.F.,(4,4),(0.196082217140018,1.),.UNSPECIFIED.);
#343=B_SPLINE_CURVE_WITH_KNOTS('',3,(#8252,#8253,#8254,#8255),
 .UNSPECIFIED.,.F.,.F.,(4,4),(0.,1.),.UNSPECIFIED.);
#344=B_SPLINE_CURVE_WITH_KNOTS('',3,(#8257,#8258,#8259,#8260),
 .UNSPECIFIED.,.F.,.F.,(4,4),(0.,1.),.UNSPECIFIED.);
#345=B_SPLINE_CURVE_WITH_KNOTS('',3,(#8262,#8263,#8264,#8265),
 .UNSPECIFIED.,.F.,.F.,(4,4),(0.,1.),.UNSPECIFIED.);
#346=B_SPLINE_CURVE_WITH_KNOTS('',3,(#8267,#8268,#8269,#8270),
 .UNSPECIFIED.,.F.,.F.,(4,4),(0.,1.),.UNSPECIFIED.);
#347=B_SPLINE_CURVE_WITH_KNOTS('',3,(#8272,#8273,#8274,#8275),
 .UNSPECIFIED.,.F.,.F.,(4,4),(0.,1.),.UNSPECIFIED.);
#348=B_SPLINE_CURVE_WITH_KNOTS('',3,(#8277,#8278,#8279,#8280),
 .UNSPECIFIED.,.F.,.F.,(4,4),(0.,1.),.UNSPECIFIED.);
#349=B_SPLINE_CURVE_WITH_KNOTS('',3,(#8282,#8283,#8284,#8285),
 .UNSPECIFIED.,.F.,.F.,(4,4),(0.,1.),.UNSPECIFIED.);
#350=B_SPLINE_CURVE_WITH_KNOTS('',3,(#8293,#8294,#8295,#8296),
 .UNSPECIFIED.,.F.,.F.,(4,4),(0.,1.),.UNSPECIFIED.);
#351=B_SPLINE_CURVE_WITH_KNOTS('',3,(#8298,#8299,#8300,#8301),
 .UNSPECIFIED.,.F.,.F.,(4,4),(0.,1.),.UNSPECIFIED.);
#352=B_SPLINE_CURVE_WITH_KNOTS('',3,(#8307,#8308,#8309,#8310),
 .UNSPECIFIED.,.F.,.F.,(4,4),(0.,1.),.UNSPECIFIED.);
#353=B_SPLINE_CURVE_WITH_KNOTS('',3,(#8312,#8313,#8314,#8315),
 .UNSPECIFIED.,.F.,.F.,(4,4),(0.,1.),.UNSPECIFIED.);
#354=B_SPLINE_CURVE_WITH_KNOTS('',3,(#8321,#8322,#8323,#8324),
 .UNSPECIFIED.,.F.,.F.,(4,4),(0.,0.963464103361747),.UNSPECIFIED.);
#355=B_SPLINE_CURVE_WITH_KNOTS('',3,(#8328,#8329,#8330,#8331),
 .UNSPECIFIED.,.F.,.F.,(4,4),(0.0110362003300323,1.),.UNSPECIFIED.);
#356=B_SPLINE_CURVE_WITH_KNOTS('',3,(#8337,#8338,#8339,#8340),
 .UNSPECIFIED.,.F.,.F.,(4,4),(0.,1.),.UNSPECIFIED.);
#357=B_SPLINE_CURVE_WITH_KNOTS('',3,(#8342,#8343,#8344,#8345),
 .UNSPECIFIED.,.F.,.F.,(4,4),(0.,1.),.UNSPECIFIED.);
#358=B_SPLINE_CURVE_WITH_KNOTS('',3,(#8353,#8354,#8355,#8356),
 .UNSPECIFIED.,.F.,.F.,(4,4),(0.,1.),.UNSPECIFIED.);
#359=B_SPLINE_CURVE_WITH_KNOTS('',3,(#8358,#8359,#8360,#8361),
 .UNSPECIFIED.,.F.,.F.,(4,4),(0.,1.),.UNSPECIFIED.);
#360=B_SPLINE_CURVE_WITH_KNOTS('',3,(#8363,#8364,#8365,#8366),
 .UNSPECIFIED.,.F.,.F.,(4,4),(0.,1.),.UNSPECIFIED.);
#361=B_SPLINE_CURVE_WITH_KNOTS('',3,(#8368,#8369,#8370,#8371),
 .UNSPECIFIED.,.F.,.F.,(4,4),(0.,1.),.UNSPECIFIED.);
#362=B_SPLINE_CURVE_WITH_KNOTS('',3,(#8373,#8374,#8375,#8376),
 .UNSPECIFIED.,.F.,.F.,(4,4),(0.,1.),.UNSPECIFIED.);
#363=B_SPLINE_CURVE_WITH_KNOTS('',3,(#8378,#8379,#8380,#8381),
 .UNSPECIFIED.,.F.,.F.,(4,4),(0.,1.),.UNSPECIFIED.);
#364=B_SPLINE_CURVE_WITH_KNOTS('',3,(#8383,#8384,#8385,#8386),
 .UNSPECIFIED.,.F.,.F.,(4,4),(0.,1.),.UNSPECIFIED.);
#365=B_SPLINE_CURVE_WITH_KNOTS('',3,(#8388,#8389,#8390,#8391),
 .UNSPECIFIED.,.F.,.F.,(4,4),(0.,0.851589208602671),.UNSPECIFIED.);
#366=B_SPLINE_CURVE_WITH_KNOTS('',3,(#8395,#8396,#8397,#8398),
 .UNSPECIFIED.,.F.,.F.,(4,4),(0.22807652271567,1.),.UNSPECIFIED.);
#367=B_SPLINE_CURVE_WITH_KNOTS('',3,(#8400,#8401,#8402,#8403),
 .UNSPECIFIED.,.F.,.F.,(4,4),(0.,1.),.UNSPECIFIED.);
#368=B_SPLINE_CURVE_WITH_KNOTS('',3,(#8405,#8406,#8407,#8408),
 .UNSPECIFIED.,.F.,.F.,(4,4),(0.,1.),.UNSPECIFIED.);
#369=B_SPLINE_CURVE_WITH_KNOTS('',3,(#8410,#8411,#8412,#8413),
 .UNSPECIFIED.,.F.,.F.,(4,4),(0.,1.),.UNSPECIFIED.);
#370=B_SPLINE_CURVE_WITH_KNOTS('',3,(#8415,#8416,#8417,#8418),
 .UNSPECIFIED.,.F.,.F.,(4,4),(0.,1.),.UNSPECIFIED.);
#371=B_SPLINE_CURVE_WITH_KNOTS('',3,(#8420,#8421,#8422,#8423),
 .UNSPECIFIED.,.F.,.F.,(4,4),(0.,1.),.UNSPECIFIED.);
#372=B_SPLINE_CURVE_WITH_KNOTS('',3,(#8425,#8426,#8427,#8428),
 .UNSPECIFIED.,.F.,.F.,(4,4),(0.,1.),.UNSPECIFIED.);
#373=B_SPLINE_CURVE_WITH_KNOTS('',3,(#8430,#8431,#8432,#8433),
 .UNSPECIFIED.,.F.,.F.,(4,4),(0.,1.),.UNSPECIFIED.);
#374=B_SPLINE_CURVE_WITH_KNOTS('',3,(#8439,#8440,#8441,#8442),
 .UNSPECIFIED.,.F.,.F.,(4,4),(0.,1.),.UNSPECIFIED.);
#375=B_SPLINE_CURVE_WITH_KNOTS('',3,(#8444,#8445,#8446,#8447),
 .UNSPECIFIED.,.F.,.F.,(4,4),(0.,1.),.UNSPECIFIED.);
#376=B_SPLINE_CURVE_WITH_KNOTS('',3,(#8449,#8450,#8451,#8452),
 .UNSPECIFIED.,.F.,.F.,(4,4),(0.,1.),.UNSPECIFIED.);
#377=B_SPLINE_CURVE_WITH_KNOTS('',3,(#8454,#8455,#8456,#8457),
 .UNSPECIFIED.,.F.,.F.,(4,4),(0.,1.),.UNSPECIFIED.);
#378=B_SPLINE_CURVE_WITH_KNOTS('',3,(#8459,#8460,#8461,#8462),
 .UNSPECIFIED.,.F.,.F.,(4,4),(0.,1.),.UNSPECIFIED.);
#379=B_SPLINE_CURVE_WITH_KNOTS('',3,(#8464,#8465,#8466,#8467),
 .UNSPECIFIED.,.F.,.F.,(4,4),(0.,1.),.UNSPECIFIED.);
#380=B_SPLINE_CURVE_WITH_KNOTS('',3,(#8469,#8470,#8471,#8472),
 .UNSPECIFIED.,.F.,.F.,(4,4),(0.,1.),.UNSPECIFIED.);
#381=B_SPLINE_CURVE_WITH_KNOTS('',3,(#8474,#8475,#8476,#8477),
 .UNSPECIFIED.,.F.,.F.,(4,4),(0.,1.),.UNSPECIFIED.);
#382=B_SPLINE_CURVE_WITH_KNOTS('',3,(#8479,#8480,#8481,#8482),
 .UNSPECIFIED.,.F.,.F.,(4,4),(0.,1.),.UNSPECIFIED.);
#383=B_SPLINE_CURVE_WITH_KNOTS('',3,(#8484,#8485,#8486,#8487),
 .UNSPECIFIED.,.F.,.F.,(4,4),(0.,1.),.UNSPECIFIED.);
#384=B_SPLINE_CURVE_WITH_KNOTS('',3,(#8489,#8490,#8491,#8492),
 .UNSPECIFIED.,.F.,.F.,(4,4),(0.,1.),.UNSPECIFIED.);
#385=B_SPLINE_CURVE_WITH_KNOTS('',3,(#8494,#8495,#8496,#8497),
 .UNSPECIFIED.,.F.,.F.,(4,4),(0.,1.),.UNSPECIFIED.);
#386=B_SPLINE_CURVE_WITH_KNOTS('',3,(#8503,#8504,#8505,#8506),
 .UNSPECIFIED.,.F.,.F.,(4,4),(0.,1.),.UNSPECIFIED.);
#387=B_SPLINE_CURVE_WITH_KNOTS('',3,(#8508,#8509,#8510,#8511),
 .UNSPECIFIED.,.F.,.F.,(4,4),(-2.59138497266069,-9.9999595803979E-7),
 .UNSPECIFIED.);
#388=B_SPLINE_CURVE_WITH_KNOTS('',3,(#8515,#8516,#8517,#8518),
 .UNSPECIFIED.,.F.,.F.,(4,4),(0.30724014180863,1.),.UNSPECIFIED.);
#389=B_SPLINE_CURVE_WITH_KNOTS('',3,(#8520,#8521,#8522,#8523),
 .UNSPECIFIED.,.F.,.F.,(4,4),(0.,1.),.UNSPECIFIED.);
#390=B_SPLINE_CURVE_WITH_KNOTS('',3,(#8525,#8526,#8527,#8528),
 .UNSPECIFIED.,.F.,.F.,(4,4),(0.,1.),.UNSPECIFIED.);
#391=B_SPLINE_CURVE_WITH_KNOTS('',3,(#8530,#8531,#8532,#8533),
 .UNSPECIFIED.,.F.,.F.,(4,4),(0.,1.),.UNSPECIFIED.);
#392=B_SPLINE_CURVE_WITH_KNOTS('',3,(#8535,#8536,#8537,#8538),
 .UNSPECIFIED.,.F.,.F.,(4,4),(0.,1.),.UNSPECIFIED.);
#393=B_SPLINE_CURVE_WITH_KNOTS('',3,(#8540,#8541,#8542,#8543),
 .UNSPECIFIED.,.F.,.F.,(4,4),(0.,1.),.UNSPECIFIED.);
#394=B_SPLINE_CURVE_WITH_KNOTS('',3,(#8545,#8546,#8547,#8548),
 .UNSPECIFIED.,.F.,.F.,(4,4),(0.,1.),.UNSPECIFIED.);
#395=B_SPLINE_CURVE_WITH_KNOTS('',3,(#8550,#8551,#8552,#8553),
 .UNSPECIFIED.,.F.,.F.,(4,4),(0.,1.),.UNSPECIFIED.);
#396=B_SPLINE_CURVE_WITH_KNOTS('',3,(#8555,#8556,#8557,#8558),
 .UNSPECIFIED.,.F.,.F.,(4,4),(-0.552724881747855,-9.99999283490816E-7),
 .UNSPECIFIED.);
#397=B_SPLINE_CURVE_WITH_KNOTS('',3,(#8562,#8563,#8564,#8565),
 .UNSPECIFIED.,.F.,.F.,(4,4),(0.187663103100999,1.),.UNSPECIFIED.);
#398=B_SPLINE_CURVE_WITH_KNOTS('',3,(#8567,#8568,#8569,#8570),
 .UNSPECIFIED.,.F.,.F.,(4,4),(0.,1.),.UNSPECIFIED.);
#399=B_SPLINE_CURVE_WITH_KNOTS('',3,(#8572,#8573,#8574,#8575),
 .UNSPECIFIED.,.F.,.F.,(4,4),(0.,1.),.UNSPECIFIED.);
#400=B_SPLINE_CURVE_WITH_KNOTS('',3,(#8577,#8578,#8579,#8580),
 .UNSPECIFIED.,.F.,.F.,(4,4),(0.,1.),.UNSPECIFIED.);
#401=B_SPLINE_CURVE_WITH_KNOTS('',3,(#8582,#8583,#8584,#8585),
 .UNSPECIFIED.,.F.,.F.,(4,4),(0.,1.),.UNSPECIFIED.);
#402=B_SPLINE_CURVE_WITH_KNOTS('',3,(#8587,#8588,#8589,#8590),
 .UNSPECIFIED.,.F.,.F.,(4,4),(0.,1.),.UNSPECIFIED.);
#403=B_SPLINE_CURVE_WITH_KNOTS('',3,(#8592,#8593,#8594,#8595),
 .UNSPECIFIED.,.F.,.F.,(4,4),(0.,1.),.UNSPECIFIED.);
#404=B_SPLINE_CURVE_WITH_KNOTS('',3,(#8597,#8598,#8599,#8600),
 .UNSPECIFIED.,.F.,.F.,(4,4),(0.,1.),.UNSPECIFIED.);
#405=B_SPLINE_CURVE_WITH_KNOTS('',3,(#8602,#8603,#8604,#8605),
 .UNSPECIFIED.,.F.,.F.,(4,4),(0.,1.),.UNSPECIFIED.);
#406=B_SPLINE_CURVE_WITH_KNOTS('',3,(#8607,#8608,#8609,#8610),
 .UNSPECIFIED.,.F.,.F.,(4,4),(0.,1.),.UNSPECIFIED.);
#407=B_SPLINE_CURVE_WITH_KNOTS('',3,(#8612,#8613,#8614,#8615),
 .UNSPECIFIED.,.F.,.F.,(4,4),(0.,1.),.UNSPECIFIED.);
#408=B_SPLINE_CURVE_WITH_KNOTS('',3,(#8617,#8618,#8619,#8620),
 .UNSPECIFIED.,.F.,.F.,(4,4),(0.,1.),.UNSPECIFIED.);
#409=B_SPLINE_CURVE_WITH_KNOTS('',3,(#8622,#8623,#8624,#8625),
 .UNSPECIFIED.,.F.,.F.,(4,4),(0.,1.),.UNSPECIFIED.);
#410=B_SPLINE_CURVE_WITH_KNOTS('',3,(#8627,#8628,#8629,#8630),
 .UNSPECIFIED.,.F.,.F.,(4,4),(-1.30075083302648,0.),.UNSPECIFIED.);
#411=B_SPLINE_CURVE_WITH_KNOTS('',3,(#8632,#8633,#8634,#8635),
 .UNSPECIFIED.,.F.,.F.,(4,4),(0.,1.),.UNSPECIFIED.);
#412=B_SPLINE_CURVE_WITH_KNOTS('',3,(#8637,#8638,#8639,#8640),
 .UNSPECIFIED.,.F.,.F.,(4,4),(0.,1.),.UNSPECIFIED.);
#413=B_SPLINE_CURVE_WITH_KNOTS('',3,(#8642,#8643,#8644,#8645),
 .UNSPECIFIED.,.F.,.F.,(4,4),(0.,1.),.UNSPECIFIED.);
#414=B_SPLINE_CURVE_WITH_KNOTS('',3,(#8647,#8648,#8649,#8650),
 .UNSPECIFIED.,.F.,.F.,(4,4),(0.,1.),.UNSPECIFIED.);
#415=B_SPLINE_CURVE_WITH_KNOTS('',3,(#8652,#8653,#8654,#8655),
 .UNSPECIFIED.,.F.,.F.,(4,4),(0.,1.),.UNSPECIFIED.);
#416=B_SPLINE_CURVE_WITH_KNOTS('',3,(#8657,#8658,#8659,#8660),
 .UNSPECIFIED.,.F.,.F.,(4,4),(0.,1.),.UNSPECIFIED.);
#417=B_SPLINE_CURVE_WITH_KNOTS('',3,(#8662,#8663,#8664,#8665),
 .UNSPECIFIED.,.F.,.F.,(4,4),(0.,1.),.UNSPECIFIED.);
#418=B_SPLINE_CURVE_WITH_KNOTS('',3,(#8667,#8668,#8669,#8670),
 .UNSPECIFIED.,.F.,.F.,(4,4),(0.,1.),.UNSPECIFIED.);
#419=B_SPLINE_CURVE_WITH_KNOTS('',3,(#8672,#8673,#8674,#8675),
 .UNSPECIFIED.,.F.,.F.,(4,4),(0.,1.),.UNSPECIFIED.);
#420=B_SPLINE_CURVE_WITH_KNOTS('',3,(#8677,#8678,#8679,#8680),
 .UNSPECIFIED.,.F.,.F.,(4,4),(0.,1.),.UNSPECIFIED.);
#421=B_SPLINE_CURVE_WITH_KNOTS('',3,(#8682,#8683,#8684,#8685),
 .UNSPECIFIED.,.F.,.F.,(4,4),(0.,1.),.UNSPECIFIED.);
#422=B_SPLINE_CURVE_WITH_KNOTS('',3,(#8687,#8688,#8689,#8690),
 .UNSPECIFIED.,.F.,.F.,(4,4),(0.,1.),.UNSPECIFIED.);
#423=B_SPLINE_CURVE_WITH_KNOTS('',3,(#8692,#8693,#8694,#8695),
 .UNSPECIFIED.,.F.,.F.,(4,4),(0.,1.),.UNSPECIFIED.);
#424=B_SPLINE_CURVE_WITH_KNOTS('',3,(#8697,#8698,#8699,#8700),
 .UNSPECIFIED.,.F.,.F.,(4,4),(0.,1.),.UNSPECIFIED.);
#425=B_SPLINE_CURVE_WITH_KNOTS('',3,(#8702,#8703,#8704,#8705),
 .UNSPECIFIED.,.F.,.F.,(4,4),(0.,1.),.UNSPECIFIED.);
#426=B_SPLINE_CURVE_WITH_KNOTS('',3,(#8707,#8708,#8709,#8710),
 .UNSPECIFIED.,.F.,.F.,(4,4),(-0.270427725403431,-9.99999713868771E-7),
 .UNSPECIFIED.);
#427=B_SPLINE_CURVE_WITH_KNOTS('',3,(#8718,#8719,#8720,#8721),
 .UNSPECIFIED.,.F.,.F.,(4,4),(0.,1.),.UNSPECIFIED.);
#428=B_SPLINE_CURVE_WITH_KNOTS('',3,(#8723,#8724,#8725,#8726),
 .UNSPECIFIED.,.F.,.F.,(4,4),(0.,1.),.UNSPECIFIED.);
#429=B_SPLINE_CURVE_WITH_KNOTS('',3,(#8732,#8733,#8734,#8735),
 .UNSPECIFIED.,.F.,.F.,(4,4),(0.,1.),.UNSPECIFIED.);
#430=B_SPLINE_CURVE_WITH_KNOTS('',3,(#8737,#8738,#8739,#8740),
 .UNSPECIFIED.,.F.,.F.,(4,4),(0.,0.730676909007589),.UNSPECIFIED.);
#431=B_SPLINE_CURVE_WITH_KNOTS('',3,(#8744,#8745,#8746,#8747),
 .UNSPECIFIED.,.F.,.F.,(4,4),(0.77558865389979,1.),.UNSPECIFIED.);
#432=B_SPLINE_CURVE_WITH_KNOTS('',3,(#8749,#8750,#8751,#8752),
 .UNSPECIFIED.,.F.,.F.,(4,4),(0.,1.),.UNSPECIFIED.);
#433=B_SPLINE_CURVE_WITH_KNOTS('',3,(#8757,#8758,#8759,#8760,#8761,#8762,
#8763),.UNSPECIFIED.,.F.,.F.,(4,3,4),(-0.681888079994158,-0.48126306713146,
-0.356429725794615),.UNSPECIFIED.);
#434=B_SPLINE_CURVE_WITH_KNOTS('',3,(#8911,#8912,#8913,#8914),
 .UNSPECIFIED.,.F.,.F.,(4,4),(0.,1.),.UNSPECIFIED.);
#435=B_SPLINE_CURVE_WITH_KNOTS('',3,(#8916,#8917,#8918,#8919),
 .UNSPECIFIED.,.F.,.F.,(4,4),(0.,1.),.UNSPECIFIED.);
#436=B_SPLINE_CURVE_WITH_KNOTS('',3,(#8921,#8922,#8923,#8924),
 .UNSPECIFIED.,.F.,.F.,(4,4),(0.,1.),.UNSPECIFIED.);
#437=B_SPLINE_CURVE_WITH_KNOTS('',3,(#8926,#8927,#8928,#8929),
 .UNSPECIFIED.,.F.,.F.,(4,4),(0.,1.),.UNSPECIFIED.);
#438=B_SPLINE_CURVE_WITH_KNOTS('',3,(#8931,#8932,#8933,#8934),
 .UNSPECIFIED.,.F.,.F.,(4,4),(0.,1.),.UNSPECIFIED.);
#439=B_SPLINE_CURVE_WITH_KNOTS('',3,(#8936,#8937,#8938,#8939),
 .UNSPECIFIED.,.F.,.F.,(4,4),(0.,1.),.UNSPECIFIED.);
#440=B_SPLINE_CURVE_WITH_KNOTS('',3,(#8941,#8942,#8943,#8944),
 .UNSPECIFIED.,.F.,.F.,(4,4),(0.,1.),.UNSPECIFIED.);
#441=B_SPLINE_CURVE_WITH_KNOTS('',3,(#8946,#8947,#8948,#8949),
 .UNSPECIFIED.,.F.,.F.,(4,4),(0.,1.),.UNSPECIFIED.);
#442=B_SPLINE_CURVE_WITH_KNOTS('',3,(#8951,#8952,#8953,#8954),
 .UNSPECIFIED.,.F.,.F.,(4,4),(0.,1.),.UNSPECIFIED.);
#443=B_SPLINE_CURVE_WITH_KNOTS('',3,(#8956,#8957,#8958,#8959),
 .UNSPECIFIED.,.F.,.F.,(4,4),(0.,1.),.UNSPECIFIED.);
#444=B_SPLINE_CURVE_WITH_KNOTS('',3,(#8960,#8961,#8962,#8963),
 .UNSPECIFIED.,.F.,.F.,(4,4),(0.,1.),.UNSPECIFIED.);
#445=B_SPLINE_CURVE_WITH_KNOTS('',3,(#8969,#8970,#8971,#8972),
 .UNSPECIFIED.,.F.,.F.,(4,4),(0.,1.),.UNSPECIFIED.);
#446=B_SPLINE_CURVE_WITH_KNOTS('',3,(#8974,#8975,#8976,#8977),
 .UNSPECIFIED.,.F.,.F.,(4,4),(0.,1.),.UNSPECIFIED.);
#447=B_SPLINE_CURVE_WITH_KNOTS('',3,(#8979,#8980,#8981,#8982),
 .UNSPECIFIED.,.F.,.F.,(4,4),(0.,1.),.UNSPECIFIED.);
#448=B_SPLINE_CURVE_WITH_KNOTS('',3,(#8984,#8985,#8986,#8987),
 .UNSPECIFIED.,.F.,.F.,(4,4),(0.,1.),.UNSPECIFIED.);
#449=B_SPLINE_CURVE_WITH_KNOTS('',3,(#8989,#8990,#8991,#8992),
 .UNSPECIFIED.,.F.,.F.,(4,4),(0.,1.),.UNSPECIFIED.);
#450=B_SPLINE_CURVE_WITH_KNOTS('',3,(#8994,#8995,#8996,#8997),
 .UNSPECIFIED.,.F.,.F.,(4,4),(0.,1.),.UNSPECIFIED.);
#451=B_SPLINE_CURVE_WITH_KNOTS('',3,(#8999,#9000,#9001,#9002),
 .UNSPECIFIED.,.F.,.F.,(4,4),(0.,1.),.UNSPECIFIED.);
#452=B_SPLINE_CURVE_WITH_KNOTS('',3,(#9010,#9011,#9012,#9013),
 .UNSPECIFIED.,.F.,.F.,(4,4),(0.,1.),.UNSPECIFIED.);
#453=B_SPLINE_CURVE_WITH_KNOTS('',3,(#9015,#9016,#9017,#9018),
 .UNSPECIFIED.,.F.,.F.,(4,4),(0.,1.),.UNSPECIFIED.);
#454=B_SPLINE_CURVE_WITH_KNOTS('',3,(#9020,#9021,#9022,#9023),
 .UNSPECIFIED.,.F.,.F.,(4,4),(0.,1.),.UNSPECIFIED.);
#455=B_SPLINE_CURVE_WITH_KNOTS('',3,(#9025,#9026,#9027,#9028),
 .UNSPECIFIED.,.F.,.F.,(4,4),(0.,1.),.UNSPECIFIED.);
#456=B_SPLINE_CURVE_WITH_KNOTS('',3,(#9030,#9031,#9032,#9033),
 .UNSPECIFIED.,.F.,.F.,(4,4),(0.,1.),.UNSPECIFIED.);
#457=B_SPLINE_CURVE_WITH_KNOTS('',3,(#9035,#9036,#9037,#9038),
 .UNSPECIFIED.,.F.,.F.,(4,4),(0.,1.),.UNSPECIFIED.);
#458=B_SPLINE_CURVE_WITH_KNOTS('',3,(#9047,#9048,#9049,#9050),
 .UNSPECIFIED.,.F.,.F.,(4,4),(0.,1.),.UNSPECIFIED.);
#459=B_SPLINE_CURVE_WITH_KNOTS('',3,(#9052,#9053,#9054,#9055),
 .UNSPECIFIED.,.F.,.F.,(4,4),(0.,1.),.UNSPECIFIED.);
#460=B_SPLINE_CURVE_WITH_KNOTS('',3,(#9057,#9058,#9059,#9060),
 .UNSPECIFIED.,.F.,.F.,(4,4),(0.,1.),.UNSPECIFIED.);
#461=B_SPLINE_CURVE_WITH_KNOTS('',3,(#9062,#9063,#9064,#9065),
 .UNSPECIFIED.,.F.,.F.,(4,4),(0.,1.),.UNSPECIFIED.);
#462=B_SPLINE_CURVE_WITH_KNOTS('',3,(#9067,#9068,#9069,#9070),
 .UNSPECIFIED.,.F.,.F.,(4,4),(0.,1.),.UNSPECIFIED.);
#463=B_SPLINE_CURVE_WITH_KNOTS('',3,(#9072,#9073,#9074,#9075),
 .UNSPECIFIED.,.F.,.F.,(4,4),(0.,1.),.UNSPECIFIED.);
#464=B_SPLINE_CURVE_WITH_KNOTS('',3,(#9077,#9078,#9079,#9080),
 .UNSPECIFIED.,.F.,.F.,(4,4),(0.,1.),.UNSPECIFIED.);
#465=B_SPLINE_CURVE_WITH_KNOTS('',3,(#9082,#9083,#9084,#9085),
 .UNSPECIFIED.,.F.,.F.,(4,4),(-2.92099808717836,0.),.UNSPECIFIED.);
#466=B_SPLINE_CURVE_WITH_KNOTS('',3,(#9087,#9088,#9089,#9090),
 .UNSPECIFIED.,.F.,.F.,(4,4),(0.,1.),.UNSPECIFIED.);
#467=B_SPLINE_CURVE_WITH_KNOTS('',3,(#9092,#9093,#9094,#9095),
 .UNSPECIFIED.,.F.,.F.,(4,4),(0.,1.),.UNSPECIFIED.);
#468=B_SPLINE_CURVE_WITH_KNOTS('',3,(#9100,#9101,#9102,#9103),
 .UNSPECIFIED.,.F.,.F.,(4,4),(0.,1.),.UNSPECIFIED.);
#469=B_SPLINE_CURVE_WITH_KNOTS('',3,(#9105,#9106,#9107,#9108),
 .UNSPECIFIED.,.F.,.F.,(4,4),(0.,1.),.UNSPECIFIED.);
#470=B_SPLINE_CURVE_WITH_KNOTS('',3,(#9110,#9111,#9112,#9113),
 .UNSPECIFIED.,.F.,.F.,(4,4),(0.,1.),.UNSPECIFIED.);
#471=B_SPLINE_CURVE_WITH_KNOTS('',3,(#9119,#9120,#9121,#9122),
 .UNSPECIFIED.,.F.,.F.,(4,4),(0.,1.),.UNSPECIFIED.);
#472=B_SPLINE_CURVE_WITH_KNOTS('',3,(#9124,#9125,#9126,#9127),
 .UNSPECIFIED.,.F.,.F.,(4,4),(0.,1.),.UNSPECIFIED.);
#473=B_SPLINE_CURVE_WITH_KNOTS('',3,(#9129,#9130,#9131,#9132),
 .UNSPECIFIED.,.F.,.F.,(4,4),(0.,1.),.UNSPECIFIED.);
#474=B_SPLINE_CURVE_WITH_KNOTS('',3,(#9134,#9135,#9136,#9137),
 .UNSPECIFIED.,.F.,.F.,(4,4),(0.,1.),.UNSPECIFIED.);
#475=B_SPLINE_CURVE_WITH_KNOTS('',3,(#9143,#9144,#9145,#9146),
 .UNSPECIFIED.,.F.,.F.,(4,4),(0.,1.),.UNSPECIFIED.);
#476=B_SPLINE_CURVE_WITH_KNOTS('',3,(#9152,#9153,#9154,#9155),
 .UNSPECIFIED.,.F.,.F.,(4,4),(0.,1.),.UNSPECIFIED.);
#477=B_SPLINE_CURVE_WITH_KNOTS('',3,(#9157,#9158,#9159,#9160),
 .UNSPECIFIED.,.F.,.F.,(4,4),(0.,1.),.UNSPECIFIED.);
#478=B_SPLINE_CURVE_WITH_KNOTS('',3,(#9162,#9163,#9164,#9165),
 .UNSPECIFIED.,.F.,.F.,(4,4),(0.,1.),.UNSPECIFIED.);
#479=B_SPLINE_CURVE_WITH_KNOTS('',3,(#9167,#9168,#9169,#9170),
 .UNSPECIFIED.,.F.,.F.,(4,4),(0.,1.),.UNSPECIFIED.);
#480=B_SPLINE_CURVE_WITH_KNOTS('',3,(#9171,#9172,#9173,#9174),
 .UNSPECIFIED.,.F.,.F.,(4,4),(0.,1.),.UNSPECIFIED.);
#481=B_SPLINE_CURVE_WITH_KNOTS('',3,(#9180,#9181,#9182,#9183),
 .UNSPECIFIED.,.F.,.F.,(4,4),(0.,1.),.UNSPECIFIED.);
#482=B_SPLINE_CURVE_WITH_KNOTS('',3,(#9185,#9186,#9187,#9188),
 .UNSPECIFIED.,.F.,.F.,(4,4),(0.,1.),.UNSPECIFIED.);
#483=B_SPLINE_CURVE_WITH_KNOTS('',3,(#9190,#9191,#9192,#9193),
 .UNSPECIFIED.,.F.,.F.,(4,4),(0.,1.),.UNSPECIFIED.);
#484=B_SPLINE_CURVE_WITH_KNOTS('',3,(#9195,#9196,#9197,#9198),
 .UNSPECIFIED.,.F.,.F.,(4,4),(0.,1.),.UNSPECIFIED.);
#485=B_SPLINE_CURVE_WITH_KNOTS('',3,(#9200,#9201,#9202,#9203),
 .UNSPECIFIED.,.F.,.F.,(4,4),(0.,1.),.UNSPECIFIED.);
#486=B_SPLINE_CURVE_WITH_KNOTS('',3,(#9205,#9206,#9207,#9208),
 .UNSPECIFIED.,.F.,.F.,(4,4),(0.,1.),.UNSPECIFIED.);
#487=B_SPLINE_CURVE_WITH_KNOTS('',3,(#9210,#9211,#9212,#9213),
 .UNSPECIFIED.,.F.,.F.,(4,4),(0.,1.),.UNSPECIFIED.);
#488=B_SPLINE_CURVE_WITH_KNOTS('',3,(#9215,#9216,#9217,#9218),
 .UNSPECIFIED.,.F.,.F.,(4,4),(0.,1.),.UNSPECIFIED.);
#489=B_SPLINE_CURVE_WITH_KNOTS('',3,(#9223,#9224,#9225,#9226),
 .UNSPECIFIED.,.F.,.F.,(4,4),(0.,1.),.UNSPECIFIED.);
#490=B_SPLINE_CURVE_WITH_KNOTS('',3,(#9228,#9229,#9230,#9231),
 .UNSPECIFIED.,.F.,.F.,(4,4),(0.,1.),.UNSPECIFIED.);
#491=B_SPLINE_CURVE_WITH_KNOTS('',3,(#9233,#9234,#9235,#9236),
 .UNSPECIFIED.,.F.,.F.,(4,4),(0.,1.),.UNSPECIFIED.);
#492=B_SPLINE_CURVE_WITH_KNOTS('',3,(#9238,#9239,#9240,#9241),
 .UNSPECIFIED.,.F.,.F.,(4,4),(0.,1.),.UNSPECIFIED.);
#493=B_SPLINE_CURVE_WITH_KNOTS('',3,(#9243,#9244,#9245,#9246),
 .UNSPECIFIED.,.F.,.F.,(4,4),(0.,1.),.UNSPECIFIED.);
#494=B_SPLINE_CURVE_WITH_KNOTS('',3,(#9248,#9249,#9250,#9251),
 .UNSPECIFIED.,.F.,.F.,(4,4),(0.,1.),.UNSPECIFIED.);
#495=B_SPLINE_CURVE_WITH_KNOTS('',3,(#9253,#9254,#9255,#9256),
 .UNSPECIFIED.,.F.,.F.,(4,4),(0.,1.),.UNSPECIFIED.);
#496=B_SPLINE_CURVE_WITH_KNOTS('',3,(#9258,#9259,#9260,#9261),
 .UNSPECIFIED.,.F.,.F.,(4,4),(0.,1.),.UNSPECIFIED.);
#497=B_SPLINE_CURVE_WITH_KNOTS('',3,(#9263,#9264,#9265,#9266),
 .UNSPECIFIED.,.F.,.F.,(4,4),(0.,1.),.UNSPECIFIED.);
#498=B_SPLINE_CURVE_WITH_KNOTS('',3,(#9268,#9269,#9270,#9271),
 .UNSPECIFIED.,.F.,.F.,(4,4),(0.,1.),.UNSPECIFIED.);
#499=B_SPLINE_CURVE_WITH_KNOTS('',3,(#9272,#9273,#9274,#9275),
 .UNSPECIFIED.,.F.,.F.,(4,4),(0.,1.),.UNSPECIFIED.);
#500=B_SPLINE_CURVE_WITH_KNOTS('',3,(#9352,#9353,#9354,#9355),
 .UNSPECIFIED.,.F.,.F.,(4,4),(-0.778605520833467,0.),.UNSPECIFIED.);
#501=B_SPLINE_CURVE_WITH_KNOTS('',3,(#9367,#9368,#9369,#9370),
 .UNSPECIFIED.,.F.,.F.,(4,4),(-2.23334394403334,0.),.UNSPECIFIED.);
#502=B_SPLINE_CURVE_WITH_KNOTS('',3,(#9381,#9382,#9383,#9384),
 .UNSPECIFIED.,.F.,.F.,(4,4),(-2.43834510415596,0.),.UNSPECIFIED.);
#503=B_SPLINE_CURVE_WITH_KNOTS('',3,(#9395,#9396,#9397,#9398),
 .UNSPECIFIED.,.F.,.F.,(4,4),(-2.79148386488665,0.),.UNSPECIFIED.);
#504=B_SPLINE_CURVE_WITH_KNOTS('',3,(#9409,#9410,#9411,#9412),
 .UNSPECIFIED.,.F.,.F.,(4,4),(-0.766038381531938,0.),.UNSPECIFIED.);
#505=B_SPLINE_CURVE_WITH_KNOTS('',3,(#9423,#9424,#9425,#9426),
 .UNSPECIFIED.,.F.,.F.,(4,4),(-0.230831014368123,0.),.UNSPECIFIED.);
#506=B_SPLINE_CURVE_WITH_KNOTS('',3,(#9437,#9438,#9439,#9440),
 .UNSPECIFIED.,.F.,.F.,(4,4),(-0.375182178930461,0.),.UNSPECIFIED.);
#507=B_SPLINE_CURVE_WITH_KNOTS('',3,(#9451,#9452,#9453,#9454),
 .UNSPECIFIED.,.F.,.F.,(4,4),(-3.01533446362242,0.),.UNSPECIFIED.);
#508=B_SPLINE_CURVE_WITH_KNOTS('',3,(#9465,#9466,#9467,#9468),
 .UNSPECIFIED.,.F.,.F.,(4,4),(-3.38762633944718,0.),.UNSPECIFIED.);
#509=B_SPLINE_CURVE_WITH_KNOTS('',3,(#9479,#9480,#9481,#9482),
 .UNSPECIFIED.,.F.,.F.,(4,4),(-0.554883840544386,0.),.UNSPECIFIED.);
#510=B_SPLINE_CURVE_WITH_KNOTS('',3,(#9492,#9493,#9494,#9495),
 .UNSPECIFIED.,.F.,.F.,(4,4),(-0.635891215210476,0.),.UNSPECIFIED.);
#511=B_SPLINE_CURVE_WITH_KNOTS('',3,(#9506,#9507,#9508,#9509),
 .UNSPECIFIED.,.F.,.F.,(4,4),(-0.565447556936418,0.),.UNSPECIFIED.);
#512=B_SPLINE_CURVE_WITH_KNOTS('',3,(#9521,#9522,#9523,#9524),
 .UNSPECIFIED.,.F.,.F.,(4,4),(-0.912647074248711,0.),.UNSPECIFIED.);
#513=B_SPLINE_CURVE_WITH_KNOTS('',3,(#9535,#9536,#9537,#9538),
 .UNSPECIFIED.,.F.,.F.,(4,4),(-2.32834658467977,0.),.UNSPECIFIED.);
#514=B_SPLINE_CURVE_WITH_KNOTS('',3,(#9549,#9550,#9551,#9552),
 .UNSPECIFIED.,.F.,.F.,(4,4),(-2.71784080259436,0.),.UNSPECIFIED.);
#515=B_SPLINE_CURVE_WITH_KNOTS('',3,(#9563,#9564,#9565,#9566),
 .UNSPECIFIED.,.F.,.F.,(4,4),(-4.49081254140228,0.),.UNSPECIFIED.);
#516=B_SPLINE_CURVE_WITH_KNOTS('',3,(#9577,#9578,#9579,#9580),
 .UNSPECIFIED.,.F.,.F.,(4,4),(-0.714866683434976,0.),.UNSPECIFIED.);
#517=B_SPLINE_CURVE_WITH_KNOTS('',3,(#9603,#9604,#9605,#9606),
 .UNSPECIFIED.,.F.,.F.,(4,4),(-2.83633154287191,0.),.UNSPECIFIED.);
#518=B_SPLINE_CURVE_WITH_KNOTS('',3,(#9617,#9618,#9619,#9620),
 .UNSPECIFIED.,.F.,.F.,(4,4),(-1.71688830890826,0.),.UNSPECIFIED.);
#519=B_SPLINE_CURVE_WITH_KNOTS('',3,(#9631,#9632,#9633,#9634),
 .UNSPECIFIED.,.F.,.F.,(4,4),(-3.04380427530878,0.),.UNSPECIFIED.);
#520=B_SPLINE_CURVE_WITH_KNOTS('',3,(#9645,#9646,#9647,#9648),
 .UNSPECIFIED.,.F.,.F.,(4,4),(-0.977346931254908,0.),.UNSPECIFIED.);
#521=B_SPLINE_CURVE_WITH_KNOTS('',3,(#9659,#9660,#9661,#9662),
 .UNSPECIFIED.,.F.,.F.,(4,4),(-0.843373884435202,0.),.UNSPECIFIED.);
#522=B_SPLINE_CURVE_WITH_KNOTS('',3,(#9673,#9674,#9675,#9676),
 .UNSPECIFIED.,.F.,.F.,(4,4),(-0.737222960144346,0.),.UNSPECIFIED.);
#523=B_SPLINE_CURVE_WITH_KNOTS('',3,(#9702,#9703,#9704,#9705),
 .UNSPECIFIED.,.F.,.F.,(4,4),(-0.493789931372799,0.),.UNSPECIFIED.);
#524=B_SPLINE_CURVE_WITH_KNOTS('',3,(#9716,#9717,#9718,#9719),
 .UNSPECIFIED.,.F.,.F.,(4,4),(-3.11033832858858,0.),.UNSPECIFIED.);
#525=B_SPLINE_CURVE_WITH_KNOTS('',3,(#9731,#9732,#9733,#9734),
 .UNSPECIFIED.,.F.,.F.,(4,4),(-1.4059396441802,0.),.UNSPECIFIED.);
#526=B_SPLINE_CURVE_WITH_KNOTS('',3,(#9745,#9746,#9747,#9748),
 .UNSPECIFIED.,.F.,.F.,(4,4),(-2.63940427085663,0.),.UNSPECIFIED.);
#527=B_SPLINE_CURVE_WITH_KNOTS('',3,(#9759,#9760,#9761,#9762),
 .UNSPECIFIED.,.F.,.F.,(4,4),(-0.542334572445928,0.),.UNSPECIFIED.);
#528=B_SPLINE_CURVE_WITH_KNOTS('',3,(#9773,#9774,#9775,#9776),
 .UNSPECIFIED.,.F.,.F.,(4,4),(-1.09401429279975,0.),.UNSPECIFIED.);
#529=B_SPLINE_CURVE_WITH_KNOTS('',3,(#9787,#9788,#9789,#9790),
 .UNSPECIFIED.,.F.,.F.,(4,4),(-2.92099715788651,0.),.UNSPECIFIED.);
#530=B_SPLINE_CURVE_WITH_KNOTS('',3,(#9801,#9802,#9803,#9804),
 .UNSPECIFIED.,.F.,.F.,(4,4),(-2.39644762260263,0.),.UNSPECIFIED.);
#531=B_SPLINE_CURVE_WITH_KNOTS('',3,(#9815,#9816,#9817,#9818),
 .UNSPECIFIED.,.F.,.F.,(4,4),(-2.01077566967228,0.),.UNSPECIFIED.);
#532=B_SPLINE_CURVE_WITH_KNOTS('',3,(#9829,#9830,#9831,#9832),
 .UNSPECIFIED.,.F.,.F.,(4,4),(-0.836854857749631,0.),.UNSPECIFIED.);
#533=B_SPLINE_CURVE_WITH_KNOTS('',3,(#9843,#9844,#9845,#9846),
 .UNSPECIFIED.,.F.,.F.,(4,4),(-0.104027629864539,0.),.UNSPECIFIED.);
#534=B_SPLINE_CURVE_WITH_KNOTS('',3,(#9856,#9857,#9858,#9859),
 .UNSPECIFIED.,.F.,.F.,(4,4),(-0.263617166125443,0.),.UNSPECIFIED.);
#535=B_SPLINE_CURVE_WITH_KNOTS('',3,(#9870,#9871,#9872,#9873),
 .UNSPECIFIED.,.F.,.F.,(4,4),(-0.238199656018164,0.),.UNSPECIFIED.);
#536=B_SPLINE_CURVE_WITH_KNOTS('',3,(#9893,#9894,#9895,#9896),
 .UNSPECIFIED.,.F.,.F.,(4,4),(-1.27482585206423,0.),.UNSPECIFIED.);
#537=B_SPLINE_CURVE_WITH_KNOTS('',3,(#9907,#9908,#9909,#9910),
 .UNSPECIFIED.,.F.,.F.,(4,4),(-0.992710364827585,0.),.UNSPECIFIED.);
#538=B_SPLINE_CURVE_WITH_KNOTS('',3,(#9921,#9922,#9923,#9924),
 .UNSPECIFIED.,.F.,.F.,(4,4),(-3.26931991463075,0.),.UNSPECIFIED.);
#539=B_SPLINE_CURVE_WITH_KNOTS('',3,(#9935,#9936,#9937,#9938),
 .UNSPECIFIED.,.F.,.F.,(4,4),(-4.36196089529032,0.),.UNSPECIFIED.);
#540=B_SPLINE_CURVE_WITH_KNOTS('',3,(#9957,#9958,#9959,#9960),
 .UNSPECIFIED.,.F.,.F.,(4,4),(-0.20419562887985,0.),.UNSPECIFIED.);
#541=B_SPLINE_CURVE_WITH_KNOTS('',3,(#9979,#9980,#9981,#9982),
 .UNSPECIFIED.,.F.,.F.,(4,4),(-2.9359702825722,0.),.UNSPECIFIED.);
#542=B_SPLINE_CURVE_WITH_KNOTS('',3,(#9993,#9994,#9995,#9996),
 .UNSPECIFIED.,.F.,.F.,(4,4),(-1.19791164201307,0.),.UNSPECIFIED.);
#543=B_SPLINE_CURVE_WITH_KNOTS('',3,(#10007,#10008,#10009,#10010),
 .UNSPECIFIED.,.F.,.F.,(4,4),(-4.58142580179708,0.),.UNSPECIFIED.);
#544=B_SPLINE_CURVE_WITH_KNOTS('',3,(#10021,#10022,#10023,#10024),
 .UNSPECIFIED.,.F.,.F.,(4,4),(-0.959126359869194,0.),.UNSPECIFIED.);
#545=B_SPLINE_CURVE_WITH_KNOTS('',3,(#10035,#10036,#10037,#10038),
 .UNSPECIFIED.,.F.,.F.,(4,4),(-1.8969489172278,0.),.UNSPECIFIED.);
#546=B_SPLINE_CURVE_WITH_KNOTS('',3,(#10049,#10050,#10051,#10052),
 .UNSPECIFIED.,.F.,.F.,(4,4),(-0.104978364387524,0.),.UNSPECIFIED.);
#547=B_SPLINE_CURVE_WITH_KNOTS('',3,(#10062,#10063,#10064,#10065),
 .UNSPECIFIED.,.F.,.F.,(4,4),(-0.146591086454729,0.),.UNSPECIFIED.);
#548=B_SPLINE_CURVE_WITH_KNOTS('',3,(#10076,#10077,#10078,#10079),
 .UNSPECIFIED.,.F.,.F.,(4,4),(-3.2529524654024,0.),.UNSPECIFIED.);
#549=B_SPLINE_CURVE_WITH_KNOTS('',3,(#10091,#10092,#10093,#10094),
 .UNSPECIFIED.,.F.,.F.,(4,4),(-3.82854351304978,0.),.UNSPECIFIED.);
#550=B_SPLINE_CURVE_WITH_KNOTS('',3,(#10105,#10106,#10107,#10108),
 .UNSPECIFIED.,.F.,.F.,(4,4),(-0.498127337185856,0.),.UNSPECIFIED.);
#551=B_SPLINE_CURVE_WITH_KNOTS('',3,(#10119,#10120,#10121,#10122),
 .UNSPECIFIED.,.F.,.F.,(4,4),(-0.186893896134955,0.),.UNSPECIFIED.);
#552=B_SPLINE_CURVE_WITH_KNOTS('',3,(#10133,#10134,#10135,#10136),
 .UNSPECIFIED.,.F.,.F.,(4,4),(-2.20881650628212,0.),.UNSPECIFIED.);
#553=B_SPLINE_CURVE_WITH_KNOTS('',3,(#10147,#10148,#10149,#10150),
 .UNSPECIFIED.,.F.,.F.,(4,4),(-1.11491940017878,0.),.UNSPECIFIED.);
#554=B_SPLINE_CURVE_WITH_KNOTS('',3,(#10161,#10162,#10163,#10164),
 .UNSPECIFIED.,.F.,.F.,(4,4),(-3.44588407159695,0.),.UNSPECIFIED.);
#555=B_SPLINE_CURVE_WITH_KNOTS('',3,(#10182,#10183,#10184,#10185),
 .UNSPECIFIED.,.F.,.F.,(4,4),(-0.278211091706271,0.),.UNSPECIFIED.);
#556=B_SPLINE_CURVE_WITH_KNOTS('',3,(#10196,#10197,#10198,#10199),
 .UNSPECIFIED.,.F.,.F.,(4,4),(-4.46670049654786,0.),.UNSPECIFIED.);
#557=B_SPLINE_CURVE_WITH_KNOTS('',3,(#10211,#10212,#10213,#10214),
 .UNSPECIFIED.,.F.,.F.,(4,4),(-1.12767963096757,0.),.UNSPECIFIED.);
#558=B_SPLINE_CURVE_WITH_KNOTS('',3,(#10225,#10226,#10227,#10228),
 .UNSPECIFIED.,.F.,.F.,(4,4),(-0.163509266703659,0.),.UNSPECIFIED.);
#559=B_SPLINE_CURVE_WITH_KNOTS('',3,(#10239,#10240,#10241,#10242),
 .UNSPECIFIED.,.F.,.F.,(4,4),(-0.726530531459791,0.),.UNSPECIFIED.);
#560=B_SPLINE_CURVE_WITH_KNOTS('',3,(#10253,#10254,#10255,#10256),
 .UNSPECIFIED.,.F.,.F.,(4,4),(-1.04272923295364,0.),.UNSPECIFIED.);
#561=B_SPLINE_CURVE_WITH_KNOTS('',3,(#10267,#10268,#10269,#10270),
 .UNSPECIFIED.,.F.,.F.,(4,4),(-1.44035096243224,0.),.UNSPECIFIED.);
#562=B_SPLINE_CURVE_WITH_KNOTS('',3,(#10281,#10282,#10283,#10284),
 .UNSPECIFIED.,.F.,.F.,(4,4),(-2.568944646994,0.),.UNSPECIFIED.);
#563=B_SPLINE_CURVE_WITH_KNOTS('',3,(#10295,#10296,#10297,#10298),
 .UNSPECIFIED.,.F.,.F.,(4,4),(-1.18439246675707,0.),.UNSPECIFIED.);
#564=B_SPLINE_CURVE_WITH_KNOTS('',3,(#10309,#10310,#10311,#10312),
 .UNSPECIFIED.,.F.,.F.,(4,4),(-1.28212591071207,0.),.UNSPECIFIED.);
#565=B_SPLINE_CURVE_WITH_KNOTS('',3,(#10323,#10324,#10325,#10326),
 .UNSPECIFIED.,.F.,.F.,(4,4),(-0.191591679041206,0.),.UNSPECIFIED.);
#566=B_SPLINE_CURVE_WITH_KNOTS('',3,(#10336,#10337,#10338,#10339),
 .UNSPECIFIED.,.F.,.F.,(4,4),(-0.261208196736452,0.),.UNSPECIFIED.);
#567=B_SPLINE_CURVE_WITH_KNOTS('',3,(#10390,#10391,#10392,#10393,#10394,
#10395,#10396,#10397,#10398,#10399,#10400,#10401,#10402,#10403),
 .UNSPECIFIED.,.F.,.F.,(4,2,2,2,2,2,4),(-0.435475178155155,-0.434451242530101,
-0.331934774807006,-0.231120924831106,-0.121487607839133,-0.0606659901970561,
0.),.UNSPECIFIED.);
#568=B_SPLINE_CURVE_WITH_KNOTS('',3,(#10431,#10432,#10433,#10434,#10435,
#10436,#10437,#10438,#10439,#10440,#10441,#10442,#10443,#10444,#10445,#10446,
#10447,#10448,#10449,#10450,#10451,#10452,#10453,#10454),.UNSPECIFIED.,
 .F.,.F.,(4,2,2,2,2,2,2,2,2,2,2,4),(-0.061660914423092,-0.0533065112030681,
-0.0449301938400002,-0.030640721673739,-0.0175090997686345,-0.000592727361868522,
-0.000418664856349957,-0.000333794749756515,-0.000130953568988029,-7.7973854107906E-5,
-4.11789663977157E-5,-4.10972213898964E-8),.UNSPECIFIED.);
#569=B_SPLINE_CURVE_WITH_KNOTS('',3,(#10463,#10464,#10465,#10466,#10467,
#10468,#10469,#10470,#10471,#10472,#10473,#10474,#10475,#10476,#10477,#10478,
#10479,#10480,#10481,#10482,#10483,#10484),.UNSPECIFIED.,.F.,.F.,(4,2,2,
2,2,2,2,2,2,2,4),(-0.566670306728804,-0.254727797284702,-0.0483807894198048,
-0.0261713366653635,-0.0150654553802458,-0.00875972261734085,-0.0047181080448169,
-0.00132778140351299,-0.000589369374577474,-0.000270915669152262,-1.00000181213478E-6),
 .UNSPECIFIED.);
#570=B_SPLINE_CURVE_WITH_KNOTS('',3,(#10486,#10487,#10488,#10489,#10490,
#10491),.UNSPECIFIED.,.F.,.F.,(4,2,4),(0.,0.0881713855735448,0.107821233423118),
 .UNSPECIFIED.);
#571=B_SPLINE_CURVE_WITH_KNOTS('',3,(#10499,#10500,#10501,#10502,#10503,
#10504,#10505,#10506,#10507,#10508,#10509,#10510,#10511,#10512,#10513,#10514),
 .UNSPECIFIED.,.F.,.F.,(4,2,2,2,2,2,2,4),(-1.46501171936797,-1.45989509848216,
-1.45343864518989,-1.43629959249759,-1.40213827742953,-1.34183589734421,
-0.838176842938542,-0.00014743153241851),.UNSPECIFIED.);
#572=B_SPLINE_CURVE_WITH_KNOTS('',3,(#10515,#10516,#10517,#10518,#10519,
#10520),.UNSPECIFIED.,.F.,.F.,(4,2,4),(-0.547805500934678,-0.459634115361137,
-0.454061892073252),.UNSPECIFIED.);
#573=B_SPLINE_CURVE_WITH_KNOTS('',3,(#10532,#10533,#10534,#10535,#10536,
#10537,#10538),.UNSPECIFIED.,.F.,.F.,(4,3,4),(-0.657772785498977,-0.359511441467513,
0.),.UNSPECIFIED.);
#574=B_SPLINE_CURVE_WITH_KNOTS('',3,(#10540,#10541,#10542,#10543,#10544,
#10545,#10546),.UNSPECIFIED.,.F.,.F.,(4,3,4),(-1.65596656989789,-0.635165259687033,
-2.22044604925031E-16),.UNSPECIFIED.);
#575=B_SPLINE_CURVE_WITH_KNOTS('',3,(#10552,#10553,#10554,#10555),
 .UNSPECIFIED.,.F.,.F.,(4,4),(-1.53713982373766,0.),.UNSPECIFIED.);
#576=B_SPLINE_CURVE_WITH_KNOTS('',3,(#10557,#10558,#10559,#10560),
 .UNSPECIFIED.,.F.,.F.,(4,4),(-0.461930346126274,-5.55111512312578E-17),
 .UNSPECIFIED.);
#577=B_SPLINE_CURVE_WITH_KNOTS('',3,(#10564,#10565,#10566,#10567),
 .UNSPECIFIED.,.F.,.F.,(4,4),(-1.15853674229674,0.),.UNSPECIFIED.);
#578=B_SPLINE_CURVE_WITH_KNOTS('',3,(#10569,#10570,#10571,#10572),
 .UNSPECIFIED.,.F.,.F.,(4,4),(-0.357725992073687,0.),.UNSPECIFIED.);
#579=B_SPLINE_CURVE_WITH_KNOTS('',3,(#10578,#10579,#10580,#10581),
 .UNSPECIFIED.,.F.,.F.,(4,4),(-4.01825479593228,0.),.UNSPECIFIED.);
#580=B_SPLINE_CURVE_WITH_KNOTS('',3,(#10583,#10584,#10585,#10586),
 .UNSPECIFIED.,.F.,.F.,(4,4),(-1.26352458668785,0.),.UNSPECIFIED.);
#581=B_SPLINE_CURVE_WITH_KNOTS('',3,(#10594,#10595,#10596,#10597),
 .UNSPECIFIED.,.F.,.F.,(4,4),(-0.270331221750428,0.),.UNSPECIFIED.);
#582=B_SPLINE_CURVE_WITH_KNOTS('',3,(#10599,#10600,#10601,#10602),
 .UNSPECIFIED.,.F.,.F.,(4,4),(-0.879916487438735,0.),.UNSPECIFIED.);
#583=B_SPLINE_CURVE_WITH_KNOTS('',3,(#10604,#10605,#10606,#10607),
 .UNSPECIFIED.,.F.,.F.,(4,4),(-0.20647005930161,0.),.UNSPECIFIED.);
#584=B_SPLINE_CURVE_WITH_KNOTS('',3,(#10609,#10610,#10611,#10612),
 .UNSPECIFIED.,.F.,.F.,(4,4),(-1.58287089310133,0.),.UNSPECIFIED.);
#585=B_SPLINE_CURVE_WITH_KNOTS('',3,(#10614,#10615,#10616,#10617),
 .UNSPECIFIED.,.F.,.F.,(4,4),(-4.131039702427,0.),.UNSPECIFIED.);
#586=B_SPLINE_CURVE_WITH_KNOTS('',3,(#10619,#10620,#10621,#10622),
 .UNSPECIFIED.,.F.,.F.,(4,4),(-1.91338182981851,0.),.UNSPECIFIED.);
#587=B_SPLINE_CURVE_WITH_KNOTS('',3,(#10624,#10625,#10626,#10627),
 .UNSPECIFIED.,.F.,.F.,(4,4),(-1.27526748372539,0.),.UNSPECIFIED.);
#588=B_SPLINE_CURVE_WITH_KNOTS('',3,(#10629,#10630,#10631,#10632),
 .UNSPECIFIED.,.F.,.F.,(4,4),(-0.288010362685649,0.),.UNSPECIFIED.);
#589=B_SPLINE_CURVE_WITH_KNOTS('',3,(#10634,#10635,#10636,#10637),
 .UNSPECIFIED.,.F.,.F.,(4,4),(-0.211536246499722,0.),.UNSPECIFIED.);
#590=B_SPLINE_CURVE_WITH_KNOTS('',3,(#10639,#10640,#10641,#10642),
 .UNSPECIFIED.,.F.,.F.,(4,4),(-0.34735601650622,0.),.UNSPECIFIED.);
#591=B_SPLINE_CURVE_WITH_KNOTS('',3,(#10644,#10645,#10646,#10647),
 .UNSPECIFIED.,.F.,.F.,(4,4),(-0.130284910596802,0.),.UNSPECIFIED.);
#592=B_SPLINE_CURVE_WITH_KNOTS('',3,(#10649,#10650,#10651,#10652),
 .UNSPECIFIED.,.F.,.F.,(4,4),(-0.985839208717906,0.),.UNSPECIFIED.);
#593=B_SPLINE_CURVE_WITH_KNOTS('',3,(#10654,#10655,#10656,#10657),
 .UNSPECIFIED.,.F.,.F.,(4,4),(-1.19435463899453,0.),.UNSPECIFIED.);
#594=B_SPLINE_CURVE_WITH_KNOTS('',3,(#10659,#10660,#10661,#10662),
 .UNSPECIFIED.,.F.,.F.,(4,4),(-2.11819326874624,0.),.UNSPECIFIED.);
#595=B_SPLINE_CURVE_WITH_KNOTS('',3,(#10664,#10665,#10666,#10667),
 .UNSPECIFIED.,.F.,.F.,(4,4),(-3.63741725385236,0.),.UNSPECIFIED.);
#596=B_SPLINE_CURVE_WITH_KNOTS('',3,(#10669,#10670,#10671,#10672),
 .UNSPECIFIED.,.F.,.F.,(4,4),(-1.61706097933056,0.),.UNSPECIFIED.);
#597=B_SPLINE_CURVE_WITH_KNOTS('',3,(#10674,#10675,#10676,#10677),
 .UNSPECIFIED.,.F.,.F.,(4,4),(-1.30080183602004,0.),.UNSPECIFIED.);
#598=B_SPLINE_CURVE_WITH_KNOTS('',3,(#10679,#10680,#10681,#10682),
 .UNSPECIFIED.,.F.,.F.,(4,4),(-2.51007845032647,0.),.UNSPECIFIED.);
#599=B_SPLINE_CURVE_WITH_KNOTS('',3,(#10684,#10685,#10686,#10687),
 .UNSPECIFIED.,.F.,.F.,(4,4),(-0.375243208471223,0.),.UNSPECIFIED.);
#600=B_SPLINE_CURVE_WITH_KNOTS('',3,(#10689,#10690,#10691,#10692),
 .UNSPECIFIED.,.F.,.F.,(4,4),(-0.435584232264029,0.),.UNSPECIFIED.);
#601=B_SPLINE_CURVE_WITH_KNOTS('',3,(#10694,#10695,#10696,#10697),
 .UNSPECIFIED.,.F.,.F.,(4,4),(-1.82899629138971,0.),.UNSPECIFIED.);
#602=B_SPLINE_CURVE_WITH_KNOTS('',3,(#10699,#10700,#10701,#10702),
 .UNSPECIFIED.,.F.,.F.,(4,4),(-0.713848862833818,0.),.UNSPECIFIED.);
#603=B_SPLINE_CURVE_WITH_KNOTS('',3,(#10704,#10705,#10706,#10707),
 .UNSPECIFIED.,.F.,.F.,(4,4),(-0.507585229380341,0.),.UNSPECIFIED.);
#604=B_SPLINE_CURVE_WITH_KNOTS('',3,(#10709,#10710,#10711,#10712),
 .UNSPECIFIED.,.F.,.F.,(4,4),(-0.227094180686717,0.),.UNSPECIFIED.);
#605=B_SPLINE_CURVE_WITH_KNOTS('',3,(#10714,#10715,#10716,#10717),
 .UNSPECIFIED.,.F.,.F.,(4,4),(-0.45981412280255,0.),.UNSPECIFIED.);
#606=B_SPLINE_CURVE_WITH_KNOTS('',3,(#10719,#10720,#10721,#10722),
 .UNSPECIFIED.,.F.,.F.,(4,4),(-0.636755416736817,0.),.UNSPECIFIED.);
#607=B_SPLINE_CURVE_WITH_KNOTS('',3,(#10724,#10725,#10726,#10727),
 .UNSPECIFIED.,.F.,.F.,(4,4),(-1.30299269733825,0.),.UNSPECIFIED.);
#608=B_SPLINE_CURVE_WITH_KNOTS('',3,(#10729,#10730,#10731,#10732),
 .UNSPECIFIED.,.F.,.F.,(4,4),(-0.242431065002419,0.),.UNSPECIFIED.);
#609=B_SPLINE_CURVE_WITH_KNOTS('',3,(#10734,#10735,#10736,#10737),
 .UNSPECIFIED.,.F.,.F.,(4,4),(-0.354880149405688,0.),.UNSPECIFIED.);
#610=B_SPLINE_CURVE_WITH_KNOTS('',3,(#10739,#10740,#10741,#10742),
 .UNSPECIFIED.,.F.,.F.,(4,4),(-1.44927039295372,0.),.UNSPECIFIED.);
#611=B_SPLINE_CURVE_WITH_KNOTS('',3,(#10746,#10747,#10748,#10749),
 .UNSPECIFIED.,.F.,.F.,(4,4),(-0.552523649023023,0.),.UNSPECIFIED.);
#612=B_SPLINE_CURVE_WITH_KNOTS('',3,(#10751,#10752,#10753,#10754),
 .UNSPECIFIED.,.F.,.F.,(4,4),(-1.24326945394556,0.),.UNSPECIFIED.);
#613=B_SPLINE_CURVE_WITH_KNOTS('',3,(#10756,#10757,#10758,#10759),
 .UNSPECIFIED.,.F.,.F.,(4,4),(-0.295433115336138,0.),.UNSPECIFIED.);
#614=B_SPLINE_CURVE_WITH_KNOTS('',3,(#10761,#10762,#10763,#10764),
 .UNSPECIFIED.,.F.,.F.,(4,4),(-0.0362777265672611,0.),.UNSPECIFIED.);
#615=B_SPLINE_CURVE_WITH_KNOTS('',3,(#10766,#10767,#10768,#10769),
 .UNSPECIFIED.,.F.,.F.,(4,4),(-0.857635734363238,0.),.UNSPECIFIED.);
#616=B_SPLINE_CURVE_WITH_KNOTS('',3,(#10771,#10772,#10773,#10774),
 .UNSPECIFIED.,.F.,.F.,(4,4),(-1.06992724583157,0.),.UNSPECIFIED.);
#617=B_SPLINE_CURVE_WITH_KNOTS('',3,(#10776,#10777,#10778,#10779),
 .UNSPECIFIED.,.F.,.F.,(4,4),(-0.174628155799147,0.),.UNSPECIFIED.);
#618=B_SPLINE_CURVE_WITH_KNOTS('',3,(#10781,#10782,#10783,#10784),
 .UNSPECIFIED.,.F.,.F.,(4,4),(-0.255634342059816,0.),.UNSPECIFIED.);
#619=B_SPLINE_CURVE_WITH_KNOTS('',3,(#10786,#10787,#10788,#10789),
 .UNSPECIFIED.,.F.,.F.,(4,4),(-0.794795429293083,-1.11022302462516E-16),
 .UNSPECIFIED.);
#620=B_SPLINE_CURVE_WITH_KNOTS('',3,(#10793,#10794,#10795,#10796),
 .UNSPECIFIED.,.F.,.F.,(4,4),(-2.59132738574854,0.),.UNSPECIFIED.);
#621=B_SPLINE_CURVE_WITH_KNOTS('',3,(#10798,#10799,#10800,#10801,#10802,
#10803,#10804),.UNSPECIFIED.,.F.,.F.,(4,3,4),(-1.31213592855133,-0.656067964275665,
0.),.UNSPECIFIED.);
#622=B_SPLINE_CURVE_WITH_KNOTS('',3,(#10810,#10811,#10812,#10813),
 .UNSPECIFIED.,.F.,.F.,(4,4),(-1.96911131041538,0.),.UNSPECIFIED.);
#623=B_SPLINE_CURVE_WITH_KNOTS('',3,(#10815,#10816,#10817,#10818),
 .UNSPECIFIED.,.F.,.F.,(4,4),(-0.452820115982279,0.),.UNSPECIFIED.);
#624=B_SPLINE_CURVE_WITH_KNOTS('',3,(#10820,#10821,#10822,#10823),
 .UNSPECIFIED.,.F.,.F.,(4,4),(-0.639526027528324,0.),.UNSPECIFIED.);
#625=B_SPLINE_CURVE_WITH_KNOTS('',3,(#10825,#10826,#10827,#10828),
 .UNSPECIFIED.,.F.,.F.,(4,4),(-1.94538422331684,0.),.UNSPECIFIED.);
#626=B_SPLINE_CURVE_WITH_KNOTS('',3,(#10830,#10831,#10832,#10833),
 .UNSPECIFIED.,.F.,.F.,(4,4),(-0.504869542277464,0.),.UNSPECIFIED.);
#627=B_SPLINE_CURVE_WITH_KNOTS('',3,(#10835,#10836,#10837,#10838),
 .UNSPECIFIED.,.F.,.F.,(4,4),(-0.568156532311383,0.),.UNSPECIFIED.);
#628=B_SPLINE_CURVE_WITH_KNOTS('',3,(#10840,#10841,#10842,#10843),
 .UNSPECIFIED.,.F.,.F.,(4,4),(-0.307643076029434,0.),.UNSPECIFIED.);
#629=B_SPLINE_CURVE_WITH_KNOTS('',3,(#10845,#10846,#10847,#10848),
 .UNSPECIFIED.,.F.,.F.,(4,4),(-0.945776319659955,0.),.UNSPECIFIED.);
#630=B_SPLINE_CURVE_WITH_KNOTS('',3,(#10850,#10851,#10852,#10853),
 .UNSPECIFIED.,.F.,.F.,(4,4),(-2.77780484509796,0.),.UNSPECIFIED.);
#631=B_SPLINE_CURVE_WITH_KNOTS('',3,(#10855,#10856,#10857,#10858),
 .UNSPECIFIED.,.F.,.F.,(4,4),(-4.51330675977434,0.),.UNSPECIFIED.);
#632=B_SPLINE_CURVE_WITH_KNOTS('',3,(#10860,#10861,#10862,#10863),
 .UNSPECIFIED.,.F.,.F.,(4,4),(-2.02088547156152,0.),.UNSPECIFIED.);
#633=B_SPLINE_CURVE_WITH_KNOTS('',3,(#10865,#10866,#10867,#10868),
 .UNSPECIFIED.,.F.,.F.,(4,4),(-0.771282874919763,0.),.UNSPECIFIED.);
#634=B_SPLINE_CURVE_WITH_KNOTS('',3,(#10874,#10875,#10876,#10877),
 .UNSPECIFIED.,.F.,.F.,(4,4),(-0.277459992406806,0.),.UNSPECIFIED.);
#635=B_SPLINE_CURVE_WITH_KNOTS('',3,(#10879,#10880,#10881,#10882),
 .UNSPECIFIED.,.F.,.F.,(4,4),(-0.579822323833079,0.),.UNSPECIFIED.);
#636=B_SPLINE_CURVE_WITH_KNOTS('',3,(#10884,#10885,#10886,#10887),
 .UNSPECIFIED.,.F.,.F.,(4,4),(-3.1132996584981,0.),.UNSPECIFIED.);
#637=B_SPLINE_CURVE_WITH_KNOTS('',3,(#10889,#10890,#10891,#10892),
 .UNSPECIFIED.,.F.,.F.,(4,4),(-2.86934398546555,0.),.UNSPECIFIED.);
#638=B_SPLINE_CURVE_WITH_KNOTS('',3,(#10894,#10895,#10896,#10897),
 .UNSPECIFIED.,.F.,.F.,(4,4),(-0.856885218276947,0.),.UNSPECIFIED.);
#639=B_SPLINE_CURVE_WITH_KNOTS('',3,(#10899,#10900,#10901,#10902),
 .UNSPECIFIED.,.F.,.F.,(4,4),(-1.75557703028756,0.),.UNSPECIFIED.);
#640=B_SPLINE_CURVE_WITH_KNOTS('',3,(#10904,#10905,#10906,#10907),
 .UNSPECIFIED.,.F.,.F.,(4,4),(-1.07706215502171,0.),.UNSPECIFIED.);
#641=B_SPLINE_CURVE_WITH_KNOTS('',3,(#10909,#10910,#10911,#10912),
 .UNSPECIFIED.,.F.,.F.,(4,4),(-0.886238763116715,0.),.UNSPECIFIED.);
#642=B_SPLINE_CURVE_WITH_KNOTS('',3,(#10916,#10917,#10918,#10919),
 .UNSPECIFIED.,.F.,.F.,(4,4),(-0.236197658094969,0.),.UNSPECIFIED.);
#643=B_SPLINE_CURVE_WITH_KNOTS('',3,(#10921,#10922,#10923,#10924),
 .UNSPECIFIED.,.F.,.F.,(4,4),(-0.0692418243797053,0.),.UNSPECIFIED.);
#644=B_SPLINE_CURVE_WITH_KNOTS('',3,(#10926,#10927,#10928,#10929),
 .UNSPECIFIED.,.F.,.F.,(4,4),(-0.695277609405179,0.),.UNSPECIFIED.);
#645=B_SPLINE_CURVE_WITH_KNOTS('',3,(#10931,#10932,#10933,#10934),
 .UNSPECIFIED.,.F.,.F.,(4,4),(-1.60587252512905,0.),.UNSPECIFIED.);
#646=B_SPLINE_CURVE_WITH_KNOTS('',3,(#10936,#10937,#10938,#10939),
 .UNSPECIFIED.,.F.,.F.,(4,4),(-2.77571931149057,0.),.UNSPECIFIED.);
#647=B_SPLINE_CURVE_WITH_KNOTS('',3,(#10941,#10942,#10943,#10944),
 .UNSPECIFIED.,.F.,.F.,(4,4),(-0.331829269205929,0.),.UNSPECIFIED.);
#648=B_SPLINE_CURVE_WITH_KNOTS('',3,(#10946,#10947,#10948,#10949),
 .UNSPECIFIED.,.F.,.F.,(4,4),(-0.227782439788829,0.),.UNSPECIFIED.);
#649=B_SPLINE_CURVE_WITH_KNOTS('',3,(#10951,#10952,#10953,#10954),
 .UNSPECIFIED.,.F.,.F.,(4,4),(-1.28169699965056,0.),.UNSPECIFIED.);
#650=B_SPLINE_CURVE_WITH_KNOTS('',3,(#10956,#10957,#10958,#10959),
 .UNSPECIFIED.,.F.,.F.,(4,4),(-0.215980667030007,0.),.UNSPECIFIED.);
#651=B_SPLINE_CURVE_WITH_KNOTS('',3,(#10963,#10964,#10965,#10966),
 .UNSPECIFIED.,.F.,.F.,(4,4),(-1.76955055100485,0.),.UNSPECIFIED.);
#652=B_SPLINE_CURVE_WITH_KNOTS('',3,(#10968,#10969,#10970,#10971),
 .UNSPECIFIED.,.F.,.F.,(4,4),(-0.763413357709769,0.),.UNSPECIFIED.);
#653=B_SPLINE_CURVE_WITH_KNOTS('',3,(#10973,#10974,#10975,#10976),
 .UNSPECIFIED.,.F.,.F.,(4,4),(-0.271382315892086,0.),.UNSPECIFIED.);
#654=B_SPLINE_CURVE_WITH_KNOTS('',3,(#10982,#10983,#10984,#10985),
 .UNSPECIFIED.,.F.,.F.,(4,4),(-2.23664582788696,0.),.UNSPECIFIED.);
#655=B_SPLINE_CURVE_WITH_KNOTS('',3,(#10989,#10990,#10991,#10992),
 .UNSPECIFIED.,.F.,.F.,(4,4),(-2.42606858200862,0.),.UNSPECIFIED.);
#656=B_SPLINE_CURVE_WITH_KNOTS('',3,(#10998,#10999,#11000,#11001),
 .UNSPECIFIED.,.F.,.F.,(4,4),(-0.893541265995009,0.),.UNSPECIFIED.);
#657=B_SPLINE_CURVE_WITH_KNOTS('',3,(#11003,#11004,#11005,#11006),
 .UNSPECIFIED.,.F.,.F.,(4,4),(-1.72321117329523,0.),.UNSPECIFIED.);
#658=B_SPLINE_CURVE_WITH_KNOTS('',3,(#11012,#11013,#11014,#11015),
 .UNSPECIFIED.,.F.,.F.,(4,4),(-1.4995120024459,0.),.UNSPECIFIED.);
#659=B_SPLINE_CURVE_WITH_KNOTS('',3,(#11017,#11018,#11019,#11020),
 .UNSPECIFIED.,.F.,.F.,(4,4),(-1.17343893906757,0.),.UNSPECIFIED.);
#660=B_SPLINE_CURVE_WITH_KNOTS('',3,(#11026,#11027,#11028,#11029),
 .UNSPECIFIED.,.F.,.F.,(4,4),(-0.216146857048642,0.),.UNSPECIFIED.);
#661=B_SPLINE_CURVE_WITH_KNOTS('',3,(#11031,#11032,#11033,#11034),
 .UNSPECIFIED.,.F.,.F.,(4,4),(-3.78590391269309,0.),.UNSPECIFIED.);
#662=B_SPLINE_CURVE_WITH_KNOTS('',3,(#11036,#11037,#11038,#11039),
 .UNSPECIFIED.,.F.,.F.,(4,4),(-1.03407904612702,0.),.UNSPECIFIED.);
#663=B_SPLINE_CURVE_WITH_KNOTS('',3,(#11041,#11042,#11043,#11044),
 .UNSPECIFIED.,.F.,.F.,(4,4),(-3.23735142269034,0.),.UNSPECIFIED.);
#664=B_SPLINE_CURVE_WITH_KNOTS('',3,(#11046,#11047,#11048,#11049),
 .UNSPECIFIED.,.F.,.F.,(4,4),(-1.16279924689171,0.),.UNSPECIFIED.);
#665=B_SPLINE_CURVE_WITH_KNOTS('',3,(#11051,#11052,#11053,#11054),
 .UNSPECIFIED.,.F.,.F.,(4,4),(-0.721305738512033,0.),.UNSPECIFIED.);
#666=B_SPLINE_CURVE_WITH_KNOTS('',3,(#11056,#11057,#11058,#11059),
 .UNSPECIFIED.,.F.,.F.,(4,4),(-0.736535904630726,0.),.UNSPECIFIED.);
#667=B_SPLINE_CURVE_WITH_KNOTS('',3,(#11061,#11062,#11063,#11064),
 .UNSPECIFIED.,.F.,.F.,(4,4),(-2.54600953330327,0.),.UNSPECIFIED.);
#668=B_SPLINE_CURVE_WITH_KNOTS('',3,(#11066,#11067,#11068,#11069),
 .UNSPECIFIED.,.F.,.F.,(4,4),(-3.27791671698246,-4.44089209850063E-16),
 .UNSPECIFIED.);
#669=B_SPLINE_CURVE_WITH_KNOTS('',3,(#11073,#11074,#11075,#11076),
 .UNSPECIFIED.,.F.,.F.,(4,4),(-4.35582204197613,0.),.UNSPECIFIED.);
#670=B_SPLINE_CURVE_WITH_KNOTS('',3,(#11078,#11079,#11080,#11081),
 .UNSPECIFIED.,.F.,.F.,(4,4),(-1.45672975703704,0.),.UNSPECIFIED.);
#671=B_SPLINE_CURVE_WITH_KNOTS('',3,(#11083,#11084,#11085,#11086),
 .UNSPECIFIED.,.F.,.F.,(4,4),(-0.0672500797155239,0.),.UNSPECIFIED.);
#672=B_SPLINE_CURVE_WITH_KNOTS('',3,(#11090,#11091,#11092,#11093),
 .UNSPECIFIED.,.F.,.F.,(4,4),(-0.297738237228378,0.),.UNSPECIFIED.);
#673=B_SPLINE_CURVE_WITH_KNOTS('',3,(#11095,#11096,#11097,#11098),
 .UNSPECIFIED.,.F.,.F.,(4,4),(-0.345645897690599,0.),.UNSPECIFIED.);
#674=B_SPLINE_CURVE_WITH_KNOTS('',3,(#11100,#11101,#11102,#11103),
 .UNSPECIFIED.,.F.,.F.,(4,4),(-0.64510895226592,0.),.UNSPECIFIED.);
#675=B_SPLINE_CURVE_WITH_KNOTS('',3,(#11105,#11106,#11107,#11108),
 .UNSPECIFIED.,.F.,.F.,(4,4),(-0.930069721562517,0.),.UNSPECIFIED.);
#676=B_SPLINE_CURVE_WITH_KNOTS('',3,(#11110,#11111,#11112,#11113),
 .UNSPECIFIED.,.F.,.F.,(4,4),(-0.556175289533309,0.),.UNSPECIFIED.);
#677=B_SPLINE_CURVE_WITH_KNOTS('',3,(#11115,#11116,#11117,#11118),
 .UNSPECIFIED.,.F.,.F.,(4,4),(-1.22924603351621,0.),.UNSPECIFIED.);
#678=B_SPLINE_CURVE_WITH_KNOTS('',3,(#11120,#11121,#11122,#11123),
 .UNSPECIFIED.,.F.,.F.,(4,4),(-0.645030483981822,0.),.UNSPECIFIED.);
#679=B_SPLINE_CURVE_WITH_KNOTS('',3,(#11125,#11126,#11127,#11128),
 .UNSPECIFIED.,.F.,.F.,(4,4),(-0.39521699890372,0.),.UNSPECIFIED.);
#680=B_SPLINE_CURVE_WITH_KNOTS('',3,(#11130,#11131,#11132,#11133),
 .UNSPECIFIED.,.F.,.F.,(4,4),(-1.12249351956121,0.),.UNSPECIFIED.);
#681=B_SPLINE_CURVE_WITH_KNOTS('',3,(#11135,#11136,#11137,#11138),
 .UNSPECIFIED.,.F.,.F.,(4,4),(-1.06430550456275,0.),.UNSPECIFIED.);
#682=B_SPLINE_CURVE_WITH_KNOTS('',3,(#11140,#11141,#11142,#11143),
 .UNSPECIFIED.,.F.,.F.,(4,4),(-0.437818654381272,0.),.UNSPECIFIED.);
#683=B_SPLINE_CURVE_WITH_KNOTS('',3,(#11145,#11146,#11147,#11148),
 .UNSPECIFIED.,.F.,.F.,(4,4),(-0.451346446248356,0.),.UNSPECIFIED.);
#684=B_SPLINE_CURVE_WITH_KNOTS('',3,(#11150,#11151,#11152,#11153),
 .UNSPECIFIED.,.F.,.F.,(4,4),(-0.516696682648089,0.),.UNSPECIFIED.);
#685=B_SPLINE_CURVE_WITH_KNOTS('',3,(#11155,#11156,#11157,#11158),
 .UNSPECIFIED.,.F.,.F.,(4,4),(-0.741759455927878,0.),.UNSPECIFIED.);
#686=B_SPLINE_CURVE_WITH_KNOTS('',3,(#11160,#11161,#11162,#11163),
 .UNSPECIFIED.,.F.,.F.,(4,4),(-0.788862957473491,0.),.UNSPECIFIED.);
#687=B_SPLINE_CURVE_WITH_KNOTS('',3,(#11165,#11166,#11167,#11168),
 .UNSPECIFIED.,.F.,.F.,(4,4),(-1.30367028457704,0.),.UNSPECIFIED.);
#688=B_SPLINE_CURVE_WITH_KNOTS('',3,(#11170,#11171,#11172,#11173),
 .UNSPECIFIED.,.F.,.F.,(4,4),(-2.5867427729157,0.),.UNSPECIFIED.);
#689=B_SPLINE_CURVE_WITH_KNOTS('',3,(#11175,#11176,#11177,#11178),
 .UNSPECIFIED.,.F.,.F.,(4,4),(-0.227059363756599,0.),.UNSPECIFIED.);
#690=B_SPLINE_CURVE_WITH_KNOTS('',3,(#11182,#11183,#11184,#11185),
 .UNSPECIFIED.,.F.,.F.,(4,4),(-0.151577754956021,0.),.UNSPECIFIED.);
#691=B_SPLINE_CURVE_WITH_KNOTS('',3,(#11187,#11188,#11189,#11190),
 .UNSPECIFIED.,.F.,.F.,(4,4),(-1.46644992823933,0.),.UNSPECIFIED.);
#692=B_SPLINE_CURVE_WITH_KNOTS('',3,(#11192,#11193,#11194,#11195),
 .UNSPECIFIED.,.F.,.F.,(4,4),(-4.37908933900056,0.),.UNSPECIFIED.);
#693=B_SPLINE_CURVE_WITH_KNOTS('',3,(#11199,#11200,#11201,#11202),
 .UNSPECIFIED.,.F.,.F.,(4,4),(-2.0497491231748,0.),.UNSPECIFIED.);
#694=B_SPLINE_CURVE_WITH_KNOTS('',3,(#11204,#11205,#11206,#11207),
 .UNSPECIFIED.,.F.,.F.,(4,4),(-1.69913542255216,0.),.UNSPECIFIED.);
#695=B_SPLINE_CURVE_WITH_KNOTS('',3,(#11209,#11210,#11211,#11212),
 .UNSPECIFIED.,.F.,.F.,(4,4),(-2.10082325888277,0.),.UNSPECIFIED.);
#696=B_SPLINE_CURVE_WITH_KNOTS('',3,(#11214,#11215,#11216,#11217),
 .UNSPECIFIED.,.F.,.F.,(4,4),(-0.202750944111719,0.),.UNSPECIFIED.);
#697=B_SPLINE_CURVE_WITH_KNOTS('',3,(#11219,#11220,#11221,#11222),
 .UNSPECIFIED.,.F.,.F.,(4,4),(-0.163401886425592,0.),.UNSPECIFIED.);
#698=B_SPLINE_CURVE_WITH_KNOTS('',3,(#11224,#11225,#11226,#11227),
 .UNSPECIFIED.,.F.,.F.,(4,4),(-1.05977039165649,0.),.UNSPECIFIED.);
#699=B_SPLINE_CURVE_WITH_KNOTS('',3,(#11229,#11230,#11231,#11232),
 .UNSPECIFIED.,.F.,.F.,(4,4),(-1.69260378588268,0.),.UNSPECIFIED.);
#700=B_SPLINE_CURVE_WITH_KNOTS('',3,(#11234,#11235,#11236,#11237),
 .UNSPECIFIED.,.F.,.F.,(4,4),(-1.24309183996238,0.),.UNSPECIFIED.);
#701=B_SPLINE_CURVE_WITH_KNOTS('',3,(#11239,#11240,#11241,#11242),
 .UNSPECIFIED.,.F.,.F.,(4,4),(-3.85569855030588,0.),.UNSPECIFIED.);
#702=B_SPLINE_CURVE_WITH_KNOTS('',3,(#11244,#11245,#11246,#11247),
 .UNSPECIFIED.,.F.,.F.,(4,4),(-0.689930968958534,0.),.UNSPECIFIED.);
#703=B_SPLINE_CURVE_WITH_KNOTS('',3,(#11253,#11254,#11255,#11256),
 .UNSPECIFIED.,.F.,.F.,(4,4),(-2.55430997538028,0.),.UNSPECIFIED.);
#704=B_SPLINE_CURVE_WITH_KNOTS('',3,(#11258,#11259,#11260,#11261),
 .UNSPECIFIED.,.F.,.F.,(4,4),(-0.72857681403949,0.),.UNSPECIFIED.);
#705=B_SPLINE_CURVE_WITH_KNOTS('',3,(#11263,#11264,#11265,#11266),
 .UNSPECIFIED.,.F.,.F.,(4,4),(-0.736894102041815,0.),.UNSPECIFIED.);
#706=B_SPLINE_CURVE_WITH_KNOTS('',3,(#11268,#11269,#11270,#11271),
 .UNSPECIFIED.,.F.,.F.,(4,4),(-1.7414223085419,0.),.UNSPECIFIED.);
#707=B_SPLINE_CURVE_WITH_KNOTS('',3,(#11277,#11278,#11279,#11280),
 .UNSPECIFIED.,.F.,.F.,(4,4),(-1.83773525081772,0.),.UNSPECIFIED.);
#708=B_SPLINE_CURVE_WITH_KNOTS('',3,(#11282,#11283,#11284,#11285),
 .UNSPECIFIED.,.F.,.F.,(4,4),(-0.768122122276702,1.11022302462516E-16),
 .UNSPECIFIED.);
#709=B_SPLINE_CURVE_WITH_KNOTS('',3,(#11289,#11290,#11291,#11292),
 .UNSPECIFIED.,.F.,.F.,(4,4),(-1.078535002594,0.),.UNSPECIFIED.);
#710=B_SPLINE_CURVE_WITH_KNOTS('',3,(#11293,#11294,#11295,#11296),
 .UNSPECIFIED.,.F.,.F.,(4,4),(-1.23951810490818,0.),.UNSPECIFIED.);
#711=B_SPLINE_CURVE_WITH_KNOTS('',3,(#11366,#11367,#11368,#11369,#11370,
#11371),.UNSPECIFIED.,.F.,.F.,(4,1,1,4),(-0.987735034596691,-0.805892314539218,
-0.624049594481745,-0.466185634815607),.UNSPECIFIED.);
#712=B_SPLINE_CURVE_WITH_KNOTS('',3,(#11372,#11373,#11374,#11375,#11376,
#11377,#11378,#11379,#11380,#11381,#11382,#11383),.UNSPECIFIED.,.F.,.F.,
(4,2,2,2,2,4),(-0.0451983299398523,-0.0350092752533267,-0.0226509175984907,
-0.0110481930785344,-0.00521635560347922,-0.000153181848452438),
 .UNSPECIFIED.);
#713=B_SPLINE_CURVE_WITH_KNOTS('',3,(#11414,#11415,#11416,#11417,#11418,
#11419),.UNSPECIFIED.,.F.,.F.,(4,1,1,4),(0.351285514395536,0.624049594481745,
0.805892314539218,0.868270704332609),.UNSPECIFIED.);
#714=B_SPLINE_CURVE_WITH_KNOTS('',3,(#11442,#11443,#11444,#11445),
 .UNSPECIFIED.,.F.,.F.,(4,4),(-0.506091872512125,1.36860009267925E-17),
 .UNSPECIFIED.);
#715=B_SPLINE_CURVE_WITH_KNOTS('',3,(#11470,#11471,#11472,#11473,#11474,
#11475,#11476,#11477,#11478,#11479,#11480,#11481,#11482,#11483,#11484,#11485,
#11486,#11487,#11488),.UNSPECIFIED.,.F.,.F.,(4,3,3,3,3,3,4),(0.050318200296514,
0.0529036857262849,0.0563631848631425,0.0676777013836085,0.0758639259033908,
0.0872714635652766,0.0889669259046439),.UNSPECIFIED.);
#716=B_SPLINE_CURVE_WITH_KNOTS('',3,(#11508,#11509,#11510,#11511),
 .UNSPECIFIED.,.F.,.F.,(4,4),(-0.0440000000000071,-0.0240000000000088),
 .UNSPECIFIED.);
#717=LINE('',#7789,#1173);
#718=LINE('',#7804,#1174);
#719=LINE('',#7819,#1175);
#720=LINE('',#7823,#1176);
#721=LINE('',#7835,#1177);
#722=LINE('',#7839,#1178);
#723=LINE('',#7843,#1179);
#724=LINE('',#7847,#1180);
#725=LINE('',#7851,#1181);
#726=LINE('',#7855,#1182);
#727=LINE('',#7859,#1183);
#728=LINE('',#7861,#1184);
#729=LINE('',#7865,#1185);
#730=LINE('',#7869,#1186);
#731=LINE('',#7871,#1187);
#732=LINE('',#7875,#1188);
#733=LINE('',#7879,#1189);
#734=LINE('',#7881,#1190);
#735=LINE('',#7885,#1191);
#736=LINE('',#7888,#1192);
#737=LINE('',#7897,#1193);
#738=LINE('',#7905,#1194);
#739=LINE('',#7913,#1195);
#740=LINE('',#7921,#1196);
#741=LINE('',#7929,#1197);
#742=LINE('',#7937,#1198);
#743=LINE('',#7945,#1199);
#744=LINE('',#7953,#1200);
#745=LINE('',#7966,#1201);
#746=LINE('',#7968,#1202);
#747=LINE('',#7983,#1203);
#748=LINE('',#8035,#1204);
#749=LINE('',#8047,#1205);
#750=LINE('',#8049,#1206);
#751=LINE('',#8071,#1207);
#752=LINE('',#8073,#1208);
#753=LINE('',#8125,#1209);
#754=LINE('',#8142,#1210);
#755=LINE('',#8231,#1211);
#756=LINE('',#8245,#1212);
#757=LINE('',#8289,#1213);
#758=LINE('',#8291,#1214);
#759=LINE('',#8303,#1215);
#760=LINE('',#8305,#1216);
#761=LINE('',#8317,#1217);
#762=LINE('',#8319,#1218);
#763=LINE('',#8326,#1219);
#764=LINE('',#8333,#1220);
#765=LINE('',#8335,#1221);
#766=LINE('',#8349,#1222);
#767=LINE('',#8393,#1223);
#768=LINE('',#8435,#1224);
#769=LINE('',#8437,#1225);
#770=LINE('',#8499,#1226);
#771=LINE('',#8501,#1227);
#772=LINE('',#8513,#1228);
#773=LINE('',#8560,#1229);
#774=LINE('',#8712,#1230);
#775=LINE('',#8714,#1231);
#776=LINE('',#8716,#1232);
#777=LINE('',#8728,#1233);
#778=LINE('',#8730,#1234);
#779=LINE('',#8742,#1235);
#780=LINE('',#8754,#1236);
#781=LINE('',#8756,#1237);
#782=LINE('',#8775,#1238);
#783=LINE('',#8779,#1239);
#784=LINE('',#8783,#1240);
#785=LINE('',#8787,#1241);
#786=LINE('',#8798,#1242);
#787=LINE('',#8806,#1243);
#788=LINE('',#8813,#1244);
#789=LINE('',#8820,#1245);
#790=LINE('',#8834,#1246);
#791=LINE('',#8835,#1247);
#792=LINE('',#8844,#1248);
#793=LINE('',#8846,#1249);
#794=LINE('',#8847,#1250);
#795=LINE('',#8851,#1251);
#796=LINE('',#8855,#1252);
#797=LINE('',#8859,#1253);
#798=LINE('',#8861,#1254);
#799=LINE('',#8863,#1255);
#800=LINE('',#8867,#1256);
#801=LINE('',#8872,#1257);
#802=LINE('',#8876,#1258);
#803=LINE('',#8880,#1259);
#804=LINE('',#8884,#1260);
#805=LINE('',#8890,#1261);
#806=LINE('',#8899,#1262);
#807=LINE('',#8907,#1263);
#808=LINE('',#8967,#1264);
#809=LINE('',#9004,#1265);
#810=LINE('',#9006,#1266);
#811=LINE('',#9008,#1267);
#812=LINE('',#9040,#1268);
#813=LINE('',#9042,#1269);
#814=LINE('',#9043,#1270);
#815=LINE('',#9115,#1271);
#816=LINE('',#9117,#1272);
#817=LINE('',#9139,#1273);
#818=LINE('',#9141,#1274);
#819=LINE('',#9148,#1275);
#820=LINE('',#9150,#1276);
#821=LINE('',#9178,#1277);
#822=LINE('',#9219,#1278);
#823=LINE('',#9283,#1279);
#824=LINE('',#9284,#1280);
#825=LINE('',#9286,#1281);
#826=LINE('',#9288,#1282);
#827=LINE('',#9290,#1283);
#828=LINE('',#9292,#1284);
#829=LINE('',#9294,#1285);
#830=LINE('',#9296,#1286);
#831=LINE('',#9299,#1287);
#832=LINE('',#9300,#1288);
#833=LINE('',#9302,#1289);
#834=LINE('',#9304,#1290);
#835=LINE('',#9306,#1291);
#836=LINE('',#9307,#1292);
#837=LINE('',#9309,#1293);
#838=LINE('',#9311,#1294);
#839=LINE('',#9313,#1295);
#840=LINE('',#9315,#1296);
#841=LINE('',#9317,#1297);
#842=LINE('',#9319,#1298);
#843=LINE('',#9321,#1299);
#844=LINE('',#9323,#1300);
#845=LINE('',#9325,#1301);
#846=LINE('',#9326,#1302);
#847=LINE('',#9328,#1303);
#848=LINE('',#9330,#1304);
#849=LINE('',#9332,#1305);
#850=LINE('',#9334,#1306);
#851=LINE('',#9356,#1307);
#852=LINE('',#9357,#1308);
#853=LINE('',#9371,#1309);
#854=LINE('',#9385,#1310);
#855=LINE('',#9399,#1311);
#856=LINE('',#9413,#1312);
#857=LINE('',#9427,#1313);
#858=LINE('',#9441,#1314);
#859=LINE('',#9455,#1315);
#860=LINE('',#9469,#1316);
#861=LINE('',#9483,#1317);
#862=LINE('',#9510,#1318);
#863=LINE('',#9511,#1319);
#864=LINE('',#9525,#1320);
#865=LINE('',#9539,#1321);
#866=LINE('',#9553,#1322);
#867=LINE('',#9567,#1323);
#868=LINE('',#9581,#1324);
#869=LINE('',#9584,#1325);
#870=LINE('',#9585,#1326);
#871=LINE('',#9588,#1327);
#872=LINE('',#9589,#1328);
#873=LINE('',#9592,#1329);
#874=LINE('',#9593,#1330);
#875=LINE('',#9607,#1331);
#876=LINE('',#9621,#1332);
#877=LINE('',#9635,#1333);
#878=LINE('',#9649,#1334);
#879=LINE('',#9663,#1335);
#880=LINE('',#9677,#1336);
#881=LINE('',#9680,#1337);
#882=LINE('',#9681,#1338);
#883=LINE('',#9684,#1339);
#884=LINE('',#9685,#1340);
#885=LINE('',#9688,#1341);
#886=LINE('',#9689,#1342);
#887=LINE('',#9692,#1343);
#888=LINE('',#9693,#1344);
#889=LINE('',#9720,#1345);
#890=LINE('',#9721,#1346);
#891=LINE('',#9735,#1347);
#892=LINE('',#9749,#1348);
#893=LINE('',#9763,#1349);
#894=LINE('',#9777,#1350);
#895=LINE('',#9791,#1351);
#896=LINE('',#9805,#1352);
#897=LINE('',#9819,#1353);
#898=LINE('',#9833,#1354);
#899=LINE('',#9847,#1355);
#900=LINE('',#9874,#1356);
#901=LINE('',#9875,#1357);
#902=LINE('',#9878,#1358);
#903=LINE('',#9879,#1359);
#904=LINE('',#9882,#1360);
#905=LINE('',#9883,#1361);
#906=LINE('',#9897,#1362);
#907=LINE('',#9911,#1363);
#908=LINE('',#9925,#1364);
#909=LINE('',#9939,#1365);
#910=LINE('',#9942,#1366);
#911=LINE('',#9943,#1367);
#912=LINE('',#9946,#1368);
#913=LINE('',#9947,#1369);
#914=LINE('',#9961,#1370);
#915=LINE('',#9964,#1371);
#916=LINE('',#9965,#1372);
#917=LINE('',#9968,#1373);
#918=LINE('',#9969,#1374);
#919=LINE('',#9983,#1375);
#920=LINE('',#9997,#1376);
#921=LINE('',#10011,#1377);
#922=LINE('',#10025,#1378);
#923=LINE('',#10039,#1379);
#924=LINE('',#10053,#1380);
#925=LINE('',#10080,#1381);
#926=LINE('',#10081,#1382);
#927=LINE('',#10095,#1383);
#928=LINE('',#10109,#1384);
#929=LINE('',#10123,#1385);
#930=LINE('',#10137,#1386);
#931=LINE('',#10151,#1387);
#932=LINE('',#10165,#1388);
#933=LINE('',#10168,#1389);
#934=LINE('',#10169,#1390);
#935=LINE('',#10172,#1391);
#936=LINE('',#10173,#1392);
#937=LINE('',#10200,#1393);
#938=LINE('',#10201,#1394);
#939=LINE('',#10215,#1395);
#940=LINE('',#10229,#1396);
#941=LINE('',#10243,#1397);
#942=LINE('',#10257,#1398);
#943=LINE('',#10271,#1399);
#944=LINE('',#10285,#1400);
#945=LINE('',#10299,#1401);
#946=LINE('',#10313,#1402);
#947=LINE('',#10327,#1403);
#948=LINE('',#10343,#1404);
#949=LINE('',#10347,#1405);
#950=LINE('',#10351,#1406);
#951=LINE('',#10352,#1407);
#952=LINE('',#10353,#1408);
#953=LINE('',#10368,#1409);
#954=LINE('',#10404,#1410);
#955=LINE('',#10455,#1411);
#956=LINE('',#10456,#1412);
#957=LINE('',#10459,#1413);
#958=LINE('',#10460,#1414);
#959=LINE('',#10492,#1415);
#960=LINE('',#10495,#1416);
#961=LINE('',#10496,#1417);
#962=LINE('',#10524,#1418);
#963=LINE('',#10528,#1419);
#964=LINE('',#10548,#1420);
#965=LINE('',#10550,#1421);
#966=LINE('',#10562,#1422);
#967=LINE('',#10574,#1423);
#968=LINE('',#10576,#1424);
#969=LINE('',#10588,#1425);
#970=LINE('',#10590,#1426);
#971=LINE('',#10592,#1427);
#972=LINE('',#10744,#1428);
#973=LINE('',#10791,#1429);
#974=LINE('',#10806,#1430);
#975=LINE('',#10808,#1431);
#976=LINE('',#10870,#1432);
#977=LINE('',#10872,#1433);
#978=LINE('',#10914,#1434);
#979=LINE('',#10961,#1435);
#980=LINE('',#10978,#1436);
#981=LINE('',#10980,#1437);
#982=LINE('',#10987,#1438);
#983=LINE('',#10994,#1439);
#984=LINE('',#10996,#1440);
#985=LINE('',#11008,#1441);
#986=LINE('',#11010,#1442);
#987=LINE('',#11022,#1443);
#988=LINE('',#11024,#1444);
#989=LINE('',#11071,#1445);
#990=LINE('',#11088,#1446);
#991=LINE('',#11180,#1447);
#992=LINE('',#11197,#1448);
#993=LINE('',#11249,#1449);
#994=LINE('',#11251,#1450);
#995=LINE('',#11273,#1451);
#996=LINE('',#11275,#1452);
#997=LINE('',#11287,#1453);
#998=LINE('',#11298,#1454);
#999=LINE('',#11300,#1455);
#1000=LINE('',#11491,#1456);
#1001=LINE('',#11493,#1457);
#1002=LINE('',#11512,#1458);
#1003=LINE('',#11514,#1459);
#1004=LINE('',#11516,#1460);
#1005=LINE('',#11525,#1461);
#1006=LINE('',#11534,#1462);
#1007=LINE('',#11536,#1463);
#1008=LINE('',#11545,#1464);
#1009=LINE('',#11554,#1465);
#1010=LINE('',#11556,#1466);
#1011=LINE('',#11558,#1467);
#1012=LINE('',#11567,#1468);
#1013=LINE('',#11576,#1469);
#1014=LINE('',#11578,#1470);
#1015=LINE('',#11580,#1471);
#1016=LINE('',#11582,#1472);
#1017=LINE('',#11591,#1473);
#1018=LINE('',#11600,#1474);
#1019=LINE('',#11609,#1475);
#1020=LINE('',#11618,#1476);
#1021=LINE('',#11627,#1477);
#1022=LINE('',#11636,#1478);
#1023=LINE('',#11645,#1479);
#1024=LINE('',#11654,#1480);
#1025=LINE('',#11663,#1481);
#1026=LINE('',#11672,#1482);
#1027=LINE('',#11681,#1483);
#1028=LINE('',#11690,#1484);
#1029=LINE('',#11699,#1485);
#1030=LINE('',#11708,#1486);
#1031=LINE('',#11717,#1487);
#1032=LINE('',#11726,#1488);
#1033=LINE('',#11735,#1489);
#1034=LINE('',#11744,#1490);
#1035=LINE('',#11753,#1491);
#1036=LINE('',#11762,#1492);
#1037=LINE('',#11771,#1493);
#1038=LINE('',#11780,#1494);
#1039=LINE('',#11789,#1495);
#1040=LINE('',#11798,#1496);
#1041=LINE('',#11807,#1497);
#1042=LINE('',#11816,#1498);
#1043=LINE('',#11825,#1499);
#1044=LINE('',#11834,#1500);
#1045=LINE('',#11843,#1501);
#1046=LINE('',#11852,#1502);
#1047=LINE('',#11854,#1503);
#1048=LINE('',#11863,#1504);
#1049=LINE('',#11872,#1505);
#1050=LINE('',#11881,#1506);
#1051=LINE('',#11890,#1507);
#1052=LINE('',#11899,#1508);
#1053=LINE('',#11908,#1509);
#1054=LINE('',#11917,#1510);
#1055=LINE('',#11926,#1511);
#1056=LINE('',#11935,#1512);
#1057=LINE('',#11937,#1513);
#1058=LINE('',#11946,#1514);
#1059=LINE('',#11955,#1515);
#1060=LINE('',#11957,#1516);
#1061=LINE('',#11959,#1517);
#1062=LINE('',#11968,#1518);
#1063=LINE('',#11977,#1519);
#1064=LINE('',#11986,#1520);
#1065=LINE('',#11995,#1521);
#1066=LINE('',#12004,#1522);
#1067=LINE('',#12013,#1523);
#1068=LINE('',#12022,#1524);
#1069=LINE('',#12031,#1525);
#1070=LINE('',#12040,#1526);
#1071=LINE('',#12049,#1527);
#1072=LINE('',#12058,#1528);
#1073=LINE('',#12067,#1529);
#1074=LINE('',#12069,#1530);
#1075=LINE('',#12071,#1531);
#1076=LINE('',#12080,#1532);
#1077=LINE('',#12089,#1533);
#1078=LINE('',#12098,#1534);
#1079=LINE('',#12107,#1535);
#1080=LINE('',#12116,#1536);
#1081=LINE('',#12125,#1537);
#1082=LINE('',#12134,#1538);
#1083=LINE('',#12143,#1539);
#1084=LINE('',#12145,#1540);
#1085=LINE('',#12154,#1541);
#1086=LINE('',#12163,#1542);
#1087=LINE('',#12172,#1543);
#1088=LINE('',#12181,#1544);
#1089=LINE('',#12190,#1545);
#1090=LINE('',#12199,#1546);
#1091=LINE('',#12208,#1547);
#1092=LINE('',#12217,#1548);
#1093=LINE('',#12226,#1549);
#1094=LINE('',#12228,#1550);
#1095=LINE('',#12237,#1551);
#1096=LINE('',#12246,#1552);
#1097=LINE('',#12255,#1553);
#1098=LINE('',#12257,#1554);
#1099=LINE('',#12259,#1555);
#1100=LINE('',#12268,#1556);
#1101=LINE('',#12270,#1557);
#1102=LINE('',#12279,#1558);
#1103=LINE('',#12281,#1559);
#1104=LINE('',#12283,#1560);
#1105=LINE('',#12292,#1561);
#1106=LINE('',#12301,#1562);
#1107=LINE('',#12303,#1563);
#1108=LINE('',#12305,#1564);
#1109=LINE('',#12314,#1565);
#1110=LINE('',#12323,#1566);
#1111=LINE('',#12325,#1567);
#1112=LINE('',#12327,#1568);
#1113=LINE('',#12336,#1569);
#1114=LINE('',#12345,#1570);
#1115=LINE('',#12354,#1571);
#1116=LINE('',#12363,#1572);
#1117=LINE('',#12372,#1573);
#1118=LINE('',#12381,#1574);
#1119=LINE('',#12390,#1575);
#1120=LINE('',#12399,#1576);
#1121=LINE('',#12408,#1577);
#1122=LINE('',#12410,#1578);
#1123=LINE('',#12419,#1579);
#1124=LINE('',#12428,#1580);
#1125=LINE('',#12437,#1581);
#1126=LINE('',#12439,#1582);
#1127=LINE('',#12448,#1583);
#1128=LINE('',#12457,#1584);
#1129=LINE('',#12466,#1585);
#1130=LINE('',#12475,#1586);
#1131=LINE('',#12484,#1587);
#1132=LINE('',#12493,#1588);
#1133=LINE('',#12502,#1589);
#1134=LINE('',#12511,#1590);
#1135=LINE('',#12520,#1591);
#1136=LINE('',#12529,#1592);
#1137=LINE('',#12538,#1593);
#1138=LINE('',#12547,#1594);
#1139=LINE('',#12556,#1595);
#1140=LINE('',#12565,#1596);
#1141=LINE('',#12574,#1597);
#1142=LINE('',#12583,#1598);
#1143=LINE('',#12592,#1599);
#1144=LINE('',#12601,#1600);
#1145=LINE('',#12603,#1601);
#1146=LINE('',#12612,#1602);
#1147=LINE('',#12621,#1603);
#1148=LINE('',#12630,#1604);
#1149=LINE('',#12632,#1605);
#1150=LINE('',#12641,#1606);
#1151=LINE('',#12650,#1607);
#1152=LINE('',#12659,#1608);
#1153=LINE('',#12668,#1609);
#1154=LINE('',#12677,#1610);
#1155=LINE('',#12686,#1611);
#1156=LINE('',#12695,#1612);
#1157=LINE('',#12704,#1613);
#1158=LINE('',#12713,#1614);
#1159=LINE('',#12722,#1615);
#1160=LINE('',#12724,#1616);
#1161=LINE('',#12726,#1617);
#1162=LINE('',#12735,#1618);
#1163=LINE('',#12744,#1619);
#1164=LINE('',#12753,#1620);
#1165=LINE('',#12762,#1621);
#1166=LINE('',#12764,#1622);
#1167=LINE('',#12766,#1623);
#1168=LINE('',#12775,#1624);
#1169=LINE('',#12784,#1625);
#1170=LINE('',#12786,#1626);
#1171=LINE('',#12795,#1627);
#1172=LINE('',#12804,#1628);
#1173=VECTOR('',#6821,10.);
#1174=VECTOR('',#6824,10.);
#1175=VECTOR('',#6825,10.);
#1176=VECTOR('',#6828,10.);
#1177=VECTOR('',#6839,10.);
#1178=VECTOR('',#6842,10.);
#1179=VECTOR('',#6845,10.);
#1180=VECTOR('',#6848,10.);
#1181=VECTOR('',#6851,10.);
#1182=VECTOR('',#6854,10.);
#1183=VECTOR('',#6857,10.);
#1184=VECTOR('',#6858,10.);
#1185=VECTOR('',#6861,10.);
#1186=VECTOR('',#6864,10.);
#1187=VECTOR('',#6865,10.);
#1188=VECTOR('',#6868,10.);
#1189=VECTOR('',#6871,10.);
#1190=VECTOR('',#6872,10.);
#1191=VECTOR('',#6875,10.);
#1192=VECTOR('',#6878,10.);
#1193=VECTOR('',#6887,1.55);
#1194=VECTOR('',#6898,1.55);
#1195=VECTOR('',#6909,1.55000000000001);
#1196=VECTOR('',#6920,1.55000000000001);
#1197=VECTOR('',#6931,1.55000000000001);
#1198=VECTOR('',#6942,1.55000000000001);
#1199=VECTOR('',#6953,1.54999999999999);
#1200=VECTOR('',#6964,1.55);
#1201=VECTOR('',#6985,10.);
#1202=VECTOR('',#6986,10.);
#1203=VECTOR('',#6987,10.);
#1204=VECTOR('',#6988,10.);
#1205=VECTOR('',#6989,10.);
#1206=VECTOR('',#6990,10.);
#1207=VECTOR('',#6991,10.);
#1208=VECTOR('',#6992,10.);
#1209=VECTOR('',#6993,10.);
#1210=VECTOR('',#6994,10.);
#1211=VECTOR('',#6997,10.);
#1212=VECTOR('',#7000,10.);
#1213=VECTOR('',#7003,10.);
#1214=VECTOR('',#7004,10.);
#1215=VECTOR('',#7005,10.);
#1216=VECTOR('',#7006,10.);
#1217=VECTOR('',#7007,10.);
#1218=VECTOR('',#7008,10.);
#1219=VECTOR('',#7009,10.);
#1220=VECTOR('',#7010,10.);
#1221=VECTOR('',#7011,10.);
#1222=VECTOR('',#7014,10.);
#1223=VECTOR('',#7017,10.);
#1224=VECTOR('',#7018,10.);
#1225=VECTOR('',#7019,10.);
#1226=VECTOR('',#7020,10.);
#1227=VECTOR('',#7021,10.);
#1228=VECTOR('',#7022,10.);
#1229=VECTOR('',#7023,10.);
#1230=VECTOR('',#7024,10.);
#1231=VECTOR('',#7025,10.);
#1232=VECTOR('',#7026,10.);
#1233=VECTOR('',#7027,10.);
#1234=VECTOR('',#7028,10.);
#1235=VECTOR('',#7029,10.);
#1236=VECTOR('',#7030,10.);
#1237=VECTOR('',#7031,10.);
#1238=VECTOR('',#7042,10.);
#1239=VECTOR('',#7045,10.);
#1240=VECTOR('',#7048,10.);
#1241=VECTOR('',#7051,10.);
#1242=VECTOR('',#7066,10.);
#1243=VECTOR('',#7077,10.);
#1244=VECTOR('',#7086,10.);
#1245=VECTOR('',#7097,10.);
#1246=VECTOR('',#7112,10.);
#1247=VECTOR('',#7113,10.);
#1248=VECTOR('',#7124,10.);
#1249=VECTOR('',#7125,10.);
#1250=VECTOR('',#7126,10.);
#1251=VECTOR('',#7131,10.);
#1252=VECTOR('',#7136,10.);
#1253=VECTOR('',#7139,10.);
#1254=VECTOR('',#7140,10.);
#1255=VECTOR('',#7141,10.);
#1256=VECTOR('',#7144,10.);
#1257=VECTOR('',#7149,10.);
#1258=VECTOR('',#7152,10.);
#1259=VECTOR('',#7155,10.);
#1260=VECTOR('',#7158,10.);
#1261=VECTOR('',#7165,10.);
#1262=VECTOR('',#7178,10.);
#1263=VECTOR('',#7189,10.);
#1264=VECTOR('',#7194,10.);
#1265=VECTOR('',#7195,10.);
#1266=VECTOR('',#7196,10.);
#1267=VECTOR('',#7197,10.);
#1268=VECTOR('',#7198,10.);
#1269=VECTOR('',#7199,10.);
#1270=VECTOR('',#7200,10.);
#1271=VECTOR('',#7207,10.);
#1272=VECTOR('',#7208,10.);
#1273=VECTOR('',#7209,10.);
#1274=VECTOR('',#7210,10.);
#1275=VECTOR('',#7211,10.);
#1276=VECTOR('',#7212,10.);
#1277=VECTOR('',#7215,10.);
#1278=VECTOR('',#7216,10.);
#1279=VECTOR('',#7229,10.);
#1280=VECTOR('',#7230,10.);
#1281=VECTOR('',#7233,10.);
#1282=VECTOR('',#7236,10.);
#1283=VECTOR('',#7239,10.);
#1284=VECTOR('',#7242,10.);
#1285=VECTOR('',#7245,10.);
#1286=VECTOR('',#7248,10.);
#1287=VECTOR('',#7253,10.);
#1288=VECTOR('',#7254,10.);
#1289=VECTOR('',#7257,10.);
#1290=VECTOR('',#7260,10.);
#1291=VECTOR('',#7263,10.);
#1292=VECTOR('',#7264,10.);
#1293=VECTOR('',#7267,10.);
#1294=VECTOR('',#7270,10.);
#1295=VECTOR('',#7273,10.);
#1296=VECTOR('',#7276,10.);
#1297=VECTOR('',#7279,10.);
#1298=VECTOR('',#7282,10.);
#1299=VECTOR('',#7285,10.);
#1300=VECTOR('',#7288,10.);
#1301=VECTOR('',#7291,10.);
#1302=VECTOR('',#7292,10.);
#1303=VECTOR('',#7295,10.);
#1304=VECTOR('',#7298,10.);
#1305=VECTOR('',#7301,10.);
#1306=VECTOR('',#7304,10.);
#1307=VECTOR('',#7315,10.);
#1308=VECTOR('',#7316,10.);
#1309=VECTOR('',#7317,10.);
#1310=VECTOR('',#7318,10.);
#1311=VECTOR('',#7319,10.);
#1312=VECTOR('',#7320,10.);
#1313=VECTOR('',#7321,10.);
#1314=VECTOR('',#7322,10.);
#1315=VECTOR('',#7323,10.);
#1316=VECTOR('',#7324,10.);
#1317=VECTOR('',#7325,10.);
#1318=VECTOR('',#7326,10.);
#1319=VECTOR('',#7327,10.);
#1320=VECTOR('',#7328,10.);
#1321=VECTOR('',#7329,10.);
#1322=VECTOR('',#7330,10.);
#1323=VECTOR('',#7331,10.);
#1324=VECTOR('',#7332,10.);
#1325=VECTOR('',#7335,10.);
#1326=VECTOR('',#7336,10.);
#1327=VECTOR('',#7339,10.);
#1328=VECTOR('',#7340,10.);
#1329=VECTOR('',#7343,10.);
#1330=VECTOR('',#7344,10.);
#1331=VECTOR('',#7345,10.);
#1332=VECTOR('',#7346,10.);
#1333=VECTOR('',#7347,10.);
#1334=VECTOR('',#7348,10.);
#1335=VECTOR('',#7349,10.);
#1336=VECTOR('',#7350,10.);
#1337=VECTOR('',#7353,10.);
#1338=VECTOR('',#7354,10.);
#1339=VECTOR('',#7357,10.);
#1340=VECTOR('',#7358,10.);
#1341=VECTOR('',#7361,10.);
#1342=VECTOR('',#7362,10.);
#1343=VECTOR('',#7365,10.);
#1344=VECTOR('',#7366,10.);
#1345=VECTOR('',#7367,10.);
#1346=VECTOR('',#7368,10.);
#1347=VECTOR('',#7369,10.);
#1348=VECTOR('',#7370,10.);
#1349=VECTOR('',#7371,10.);
#1350=VECTOR('',#7372,10.);
#1351=VECTOR('',#7373,10.);
#1352=VECTOR('',#7374,10.);
#1353=VECTOR('',#7375,10.);
#1354=VECTOR('',#7376,10.);
#1355=VECTOR('',#7377,10.);
#1356=VECTOR('',#7378,10.);
#1357=VECTOR('',#7379,10.);
#1358=VECTOR('',#7382,10.);
#1359=VECTOR('',#7383,10.);
#1360=VECTOR('',#7386,10.);
#1361=VECTOR('',#7387,10.);
#1362=VECTOR('',#7388,10.);
#1363=VECTOR('',#7389,10.);
#1364=VECTOR('',#7390,10.);
#1365=VECTOR('',#7391,10.);
#1366=VECTOR('',#7394,10.);
#1367=VECTOR('',#7395,10.);
#1368=VECTOR('',#7398,10.);
#1369=VECTOR('',#7399,10.);
#1370=VECTOR('',#7400,10.);
#1371=VECTOR('',#7403,10.);
#1372=VECTOR('',#7404,10.);
#1373=VECTOR('',#7407,10.);
#1374=VECTOR('',#7408,10.);
#1375=VECTOR('',#7409,10.);
#1376=VECTOR('',#7410,10.);
#1377=VECTOR('',#7411,10.);
#1378=VECTOR('',#7412,10.);
#1379=VECTOR('',#7413,10.);
#1380=VECTOR('',#7414,10.);
#1381=VECTOR('',#7415,10.);
#1382=VECTOR('',#7416,10.);
#1383=VECTOR('',#7417,10.);
#1384=VECTOR('',#7418,10.);
#1385=VECTOR('',#7419,10.);
#1386=VECTOR('',#7420,10.);
#1387=VECTOR('',#7421,10.);
#1388=VECTOR('',#7422,10.);
#1389=VECTOR('',#7425,10.);
#1390=VECTOR('',#7426,10.);
#1391=VECTOR('',#7429,10.);
#1392=VECTOR('',#7430,10.);
#1393=VECTOR('',#7431,10.);
#1394=VECTOR('',#7432,10.);
#1395=VECTOR('',#7433,10.);
#1396=VECTOR('',#7434,10.);
#1397=VECTOR('',#7435,10.);
#1398=VECTOR('',#7436,10.);
#1399=VECTOR('',#7437,10.);
#1400=VECTOR('',#7438,10.);
#1401=VECTOR('',#7439,10.);
#1402=VECTOR('',#7440,10.);
#1403=VECTOR('',#7441,10.);
#1404=VECTOR('',#7446,3.99999999999999);
#1405=VECTOR('',#7451,3.99999999999999);
#1406=VECTOR('',#7454,10.);
#1407=VECTOR('',#7455,10.);
#1408=VECTOR('',#7456,10.);
#1409=VECTOR('',#7459,10.);
#1410=VECTOR('',#7460,10.);
#1411=VECTOR('',#7461,10.);
#1412=VECTOR('',#7462,10.);
#1413=VECTOR('',#7465,10.);
#1414=VECTOR('',#7466,10.);
#1415=VECTOR('',#7469,10.);
#1416=VECTOR('',#7472,10.);
#1417=VECTOR('',#7473,10.);
#1418=VECTOR('',#7480,3.99999999999999);
#1419=VECTOR('',#7485,3.99999999999999);
#1420=VECTOR('',#7488,10.);
#1421=VECTOR('',#7489,10.);
#1422=VECTOR('',#7490,10.);
#1423=VECTOR('',#7491,10.);
#1424=VECTOR('',#7492,10.);
#1425=VECTOR('',#7493,10.);
#1426=VECTOR('',#7494,10.);
#1427=VECTOR('',#7495,10.);
#1428=VECTOR('',#7496,10.);
#1429=VECTOR('',#7497,10.);
#1430=VECTOR('',#7498,10.);
#1431=VECTOR('',#7499,10.);
#1432=VECTOR('',#7500,10.);
#1433=VECTOR('',#7501,10.);
#1434=VECTOR('',#7502,10.);
#1435=VECTOR('',#7503,10.);
#1436=VECTOR('',#7504,10.);
#1437=VECTOR('',#7505,10.);
#1438=VECTOR('',#7506,10.);
#1439=VECTOR('',#7507,10.);
#1440=VECTOR('',#7508,10.);
#1441=VECTOR('',#7509,10.);
#1442=VECTOR('',#7510,10.);
#1443=VECTOR('',#7511,10.);
#1444=VECTOR('',#7512,10.);
#1445=VECTOR('',#7513,10.);
#1446=VECTOR('',#7514,10.);
#1447=VECTOR('',#7515,10.);
#1448=VECTOR('',#7516,10.);
#1449=VECTOR('',#7517,10.);
#1450=VECTOR('',#7518,10.);
#1451=VECTOR('',#7519,10.);
#1452=VECTOR('',#7520,10.);
#1453=VECTOR('',#7521,10.);
#1454=VECTOR('',#7524,4.24999999999999);
#1455=VECTOR('',#7527,4.24999999999999);
#1456=VECTOR('',#7536,4.24999999999999);
#1457=VECTOR('',#7539,4.24999999999999);
#1458=VECTOR('',#7540,10.);
#1459=VECTOR('',#7543,10.);
#1460=VECTOR('',#7546,10.);
#1461=VECTOR('',#7547,10.);
#1462=VECTOR('',#7548,10.);
#1463=VECTOR('',#7551,10.);
#1464=VECTOR('',#7552,10.);
#1465=VECTOR('',#7553,10.);
#1466=VECTOR('',#7556,10.);
#1467=VECTOR('',#7559,10.);
#1468=VECTOR('',#7560,10.);
#1469=VECTOR('',#7561,10.);
#1470=VECTOR('',#7564,10.);
#1471=VECTOR('',#7567,10.);
#1472=VECTOR('',#7570,10.);
#1473=VECTOR('',#7571,10.);
#1474=VECTOR('',#7572,10.);
#1475=VECTOR('',#7573,10.);
#1476=VECTOR('',#7574,10.);
#1477=VECTOR('',#7575,10.);
#1478=VECTOR('',#7576,10.);
#1479=VECTOR('',#7577,10.);
#1480=VECTOR('',#7578,10.);
#1481=VECTOR('',#7579,10.);
#1482=VECTOR('',#7580,10.);
#1483=VECTOR('',#7581,10.);
#1484=VECTOR('',#7582,10.);
#1485=VECTOR('',#7583,10.);
#1486=VECTOR('',#7584,10.);
#1487=VECTOR('',#7585,10.);
#1488=VECTOR('',#7586,10.);
#1489=VECTOR('',#7587,10.);
#1490=VECTOR('',#7588,10.);
#1491=VECTOR('',#7589,10.);
#1492=VECTOR('',#7590,10.);
#1493=VECTOR('',#7591,10.);
#1494=VECTOR('',#7592,10.);
#1495=VECTOR('',#7593,10.);
#1496=VECTOR('',#7594,10.);
#1497=VECTOR('',#7595,10.);
#1498=VECTOR('',#7596,10.);
#1499=VECTOR('',#7597,10.);
#1500=VECTOR('',#7598,10.);
#1501=VECTOR('',#7599,10.);
#1502=VECTOR('',#7600,10.);
#1503=VECTOR('',#7603,10.);
#1504=VECTOR('',#7604,10.);
#1505=VECTOR('',#7605,10.);
#1506=VECTOR('',#7606,10.);
#1507=VECTOR('',#7607,10.);
#1508=VECTOR('',#7608,10.);
#1509=VECTOR('',#7609,10.);
#1510=VECTOR('',#7610,10.);
#1511=VECTOR('',#7611,10.);
#1512=VECTOR('',#7612,10.);
#1513=VECTOR('',#7615,10.);
#1514=VECTOR('',#7616,10.);
#1515=VECTOR('',#7617,10.);
#1516=VECTOR('',#7620,10.);
#1517=VECTOR('',#7623,10.);
#1518=VECTOR('',#7624,10.);
#1519=VECTOR('',#7625,10.);
#1520=VECTOR('',#7626,10.);
#1521=VECTOR('',#7627,10.);
#1522=VECTOR('',#7628,10.);
#1523=VECTOR('',#7629,10.);
#1524=VECTOR('',#7630,10.);
#1525=VECTOR('',#7631,10.);
#1526=VECTOR('',#7632,10.);
#1527=VECTOR('',#7633,10.);
#1528=VECTOR('',#7634,10.);
#1529=VECTOR('',#7635,10.);
#1530=VECTOR('',#7638,10.);
#1531=VECTOR('',#7641,10.);
#1532=VECTOR('',#7642,10.);
#1533=VECTOR('',#7643,10.);
#1534=VECTOR('',#7644,10.);
#1535=VECTOR('',#7645,10.);
#1536=VECTOR('',#7646,10.);
#1537=VECTOR('',#7647,10.);
#1538=VECTOR('',#7648,10.);
#1539=VECTOR('',#7649,10.);
#1540=VECTOR('',#7652,10.);
#1541=VECTOR('',#7653,10.);
#1542=VECTOR('',#7654,10.);
#1543=VECTOR('',#7655,10.);
#1544=VECTOR('',#7656,10.);
#1545=VECTOR('',#7657,10.);
#1546=VECTOR('',#7658,10.);
#1547=VECTOR('',#7659,10.);
#1548=VECTOR('',#7660,10.);
#1549=VECTOR('',#7661,10.);
#1550=VECTOR('',#7664,10.);
#1551=VECTOR('',#7665,10.);
#1552=VECTOR('',#7666,10.);
#1553=VECTOR('',#7667,10.);
#1554=VECTOR('',#7670,10.);
#1555=VECTOR('',#7673,10.);
#1556=VECTOR('',#7674,10.);
#1557=VECTOR('',#7677,10.);
#1558=VECTOR('',#7678,10.);
#1559=VECTOR('',#7681,10.);
#1560=VECTOR('',#7684,10.);
#1561=VECTOR('',#7685,10.);
#1562=VECTOR('',#7686,10.);
#1563=VECTOR('',#7689,10.);
#1564=VECTOR('',#7692,10.);
#1565=VECTOR('',#7693,10.);
#1566=VECTOR('',#7694,10.);
#1567=VECTOR('',#7697,10.);
#1568=VECTOR('',#7700,10.);
#1569=VECTOR('',#7701,10.);
#1570=VECTOR('',#7702,10.);
#1571=VECTOR('',#7703,10.);
#1572=VECTOR('',#7704,10.);
#1573=VECTOR('',#7705,10.);
#1574=VECTOR('',#7706,10.);
#1575=VECTOR('',#7707,10.);
#1576=VECTOR('',#7708,10.);
#1577=VECTOR('',#7709,10.);
#1578=VECTOR('',#7712,10.);
#1579=VECTOR('',#7713,10.);
#1580=VECTOR('',#7714,10.);
#1581=VECTOR('',#7715,10.);
#1582=VECTOR('',#7718,10.);
#1583=VECTOR('',#7719,10.);
#1584=VECTOR('',#7720,10.);
#1585=VECTOR('',#7721,10.);
#1586=VECTOR('',#7722,10.);
#1587=VECTOR('',#7723,10.);
#1588=VECTOR('',#7724,10.);
#1589=VECTOR('',#7725,10.);
#1590=VECTOR('',#7726,10.);
#1591=VECTOR('',#7727,10.);
#1592=VECTOR('',#7728,10.);
#1593=VECTOR('',#7729,10.);
#1594=VECTOR('',#7730,10.);
#1595=VECTOR('',#7731,10.);
#1596=VECTOR('',#7732,10.);
#1597=VECTOR('',#7733,10.);
#1598=VECTOR('',#7734,10.);
#1599=VECTOR('',#7735,10.);
#1600=VECTOR('',#7736,10.);
#1601=VECTOR('',#7739,10.);
#1602=VECTOR('',#7740,10.);
#1603=VECTOR('',#7741,10.);
#1604=VECTOR('',#7742,10.);
#1605=VECTOR('',#7745,10.);
#1606=VECTOR('',#7746,10.);
#1607=VECTOR('',#7747,10.);
#1608=VECTOR('',#7748,10.);
#1609=VECTOR('',#7749,10.);
#1610=VECTOR('',#7750,10.);
#1611=VECTOR('',#7751,10.);
#1612=VECTOR('',#7752,10.);
#1613=VECTOR('',#7753,10.);
#1614=VECTOR('',#7754,10.);
#1615=VECTOR('',#7755,10.);
#1616=VECTOR('',#7758,10.);
#1617=VECTOR('',#7761,10.);
#1618=VECTOR('',#7762,10.);
#1619=VECTOR('',#7763,10.);
#1620=VECTOR('',#7764,10.);
#1621=VECTOR('',#7765,10.);
#1622=VECTOR('',#7768,10.);
#1623=VECTOR('',#7771,10.);
#1624=VECTOR('',#7772,10.);
#1625=VECTOR('',#7773,10.);
#1626=VECTOR('',#7776,10.);
#1627=VECTOR('',#7777,10.);
#1628=VECTOR('',#7778,10.);
#1629=PLANE('',#6557);
#1630=PLANE('',#6617);
#1631=PLANE('',#6618);
#1632=PLANE('',#6619);
#1633=PLANE('',#6620);
#1634=PLANE('',#6621);
#1635=PLANE('',#6622);
#1636=PLANE('',#6623);
#1637=PLANE('',#6624);
#1638=PLANE('',#6625);
#1639=PLANE('',#6635);
#1640=PLANE('',#6671);
#1641=PLANE('',#6676);
#1642=PLANE('',#6679);
#1643=PLANE('',#6697);
#1644=PLANE('',#6698);
#1645=PLANE('',#6699);
#1646=PLANE('',#6701);
#1647=PLANE('',#6702);
#1648=PLANE('',#6703);
#1649=PLANE('',#6704);
#1650=PLANE('',#6706);
#1651=PLANE('',#6709);
#1652=PLANE('',#6711);
#1653=PLANE('',#6713);
#1654=PLANE('',#6715);
#1655=PLANE('',#6717);
#1656=PLANE('',#6719);
#1657=PLANE('',#6721);
#1658=PLANE('',#6723);
#1659=PLANE('',#6724);
#1660=PLANE('',#6726);
#1661=PLANE('',#6728);
#1662=PLANE('',#6729);
#1663=PLANE('',#6731);
#1664=PLANE('',#6733);
#1665=PLANE('',#6734);
#1666=PLANE('',#6736);
#1667=PLANE('',#6738);
#1668=PLANE('',#6739);
#1669=PLANE('',#6740);
#1670=PLANE('',#6741);
#1671=PLANE('',#6742);
#1672=PLANE('',#6743);
#1673=PLANE('',#6744);
#1674=PLANE('',#6745);
#1675=PLANE('',#6746);
#1676=PLANE('',#6747);
#1677=PLANE('',#6748);
#1678=PLANE('',#6749);
#1679=PLANE('',#6750);
#1680=PLANE('',#6751);
#1681=PLANE('',#6752);
#1682=PLANE('',#6757);
#1683=PLANE('',#6759);
#1684=PLANE('',#6761);
#1685=PLANE('',#6767);
#1686=PLANE('',#6770);
#1687=PLANE('',#6775);
#1688=PLANE('',#6776);
#1689=PLANE('',#6777);
#1690=PLANE('',#6778);
#1691=PLANE('',#6779);
#1692=PLANE('',#6780);
#1693=PLANE('',#6781);
#1694=PLANE('',#6782);
#1695=PLANE('',#6783);
#1696=PLANE('',#6784);
#1697=PLANE('',#6785);
#1698=PLANE('',#6786);
#1699=PLANE('',#6787);
#1700=PLANE('',#6788);
#1701=PLANE('',#6789);
#1702=PLANE('',#6790);
#1703=PLANE('',#6791);
#1704=PLANE('',#6792);
#1705=PLANE('',#6793);
#1706=PLANE('',#6794);
#1707=PLANE('',#6795);
#1708=PLANE('',#6796);
#1709=PLANE('',#6797);
#1710=PLANE('',#6798);
#1711=PLANE('',#6799);
#1712=PLANE('',#6800);
#1713=PLANE('',#6801);
#1714=PLANE('',#6802);
#1715=PLANE('',#6803);
#1716=PLANE('',#6804);
#1717=PLANE('',#6805);
#1718=PLANE('',#6806);
#1719=PLANE('',#6807);
#1720=PLANE('',#6808);
#1721=FACE_OUTER_BOUND('',#2082,.T.);
#1722=FACE_OUTER_BOUND('',#2083,.T.);
#1723=FACE_OUTER_BOUND('',#2094,.T.);
#1724=FACE_OUTER_BOUND('',#2095,.T.);
#1725=FACE_OUTER_BOUND('',#2096,.T.);
#1726=FACE_OUTER_BOUND('',#2097,.T.);
#1727=FACE_OUTER_BOUND('',#2098,.T.);
#1728=FACE_OUTER_BOUND('',#2099,.T.);
#1729=FACE_OUTER_BOUND('',#2100,.T.);
#1730=FACE_OUTER_BOUND('',#2101,.T.);
#1731=FACE_OUTER_BOUND('',#2102,.T.);
#1732=FACE_OUTER_BOUND('',#2103,.T.);
#1733=FACE_OUTER_BOUND('',#2104,.T.);
#1734=FACE_OUTER_BOUND('',#2105,.T.);
#1735=FACE_OUTER_BOUND('',#2106,.T.);
#1736=FACE_OUTER_BOUND('',#2107,.T.);
#1737=FACE_OUTER_BOUND('',#2108,.T.);
#1738=FACE_OUTER_BOUND('',#2109,.T.);
#1739=FACE_OUTER_BOUND('',#2110,.T.);
#1740=FACE_OUTER_BOUND('',#2111,.T.);
#1741=FACE_OUTER_BOUND('',#2112,.T.);
#1742=FACE_OUTER_BOUND('',#2113,.T.);
#1743=FACE_OUTER_BOUND('',#2114,.T.);
#1744=FACE_OUTER_BOUND('',#2115,.T.);
#1745=FACE_OUTER_BOUND('',#2116,.T.);
#1746=FACE_OUTER_BOUND('',#2117,.T.);
#1747=FACE_OUTER_BOUND('',#2123,.T.);
#1748=FACE_OUTER_BOUND('',#2124,.T.);
#1749=FACE_OUTER_BOUND('',#2125,.T.);
#1750=FACE_OUTER_BOUND('',#2126,.T.);
#1751=FACE_OUTER_BOUND('',#2127,.T.);
#1752=FACE_OUTER_BOUND('',#2128,.T.);
#1753=FACE_OUTER_BOUND('',#2129,.T.);
#1754=FACE_OUTER_BOUND('',#2130,.T.);
#1755=FACE_OUTER_BOUND('',#2131,.T.);
#1756=FACE_OUTER_BOUND('',#2132,.T.);
#1757=FACE_OUTER_BOUND('',#2133,.T.);
#1758=FACE_OUTER_BOUND('',#2134,.T.);
#1759=FACE_OUTER_BOUND('',#2135,.T.);
#1760=FACE_OUTER_BOUND('',#2136,.T.);
#1761=FACE_OUTER_BOUND('',#2137,.T.);
#1762=FACE_OUTER_BOUND('',#2138,.T.);
#1763=FACE_OUTER_BOUND('',#2139,.T.);
#1764=FACE_OUTER_BOUND('',#2140,.T.);
#1765=FACE_OUTER_BOUND('',#2141,.T.);
#1766=FACE_OUTER_BOUND('',#2142,.T.);
#1767=FACE_OUTER_BOUND('',#2143,.T.);
#1768=FACE_OUTER_BOUND('',#2144,.T.);
#1769=FACE_OUTER_BOUND('',#2145,.T.);
#1770=FACE_OUTER_BOUND('',#2146,.T.);
#1771=FACE_OUTER_BOUND('',#2147,.T.);
#1772=FACE_OUTER_BOUND('',#2148,.T.);
#1773=FACE_OUTER_BOUND('',#2149,.T.);
#1774=FACE_OUTER_BOUND('',#2150,.T.);
#1775=FACE_OUTER_BOUND('',#2151,.T.);
#1776=FACE_OUTER_BOUND('',#2152,.T.);
#1777=FACE_OUTER_BOUND('',#2153,.T.);
#1778=FACE_OUTER_BOUND('',#2154,.T.);
#1779=FACE_OUTER_BOUND('',#2155,.T.);
#1780=FACE_OUTER_BOUND('',#2156,.T.);
#1781=FACE_OUTER_BOUND('',#2157,.T.);
#1782=FACE_OUTER_BOUND('',#2158,.T.);
#1783=FACE_OUTER_BOUND('',#2159,.T.);
#1784=FACE_OUTER_BOUND('',#2160,.T.);
#1785=FACE_OUTER_BOUND('',#2161,.T.);
#1786=FACE_OUTER_BOUND('',#2162,.T.);
#1787=FACE_OUTER_BOUND('',#2163,.T.);
#1788=FACE_OUTER_BOUND('',#2164,.T.);
#1789=FACE_OUTER_BOUND('',#2165,.T.);
#1790=FACE_OUTER_BOUND('',#2166,.T.);
#1791=FACE_OUTER_BOUND('',#2167,.T.);
#1792=FACE_OUTER_BOUND('',#2168,.T.);
#1793=FACE_OUTER_BOUND('',#2169,.T.);
#1794=FACE_OUTER_BOUND('',#2170,.T.);
#1795=FACE_OUTER_BOUND('',#2171,.T.);
#1796=FACE_OUTER_BOUND('',#2172,.T.);
#1797=FACE_OUTER_BOUND('',#2173,.T.);
#1798=FACE_OUTER_BOUND('',#2174,.T.);
#1799=FACE_OUTER_BOUND('',#2175,.T.);
#1800=FACE_OUTER_BOUND('',#2176,.T.);
#1801=FACE_OUTER_BOUND('',#2177,.T.);
#1802=FACE_OUTER_BOUND('',#2178,.T.);
#1803=FACE_OUTER_BOUND('',#2179,.T.);
#1804=FACE_OUTER_BOUND('',#2180,.T.);
#1805=FACE_OUTER_BOUND('',#2181,.T.);
#1806=FACE_OUTER_BOUND('',#2182,.T.);
#1807=FACE_OUTER_BOUND('',#2183,.T.);
#1808=FACE_OUTER_BOUND('',#2184,.T.);
#1809=FACE_OUTER_BOUND('',#2185,.T.);
#1810=FACE_OUTER_BOUND('',#2186,.T.);
#1811=FACE_OUTER_BOUND('',#2187,.T.);
#1812=FACE_OUTER_BOUND('',#2188,.T.);
#1813=FACE_OUTER_BOUND('',#2189,.T.);
#1814=FACE_OUTER_BOUND('',#2190,.T.);
#1815=FACE_OUTER_BOUND('',#2191,.T.);
#1816=FACE_OUTER_BOUND('',#2192,.T.);
#1817=FACE_OUTER_BOUND('',#2193,.T.);
#1818=FACE_OUTER_BOUND('',#2194,.T.);
#1819=FACE_OUTER_BOUND('',#2195,.T.);
#1820=FACE_OUTER_BOUND('',#2196,.T.);
#1821=FACE_OUTER_BOUND('',#2197,.T.);
#1822=FACE_OUTER_BOUND('',#2198,.T.);
#1823=FACE_OUTER_BOUND('',#2199,.T.);
#1824=FACE_OUTER_BOUND('',#2200,.T.);
#1825=FACE_OUTER_BOUND('',#2201,.T.);
#1826=FACE_OUTER_BOUND('',#2202,.T.);
#1827=FACE_OUTER_BOUND('',#2203,.T.);
#1828=FACE_OUTER_BOUND('',#2204,.T.);
#1829=FACE_OUTER_BOUND('',#2205,.T.);
#1830=FACE_OUTER_BOUND('',#2206,.T.);
#1831=FACE_OUTER_BOUND('',#2207,.T.);
#1832=FACE_OUTER_BOUND('',#2208,.T.);
#1833=FACE_OUTER_BOUND('',#2209,.T.);
#1834=FACE_OUTER_BOUND('',#2210,.T.);
#1835=FACE_OUTER_BOUND('',#2211,.T.);
#1836=FACE_OUTER_BOUND('',#2212,.T.);
#1837=FACE_OUTER_BOUND('',#2213,.T.);
#1838=FACE_OUTER_BOUND('',#2214,.T.);
#1839=FACE_OUTER_BOUND('',#2215,.T.);
#1840=FACE_OUTER_BOUND('',#2216,.T.);
#1841=FACE_OUTER_BOUND('',#2217,.T.);
#1842=FACE_OUTER_BOUND('',#2218,.T.);
#1843=FACE_OUTER_BOUND('',#2219,.T.);
#1844=FACE_OUTER_BOUND('',#2220,.T.);
#1845=FACE_OUTER_BOUND('',#2221,.T.);
#1846=FACE_OUTER_BOUND('',#2222,.T.);
#1847=FACE_OUTER_BOUND('',#2223,.T.);
#1848=FACE_OUTER_BOUND('',#2224,.T.);
#1849=FACE_OUTER_BOUND('',#2225,.T.);
#1850=FACE_OUTER_BOUND('',#2226,.T.);
#1851=FACE_OUTER_BOUND('',#2227,.T.);
#1852=FACE_OUTER_BOUND('',#2228,.T.);
#1853=FACE_OUTER_BOUND('',#2229,.T.);
#1854=FACE_OUTER_BOUND('',#2230,.T.);
#1855=FACE_OUTER_BOUND('',#2231,.T.);
#1856=FACE_OUTER_BOUND('',#2232,.T.);
#1857=FACE_OUTER_BOUND('',#2233,.T.);
#1858=FACE_OUTER_BOUND('',#2234,.T.);
#1859=FACE_OUTER_BOUND('',#2235,.T.);
#1860=FACE_OUTER_BOUND('',#2236,.T.);
#1861=FACE_OUTER_BOUND('',#2237,.T.);
#1862=FACE_OUTER_BOUND('',#2238,.T.);
#1863=FACE_OUTER_BOUND('',#2239,.T.);
#1864=FACE_OUTER_BOUND('',#2240,.T.);
#1865=FACE_OUTER_BOUND('',#2241,.T.);
#1866=FACE_OUTER_BOUND('',#2242,.T.);
#1867=FACE_OUTER_BOUND('',#2243,.T.);
#1868=FACE_OUTER_BOUND('',#2244,.T.);
#1869=FACE_OUTER_BOUND('',#2245,.T.);
#1870=FACE_OUTER_BOUND('',#2246,.T.);
#1871=FACE_OUTER_BOUND('',#2247,.T.);
#1872=FACE_OUTER_BOUND('',#2248,.T.);
#1873=FACE_OUTER_BOUND('',#2249,.T.);
#1874=FACE_OUTER_BOUND('',#2250,.T.);
#1875=FACE_OUTER_BOUND('',#2251,.T.);
#1876=FACE_OUTER_BOUND('',#2252,.T.);
#1877=FACE_OUTER_BOUND('',#2253,.T.);
#1878=FACE_OUTER_BOUND('',#2254,.T.);
#1879=FACE_OUTER_BOUND('',#2255,.T.);
#1880=FACE_OUTER_BOUND('',#2256,.T.);
#1881=FACE_OUTER_BOUND('',#2257,.T.);
#1882=FACE_OUTER_BOUND('',#2258,.T.);
#1883=FACE_OUTER_BOUND('',#2259,.T.);
#1884=FACE_OUTER_BOUND('',#2260,.T.);
#1885=FACE_OUTER_BOUND('',#2261,.T.);
#1886=FACE_OUTER_BOUND('',#2262,.T.);
#1887=FACE_OUTER_BOUND('',#2263,.T.);
#1888=FACE_OUTER_BOUND('',#2264,.T.);
#1889=FACE_OUTER_BOUND('',#2265,.T.);
#1890=FACE_OUTER_BOUND('',#2266,.T.);
#1891=FACE_OUTER_BOUND('',#2267,.T.);
#1892=FACE_OUTER_BOUND('',#2268,.T.);
#1893=FACE_OUTER_BOUND('',#2269,.T.);
#1894=FACE_OUTER_BOUND('',#2270,.T.);
#1895=FACE_OUTER_BOUND('',#2271,.T.);
#1896=FACE_OUTER_BOUND('',#2272,.T.);
#1897=FACE_OUTER_BOUND('',#2273,.T.);
#1898=FACE_OUTER_BOUND('',#2274,.T.);
#1899=FACE_OUTER_BOUND('',#2275,.T.);
#1900=FACE_OUTER_BOUND('',#2282,.T.);
#1901=FACE_OUTER_BOUND('',#2283,.T.);
#1902=FACE_OUTER_BOUND('',#2284,.T.);
#1903=FACE_OUTER_BOUND('',#2285,.T.);
#1904=FACE_OUTER_BOUND('',#2286,.T.);
#1905=FACE_OUTER_BOUND('',#2287,.T.);
#1906=FACE_OUTER_BOUND('',#2288,.T.);
#1907=FACE_OUTER_BOUND('',#2289,.T.);
#1908=FACE_OUTER_BOUND('',#2290,.T.);
#1909=FACE_OUTER_BOUND('',#2291,.T.);
#1910=FACE_OUTER_BOUND('',#2292,.T.);
#1911=FACE_OUTER_BOUND('',#2293,.T.);
#1912=FACE_OUTER_BOUND('',#2294,.T.);
#1913=FACE_OUTER_BOUND('',#2295,.T.);
#1914=FACE_OUTER_BOUND('',#2296,.T.);
#1915=FACE_OUTER_BOUND('',#2297,.T.);
#1916=FACE_OUTER_BOUND('',#2298,.T.);
#1917=FACE_OUTER_BOUND('',#2299,.T.);
#1918=FACE_OUTER_BOUND('',#2300,.T.);
#1919=FACE_OUTER_BOUND('',#2301,.T.);
#1920=FACE_OUTER_BOUND('',#2302,.T.);
#1921=FACE_OUTER_BOUND('',#2303,.T.);
#1922=FACE_OUTER_BOUND('',#2304,.T.);
#1923=FACE_OUTER_BOUND('',#2305,.T.);
#1924=FACE_OUTER_BOUND('',#2306,.T.);
#1925=FACE_OUTER_BOUND('',#2307,.T.);
#1926=FACE_OUTER_BOUND('',#2308,.T.);
#1927=FACE_OUTER_BOUND('',#2309,.T.);
#1928=FACE_OUTER_BOUND('',#2310,.T.);
#1929=FACE_OUTER_BOUND('',#2311,.T.);
#1930=FACE_OUTER_BOUND('',#2312,.T.);
#1931=FACE_OUTER_BOUND('',#2313,.T.);
#1932=FACE_OUTER_BOUND('',#2314,.T.);
#1933=FACE_OUTER_BOUND('',#2315,.T.);
#1934=FACE_OUTER_BOUND('',#2316,.T.);
#1935=FACE_OUTER_BOUND('',#2317,.T.);
#1936=FACE_OUTER_BOUND('',#2318,.T.);
#1937=FACE_OUTER_BOUND('',#2319,.T.);
#1938=FACE_OUTER_BOUND('',#2320,.T.);
#1939=FACE_OUTER_BOUND('',#2321,.T.);
#1940=FACE_OUTER_BOUND('',#2322,.T.);
#1941=FACE_OUTER_BOUND('',#2323,.T.);
#1942=FACE_OUTER_BOUND('',#2324,.T.);
#1943=FACE_OUTER_BOUND('',#2325,.T.);
#1944=FACE_OUTER_BOUND('',#2326,.T.);
#1945=FACE_OUTER_BOUND('',#2327,.T.);
#1946=FACE_OUTER_BOUND('',#2328,.T.);
#1947=FACE_OUTER_BOUND('',#2329,.T.);
#1948=FACE_OUTER_BOUND('',#2330,.T.);
#1949=FACE_OUTER_BOUND('',#2331,.T.);
#1950=FACE_OUTER_BOUND('',#2332,.T.);
#1951=FACE_OUTER_BOUND('',#2333,.T.);
#1952=FACE_OUTER_BOUND('',#2334,.T.);
#1953=FACE_OUTER_BOUND('',#2335,.T.);
#1954=FACE_OUTER_BOUND('',#2336,.T.);
#1955=FACE_OUTER_BOUND('',#2337,.T.);
#1956=FACE_OUTER_BOUND('',#2338,.T.);
#1957=FACE_OUTER_BOUND('',#2339,.T.);
#1958=FACE_OUTER_BOUND('',#2340,.T.);
#1959=FACE_OUTER_BOUND('',#2341,.T.);
#1960=FACE_OUTER_BOUND('',#2342,.T.);
#1961=FACE_OUTER_BOUND('',#2343,.T.);
#1962=FACE_OUTER_BOUND('',#2344,.T.);
#1963=FACE_OUTER_BOUND('',#2345,.T.);
#1964=FACE_OUTER_BOUND('',#2346,.T.);
#1965=FACE_OUTER_BOUND('',#2347,.T.);
#1966=FACE_OUTER_BOUND('',#2348,.T.);
#1967=FACE_OUTER_BOUND('',#2349,.T.);
#1968=FACE_OUTER_BOUND('',#2350,.T.);
#1969=FACE_OUTER_BOUND('',#2351,.T.);
#1970=FACE_OUTER_BOUND('',#2352,.T.);
#1971=FACE_OUTER_BOUND('',#2353,.T.);
#1972=FACE_OUTER_BOUND('',#2354,.T.);
#1973=FACE_OUTER_BOUND('',#2355,.T.);
#1974=FACE_OUTER_BOUND('',#2356,.T.);
#1975=FACE_OUTER_BOUND('',#2357,.T.);
#1976=FACE_OUTER_BOUND('',#2358,.T.);
#1977=FACE_OUTER_BOUND('',#2359,.T.);
#1978=FACE_OUTER_BOUND('',#2360,.T.);
#1979=FACE_OUTER_BOUND('',#2361,.T.);
#1980=FACE_OUTER_BOUND('',#2362,.T.);
#1981=FACE_OUTER_BOUND('',#2363,.T.);
#1982=FACE_OUTER_BOUND('',#2364,.T.);
#1983=FACE_OUTER_BOUND('',#2365,.T.);
#1984=FACE_OUTER_BOUND('',#2366,.T.);
#1985=FACE_OUTER_BOUND('',#2367,.T.);
#1986=FACE_OUTER_BOUND('',#2368,.T.);
#1987=FACE_OUTER_BOUND('',#2369,.T.);
#1988=FACE_OUTER_BOUND('',#2370,.T.);
#1989=FACE_OUTER_BOUND('',#2371,.T.);
#1990=FACE_OUTER_BOUND('',#2372,.T.);
#1991=FACE_OUTER_BOUND('',#2373,.T.);
#1992=FACE_OUTER_BOUND('',#2374,.T.);
#1993=FACE_OUTER_BOUND('',#2375,.T.);
#1994=FACE_OUTER_BOUND('',#2376,.T.);
#1995=FACE_OUTER_BOUND('',#2377,.T.);
#1996=FACE_OUTER_BOUND('',#2378,.T.);
#1997=FACE_OUTER_BOUND('',#2379,.T.);
#1998=FACE_OUTER_BOUND('',#2380,.T.);
#1999=FACE_OUTER_BOUND('',#2381,.T.);
#2000=FACE_OUTER_BOUND('',#2382,.T.);
#2001=FACE_OUTER_BOUND('',#2383,.T.);
#2002=FACE_OUTER_BOUND('',#2384,.T.);
#2003=FACE_OUTER_BOUND('',#2385,.T.);
#2004=FACE_OUTER_BOUND('',#2386,.T.);
#2005=FACE_OUTER_BOUND('',#2387,.T.);
#2006=FACE_OUTER_BOUND('',#2388,.T.);
#2007=FACE_OUTER_BOUND('',#2389,.T.);
#2008=FACE_OUTER_BOUND('',#2390,.T.);
#2009=FACE_OUTER_BOUND('',#2391,.T.);
#2010=FACE_OUTER_BOUND('',#2392,.T.);
#2011=FACE_OUTER_BOUND('',#2393,.T.);
#2012=FACE_OUTER_BOUND('',#2394,.T.);
#2013=FACE_OUTER_BOUND('',#2395,.T.);
#2014=FACE_OUTER_BOUND('',#2396,.T.);
#2015=FACE_OUTER_BOUND('',#2397,.T.);
#2016=FACE_OUTER_BOUND('',#2398,.T.);
#2017=FACE_OUTER_BOUND('',#2399,.T.);
#2018=FACE_OUTER_BOUND('',#2400,.T.);
#2019=FACE_OUTER_BOUND('',#2401,.T.);
#2020=FACE_OUTER_BOUND('',#2402,.T.);
#2021=FACE_OUTER_BOUND('',#2403,.T.);
#2022=FACE_OUTER_BOUND('',#2404,.T.);
#2023=FACE_OUTER_BOUND('',#2405,.T.);
#2024=FACE_OUTER_BOUND('',#2406,.T.);
#2025=FACE_OUTER_BOUND('',#2407,.T.);
#2026=FACE_OUTER_BOUND('',#2408,.T.);
#2027=FACE_OUTER_BOUND('',#2409,.T.);
#2028=FACE_OUTER_BOUND('',#2410,.T.);
#2029=FACE_OUTER_BOUND('',#2411,.T.);
#2030=FACE_OUTER_BOUND('',#2412,.T.);
#2031=FACE_OUTER_BOUND('',#2413,.T.);
#2032=FACE_OUTER_BOUND('',#2414,.T.);
#2033=FACE_OUTER_BOUND('',#2415,.T.);
#2034=FACE_OUTER_BOUND('',#2416,.T.);
#2035=FACE_OUTER_BOUND('',#2417,.T.);
#2036=FACE_OUTER_BOUND('',#2418,.T.);
#2037=FACE_OUTER_BOUND('',#2419,.T.);
#2038=FACE_OUTER_BOUND('',#2420,.T.);
#2039=FACE_OUTER_BOUND('',#2421,.T.);
#2040=FACE_OUTER_BOUND('',#2422,.T.);
#2041=FACE_OUTER_BOUND('',#2423,.T.);
#2042=FACE_OUTER_BOUND('',#2424,.T.);
#2043=FACE_OUTER_BOUND('',#2425,.T.);
#2044=FACE_OUTER_BOUND('',#2426,.T.);
#2045=FACE_OUTER_BOUND('',#2427,.T.);
#2046=FACE_OUTER_BOUND('',#2428,.T.);
#2047=FACE_OUTER_BOUND('',#2429,.T.);
#2048=FACE_OUTER_BOUND('',#2430,.T.);
#2049=FACE_OUTER_BOUND('',#2431,.T.);
#2050=FACE_OUTER_BOUND('',#2432,.T.);
#2051=FACE_OUTER_BOUND('',#2433,.T.);
#2052=FACE_OUTER_BOUND('',#2434,.T.);
#2053=FACE_OUTER_BOUND('',#2435,.T.);
#2054=FACE_OUTER_BOUND('',#2436,.T.);
#2055=FACE_OUTER_BOUND('',#2437,.T.);
#2056=FACE_OUTER_BOUND('',#2438,.T.);
#2057=FACE_OUTER_BOUND('',#2439,.T.);
#2058=FACE_OUTER_BOUND('',#2440,.T.);
#2059=FACE_OUTER_BOUND('',#2441,.T.);
#2060=FACE_OUTER_BOUND('',#2442,.T.);
#2061=FACE_OUTER_BOUND('',#2443,.T.);
#2062=FACE_OUTER_BOUND('',#2444,.T.);
#2063=FACE_OUTER_BOUND('',#2445,.T.);
#2064=FACE_OUTER_BOUND('',#2446,.T.);
#2065=FACE_OUTER_BOUND('',#2447,.T.);
#2066=FACE_OUTER_BOUND('',#2448,.T.);
#2067=FACE_OUTER_BOUND('',#2449,.T.);
#2068=FACE_OUTER_BOUND('',#2450,.T.);
#2069=FACE_OUTER_BOUND('',#2451,.T.);
#2070=FACE_OUTER_BOUND('',#2452,.T.);
#2071=FACE_OUTER_BOUND('',#2453,.T.);
#2072=FACE_OUTER_BOUND('',#2454,.T.);
#2073=FACE_OUTER_BOUND('',#2455,.T.);
#2074=FACE_OUTER_BOUND('',#2456,.T.);
#2075=FACE_OUTER_BOUND('',#2457,.T.);
#2076=FACE_OUTER_BOUND('',#2458,.T.);
#2077=FACE_OUTER_BOUND('',#2459,.T.);
#2078=FACE_OUTER_BOUND('',#2460,.T.);
#2079=FACE_OUTER_BOUND('',#2461,.T.);
#2080=FACE_OUTER_BOUND('',#2462,.T.);
#2081=FACE_OUTER_BOUND('',#2463,.T.);
#2082=EDGE_LOOP('',(#4194,#4195,#4196,#4197));
#2083=EDGE_LOOP('',(#4198,#4199,#4200,#4201,#4202,#4203,#4204,#4205,#4206));
#2084=EDGE_LOOP('',(#4207));
#2085=EDGE_LOOP('',(#4208));
#2086=EDGE_LOOP('',(#4209));
#2087=EDGE_LOOP('',(#4210));
#2088=EDGE_LOOP('',(#4211,#4212,#4213,#4214,#4215,#4216,#4217,#4218));
#2089=EDGE_LOOP('',(#4219,#4220,#4221,#4222,#4223,#4224,#4225,#4226,#4227,
#4228,#4229,#4230,#4231,#4232,#4233,#4234,#4235,#4236,#4237,#4238));
#2090=EDGE_LOOP('',(#4239));
#2091=EDGE_LOOP('',(#4240));
#2092=EDGE_LOOP('',(#4241));
#2093=EDGE_LOOP('',(#4242));
#2094=EDGE_LOOP('',(#4243,#4244,#4245,#4246));
#2095=EDGE_LOOP('',(#4247,#4248,#4249,#4250));
#2096=EDGE_LOOP('',(#4251,#4252,#4253,#4254));
#2097=EDGE_LOOP('',(#4255,#4256,#4257,#4258));
#2098=EDGE_LOOP('',(#4259,#4260,#4261,#4262));
#2099=EDGE_LOOP('',(#4263,#4264,#4265,#4266));
#2100=EDGE_LOOP('',(#4267,#4268,#4269,#4270));
#2101=EDGE_LOOP('',(#4271,#4272,#4273,#4274));
#2102=EDGE_LOOP('',(#4275,#4276,#4277,#4278));
#2103=EDGE_LOOP('',(#4279,#4280,#4281,#4282));
#2104=EDGE_LOOP('',(#4283,#4284,#4285,#4286));
#2105=EDGE_LOOP('',(#4287,#4288,#4289,#4290));
#2106=EDGE_LOOP('',(#4291,#4292,#4293,#4294));
#2107=EDGE_LOOP('',(#4295,#4296,#4297,#4298));
#2108=EDGE_LOOP('',(#4299,#4300,#4301,#4302));
#2109=EDGE_LOOP('',(#4303));
#2110=EDGE_LOOP('',(#4304));
#2111=EDGE_LOOP('',(#4305));
#2112=EDGE_LOOP('',(#4306));
#2113=EDGE_LOOP('',(#4307));
#2114=EDGE_LOOP('',(#4308));
#2115=EDGE_LOOP('',(#4309));
#2116=EDGE_LOOP('',(#4310));
#2117=EDGE_LOOP('',(#4311,#4312,#4313,#4314,#4315,#4316));
#2118=EDGE_LOOP('',(#4317,#4318,#4319,#4320,#4321,#4322,#4323,#4324,#4325,
#4326,#4327,#4328,#4329,#4330,#4331,#4332,#4333,#4334,#4335,#4336,#4337,
#4338,#4339,#4340,#4341,#4342,#4343,#4344,#4345,#4346,#4347,#4348,#4349,
#4350,#4351,#4352,#4353,#4354,#4355,#4356,#4357,#4358,#4359,#4360,#4361,
#4362,#4363,#4364,#4365,#4366,#4367,#4368,#4369,#4370,#4371,#4372,#4373,
#4374,#4375,#4376,#4377,#4378,#4379,#4380,#4381,#4382,#4383,#4384,#4385,
#4386,#4387,#4388,#4389,#4390,#4391,#4392,#4393,#4394,#4395,#4396,#4397,
#4398,#4399,#4400,#4401,#4402,#4403,#4404,#4405,#4406,#4407,#4408,#4409,
#4410,#4411,#4412,#4413,#4414,#4415,#4416,#4417,#4418,#4419,#4420,#4421,
#4422,#4423,#4424,#4425,#4426,#4427,#4428,#4429,#4430,#4431,#4432,#4433,
#4434,#4435,#4436,#4437,#4438,#4439,#4440,#4441,#4442,#4443,#4444,#4445,
#4446,#4447,#4448,#4449,#4450,#4451,#4452,#4453,#4454,#4455,#4456,#4457,
#4458,#4459,#4460,#4461,#4462,#4463,#4464,#4465,#4466,#4467,#4468,#4469,
#4470,#4471,#4472,#4473,#4474,#4475,#4476,#4477,#4478,#4479,#4480,#4481,
#4482,#4483,#4484,#4485,#4486,#4487,#4488));
#2119=EDGE_LOOP('',(#4489));
#2120=EDGE_LOOP('',(#4490));
#2121=EDGE_LOOP('',(#4491));
#2122=EDGE_LOOP('',(#4492));
#2123=EDGE_LOOP('',(#4493,#4494,#4495,#4496,#4497,#4498,#4499,#4500));
#2124=EDGE_LOOP('',(#4501,#4502,#4503,#4504));
#2125=EDGE_LOOP('',(#4505,#4506,#4507,#4508));
#2126=EDGE_LOOP('',(#4509,#4510,#4511,#4512));
#2127=EDGE_LOOP('',(#4513,#4514,#4515,#4516));
#2128=EDGE_LOOP('',(#4517,#4518,#4519,#4520));
#2129=EDGE_LOOP('',(#4521,#4522,#4523,#4524));
#2130=EDGE_LOOP('',(#4525,#4526,#4527,#4528));
#2131=EDGE_LOOP('',(#4529,#4530,#4531,#4532));
#2132=EDGE_LOOP('',(#4533,#4534,#4535,#4536));
#2133=EDGE_LOOP('',(#4537,#4538,#4539,#4540));
#2134=EDGE_LOOP('',(#4541,#4542,#4543,#4544));
#2135=EDGE_LOOP('',(#4545,#4546,#4547,#4548,#4549,#4550));
#2136=EDGE_LOOP('',(#4551,#4552,#4553,#4554));
#2137=EDGE_LOOP('',(#4555,#4556,#4557,#4558));
#2138=EDGE_LOOP('',(#4559,#4560,#4561,#4562,#4563,#4564));
#2139=EDGE_LOOP('',(#4565,#4566,#4567,#4568,#4569,#4570,#4571,#4572));
#2140=EDGE_LOOP('',(#4573,#4574,#4575,#4576));
#2141=EDGE_LOOP('',(#4577,#4578,#4579,#4580));
#2142=EDGE_LOOP('',(#4581,#4582,#4583,#4584));
#2143=EDGE_LOOP('',(#4585,#4586,#4587,#4588));
#2144=EDGE_LOOP('',(#4589,#4590,#4591,#4592));
#2145=EDGE_LOOP('',(#4593,#4594,#4595,#4596,#4597,#4598,#4599,#4600,#4601,
#4602,#4603));
#2146=EDGE_LOOP('',(#4604,#4605,#4606,#4607,#4608,#4609,#4610,#4611,#4612,
#4613,#4614,#4615,#4616,#4617,#4618,#4619,#4620,#4621,#4622,#4623));
#2147=EDGE_LOOP('',(#4624,#4625,#4626,#4627,#4628,#4629,#4630,#4631,#4632,
#4633,#4634));
#2148=EDGE_LOOP('',(#4635,#4636,#4637,#4638,#4639,#4640,#4641,#4642,#4643,
#4644,#4645,#4646,#4647,#4648,#4649,#4650,#4651,#4652,#4653));
#2149=EDGE_LOOP('',(#4654,#4655,#4656,#4657,#4658,#4659,#4660,#4661,#4662,
#4663));
#2150=EDGE_LOOP('',(#4664,#4665,#4666,#4667,#4668,#4669,#4670,#4671,#4672,
#4673,#4674));
#2151=EDGE_LOOP('',(#4675));
#2152=EDGE_LOOP('',(#4676));
#2153=EDGE_LOOP('',(#4677,#4678,#4679,#4680));
#2154=EDGE_LOOP('',(#4681,#4682,#4683,#4684));
#2155=EDGE_LOOP('',(#4685,#4686,#4687,#4688));
#2156=EDGE_LOOP('',(#4689,#4690,#4691,#4692));
#2157=EDGE_LOOP('',(#4693,#4694,#4695,#4696));
#2158=EDGE_LOOP('',(#4697,#4698,#4699,#4700));
#2159=EDGE_LOOP('',(#4701,#4702,#4703,#4704));
#2160=EDGE_LOOP('',(#4705,#4706,#4707,#4708));
#2161=EDGE_LOOP('',(#4709,#4710,#4711,#4712));
#2162=EDGE_LOOP('',(#4713,#4714,#4715,#4716));
#2163=EDGE_LOOP('',(#4717,#4718,#4719,#4720));
#2164=EDGE_LOOP('',(#4721,#4722,#4723,#4724));
#2165=EDGE_LOOP('',(#4725,#4726,#4727,#4728));
#2166=EDGE_LOOP('',(#4729,#4730,#4731,#4732));
#2167=EDGE_LOOP('',(#4733,#4734,#4735,#4736));
#2168=EDGE_LOOP('',(#4737,#4738,#4739,#4740));
#2169=EDGE_LOOP('',(#4741,#4742,#4743,#4744,#4745,#4746,#4747,#4748,#4749,
#4750));
#2170=EDGE_LOOP('',(#4751,#4752,#4753,#4754));
#2171=EDGE_LOOP('',(#4755,#4756,#4757,#4758));
#2172=EDGE_LOOP('',(#4759,#4760,#4761,#4762));
#2173=EDGE_LOOP('',(#4763,#4764,#4765,#4766,#4767,#4768,#4769,#4770,#4771,
#4772));
#2174=EDGE_LOOP('',(#4773,#4774,#4775,#4776));
#2175=EDGE_LOOP('',(#4777,#4778,#4779,#4780));
#2176=EDGE_LOOP('',(#4781,#4782,#4783,#4784));
#2177=EDGE_LOOP('',(#4785,#4786,#4787,#4788));
#2178=EDGE_LOOP('',(#4789,#4790,#4791,#4792));
#2179=EDGE_LOOP('',(#4793));
#2180=EDGE_LOOP('',(#4794));
#2181=EDGE_LOOP('',(#4795,#4796,#4797,#4798));
#2182=EDGE_LOOP('',(#4799,#4800,#4801,#4802));
#2183=EDGE_LOOP('',(#4803,#4804,#4805,#4806));
#2184=EDGE_LOOP('',(#4807,#4808,#4809,#4810));
#2185=EDGE_LOOP('',(#4811,#4812,#4813,#4814));
#2186=EDGE_LOOP('',(#4815,#4816,#4817,#4818));
#2187=EDGE_LOOP('',(#4819,#4820,#4821,#4822));
#2188=EDGE_LOOP('',(#4823,#4824,#4825,#4826));
#2189=EDGE_LOOP('',(#4827,#4828,#4829,#4830));
#2190=EDGE_LOOP('',(#4831,#4832,#4833,#4834));
#2191=EDGE_LOOP('',(#4835,#4836,#4837,#4838));
#2192=EDGE_LOOP('',(#4839,#4840,#4841,#4842));
#2193=EDGE_LOOP('',(#4843,#4844,#4845,#4846));
#2194=EDGE_LOOP('',(#4847,#4848,#4849,#4850));
#2195=EDGE_LOOP('',(#4851,#4852,#4853,#4854));
#2196=EDGE_LOOP('',(#4855,#4856,#4857,#4858));
#2197=EDGE_LOOP('',(#4859,#4860,#4861,#4862));
#2198=EDGE_LOOP('',(#4863,#4864,#4865,#4866));
#2199=EDGE_LOOP('',(#4867,#4868,#4869,#4870));
#2200=EDGE_LOOP('',(#4871,#4872,#4873,#4874));
#2201=EDGE_LOOP('',(#4875,#4876,#4877,#4878));
#2202=EDGE_LOOP('',(#4879,#4880,#4881,#4882));
#2203=EDGE_LOOP('',(#4883,#4884,#4885,#4886));
#2204=EDGE_LOOP('',(#4887,#4888,#4889,#4890));
#2205=EDGE_LOOP('',(#4891,#4892,#4893,#4894));
#2206=EDGE_LOOP('',(#4895,#4896,#4897,#4898));
#2207=EDGE_LOOP('',(#4899,#4900,#4901,#4902));
#2208=EDGE_LOOP('',(#4903,#4904,#4905,#4906));
#2209=EDGE_LOOP('',(#4907,#4908,#4909,#4910));
#2210=EDGE_LOOP('',(#4911,#4912,#4913,#4914));
#2211=EDGE_LOOP('',(#4915,#4916,#4917,#4918));
#2212=EDGE_LOOP('',(#4919,#4920,#4921,#4922));
#2213=EDGE_LOOP('',(#4923,#4924,#4925,#4926));
#2214=EDGE_LOOP('',(#4927,#4928,#4929,#4930));
#2215=EDGE_LOOP('',(#4931,#4932,#4933,#4934));
#2216=EDGE_LOOP('',(#4935,#4936,#4937,#4938));
#2217=EDGE_LOOP('',(#4939,#4940,#4941,#4942));
#2218=EDGE_LOOP('',(#4943,#4944,#4945,#4946));
#2219=EDGE_LOOP('',(#4947,#4948,#4949,#4950));
#2220=EDGE_LOOP('',(#4951,#4952,#4953,#4954));
#2221=EDGE_LOOP('',(#4955,#4956,#4957,#4958));
#2222=EDGE_LOOP('',(#4959,#4960,#4961,#4962));
#2223=EDGE_LOOP('',(#4963,#4964,#4965,#4966));
#2224=EDGE_LOOP('',(#4967,#4968,#4969,#4970));
#2225=EDGE_LOOP('',(#4971,#4972,#4973,#4974));
#2226=EDGE_LOOP('',(#4975,#4976,#4977,#4978));
#2227=EDGE_LOOP('',(#4979,#4980,#4981,#4982));
#2228=EDGE_LOOP('',(#4983,#4984,#4985,#4986));
#2229=EDGE_LOOP('',(#4987,#4988,#4989,#4990));
#2230=EDGE_LOOP('',(#4991,#4992,#4993,#4994));
#2231=EDGE_LOOP('',(#4995,#4996,#4997,#4998));
#2232=EDGE_LOOP('',(#4999,#5000,#5001,#5002));
#2233=EDGE_LOOP('',(#5003,#5004,#5005,#5006));
#2234=EDGE_LOOP('',(#5007,#5008,#5009,#5010));
#2235=EDGE_LOOP('',(#5011,#5012,#5013,#5014));
#2236=EDGE_LOOP('',(#5015,#5016,#5017,#5018));
#2237=EDGE_LOOP('',(#5019,#5020,#5021,#5022));
#2238=EDGE_LOOP('',(#5023,#5024,#5025,#5026));
#2239=EDGE_LOOP('',(#5027,#5028,#5029,#5030));
#2240=EDGE_LOOP('',(#5031,#5032,#5033,#5034));
#2241=EDGE_LOOP('',(#5035,#5036,#5037,#5038));
#2242=EDGE_LOOP('',(#5039,#5040,#5041,#5042));
#2243=EDGE_LOOP('',(#5043,#5044,#5045,#5046));
#2244=EDGE_LOOP('',(#5047,#5048,#5049,#5050));
#2245=EDGE_LOOP('',(#5051,#5052,#5053,#5054));
#2246=EDGE_LOOP('',(#5055,#5056,#5057,#5058));
#2247=EDGE_LOOP('',(#5059,#5060,#5061,#5062));
#2248=EDGE_LOOP('',(#5063,#5064,#5065,#5066));
#2249=EDGE_LOOP('',(#5067,#5068,#5069,#5070));
#2250=EDGE_LOOP('',(#5071,#5072,#5073,#5074));
#2251=EDGE_LOOP('',(#5075,#5076,#5077,#5078));
#2252=EDGE_LOOP('',(#5079,#5080,#5081,#5082));
#2253=EDGE_LOOP('',(#5083,#5084,#5085,#5086));
#2254=EDGE_LOOP('',(#5087,#5088,#5089,#5090));
#2255=EDGE_LOOP('',(#5091,#5092,#5093,#5094));
#2256=EDGE_LOOP('',(#5095,#5096,#5097,#5098));
#2257=EDGE_LOOP('',(#5099,#5100,#5101,#5102));
#2258=EDGE_LOOP('',(#5103,#5104,#5105,#5106));
#2259=EDGE_LOOP('',(#5107,#5108,#5109,#5110));
#2260=EDGE_LOOP('',(#5111,#5112,#5113,#5114));
#2261=EDGE_LOOP('',(#5115,#5116,#5117,#5118));
#2262=EDGE_LOOP('',(#5119,#5120,#5121,#5122));
#2263=EDGE_LOOP('',(#5123,#5124,#5125,#5126));
#2264=EDGE_LOOP('',(#5127,#5128,#5129,#5130));
#2265=EDGE_LOOP('',(#5131,#5132,#5133,#5134));
#2266=EDGE_LOOP('',(#5135,#5136,#5137,#5138));
#2267=EDGE_LOOP('',(#5139,#5140,#5141,#5142));
#2268=EDGE_LOOP('',(#5143,#5144,#5145,#5146));
#2269=EDGE_LOOP('',(#5147,#5148,#5149,#5150));
#2270=EDGE_LOOP('',(#5151,#5152,#5153,#5154,#5155));
#2271=EDGE_LOOP('',(#5156,#5157,#5158,#5159));
#2272=EDGE_LOOP('',(#5160,#5161,#5162,#5163,#5164));
#2273=EDGE_LOOP('',(#5165,#5166,#5167,#5168));
#2274=EDGE_LOOP('',(#5169,#5170,#5171,#5172));
#2275=EDGE_LOOP('',(#5173,#5174,#5175,#5176,#5177,#5178,#5179,#5180,#5181,
#5182,#5183,#5184,#5185,#5186,#5187,#5188,#5189,#5190,#5191,#5192,#5193,
#5194,#5195,#5196,#5197,#5198,#5199,#5200,#5201,#5202,#5203,#5204,#5205,
#5206,#5207,#5208,#5209,#5210,#5211,#5212,#5213,#5214,#5215,#5216,#5217,
#5218,#5219,#5220,#5221,#5222,#5223,#5224,#5225,#5226,#5227,#5228,#5229,
#5230,#5231,#5232,#5233,#5234,#5235,#5236,#5237,#5238,#5239,#5240,#5241,
#5242,#5243,#5244,#5245,#5246,#5247,#5248,#5249,#5250,#5251,#5252,#5253,
#5254,#5255,#5256,#5257,#5258,#5259,#5260,#5261,#5262,#5263,#5264,#5265,
#5266,#5267,#5268,#5269,#5270,#5271,#5272,#5273,#5274,#5275,#5276,#5277,
#5278,#5279,#5280,#5281,#5282,#5283,#5284,#5285,#5286,#5287,#5288,#5289,
#5290,#5291,#5292,#5293,#5294,#5295,#5296,#5297,#5298,#5299,#5300,#5301,
#5302,#5303,#5304,#5305,#5306,#5307,#5308,#5309,#5310,#5311,#5312,#5313,
#5314,#5315,#5316,#5317,#5318,#5319,#5320,#5321,#5322,#5323,#5324,#5325,
#5326,#5327,#5328,#5329,#5330,#5331,#5332,#5333,#5334,#5335,#5336,#5337,
#5338,#5339,#5340,#5341,#5342,#5343,#5344));
#2276=EDGE_LOOP('',(#5345,#5346,#5347,#5348,#5349,#5350,#5351,#5352,#5353,
#5354,#5355));
#2277=EDGE_LOOP('',(#5356,#5357,#5358,#5359,#5360,#5361,#5362,#5363,#5364,
#5365));
#2278=EDGE_LOOP('',(#5366,#5367,#5368,#5369,#5370,#5371,#5372,#5373,#5374,
#5375,#5376,#5377,#5378,#5379,#5380,#5381,#5382,#5383,#5384));
#2279=EDGE_LOOP('',(#5385,#5386,#5387,#5388,#5389,#5390,#5391,#5392,#5393,
#5394,#5395));
#2280=EDGE_LOOP('',(#5396,#5397,#5398,#5399,#5400,#5401,#5402,#5403,#5404,
#5405,#5406,#5407,#5408,#5409,#5410,#5411,#5412,#5413,#5414,#5415));
#2281=EDGE_LOOP('',(#5416,#5417,#5418,#5419,#5420,#5421,#5422,#5423,#5424,
#5425,#5426));
#2282=EDGE_LOOP('',(#5427,#5428,#5429,#5430));
#2283=EDGE_LOOP('',(#5431,#5432,#5433,#5434));
#2284=EDGE_LOOP('',(#5435,#5436,#5437,#5438,#5439,#5440));
#2285=EDGE_LOOP('',(#5441,#5442,#5443,#5444));
#2286=EDGE_LOOP('',(#5445,#5446,#5447,#5448,#5449,#5450));
#2287=EDGE_LOOP('',(#5451,#5452,#5453,#5454));
#2288=EDGE_LOOP('',(#5455,#5456,#5457,#5458,#5459));
#2289=EDGE_LOOP('',(#5460,#5461,#5462,#5463,#5464,#5465));
#2290=EDGE_LOOP('',(#5466,#5467,#5468,#5469));
#2291=EDGE_LOOP('',(#5470,#5471,#5472,#5473));
#2292=EDGE_LOOP('',(#5474,#5475,#5476,#5477));
#2293=EDGE_LOOP('',(#5478,#5479,#5480,#5481));
#2294=EDGE_LOOP('',(#5482,#5483,#5484,#5485));
#2295=EDGE_LOOP('',(#5486,#5487,#5488,#5489));
#2296=EDGE_LOOP('',(#5490,#5491,#5492,#5493));
#2297=EDGE_LOOP('',(#5494,#5495,#5496,#5497));
#2298=EDGE_LOOP('',(#5498,#5499,#5500,#5501));
#2299=EDGE_LOOP('',(#5502,#5503,#5504,#5505));
#2300=EDGE_LOOP('',(#5506,#5507,#5508,#5509));
#2301=EDGE_LOOP('',(#5510,#5511,#5512,#5513));
#2302=EDGE_LOOP('',(#5514,#5515,#5516,#5517));
#2303=EDGE_LOOP('',(#5518,#5519,#5520,#5521));
#2304=EDGE_LOOP('',(#5522,#5523,#5524,#5525));
#2305=EDGE_LOOP('',(#5526,#5527,#5528,#5529));
#2306=EDGE_LOOP('',(#5530,#5531,#5532,#5533));
#2307=EDGE_LOOP('',(#5534,#5535,#5536,#5537));
#2308=EDGE_LOOP('',(#5538,#5539,#5540,#5541));
#2309=EDGE_LOOP('',(#5542,#5543,#5544,#5545));
#2310=EDGE_LOOP('',(#5546,#5547,#5548,#5549));
#2311=EDGE_LOOP('',(#5550,#5551,#5552,#5553));
#2312=EDGE_LOOP('',(#5554,#5555,#5556,#5557));
#2313=EDGE_LOOP('',(#5558,#5559,#5560,#5561));
#2314=EDGE_LOOP('',(#5562,#5563,#5564,#5565));
#2315=EDGE_LOOP('',(#5566,#5567,#5568,#5569));
#2316=EDGE_LOOP('',(#5570,#5571,#5572,#5573));
#2317=EDGE_LOOP('',(#5574,#5575,#5576,#5577));
#2318=EDGE_LOOP('',(#5578,#5579,#5580,#5581));
#2319=EDGE_LOOP('',(#5582,#5583,#5584,#5585));
#2320=EDGE_LOOP('',(#5586,#5587,#5588,#5589));
#2321=EDGE_LOOP('',(#5590,#5591,#5592,#5593));
#2322=EDGE_LOOP('',(#5594,#5595,#5596,#5597));
#2323=EDGE_LOOP('',(#5598,#5599,#5600,#5601));
#2324=EDGE_LOOP('',(#5602,#5603,#5604,#5605));
#2325=EDGE_LOOP('',(#5606,#5607,#5608,#5609));
#2326=EDGE_LOOP('',(#5610,#5611,#5612,#5613));
#2327=EDGE_LOOP('',(#5614,#5615,#5616,#5617));
#2328=EDGE_LOOP('',(#5618,#5619,#5620,#5621));
#2329=EDGE_LOOP('',(#5622,#5623,#5624,#5625));
#2330=EDGE_LOOP('',(#5626,#5627,#5628,#5629));
#2331=EDGE_LOOP('',(#5630,#5631,#5632,#5633));
#2332=EDGE_LOOP('',(#5634,#5635,#5636,#5637));
#2333=EDGE_LOOP('',(#5638,#5639,#5640,#5641));
#2334=EDGE_LOOP('',(#5642,#5643,#5644,#5645));
#2335=EDGE_LOOP('',(#5646,#5647,#5648,#5649));
#2336=EDGE_LOOP('',(#5650,#5651,#5652,#5653));
#2337=EDGE_LOOP('',(#5654,#5655,#5656,#5657));
#2338=EDGE_LOOP('',(#5658,#5659,#5660,#5661));
#2339=EDGE_LOOP('',(#5662,#5663,#5664,#5665));
#2340=EDGE_LOOP('',(#5666,#5667,#5668,#5669));
#2341=EDGE_LOOP('',(#5670,#5671,#5672,#5673));
#2342=EDGE_LOOP('',(#5674,#5675,#5676,#5677));
#2343=EDGE_LOOP('',(#5678,#5679,#5680,#5681));
#2344=EDGE_LOOP('',(#5682,#5683,#5684,#5685));
#2345=EDGE_LOOP('',(#5686,#5687,#5688,#5689));
#2346=EDGE_LOOP('',(#5690,#5691,#5692,#5693));
#2347=EDGE_LOOP('',(#5694,#5695,#5696,#5697));
#2348=EDGE_LOOP('',(#5698,#5699,#5700,#5701));
#2349=EDGE_LOOP('',(#5702,#5703,#5704,#5705));
#2350=EDGE_LOOP('',(#5706,#5707,#5708,#5709));
#2351=EDGE_LOOP('',(#5710,#5711,#5712,#5713));
#2352=EDGE_LOOP('',(#5714,#5715,#5716,#5717));
#2353=EDGE_LOOP('',(#5718,#5719,#5720,#5721));
#2354=EDGE_LOOP('',(#5722,#5723,#5724,#5725));
#2355=EDGE_LOOP('',(#5726,#5727,#5728,#5729));
#2356=EDGE_LOOP('',(#5730,#5731,#5732,#5733));
#2357=EDGE_LOOP('',(#5734,#5735,#5736,#5737));
#2358=EDGE_LOOP('',(#5738,#5739,#5740,#5741));
#2359=EDGE_LOOP('',(#5742,#5743,#5744,#5745));
#2360=EDGE_LOOP('',(#5746,#5747,#5748,#5749));
#2361=EDGE_LOOP('',(#5750,#5751,#5752,#5753));
#2362=EDGE_LOOP('',(#5754,#5755,#5756,#5757));
#2363=EDGE_LOOP('',(#5758,#5759,#5760,#5761));
#2364=EDGE_LOOP('',(#5762,#5763,#5764,#5765));
#2365=EDGE_LOOP('',(#5766,#5767,#5768,#5769));
#2366=EDGE_LOOP('',(#5770,#5771,#5772,#5773));
#2367=EDGE_LOOP('',(#5774,#5775,#5776,#5777));
#2368=EDGE_LOOP('',(#5778,#5779,#5780,#5781));
#2369=EDGE_LOOP('',(#5782,#5783,#5784,#5785));
#2370=EDGE_LOOP('',(#5786,#5787,#5788,#5789));
#2371=EDGE_LOOP('',(#5790,#5791,#5792,#5793));
#2372=EDGE_LOOP('',(#5794,#5795,#5796,#5797));
#2373=EDGE_LOOP('',(#5798,#5799,#5800,#5801));
#2374=EDGE_LOOP('',(#5802,#5803,#5804,#5805));
#2375=EDGE_LOOP('',(#5806,#5807,#5808,#5809));
#2376=EDGE_LOOP('',(#5810,#5811,#5812,#5813));
#2377=EDGE_LOOP('',(#5814,#5815,#5816,#5817));
#2378=EDGE_LOOP('',(#5818,#5819,#5820,#5821));
#2379=EDGE_LOOP('',(#5822,#5823,#5824,#5825));
#2380=EDGE_LOOP('',(#5826,#5827,#5828,#5829));
#2381=EDGE_LOOP('',(#5830,#5831,#5832,#5833));
#2382=EDGE_LOOP('',(#5834,#5835,#5836,#5837));
#2383=EDGE_LOOP('',(#5838,#5839,#5840,#5841));
#2384=EDGE_LOOP('',(#5842,#5843,#5844,#5845));
#2385=EDGE_LOOP('',(#5846,#5847,#5848,#5849));
#2386=EDGE_LOOP('',(#5850,#5851,#5852,#5853));
#2387=EDGE_LOOP('',(#5854,#5855,#5856,#5857));
#2388=EDGE_LOOP('',(#5858,#5859,#5860,#5861));
#2389=EDGE_LOOP('',(#5862,#5863,#5864,#5865));
#2390=EDGE_LOOP('',(#5866,#5867,#5868,#5869));
#2391=EDGE_LOOP('',(#5870,#5871,#5872,#5873));
#2392=EDGE_LOOP('',(#5874,#5875,#5876,#5877));
#2393=EDGE_LOOP('',(#5878,#5879,#5880,#5881));
#2394=EDGE_LOOP('',(#5882,#5883,#5884,#5885));
#2395=EDGE_LOOP('',(#5886,#5887,#5888,#5889));
#2396=EDGE_LOOP('',(#5890,#5891,#5892,#5893));
#2397=EDGE_LOOP('',(#5894,#5895,#5896,#5897));
#2398=EDGE_LOOP('',(#5898,#5899,#5900,#5901));
#2399=EDGE_LOOP('',(#5902,#5903,#5904,#5905));
#2400=EDGE_LOOP('',(#5906,#5907,#5908,#5909));
#2401=EDGE_LOOP('',(#5910,#5911,#5912,#5913));
#2402=EDGE_LOOP('',(#5914,#5915,#5916,#5917));
#2403=EDGE_LOOP('',(#5918,#5919,#5920,#5921));
#2404=EDGE_LOOP('',(#5922,#5923,#5924,#5925));
#2405=EDGE_LOOP('',(#5926,#5927,#5928,#5929));
#2406=EDGE_LOOP('',(#5930,#5931,#5932,#5933));
#2407=EDGE_LOOP('',(#5934,#5935,#5936,#5937));
#2408=EDGE_LOOP('',(#5938,#5939,#5940,#5941));
#2409=EDGE_LOOP('',(#5942,#5943,#5944,#5945));
#2410=EDGE_LOOP('',(#5946,#5947,#5948,#5949));
#2411=EDGE_LOOP('',(#5950,#5951,#5952,#5953));
#2412=EDGE_LOOP('',(#5954,#5955,#5956,#5957));
#2413=EDGE_LOOP('',(#5958,#5959,#5960,#5961));
#2414=EDGE_LOOP('',(#5962,#5963,#5964,#5965));
#2415=EDGE_LOOP('',(#5966,#5967,#5968,#5969));
#2416=EDGE_LOOP('',(#5970,#5971,#5972,#5973));
#2417=EDGE_LOOP('',(#5974,#5975,#5976,#5977));
#2418=EDGE_LOOP('',(#5978,#5979,#5980,#5981));
#2419=EDGE_LOOP('',(#5982,#5983,#5984,#5985));
#2420=EDGE_LOOP('',(#5986,#5987,#5988,#5989));
#2421=EDGE_LOOP('',(#5990,#5991,#5992,#5993));
#2422=EDGE_LOOP('',(#5994,#5995,#5996,#5997));
#2423=EDGE_LOOP('',(#5998,#5999,#6000,#6001));
#2424=EDGE_LOOP('',(#6002,#6003,#6004,#6005));
#2425=EDGE_LOOP('',(#6006,#6007,#6008,#6009));
#2426=EDGE_LOOP('',(#6010,#6011,#6012,#6013));
#2427=EDGE_LOOP('',(#6014,#6015,#6016,#6017));
#2428=EDGE_LOOP('',(#6018,#6019,#6020,#6021));
#2429=EDGE_LOOP('',(#6022,#6023,#6024,#6025));
#2430=EDGE_LOOP('',(#6026,#6027,#6028,#6029));
#2431=EDGE_LOOP('',(#6030,#6031,#6032,#6033));
#2432=EDGE_LOOP('',(#6034,#6035,#6036,#6037));
#2433=EDGE_LOOP('',(#6038,#6039,#6040,#6041));
#2434=EDGE_LOOP('',(#6042,#6043,#6044,#6045));
#2435=EDGE_LOOP('',(#6046,#6047,#6048,#6049));
#2436=EDGE_LOOP('',(#6050,#6051,#6052,#6053));
#2437=EDGE_LOOP('',(#6054,#6055,#6056,#6057));
#2438=EDGE_LOOP('',(#6058,#6059,#6060,#6061));
#2439=EDGE_LOOP('',(#6062,#6063,#6064,#6065));
#2440=EDGE_LOOP('',(#6066,#6067,#6068,#6069));
#2441=EDGE_LOOP('',(#6070,#6071,#6072,#6073));
#2442=EDGE_LOOP('',(#6074,#6075,#6076,#6077));
#2443=EDGE_LOOP('',(#6078,#6079,#6080,#6081));
#2444=EDGE_LOOP('',(#6082,#6083,#6084,#6085));
#2445=EDGE_LOOP('',(#6086,#6087,#6088,#6089));
#2446=EDGE_LOOP('',(#6090,#6091,#6092,#6093));
#2447=EDGE_LOOP('',(#6094,#6095,#6096,#6097));
#2448=EDGE_LOOP('',(#6098,#6099,#6100,#6101));
#2449=EDGE_LOOP('',(#6102,#6103,#6104,#6105));
#2450=EDGE_LOOP('',(#6106,#6107,#6108,#6109));
#2451=EDGE_LOOP('',(#6110,#6111,#6112,#6113));
#2452=EDGE_LOOP('',(#6114,#6115,#6116,#6117));
#2453=EDGE_LOOP('',(#6118,#6119,#6120,#6121));
#2454=EDGE_LOOP('',(#6122,#6123,#6124,#6125));
#2455=EDGE_LOOP('',(#6126,#6127,#6128,#6129));
#2456=EDGE_LOOP('',(#6130,#6131,#6132,#6133));
#2457=EDGE_LOOP('',(#6134,#6135,#6136,#6137));
#2458=EDGE_LOOP('',(#6138,#6139,#6140,#6141));
#2459=EDGE_LOOP('',(#6142,#6143,#6144,#6145));
#2460=EDGE_LOOP('',(#6146,#6147,#6148,#6149));
#2461=EDGE_LOOP('',(#6150,#6151,#6152,#6153));
#2462=EDGE_LOOP('',(#6154,#6155,#6156,#6157));
#2463=EDGE_LOOP('',(#6158,#6159,#6160,#6161));
#2464=CIRCLE('',#6554,1.75);
#2465=CIRCLE('',#6555,0.2);
#2466=CIRCLE('',#6556,1.55);
#2467=CIRCLE('',#6558,44.1279523557406);
#2468=CIRCLE('',#6559,3.00000000000005);
#2469=CIRCLE('',#6560,3.);
#2470=CIRCLE('',#6561,1.75);
#2471=CIRCLE('',#6562,1.75000000000001);
#2472=CIRCLE('',#6563,1.75000000000001);
#2473=CIRCLE('',#6564,1.75);
#2474=CIRCLE('',#6565,0.500000000000025);
#2475=CIRCLE('',#6566,0.500000000000025);
#2476=CIRCLE('',#6567,0.500000000000025);
#2477=CIRCLE('',#6568,0.500000000000025);
#2478=CIRCLE('',#6569,0.500000000000012);
#2479=CIRCLE('',#6570,0.499999999999998);
#2480=CIRCLE('',#6571,2.99999999999999);
#2481=CIRCLE('',#6572,3.00000000000001);
#2482=CIRCLE('',#6573,0.499999999999972);
#2483=CIRCLE('',#6574,0.500000000000007);
#2484=CIRCLE('',#6575,3.00000000000004);
#2485=CIRCLE('',#6576,3.00000000000001);
#2486=CIRCLE('',#6577,1.74999999999999);
#2487=CIRCLE('',#6578,1.75000000000001);
#2488=CIRCLE('',#6579,1.75000000000001);
#2489=CIRCLE('',#6581,1.55);
#2490=CIRCLE('',#6583,0.2);
#2491=CIRCLE('',#6584,1.55);
#2492=CIRCLE('',#6586,1.55);
#2493=CIRCLE('',#6588,0.2);
#2494=CIRCLE('',#6589,1.55000000000001);
#2495=CIRCLE('',#6591,1.55000000000001);
#2496=CIRCLE('',#6593,0.2);
#2497=CIRCLE('',#6594,1.55000000000001);
#2498=CIRCLE('',#6596,1.55000000000001);
#2499=CIRCLE('',#6598,0.2);
#2500=CIRCLE('',#6599,1.55000000000001);
#2501=CIRCLE('',#6601,1.55000000000001);
#2502=CIRCLE('',#6603,0.2);
#2503=CIRCLE('',#6604,1.55000000000001);
#2504=CIRCLE('',#6606,1.55000000000001);
#2505=CIRCLE('',#6608,0.2);
#2506=CIRCLE('',#6609,1.54999999999999);
#2507=CIRCLE('',#6611,1.54999999999999);
#2508=CIRCLE('',#6613,0.2);
#2509=CIRCLE('',#6614,1.55);
#2510=CIRCLE('',#6616,1.55);
#2511=CIRCLE('',#6631,4.49999999999999);
#2512=CIRCLE('',#6632,4.5);
#2513=CIRCLE('',#6633,4.5);
#2514=CIRCLE('',#6634,4.49999999999999);
#2515=CIRCLE('',#6636,0.300000000000025);
#2516=CIRCLE('',#6637,0.300000000000025);
#2517=CIRCLE('',#6638,0.300000000000025);
#2518=CIRCLE('',#6639,0.300000000000025);
#2519=CIRCLE('',#6641,0.199999999999996);
#2520=CIRCLE('',#6642,0.199999999999996);
#2521=CIRCLE('',#6643,0.500000000000025);
#2522=CIRCLE('',#6645,0.199999999999996);
#2523=CIRCLE('',#6647,0.199999999999996);
#2524=CIRCLE('',#6648,0.500000000000025);
#2525=CIRCLE('',#6650,0.199999999999996);
#2526=CIRCLE('',#6652,0.2);
#2527=CIRCLE('',#6653,0.500000000000025);
#2528=CIRCLE('',#6655,0.199999999999996);
#2529=CIRCLE('',#6657,0.199999999999996);
#2530=CIRCLE('',#6658,0.500000000000025);
#2531=CIRCLE('',#6661,0.199999999999996);
#2532=CIRCLE('',#6662,0.300000000000007);
#2533=CIRCLE('',#6663,0.199999999999996);
#2534=CIRCLE('',#6664,0.500000000000007);
#2535=CIRCLE('',#6666,0.199999999999996);
#2536=CIRCLE('',#6668,0.199999999999996);
#2537=CIRCLE('',#6669,0.299999999999972);
#2538=CIRCLE('',#6670,0.499999999999972);
#2539=CIRCLE('',#6673,0.2);
#2540=CIRCLE('',#6675,0.2);
#2541=CIRCLE('',#6677,0.299999999999998);
#2542=CIRCLE('',#6678,0.300000000000011);
#2543=CIRCLE('',#6680,3.00000000000004);
#2544=CIRCLE('',#6681,3.00000000000001);
#2545=CIRCLE('',#6682,2.99999999999999);
#2546=CIRCLE('',#6683,3.00000000000001);
#2547=CIRCLE('',#6685,0.2);
#2548=CIRCLE('',#6686,0.199999999999996);
#2549=CIRCLE('',#6688,0.2);
#2550=CIRCLE('',#6689,0.499999999999998);
#2551=CIRCLE('',#6691,0.2);
#2552=CIRCLE('',#6693,0.199999999999996);
#2553=CIRCLE('',#6694,0.500000000000012);
#2554=CIRCLE('',#6696,0.2);
#2555=CIRCLE('',#6705,3.99999999999999);
#2556=CIRCLE('',#6707,3.99999999999999);
#2557=CIRCLE('',#6735,3.99999999999999);
#2558=CIRCLE('',#6737,3.99999999999999);
#2559=CIRCLE('',#6754,3.99999999999999);
#2560=CIRCLE('',#6756,3.99999999999999);
#2561=CIRCLE('',#6758,44.1321546016331);
#2562=CIRCLE('',#6764,3.99999999999999);
#2563=CIRCLE('',#6766,3.99999999999999);
#2564=VERTEX_POINT('',#7781);
#2565=VERTEX_POINT('',#7783);
#2566=VERTEX_POINT('',#7787);
#2567=VERTEX_POINT('',#7788);
#2568=VERTEX_POINT('',#7790);
#2569=VERTEX_POINT('',#7792);
#2570=VERTEX_POINT('',#7803);
#2571=VERTEX_POINT('',#7805);
#2572=VERTEX_POINT('',#7818);
#2573=VERTEX_POINT('',#7820);
#2574=VERTEX_POINT('',#7822);
#2575=VERTEX_POINT('',#7825);
#2576=VERTEX_POINT('',#7827);
#2577=VERTEX_POINT('',#7829);
#2578=VERTEX_POINT('',#7831);
#2579=VERTEX_POINT('',#7833);
#2580=VERTEX_POINT('',#7834);
#2581=VERTEX_POINT('',#7836);
#2582=VERTEX_POINT('',#7838);
#2583=VERTEX_POINT('',#7840);
#2584=VERTEX_POINT('',#7842);
#2585=VERTEX_POINT('',#7844);
#2586=VERTEX_POINT('',#7846);
#2587=VERTEX_POINT('',#7849);
#2588=VERTEX_POINT('',#7850);
#2589=VERTEX_POINT('',#7852);
#2590=VERTEX_POINT('',#7854);
#2591=VERTEX_POINT('',#7856);
#2592=VERTEX_POINT('',#7858);
#2593=VERTEX_POINT('',#7860);
#2594=VERTEX_POINT('',#7862);
#2595=VERTEX_POINT('',#7864);
#2596=VERTEX_POINT('',#7866);
#2597=VERTEX_POINT('',#7868);
#2598=VERTEX_POINT('',#7870);
#2599=VERTEX_POINT('',#7872);
#2600=VERTEX_POINT('',#7874);
#2601=VERTEX_POINT('',#7876);
#2602=VERTEX_POINT('',#7878);
#2603=VERTEX_POINT('',#7880);
#2604=VERTEX_POINT('',#7882);
#2605=VERTEX_POINT('',#7884);
#2606=VERTEX_POINT('',#7886);
#2607=VERTEX_POINT('',#7889);
#2608=VERTEX_POINT('',#7891);
#2609=VERTEX_POINT('',#7893);
#2610=VERTEX_POINT('',#7896);
#2611=VERTEX_POINT('',#7900);
#2612=VERTEX_POINT('',#7904);
#2613=VERTEX_POINT('',#7908);
#2614=VERTEX_POINT('',#7912);
#2615=VERTEX_POINT('',#7916);
#2616=VERTEX_POINT('',#7920);
#2617=VERTEX_POINT('',#7924);
#2618=VERTEX_POINT('',#7928);
#2619=VERTEX_POINT('',#7932);
#2620=VERTEX_POINT('',#7936);
#2621=VERTEX_POINT('',#7940);
#2622=VERTEX_POINT('',#7944);
#2623=VERTEX_POINT('',#7948);
#2624=VERTEX_POINT('',#7952);
#2625=VERTEX_POINT('',#7964);
#2626=VERTEX_POINT('',#7965);
#2627=VERTEX_POINT('',#7967);
#2628=VERTEX_POINT('',#7969);
#2629=VERTEX_POINT('',#7982);
#2630=VERTEX_POINT('',#7984);
#2631=VERTEX_POINT('',#8015);
#2632=VERTEX_POINT('',#8016);
#2633=VERTEX_POINT('',#8024);
#2634=VERTEX_POINT('',#8029);
#2635=VERTEX_POINT('',#8034);
#2636=VERTEX_POINT('',#8036);
#2637=VERTEX_POINT('',#8041);
#2638=VERTEX_POINT('',#8046);
#2639=VERTEX_POINT('',#8048);
#2640=VERTEX_POINT('',#8050);
#2641=VERTEX_POINT('',#8055);
#2642=VERTEX_POINT('',#8060);
#2643=VERTEX_POINT('',#8065);
#2644=VERTEX_POINT('',#8070);
#2645=VERTEX_POINT('',#8072);
#2646=VERTEX_POINT('',#8074);
#2647=VERTEX_POINT('',#8079);
#2648=VERTEX_POINT('',#8084);
#2649=VERTEX_POINT('',#8089);
#2650=VERTEX_POINT('',#8094);
#2651=VERTEX_POINT('',#8099);
#2652=VERTEX_POINT('',#8104);
#2653=VERTEX_POINT('',#8109);
#2654=VERTEX_POINT('',#8114);
#2655=VERTEX_POINT('',#8119);
#2656=VERTEX_POINT('',#8124);
#2657=VERTEX_POINT('',#8126);
#2658=VERTEX_POINT('',#8131);
#2659=VERTEX_POINT('',#8136);
#2660=VERTEX_POINT('',#8141);
#2661=VERTEX_POINT('',#8143);
#2662=VERTEX_POINT('',#8148);
#2663=VERTEX_POINT('',#8153);
#2664=VERTEX_POINT('',#8158);
#2665=VERTEX_POINT('',#8163);
#2666=VERTEX_POINT('',#8168);
#2667=VERTEX_POINT('',#8173);
#2668=VERTEX_POINT('',#8178);
#2669=VERTEX_POINT('',#8183);
#2670=VERTEX_POINT('',#8188);
#2671=VERTEX_POINT('',#8193);
#2672=VERTEX_POINT('',#8198);
#2673=VERTEX_POINT('',#8203);
#2674=VERTEX_POINT('',#8208);
#2675=VERTEX_POINT('',#8213);
#2676=VERTEX_POINT('',#8218);
#2677=VERTEX_POINT('',#8223);
#2678=VERTEX_POINT('',#8228);
#2679=VERTEX_POINT('',#8230);
#2680=VERTEX_POINT('',#8232);
#2681=VERTEX_POINT('',#8234);
#2682=VERTEX_POINT('',#8239);
#2683=VERTEX_POINT('',#8244);
#2684=VERTEX_POINT('',#8246);
#2685=VERTEX_POINT('',#8251);
#2686=VERTEX_POINT('',#8256);
#2687=VERTEX_POINT('',#8261);
#2688=VERTEX_POINT('',#8266);
#2689=VERTEX_POINT('',#8271);
#2690=VERTEX_POINT('',#8276);
#2691=VERTEX_POINT('',#8281);
#2692=VERTEX_POINT('',#8286);
#2693=VERTEX_POINT('',#8288);
#2694=VERTEX_POINT('',#8290);
#2695=VERTEX_POINT('',#8292);
#2696=VERTEX_POINT('',#8297);
#2697=VERTEX_POINT('',#8302);
#2698=VERTEX_POINT('',#8304);
#2699=VERTEX_POINT('',#8306);
#2700=VERTEX_POINT('',#8311);
#2701=VERTEX_POINT('',#8316);
#2702=VERTEX_POINT('',#8318);
#2703=VERTEX_POINT('',#8320);
#2704=VERTEX_POINT('',#8325);
#2705=VERTEX_POINT('',#8327);
#2706=VERTEX_POINT('',#8332);
#2707=VERTEX_POINT('',#8334);
#2708=VERTEX_POINT('',#8336);
#2709=VERTEX_POINT('',#8341);
#2710=VERTEX_POINT('',#8346);
#2711=VERTEX_POINT('',#8348);
#2712=VERTEX_POINT('',#8350);
#2713=VERTEX_POINT('',#8352);
#2714=VERTEX_POINT('',#8357);
#2715=VERTEX_POINT('',#8362);
#2716=VERTEX_POINT('',#8367);
#2717=VERTEX_POINT('',#8372);
#2718=VERTEX_POINT('',#8377);
#2719=VERTEX_POINT('',#8382);
#2720=VERTEX_POINT('',#8387);
#2721=VERTEX_POINT('',#8392);
#2722=VERTEX_POINT('',#8394);
#2723=VERTEX_POINT('',#8399);
#2724=VERTEX_POINT('',#8404);
#2725=VERTEX_POINT('',#8409);
#2726=VERTEX_POINT('',#8414);
#2727=VERTEX_POINT('',#8419);
#2728=VERTEX_POINT('',#8424);
#2729=VERTEX_POINT('',#8429);
#2730=VERTEX_POINT('',#8434);
#2731=VERTEX_POINT('',#8436);
#2732=VERTEX_POINT('',#8438);
#2733=VERTEX_POINT('',#8443);
#2734=VERTEX_POINT('',#8448);
#2735=VERTEX_POINT('',#8453);
#2736=VERTEX_POINT('',#8458);
#2737=VERTEX_POINT('',#8463);
#2738=VERTEX_POINT('',#8468);
#2739=VERTEX_POINT('',#8473);
#2740=VERTEX_POINT('',#8478);
#2741=VERTEX_POINT('',#8483);
#2742=VERTEX_POINT('',#8488);
#2743=VERTEX_POINT('',#8493);
#2744=VERTEX_POINT('',#8498);
#2745=VERTEX_POINT('',#8500);
#2746=VERTEX_POINT('',#8502);
#2747=VERTEX_POINT('',#8507);
#2748=VERTEX_POINT('',#8512);
#2749=VERTEX_POINT('',#8514);
#2750=VERTEX_POINT('',#8519);
#2751=VERTEX_POINT('',#8524);
#2752=VERTEX_POINT('',#8529);
#2753=VERTEX_POINT('',#8534);
#2754=VERTEX_POINT('',#8539);
#2755=VERTEX_POINT('',#8544);
#2756=VERTEX_POINT('',#8549);
#2757=VERTEX_POINT('',#8554);
#2758=VERTEX_POINT('',#8559);
#2759=VERTEX_POINT('',#8561);
#2760=VERTEX_POINT('',#8566);
#2761=VERTEX_POINT('',#8571);
#2762=VERTEX_POINT('',#8576);
#2763=VERTEX_POINT('',#8581);
#2764=VERTEX_POINT('',#8586);
#2765=VERTEX_POINT('',#8591);
#2766=VERTEX_POINT('',#8596);
#2767=VERTEX_POINT('',#8601);
#2768=VERTEX_POINT('',#8606);
#2769=VERTEX_POINT('',#8611);
#2770=VERTEX_POINT('',#8616);
#2771=VERTEX_POINT('',#8621);
#2772=VERTEX_POINT('',#8626);
#2773=VERTEX_POINT('',#8631);
#2774=VERTEX_POINT('',#8636);
#2775=VERTEX_POINT('',#8641);
#2776=VERTEX_POINT('',#8646);
#2777=VERTEX_POINT('',#8651);
#2778=VERTEX_POINT('',#8656);
#2779=VERTEX_POINT('',#8661);
#2780=VERTEX_POINT('',#8666);
#2781=VERTEX_POINT('',#8671);
#2782=VERTEX_POINT('',#8676);
#2783=VERTEX_POINT('',#8681);
#2784=VERTEX_POINT('',#8686);
#2785=VERTEX_POINT('',#8691);
#2786=VERTEX_POINT('',#8696);
#2787=VERTEX_POINT('',#8701);
#2788=VERTEX_POINT('',#8706);
#2789=VERTEX_POINT('',#8711);
#2790=VERTEX_POINT('',#8713);
#2791=VERTEX_POINT('',#8715);
#2792=VERTEX_POINT('',#8717);
#2793=VERTEX_POINT('',#8722);
#2794=VERTEX_POINT('',#8727);
#2795=VERTEX_POINT('',#8729);
#2796=VERTEX_POINT('',#8731);
#2797=VERTEX_POINT('',#8736);
#2798=VERTEX_POINT('',#8741);
#2799=VERTEX_POINT('',#8743);
#2800=VERTEX_POINT('',#8748);
#2801=VERTEX_POINT('',#8753);
#2802=VERTEX_POINT('',#8755);
#2803=VERTEX_POINT('',#8764);
#2804=VERTEX_POINT('',#8766);
#2805=VERTEX_POINT('',#8768);
#2806=VERTEX_POINT('',#8770);
#2807=VERTEX_POINT('',#8773);
#2808=VERTEX_POINT('',#8774);
#2809=VERTEX_POINT('',#8776);
#2810=VERTEX_POINT('',#8778);
#2811=VERTEX_POINT('',#8780);
#2812=VERTEX_POINT('',#8782);
#2813=VERTEX_POINT('',#8784);
#2814=VERTEX_POINT('',#8786);
#2815=VERTEX_POINT('',#8790);
#2816=VERTEX_POINT('',#8792);
#2817=VERTEX_POINT('',#8796);
#2818=VERTEX_POINT('',#8800);
#2819=VERTEX_POINT('',#8804);
#2820=VERTEX_POINT('',#8808);
#2821=VERTEX_POINT('',#8812);
#2822=VERTEX_POINT('',#8816);
#2823=VERTEX_POINT('',#8822);
#2824=VERTEX_POINT('',#8823);
#2825=VERTEX_POINT('',#8825);
#2826=VERTEX_POINT('',#8827);
#2827=VERTEX_POINT('',#8831);
#2828=VERTEX_POINT('',#8832);
#2829=VERTEX_POINT('',#8837);
#2830=VERTEX_POINT('',#8838);
#2831=VERTEX_POINT('',#8843);
#2832=VERTEX_POINT('',#8845);
#2833=VERTEX_POINT('',#8849);
#2834=VERTEX_POINT('',#8853);
#2835=VERTEX_POINT('',#8857);
#2836=VERTEX_POINT('',#8858);
#2837=VERTEX_POINT('',#8860);
#2838=VERTEX_POINT('',#8862);
#2839=VERTEX_POINT('',#8864);
#2840=VERTEX_POINT('',#8866);
#2841=VERTEX_POINT('',#8870);
#2842=VERTEX_POINT('',#8871);
#2843=VERTEX_POINT('',#8873);
#2844=VERTEX_POINT('',#8875);
#2845=VERTEX_POINT('',#8877);
#2846=VERTEX_POINT('',#8879);
#2847=VERTEX_POINT('',#8881);
#2848=VERTEX_POINT('',#8883);
#2849=VERTEX_POINT('',#8887);
#2850=VERTEX_POINT('',#8889);
#2851=VERTEX_POINT('',#8893);
#2852=VERTEX_POINT('',#8897);
#2853=VERTEX_POINT('',#8901);
#2854=VERTEX_POINT('',#8905);
#2855=VERTEX_POINT('',#8909);
#2856=VERTEX_POINT('',#8910);
#2857=VERTEX_POINT('',#8915);
#2858=VERTEX_POINT('',#8920);
#2859=VERTEX_POINT('',#8925);
#2860=VERTEX_POINT('',#8930);
#2861=VERTEX_POINT('',#8935);
#2862=VERTEX_POINT('',#8940);
#2863=VERTEX_POINT('',#8945);
#2864=VERTEX_POINT('',#8950);
#2865=VERTEX_POINT('',#8955);
#2866=VERTEX_POINT('',#8965);
#2867=VERTEX_POINT('',#8966);
#2868=VERTEX_POINT('',#8968);
#2869=VERTEX_POINT('',#8973);
#2870=VERTEX_POINT('',#8978);
#2871=VERTEX_POINT('',#8983);
#2872=VERTEX_POINT('',#8988);
#2873=VERTEX_POINT('',#8993);
#2874=VERTEX_POINT('',#8998);
#2875=VERTEX_POINT('',#9003);
#2876=VERTEX_POINT('',#9005);
#2877=VERTEX_POINT('',#9007);
#2878=VERTEX_POINT('',#9009);
#2879=VERTEX_POINT('',#9014);
#2880=VERTEX_POINT('',#9019);
#2881=VERTEX_POINT('',#9024);
#2882=VERTEX_POINT('',#9029);
#2883=VERTEX_POINT('',#9034);
#2884=VERTEX_POINT('',#9039);
#2885=VERTEX_POINT('',#9041);
#2886=VERTEX_POINT('',#9045);
#2887=VERTEX_POINT('',#9046);
#2888=VERTEX_POINT('',#9051);
#2889=VERTEX_POINT('',#9056);
#2890=VERTEX_POINT('',#9061);
#2891=VERTEX_POINT('',#9066);
#2892=VERTEX_POINT('',#9071);
#2893=VERTEX_POINT('',#9076);
#2894=VERTEX_POINT('',#9081);
#2895=VERTEX_POINT('',#9086);
#2896=VERTEX_POINT('',#9091);
#2897=VERTEX_POINT('',#9098);
#2898=VERTEX_POINT('',#9099);
#2899=VERTEX_POINT('',#9104);
#2900=VERTEX_POINT('',#9109);
#2901=VERTEX_POINT('',#9114);
#2902=VERTEX_POINT('',#9116);
#2903=VERTEX_POINT('',#9118);
#2904=VERTEX_POINT('',#9123);
#2905=VERTEX_POINT('',#9128);
#2906=VERTEX_POINT('',#9133);
#2907=VERTEX_POINT('',#9138);
#2908=VERTEX_POINT('',#9140);
#2909=VERTEX_POINT('',#9142);
#2910=VERTEX_POINT('',#9147);
#2911=VERTEX_POINT('',#9149);
#2912=VERTEX_POINT('',#9151);
#2913=VERTEX_POINT('',#9156);
#2914=VERTEX_POINT('',#9161);
#2915=VERTEX_POINT('',#9166);
#2916=VERTEX_POINT('',#9176);
#2917=VERTEX_POINT('',#9177);
#2918=VERTEX_POINT('',#9179);
#2919=VERTEX_POINT('',#9184);
#2920=VERTEX_POINT('',#9189);
#2921=VERTEX_POINT('',#9194);
#2922=VERTEX_POINT('',#9199);
#2923=VERTEX_POINT('',#9204);
#2924=VERTEX_POINT('',#9209);
#2925=VERTEX_POINT('',#9214);
#2926=VERTEX_POINT('',#9221);
#2927=VERTEX_POINT('',#9222);
#2928=VERTEX_POINT('',#9227);
#2929=VERTEX_POINT('',#9232);
#2930=VERTEX_POINT('',#9237);
#2931=VERTEX_POINT('',#9242);
#2932=VERTEX_POINT('',#9247);
#2933=VERTEX_POINT('',#9252);
#2934=VERTEX_POINT('',#9257);
#2935=VERTEX_POINT('',#9262);
#2936=VERTEX_POINT('',#9267);
#2937=VERTEX_POINT('',#9277);
#2938=VERTEX_POINT('',#9280);
#2939=VERTEX_POINT('',#9337);
#2940=VERTEX_POINT('',#9340);
#2941=VERTEX_POINT('',#9350);
#2942=VERTEX_POINT('',#9351);
#2943=VERTEX_POINT('',#9366);
#2944=VERTEX_POINT('',#9380);
#2945=VERTEX_POINT('',#9394);
#2946=VERTEX_POINT('',#9408);
#2947=VERTEX_POINT('',#9422);
#2948=VERTEX_POINT('',#9436);
#2949=VERTEX_POINT('',#9450);
#2950=VERTEX_POINT('',#9464);
#2951=VERTEX_POINT('',#9478);
#2952=VERTEX_POINT('',#9504);
#2953=VERTEX_POINT('',#9505);
#2954=VERTEX_POINT('',#9520);
#2955=VERTEX_POINT('',#9534);
#2956=VERTEX_POINT('',#9548);
#2957=VERTEX_POINT('',#9562);
#2958=VERTEX_POINT('',#9576);
#2959=VERTEX_POINT('',#9583);
#2960=VERTEX_POINT('',#9587);
#2961=VERTEX_POINT('',#9591);
#2962=VERTEX_POINT('',#9602);
#2963=VERTEX_POINT('',#9616);
#2964=VERTEX_POINT('',#9630);
#2965=VERTEX_POINT('',#9644);
#2966=VERTEX_POINT('',#9658);
#2967=VERTEX_POINT('',#9672);
#2968=VERTEX_POINT('',#9679);
#2969=VERTEX_POINT('',#9683);
#2970=VERTEX_POINT('',#9687);
#2971=VERTEX_POINT('',#9691);
#2972=VERTEX_POINT('',#9714);
#2973=VERTEX_POINT('',#9715);
#2974=VERTEX_POINT('',#9730);
#2975=VERTEX_POINT('',#9744);
#2976=VERTEX_POINT('',#9758);
#2977=VERTEX_POINT('',#9772);
#2978=VERTEX_POINT('',#9786);
#2979=VERTEX_POINT('',#9800);
#2980=VERTEX_POINT('',#9814);
#2981=VERTEX_POINT('',#9828);
#2982=VERTEX_POINT('',#9842);
#2983=VERTEX_POINT('',#9868);
#2984=VERTEX_POINT('',#9869);
#2985=VERTEX_POINT('',#9877);
#2986=VERTEX_POINT('',#9881);
#2987=VERTEX_POINT('',#9892);
#2988=VERTEX_POINT('',#9906);
#2989=VERTEX_POINT('',#9920);
#2990=VERTEX_POINT('',#9934);
#2991=VERTEX_POINT('',#9941);
#2992=VERTEX_POINT('',#9945);
#2993=VERTEX_POINT('',#9956);
#2994=VERTEX_POINT('',#9963);
#2995=VERTEX_POINT('',#9967);
#2996=VERTEX_POINT('',#9978);
#2997=VERTEX_POINT('',#9992);
#2998=VERTEX_POINT('',#10006);
#2999=VERTEX_POINT('',#10020);
#3000=VERTEX_POINT('',#10034);
#3001=VERTEX_POINT('',#10048);
#3002=VERTEX_POINT('',#10074);
#3003=VERTEX_POINT('',#10075);
#3004=VERTEX_POINT('',#10090);
#3005=VERTEX_POINT('',#10104);
#3006=VERTEX_POINT('',#10118);
#3007=VERTEX_POINT('',#10132);
#3008=VERTEX_POINT('',#10146);
#3009=VERTEX_POINT('',#10160);
#3010=VERTEX_POINT('',#10167);
#3011=VERTEX_POINT('',#10171);
#3012=VERTEX_POINT('',#10194);
#3013=VERTEX_POINT('',#10195);
#3014=VERTEX_POINT('',#10210);
#3015=VERTEX_POINT('',#10224);
#3016=VERTEX_POINT('',#10238);
#3017=VERTEX_POINT('',#10252);
#3018=VERTEX_POINT('',#10266);
#3019=VERTEX_POINT('',#10280);
#3020=VERTEX_POINT('',#10294);
#3021=VERTEX_POINT('',#10308);
#3022=VERTEX_POINT('',#10322);
#3023=VERTEX_POINT('',#10341);
#3024=VERTEX_POINT('',#10345);
#3025=VERTEX_POINT('',#10349);
#3026=VERTEX_POINT('',#10350);
#3027=VERTEX_POINT('',#10366);
#3028=VERTEX_POINT('',#10389);
#3029=VERTEX_POINT('',#10429);
#3030=VERTEX_POINT('',#10430);
#3031=VERTEX_POINT('',#10458);
#3032=VERTEX_POINT('',#10462);
#3033=VERTEX_POINT('',#10485);
#3034=VERTEX_POINT('',#10494);
#3035=VERTEX_POINT('',#10498);
#3036=VERTEX_POINT('',#10522);
#3037=VERTEX_POINT('',#10526);
#3038=VERTEX_POINT('',#10530);
#3039=VERTEX_POINT('',#10531);
#3040=VERTEX_POINT('',#10539);
#3041=VERTEX_POINT('',#10547);
#3042=VERTEX_POINT('',#10549);
#3043=VERTEX_POINT('',#10551);
#3044=VERTEX_POINT('',#10556);
#3045=VERTEX_POINT('',#10561);
#3046=VERTEX_POINT('',#10563);
#3047=VERTEX_POINT('',#10568);
#3048=VERTEX_POINT('',#10573);
#3049=VERTEX_POINT('',#10575);
#3050=VERTEX_POINT('',#10577);
#3051=VERTEX_POINT('',#10582);
#3052=VERTEX_POINT('',#10587);
#3053=VERTEX_POINT('',#10589);
#3054=VERTEX_POINT('',#10591);
#3055=VERTEX_POINT('',#10593);
#3056=VERTEX_POINT('',#10598);
#3057=VERTEX_POINT('',#10603);
#3058=VERTEX_POINT('',#10608);
#3059=VERTEX_POINT('',#10613);
#3060=VERTEX_POINT('',#10618);
#3061=VERTEX_POINT('',#10623);
#3062=VERTEX_POINT('',#10628);
#3063=VERTEX_POINT('',#10633);
#3064=VERTEX_POINT('',#10638);
#3065=VERTEX_POINT('',#10643);
#3066=VERTEX_POINT('',#10648);
#3067=VERTEX_POINT('',#10653);
#3068=VERTEX_POINT('',#10658);
#3069=VERTEX_POINT('',#10663);
#3070=VERTEX_POINT('',#10668);
#3071=VERTEX_POINT('',#10673);
#3072=VERTEX_POINT('',#10678);
#3073=VERTEX_POINT('',#10683);
#3074=VERTEX_POINT('',#10688);
#3075=VERTEX_POINT('',#10693);
#3076=VERTEX_POINT('',#10698);
#3077=VERTEX_POINT('',#10703);
#3078=VERTEX_POINT('',#10708);
#3079=VERTEX_POINT('',#10713);
#3080=VERTEX_POINT('',#10718);
#3081=VERTEX_POINT('',#10723);
#3082=VERTEX_POINT('',#10728);
#3083=VERTEX_POINT('',#10733);
#3084=VERTEX_POINT('',#10738);
#3085=VERTEX_POINT('',#10743);
#3086=VERTEX_POINT('',#10745);
#3087=VERTEX_POINT('',#10750);
#3088=VERTEX_POINT('',#10755);
#3089=VERTEX_POINT('',#10760);
#3090=VERTEX_POINT('',#10765);
#3091=VERTEX_POINT('',#10770);
#3092=VERTEX_POINT('',#10775);
#3093=VERTEX_POINT('',#10780);
#3094=VERTEX_POINT('',#10785);
#3095=VERTEX_POINT('',#10790);
#3096=VERTEX_POINT('',#10792);
#3097=VERTEX_POINT('',#10797);
#3098=VERTEX_POINT('',#10805);
#3099=VERTEX_POINT('',#10807);
#3100=VERTEX_POINT('',#10809);
#3101=VERTEX_POINT('',#10814);
#3102=VERTEX_POINT('',#10819);
#3103=VERTEX_POINT('',#10824);
#3104=VERTEX_POINT('',#10829);
#3105=VERTEX_POINT('',#10834);
#3106=VERTEX_POINT('',#10839);
#3107=VERTEX_POINT('',#10844);
#3108=VERTEX_POINT('',#10849);
#3109=VERTEX_POINT('',#10854);
#3110=VERTEX_POINT('',#10859);
#3111=VERTEX_POINT('',#10864);
#3112=VERTEX_POINT('',#10869);
#3113=VERTEX_POINT('',#10871);
#3114=VERTEX_POINT('',#10873);
#3115=VERTEX_POINT('',#10878);
#3116=VERTEX_POINT('',#10883);
#3117=VERTEX_POINT('',#10888);
#3118=VERTEX_POINT('',#10893);
#3119=VERTEX_POINT('',#10898);
#3120=VERTEX_POINT('',#10903);
#3121=VERTEX_POINT('',#10908);
#3122=VERTEX_POINT('',#10913);
#3123=VERTEX_POINT('',#10915);
#3124=VERTEX_POINT('',#10920);
#3125=VERTEX_POINT('',#10925);
#3126=VERTEX_POINT('',#10930);
#3127=VERTEX_POINT('',#10935);
#3128=VERTEX_POINT('',#10940);
#3129=VERTEX_POINT('',#10945);
#3130=VERTEX_POINT('',#10950);
#3131=VERTEX_POINT('',#10955);
#3132=VERTEX_POINT('',#10960);
#3133=VERTEX_POINT('',#10962);
#3134=VERTEX_POINT('',#10967);
#3135=VERTEX_POINT('',#10972);
#3136=VERTEX_POINT('',#10977);
#3137=VERTEX_POINT('',#10979);
#3138=VERTEX_POINT('',#10981);
#3139=VERTEX_POINT('',#10986);
#3140=VERTEX_POINT('',#10988);
#3141=VERTEX_POINT('',#10993);
#3142=VERTEX_POINT('',#10995);
#3143=VERTEX_POINT('',#10997);
#3144=VERTEX_POINT('',#11002);
#3145=VERTEX_POINT('',#11007);
#3146=VERTEX_POINT('',#11009);
#3147=VERTEX_POINT('',#11011);
#3148=VERTEX_POINT('',#11016);
#3149=VERTEX_POINT('',#11021);
#3150=VERTEX_POINT('',#11023);
#3151=VERTEX_POINT('',#11025);
#3152=VERTEX_POINT('',#11030);
#3153=VERTEX_POINT('',#11035);
#3154=VERTEX_POINT('',#11040);
#3155=VERTEX_POINT('',#11045);
#3156=VERTEX_POINT('',#11050);
#3157=VERTEX_POINT('',#11055);
#3158=VERTEX_POINT('',#11060);
#3159=VERTEX_POINT('',#11065);
#3160=VERTEX_POINT('',#11070);
#3161=VERTEX_POINT('',#11072);
#3162=VERTEX_POINT('',#11077);
#3163=VERTEX_POINT('',#11082);
#3164=VERTEX_POINT('',#11087);
#3165=VERTEX_POINT('',#11089);
#3166=VERTEX_POINT('',#11094);
#3167=VERTEX_POINT('',#11099);
#3168=VERTEX_POINT('',#11104);
#3169=VERTEX_POINT('',#11109);
#3170=VERTEX_POINT('',#11114);
#3171=VERTEX_POINT('',#11119);
#3172=VERTEX_POINT('',#11124);
#3173=VERTEX_POINT('',#11129);
#3174=VERTEX_POINT('',#11134);
#3175=VERTEX_POINT('',#11139);
#3176=VERTEX_POINT('',#11144);
#3177=VERTEX_POINT('',#11149);
#3178=VERTEX_POINT('',#11154);
#3179=VERTEX_POINT('',#11159);
#3180=VERTEX_POINT('',#11164);
#3181=VERTEX_POINT('',#11169);
#3182=VERTEX_POINT('',#11174);
#3183=VERTEX_POINT('',#11179);
#3184=VERTEX_POINT('',#11181);
#3185=VERTEX_POINT('',#11186);
#3186=VERTEX_POINT('',#11191);
#3187=VERTEX_POINT('',#11196);
#3188=VERTEX_POINT('',#11198);
#3189=VERTEX_POINT('',#11203);
#3190=VERTEX_POINT('',#11208);
#3191=VERTEX_POINT('',#11213);
#3192=VERTEX_POINT('',#11218);
#3193=VERTEX_POINT('',#11223);
#3194=VERTEX_POINT('',#11228);
#3195=VERTEX_POINT('',#11233);
#3196=VERTEX_POINT('',#11238);
#3197=VERTEX_POINT('',#11243);
#3198=VERTEX_POINT('',#11248);
#3199=VERTEX_POINT('',#11250);
#3200=VERTEX_POINT('',#11252);
#3201=VERTEX_POINT('',#11257);
#3202=VERTEX_POINT('',#11262);
#3203=VERTEX_POINT('',#11267);
#3204=VERTEX_POINT('',#11272);
#3205=VERTEX_POINT('',#11274);
#3206=VERTEX_POINT('',#11276);
#3207=VERTEX_POINT('',#11281);
#3208=VERTEX_POINT('',#11286);
#3209=VERTEX_POINT('',#11288);
#3210=EDGE_CURVE('',#2564,#2564,#2464,.T.);
#3211=EDGE_CURVE('',#2564,#2565,#2465,.T.);
#3212=EDGE_CURVE('',#2565,#2565,#2466,.T.);
#3213=EDGE_CURVE('',#2566,#2567,#717,.T.);
#3214=EDGE_CURVE('',#2567,#2568,#2467,.T.);
#3215=EDGE_CURVE('',#2568,#2569,#296,.T.);
#3216=EDGE_CURVE('',#2569,#2570,#718,.T.);
#3217=EDGE_CURVE('',#2570,#2571,#297,.T.);
#3218=EDGE_CURVE('',#2571,#2572,#719,.T.);
#3219=EDGE_CURVE('',#2572,#2573,#2468,.T.);
#3220=EDGE_CURVE('',#2573,#2574,#720,.T.);
#3221=EDGE_CURVE('',#2574,#2566,#2469,.T.);
#3222=EDGE_CURVE('',#2575,#2575,#2470,.T.);
#3223=EDGE_CURVE('',#2576,#2576,#2471,.T.);
#3224=EDGE_CURVE('',#2577,#2577,#2472,.T.);
#3225=EDGE_CURVE('',#2578,#2578,#2473,.T.);
#3226=EDGE_CURVE('',#2579,#2580,#721,.T.);
#3227=EDGE_CURVE('',#2580,#2581,#2474,.T.);
#3228=EDGE_CURVE('',#2581,#2582,#722,.T.);
#3229=EDGE_CURVE('',#2582,#2583,#2475,.T.);
#3230=EDGE_CURVE('',#2583,#2584,#723,.T.);
#3231=EDGE_CURVE('',#2584,#2585,#2476,.T.);
#3232=EDGE_CURVE('',#2585,#2586,#724,.T.);
#3233=EDGE_CURVE('',#2586,#2579,#2477,.T.);
#3234=EDGE_CURVE('',#2587,#2588,#725,.T.);
#3235=EDGE_CURVE('',#2588,#2589,#2478,.T.);
#3236=EDGE_CURVE('',#2589,#2590,#726,.T.);
#3237=EDGE_CURVE('',#2590,#2591,#2479,.T.);
#3238=EDGE_CURVE('',#2591,#2592,#727,.T.);
#3239=EDGE_CURVE('',#2592,#2593,#728,.T.);
#3240=EDGE_CURVE('',#2593,#2594,#2480,.T.);
#3241=EDGE_CURVE('',#2594,#2595,#729,.T.);
#3242=EDGE_CURVE('',#2595,#2596,#2481,.T.);
#3243=EDGE_CURVE('',#2596,#2597,#730,.T.);
#3244=EDGE_CURVE('',#2597,#2598,#731,.T.);
#3245=EDGE_CURVE('',#2598,#2599,#2482,.T.);
#3246=EDGE_CURVE('',#2599,#2600,#732,.T.);
#3247=EDGE_CURVE('',#2600,#2601,#2483,.T.);
#3248=EDGE_CURVE('',#2601,#2602,#733,.T.);
#3249=EDGE_CURVE('',#2602,#2603,#734,.T.);
#3250=EDGE_CURVE('',#2603,#2604,#2484,.T.);
#3251=EDGE_CURVE('',#2604,#2605,#735,.T.);
#3252=EDGE_CURVE('',#2605,#2606,#2485,.T.);
#3253=EDGE_CURVE('',#2606,#2587,#736,.T.);
#3254=EDGE_CURVE('',#2607,#2607,#2486,.T.);
#3255=EDGE_CURVE('',#2608,#2608,#2487,.T.);
#3256=EDGE_CURVE('',#2609,#2609,#2488,.T.);
#3257=EDGE_CURVE('',#2565,#2610,#737,.T.);
#3258=EDGE_CURVE('',#2610,#2610,#2489,.T.);
#3259=EDGE_CURVE('',#2575,#2611,#2490,.T.);
#3260=EDGE_CURVE('',#2611,#2611,#2491,.T.);
#3261=EDGE_CURVE('',#2611,#2612,#738,.T.);
#3262=EDGE_CURVE('',#2612,#2612,#2492,.T.);
#3263=EDGE_CURVE('',#2609,#2613,#2493,.T.);
#3264=EDGE_CURVE('',#2613,#2613,#2494,.T.);
#3265=EDGE_CURVE('',#2613,#2614,#739,.T.);
#3266=EDGE_CURVE('',#2614,#2614,#2495,.T.);
#3267=EDGE_CURVE('',#2576,#2615,#2496,.T.);
#3268=EDGE_CURVE('',#2615,#2615,#2497,.T.);
#3269=EDGE_CURVE('',#2615,#2616,#740,.T.);
#3270=EDGE_CURVE('',#2616,#2616,#2498,.T.);
#3271=EDGE_CURVE('',#2608,#2617,#2499,.T.);
#3272=EDGE_CURVE('',#2617,#2617,#2500,.T.);
#3273=EDGE_CURVE('',#2617,#2618,#741,.T.);
#3274=EDGE_CURVE('',#2618,#2618,#2501,.T.);
#3275=EDGE_CURVE('',#2577,#2619,#2502,.T.);
#3276=EDGE_CURVE('',#2619,#2619,#2503,.T.);
#3277=EDGE_CURVE('',#2619,#2620,#742,.T.);
#3278=EDGE_CURVE('',#2620,#2620,#2504,.T.);
#3279=EDGE_CURVE('',#2607,#2621,#2505,.T.);
#3280=EDGE_CURVE('',#2621,#2621,#2506,.T.);
#3281=EDGE_CURVE('',#2621,#2622,#743,.T.);
#3282=EDGE_CURVE('',#2622,#2622,#2507,.T.);
#3283=EDGE_CURVE('',#2578,#2623,#2508,.T.);
#3284=EDGE_CURVE('',#2623,#2623,#2509,.T.);
#3285=EDGE_CURVE('',#2623,#2624,#744,.T.);
#3286=EDGE_CURVE('',#2624,#2624,#2510,.T.);
#3287=EDGE_CURVE('',#2625,#2626,#745,.T.);
#3288=EDGE_CURVE('',#2627,#2625,#746,.T.);
#3289=EDGE_CURVE('',#2628,#2627,#298,.T.);
#3290=EDGE_CURVE('',#2629,#2628,#747,.T.);
#3291=EDGE_CURVE('',#2630,#2629,#299,.T.);
#3292=EDGE_CURVE('',#2626,#2630,#300,.T.);
#3293=EDGE_CURVE('',#2631,#2632,#301,.T.);
#3294=EDGE_CURVE('',#2632,#2633,#302,.T.);
#3295=EDGE_CURVE('',#2633,#2634,#303,.T.);
#3296=EDGE_CURVE('',#2634,#2635,#748,.T.);
#3297=EDGE_CURVE('',#2635,#2636,#304,.T.);
#3298=EDGE_CURVE('',#2636,#2637,#305,.T.);
#3299=EDGE_CURVE('',#2637,#2638,#749,.T.);
#3300=EDGE_CURVE('',#2638,#2639,#750,.T.);
#3301=EDGE_CURVE('',#2639,#2640,#306,.T.);
#3302=EDGE_CURVE('',#2640,#2641,#307,.T.);
#3303=EDGE_CURVE('',#2641,#2642,#308,.T.);
#3304=EDGE_CURVE('',#2642,#2643,#309,.T.);
#3305=EDGE_CURVE('',#2643,#2644,#751,.T.);
#3306=EDGE_CURVE('',#2644,#2645,#752,.T.);
#3307=EDGE_CURVE('',#2645,#2646,#310,.T.);
#3308=EDGE_CURVE('',#2646,#2647,#311,.T.);
#3309=EDGE_CURVE('',#2647,#2648,#312,.T.);
#3310=EDGE_CURVE('',#2648,#2649,#313,.T.);
#3311=EDGE_CURVE('',#2649,#2650,#314,.T.);
#3312=EDGE_CURVE('',#2650,#2651,#315,.T.);
#3313=EDGE_CURVE('',#2651,#2652,#316,.T.);
#3314=EDGE_CURVE('',#2652,#2653,#317,.T.);
#3315=EDGE_CURVE('',#2653,#2654,#318,.T.);
#3316=EDGE_CURVE('',#2654,#2655,#319,.T.);
#3317=EDGE_CURVE('',#2655,#2656,#753,.T.);
#3318=EDGE_CURVE('',#2656,#2657,#320,.T.);
#3319=EDGE_CURVE('',#2657,#2658,#321,.T.);
#3320=EDGE_CURVE('',#2658,#2659,#322,.T.);
#3321=EDGE_CURVE('',#2660,#2659,#754,.T.);
#3322=EDGE_CURVE('',#2660,#2661,#323,.T.);
#3323=EDGE_CURVE('',#2661,#2662,#324,.T.);
#3324=EDGE_CURVE('',#2662,#2663,#325,.T.);
#3325=EDGE_CURVE('',#2663,#2664,#326,.T.);
#3326=EDGE_CURVE('',#2664,#2665,#327,.T.);
#3327=EDGE_CURVE('',#2665,#2666,#328,.T.);
#3328=EDGE_CURVE('',#2666,#2667,#329,.T.);
#3329=EDGE_CURVE('',#2667,#2668,#330,.T.);
#3330=EDGE_CURVE('',#2668,#2669,#331,.T.);
#3331=EDGE_CURVE('',#2669,#2670,#332,.T.);
#3332=EDGE_CURVE('',#2670,#2671,#333,.T.);
#3333=EDGE_CURVE('',#2671,#2672,#334,.T.);
#3334=EDGE_CURVE('',#2672,#2673,#335,.T.);
#3335=EDGE_CURVE('',#2673,#2674,#336,.T.);
#3336=EDGE_CURVE('',#2674,#2675,#337,.T.);
#3337=EDGE_CURVE('',#2675,#2676,#338,.T.);
#3338=EDGE_CURVE('',#2676,#2677,#339,.T.);
#3339=EDGE_CURVE('',#2677,#2678,#231,.T.);
#3340=EDGE_CURVE('',#2678,#2679,#755,.T.);
#3341=EDGE_CURVE('',#2679,#2680,#232,.T.);
#3342=EDGE_CURVE('',#2680,#2681,#340,.T.);
#3343=EDGE_CURVE('',#2681,#2682,#341,.T.);
#3344=EDGE_CURVE('',#2683,#2682,#756,.T.);
#3345=EDGE_CURVE('',#2683,#2684,#342,.T.);
#3346=EDGE_CURVE('',#2684,#2685,#343,.T.);
#3347=EDGE_CURVE('',#2685,#2686,#344,.T.);
#3348=EDGE_CURVE('',#2686,#2687,#345,.T.);
#3349=EDGE_CURVE('',#2687,#2688,#346,.T.);
#3350=EDGE_CURVE('',#2688,#2689,#347,.T.);
#3351=EDGE_CURVE('',#2689,#2690,#348,.T.);
#3352=EDGE_CURVE('',#2690,#2691,#349,.T.);
#3353=EDGE_CURVE('',#2691,#2692,#233,.T.);
#3354=EDGE_CURVE('',#2692,#2693,#757,.T.);
#3355=EDGE_CURVE('',#2693,#2694,#758,.T.);
#3356=EDGE_CURVE('',#2694,#2695,#350,.T.);
#3357=EDGE_CURVE('',#2695,#2696,#351,.T.);
#3358=EDGE_CURVE('',#2696,#2697,#759,.T.);
#3359=EDGE_CURVE('',#2697,#2698,#760,.T.);
#3360=EDGE_CURVE('',#2698,#2699,#352,.T.);
#3361=EDGE_CURVE('',#2699,#2700,#353,.T.);
#3362=EDGE_CURVE('',#2700,#2701,#761,.T.);
#3363=EDGE_CURVE('',#2701,#2702,#762,.T.);
#3364=EDGE_CURVE('',#2702,#2703,#354,.T.);
#3365=EDGE_CURVE('',#2704,#2703,#763,.T.);
#3366=EDGE_CURVE('',#2704,#2705,#355,.T.);
#3367=EDGE_CURVE('',#2705,#2706,#764,.T.);
#3368=EDGE_CURVE('',#2706,#2707,#765,.T.);
#3369=EDGE_CURVE('',#2707,#2708,#356,.T.);
#3370=EDGE_CURVE('',#2708,#2709,#357,.T.);
#3371=EDGE_CURVE('',#2709,#2710,#234,.T.);
#3372=EDGE_CURVE('',#2711,#2710,#766,.T.);
#3373=EDGE_CURVE('',#2711,#2712,#235,.T.);
#3374=EDGE_CURVE('',#2712,#2713,#358,.T.);
#3375=EDGE_CURVE('',#2713,#2714,#359,.T.);
#3376=EDGE_CURVE('',#2714,#2715,#360,.T.);
#3377=EDGE_CURVE('',#2715,#2716,#361,.T.);
#3378=EDGE_CURVE('',#2716,#2717,#362,.T.);
#3379=EDGE_CURVE('',#2717,#2718,#363,.T.);
#3380=EDGE_CURVE('',#2718,#2719,#364,.T.);
#3381=EDGE_CURVE('',#2719,#2720,#365,.T.);
#3382=EDGE_CURVE('',#2720,#2721,#767,.T.);
#3383=EDGE_CURVE('',#2721,#2722,#366,.T.);
#3384=EDGE_CURVE('',#2722,#2723,#367,.T.);
#3385=EDGE_CURVE('',#2723,#2724,#368,.T.);
#3386=EDGE_CURVE('',#2724,#2725,#369,.T.);
#3387=EDGE_CURVE('',#2725,#2726,#370,.T.);
#3388=EDGE_CURVE('',#2726,#2727,#371,.T.);
#3389=EDGE_CURVE('',#2727,#2728,#372,.T.);
#3390=EDGE_CURVE('',#2728,#2729,#373,.T.);
#3391=EDGE_CURVE('',#2729,#2730,#768,.T.);
#3392=EDGE_CURVE('',#2730,#2731,#769,.T.);
#3393=EDGE_CURVE('',#2731,#2732,#374,.T.);
#3394=EDGE_CURVE('',#2732,#2733,#375,.T.);
#3395=EDGE_CURVE('',#2733,#2734,#376,.T.);
#3396=EDGE_CURVE('',#2734,#2735,#377,.T.);
#3397=EDGE_CURVE('',#2735,#2736,#378,.T.);
#3398=EDGE_CURVE('',#2736,#2737,#379,.T.);
#3399=EDGE_CURVE('',#2737,#2738,#380,.T.);
#3400=EDGE_CURVE('',#2738,#2739,#381,.T.);
#3401=EDGE_CURVE('',#2739,#2740,#382,.T.);
#3402=EDGE_CURVE('',#2740,#2741,#383,.T.);
#3403=EDGE_CURVE('',#2741,#2742,#384,.T.);
#3404=EDGE_CURVE('',#2742,#2743,#385,.T.);
#3405=EDGE_CURVE('',#2743,#2744,#770,.T.);
#3406=EDGE_CURVE('',#2744,#2745,#771,.T.);
#3407=EDGE_CURVE('',#2745,#2746,#386,.T.);
#3408=EDGE_CURVE('',#2746,#2747,#387,.T.);
#3409=EDGE_CURVE('',#2748,#2747,#772,.T.);
#3410=EDGE_CURVE('',#2748,#2749,#388,.T.);
#3411=EDGE_CURVE('',#2749,#2750,#389,.T.);
#3412=EDGE_CURVE('',#2750,#2751,#390,.T.);
#3413=EDGE_CURVE('',#2751,#2752,#391,.T.);
#3414=EDGE_CURVE('',#2752,#2753,#392,.T.);
#3415=EDGE_CURVE('',#2753,#2754,#393,.T.);
#3416=EDGE_CURVE('',#2754,#2755,#394,.T.);
#3417=EDGE_CURVE('',#2755,#2756,#395,.T.);
#3418=EDGE_CURVE('',#2756,#2757,#396,.T.);
#3419=EDGE_CURVE('',#2758,#2757,#773,.T.);
#3420=EDGE_CURVE('',#2758,#2759,#397,.T.);
#3421=EDGE_CURVE('',#2759,#2760,#398,.T.);
#3422=EDGE_CURVE('',#2760,#2761,#399,.T.);
#3423=EDGE_CURVE('',#2761,#2762,#400,.T.);
#3424=EDGE_CURVE('',#2762,#2763,#401,.T.);
#3425=EDGE_CURVE('',#2763,#2764,#402,.T.);
#3426=EDGE_CURVE('',#2764,#2765,#403,.T.);
#3427=EDGE_CURVE('',#2765,#2766,#404,.T.);
#3428=EDGE_CURVE('',#2766,#2767,#405,.T.);
#3429=EDGE_CURVE('',#2767,#2768,#406,.T.);
#3430=EDGE_CURVE('',#2768,#2769,#407,.T.);
#3431=EDGE_CURVE('',#2769,#2770,#408,.T.);
#3432=EDGE_CURVE('',#2770,#2771,#409,.T.);
#3433=EDGE_CURVE('',#2771,#2772,#410,.T.);
#3434=EDGE_CURVE('',#2772,#2773,#411,.T.);
#3435=EDGE_CURVE('',#2773,#2774,#412,.T.);
#3436=EDGE_CURVE('',#2774,#2775,#413,.T.);
#3437=EDGE_CURVE('',#2775,#2776,#414,.T.);
#3438=EDGE_CURVE('',#2776,#2777,#415,.T.);
#3439=EDGE_CURVE('',#2777,#2778,#416,.T.);
#3440=EDGE_CURVE('',#2778,#2779,#417,.T.);
#3441=EDGE_CURVE('',#2779,#2780,#418,.T.);
#3442=EDGE_CURVE('',#2780,#2781,#419,.T.);
#3443=EDGE_CURVE('',#2781,#2782,#420,.T.);
#3444=EDGE_CURVE('',#2782,#2783,#421,.T.);
#3445=EDGE_CURVE('',#2783,#2784,#422,.T.);
#3446=EDGE_CURVE('',#2784,#2785,#423,.T.);
#3447=EDGE_CURVE('',#2785,#2786,#424,.T.);
#3448=EDGE_CURVE('',#2786,#2787,#425,.T.);
#3449=EDGE_CURVE('',#2787,#2788,#426,.T.);
#3450=EDGE_CURVE('',#2789,#2788,#774,.T.);
#3451=EDGE_CURVE('',#2789,#2790,#775,.T.);
#3452=EDGE_CURVE('',#2790,#2791,#776,.T.);
#3453=EDGE_CURVE('',#2791,#2792,#427,.T.);
#3454=EDGE_CURVE('',#2792,#2793,#428,.T.);
#3455=EDGE_CURVE('',#2793,#2794,#777,.T.);
#3456=EDGE_CURVE('',#2794,#2795,#778,.T.);
#3457=EDGE_CURVE('',#2795,#2796,#429,.T.);
#3458=EDGE_CURVE('',#2796,#2797,#430,.T.);
#3459=EDGE_CURVE('',#2797,#2798,#779,.T.);
#3460=EDGE_CURVE('',#2798,#2799,#431,.T.);
#3461=EDGE_CURVE('',#2799,#2800,#432,.T.);
#3462=EDGE_CURVE('',#2800,#2801,#780,.T.);
#3463=EDGE_CURVE('',#2801,#2802,#781,.T.);
#3464=EDGE_CURVE('',#2802,#2631,#433,.T.);
#3465=EDGE_CURVE('',#2803,#2803,#2511,.T.);
#3466=EDGE_CURVE('',#2804,#2804,#2512,.T.);
#3467=EDGE_CURVE('',#2805,#2805,#2513,.T.);
#3468=EDGE_CURVE('',#2806,#2806,#2514,.T.);
#3469=EDGE_CURVE('',#2807,#2808,#782,.T.);
#3470=EDGE_CURVE('',#2809,#2807,#2515,.T.);
#3471=EDGE_CURVE('',#2810,#2809,#783,.T.);
#3472=EDGE_CURVE('',#2811,#2810,#2516,.T.);
#3473=EDGE_CURVE('',#2812,#2811,#784,.T.);
#3474=EDGE_CURVE('',#2813,#2812,#2517,.T.);
#3475=EDGE_CURVE('',#2814,#2813,#785,.T.);
#3476=EDGE_CURVE('',#2808,#2814,#2518,.T.);
#3477=EDGE_CURVE('',#2815,#2811,#2519,.T.);
#3478=EDGE_CURVE('',#2816,#2810,#2520,.T.);
#3479=EDGE_CURVE('',#2816,#2815,#2521,.T.);
#3480=EDGE_CURVE('',#2817,#2812,#2522,.T.);
#3481=EDGE_CURVE('',#2815,#2817,#786,.T.);
#3482=EDGE_CURVE('',#2818,#2813,#2523,.T.);
#3483=EDGE_CURVE('',#2817,#2818,#2524,.T.);
#3484=EDGE_CURVE('',#2819,#2814,#2525,.T.);
#3485=EDGE_CURVE('',#2818,#2819,#787,.T.);
#3486=EDGE_CURVE('',#2808,#2820,#2526,.T.);
#3487=EDGE_CURVE('',#2819,#2820,#2527,.T.);
#3488=EDGE_CURVE('',#2820,#2821,#788,.T.);
#3489=EDGE_CURVE('',#2821,#2807,#2528,.T.);
#3490=EDGE_CURVE('',#2822,#2809,#2529,.T.);
#3491=EDGE_CURVE('',#2821,#2822,#2530,.T.);
#3492=EDGE_CURVE('',#2822,#2816,#789,.T.);
#3493=EDGE_CURVE('',#2823,#2824,#2531,.T.);
#3494=EDGE_CURVE('',#2824,#2825,#2532,.T.);
#3495=EDGE_CURVE('',#2826,#2825,#2533,.T.);
#3496=EDGE_CURVE('',#2826,#2823,#2534,.T.);
#3497=EDGE_CURVE('',#2827,#2828,#2535,.T.);
#3498=EDGE_CURVE('',#2828,#2824,#790,.T.);
#3499=EDGE_CURVE('',#2823,#2827,#791,.T.);
#3500=EDGE_CURVE('',#2829,#2830,#2536,.T.);
#3501=EDGE_CURVE('',#2830,#2828,#2537,.T.);
#3502=EDGE_CURVE('',#2827,#2829,#2538,.T.);
#3503=EDGE_CURVE('',#2831,#2830,#792,.T.);
#3504=EDGE_CURVE('',#2831,#2832,#793,.T.);
#3505=EDGE_CURVE('',#2825,#2832,#794,.T.);
#3506=EDGE_CURVE('',#2832,#2833,#2539,.T.);
#3507=EDGE_CURVE('',#2833,#2826,#795,.T.);
#3508=EDGE_CURVE('',#2834,#2831,#2540,.T.);
#3509=EDGE_CURVE('',#2829,#2834,#796,.T.);
#3510=EDGE_CURVE('',#2835,#2836,#797,.T.);
#3511=EDGE_CURVE('',#2835,#2837,#798,.T.);
#3512=EDGE_CURVE('',#2838,#2837,#799,.T.);
#3513=EDGE_CURVE('',#2839,#2838,#2541,.T.);
#3514=EDGE_CURVE('',#2840,#2839,#800,.T.);
#3515=EDGE_CURVE('',#2836,#2840,#2542,.T.);
#3516=EDGE_CURVE('',#2841,#2842,#801,.T.);
#3517=EDGE_CURVE('',#2841,#2843,#2543,.T.);
#3518=EDGE_CURVE('',#2844,#2843,#802,.T.);
#3519=EDGE_CURVE('',#2845,#2844,#2544,.T.);
#3520=EDGE_CURVE('',#2846,#2845,#803,.T.);
#3521=EDGE_CURVE('',#2847,#2846,#2545,.T.);
#3522=EDGE_CURVE('',#2848,#2847,#804,.T.);
#3523=EDGE_CURVE('',#2842,#2848,#2546,.T.);
#3524=EDGE_CURVE('',#2837,#2849,#2547,.T.);
#3525=EDGE_CURVE('',#2849,#2850,#805,.T.);
#3526=EDGE_CURVE('',#2850,#2838,#2548,.T.);
#3527=EDGE_CURVE('',#2851,#2839,#2549,.T.);
#3528=EDGE_CURVE('',#2850,#2851,#2550,.T.);
#3529=EDGE_CURVE('',#2852,#2840,#2551,.T.);
#3530=EDGE_CURVE('',#2851,#2852,#806,.T.);
#3531=EDGE_CURVE('',#2853,#2836,#2552,.T.);
#3532=EDGE_CURVE('',#2852,#2853,#2553,.T.);
#3533=EDGE_CURVE('',#2854,#2835,#2554,.T.);
#3534=EDGE_CURVE('',#2853,#2854,#807,.T.);
#3535=EDGE_CURVE('',#2855,#2856,#434,.T.);
#3536=EDGE_CURVE('',#2856,#2857,#435,.T.);
#3537=EDGE_CURVE('',#2857,#2858,#436,.T.);
#3538=EDGE_CURVE('',#2858,#2859,#437,.T.);
#3539=EDGE_CURVE('',#2859,#2860,#438,.T.);
#3540=EDGE_CURVE('',#2860,#2861,#439,.T.);
#3541=EDGE_CURVE('',#2861,#2862,#440,.T.);
#3542=EDGE_CURVE('',#2862,#2863,#441,.T.);
#3543=EDGE_CURVE('',#2863,#2864,#442,.T.);
#3544=EDGE_CURVE('',#2864,#2865,#443,.T.);
#3545=EDGE_CURVE('',#2865,#2855,#444,.T.);
#3546=EDGE_CURVE('',#2866,#2867,#808,.T.);
#3547=EDGE_CURVE('',#2867,#2868,#445,.T.);
#3548=EDGE_CURVE('',#2868,#2869,#446,.T.);
#3549=EDGE_CURVE('',#2869,#2870,#447,.T.);
#3550=EDGE_CURVE('',#2870,#2871,#448,.T.);
#3551=EDGE_CURVE('',#2871,#2872,#449,.T.);
#3552=EDGE_CURVE('',#2872,#2873,#450,.T.);
#3553=EDGE_CURVE('',#2873,#2874,#451,.T.);
#3554=EDGE_CURVE('',#2874,#2875,#809,.T.);
#3555=EDGE_CURVE('',#2875,#2876,#810,.T.);
#3556=EDGE_CURVE('',#2876,#2877,#811,.T.);
#3557=EDGE_CURVE('',#2877,#2878,#452,.T.);
#3558=EDGE_CURVE('',#2878,#2879,#453,.T.);
#3559=EDGE_CURVE('',#2879,#2880,#454,.T.);
#3560=EDGE_CURVE('',#2880,#2881,#455,.T.);
#3561=EDGE_CURVE('',#2881,#2882,#456,.T.);
#3562=EDGE_CURVE('',#2882,#2883,#457,.T.);
#3563=EDGE_CURVE('',#2883,#2884,#812,.T.);
#3564=EDGE_CURVE('',#2884,#2885,#813,.T.);
#3565=EDGE_CURVE('',#2885,#2866,#814,.T.);
#3566=EDGE_CURVE('',#2886,#2887,#458,.T.);
#3567=EDGE_CURVE('',#2887,#2888,#459,.T.);
#3568=EDGE_CURVE('',#2888,#2889,#460,.T.);
#3569=EDGE_CURVE('',#2889,#2890,#461,.T.);
#3570=EDGE_CURVE('',#2890,#2891,#462,.T.);
#3571=EDGE_CURVE('',#2891,#2892,#463,.T.);
#3572=EDGE_CURVE('',#2892,#2893,#464,.T.);
#3573=EDGE_CURVE('',#2893,#2894,#465,.T.);
#3574=EDGE_CURVE('',#2894,#2895,#466,.T.);
#3575=EDGE_CURVE('',#2895,#2896,#467,.T.);
#3576=EDGE_CURVE('',#2896,#2886,#236,.T.);
#3577=EDGE_CURVE('',#2897,#2898,#468,.T.);
#3578=EDGE_CURVE('',#2898,#2899,#469,.T.);
#3579=EDGE_CURVE('',#2899,#2900,#470,.T.);
#3580=EDGE_CURVE('',#2900,#2901,#815,.T.);
#3581=EDGE_CURVE('',#2901,#2902,#816,.T.);
#3582=EDGE_CURVE('',#2902,#2903,#471,.T.);
#3583=EDGE_CURVE('',#2903,#2904,#472,.T.);
#3584=EDGE_CURVE('',#2904,#2905,#473,.T.);
#3585=EDGE_CURVE('',#2905,#2906,#474,.T.);
#3586=EDGE_CURVE('',#2906,#2907,#817,.T.);
#3587=EDGE_CURVE('',#2907,#2908,#818,.T.);
#3588=EDGE_CURVE('',#2908,#2909,#475,.T.);
#3589=EDGE_CURVE('',#2909,#2910,#819,.T.);
#3590=EDGE_CURVE('',#2910,#2911,#820,.T.);
#3591=EDGE_CURVE('',#2911,#2912,#476,.T.);
#3592=EDGE_CURVE('',#2912,#2913,#477,.T.);
#3593=EDGE_CURVE('',#2913,#2914,#478,.T.);
#3594=EDGE_CURVE('',#2914,#2915,#479,.T.);
#3595=EDGE_CURVE('',#2915,#2897,#480,.T.);
#3596=EDGE_CURVE('',#2916,#2917,#821,.T.);
#3597=EDGE_CURVE('',#2917,#2918,#481,.T.);
#3598=EDGE_CURVE('',#2918,#2919,#482,.T.);
#3599=EDGE_CURVE('',#2919,#2920,#483,.T.);
#3600=EDGE_CURVE('',#2920,#2921,#484,.T.);
#3601=EDGE_CURVE('',#2921,#2922,#485,.T.);
#3602=EDGE_CURVE('',#2922,#2923,#486,.T.);
#3603=EDGE_CURVE('',#2923,#2924,#487,.T.);
#3604=EDGE_CURVE('',#2924,#2925,#488,.T.);
#3605=EDGE_CURVE('',#2925,#2916,#822,.T.);
#3606=EDGE_CURVE('',#2926,#2927,#489,.T.);
#3607=EDGE_CURVE('',#2927,#2928,#490,.T.);
#3608=EDGE_CURVE('',#2928,#2929,#491,.T.);
#3609=EDGE_CURVE('',#2929,#2930,#492,.T.);
#3610=EDGE_CURVE('',#2930,#2931,#493,.T.);
#3611=EDGE_CURVE('',#2931,#2932,#494,.T.);
#3612=EDGE_CURVE('',#2932,#2933,#495,.T.);
#3613=EDGE_CURVE('',#2933,#2934,#496,.T.);
#3614=EDGE_CURVE('',#2934,#2935,#497,.T.);
#3615=EDGE_CURVE('',#2935,#2936,#498,.T.);
#3616=EDGE_CURVE('',#2936,#2926,#499,.T.);
#3617=EDGE_CURVE('',#2937,#2937,#2555,.T.);
#3618=EDGE_CURVE('',#2938,#2938,#2556,.T.);
#3619=EDGE_CURVE('',#2579,#2816,#823,.T.);
#3620=EDGE_CURVE('',#2586,#2815,#824,.T.);
#3621=EDGE_CURVE('',#2585,#2817,#825,.T.);
#3622=EDGE_CURVE('',#2584,#2818,#826,.T.);
#3623=EDGE_CURVE('',#2583,#2819,#827,.T.);
#3624=EDGE_CURVE('',#2582,#2820,#828,.T.);
#3625=EDGE_CURVE('',#2581,#2821,#829,.T.);
#3626=EDGE_CURVE('',#2580,#2822,#830,.T.);
#3627=EDGE_CURVE('',#2606,#2848,#831,.T.);
#3628=EDGE_CURVE('',#2842,#2605,#832,.T.);
#3629=EDGE_CURVE('',#2604,#2841,#833,.T.);
#3630=EDGE_CURVE('',#2843,#2603,#834,.T.);
#3631=EDGE_CURVE('',#2602,#2833,#835,.T.);
#3632=EDGE_CURVE('',#2601,#2826,#836,.T.);
#3633=EDGE_CURVE('',#2600,#2823,#837,.T.);
#3634=EDGE_CURVE('',#2599,#2827,#838,.T.);
#3635=EDGE_CURVE('',#2598,#2829,#839,.T.);
#3636=EDGE_CURVE('',#2597,#2834,#840,.T.);
#3637=EDGE_CURVE('',#2596,#2844,#841,.T.);
#3638=EDGE_CURVE('',#2845,#2595,#842,.T.);
#3639=EDGE_CURVE('',#2594,#2846,#843,.T.);
#3640=EDGE_CURVE('',#2847,#2593,#844,.T.);
#3641=EDGE_CURVE('',#2587,#2854,#845,.T.);
#3642=EDGE_CURVE('',#2592,#2849,#846,.T.);
#3643=EDGE_CURVE('',#2591,#2850,#847,.T.);
#3644=EDGE_CURVE('',#2590,#2851,#848,.T.);
#3645=EDGE_CURVE('',#2589,#2852,#849,.T.);
#3646=EDGE_CURVE('',#2588,#2853,#850,.T.);
#3647=EDGE_CURVE('',#2939,#2939,#2557,.T.);
#3648=EDGE_CURVE('',#2940,#2940,#2558,.T.);
#3649=EDGE_CURVE('',#2941,#2942,#500,.T.);
#3650=EDGE_CURVE('',#2858,#2942,#851,.T.);
#3651=EDGE_CURVE('',#2857,#2941,#852,.T.);
#3652=EDGE_CURVE('',#2942,#2943,#501,.T.);
#3653=EDGE_CURVE('',#2859,#2943,#853,.T.);
#3654=EDGE_CURVE('',#2943,#2944,#502,.T.);
#3655=EDGE_CURVE('',#2860,#2944,#854,.T.);
#3656=EDGE_CURVE('',#2944,#2945,#503,.T.);
#3657=EDGE_CURVE('',#2861,#2945,#855,.T.);
#3658=EDGE_CURVE('',#2945,#2946,#504,.T.);
#3659=EDGE_CURVE('',#2862,#2946,#856,.T.);
#3660=EDGE_CURVE('',#2946,#2947,#505,.T.);
#3661=EDGE_CURVE('',#2863,#2947,#857,.T.);
#3662=EDGE_CURVE('',#2947,#2948,#506,.T.);
#3663=EDGE_CURVE('',#2864,#2948,#858,.T.);
#3664=EDGE_CURVE('',#2948,#2949,#507,.T.);
#3665=EDGE_CURVE('',#2865,#2949,#859,.T.);
#3666=EDGE_CURVE('',#2949,#2950,#508,.T.);
#3667=EDGE_CURVE('',#2855,#2950,#860,.T.);
#3668=EDGE_CURVE('',#2950,#2951,#509,.T.);
#3669=EDGE_CURVE('',#2856,#2951,#861,.T.);
#3670=EDGE_CURVE('',#2951,#2941,#510,.T.);
#3671=EDGE_CURVE('',#2952,#2953,#511,.T.);
#3672=EDGE_CURVE('',#2869,#2953,#862,.T.);
#3673=EDGE_CURVE('',#2868,#2952,#863,.T.);
#3674=EDGE_CURVE('',#2953,#2954,#512,.T.);
#3675=EDGE_CURVE('',#2870,#2954,#864,.T.);
#3676=EDGE_CURVE('',#2954,#2955,#513,.T.);
#3677=EDGE_CURVE('',#2871,#2955,#865,.T.);
#3678=EDGE_CURVE('',#2955,#2956,#514,.T.);
#3679=EDGE_CURVE('',#2872,#2956,#866,.T.);
#3680=EDGE_CURVE('',#2956,#2957,#515,.T.);
#3681=EDGE_CURVE('',#2873,#2957,#867,.T.);
#3682=EDGE_CURVE('',#2957,#2958,#516,.T.);
#3683=EDGE_CURVE('',#2874,#2958,#868,.T.);
#3684=EDGE_CURVE('',#2958,#2959,#869,.T.);
#3685=EDGE_CURVE('',#2875,#2959,#870,.T.);
#3686=EDGE_CURVE('',#2959,#2960,#871,.T.);
#3687=EDGE_CURVE('',#2876,#2960,#872,.T.);
#3688=EDGE_CURVE('',#2960,#2961,#873,.T.);
#3689=EDGE_CURVE('',#2877,#2961,#874,.T.);
#3690=EDGE_CURVE('',#2961,#2962,#517,.T.);
#3691=EDGE_CURVE('',#2878,#2962,#875,.T.);
#3692=EDGE_CURVE('',#2962,#2963,#518,.T.);
#3693=EDGE_CURVE('',#2879,#2963,#876,.T.);
#3694=EDGE_CURVE('',#2963,#2964,#519,.T.);
#3695=EDGE_CURVE('',#2880,#2964,#877,.T.);
#3696=EDGE_CURVE('',#2964,#2965,#520,.T.);
#3697=EDGE_CURVE('',#2881,#2965,#878,.T.);
#3698=EDGE_CURVE('',#2965,#2966,#521,.T.);
#3699=EDGE_CURVE('',#2882,#2966,#879,.T.);
#3700=EDGE_CURVE('',#2966,#2967,#522,.T.);
#3701=EDGE_CURVE('',#2883,#2967,#880,.T.);
#3702=EDGE_CURVE('',#2967,#2968,#881,.T.);
#3703=EDGE_CURVE('',#2884,#2968,#882,.T.);
#3704=EDGE_CURVE('',#2968,#2969,#883,.T.);
#3705=EDGE_CURVE('',#2885,#2969,#884,.T.);
#3706=EDGE_CURVE('',#2969,#2970,#885,.T.);
#3707=EDGE_CURVE('',#2866,#2970,#886,.T.);
#3708=EDGE_CURVE('',#2970,#2971,#887,.T.);
#3709=EDGE_CURVE('',#2867,#2971,#888,.T.);
#3710=EDGE_CURVE('',#2971,#2952,#523,.T.);
#3711=EDGE_CURVE('',#2972,#2973,#524,.T.);
#3712=EDGE_CURVE('',#2889,#2973,#889,.T.);
#3713=EDGE_CURVE('',#2888,#2972,#890,.T.);
#3714=EDGE_CURVE('',#2973,#2974,#525,.T.);
#3715=EDGE_CURVE('',#2890,#2974,#891,.T.);
#3716=EDGE_CURVE('',#2974,#2975,#526,.T.);
#3717=EDGE_CURVE('',#2891,#2975,#892,.T.);
#3718=EDGE_CURVE('',#2975,#2976,#527,.T.);
#3719=EDGE_CURVE('',#2892,#2976,#893,.T.);
#3720=EDGE_CURVE('',#2976,#2977,#528,.T.);
#3721=EDGE_CURVE('',#2893,#2977,#894,.T.);
#3722=EDGE_CURVE('',#2977,#2978,#529,.T.);
#3723=EDGE_CURVE('',#2894,#2978,#895,.T.);
#3724=EDGE_CURVE('',#2978,#2979,#530,.T.);
#3725=EDGE_CURVE('',#2895,#2979,#896,.T.);
#3726=EDGE_CURVE('',#2979,#2980,#531,.T.);
#3727=EDGE_CURVE('',#2896,#2980,#897,.T.);
#3728=EDGE_CURVE('',#2980,#2981,#532,.T.);
#3729=EDGE_CURVE('',#2886,#2981,#898,.T.);
#3730=EDGE_CURVE('',#2981,#2982,#533,.T.);
#3731=EDGE_CURVE('',#2887,#2982,#899,.T.);
#3732=EDGE_CURVE('',#2982,#2972,#534,.T.);
#3733=EDGE_CURVE('',#2983,#2984,#535,.T.);
#3734=EDGE_CURVE('',#2900,#2984,#900,.T.);
#3735=EDGE_CURVE('',#2899,#2983,#901,.T.);
#3736=EDGE_CURVE('',#2984,#2985,#902,.T.);
#3737=EDGE_CURVE('',#2901,#2985,#903,.T.);
#3738=EDGE_CURVE('',#2985,#2986,#904,.T.);
#3739=EDGE_CURVE('',#2902,#2986,#905,.T.);
#3740=EDGE_CURVE('',#2986,#2987,#536,.T.);
#3741=EDGE_CURVE('',#2903,#2987,#906,.T.);
#3742=EDGE_CURVE('',#2987,#2988,#537,.T.);
#3743=EDGE_CURVE('',#2904,#2988,#907,.T.);
#3744=EDGE_CURVE('',#2988,#2989,#538,.T.);
#3745=EDGE_CURVE('',#2905,#2989,#908,.T.);
#3746=EDGE_CURVE('',#2989,#2990,#539,.T.);
#3747=EDGE_CURVE('',#2906,#2990,#909,.T.);
#3748=EDGE_CURVE('',#2990,#2991,#910,.T.);
#3749=EDGE_CURVE('',#2907,#2991,#911,.T.);
#3750=EDGE_CURVE('',#2991,#2992,#912,.T.);
#3751=EDGE_CURVE('',#2908,#2992,#913,.T.);
#3752=EDGE_CURVE('',#2992,#2993,#540,.T.);
#3753=EDGE_CURVE('',#2909,#2993,#914,.T.);
#3754=EDGE_CURVE('',#2993,#2994,#915,.T.);
#3755=EDGE_CURVE('',#2910,#2994,#916,.T.);
#3756=EDGE_CURVE('',#2994,#2995,#917,.T.);
#3757=EDGE_CURVE('',#2911,#2995,#918,.T.);
#3758=EDGE_CURVE('',#2995,#2996,#541,.T.);
#3759=EDGE_CURVE('',#2912,#2996,#919,.T.);
#3760=EDGE_CURVE('',#2996,#2997,#542,.T.);
#3761=EDGE_CURVE('',#2913,#2997,#920,.T.);
#3762=EDGE_CURVE('',#2997,#2998,#543,.T.);
#3763=EDGE_CURVE('',#2914,#2998,#921,.T.);
#3764=EDGE_CURVE('',#2998,#2999,#544,.T.);
#3765=EDGE_CURVE('',#2915,#2999,#922,.T.);
#3766=EDGE_CURVE('',#2999,#3000,#545,.T.);
#3767=EDGE_CURVE('',#2897,#3000,#923,.T.);
#3768=EDGE_CURVE('',#3000,#3001,#546,.T.);
#3769=EDGE_CURVE('',#2898,#3001,#924,.T.);
#3770=EDGE_CURVE('',#3001,#2983,#547,.T.);
#3771=EDGE_CURVE('',#3002,#3003,#548,.T.);
#3772=EDGE_CURVE('',#2919,#3003,#925,.T.);
#3773=EDGE_CURVE('',#2918,#3002,#926,.T.);
#3774=EDGE_CURVE('',#3003,#3004,#549,.T.);
#3775=EDGE_CURVE('',#2920,#3004,#927,.T.);
#3776=EDGE_CURVE('',#3004,#3005,#550,.T.);
#3777=EDGE_CURVE('',#2921,#3005,#928,.T.);
#3778=EDGE_CURVE('',#3005,#3006,#551,.T.);
#3779=EDGE_CURVE('',#2922,#3006,#929,.T.);
#3780=EDGE_CURVE('',#3006,#3007,#552,.T.);
#3781=EDGE_CURVE('',#2923,#3007,#930,.T.);
#3782=EDGE_CURVE('',#3007,#3008,#553,.T.);
#3783=EDGE_CURVE('',#2924,#3008,#931,.T.);
#3784=EDGE_CURVE('',#3008,#3009,#554,.T.);
#3785=EDGE_CURVE('',#2925,#3009,#932,.T.);
#3786=EDGE_CURVE('',#3009,#3010,#933,.T.);
#3787=EDGE_CURVE('',#2916,#3010,#934,.T.);
#3788=EDGE_CURVE('',#3010,#3011,#935,.T.);
#3789=EDGE_CURVE('',#2917,#3011,#936,.T.);
#3790=EDGE_CURVE('',#3011,#3002,#555,.T.);
#3791=EDGE_CURVE('',#3012,#3013,#556,.T.);
#3792=EDGE_CURVE('',#2929,#3013,#937,.T.);
#3793=EDGE_CURVE('',#2928,#3012,#938,.T.);
#3794=EDGE_CURVE('',#3013,#3014,#557,.T.);
#3795=EDGE_CURVE('',#2930,#3014,#939,.T.);
#3796=EDGE_CURVE('',#3014,#3015,#558,.T.);
#3797=EDGE_CURVE('',#2931,#3015,#940,.T.);
#3798=EDGE_CURVE('',#3015,#3016,#559,.T.);
#3799=EDGE_CURVE('',#2932,#3016,#941,.T.);
#3800=EDGE_CURVE('',#3016,#3017,#560,.T.);
#3801=EDGE_CURVE('',#2933,#3017,#942,.T.);
#3802=EDGE_CURVE('',#3017,#3018,#561,.T.);
#3803=EDGE_CURVE('',#2934,#3018,#943,.T.);
#3804=EDGE_CURVE('',#3018,#3019,#562,.T.);
#3805=EDGE_CURVE('',#2935,#3019,#944,.T.);
#3806=EDGE_CURVE('',#3019,#3020,#563,.T.);
#3807=EDGE_CURVE('',#2936,#3020,#945,.T.);
#3808=EDGE_CURVE('',#3020,#3021,#564,.T.);
#3809=EDGE_CURVE('',#2926,#3021,#946,.T.);
#3810=EDGE_CURVE('',#3021,#3022,#565,.T.);
#3811=EDGE_CURVE('',#2927,#3022,#947,.T.);
#3812=EDGE_CURVE('',#3022,#3012,#566,.T.);
#3813=EDGE_CURVE('',#3023,#3023,#2559,.T.);
#3814=EDGE_CURVE('',#3023,#2937,#948,.T.);
#3815=EDGE_CURVE('',#3024,#3024,#2560,.T.);
#3816=EDGE_CURVE('',#3024,#2938,#949,.T.);
#3817=EDGE_CURVE('',#3025,#3026,#950,.T.);
#3818=EDGE_CURVE('',#3026,#2567,#951,.T.);
#3819=EDGE_CURVE('',#3025,#2566,#952,.T.);
#3820=EDGE_CURVE('',#3027,#3026,#2561,.F.);
#3821=EDGE_CURVE('',#3027,#2568,#953,.T.);
#3822=EDGE_CURVE('',#3028,#3027,#567,.T.);
#3823=EDGE_CURVE('',#3028,#2569,#954,.T.);
#3824=EDGE_CURVE('',#3029,#3030,#568,.T.);
#3825=EDGE_CURVE('',#3029,#2571,#955,.T.);
#3826=EDGE_CURVE('',#3030,#2570,#956,.T.);
#3827=EDGE_CURVE('',#3029,#3031,#957,.T.);
#3828=EDGE_CURVE('',#3031,#2572,#958,.T.);
#3829=EDGE_CURVE('',#3032,#3031,#569,.T.);
#3830=EDGE_CURVE('',#3033,#3032,#570,.T.);
#3831=EDGE_CURVE('',#3033,#2573,#959,.T.);
#3832=EDGE_CURVE('',#3034,#3033,#960,.T.);
#3833=EDGE_CURVE('',#2574,#3034,#961,.T.);
#3834=EDGE_CURVE('',#3025,#3035,#571,.T.);
#3835=EDGE_CURVE('',#3034,#3035,#572,.T.);
#3836=EDGE_CURVE('',#3036,#3036,#2562,.T.);
#3837=EDGE_CURVE('',#3036,#2939,#962,.T.);
#3838=EDGE_CURVE('',#3037,#3037,#2563,.T.);
#3839=EDGE_CURVE('',#3037,#2940,#963,.T.);
#3840=EDGE_CURVE('',#3038,#3039,#573,.T.);
#3841=EDGE_CURVE('',#3040,#3038,#574,.T.);
#3842=EDGE_CURVE('',#3041,#3040,#964,.T.);
#3843=EDGE_CURVE('',#3042,#3041,#965,.T.);
#3844=EDGE_CURVE('',#3043,#3042,#575,.T.);
#3845=EDGE_CURVE('',#3044,#3043,#576,.T.);
#3846=EDGE_CURVE('',#3045,#3044,#966,.T.);
#3847=EDGE_CURVE('',#3046,#3045,#577,.T.);
#3848=EDGE_CURVE('',#3047,#3046,#578,.T.);
#3849=EDGE_CURVE('',#3048,#3047,#967,.T.);
#3850=EDGE_CURVE('',#3049,#3048,#968,.T.);
#3851=EDGE_CURVE('',#3050,#3049,#579,.T.);
#3852=EDGE_CURVE('',#3051,#3050,#580,.T.);
#3853=EDGE_CURVE('',#3052,#3051,#969,.T.);
#3854=EDGE_CURVE('',#3053,#3052,#970,.T.);
#3855=EDGE_CURVE('',#3054,#3053,#971,.T.);
#3856=EDGE_CURVE('',#3055,#3054,#581,.T.);
#3857=EDGE_CURVE('',#3056,#3055,#582,.T.);
#3858=EDGE_CURVE('',#3057,#3056,#583,.T.);
#3859=EDGE_CURVE('',#3058,#3057,#584,.T.);
#3860=EDGE_CURVE('',#3059,#3058,#585,.T.);
#3861=EDGE_CURVE('',#3060,#3059,#586,.T.);
#3862=EDGE_CURVE('',#3061,#3060,#587,.T.);
#3863=EDGE_CURVE('',#3062,#3061,#588,.T.);
#3864=EDGE_CURVE('',#3063,#3062,#589,.T.);
#3865=EDGE_CURVE('',#3064,#3063,#590,.T.);
#3866=EDGE_CURVE('',#3065,#3064,#591,.T.);
#3867=EDGE_CURVE('',#3066,#3065,#592,.T.);
#3868=EDGE_CURVE('',#3067,#3066,#593,.T.);
#3869=EDGE_CURVE('',#3068,#3067,#594,.T.);
#3870=EDGE_CURVE('',#3069,#3068,#595,.T.);
#3871=EDGE_CURVE('',#3070,#3069,#596,.T.);
#3872=EDGE_CURVE('',#3071,#3070,#597,.T.);
#3873=EDGE_CURVE('',#3072,#3071,#598,.T.);
#3874=EDGE_CURVE('',#3073,#3072,#599,.T.);
#3875=EDGE_CURVE('',#3074,#3073,#600,.T.);
#3876=EDGE_CURVE('',#3075,#3074,#601,.T.);
#3877=EDGE_CURVE('',#3076,#3075,#602,.T.);
#3878=EDGE_CURVE('',#3077,#3076,#603,.T.);
#3879=EDGE_CURVE('',#3078,#3077,#604,.T.);
#3880=EDGE_CURVE('',#3079,#3078,#605,.T.);
#3881=EDGE_CURVE('',#3080,#3079,#606,.T.);
#3882=EDGE_CURVE('',#3081,#3080,#607,.T.);
#3883=EDGE_CURVE('',#3082,#3081,#608,.T.);
#3884=EDGE_CURVE('',#3083,#3082,#609,.T.);
#3885=EDGE_CURVE('',#3084,#3083,#610,.T.);
#3886=EDGE_CURVE('',#3085,#3084,#972,.T.);
#3887=EDGE_CURVE('',#3086,#3085,#611,.T.);
#3888=EDGE_CURVE('',#3087,#3086,#612,.T.);
#3889=EDGE_CURVE('',#3088,#3087,#613,.T.);
#3890=EDGE_CURVE('',#3089,#3088,#614,.T.);
#3891=EDGE_CURVE('',#3090,#3089,#615,.T.);
#3892=EDGE_CURVE('',#3091,#3090,#616,.T.);
#3893=EDGE_CURVE('',#3092,#3091,#617,.T.);
#3894=EDGE_CURVE('',#3093,#3092,#618,.T.);
#3895=EDGE_CURVE('',#3094,#3093,#619,.T.);
#3896=EDGE_CURVE('',#3095,#3094,#973,.T.);
#3897=EDGE_CURVE('',#3096,#3095,#620,.T.);
#3898=EDGE_CURVE('',#3097,#3096,#621,.T.);
#3899=EDGE_CURVE('',#3098,#3097,#974,.T.);
#3900=EDGE_CURVE('',#3099,#3098,#975,.T.);
#3901=EDGE_CURVE('',#3100,#3099,#622,.T.);
#3902=EDGE_CURVE('',#3101,#3100,#623,.T.);
#3903=EDGE_CURVE('',#3102,#3101,#624,.T.);
#3904=EDGE_CURVE('',#3103,#3102,#625,.T.);
#3905=EDGE_CURVE('',#3104,#3103,#626,.T.);
#3906=EDGE_CURVE('',#3105,#3104,#627,.T.);
#3907=EDGE_CURVE('',#3106,#3105,#628,.T.);
#3908=EDGE_CURVE('',#3107,#3106,#629,.T.);
#3909=EDGE_CURVE('',#3108,#3107,#630,.T.);
#3910=EDGE_CURVE('',#3109,#3108,#631,.T.);
#3911=EDGE_CURVE('',#3110,#3109,#632,.T.);
#3912=EDGE_CURVE('',#3111,#3110,#633,.T.);
#3913=EDGE_CURVE('',#3112,#3111,#976,.T.);
#3914=EDGE_CURVE('',#3113,#3112,#977,.T.);
#3915=EDGE_CURVE('',#3114,#3113,#634,.T.);
#3916=EDGE_CURVE('',#3115,#3114,#635,.T.);
#3917=EDGE_CURVE('',#3116,#3115,#636,.T.);
#3918=EDGE_CURVE('',#3117,#3116,#637,.T.);
#3919=EDGE_CURVE('',#3118,#3117,#638,.T.);
#3920=EDGE_CURVE('',#3119,#3118,#639,.T.);
#3921=EDGE_CURVE('',#3120,#3119,#640,.T.);
#3922=EDGE_CURVE('',#3121,#3120,#641,.T.);
#3923=EDGE_CURVE('',#3122,#3121,#978,.T.);
#3924=EDGE_CURVE('',#3123,#3122,#642,.T.);
#3925=EDGE_CURVE('',#3124,#3123,#643,.T.);
#3926=EDGE_CURVE('',#3125,#3124,#644,.T.);
#3927=EDGE_CURVE('',#3126,#3125,#645,.T.);
#3928=EDGE_CURVE('',#3127,#3126,#646,.T.);
#3929=EDGE_CURVE('',#3128,#3127,#647,.T.);
#3930=EDGE_CURVE('',#3129,#3128,#648,.T.);
#3931=EDGE_CURVE('',#3130,#3129,#649,.T.);
#3932=EDGE_CURVE('',#3131,#3130,#650,.T.);
#3933=EDGE_CURVE('',#3132,#3131,#979,.T.);
#3934=EDGE_CURVE('',#3133,#3132,#651,.T.);
#3935=EDGE_CURVE('',#3134,#3133,#652,.T.);
#3936=EDGE_CURVE('',#3135,#3134,#653,.T.);
#3937=EDGE_CURVE('',#3136,#3135,#980,.T.);
#3938=EDGE_CURVE('',#3137,#3136,#981,.T.);
#3939=EDGE_CURVE('',#3138,#3137,#654,.T.);
#3940=EDGE_CURVE('',#3139,#3138,#982,.T.);
#3941=EDGE_CURVE('',#3140,#3139,#655,.T.);
#3942=EDGE_CURVE('',#3141,#3140,#983,.T.);
#3943=EDGE_CURVE('',#3142,#3141,#984,.T.);
#3944=EDGE_CURVE('',#3143,#3142,#656,.T.);
#3945=EDGE_CURVE('',#3144,#3143,#657,.T.);
#3946=EDGE_CURVE('',#3145,#3144,#985,.T.);
#3947=EDGE_CURVE('',#3146,#3145,#986,.T.);
#3948=EDGE_CURVE('',#3147,#3146,#658,.T.);
#3949=EDGE_CURVE('',#3148,#3147,#659,.T.);
#3950=EDGE_CURVE('',#3149,#3148,#987,.T.);
#3951=EDGE_CURVE('',#3150,#3149,#988,.T.);
#3952=EDGE_CURVE('',#3151,#3150,#660,.T.);
#3953=EDGE_CURVE('',#3152,#3151,#661,.T.);
#3954=EDGE_CURVE('',#3153,#3152,#662,.T.);
#3955=EDGE_CURVE('',#3154,#3153,#663,.T.);
#3956=EDGE_CURVE('',#3155,#3154,#664,.T.);
#3957=EDGE_CURVE('',#3156,#3155,#665,.T.);
#3958=EDGE_CURVE('',#3157,#3156,#666,.T.);
#3959=EDGE_CURVE('',#3158,#3157,#667,.T.);
#3960=EDGE_CURVE('',#3159,#3158,#668,.T.);
#3961=EDGE_CURVE('',#3160,#3159,#989,.T.);
#3962=EDGE_CURVE('',#3161,#3160,#669,.T.);
#3963=EDGE_CURVE('',#3162,#3161,#670,.T.);
#3964=EDGE_CURVE('',#3163,#3162,#671,.T.);
#3965=EDGE_CURVE('',#3164,#3163,#990,.T.);
#3966=EDGE_CURVE('',#3165,#3164,#672,.T.);
#3967=EDGE_CURVE('',#3166,#3165,#673,.T.);
#3968=EDGE_CURVE('',#3167,#3166,#674,.T.);
#3969=EDGE_CURVE('',#3168,#3167,#675,.T.);
#3970=EDGE_CURVE('',#3169,#3168,#676,.T.);
#3971=EDGE_CURVE('',#3170,#3169,#677,.T.);
#3972=EDGE_CURVE('',#3171,#3170,#678,.T.);
#3973=EDGE_CURVE('',#3172,#3171,#679,.T.);
#3974=EDGE_CURVE('',#3173,#3172,#680,.T.);
#3975=EDGE_CURVE('',#3174,#3173,#681,.T.);
#3976=EDGE_CURVE('',#3175,#3174,#682,.T.);
#3977=EDGE_CURVE('',#3176,#3175,#683,.T.);
#3978=EDGE_CURVE('',#3177,#3176,#684,.T.);
#3979=EDGE_CURVE('',#3178,#3177,#685,.T.);
#3980=EDGE_CURVE('',#3179,#3178,#686,.T.);
#3981=EDGE_CURVE('',#3180,#3179,#687,.T.);
#3982=EDGE_CURVE('',#3181,#3180,#688,.T.);
#3983=EDGE_CURVE('',#3182,#3181,#689,.T.);
#3984=EDGE_CURVE('',#3183,#3182,#991,.T.);
#3985=EDGE_CURVE('',#3184,#3183,#690,.T.);
#3986=EDGE_CURVE('',#3185,#3184,#691,.T.);
#3987=EDGE_CURVE('',#3186,#3185,#692,.T.);
#3988=EDGE_CURVE('',#3187,#3186,#992,.T.);
#3989=EDGE_CURVE('',#3188,#3187,#693,.T.);
#3990=EDGE_CURVE('',#3189,#3188,#694,.T.);
#3991=EDGE_CURVE('',#3190,#3189,#695,.T.);
#3992=EDGE_CURVE('',#3191,#3190,#696,.T.);
#3993=EDGE_CURVE('',#3192,#3191,#697,.T.);
#3994=EDGE_CURVE('',#3193,#3192,#698,.T.);
#3995=EDGE_CURVE('',#3194,#3193,#699,.T.);
#3996=EDGE_CURVE('',#3195,#3194,#700,.T.);
#3997=EDGE_CURVE('',#3196,#3195,#701,.T.);
#3998=EDGE_CURVE('',#3197,#3196,#702,.T.);
#3999=EDGE_CURVE('',#3198,#3197,#993,.T.);
#4000=EDGE_CURVE('',#3199,#3198,#994,.T.);
#4001=EDGE_CURVE('',#3200,#3199,#703,.T.);
#4002=EDGE_CURVE('',#3201,#3200,#704,.T.);
#4003=EDGE_CURVE('',#3202,#3201,#705,.T.);
#4004=EDGE_CURVE('',#3203,#3202,#706,.T.);
#4005=EDGE_CURVE('',#3204,#3203,#995,.T.);
#4006=EDGE_CURVE('',#3205,#3204,#996,.T.);
#4007=EDGE_CURVE('',#3206,#3205,#707,.T.);
#4008=EDGE_CURVE('',#3207,#3206,#708,.T.);
#4009=EDGE_CURVE('',#3208,#3207,#997,.T.);
#4010=EDGE_CURVE('',#3209,#3208,#709,.T.);
#4011=EDGE_CURVE('',#3039,#3209,#710,.T.);
#4012=EDGE_CURVE('',#2806,#3023,#998,.T.);
#4013=EDGE_CURVE('',#2805,#3024,#999,.T.);
#4014=EDGE_CURVE('',#3027,#2630,#711,.T.);
#4015=EDGE_CURVE('',#3035,#2626,#712,.T.);
#4016=EDGE_CURVE('',#2629,#3028,#713,.T.);
#4017=EDGE_CURVE('',#3030,#2628,#237,.T.);
#4018=EDGE_CURVE('',#2627,#3029,#714,.T.);
#4019=EDGE_CURVE('',#2625,#3032,#715,.T.);
#4020=EDGE_CURVE('',#2804,#3036,#1000,.T.);
#4021=EDGE_CURVE('',#2803,#3037,#1001,.T.);
#4022=EDGE_CURVE('',#3038,#2631,#716,.T.);
#4023=EDGE_CURVE('',#2802,#3040,#1002,.T.);
#4024=EDGE_CURVE('',#2801,#3041,#1003,.T.);
#4025=EDGE_CURVE('',#2800,#3042,#1004,.T.);
#4026=EDGE_CURVE('',#2799,#3043,#1005,.T.);
#4027=EDGE_CURVE('',#2798,#3044,#1006,.T.);
#4028=EDGE_CURVE('',#3045,#2797,#1007,.T.);
#4029=EDGE_CURVE('',#2796,#3046,#1008,.T.);
#4030=EDGE_CURVE('',#2795,#3047,#1009,.T.);
#4031=EDGE_CURVE('',#2794,#3048,#1010,.T.);
#4032=EDGE_CURVE('',#2793,#3049,#1011,.T.);
#4033=EDGE_CURVE('',#2792,#3050,#1012,.T.);
#4034=EDGE_CURVE('',#2791,#3051,#1013,.T.);
#4035=EDGE_CURVE('',#2790,#3052,#1014,.T.);
#4036=EDGE_CURVE('',#2789,#3053,#1015,.T.);
#4037=EDGE_CURVE('',#3054,#2788,#1016,.T.);
#4038=EDGE_CURVE('',#2787,#3055,#1017,.T.);
#4039=EDGE_CURVE('',#2786,#3056,#1018,.T.);
#4040=EDGE_CURVE('',#2785,#3057,#1019,.T.);
#4041=EDGE_CURVE('',#2784,#3058,#1020,.T.);
#4042=EDGE_CURVE('',#2783,#3059,#1021,.T.);
#4043=EDGE_CURVE('',#2782,#3060,#1022,.T.);
#4044=EDGE_CURVE('',#2781,#3061,#1023,.T.);
#4045=EDGE_CURVE('',#2780,#3062,#1024,.T.);
#4046=EDGE_CURVE('',#2779,#3063,#1025,.T.);
#4047=EDGE_CURVE('',#2778,#3064,#1026,.T.);
#4048=EDGE_CURVE('',#2777,#3065,#1027,.T.);
#4049=EDGE_CURVE('',#2776,#3066,#1028,.T.);
#4050=EDGE_CURVE('',#2775,#3067,#1029,.T.);
#4051=EDGE_CURVE('',#2774,#3068,#1030,.T.);
#4052=EDGE_CURVE('',#2773,#3069,#1031,.T.);
#4053=EDGE_CURVE('',#2772,#3070,#1032,.T.);
#4054=EDGE_CURVE('',#2771,#3071,#1033,.T.);
#4055=EDGE_CURVE('',#2770,#3072,#1034,.T.);
#4056=EDGE_CURVE('',#2769,#3073,#1035,.T.);
#4057=EDGE_CURVE('',#2768,#3074,#1036,.T.);
#4058=EDGE_CURVE('',#2767,#3075,#1037,.T.);
#4059=EDGE_CURVE('',#2766,#3076,#1038,.T.);
#4060=EDGE_CURVE('',#2765,#3077,#1039,.T.);
#4061=EDGE_CURVE('',#2764,#3078,#1040,.T.);
#4062=EDGE_CURVE('',#2763,#3079,#1041,.T.);
#4063=EDGE_CURVE('',#2762,#3080,#1042,.T.);
#4064=EDGE_CURVE('',#2761,#3081,#1043,.T.);
#4065=EDGE_CURVE('',#2760,#3082,#1044,.T.);
#4066=EDGE_CURVE('',#2759,#3083,#1045,.T.);
#4067=EDGE_CURVE('',#2758,#3084,#1046,.T.);
#4068=EDGE_CURVE('',#3085,#2757,#1047,.T.);
#4069=EDGE_CURVE('',#2756,#3086,#1048,.T.);
#4070=EDGE_CURVE('',#2755,#3087,#1049,.T.);
#4071=EDGE_CURVE('',#2754,#3088,#1050,.T.);
#4072=EDGE_CURVE('',#2753,#3089,#1051,.T.);
#4073=EDGE_CURVE('',#2752,#3090,#1052,.T.);
#4074=EDGE_CURVE('',#2751,#3091,#1053,.T.);
#4075=EDGE_CURVE('',#2750,#3092,#1054,.T.);
#4076=EDGE_CURVE('',#2749,#3093,#1055,.T.);
#4077=EDGE_CURVE('',#2748,#3094,#1056,.T.);
#4078=EDGE_CURVE('',#3095,#2747,#1057,.T.);
#4079=EDGE_CURVE('',#2746,#3096,#1058,.T.);
#4080=EDGE_CURVE('',#2745,#3097,#1059,.T.);
#4081=EDGE_CURVE('',#2744,#3098,#1060,.T.);
#4082=EDGE_CURVE('',#2743,#3099,#1061,.T.);
#4083=EDGE_CURVE('',#2742,#3100,#1062,.T.);
#4084=EDGE_CURVE('',#2741,#3101,#1063,.T.);
#4085=EDGE_CURVE('',#2740,#3102,#1064,.T.);
#4086=EDGE_CURVE('',#2739,#3103,#1065,.T.);
#4087=EDGE_CURVE('',#2738,#3104,#1066,.T.);
#4088=EDGE_CURVE('',#2737,#3105,#1067,.T.);
#4089=EDGE_CURVE('',#2736,#3106,#1068,.T.);
#4090=EDGE_CURVE('',#2735,#3107,#1069,.T.);
#4091=EDGE_CURVE('',#2734,#3108,#1070,.T.);
#4092=EDGE_CURVE('',#2733,#3109,#1071,.T.);
#4093=EDGE_CURVE('',#2732,#3110,#1072,.T.);
#4094=EDGE_CURVE('',#2731,#3111,#1073,.T.);
#4095=EDGE_CURVE('',#2730,#3112,#1074,.T.);
#4096=EDGE_CURVE('',#2729,#3113,#1075,.T.);
#4097=EDGE_CURVE('',#2728,#3114,#1076,.T.);
#4098=EDGE_CURVE('',#2727,#3115,#1077,.T.);
#4099=EDGE_CURVE('',#2726,#3116,#1078,.T.);
#4100=EDGE_CURVE('',#2725,#3117,#1079,.T.);
#4101=EDGE_CURVE('',#2724,#3118,#1080,.T.);
#4102=EDGE_CURVE('',#2723,#3119,#1081,.T.);
#4103=EDGE_CURVE('',#2722,#3120,#1082,.T.);
#4104=EDGE_CURVE('',#2721,#3121,#1083,.T.);
#4105=EDGE_CURVE('',#3122,#2720,#1084,.T.);
#4106=EDGE_CURVE('',#2719,#3123,#1085,.T.);
#4107=EDGE_CURVE('',#2718,#3124,#1086,.T.);
#4108=EDGE_CURVE('',#2717,#3125,#1087,.T.);
#4109=EDGE_CURVE('',#2716,#3126,#1088,.T.);
#4110=EDGE_CURVE('',#2715,#3127,#1089,.T.);
#4111=EDGE_CURVE('',#2714,#3128,#1090,.T.);
#4112=EDGE_CURVE('',#2713,#3129,#1091,.T.);
#4113=EDGE_CURVE('',#2712,#3130,#1092,.T.);
#4114=EDGE_CURVE('',#2711,#3131,#1093,.T.);
#4115=EDGE_CURVE('',#3132,#2710,#1094,.T.);
#4116=EDGE_CURVE('',#2709,#3133,#1095,.T.);
#4117=EDGE_CURVE('',#2708,#3134,#1096,.T.);
#4118=EDGE_CURVE('',#2707,#3135,#1097,.T.);
#4119=EDGE_CURVE('',#2706,#3136,#1098,.T.);
#4120=EDGE_CURVE('',#2705,#3137,#1099,.T.);
#4121=EDGE_CURVE('',#2704,#3138,#1100,.T.);
#4122=EDGE_CURVE('',#3139,#2703,#1101,.T.);
#4123=EDGE_CURVE('',#2702,#3140,#1102,.T.);
#4124=EDGE_CURVE('',#2701,#3141,#1103,.T.);
#4125=EDGE_CURVE('',#2700,#3142,#1104,.T.);
#4126=EDGE_CURVE('',#2699,#3143,#1105,.T.);
#4127=EDGE_CURVE('',#2698,#3144,#1106,.T.);
#4128=EDGE_CURVE('',#2697,#3145,#1107,.T.);
#4129=EDGE_CURVE('',#2696,#3146,#1108,.T.);
#4130=EDGE_CURVE('',#2695,#3147,#1109,.T.);
#4131=EDGE_CURVE('',#2694,#3148,#1110,.T.);
#4132=EDGE_CURVE('',#2693,#3149,#1111,.T.);
#4133=EDGE_CURVE('',#3150,#2692,#1112,.T.);
#4134=EDGE_CURVE('',#2691,#3151,#1113,.T.);
#4135=EDGE_CURVE('',#2690,#3152,#1114,.T.);
#4136=EDGE_CURVE('',#2689,#3153,#1115,.T.);
#4137=EDGE_CURVE('',#2688,#3154,#1116,.T.);
#4138=EDGE_CURVE('',#2687,#3155,#1117,.T.);
#4139=EDGE_CURVE('',#2686,#3156,#1118,.T.);
#4140=EDGE_CURVE('',#2685,#3157,#1119,.T.);
#4141=EDGE_CURVE('',#2684,#3158,#1120,.T.);
#4142=EDGE_CURVE('',#2683,#3159,#1121,.T.);
#4143=EDGE_CURVE('',#3160,#2682,#1122,.T.);
#4144=EDGE_CURVE('',#2681,#3161,#1123,.T.);
#4145=EDGE_CURVE('',#2680,#3162,#1124,.T.);
#4146=EDGE_CURVE('',#2679,#3163,#1125,.T.);
#4147=EDGE_CURVE('',#3164,#2678,#1126,.T.);
#4148=EDGE_CURVE('',#2677,#3165,#1127,.T.);
#4149=EDGE_CURVE('',#2676,#3166,#1128,.T.);
#4150=EDGE_CURVE('',#2675,#3167,#1129,.T.);
#4151=EDGE_CURVE('',#2674,#3168,#1130,.T.);
#4152=EDGE_CURVE('',#2673,#3169,#1131,.T.);
#4153=EDGE_CURVE('',#2672,#3170,#1132,.T.);
#4154=EDGE_CURVE('',#2671,#3171,#1133,.T.);
#4155=EDGE_CURVE('',#2670,#3172,#1134,.T.);
#4156=EDGE_CURVE('',#2669,#3173,#1135,.T.);
#4157=EDGE_CURVE('',#2668,#3174,#1136,.T.);
#4158=EDGE_CURVE('',#2667,#3175,#1137,.T.);
#4159=EDGE_CURVE('',#2666,#3176,#1138,.T.);
#4160=EDGE_CURVE('',#2665,#3177,#1139,.T.);
#4161=EDGE_CURVE('',#2664,#3178,#1140,.T.);
#4162=EDGE_CURVE('',#2663,#3179,#1141,.T.);
#4163=EDGE_CURVE('',#2662,#3180,#1142,.T.);
#4164=EDGE_CURVE('',#2661,#3181,#1143,.T.);
#4165=EDGE_CURVE('',#2660,#3182,#1144,.T.);
#4166=EDGE_CURVE('',#3183,#2659,#1145,.T.);
#4167=EDGE_CURVE('',#2658,#3184,#1146,.T.);
#4168=EDGE_CURVE('',#2657,#3185,#1147,.T.);
#4169=EDGE_CURVE('',#2656,#3186,#1148,.T.);
#4170=EDGE_CURVE('',#3187,#2655,#1149,.T.);
#4171=EDGE_CURVE('',#2654,#3188,#1150,.T.);
#4172=EDGE_CURVE('',#2653,#3189,#1151,.T.);
#4173=EDGE_CURVE('',#2652,#3190,#1152,.T.);
#4174=EDGE_CURVE('',#2651,#3191,#1153,.T.);
#4175=EDGE_CURVE('',#2650,#3192,#1154,.T.);
#4176=EDGE_CURVE('',#2649,#3193,#1155,.T.);
#4177=EDGE_CURVE('',#2648,#3194,#1156,.T.);
#4178=EDGE_CURVE('',#2647,#3195,#1157,.T.);
#4179=EDGE_CURVE('',#2646,#3196,#1158,.T.);
#4180=EDGE_CURVE('',#2645,#3197,#1159,.T.);
#4181=EDGE_CURVE('',#3198,#2644,#1160,.T.);
#4182=EDGE_CURVE('',#2643,#3199,#1161,.T.);
#4183=EDGE_CURVE('',#2642,#3200,#1162,.T.);
#4184=EDGE_CURVE('',#2641,#3201,#1163,.T.);
#4185=EDGE_CURVE('',#2640,#3202,#1164,.T.);
#4186=EDGE_CURVE('',#2639,#3203,#1165,.T.);
#4187=EDGE_CURVE('',#2638,#3204,#1166,.T.);
#4188=EDGE_CURVE('',#2637,#3205,#1167,.T.);
#4189=EDGE_CURVE('',#2636,#3206,#1168,.T.);
#4190=EDGE_CURVE('',#2635,#3207,#1169,.T.);
#4191=EDGE_CURVE('',#3208,#2634,#1170,.T.);
#4192=EDGE_CURVE('',#2633,#3209,#1171,.T.);
#4193=EDGE_CURVE('',#2632,#3039,#1172,.T.);
#4194=ORIENTED_EDGE('',*,*,#3210,.T.);
#4195=ORIENTED_EDGE('',*,*,#3211,.T.);
#4196=ORIENTED_EDGE('',*,*,#3212,.T.);
#4197=ORIENTED_EDGE('',*,*,#3211,.F.);
#4198=ORIENTED_EDGE('',*,*,#3213,.T.);
#4199=ORIENTED_EDGE('',*,*,#3214,.T.);
#4200=ORIENTED_EDGE('',*,*,#3215,.T.);
#4201=ORIENTED_EDGE('',*,*,#3216,.T.);
#4202=ORIENTED_EDGE('',*,*,#3217,.T.);
#4203=ORIENTED_EDGE('',*,*,#3218,.T.);
#4204=ORIENTED_EDGE('',*,*,#3219,.T.);
#4205=ORIENTED_EDGE('',*,*,#3220,.T.);
#4206=ORIENTED_EDGE('',*,*,#3221,.T.);
#4207=ORIENTED_EDGE('',*,*,#3222,.F.);
#4208=ORIENTED_EDGE('',*,*,#3223,.F.);
#4209=ORIENTED_EDGE('',*,*,#3224,.F.);
#4210=ORIENTED_EDGE('',*,*,#3225,.F.);
#4211=ORIENTED_EDGE('',*,*,#3226,.T.);
#4212=ORIENTED_EDGE('',*,*,#3227,.T.);
#4213=ORIENTED_EDGE('',*,*,#3228,.T.);
#4214=ORIENTED_EDGE('',*,*,#3229,.T.);
#4215=ORIENTED_EDGE('',*,*,#3230,.T.);
#4216=ORIENTED_EDGE('',*,*,#3231,.T.);
#4217=ORIENTED_EDGE('',*,*,#3232,.T.);
#4218=ORIENTED_EDGE('',*,*,#3233,.T.);
#4219=ORIENTED_EDGE('',*,*,#3234,.T.);
#4220=ORIENTED_EDGE('',*,*,#3235,.T.);
#4221=ORIENTED_EDGE('',*,*,#3236,.T.);
#4222=ORIENTED_EDGE('',*,*,#3237,.T.);
#4223=ORIENTED_EDGE('',*,*,#3238,.T.);
#4224=ORIENTED_EDGE('',*,*,#3239,.T.);
#4225=ORIENTED_EDGE('',*,*,#3240,.T.);
#4226=ORIENTED_EDGE('',*,*,#3241,.T.);
#4227=ORIENTED_EDGE('',*,*,#3242,.T.);
#4228=ORIENTED_EDGE('',*,*,#3243,.T.);
#4229=ORIENTED_EDGE('',*,*,#3244,.T.);
#4230=ORIENTED_EDGE('',*,*,#3245,.T.);
#4231=ORIENTED_EDGE('',*,*,#3246,.T.);
#4232=ORIENTED_EDGE('',*,*,#3247,.T.);
#4233=ORIENTED_EDGE('',*,*,#3248,.T.);
#4234=ORIENTED_EDGE('',*,*,#3249,.T.);
#4235=ORIENTED_EDGE('',*,*,#3250,.T.);
#4236=ORIENTED_EDGE('',*,*,#3251,.T.);
#4237=ORIENTED_EDGE('',*,*,#3252,.T.);
#4238=ORIENTED_EDGE('',*,*,#3253,.T.);
#4239=ORIENTED_EDGE('',*,*,#3254,.F.);
#4240=ORIENTED_EDGE('',*,*,#3255,.F.);
#4241=ORIENTED_EDGE('',*,*,#3256,.F.);
#4242=ORIENTED_EDGE('',*,*,#3210,.F.);
#4243=ORIENTED_EDGE('',*,*,#3212,.F.);
#4244=ORIENTED_EDGE('',*,*,#3257,.T.);
#4245=ORIENTED_EDGE('',*,*,#3258,.T.);
#4246=ORIENTED_EDGE('',*,*,#3257,.F.);
#4247=ORIENTED_EDGE('',*,*,#3222,.T.);
#4248=ORIENTED_EDGE('',*,*,#3259,.T.);
#4249=ORIENTED_EDGE('',*,*,#3260,.T.);
#4250=ORIENTED_EDGE('',*,*,#3259,.F.);
#4251=ORIENTED_EDGE('',*,*,#3260,.F.);
#4252=ORIENTED_EDGE('',*,*,#3261,.T.);
#4253=ORIENTED_EDGE('',*,*,#3262,.T.);
#4254=ORIENTED_EDGE('',*,*,#3261,.F.);
#4255=ORIENTED_EDGE('',*,*,#3256,.T.);
#4256=ORIENTED_EDGE('',*,*,#3263,.T.);
#4257=ORIENTED_EDGE('',*,*,#3264,.T.);
#4258=ORIENTED_EDGE('',*,*,#3263,.F.);
#4259=ORIENTED_EDGE('',*,*,#3264,.F.);
#4260=ORIENTED_EDGE('',*,*,#3265,.T.);
#4261=ORIENTED_EDGE('',*,*,#3266,.T.);
#4262=ORIENTED_EDGE('',*,*,#3265,.F.);
#4263=ORIENTED_EDGE('',*,*,#3223,.T.);
#4264=ORIENTED_EDGE('',*,*,#3267,.T.);
#4265=ORIENTED_EDGE('',*,*,#3268,.T.);
#4266=ORIENTED_EDGE('',*,*,#3267,.F.);
#4267=ORIENTED_EDGE('',*,*,#3268,.F.);
#4268=ORIENTED_EDGE('',*,*,#3269,.T.);
#4269=ORIENTED_EDGE('',*,*,#3270,.T.);
#4270=ORIENTED_EDGE('',*,*,#3269,.F.);
#4271=ORIENTED_EDGE('',*,*,#3255,.T.);
#4272=ORIENTED_EDGE('',*,*,#3271,.T.);
#4273=ORIENTED_EDGE('',*,*,#3272,.T.);
#4274=ORIENTED_EDGE('',*,*,#3271,.F.);
#4275=ORIENTED_EDGE('',*,*,#3272,.F.);
#4276=ORIENTED_EDGE('',*,*,#3273,.T.);
#4277=ORIENTED_EDGE('',*,*,#3274,.T.);
#4278=ORIENTED_EDGE('',*,*,#3273,.F.);
#4279=ORIENTED_EDGE('',*,*,#3224,.T.);
#4280=ORIENTED_EDGE('',*,*,#3275,.T.);
#4281=ORIENTED_EDGE('',*,*,#3276,.T.);
#4282=ORIENTED_EDGE('',*,*,#3275,.F.);
#4283=ORIENTED_EDGE('',*,*,#3276,.F.);
#4284=ORIENTED_EDGE('',*,*,#3277,.T.);
#4285=ORIENTED_EDGE('',*,*,#3278,.T.);
#4286=ORIENTED_EDGE('',*,*,#3277,.F.);
#4287=ORIENTED_EDGE('',*,*,#3254,.T.);
#4288=ORIENTED_EDGE('',*,*,#3279,.T.);
#4289=ORIENTED_EDGE('',*,*,#3280,.T.);
#4290=ORIENTED_EDGE('',*,*,#3279,.F.);
#4291=ORIENTED_EDGE('',*,*,#3280,.F.);
#4292=ORIENTED_EDGE('',*,*,#3281,.T.);
#4293=ORIENTED_EDGE('',*,*,#3282,.T.);
#4294=ORIENTED_EDGE('',*,*,#3281,.F.);
#4295=ORIENTED_EDGE('',*,*,#3225,.T.);
#4296=ORIENTED_EDGE('',*,*,#3283,.T.);
#4297=ORIENTED_EDGE('',*,*,#3284,.T.);
#4298=ORIENTED_EDGE('',*,*,#3283,.F.);
#4299=ORIENTED_EDGE('',*,*,#3284,.F.);
#4300=ORIENTED_EDGE('',*,*,#3285,.T.);
#4301=ORIENTED_EDGE('',*,*,#3286,.T.);
#4302=ORIENTED_EDGE('',*,*,#3285,.F.);
#4303=ORIENTED_EDGE('',*,*,#3274,.F.);
#4304=ORIENTED_EDGE('',*,*,#3262,.F.);
#4305=ORIENTED_EDGE('',*,*,#3278,.F.);
#4306=ORIENTED_EDGE('',*,*,#3282,.F.);
#4307=ORIENTED_EDGE('',*,*,#3266,.F.);
#4308=ORIENTED_EDGE('',*,*,#3270,.F.);
#4309=ORIENTED_EDGE('',*,*,#3286,.F.);
#4310=ORIENTED_EDGE('',*,*,#3258,.F.);
#4311=ORIENTED_EDGE('',*,*,#3287,.F.);
#4312=ORIENTED_EDGE('',*,*,#3288,.F.);
#4313=ORIENTED_EDGE('',*,*,#3289,.F.);
#4314=ORIENTED_EDGE('',*,*,#3290,.F.);
#4315=ORIENTED_EDGE('',*,*,#3291,.F.);
#4316=ORIENTED_EDGE('',*,*,#3292,.F.);
#4317=ORIENTED_EDGE('',*,*,#3293,.T.);
#4318=ORIENTED_EDGE('',*,*,#3294,.T.);
#4319=ORIENTED_EDGE('',*,*,#3295,.T.);
#4320=ORIENTED_EDGE('',*,*,#3296,.T.);
#4321=ORIENTED_EDGE('',*,*,#3297,.T.);
#4322=ORIENTED_EDGE('',*,*,#3298,.T.);
#4323=ORIENTED_EDGE('',*,*,#3299,.T.);
#4324=ORIENTED_EDGE('',*,*,#3300,.T.);
#4325=ORIENTED_EDGE('',*,*,#3301,.T.);
#4326=ORIENTED_EDGE('',*,*,#3302,.T.);
#4327=ORIENTED_EDGE('',*,*,#3303,.T.);
#4328=ORIENTED_EDGE('',*,*,#3304,.T.);
#4329=ORIENTED_EDGE('',*,*,#3305,.T.);
#4330=ORIENTED_EDGE('',*,*,#3306,.T.);
#4331=ORIENTED_EDGE('',*,*,#3307,.T.);
#4332=ORIENTED_EDGE('',*,*,#3308,.T.);
#4333=ORIENTED_EDGE('',*,*,#3309,.T.);
#4334=ORIENTED_EDGE('',*,*,#3310,.T.);
#4335=ORIENTED_EDGE('',*,*,#3311,.T.);
#4336=ORIENTED_EDGE('',*,*,#3312,.T.);
#4337=ORIENTED_EDGE('',*,*,#3313,.T.);
#4338=ORIENTED_EDGE('',*,*,#3314,.T.);
#4339=ORIENTED_EDGE('',*,*,#3315,.T.);
#4340=ORIENTED_EDGE('',*,*,#3316,.T.);
#4341=ORIENTED_EDGE('',*,*,#3317,.T.);
#4342=ORIENTED_EDGE('',*,*,#3318,.T.);
#4343=ORIENTED_EDGE('',*,*,#3319,.T.);
#4344=ORIENTED_EDGE('',*,*,#3320,.T.);
#4345=ORIENTED_EDGE('',*,*,#3321,.F.);
#4346=ORIENTED_EDGE('',*,*,#3322,.T.);
#4347=ORIENTED_EDGE('',*,*,#3323,.T.);
#4348=ORIENTED_EDGE('',*,*,#3324,.T.);
#4349=ORIENTED_EDGE('',*,*,#3325,.T.);
#4350=ORIENTED_EDGE('',*,*,#3326,.T.);
#4351=ORIENTED_EDGE('',*,*,#3327,.T.);
#4352=ORIENTED_EDGE('',*,*,#3328,.T.);
#4353=ORIENTED_EDGE('',*,*,#3329,.T.);
#4354=ORIENTED_EDGE('',*,*,#3330,.T.);
#4355=ORIENTED_EDGE('',*,*,#3331,.T.);
#4356=ORIENTED_EDGE('',*,*,#3332,.T.);
#4357=ORIENTED_EDGE('',*,*,#3333,.T.);
#4358=ORIENTED_EDGE('',*,*,#3334,.T.);
#4359=ORIENTED_EDGE('',*,*,#3335,.T.);
#4360=ORIENTED_EDGE('',*,*,#3336,.T.);
#4361=ORIENTED_EDGE('',*,*,#3337,.T.);
#4362=ORIENTED_EDGE('',*,*,#3338,.T.);
#4363=ORIENTED_EDGE('',*,*,#3339,.T.);
#4364=ORIENTED_EDGE('',*,*,#3340,.T.);
#4365=ORIENTED_EDGE('',*,*,#3341,.T.);
#4366=ORIENTED_EDGE('',*,*,#3342,.T.);
#4367=ORIENTED_EDGE('',*,*,#3343,.T.);
#4368=ORIENTED_EDGE('',*,*,#3344,.F.);
#4369=ORIENTED_EDGE('',*,*,#3345,.T.);
#4370=ORIENTED_EDGE('',*,*,#3346,.T.);
#4371=ORIENTED_EDGE('',*,*,#3347,.T.);
#4372=ORIENTED_EDGE('',*,*,#3348,.T.);
#4373=ORIENTED_EDGE('',*,*,#3349,.T.);
#4374=ORIENTED_EDGE('',*,*,#3350,.T.);
#4375=ORIENTED_EDGE('',*,*,#3351,.T.);
#4376=ORIENTED_EDGE('',*,*,#3352,.T.);
#4377=ORIENTED_EDGE('',*,*,#3353,.T.);
#4378=ORIENTED_EDGE('',*,*,#3354,.T.);
#4379=ORIENTED_EDGE('',*,*,#3355,.T.);
#4380=ORIENTED_EDGE('',*,*,#3356,.T.);
#4381=ORIENTED_EDGE('',*,*,#3357,.T.);
#4382=ORIENTED_EDGE('',*,*,#3358,.T.);
#4383=ORIENTED_EDGE('',*,*,#3359,.T.);
#4384=ORIENTED_EDGE('',*,*,#3360,.T.);
#4385=ORIENTED_EDGE('',*,*,#3361,.T.);
#4386=ORIENTED_EDGE('',*,*,#3362,.T.);
#4387=ORIENTED_EDGE('',*,*,#3363,.T.);
#4388=ORIENTED_EDGE('',*,*,#3364,.T.);
#4389=ORIENTED_EDGE('',*,*,#3365,.F.);
#4390=ORIENTED_EDGE('',*,*,#3366,.T.);
#4391=ORIENTED_EDGE('',*,*,#3367,.T.);
#4392=ORIENTED_EDGE('',*,*,#3368,.T.);
#4393=ORIENTED_EDGE('',*,*,#3369,.T.);
#4394=ORIENTED_EDGE('',*,*,#3370,.T.);
#4395=ORIENTED_EDGE('',*,*,#3371,.T.);
#4396=ORIENTED_EDGE('',*,*,#3372,.F.);
#4397=ORIENTED_EDGE('',*,*,#3373,.T.);
#4398=ORIENTED_EDGE('',*,*,#3374,.T.);
#4399=ORIENTED_EDGE('',*,*,#3375,.T.);
#4400=ORIENTED_EDGE('',*,*,#3376,.T.);
#4401=ORIENTED_EDGE('',*,*,#3377,.T.);
#4402=ORIENTED_EDGE('',*,*,#3378,.T.);
#4403=ORIENTED_EDGE('',*,*,#3379,.T.);
#4404=ORIENTED_EDGE('',*,*,#3380,.T.);
#4405=ORIENTED_EDGE('',*,*,#3381,.T.);
#4406=ORIENTED_EDGE('',*,*,#3382,.T.);
#4407=ORIENTED_EDGE('',*,*,#3383,.T.);
#4408=ORIENTED_EDGE('',*,*,#3384,.T.);
#4409=ORIENTED_EDGE('',*,*,#3385,.T.);
#4410=ORIENTED_EDGE('',*,*,#3386,.T.);
#4411=ORIENTED_EDGE('',*,*,#3387,.T.);
#4412=ORIENTED_EDGE('',*,*,#3388,.T.);
#4413=ORIENTED_EDGE('',*,*,#3389,.T.);
#4414=ORIENTED_EDGE('',*,*,#3390,.T.);
#4415=ORIENTED_EDGE('',*,*,#3391,.T.);
#4416=ORIENTED_EDGE('',*,*,#3392,.T.);
#4417=ORIENTED_EDGE('',*,*,#3393,.T.);
#4418=ORIENTED_EDGE('',*,*,#3394,.T.);
#4419=ORIENTED_EDGE('',*,*,#3395,.T.);
#4420=ORIENTED_EDGE('',*,*,#3396,.T.);
#4421=ORIENTED_EDGE('',*,*,#3397,.T.);
#4422=ORIENTED_EDGE('',*,*,#3398,.T.);
#4423=ORIENTED_EDGE('',*,*,#3399,.T.);
#4424=ORIENTED_EDGE('',*,*,#3400,.T.);
#4425=ORIENTED_EDGE('',*,*,#3401,.T.);
#4426=ORIENTED_EDGE('',*,*,#3402,.T.);
#4427=ORIENTED_EDGE('',*,*,#3403,.T.);
#4428=ORIENTED_EDGE('',*,*,#3404,.T.);
#4429=ORIENTED_EDGE('',*,*,#3405,.T.);
#4430=ORIENTED_EDGE('',*,*,#3406,.T.);
#4431=ORIENTED_EDGE('',*,*,#3407,.T.);
#4432=ORIENTED_EDGE('',*,*,#3408,.T.);
#4433=ORIENTED_EDGE('',*,*,#3409,.F.);
#4434=ORIENTED_EDGE('',*,*,#3410,.T.);
#4435=ORIENTED_EDGE('',*,*,#3411,.T.);
#4436=ORIENTED_EDGE('',*,*,#3412,.T.);
#4437=ORIENTED_EDGE('',*,*,#3413,.T.);
#4438=ORIENTED_EDGE('',*,*,#3414,.T.);
#4439=ORIENTED_EDGE('',*,*,#3415,.T.);
#4440=ORIENTED_EDGE('',*,*,#3416,.T.);
#4441=ORIENTED_EDGE('',*,*,#3417,.T.);
#4442=ORIENTED_EDGE('',*,*,#3418,.T.);
#4443=ORIENTED_EDGE('',*,*,#3419,.F.);
#4444=ORIENTED_EDGE('',*,*,#3420,.T.);
#4445=ORIENTED_EDGE('',*,*,#3421,.T.);
#4446=ORIENTED_EDGE('',*,*,#3422,.T.);
#4447=ORIENTED_EDGE('',*,*,#3423,.T.);
#4448=ORIENTED_EDGE('',*,*,#3424,.T.);
#4449=ORIENTED_EDGE('',*,*,#3425,.T.);
#4450=ORIENTED_EDGE('',*,*,#3426,.T.);
#4451=ORIENTED_EDGE('',*,*,#3427,.T.);
#4452=ORIENTED_EDGE('',*,*,#3428,.T.);
#4453=ORIENTED_EDGE('',*,*,#3429,.T.);
#4454=ORIENTED_EDGE('',*,*,#3430,.T.);
#4455=ORIENTED_EDGE('',*,*,#3431,.T.);
#4456=ORIENTED_EDGE('',*,*,#3432,.T.);
#4457=ORIENTED_EDGE('',*,*,#3433,.T.);
#4458=ORIENTED_EDGE('',*,*,#3434,.T.);
#4459=ORIENTED_EDGE('',*,*,#3435,.T.);
#4460=ORIENTED_EDGE('',*,*,#3436,.T.);
#4461=ORIENTED_EDGE('',*,*,#3437,.T.);
#4462=ORIENTED_EDGE('',*,*,#3438,.T.);
#4463=ORIENTED_EDGE('',*,*,#3439,.T.);
#4464=ORIENTED_EDGE('',*,*,#3440,.T.);
#4465=ORIENTED_EDGE('',*,*,#3441,.T.);
#4466=ORIENTED_EDGE('',*,*,#3442,.T.);
#4467=ORIENTED_EDGE('',*,*,#3443,.T.);
#4468=ORIENTED_EDGE('',*,*,#3444,.T.);
#4469=ORIENTED_EDGE('',*,*,#3445,.T.);
#4470=ORIENTED_EDGE('',*,*,#3446,.T.);
#4471=ORIENTED_EDGE('',*,*,#3447,.T.);
#4472=ORIENTED_EDGE('',*,*,#3448,.T.);
#4473=ORIENTED_EDGE('',*,*,#3449,.T.);
#4474=ORIENTED_EDGE('',*,*,#3450,.F.);
#4475=ORIENTED_EDGE('',*,*,#3451,.T.);
#4476=ORIENTED_EDGE('',*,*,#3452,.T.);
#4477=ORIENTED_EDGE('',*,*,#3453,.T.);
#4478=ORIENTED_EDGE('',*,*,#3454,.T.);
#4479=ORIENTED_EDGE('',*,*,#3455,.T.);
#4480=ORIENTED_EDGE('',*,*,#3456,.T.);
#4481=ORIENTED_EDGE('',*,*,#3457,.T.);
#4482=ORIENTED_EDGE('',*,*,#3458,.T.);
#4483=ORIENTED_EDGE('',*,*,#3459,.T.);
#4484=ORIENTED_EDGE('',*,*,#3460,.T.);
#4485=ORIENTED_EDGE('',*,*,#3461,.T.);
#4486=ORIENTED_EDGE('',*,*,#3462,.T.);
#4487=ORIENTED_EDGE('',*,*,#3463,.T.);
#4488=ORIENTED_EDGE('',*,*,#3464,.T.);
#4489=ORIENTED_EDGE('',*,*,#3465,.F.);
#4490=ORIENTED_EDGE('',*,*,#3466,.F.);
#4491=ORIENTED_EDGE('',*,*,#3467,.F.);
#4492=ORIENTED_EDGE('',*,*,#3468,.F.);
#4493=ORIENTED_EDGE('',*,*,#3469,.F.);
#4494=ORIENTED_EDGE('',*,*,#3470,.F.);
#4495=ORIENTED_EDGE('',*,*,#3471,.F.);
#4496=ORIENTED_EDGE('',*,*,#3472,.F.);
#4497=ORIENTED_EDGE('',*,*,#3473,.F.);
#4498=ORIENTED_EDGE('',*,*,#3474,.F.);
#4499=ORIENTED_EDGE('',*,*,#3475,.F.);
#4500=ORIENTED_EDGE('',*,*,#3476,.F.);
#4501=ORIENTED_EDGE('',*,*,#3477,.T.);
#4502=ORIENTED_EDGE('',*,*,#3472,.T.);
#4503=ORIENTED_EDGE('',*,*,#3478,.F.);
#4504=ORIENTED_EDGE('',*,*,#3479,.T.);
#4505=ORIENTED_EDGE('',*,*,#3480,.T.);
#4506=ORIENTED_EDGE('',*,*,#3473,.T.);
#4507=ORIENTED_EDGE('',*,*,#3477,.F.);
#4508=ORIENTED_EDGE('',*,*,#3481,.T.);
#4509=ORIENTED_EDGE('',*,*,#3482,.T.);
#4510=ORIENTED_EDGE('',*,*,#3474,.T.);
#4511=ORIENTED_EDGE('',*,*,#3480,.F.);
#4512=ORIENTED_EDGE('',*,*,#3483,.T.);
#4513=ORIENTED_EDGE('',*,*,#3484,.T.);
#4514=ORIENTED_EDGE('',*,*,#3475,.T.);
#4515=ORIENTED_EDGE('',*,*,#3482,.F.);
#4516=ORIENTED_EDGE('',*,*,#3485,.T.);
#4517=ORIENTED_EDGE('',*,*,#3486,.F.);
#4518=ORIENTED_EDGE('',*,*,#3476,.T.);
#4519=ORIENTED_EDGE('',*,*,#3484,.F.);
#4520=ORIENTED_EDGE('',*,*,#3487,.T.);
#4521=ORIENTED_EDGE('',*,*,#3486,.T.);
#4522=ORIENTED_EDGE('',*,*,#3488,.T.);
#4523=ORIENTED_EDGE('',*,*,#3489,.T.);
#4524=ORIENTED_EDGE('',*,*,#3469,.T.);
#4525=ORIENTED_EDGE('',*,*,#3490,.T.);
#4526=ORIENTED_EDGE('',*,*,#3470,.T.);
#4527=ORIENTED_EDGE('',*,*,#3489,.F.);
#4528=ORIENTED_EDGE('',*,*,#3491,.T.);
#4529=ORIENTED_EDGE('',*,*,#3478,.T.);
#4530=ORIENTED_EDGE('',*,*,#3471,.T.);
#4531=ORIENTED_EDGE('',*,*,#3490,.F.);
#4532=ORIENTED_EDGE('',*,*,#3492,.T.);
#4533=ORIENTED_EDGE('',*,*,#3493,.T.);
#4534=ORIENTED_EDGE('',*,*,#3494,.T.);
#4535=ORIENTED_EDGE('',*,*,#3495,.F.);
#4536=ORIENTED_EDGE('',*,*,#3496,.T.);
#4537=ORIENTED_EDGE('',*,*,#3497,.T.);
#4538=ORIENTED_EDGE('',*,*,#3498,.T.);
#4539=ORIENTED_EDGE('',*,*,#3493,.F.);
#4540=ORIENTED_EDGE('',*,*,#3499,.T.);
#4541=ORIENTED_EDGE('',*,*,#3500,.T.);
#4542=ORIENTED_EDGE('',*,*,#3501,.T.);
#4543=ORIENTED_EDGE('',*,*,#3497,.F.);
#4544=ORIENTED_EDGE('',*,*,#3502,.T.);
#4545=ORIENTED_EDGE('',*,*,#3503,.F.);
#4546=ORIENTED_EDGE('',*,*,#3504,.T.);
#4547=ORIENTED_EDGE('',*,*,#3505,.F.);
#4548=ORIENTED_EDGE('',*,*,#3494,.F.);
#4549=ORIENTED_EDGE('',*,*,#3498,.F.);
#4550=ORIENTED_EDGE('',*,*,#3501,.F.);
#4551=ORIENTED_EDGE('',*,*,#3506,.T.);
#4552=ORIENTED_EDGE('',*,*,#3507,.T.);
#4553=ORIENTED_EDGE('',*,*,#3495,.T.);
#4554=ORIENTED_EDGE('',*,*,#3505,.T.);
#4555=ORIENTED_EDGE('',*,*,#3508,.T.);
#4556=ORIENTED_EDGE('',*,*,#3503,.T.);
#4557=ORIENTED_EDGE('',*,*,#3500,.F.);
#4558=ORIENTED_EDGE('',*,*,#3509,.T.);
#4559=ORIENTED_EDGE('',*,*,#3510,.F.);
#4560=ORIENTED_EDGE('',*,*,#3511,.T.);
#4561=ORIENTED_EDGE('',*,*,#3512,.F.);
#4562=ORIENTED_EDGE('',*,*,#3513,.F.);
#4563=ORIENTED_EDGE('',*,*,#3514,.F.);
#4564=ORIENTED_EDGE('',*,*,#3515,.F.);
#4565=ORIENTED_EDGE('',*,*,#3516,.F.);
#4566=ORIENTED_EDGE('',*,*,#3517,.T.);
#4567=ORIENTED_EDGE('',*,*,#3518,.F.);
#4568=ORIENTED_EDGE('',*,*,#3519,.F.);
#4569=ORIENTED_EDGE('',*,*,#3520,.F.);
#4570=ORIENTED_EDGE('',*,*,#3521,.F.);
#4571=ORIENTED_EDGE('',*,*,#3522,.F.);
#4572=ORIENTED_EDGE('',*,*,#3523,.F.);
#4573=ORIENTED_EDGE('',*,*,#3524,.T.);
#4574=ORIENTED_EDGE('',*,*,#3525,.T.);
#4575=ORIENTED_EDGE('',*,*,#3526,.T.);
#4576=ORIENTED_EDGE('',*,*,#3512,.T.);
#4577=ORIENTED_EDGE('',*,*,#3527,.T.);
#4578=ORIENTED_EDGE('',*,*,#3513,.T.);
#4579=ORIENTED_EDGE('',*,*,#3526,.F.);
#4580=ORIENTED_EDGE('',*,*,#3528,.T.);
#4581=ORIENTED_EDGE('',*,*,#3529,.T.);
#4582=ORIENTED_EDGE('',*,*,#3514,.T.);
#4583=ORIENTED_EDGE('',*,*,#3527,.F.);
#4584=ORIENTED_EDGE('',*,*,#3530,.T.);
#4585=ORIENTED_EDGE('',*,*,#3531,.T.);
#4586=ORIENTED_EDGE('',*,*,#3515,.T.);
#4587=ORIENTED_EDGE('',*,*,#3529,.F.);
#4588=ORIENTED_EDGE('',*,*,#3532,.T.);
#4589=ORIENTED_EDGE('',*,*,#3533,.T.);
#4590=ORIENTED_EDGE('',*,*,#3510,.T.);
#4591=ORIENTED_EDGE('',*,*,#3531,.F.);
#4592=ORIENTED_EDGE('',*,*,#3534,.T.);
#4593=ORIENTED_EDGE('',*,*,#3535,.T.);
#4594=ORIENTED_EDGE('',*,*,#3536,.T.);
#4595=ORIENTED_EDGE('',*,*,#3537,.T.);
#4596=ORIENTED_EDGE('',*,*,#3538,.T.);
#4597=ORIENTED_EDGE('',*,*,#3539,.T.);
#4598=ORIENTED_EDGE('',*,*,#3540,.T.);
#4599=ORIENTED_EDGE('',*,*,#3541,.T.);
#4600=ORIENTED_EDGE('',*,*,#3542,.T.);
#4601=ORIENTED_EDGE('',*,*,#3543,.T.);
#4602=ORIENTED_EDGE('',*,*,#3544,.T.);
#4603=ORIENTED_EDGE('',*,*,#3545,.T.);
#4604=ORIENTED_EDGE('',*,*,#3546,.T.);
#4605=ORIENTED_EDGE('',*,*,#3547,.T.);
#4606=ORIENTED_EDGE('',*,*,#3548,.T.);
#4607=ORIENTED_EDGE('',*,*,#3549,.T.);
#4608=ORIENTED_EDGE('',*,*,#3550,.T.);
#4609=ORIENTED_EDGE('',*,*,#3551,.T.);
#4610=ORIENTED_EDGE('',*,*,#3552,.T.);
#4611=ORIENTED_EDGE('',*,*,#3553,.T.);
#4612=ORIENTED_EDGE('',*,*,#3554,.T.);
#4613=ORIENTED_EDGE('',*,*,#3555,.T.);
#4614=ORIENTED_EDGE('',*,*,#3556,.T.);
#4615=ORIENTED_EDGE('',*,*,#3557,.T.);
#4616=ORIENTED_EDGE('',*,*,#3558,.T.);
#4617=ORIENTED_EDGE('',*,*,#3559,.T.);
#4618=ORIENTED_EDGE('',*,*,#3560,.T.);
#4619=ORIENTED_EDGE('',*,*,#3561,.T.);
#4620=ORIENTED_EDGE('',*,*,#3562,.T.);
#4621=ORIENTED_EDGE('',*,*,#3563,.T.);
#4622=ORIENTED_EDGE('',*,*,#3564,.T.);
#4623=ORIENTED_EDGE('',*,*,#3565,.T.);
#4624=ORIENTED_EDGE('',*,*,#3566,.T.);
#4625=ORIENTED_EDGE('',*,*,#3567,.T.);
#4626=ORIENTED_EDGE('',*,*,#3568,.T.);
#4627=ORIENTED_EDGE('',*,*,#3569,.T.);
#4628=ORIENTED_EDGE('',*,*,#3570,.T.);
#4629=ORIENTED_EDGE('',*,*,#3571,.T.);
#4630=ORIENTED_EDGE('',*,*,#3572,.T.);
#4631=ORIENTED_EDGE('',*,*,#3573,.T.);
#4632=ORIENTED_EDGE('',*,*,#3574,.T.);
#4633=ORIENTED_EDGE('',*,*,#3575,.T.);
#4634=ORIENTED_EDGE('',*,*,#3576,.T.);
#4635=ORIENTED_EDGE('',*,*,#3577,.T.);
#4636=ORIENTED_EDGE('',*,*,#3578,.T.);
#4637=ORIENTED_EDGE('',*,*,#3579,.T.);
#4638=ORIENTED_EDGE('',*,*,#3580,.T.);
#4639=ORIENTED_EDGE('',*,*,#3581,.T.);
#4640=ORIENTED_EDGE('',*,*,#3582,.T.);
#4641=ORIENTED_EDGE('',*,*,#3583,.T.);
#4642=ORIENTED_EDGE('',*,*,#3584,.T.);
#4643=ORIENTED_EDGE('',*,*,#3585,.T.);
#4644=ORIENTED_EDGE('',*,*,#3586,.T.);
#4645=ORIENTED_EDGE('',*,*,#3587,.T.);
#4646=ORIENTED_EDGE('',*,*,#3588,.T.);
#4647=ORIENTED_EDGE('',*,*,#3589,.T.);
#4648=ORIENTED_EDGE('',*,*,#3590,.T.);
#4649=ORIENTED_EDGE('',*,*,#3591,.T.);
#4650=ORIENTED_EDGE('',*,*,#3592,.T.);
#4651=ORIENTED_EDGE('',*,*,#3593,.T.);
#4652=ORIENTED_EDGE('',*,*,#3594,.T.);
#4653=ORIENTED_EDGE('',*,*,#3595,.T.);
#4654=ORIENTED_EDGE('',*,*,#3596,.T.);
#4655=ORIENTED_EDGE('',*,*,#3597,.T.);
#4656=ORIENTED_EDGE('',*,*,#3598,.T.);
#4657=ORIENTED_EDGE('',*,*,#3599,.T.);
#4658=ORIENTED_EDGE('',*,*,#3600,.T.);
#4659=ORIENTED_EDGE('',*,*,#3601,.T.);
#4660=ORIENTED_EDGE('',*,*,#3602,.T.);
#4661=ORIENTED_EDGE('',*,*,#3603,.T.);
#4662=ORIENTED_EDGE('',*,*,#3604,.T.);
#4663=ORIENTED_EDGE('',*,*,#3605,.T.);
#4664=ORIENTED_EDGE('',*,*,#3606,.T.);
#4665=ORIENTED_EDGE('',*,*,#3607,.T.);
#4666=ORIENTED_EDGE('',*,*,#3608,.T.);
#4667=ORIENTED_EDGE('',*,*,#3609,.T.);
#4668=ORIENTED_EDGE('',*,*,#3610,.T.);
#4669=ORIENTED_EDGE('',*,*,#3611,.T.);
#4670=ORIENTED_EDGE('',*,*,#3612,.T.);
#4671=ORIENTED_EDGE('',*,*,#3613,.T.);
#4672=ORIENTED_EDGE('',*,*,#3614,.T.);
#4673=ORIENTED_EDGE('',*,*,#3615,.T.);
#4674=ORIENTED_EDGE('',*,*,#3616,.T.);
#4675=ORIENTED_EDGE('',*,*,#3617,.F.);
#4676=ORIENTED_EDGE('',*,*,#3618,.F.);
#4677=ORIENTED_EDGE('',*,*,#3479,.F.);
#4678=ORIENTED_EDGE('',*,*,#3619,.F.);
#4679=ORIENTED_EDGE('',*,*,#3233,.F.);
#4680=ORIENTED_EDGE('',*,*,#3620,.T.);
#4681=ORIENTED_EDGE('',*,*,#3481,.F.);
#4682=ORIENTED_EDGE('',*,*,#3620,.F.);
#4683=ORIENTED_EDGE('',*,*,#3232,.F.);
#4684=ORIENTED_EDGE('',*,*,#3621,.T.);
#4685=ORIENTED_EDGE('',*,*,#3483,.F.);
#4686=ORIENTED_EDGE('',*,*,#3621,.F.);
#4687=ORIENTED_EDGE('',*,*,#3231,.F.);
#4688=ORIENTED_EDGE('',*,*,#3622,.T.);
#4689=ORIENTED_EDGE('',*,*,#3485,.F.);
#4690=ORIENTED_EDGE('',*,*,#3622,.F.);
#4691=ORIENTED_EDGE('',*,*,#3230,.F.);
#4692=ORIENTED_EDGE('',*,*,#3623,.T.);
#4693=ORIENTED_EDGE('',*,*,#3487,.F.);
#4694=ORIENTED_EDGE('',*,*,#3623,.F.);
#4695=ORIENTED_EDGE('',*,*,#3229,.F.);
#4696=ORIENTED_EDGE('',*,*,#3624,.T.);
#4697=ORIENTED_EDGE('',*,*,#3488,.F.);
#4698=ORIENTED_EDGE('',*,*,#3624,.F.);
#4699=ORIENTED_EDGE('',*,*,#3228,.F.);
#4700=ORIENTED_EDGE('',*,*,#3625,.T.);
#4701=ORIENTED_EDGE('',*,*,#3491,.F.);
#4702=ORIENTED_EDGE('',*,*,#3625,.F.);
#4703=ORIENTED_EDGE('',*,*,#3227,.F.);
#4704=ORIENTED_EDGE('',*,*,#3626,.T.);
#4705=ORIENTED_EDGE('',*,*,#3492,.F.);
#4706=ORIENTED_EDGE('',*,*,#3626,.F.);
#4707=ORIENTED_EDGE('',*,*,#3226,.F.);
#4708=ORIENTED_EDGE('',*,*,#3619,.T.);
#4709=ORIENTED_EDGE('',*,*,#3523,.T.);
#4710=ORIENTED_EDGE('',*,*,#3627,.F.);
#4711=ORIENTED_EDGE('',*,*,#3252,.F.);
#4712=ORIENTED_EDGE('',*,*,#3628,.F.);
#4713=ORIENTED_EDGE('',*,*,#3516,.T.);
#4714=ORIENTED_EDGE('',*,*,#3628,.T.);
#4715=ORIENTED_EDGE('',*,*,#3251,.F.);
#4716=ORIENTED_EDGE('',*,*,#3629,.T.);
#4717=ORIENTED_EDGE('',*,*,#3517,.F.);
#4718=ORIENTED_EDGE('',*,*,#3629,.F.);
#4719=ORIENTED_EDGE('',*,*,#3250,.F.);
#4720=ORIENTED_EDGE('',*,*,#3630,.F.);
#4721=ORIENTED_EDGE('',*,*,#3507,.F.);
#4722=ORIENTED_EDGE('',*,*,#3631,.F.);
#4723=ORIENTED_EDGE('',*,*,#3248,.F.);
#4724=ORIENTED_EDGE('',*,*,#3632,.T.);
#4725=ORIENTED_EDGE('',*,*,#3496,.F.);
#4726=ORIENTED_EDGE('',*,*,#3632,.F.);
#4727=ORIENTED_EDGE('',*,*,#3247,.F.);
#4728=ORIENTED_EDGE('',*,*,#3633,.T.);
#4729=ORIENTED_EDGE('',*,*,#3499,.F.);
#4730=ORIENTED_EDGE('',*,*,#3633,.F.);
#4731=ORIENTED_EDGE('',*,*,#3246,.F.);
#4732=ORIENTED_EDGE('',*,*,#3634,.T.);
#4733=ORIENTED_EDGE('',*,*,#3502,.F.);
#4734=ORIENTED_EDGE('',*,*,#3634,.F.);
#4735=ORIENTED_EDGE('',*,*,#3245,.F.);
#4736=ORIENTED_EDGE('',*,*,#3635,.T.);
#4737=ORIENTED_EDGE('',*,*,#3509,.F.);
#4738=ORIENTED_EDGE('',*,*,#3635,.F.);
#4739=ORIENTED_EDGE('',*,*,#3244,.F.);
#4740=ORIENTED_EDGE('',*,*,#3636,.T.);
#4741=ORIENTED_EDGE('',*,*,#3508,.F.);
#4742=ORIENTED_EDGE('',*,*,#3636,.F.);
#4743=ORIENTED_EDGE('',*,*,#3243,.F.);
#4744=ORIENTED_EDGE('',*,*,#3637,.T.);
#4745=ORIENTED_EDGE('',*,*,#3518,.T.);
#4746=ORIENTED_EDGE('',*,*,#3630,.T.);
#4747=ORIENTED_EDGE('',*,*,#3249,.F.);
#4748=ORIENTED_EDGE('',*,*,#3631,.T.);
#4749=ORIENTED_EDGE('',*,*,#3506,.F.);
#4750=ORIENTED_EDGE('',*,*,#3504,.F.);
#4751=ORIENTED_EDGE('',*,*,#3519,.T.);
#4752=ORIENTED_EDGE('',*,*,#3637,.F.);
#4753=ORIENTED_EDGE('',*,*,#3242,.F.);
#4754=ORIENTED_EDGE('',*,*,#3638,.F.);
#4755=ORIENTED_EDGE('',*,*,#3520,.T.);
#4756=ORIENTED_EDGE('',*,*,#3638,.T.);
#4757=ORIENTED_EDGE('',*,*,#3241,.F.);
#4758=ORIENTED_EDGE('',*,*,#3639,.T.);
#4759=ORIENTED_EDGE('',*,*,#3521,.T.);
#4760=ORIENTED_EDGE('',*,*,#3639,.F.);
#4761=ORIENTED_EDGE('',*,*,#3240,.F.);
#4762=ORIENTED_EDGE('',*,*,#3640,.F.);
#4763=ORIENTED_EDGE('',*,*,#3533,.F.);
#4764=ORIENTED_EDGE('',*,*,#3641,.F.);
#4765=ORIENTED_EDGE('',*,*,#3253,.F.);
#4766=ORIENTED_EDGE('',*,*,#3627,.T.);
#4767=ORIENTED_EDGE('',*,*,#3522,.T.);
#4768=ORIENTED_EDGE('',*,*,#3640,.T.);
#4769=ORIENTED_EDGE('',*,*,#3239,.F.);
#4770=ORIENTED_EDGE('',*,*,#3642,.T.);
#4771=ORIENTED_EDGE('',*,*,#3524,.F.);
#4772=ORIENTED_EDGE('',*,*,#3511,.F.);
#4773=ORIENTED_EDGE('',*,*,#3525,.F.);
#4774=ORIENTED_EDGE('',*,*,#3642,.F.);
#4775=ORIENTED_EDGE('',*,*,#3238,.F.);
#4776=ORIENTED_EDGE('',*,*,#3643,.T.);
#4777=ORIENTED_EDGE('',*,*,#3528,.F.);
#4778=ORIENTED_EDGE('',*,*,#3643,.F.);
#4779=ORIENTED_EDGE('',*,*,#3237,.F.);
#4780=ORIENTED_EDGE('',*,*,#3644,.T.);
#4781=ORIENTED_EDGE('',*,*,#3530,.F.);
#4782=ORIENTED_EDGE('',*,*,#3644,.F.);
#4783=ORIENTED_EDGE('',*,*,#3236,.F.);
#4784=ORIENTED_EDGE('',*,*,#3645,.T.);
#4785=ORIENTED_EDGE('',*,*,#3532,.F.);
#4786=ORIENTED_EDGE('',*,*,#3645,.F.);
#4787=ORIENTED_EDGE('',*,*,#3235,.F.);
#4788=ORIENTED_EDGE('',*,*,#3646,.T.);
#4789=ORIENTED_EDGE('',*,*,#3534,.F.);
#4790=ORIENTED_EDGE('',*,*,#3646,.F.);
#4791=ORIENTED_EDGE('',*,*,#3234,.F.);
#4792=ORIENTED_EDGE('',*,*,#3641,.T.);
#4793=ORIENTED_EDGE('',*,*,#3647,.F.);
#4794=ORIENTED_EDGE('',*,*,#3648,.F.);
#4795=ORIENTED_EDGE('',*,*,#3649,.T.);
#4796=ORIENTED_EDGE('',*,*,#3650,.F.);
#4797=ORIENTED_EDGE('',*,*,#3537,.F.);
#4798=ORIENTED_EDGE('',*,*,#3651,.T.);
#4799=ORIENTED_EDGE('',*,*,#3652,.T.);
#4800=ORIENTED_EDGE('',*,*,#3653,.F.);
#4801=ORIENTED_EDGE('',*,*,#3538,.F.);
#4802=ORIENTED_EDGE('',*,*,#3650,.T.);
#4803=ORIENTED_EDGE('',*,*,#3654,.T.);
#4804=ORIENTED_EDGE('',*,*,#3655,.F.);
#4805=ORIENTED_EDGE('',*,*,#3539,.F.);
#4806=ORIENTED_EDGE('',*,*,#3653,.T.);
#4807=ORIENTED_EDGE('',*,*,#3656,.T.);
#4808=ORIENTED_EDGE('',*,*,#3657,.F.);
#4809=ORIENTED_EDGE('',*,*,#3540,.F.);
#4810=ORIENTED_EDGE('',*,*,#3655,.T.);
#4811=ORIENTED_EDGE('',*,*,#3658,.T.);
#4812=ORIENTED_EDGE('',*,*,#3659,.F.);
#4813=ORIENTED_EDGE('',*,*,#3541,.F.);
#4814=ORIENTED_EDGE('',*,*,#3657,.T.);
#4815=ORIENTED_EDGE('',*,*,#3660,.T.);
#4816=ORIENTED_EDGE('',*,*,#3661,.F.);
#4817=ORIENTED_EDGE('',*,*,#3542,.F.);
#4818=ORIENTED_EDGE('',*,*,#3659,.T.);
#4819=ORIENTED_EDGE('',*,*,#3662,.T.);
#4820=ORIENTED_EDGE('',*,*,#3663,.F.);
#4821=ORIENTED_EDGE('',*,*,#3543,.F.);
#4822=ORIENTED_EDGE('',*,*,#3661,.T.);
#4823=ORIENTED_EDGE('',*,*,#3664,.T.);
#4824=ORIENTED_EDGE('',*,*,#3665,.F.);
#4825=ORIENTED_EDGE('',*,*,#3544,.F.);
#4826=ORIENTED_EDGE('',*,*,#3663,.T.);
#4827=ORIENTED_EDGE('',*,*,#3666,.T.);
#4828=ORIENTED_EDGE('',*,*,#3667,.F.);
#4829=ORIENTED_EDGE('',*,*,#3545,.F.);
#4830=ORIENTED_EDGE('',*,*,#3665,.T.);
#4831=ORIENTED_EDGE('',*,*,#3668,.T.);
#4832=ORIENTED_EDGE('',*,*,#3669,.F.);
#4833=ORIENTED_EDGE('',*,*,#3535,.F.);
#4834=ORIENTED_EDGE('',*,*,#3667,.T.);
#4835=ORIENTED_EDGE('',*,*,#3670,.T.);
#4836=ORIENTED_EDGE('',*,*,#3651,.F.);
#4837=ORIENTED_EDGE('',*,*,#3536,.F.);
#4838=ORIENTED_EDGE('',*,*,#3669,.T.);
#4839=ORIENTED_EDGE('',*,*,#3671,.T.);
#4840=ORIENTED_EDGE('',*,*,#3672,.F.);
#4841=ORIENTED_EDGE('',*,*,#3548,.F.);
#4842=ORIENTED_EDGE('',*,*,#3673,.T.);
#4843=ORIENTED_EDGE('',*,*,#3674,.T.);
#4844=ORIENTED_EDGE('',*,*,#3675,.F.);
#4845=ORIENTED_EDGE('',*,*,#3549,.F.);
#4846=ORIENTED_EDGE('',*,*,#3672,.T.);
#4847=ORIENTED_EDGE('',*,*,#3676,.T.);
#4848=ORIENTED_EDGE('',*,*,#3677,.F.);
#4849=ORIENTED_EDGE('',*,*,#3550,.F.);
#4850=ORIENTED_EDGE('',*,*,#3675,.T.);
#4851=ORIENTED_EDGE('',*,*,#3678,.T.);
#4852=ORIENTED_EDGE('',*,*,#3679,.F.);
#4853=ORIENTED_EDGE('',*,*,#3551,.F.);
#4854=ORIENTED_EDGE('',*,*,#3677,.T.);
#4855=ORIENTED_EDGE('',*,*,#3680,.T.);
#4856=ORIENTED_EDGE('',*,*,#3681,.F.);
#4857=ORIENTED_EDGE('',*,*,#3552,.F.);
#4858=ORIENTED_EDGE('',*,*,#3679,.T.);
#4859=ORIENTED_EDGE('',*,*,#3682,.T.);
#4860=ORIENTED_EDGE('',*,*,#3683,.F.);
#4861=ORIENTED_EDGE('',*,*,#3553,.F.);
#4862=ORIENTED_EDGE('',*,*,#3681,.T.);
#4863=ORIENTED_EDGE('',*,*,#3684,.T.);
#4864=ORIENTED_EDGE('',*,*,#3685,.F.);
#4865=ORIENTED_EDGE('',*,*,#3554,.F.);
#4866=ORIENTED_EDGE('',*,*,#3683,.T.);
#4867=ORIENTED_EDGE('',*,*,#3686,.T.);
#4868=ORIENTED_EDGE('',*,*,#3687,.F.);
#4869=ORIENTED_EDGE('',*,*,#3555,.F.);
#4870=ORIENTED_EDGE('',*,*,#3685,.T.);
#4871=ORIENTED_EDGE('',*,*,#3688,.T.);
#4872=ORIENTED_EDGE('',*,*,#3689,.F.);
#4873=ORIENTED_EDGE('',*,*,#3556,.F.);
#4874=ORIENTED_EDGE('',*,*,#3687,.T.);
#4875=ORIENTED_EDGE('',*,*,#3690,.T.);
#4876=ORIENTED_EDGE('',*,*,#3691,.F.);
#4877=ORIENTED_EDGE('',*,*,#3557,.F.);
#4878=ORIENTED_EDGE('',*,*,#3689,.T.);
#4879=ORIENTED_EDGE('',*,*,#3692,.T.);
#4880=ORIENTED_EDGE('',*,*,#3693,.F.);
#4881=ORIENTED_EDGE('',*,*,#3558,.F.);
#4882=ORIENTED_EDGE('',*,*,#3691,.T.);
#4883=ORIENTED_EDGE('',*,*,#3694,.T.);
#4884=ORIENTED_EDGE('',*,*,#3695,.F.);
#4885=ORIENTED_EDGE('',*,*,#3559,.F.);
#4886=ORIENTED_EDGE('',*,*,#3693,.T.);
#4887=ORIENTED_EDGE('',*,*,#3696,.T.);
#4888=ORIENTED_EDGE('',*,*,#3697,.F.);
#4889=ORIENTED_EDGE('',*,*,#3560,.F.);
#4890=ORIENTED_EDGE('',*,*,#3695,.T.);
#4891=ORIENTED_EDGE('',*,*,#3698,.T.);
#4892=ORIENTED_EDGE('',*,*,#3699,.F.);
#4893=ORIENTED_EDGE('',*,*,#3561,.F.);
#4894=ORIENTED_EDGE('',*,*,#3697,.T.);
#4895=ORIENTED_EDGE('',*,*,#3700,.T.);
#4896=ORIENTED_EDGE('',*,*,#3701,.F.);
#4897=ORIENTED_EDGE('',*,*,#3562,.F.);
#4898=ORIENTED_EDGE('',*,*,#3699,.T.);
#4899=ORIENTED_EDGE('',*,*,#3702,.T.);
#4900=ORIENTED_EDGE('',*,*,#3703,.F.);
#4901=ORIENTED_EDGE('',*,*,#3563,.F.);
#4902=ORIENTED_EDGE('',*,*,#3701,.T.);
#4903=ORIENTED_EDGE('',*,*,#3704,.T.);
#4904=ORIENTED_EDGE('',*,*,#3705,.F.);
#4905=ORIENTED_EDGE('',*,*,#3564,.F.);
#4906=ORIENTED_EDGE('',*,*,#3703,.T.);
#4907=ORIENTED_EDGE('',*,*,#3706,.T.);
#4908=ORIENTED_EDGE('',*,*,#3707,.F.);
#4909=ORIENTED_EDGE('',*,*,#3565,.F.);
#4910=ORIENTED_EDGE('',*,*,#3705,.T.);
#4911=ORIENTED_EDGE('',*,*,#3708,.T.);
#4912=ORIENTED_EDGE('',*,*,#3709,.F.);
#4913=ORIENTED_EDGE('',*,*,#3546,.F.);
#4914=ORIENTED_EDGE('',*,*,#3707,.T.);
#4915=ORIENTED_EDGE('',*,*,#3710,.T.);
#4916=ORIENTED_EDGE('',*,*,#3673,.F.);
#4917=ORIENTED_EDGE('',*,*,#3547,.F.);
#4918=ORIENTED_EDGE('',*,*,#3709,.T.);
#4919=ORIENTED_EDGE('',*,*,#3711,.T.);
#4920=ORIENTED_EDGE('',*,*,#3712,.F.);
#4921=ORIENTED_EDGE('',*,*,#3568,.F.);
#4922=ORIENTED_EDGE('',*,*,#3713,.T.);
#4923=ORIENTED_EDGE('',*,*,#3714,.T.);
#4924=ORIENTED_EDGE('',*,*,#3715,.F.);
#4925=ORIENTED_EDGE('',*,*,#3569,.F.);
#4926=ORIENTED_EDGE('',*,*,#3712,.T.);
#4927=ORIENTED_EDGE('',*,*,#3716,.T.);
#4928=ORIENTED_EDGE('',*,*,#3717,.F.);
#4929=ORIENTED_EDGE('',*,*,#3570,.F.);
#4930=ORIENTED_EDGE('',*,*,#3715,.T.);
#4931=ORIENTED_EDGE('',*,*,#3718,.T.);
#4932=ORIENTED_EDGE('',*,*,#3719,.F.);
#4933=ORIENTED_EDGE('',*,*,#3571,.F.);
#4934=ORIENTED_EDGE('',*,*,#3717,.T.);
#4935=ORIENTED_EDGE('',*,*,#3720,.T.);
#4936=ORIENTED_EDGE('',*,*,#3721,.F.);
#4937=ORIENTED_EDGE('',*,*,#3572,.F.);
#4938=ORIENTED_EDGE('',*,*,#3719,.T.);
#4939=ORIENTED_EDGE('',*,*,#3722,.T.);
#4940=ORIENTED_EDGE('',*,*,#3723,.F.);
#4941=ORIENTED_EDGE('',*,*,#3573,.F.);
#4942=ORIENTED_EDGE('',*,*,#3721,.T.);
#4943=ORIENTED_EDGE('',*,*,#3724,.T.);
#4944=ORIENTED_EDGE('',*,*,#3725,.F.);
#4945=ORIENTED_EDGE('',*,*,#3574,.F.);
#4946=ORIENTED_EDGE('',*,*,#3723,.T.);
#4947=ORIENTED_EDGE('',*,*,#3726,.T.);
#4948=ORIENTED_EDGE('',*,*,#3727,.F.);
#4949=ORIENTED_EDGE('',*,*,#3575,.F.);
#4950=ORIENTED_EDGE('',*,*,#3725,.T.);
#4951=ORIENTED_EDGE('',*,*,#3728,.T.);
#4952=ORIENTED_EDGE('',*,*,#3729,.F.);
#4953=ORIENTED_EDGE('',*,*,#3576,.F.);
#4954=ORIENTED_EDGE('',*,*,#3727,.T.);
#4955=ORIENTED_EDGE('',*,*,#3730,.T.);
#4956=ORIENTED_EDGE('',*,*,#3731,.F.);
#4957=ORIENTED_EDGE('',*,*,#3566,.F.);
#4958=ORIENTED_EDGE('',*,*,#3729,.T.);
#4959=ORIENTED_EDGE('',*,*,#3732,.T.);
#4960=ORIENTED_EDGE('',*,*,#3713,.F.);
#4961=ORIENTED_EDGE('',*,*,#3567,.F.);
#4962=ORIENTED_EDGE('',*,*,#3731,.T.);
#4963=ORIENTED_EDGE('',*,*,#3733,.T.);
#4964=ORIENTED_EDGE('',*,*,#3734,.F.);
#4965=ORIENTED_EDGE('',*,*,#3579,.F.);
#4966=ORIENTED_EDGE('',*,*,#3735,.T.);
#4967=ORIENTED_EDGE('',*,*,#3736,.T.);
#4968=ORIENTED_EDGE('',*,*,#3737,.F.);
#4969=ORIENTED_EDGE('',*,*,#3580,.F.);
#4970=ORIENTED_EDGE('',*,*,#3734,.T.);
#4971=ORIENTED_EDGE('',*,*,#3738,.T.);
#4972=ORIENTED_EDGE('',*,*,#3739,.F.);
#4973=ORIENTED_EDGE('',*,*,#3581,.F.);
#4974=ORIENTED_EDGE('',*,*,#3737,.T.);
#4975=ORIENTED_EDGE('',*,*,#3740,.T.);
#4976=ORIENTED_EDGE('',*,*,#3741,.F.);
#4977=ORIENTED_EDGE('',*,*,#3582,.F.);
#4978=ORIENTED_EDGE('',*,*,#3739,.T.);
#4979=ORIENTED_EDGE('',*,*,#3742,.T.);
#4980=ORIENTED_EDGE('',*,*,#3743,.F.);
#4981=ORIENTED_EDGE('',*,*,#3583,.F.);
#4982=ORIENTED_EDGE('',*,*,#3741,.T.);
#4983=ORIENTED_EDGE('',*,*,#3744,.T.);
#4984=ORIENTED_EDGE('',*,*,#3745,.F.);
#4985=ORIENTED_EDGE('',*,*,#3584,.F.);
#4986=ORIENTED_EDGE('',*,*,#3743,.T.);
#4987=ORIENTED_EDGE('',*,*,#3746,.T.);
#4988=ORIENTED_EDGE('',*,*,#3747,.F.);
#4989=ORIENTED_EDGE('',*,*,#3585,.F.);
#4990=ORIENTED_EDGE('',*,*,#3745,.T.);
#4991=ORIENTED_EDGE('',*,*,#3748,.T.);
#4992=ORIENTED_EDGE('',*,*,#3749,.F.);
#4993=ORIENTED_EDGE('',*,*,#3586,.F.);
#4994=ORIENTED_EDGE('',*,*,#3747,.T.);
#4995=ORIENTED_EDGE('',*,*,#3750,.T.);
#4996=ORIENTED_EDGE('',*,*,#3751,.F.);
#4997=ORIENTED_EDGE('',*,*,#3587,.F.);
#4998=ORIENTED_EDGE('',*,*,#3749,.T.);
#4999=ORIENTED_EDGE('',*,*,#3752,.T.);
#5000=ORIENTED_EDGE('',*,*,#3753,.F.);
#5001=ORIENTED_EDGE('',*,*,#3588,.F.);
#5002=ORIENTED_EDGE('',*,*,#3751,.T.);
#5003=ORIENTED_EDGE('',*,*,#3754,.T.);
#5004=ORIENTED_EDGE('',*,*,#3755,.F.);
#5005=ORIENTED_EDGE('',*,*,#3589,.F.);
#5006=ORIENTED_EDGE('',*,*,#3753,.T.);
#5007=ORIENTED_EDGE('',*,*,#3756,.T.);
#5008=ORIENTED_EDGE('',*,*,#3757,.F.);
#5009=ORIENTED_EDGE('',*,*,#3590,.F.);
#5010=ORIENTED_EDGE('',*,*,#3755,.T.);
#5011=ORIENTED_EDGE('',*,*,#3758,.T.);
#5012=ORIENTED_EDGE('',*,*,#3759,.F.);
#5013=ORIENTED_EDGE('',*,*,#3591,.F.);
#5014=ORIENTED_EDGE('',*,*,#3757,.T.);
#5015=ORIENTED_EDGE('',*,*,#3760,.T.);
#5016=ORIENTED_EDGE('',*,*,#3761,.F.);
#5017=ORIENTED_EDGE('',*,*,#3592,.F.);
#5018=ORIENTED_EDGE('',*,*,#3759,.T.);
#5019=ORIENTED_EDGE('',*,*,#3762,.T.);
#5020=ORIENTED_EDGE('',*,*,#3763,.F.);
#5021=ORIENTED_EDGE('',*,*,#3593,.F.);
#5022=ORIENTED_EDGE('',*,*,#3761,.T.);
#5023=ORIENTED_EDGE('',*,*,#3764,.T.);
#5024=ORIENTED_EDGE('',*,*,#3765,.F.);
#5025=ORIENTED_EDGE('',*,*,#3594,.F.);
#5026=ORIENTED_EDGE('',*,*,#3763,.T.);
#5027=ORIENTED_EDGE('',*,*,#3766,.T.);
#5028=ORIENTED_EDGE('',*,*,#3767,.F.);
#5029=ORIENTED_EDGE('',*,*,#3595,.F.);
#5030=ORIENTED_EDGE('',*,*,#3765,.T.);
#5031=ORIENTED_EDGE('',*,*,#3768,.T.);
#5032=ORIENTED_EDGE('',*,*,#3769,.F.);
#5033=ORIENTED_EDGE('',*,*,#3577,.F.);
#5034=ORIENTED_EDGE('',*,*,#3767,.T.);
#5035=ORIENTED_EDGE('',*,*,#3770,.T.);
#5036=ORIENTED_EDGE('',*,*,#3735,.F.);
#5037=ORIENTED_EDGE('',*,*,#3578,.F.);
#5038=ORIENTED_EDGE('',*,*,#3769,.T.);
#5039=ORIENTED_EDGE('',*,*,#3771,.T.);
#5040=ORIENTED_EDGE('',*,*,#3772,.F.);
#5041=ORIENTED_EDGE('',*,*,#3598,.F.);
#5042=ORIENTED_EDGE('',*,*,#3773,.T.);
#5043=ORIENTED_EDGE('',*,*,#3774,.T.);
#5044=ORIENTED_EDGE('',*,*,#3775,.F.);
#5045=ORIENTED_EDGE('',*,*,#3599,.F.);
#5046=ORIENTED_EDGE('',*,*,#3772,.T.);
#5047=ORIENTED_EDGE('',*,*,#3776,.T.);
#5048=ORIENTED_EDGE('',*,*,#3777,.F.);
#5049=ORIENTED_EDGE('',*,*,#3600,.F.);
#5050=ORIENTED_EDGE('',*,*,#3775,.T.);
#5051=ORIENTED_EDGE('',*,*,#3778,.T.);
#5052=ORIENTED_EDGE('',*,*,#3779,.F.);
#5053=ORIENTED_EDGE('',*,*,#3601,.F.);
#5054=ORIENTED_EDGE('',*,*,#3777,.T.);
#5055=ORIENTED_EDGE('',*,*,#3780,.T.);
#5056=ORIENTED_EDGE('',*,*,#3781,.F.);
#5057=ORIENTED_EDGE('',*,*,#3602,.F.);
#5058=ORIENTED_EDGE('',*,*,#3779,.T.);
#5059=ORIENTED_EDGE('',*,*,#3782,.T.);
#5060=ORIENTED_EDGE('',*,*,#3783,.F.);
#5061=ORIENTED_EDGE('',*,*,#3603,.F.);
#5062=ORIENTED_EDGE('',*,*,#3781,.T.);
#5063=ORIENTED_EDGE('',*,*,#3784,.T.);
#5064=ORIENTED_EDGE('',*,*,#3785,.F.);
#5065=ORIENTED_EDGE('',*,*,#3604,.F.);
#5066=ORIENTED_EDGE('',*,*,#3783,.T.);
#5067=ORIENTED_EDGE('',*,*,#3786,.T.);
#5068=ORIENTED_EDGE('',*,*,#3787,.F.);
#5069=ORIENTED_EDGE('',*,*,#3605,.F.);
#5070=ORIENTED_EDGE('',*,*,#3785,.T.);
#5071=ORIENTED_EDGE('',*,*,#3788,.T.);
#5072=ORIENTED_EDGE('',*,*,#3789,.F.);
#5073=ORIENTED_EDGE('',*,*,#3596,.F.);
#5074=ORIENTED_EDGE('',*,*,#3787,.T.);
#5075=ORIENTED_EDGE('',*,*,#3790,.T.);
#5076=ORIENTED_EDGE('',*,*,#3773,.F.);
#5077=ORIENTED_EDGE('',*,*,#3597,.F.);
#5078=ORIENTED_EDGE('',*,*,#3789,.T.);
#5079=ORIENTED_EDGE('',*,*,#3791,.T.);
#5080=ORIENTED_EDGE('',*,*,#3792,.F.);
#5081=ORIENTED_EDGE('',*,*,#3608,.F.);
#5082=ORIENTED_EDGE('',*,*,#3793,.T.);
#5083=ORIENTED_EDGE('',*,*,#3794,.T.);
#5084=ORIENTED_EDGE('',*,*,#3795,.F.);
#5085=ORIENTED_EDGE('',*,*,#3609,.F.);
#5086=ORIENTED_EDGE('',*,*,#3792,.T.);
#5087=ORIENTED_EDGE('',*,*,#3796,.T.);
#5088=ORIENTED_EDGE('',*,*,#3797,.F.);
#5089=ORIENTED_EDGE('',*,*,#3610,.F.);
#5090=ORIENTED_EDGE('',*,*,#3795,.T.);
#5091=ORIENTED_EDGE('',*,*,#3798,.T.);
#5092=ORIENTED_EDGE('',*,*,#3799,.F.);
#5093=ORIENTED_EDGE('',*,*,#3611,.F.);
#5094=ORIENTED_EDGE('',*,*,#3797,.T.);
#5095=ORIENTED_EDGE('',*,*,#3800,.T.);
#5096=ORIENTED_EDGE('',*,*,#3801,.F.);
#5097=ORIENTED_EDGE('',*,*,#3612,.F.);
#5098=ORIENTED_EDGE('',*,*,#3799,.T.);
#5099=ORIENTED_EDGE('',*,*,#3802,.T.);
#5100=ORIENTED_EDGE('',*,*,#3803,.F.);
#5101=ORIENTED_EDGE('',*,*,#3613,.F.);
#5102=ORIENTED_EDGE('',*,*,#3801,.T.);
#5103=ORIENTED_EDGE('',*,*,#3804,.T.);
#5104=ORIENTED_EDGE('',*,*,#3805,.F.);
#5105=ORIENTED_EDGE('',*,*,#3614,.F.);
#5106=ORIENTED_EDGE('',*,*,#3803,.T.);
#5107=ORIENTED_EDGE('',*,*,#3806,.T.);
#5108=ORIENTED_EDGE('',*,*,#3807,.F.);
#5109=ORIENTED_EDGE('',*,*,#3615,.F.);
#5110=ORIENTED_EDGE('',*,*,#3805,.T.);
#5111=ORIENTED_EDGE('',*,*,#3808,.T.);
#5112=ORIENTED_EDGE('',*,*,#3809,.F.);
#5113=ORIENTED_EDGE('',*,*,#3616,.F.);
#5114=ORIENTED_EDGE('',*,*,#3807,.T.);
#5115=ORIENTED_EDGE('',*,*,#3810,.T.);
#5116=ORIENTED_EDGE('',*,*,#3811,.F.);
#5117=ORIENTED_EDGE('',*,*,#3606,.F.);
#5118=ORIENTED_EDGE('',*,*,#3809,.T.);
#5119=ORIENTED_EDGE('',*,*,#3812,.T.);
#5120=ORIENTED_EDGE('',*,*,#3793,.F.);
#5121=ORIENTED_EDGE('',*,*,#3607,.F.);
#5122=ORIENTED_EDGE('',*,*,#3811,.T.);
#5123=ORIENTED_EDGE('',*,*,#3813,.F.);
#5124=ORIENTED_EDGE('',*,*,#3814,.T.);
#5125=ORIENTED_EDGE('',*,*,#3617,.T.);
#5126=ORIENTED_EDGE('',*,*,#3814,.F.);
#5127=ORIENTED_EDGE('',*,*,#3815,.F.);
#5128=ORIENTED_EDGE('',*,*,#3816,.T.);
#5129=ORIENTED_EDGE('',*,*,#3618,.T.);
#5130=ORIENTED_EDGE('',*,*,#3816,.F.);
#5131=ORIENTED_EDGE('',*,*,#3817,.T.);
#5132=ORIENTED_EDGE('',*,*,#3818,.T.);
#5133=ORIENTED_EDGE('',*,*,#3213,.F.);
#5134=ORIENTED_EDGE('',*,*,#3819,.F.);
#5135=ORIENTED_EDGE('',*,*,#3820,.F.);
#5136=ORIENTED_EDGE('',*,*,#3821,.T.);
#5137=ORIENTED_EDGE('',*,*,#3214,.F.);
#5138=ORIENTED_EDGE('',*,*,#3818,.F.);
#5139=ORIENTED_EDGE('',*,*,#3822,.F.);
#5140=ORIENTED_EDGE('',*,*,#3823,.T.);
#5141=ORIENTED_EDGE('',*,*,#3215,.F.);
#5142=ORIENTED_EDGE('',*,*,#3821,.F.);
#5143=ORIENTED_EDGE('',*,*,#3824,.F.);
#5144=ORIENTED_EDGE('',*,*,#3825,.T.);
#5145=ORIENTED_EDGE('',*,*,#3217,.F.);
#5146=ORIENTED_EDGE('',*,*,#3826,.F.);
#5147=ORIENTED_EDGE('',*,*,#3827,.T.);
#5148=ORIENTED_EDGE('',*,*,#3828,.T.);
#5149=ORIENTED_EDGE('',*,*,#3218,.F.);
#5150=ORIENTED_EDGE('',*,*,#3825,.F.);
#5151=ORIENTED_EDGE('',*,*,#3829,.F.);
#5152=ORIENTED_EDGE('',*,*,#3830,.F.);
#5153=ORIENTED_EDGE('',*,*,#3831,.T.);
#5154=ORIENTED_EDGE('',*,*,#3219,.F.);
#5155=ORIENTED_EDGE('',*,*,#3828,.F.);
#5156=ORIENTED_EDGE('',*,*,#3832,.F.);
#5157=ORIENTED_EDGE('',*,*,#3833,.F.);
#5158=ORIENTED_EDGE('',*,*,#3220,.F.);
#5159=ORIENTED_EDGE('',*,*,#3831,.F.);
#5160=ORIENTED_EDGE('',*,*,#3834,.F.);
#5161=ORIENTED_EDGE('',*,*,#3819,.T.);
#5162=ORIENTED_EDGE('',*,*,#3221,.F.);
#5163=ORIENTED_EDGE('',*,*,#3833,.T.);
#5164=ORIENTED_EDGE('',*,*,#3835,.T.);
#5165=ORIENTED_EDGE('',*,*,#3836,.F.);
#5166=ORIENTED_EDGE('',*,*,#3837,.T.);
#5167=ORIENTED_EDGE('',*,*,#3647,.T.);
#5168=ORIENTED_EDGE('',*,*,#3837,.F.);
#5169=ORIENTED_EDGE('',*,*,#3838,.F.);
#5170=ORIENTED_EDGE('',*,*,#3839,.T.);
#5171=ORIENTED_EDGE('',*,*,#3648,.T.);
#5172=ORIENTED_EDGE('',*,*,#3839,.F.);
#5173=ORIENTED_EDGE('',*,*,#3840,.F.);
#5174=ORIENTED_EDGE('',*,*,#3841,.F.);
#5175=ORIENTED_EDGE('',*,*,#3842,.F.);
#5176=ORIENTED_EDGE('',*,*,#3843,.F.);
#5177=ORIENTED_EDGE('',*,*,#3844,.F.);
#5178=ORIENTED_EDGE('',*,*,#3845,.F.);
#5179=ORIENTED_EDGE('',*,*,#3846,.F.);
#5180=ORIENTED_EDGE('',*,*,#3847,.F.);
#5181=ORIENTED_EDGE('',*,*,#3848,.F.);
#5182=ORIENTED_EDGE('',*,*,#3849,.F.);
#5183=ORIENTED_EDGE('',*,*,#3850,.F.);
#5184=ORIENTED_EDGE('',*,*,#3851,.F.);
#5185=ORIENTED_EDGE('',*,*,#3852,.F.);
#5186=ORIENTED_EDGE('',*,*,#3853,.F.);
#5187=ORIENTED_EDGE('',*,*,#3854,.F.);
#5188=ORIENTED_EDGE('',*,*,#3855,.F.);
#5189=ORIENTED_EDGE('',*,*,#3856,.F.);
#5190=ORIENTED_EDGE('',*,*,#3857,.F.);
#5191=ORIENTED_EDGE('',*,*,#3858,.F.);
#5192=ORIENTED_EDGE('',*,*,#3859,.F.);
#5193=ORIENTED_EDGE('',*,*,#3860,.F.);
#5194=ORIENTED_EDGE('',*,*,#3861,.F.);
#5195=ORIENTED_EDGE('',*,*,#3862,.F.);
#5196=ORIENTED_EDGE('',*,*,#3863,.F.);
#5197=ORIENTED_EDGE('',*,*,#3864,.F.);
#5198=ORIENTED_EDGE('',*,*,#3865,.F.);
#5199=ORIENTED_EDGE('',*,*,#3866,.F.);
#5200=ORIENTED_EDGE('',*,*,#3867,.F.);
#5201=ORIENTED_EDGE('',*,*,#3868,.F.);
#5202=ORIENTED_EDGE('',*,*,#3869,.F.);
#5203=ORIENTED_EDGE('',*,*,#3870,.F.);
#5204=ORIENTED_EDGE('',*,*,#3871,.F.);
#5205=ORIENTED_EDGE('',*,*,#3872,.F.);
#5206=ORIENTED_EDGE('',*,*,#3873,.F.);
#5207=ORIENTED_EDGE('',*,*,#3874,.F.);
#5208=ORIENTED_EDGE('',*,*,#3875,.F.);
#5209=ORIENTED_EDGE('',*,*,#3876,.F.);
#5210=ORIENTED_EDGE('',*,*,#3877,.F.);
#5211=ORIENTED_EDGE('',*,*,#3878,.F.);
#5212=ORIENTED_EDGE('',*,*,#3879,.F.);
#5213=ORIENTED_EDGE('',*,*,#3880,.F.);
#5214=ORIENTED_EDGE('',*,*,#3881,.F.);
#5215=ORIENTED_EDGE('',*,*,#3882,.F.);
#5216=ORIENTED_EDGE('',*,*,#3883,.F.);
#5217=ORIENTED_EDGE('',*,*,#3884,.F.);
#5218=ORIENTED_EDGE('',*,*,#3885,.F.);
#5219=ORIENTED_EDGE('',*,*,#3886,.F.);
#5220=ORIENTED_EDGE('',*,*,#3887,.F.);
#5221=ORIENTED_EDGE('',*,*,#3888,.F.);
#5222=ORIENTED_EDGE('',*,*,#3889,.F.);
#5223=ORIENTED_EDGE('',*,*,#3890,.F.);
#5224=ORIENTED_EDGE('',*,*,#3891,.F.);
#5225=ORIENTED_EDGE('',*,*,#3892,.F.);
#5226=ORIENTED_EDGE('',*,*,#3893,.F.);
#5227=ORIENTED_EDGE('',*,*,#3894,.F.);
#5228=ORIENTED_EDGE('',*,*,#3895,.F.);
#5229=ORIENTED_EDGE('',*,*,#3896,.F.);
#5230=ORIENTED_EDGE('',*,*,#3897,.F.);
#5231=ORIENTED_EDGE('',*,*,#3898,.F.);
#5232=ORIENTED_EDGE('',*,*,#3899,.F.);
#5233=ORIENTED_EDGE('',*,*,#3900,.F.);
#5234=ORIENTED_EDGE('',*,*,#3901,.F.);
#5235=ORIENTED_EDGE('',*,*,#3902,.F.);
#5236=ORIENTED_EDGE('',*,*,#3903,.F.);
#5237=ORIENTED_EDGE('',*,*,#3904,.F.);
#5238=ORIENTED_EDGE('',*,*,#3905,.F.);
#5239=ORIENTED_EDGE('',*,*,#3906,.F.);
#5240=ORIENTED_EDGE('',*,*,#3907,.F.);
#5241=ORIENTED_EDGE('',*,*,#3908,.F.);
#5242=ORIENTED_EDGE('',*,*,#3909,.F.);
#5243=ORIENTED_EDGE('',*,*,#3910,.F.);
#5244=ORIENTED_EDGE('',*,*,#3911,.F.);
#5245=ORIENTED_EDGE('',*,*,#3912,.F.);
#5246=ORIENTED_EDGE('',*,*,#3913,.F.);
#5247=ORIENTED_EDGE('',*,*,#3914,.F.);
#5248=ORIENTED_EDGE('',*,*,#3915,.F.);
#5249=ORIENTED_EDGE('',*,*,#3916,.F.);
#5250=ORIENTED_EDGE('',*,*,#3917,.F.);
#5251=ORIENTED_EDGE('',*,*,#3918,.F.);
#5252=ORIENTED_EDGE('',*,*,#3919,.F.);
#5253=ORIENTED_EDGE('',*,*,#3920,.F.);
#5254=ORIENTED_EDGE('',*,*,#3921,.F.);
#5255=ORIENTED_EDGE('',*,*,#3922,.F.);
#5256=ORIENTED_EDGE('',*,*,#3923,.F.);
#5257=ORIENTED_EDGE('',*,*,#3924,.F.);
#5258=ORIENTED_EDGE('',*,*,#3925,.F.);
#5259=ORIENTED_EDGE('',*,*,#3926,.F.);
#5260=ORIENTED_EDGE('',*,*,#3927,.F.);
#5261=ORIENTED_EDGE('',*,*,#3928,.F.);
#5262=ORIENTED_EDGE('',*,*,#3929,.F.);
#5263=ORIENTED_EDGE('',*,*,#3930,.F.);
#5264=ORIENTED_EDGE('',*,*,#3931,.F.);
#5265=ORIENTED_EDGE('',*,*,#3932,.F.);
#5266=ORIENTED_EDGE('',*,*,#3933,.F.);
#5267=ORIENTED_EDGE('',*,*,#3934,.F.);
#5268=ORIENTED_EDGE('',*,*,#3935,.F.);
#5269=ORIENTED_EDGE('',*,*,#3936,.F.);
#5270=ORIENTED_EDGE('',*,*,#3937,.F.);
#5271=ORIENTED_EDGE('',*,*,#3938,.F.);
#5272=ORIENTED_EDGE('',*,*,#3939,.F.);
#5273=ORIENTED_EDGE('',*,*,#3940,.F.);
#5274=ORIENTED_EDGE('',*,*,#3941,.F.);
#5275=ORIENTED_EDGE('',*,*,#3942,.F.);
#5276=ORIENTED_EDGE('',*,*,#3943,.F.);
#5277=ORIENTED_EDGE('',*,*,#3944,.F.);
#5278=ORIENTED_EDGE('',*,*,#3945,.F.);
#5279=ORIENTED_EDGE('',*,*,#3946,.F.);
#5280=ORIENTED_EDGE('',*,*,#3947,.F.);
#5281=ORIENTED_EDGE('',*,*,#3948,.F.);
#5282=ORIENTED_EDGE('',*,*,#3949,.F.);
#5283=ORIENTED_EDGE('',*,*,#3950,.F.);
#5284=ORIENTED_EDGE('',*,*,#3951,.F.);
#5285=ORIENTED_EDGE('',*,*,#3952,.F.);
#5286=ORIENTED_EDGE('',*,*,#3953,.F.);
#5287=ORIENTED_EDGE('',*,*,#3954,.F.);
#5288=ORIENTED_EDGE('',*,*,#3955,.F.);
#5289=ORIENTED_EDGE('',*,*,#3956,.F.);
#5290=ORIENTED_EDGE('',*,*,#3957,.F.);
#5291=ORIENTED_EDGE('',*,*,#3958,.F.);
#5292=ORIENTED_EDGE('',*,*,#3959,.F.);
#5293=ORIENTED_EDGE('',*,*,#3960,.F.);
#5294=ORIENTED_EDGE('',*,*,#3961,.F.);
#5295=ORIENTED_EDGE('',*,*,#3962,.F.);
#5296=ORIENTED_EDGE('',*,*,#3963,.F.);
#5297=ORIENTED_EDGE('',*,*,#3964,.F.);
#5298=ORIENTED_EDGE('',*,*,#3965,.F.);
#5299=ORIENTED_EDGE('',*,*,#3966,.F.);
#5300=ORIENTED_EDGE('',*,*,#3967,.F.);
#5301=ORIENTED_EDGE('',*,*,#3968,.F.);
#5302=ORIENTED_EDGE('',*,*,#3969,.F.);
#5303=ORIENTED_EDGE('',*,*,#3970,.F.);
#5304=ORIENTED_EDGE('',*,*,#3971,.F.);
#5305=ORIENTED_EDGE('',*,*,#3972,.F.);
#5306=ORIENTED_EDGE('',*,*,#3973,.F.);
#5307=ORIENTED_EDGE('',*,*,#3974,.F.);
#5308=ORIENTED_EDGE('',*,*,#3975,.F.);
#5309=ORIENTED_EDGE('',*,*,#3976,.F.);
#5310=ORIENTED_EDGE('',*,*,#3977,.F.);
#5311=ORIENTED_EDGE('',*,*,#3978,.F.);
#5312=ORIENTED_EDGE('',*,*,#3979,.F.);
#5313=ORIENTED_EDGE('',*,*,#3980,.F.);
#5314=ORIENTED_EDGE('',*,*,#3981,.F.);
#5315=ORIENTED_EDGE('',*,*,#3982,.F.);
#5316=ORIENTED_EDGE('',*,*,#3983,.F.);
#5317=ORIENTED_EDGE('',*,*,#3984,.F.);
#5318=ORIENTED_EDGE('',*,*,#3985,.F.);
#5319=ORIENTED_EDGE('',*,*,#3986,.F.);
#5320=ORIENTED_EDGE('',*,*,#3987,.F.);
#5321=ORIENTED_EDGE('',*,*,#3988,.F.);
#5322=ORIENTED_EDGE('',*,*,#3989,.F.);
#5323=ORIENTED_EDGE('',*,*,#3990,.F.);
#5324=ORIENTED_EDGE('',*,*,#3991,.F.);
#5325=ORIENTED_EDGE('',*,*,#3992,.F.);
#5326=ORIENTED_EDGE('',*,*,#3993,.F.);
#5327=ORIENTED_EDGE('',*,*,#3994,.F.);
#5328=ORIENTED_EDGE('',*,*,#3995,.F.);
#5329=ORIENTED_EDGE('',*,*,#3996,.F.);
#5330=ORIENTED_EDGE('',*,*,#3997,.F.);
#5331=ORIENTED_EDGE('',*,*,#3998,.F.);
#5332=ORIENTED_EDGE('',*,*,#3999,.F.);
#5333=ORIENTED_EDGE('',*,*,#4000,.F.);
#5334=ORIENTED_EDGE('',*,*,#4001,.F.);
#5335=ORIENTED_EDGE('',*,*,#4002,.F.);
#5336=ORIENTED_EDGE('',*,*,#4003,.F.);
#5337=ORIENTED_EDGE('',*,*,#4004,.F.);
#5338=ORIENTED_EDGE('',*,*,#4005,.F.);
#5339=ORIENTED_EDGE('',*,*,#4006,.F.);
#5340=ORIENTED_EDGE('',*,*,#4007,.F.);
#5341=ORIENTED_EDGE('',*,*,#4008,.F.);
#5342=ORIENTED_EDGE('',*,*,#4009,.F.);
#5343=ORIENTED_EDGE('',*,*,#4010,.F.);
#5344=ORIENTED_EDGE('',*,*,#4011,.F.);
#5345=ORIENTED_EDGE('',*,*,#3812,.F.);
#5346=ORIENTED_EDGE('',*,*,#3810,.F.);
#5347=ORIENTED_EDGE('',*,*,#3808,.F.);
#5348=ORIENTED_EDGE('',*,*,#3806,.F.);
#5349=ORIENTED_EDGE('',*,*,#3804,.F.);
#5350=ORIENTED_EDGE('',*,*,#3802,.F.);
#5351=ORIENTED_EDGE('',*,*,#3800,.F.);
#5352=ORIENTED_EDGE('',*,*,#3798,.F.);
#5353=ORIENTED_EDGE('',*,*,#3796,.F.);
#5354=ORIENTED_EDGE('',*,*,#3794,.F.);
#5355=ORIENTED_EDGE('',*,*,#3791,.F.);
#5356=ORIENTED_EDGE('',*,*,#3790,.F.);
#5357=ORIENTED_EDGE('',*,*,#3788,.F.);
#5358=ORIENTED_EDGE('',*,*,#3786,.F.);
#5359=ORIENTED_EDGE('',*,*,#3784,.F.);
#5360=ORIENTED_EDGE('',*,*,#3782,.F.);
#5361=ORIENTED_EDGE('',*,*,#3780,.F.);
#5362=ORIENTED_EDGE('',*,*,#3778,.F.);
#5363=ORIENTED_EDGE('',*,*,#3776,.F.);
#5364=ORIENTED_EDGE('',*,*,#3774,.F.);
#5365=ORIENTED_EDGE('',*,*,#3771,.F.);
#5366=ORIENTED_EDGE('',*,*,#3770,.F.);
#5367=ORIENTED_EDGE('',*,*,#3768,.F.);
#5368=ORIENTED_EDGE('',*,*,#3766,.F.);
#5369=ORIENTED_EDGE('',*,*,#3764,.F.);
#5370=ORIENTED_EDGE('',*,*,#3762,.F.);
#5371=ORIENTED_EDGE('',*,*,#3760,.F.);
#5372=ORIENTED_EDGE('',*,*,#3758,.F.);
#5373=ORIENTED_EDGE('',*,*,#3756,.F.);
#5374=ORIENTED_EDGE('',*,*,#3754,.F.);
#5375=ORIENTED_EDGE('',*,*,#3752,.F.);
#5376=ORIENTED_EDGE('',*,*,#3750,.F.);
#5377=ORIENTED_EDGE('',*,*,#3748,.F.);
#5378=ORIENTED_EDGE('',*,*,#3746,.F.);
#5379=ORIENTED_EDGE('',*,*,#3744,.F.);
#5380=ORIENTED_EDGE('',*,*,#3742,.F.);
#5381=ORIENTED_EDGE('',*,*,#3740,.F.);
#5382=ORIENTED_EDGE('',*,*,#3738,.F.);
#5383=ORIENTED_EDGE('',*,*,#3736,.F.);
#5384=ORIENTED_EDGE('',*,*,#3733,.F.);
#5385=ORIENTED_EDGE('',*,*,#3732,.F.);
#5386=ORIENTED_EDGE('',*,*,#3730,.F.);
#5387=ORIENTED_EDGE('',*,*,#3728,.F.);
#5388=ORIENTED_EDGE('',*,*,#3726,.F.);
#5389=ORIENTED_EDGE('',*,*,#3724,.F.);
#5390=ORIENTED_EDGE('',*,*,#3722,.F.);
#5391=ORIENTED_EDGE('',*,*,#3720,.F.);
#5392=ORIENTED_EDGE('',*,*,#3718,.F.);
#5393=ORIENTED_EDGE('',*,*,#3716,.F.);
#5394=ORIENTED_EDGE('',*,*,#3714,.F.);
#5395=ORIENTED_EDGE('',*,*,#3711,.F.);
#5396=ORIENTED_EDGE('',*,*,#3710,.F.);
#5397=ORIENTED_EDGE('',*,*,#3708,.F.);
#5398=ORIENTED_EDGE('',*,*,#3706,.F.);
#5399=ORIENTED_EDGE('',*,*,#3704,.F.);
#5400=ORIENTED_EDGE('',*,*,#3702,.F.);
#5401=ORIENTED_EDGE('',*,*,#3700,.F.);
#5402=ORIENTED_EDGE('',*,*,#3698,.F.);
#5403=ORIENTED_EDGE('',*,*,#3696,.F.);
#5404=ORIENTED_EDGE('',*,*,#3694,.F.);
#5405=ORIENTED_EDGE('',*,*,#3692,.F.);
#5406=ORIENTED_EDGE('',*,*,#3690,.F.);
#5407=ORIENTED_EDGE('',*,*,#3688,.F.);
#5408=ORIENTED_EDGE('',*,*,#3686,.F.);
#5409=ORIENTED_EDGE('',*,*,#3684,.F.);
#5410=ORIENTED_EDGE('',*,*,#3682,.F.);
#5411=ORIENTED_EDGE('',*,*,#3680,.F.);
#5412=ORIENTED_EDGE('',*,*,#3678,.F.);
#5413=ORIENTED_EDGE('',*,*,#3676,.F.);
#5414=ORIENTED_EDGE('',*,*,#3674,.F.);
#5415=ORIENTED_EDGE('',*,*,#3671,.F.);
#5416=ORIENTED_EDGE('',*,*,#3670,.F.);
#5417=ORIENTED_EDGE('',*,*,#3668,.F.);
#5418=ORIENTED_EDGE('',*,*,#3666,.F.);
#5419=ORIENTED_EDGE('',*,*,#3664,.F.);
#5420=ORIENTED_EDGE('',*,*,#3662,.F.);
#5421=ORIENTED_EDGE('',*,*,#3660,.F.);
#5422=ORIENTED_EDGE('',*,*,#3658,.F.);
#5423=ORIENTED_EDGE('',*,*,#3656,.F.);
#5424=ORIENTED_EDGE('',*,*,#3654,.F.);
#5425=ORIENTED_EDGE('',*,*,#3652,.F.);
#5426=ORIENTED_EDGE('',*,*,#3649,.F.);
#5427=ORIENTED_EDGE('',*,*,#3468,.T.);
#5428=ORIENTED_EDGE('',*,*,#4012,.T.);
#5429=ORIENTED_EDGE('',*,*,#3813,.T.);
#5430=ORIENTED_EDGE('',*,*,#4012,.F.);
#5431=ORIENTED_EDGE('',*,*,#3467,.T.);
#5432=ORIENTED_EDGE('',*,*,#4013,.T.);
#5433=ORIENTED_EDGE('',*,*,#3815,.T.);
#5434=ORIENTED_EDGE('',*,*,#4013,.F.);
#5435=ORIENTED_EDGE('',*,*,#4014,.F.);
#5436=ORIENTED_EDGE('',*,*,#3820,.T.);
#5437=ORIENTED_EDGE('',*,*,#3817,.F.);
#5438=ORIENTED_EDGE('',*,*,#3834,.T.);
#5439=ORIENTED_EDGE('',*,*,#4015,.T.);
#5440=ORIENTED_EDGE('',*,*,#3292,.T.);
#5441=ORIENTED_EDGE('',*,*,#3291,.T.);
#5442=ORIENTED_EDGE('',*,*,#4016,.T.);
#5443=ORIENTED_EDGE('',*,*,#3822,.T.);
#5444=ORIENTED_EDGE('',*,*,#4014,.T.);
#5445=ORIENTED_EDGE('',*,*,#3290,.T.);
#5446=ORIENTED_EDGE('',*,*,#4017,.F.);
#5447=ORIENTED_EDGE('',*,*,#3826,.T.);
#5448=ORIENTED_EDGE('',*,*,#3216,.F.);
#5449=ORIENTED_EDGE('',*,*,#3823,.F.);
#5450=ORIENTED_EDGE('',*,*,#4016,.F.);
#5451=ORIENTED_EDGE('',*,*,#3289,.T.);
#5452=ORIENTED_EDGE('',*,*,#4018,.T.);
#5453=ORIENTED_EDGE('',*,*,#3824,.T.);
#5454=ORIENTED_EDGE('',*,*,#4017,.T.);
#5455=ORIENTED_EDGE('',*,*,#3827,.F.);
#5456=ORIENTED_EDGE('',*,*,#4018,.F.);
#5457=ORIENTED_EDGE('',*,*,#3288,.T.);
#5458=ORIENTED_EDGE('',*,*,#4019,.T.);
#5459=ORIENTED_EDGE('',*,*,#3829,.T.);
#5460=ORIENTED_EDGE('',*,*,#4015,.F.);
#5461=ORIENTED_EDGE('',*,*,#3835,.F.);
#5462=ORIENTED_EDGE('',*,*,#3832,.T.);
#5463=ORIENTED_EDGE('',*,*,#3830,.T.);
#5464=ORIENTED_EDGE('',*,*,#4019,.F.);
#5465=ORIENTED_EDGE('',*,*,#3287,.T.);
#5466=ORIENTED_EDGE('',*,*,#3466,.T.);
#5467=ORIENTED_EDGE('',*,*,#4020,.T.);
#5468=ORIENTED_EDGE('',*,*,#3836,.T.);
#5469=ORIENTED_EDGE('',*,*,#4020,.F.);
#5470=ORIENTED_EDGE('',*,*,#3465,.T.);
#5471=ORIENTED_EDGE('',*,*,#4021,.T.);
#5472=ORIENTED_EDGE('',*,*,#3838,.T.);
#5473=ORIENTED_EDGE('',*,*,#4021,.F.);
#5474=ORIENTED_EDGE('',*,*,#3841,.T.);
#5475=ORIENTED_EDGE('',*,*,#4022,.T.);
#5476=ORIENTED_EDGE('',*,*,#3464,.F.);
#5477=ORIENTED_EDGE('',*,*,#4023,.T.);
#5478=ORIENTED_EDGE('',*,*,#3842,.T.);
#5479=ORIENTED_EDGE('',*,*,#4023,.F.);
#5480=ORIENTED_EDGE('',*,*,#3463,.F.);
#5481=ORIENTED_EDGE('',*,*,#4024,.T.);
#5482=ORIENTED_EDGE('',*,*,#3843,.T.);
#5483=ORIENTED_EDGE('',*,*,#4024,.F.);
#5484=ORIENTED_EDGE('',*,*,#3462,.F.);
#5485=ORIENTED_EDGE('',*,*,#4025,.T.);
#5486=ORIENTED_EDGE('',*,*,#3844,.T.);
#5487=ORIENTED_EDGE('',*,*,#4025,.F.);
#5488=ORIENTED_EDGE('',*,*,#3461,.F.);
#5489=ORIENTED_EDGE('',*,*,#4026,.T.);
#5490=ORIENTED_EDGE('',*,*,#3845,.T.);
#5491=ORIENTED_EDGE('',*,*,#4026,.F.);
#5492=ORIENTED_EDGE('',*,*,#3460,.F.);
#5493=ORIENTED_EDGE('',*,*,#4027,.T.);
#5494=ORIENTED_EDGE('',*,*,#3846,.T.);
#5495=ORIENTED_EDGE('',*,*,#4027,.F.);
#5496=ORIENTED_EDGE('',*,*,#3459,.F.);
#5497=ORIENTED_EDGE('',*,*,#4028,.F.);
#5498=ORIENTED_EDGE('',*,*,#3847,.T.);
#5499=ORIENTED_EDGE('',*,*,#4028,.T.);
#5500=ORIENTED_EDGE('',*,*,#3458,.F.);
#5501=ORIENTED_EDGE('',*,*,#4029,.T.);
#5502=ORIENTED_EDGE('',*,*,#3848,.T.);
#5503=ORIENTED_EDGE('',*,*,#4029,.F.);
#5504=ORIENTED_EDGE('',*,*,#3457,.F.);
#5505=ORIENTED_EDGE('',*,*,#4030,.T.);
#5506=ORIENTED_EDGE('',*,*,#3849,.T.);
#5507=ORIENTED_EDGE('',*,*,#4030,.F.);
#5508=ORIENTED_EDGE('',*,*,#3456,.F.);
#5509=ORIENTED_EDGE('',*,*,#4031,.T.);
#5510=ORIENTED_EDGE('',*,*,#3850,.T.);
#5511=ORIENTED_EDGE('',*,*,#4031,.F.);
#5512=ORIENTED_EDGE('',*,*,#3455,.F.);
#5513=ORIENTED_EDGE('',*,*,#4032,.T.);
#5514=ORIENTED_EDGE('',*,*,#3851,.T.);
#5515=ORIENTED_EDGE('',*,*,#4032,.F.);
#5516=ORIENTED_EDGE('',*,*,#3454,.F.);
#5517=ORIENTED_EDGE('',*,*,#4033,.T.);
#5518=ORIENTED_EDGE('',*,*,#3852,.T.);
#5519=ORIENTED_EDGE('',*,*,#4033,.F.);
#5520=ORIENTED_EDGE('',*,*,#3453,.F.);
#5521=ORIENTED_EDGE('',*,*,#4034,.T.);
#5522=ORIENTED_EDGE('',*,*,#3853,.T.);
#5523=ORIENTED_EDGE('',*,*,#4034,.F.);
#5524=ORIENTED_EDGE('',*,*,#3452,.F.);
#5525=ORIENTED_EDGE('',*,*,#4035,.T.);
#5526=ORIENTED_EDGE('',*,*,#3854,.T.);
#5527=ORIENTED_EDGE('',*,*,#4035,.F.);
#5528=ORIENTED_EDGE('',*,*,#3451,.F.);
#5529=ORIENTED_EDGE('',*,*,#4036,.T.);
#5530=ORIENTED_EDGE('',*,*,#3855,.T.);
#5531=ORIENTED_EDGE('',*,*,#4036,.F.);
#5532=ORIENTED_EDGE('',*,*,#3450,.T.);
#5533=ORIENTED_EDGE('',*,*,#4037,.F.);
#5534=ORIENTED_EDGE('',*,*,#3856,.T.);
#5535=ORIENTED_EDGE('',*,*,#4037,.T.);
#5536=ORIENTED_EDGE('',*,*,#3449,.F.);
#5537=ORIENTED_EDGE('',*,*,#4038,.T.);
#5538=ORIENTED_EDGE('',*,*,#3857,.T.);
#5539=ORIENTED_EDGE('',*,*,#4038,.F.);
#5540=ORIENTED_EDGE('',*,*,#3448,.F.);
#5541=ORIENTED_EDGE('',*,*,#4039,.T.);
#5542=ORIENTED_EDGE('',*,*,#3858,.T.);
#5543=ORIENTED_EDGE('',*,*,#4039,.F.);
#5544=ORIENTED_EDGE('',*,*,#3447,.F.);
#5545=ORIENTED_EDGE('',*,*,#4040,.T.);
#5546=ORIENTED_EDGE('',*,*,#3859,.T.);
#5547=ORIENTED_EDGE('',*,*,#4040,.F.);
#5548=ORIENTED_EDGE('',*,*,#3446,.F.);
#5549=ORIENTED_EDGE('',*,*,#4041,.T.);
#5550=ORIENTED_EDGE('',*,*,#3860,.T.);
#5551=ORIENTED_EDGE('',*,*,#4041,.F.);
#5552=ORIENTED_EDGE('',*,*,#3445,.F.);
#5553=ORIENTED_EDGE('',*,*,#4042,.T.);
#5554=ORIENTED_EDGE('',*,*,#3861,.T.);
#5555=ORIENTED_EDGE('',*,*,#4042,.F.);
#5556=ORIENTED_EDGE('',*,*,#3444,.F.);
#5557=ORIENTED_EDGE('',*,*,#4043,.T.);
#5558=ORIENTED_EDGE('',*,*,#3862,.T.);
#5559=ORIENTED_EDGE('',*,*,#4043,.F.);
#5560=ORIENTED_EDGE('',*,*,#3443,.F.);
#5561=ORIENTED_EDGE('',*,*,#4044,.T.);
#5562=ORIENTED_EDGE('',*,*,#3863,.T.);
#5563=ORIENTED_EDGE('',*,*,#4044,.F.);
#5564=ORIENTED_EDGE('',*,*,#3442,.F.);
#5565=ORIENTED_EDGE('',*,*,#4045,.T.);
#5566=ORIENTED_EDGE('',*,*,#3864,.T.);
#5567=ORIENTED_EDGE('',*,*,#4045,.F.);
#5568=ORIENTED_EDGE('',*,*,#3441,.F.);
#5569=ORIENTED_EDGE('',*,*,#4046,.T.);
#5570=ORIENTED_EDGE('',*,*,#3865,.T.);
#5571=ORIENTED_EDGE('',*,*,#4046,.F.);
#5572=ORIENTED_EDGE('',*,*,#3440,.F.);
#5573=ORIENTED_EDGE('',*,*,#4047,.T.);
#5574=ORIENTED_EDGE('',*,*,#3866,.T.);
#5575=ORIENTED_EDGE('',*,*,#4047,.F.);
#5576=ORIENTED_EDGE('',*,*,#3439,.F.);
#5577=ORIENTED_EDGE('',*,*,#4048,.T.);
#5578=ORIENTED_EDGE('',*,*,#3867,.T.);
#5579=ORIENTED_EDGE('',*,*,#4048,.F.);
#5580=ORIENTED_EDGE('',*,*,#3438,.F.);
#5581=ORIENTED_EDGE('',*,*,#4049,.T.);
#5582=ORIENTED_EDGE('',*,*,#3868,.T.);
#5583=ORIENTED_EDGE('',*,*,#4049,.F.);
#5584=ORIENTED_EDGE('',*,*,#3437,.F.);
#5585=ORIENTED_EDGE('',*,*,#4050,.T.);
#5586=ORIENTED_EDGE('',*,*,#3869,.T.);
#5587=ORIENTED_EDGE('',*,*,#4050,.F.);
#5588=ORIENTED_EDGE('',*,*,#3436,.F.);
#5589=ORIENTED_EDGE('',*,*,#4051,.T.);
#5590=ORIENTED_EDGE('',*,*,#3870,.T.);
#5591=ORIENTED_EDGE('',*,*,#4051,.F.);
#5592=ORIENTED_EDGE('',*,*,#3435,.F.);
#5593=ORIENTED_EDGE('',*,*,#4052,.T.);
#5594=ORIENTED_EDGE('',*,*,#3871,.T.);
#5595=ORIENTED_EDGE('',*,*,#4052,.F.);
#5596=ORIENTED_EDGE('',*,*,#3434,.F.);
#5597=ORIENTED_EDGE('',*,*,#4053,.T.);
#5598=ORIENTED_EDGE('',*,*,#3872,.T.);
#5599=ORIENTED_EDGE('',*,*,#4053,.F.);
#5600=ORIENTED_EDGE('',*,*,#3433,.F.);
#5601=ORIENTED_EDGE('',*,*,#4054,.T.);
#5602=ORIENTED_EDGE('',*,*,#3873,.T.);
#5603=ORIENTED_EDGE('',*,*,#4054,.F.);
#5604=ORIENTED_EDGE('',*,*,#3432,.F.);
#5605=ORIENTED_EDGE('',*,*,#4055,.T.);
#5606=ORIENTED_EDGE('',*,*,#3874,.T.);
#5607=ORIENTED_EDGE('',*,*,#4055,.F.);
#5608=ORIENTED_EDGE('',*,*,#3431,.F.);
#5609=ORIENTED_EDGE('',*,*,#4056,.T.);
#5610=ORIENTED_EDGE('',*,*,#3875,.T.);
#5611=ORIENTED_EDGE('',*,*,#4056,.F.);
#5612=ORIENTED_EDGE('',*,*,#3430,.F.);
#5613=ORIENTED_EDGE('',*,*,#4057,.T.);
#5614=ORIENTED_EDGE('',*,*,#3876,.T.);
#5615=ORIENTED_EDGE('',*,*,#4057,.F.);
#5616=ORIENTED_EDGE('',*,*,#3429,.F.);
#5617=ORIENTED_EDGE('',*,*,#4058,.T.);
#5618=ORIENTED_EDGE('',*,*,#3877,.T.);
#5619=ORIENTED_EDGE('',*,*,#4058,.F.);
#5620=ORIENTED_EDGE('',*,*,#3428,.F.);
#5621=ORIENTED_EDGE('',*,*,#4059,.T.);
#5622=ORIENTED_EDGE('',*,*,#3878,.T.);
#5623=ORIENTED_EDGE('',*,*,#4059,.F.);
#5624=ORIENTED_EDGE('',*,*,#3427,.F.);
#5625=ORIENTED_EDGE('',*,*,#4060,.T.);
#5626=ORIENTED_EDGE('',*,*,#3879,.T.);
#5627=ORIENTED_EDGE('',*,*,#4060,.F.);
#5628=ORIENTED_EDGE('',*,*,#3426,.F.);
#5629=ORIENTED_EDGE('',*,*,#4061,.T.);
#5630=ORIENTED_EDGE('',*,*,#3880,.T.);
#5631=ORIENTED_EDGE('',*,*,#4061,.F.);
#5632=ORIENTED_EDGE('',*,*,#3425,.F.);
#5633=ORIENTED_EDGE('',*,*,#4062,.T.);
#5634=ORIENTED_EDGE('',*,*,#3881,.T.);
#5635=ORIENTED_EDGE('',*,*,#4062,.F.);
#5636=ORIENTED_EDGE('',*,*,#3424,.F.);
#5637=ORIENTED_EDGE('',*,*,#4063,.T.);
#5638=ORIENTED_EDGE('',*,*,#3882,.T.);
#5639=ORIENTED_EDGE('',*,*,#4063,.F.);
#5640=ORIENTED_EDGE('',*,*,#3423,.F.);
#5641=ORIENTED_EDGE('',*,*,#4064,.T.);
#5642=ORIENTED_EDGE('',*,*,#3883,.T.);
#5643=ORIENTED_EDGE('',*,*,#4064,.F.);
#5644=ORIENTED_EDGE('',*,*,#3422,.F.);
#5645=ORIENTED_EDGE('',*,*,#4065,.T.);
#5646=ORIENTED_EDGE('',*,*,#3884,.T.);
#5647=ORIENTED_EDGE('',*,*,#4065,.F.);
#5648=ORIENTED_EDGE('',*,*,#3421,.F.);
#5649=ORIENTED_EDGE('',*,*,#4066,.T.);
#5650=ORIENTED_EDGE('',*,*,#3885,.T.);
#5651=ORIENTED_EDGE('',*,*,#4066,.F.);
#5652=ORIENTED_EDGE('',*,*,#3420,.F.);
#5653=ORIENTED_EDGE('',*,*,#4067,.T.);
#5654=ORIENTED_EDGE('',*,*,#3886,.T.);
#5655=ORIENTED_EDGE('',*,*,#4067,.F.);
#5656=ORIENTED_EDGE('',*,*,#3419,.T.);
#5657=ORIENTED_EDGE('',*,*,#4068,.F.);
#5658=ORIENTED_EDGE('',*,*,#3887,.T.);
#5659=ORIENTED_EDGE('',*,*,#4068,.T.);
#5660=ORIENTED_EDGE('',*,*,#3418,.F.);
#5661=ORIENTED_EDGE('',*,*,#4069,.T.);
#5662=ORIENTED_EDGE('',*,*,#3888,.T.);
#5663=ORIENTED_EDGE('',*,*,#4069,.F.);
#5664=ORIENTED_EDGE('',*,*,#3417,.F.);
#5665=ORIENTED_EDGE('',*,*,#4070,.T.);
#5666=ORIENTED_EDGE('',*,*,#3889,.T.);
#5667=ORIENTED_EDGE('',*,*,#4070,.F.);
#5668=ORIENTED_EDGE('',*,*,#3416,.F.);
#5669=ORIENTED_EDGE('',*,*,#4071,.T.);
#5670=ORIENTED_EDGE('',*,*,#3890,.T.);
#5671=ORIENTED_EDGE('',*,*,#4071,.F.);
#5672=ORIENTED_EDGE('',*,*,#3415,.F.);
#5673=ORIENTED_EDGE('',*,*,#4072,.T.);
#5674=ORIENTED_EDGE('',*,*,#3891,.T.);
#5675=ORIENTED_EDGE('',*,*,#4072,.F.);
#5676=ORIENTED_EDGE('',*,*,#3414,.F.);
#5677=ORIENTED_EDGE('',*,*,#4073,.T.);
#5678=ORIENTED_EDGE('',*,*,#3892,.T.);
#5679=ORIENTED_EDGE('',*,*,#4073,.F.);
#5680=ORIENTED_EDGE('',*,*,#3413,.F.);
#5681=ORIENTED_EDGE('',*,*,#4074,.T.);
#5682=ORIENTED_EDGE('',*,*,#3893,.T.);
#5683=ORIENTED_EDGE('',*,*,#4074,.F.);
#5684=ORIENTED_EDGE('',*,*,#3412,.F.);
#5685=ORIENTED_EDGE('',*,*,#4075,.T.);
#5686=ORIENTED_EDGE('',*,*,#3894,.T.);
#5687=ORIENTED_EDGE('',*,*,#4075,.F.);
#5688=ORIENTED_EDGE('',*,*,#3411,.F.);
#5689=ORIENTED_EDGE('',*,*,#4076,.T.);
#5690=ORIENTED_EDGE('',*,*,#3895,.T.);
#5691=ORIENTED_EDGE('',*,*,#4076,.F.);
#5692=ORIENTED_EDGE('',*,*,#3410,.F.);
#5693=ORIENTED_EDGE('',*,*,#4077,.T.);
#5694=ORIENTED_EDGE('',*,*,#3896,.T.);
#5695=ORIENTED_EDGE('',*,*,#4077,.F.);
#5696=ORIENTED_EDGE('',*,*,#3409,.T.);
#5697=ORIENTED_EDGE('',*,*,#4078,.F.);
#5698=ORIENTED_EDGE('',*,*,#3897,.T.);
#5699=ORIENTED_EDGE('',*,*,#4078,.T.);
#5700=ORIENTED_EDGE('',*,*,#3408,.F.);
#5701=ORIENTED_EDGE('',*,*,#4079,.T.);
#5702=ORIENTED_EDGE('',*,*,#3898,.T.);
#5703=ORIENTED_EDGE('',*,*,#4079,.F.);
#5704=ORIENTED_EDGE('',*,*,#3407,.F.);
#5705=ORIENTED_EDGE('',*,*,#4080,.T.);
#5706=ORIENTED_EDGE('',*,*,#3899,.T.);
#5707=ORIENTED_EDGE('',*,*,#4080,.F.);
#5708=ORIENTED_EDGE('',*,*,#3406,.F.);
#5709=ORIENTED_EDGE('',*,*,#4081,.T.);
#5710=ORIENTED_EDGE('',*,*,#3900,.T.);
#5711=ORIENTED_EDGE('',*,*,#4081,.F.);
#5712=ORIENTED_EDGE('',*,*,#3405,.F.);
#5713=ORIENTED_EDGE('',*,*,#4082,.T.);
#5714=ORIENTED_EDGE('',*,*,#3901,.T.);
#5715=ORIENTED_EDGE('',*,*,#4082,.F.);
#5716=ORIENTED_EDGE('',*,*,#3404,.F.);
#5717=ORIENTED_EDGE('',*,*,#4083,.T.);
#5718=ORIENTED_EDGE('',*,*,#3902,.T.);
#5719=ORIENTED_EDGE('',*,*,#4083,.F.);
#5720=ORIENTED_EDGE('',*,*,#3403,.F.);
#5721=ORIENTED_EDGE('',*,*,#4084,.T.);
#5722=ORIENTED_EDGE('',*,*,#3903,.T.);
#5723=ORIENTED_EDGE('',*,*,#4084,.F.);
#5724=ORIENTED_EDGE('',*,*,#3402,.F.);
#5725=ORIENTED_EDGE('',*,*,#4085,.T.);
#5726=ORIENTED_EDGE('',*,*,#3904,.T.);
#5727=ORIENTED_EDGE('',*,*,#4085,.F.);
#5728=ORIENTED_EDGE('',*,*,#3401,.F.);
#5729=ORIENTED_EDGE('',*,*,#4086,.T.);
#5730=ORIENTED_EDGE('',*,*,#3905,.T.);
#5731=ORIENTED_EDGE('',*,*,#4086,.F.);
#5732=ORIENTED_EDGE('',*,*,#3400,.F.);
#5733=ORIENTED_EDGE('',*,*,#4087,.T.);
#5734=ORIENTED_EDGE('',*,*,#3906,.T.);
#5735=ORIENTED_EDGE('',*,*,#4087,.F.);
#5736=ORIENTED_EDGE('',*,*,#3399,.F.);
#5737=ORIENTED_EDGE('',*,*,#4088,.T.);
#5738=ORIENTED_EDGE('',*,*,#3907,.T.);
#5739=ORIENTED_EDGE('',*,*,#4088,.F.);
#5740=ORIENTED_EDGE('',*,*,#3398,.F.);
#5741=ORIENTED_EDGE('',*,*,#4089,.T.);
#5742=ORIENTED_EDGE('',*,*,#3908,.T.);
#5743=ORIENTED_EDGE('',*,*,#4089,.F.);
#5744=ORIENTED_EDGE('',*,*,#3397,.F.);
#5745=ORIENTED_EDGE('',*,*,#4090,.T.);
#5746=ORIENTED_EDGE('',*,*,#3909,.T.);
#5747=ORIENTED_EDGE('',*,*,#4090,.F.);
#5748=ORIENTED_EDGE('',*,*,#3396,.F.);
#5749=ORIENTED_EDGE('',*,*,#4091,.T.);
#5750=ORIENTED_EDGE('',*,*,#3910,.T.);
#5751=ORIENTED_EDGE('',*,*,#4091,.F.);
#5752=ORIENTED_EDGE('',*,*,#3395,.F.);
#5753=ORIENTED_EDGE('',*,*,#4092,.T.);
#5754=ORIENTED_EDGE('',*,*,#3911,.T.);
#5755=ORIENTED_EDGE('',*,*,#4092,.F.);
#5756=ORIENTED_EDGE('',*,*,#3394,.F.);
#5757=ORIENTED_EDGE('',*,*,#4093,.T.);
#5758=ORIENTED_EDGE('',*,*,#3912,.T.);
#5759=ORIENTED_EDGE('',*,*,#4093,.F.);
#5760=ORIENTED_EDGE('',*,*,#3393,.F.);
#5761=ORIENTED_EDGE('',*,*,#4094,.T.);
#5762=ORIENTED_EDGE('',*,*,#3913,.T.);
#5763=ORIENTED_EDGE('',*,*,#4094,.F.);
#5764=ORIENTED_EDGE('',*,*,#3392,.F.);
#5765=ORIENTED_EDGE('',*,*,#4095,.T.);
#5766=ORIENTED_EDGE('',*,*,#3914,.T.);
#5767=ORIENTED_EDGE('',*,*,#4095,.F.);
#5768=ORIENTED_EDGE('',*,*,#3391,.F.);
#5769=ORIENTED_EDGE('',*,*,#4096,.T.);
#5770=ORIENTED_EDGE('',*,*,#3915,.T.);
#5771=ORIENTED_EDGE('',*,*,#4096,.F.);
#5772=ORIENTED_EDGE('',*,*,#3390,.F.);
#5773=ORIENTED_EDGE('',*,*,#4097,.T.);
#5774=ORIENTED_EDGE('',*,*,#3916,.T.);
#5775=ORIENTED_EDGE('',*,*,#4097,.F.);
#5776=ORIENTED_EDGE('',*,*,#3389,.F.);
#5777=ORIENTED_EDGE('',*,*,#4098,.T.);
#5778=ORIENTED_EDGE('',*,*,#3917,.T.);
#5779=ORIENTED_EDGE('',*,*,#4098,.F.);
#5780=ORIENTED_EDGE('',*,*,#3388,.F.);
#5781=ORIENTED_EDGE('',*,*,#4099,.T.);
#5782=ORIENTED_EDGE('',*,*,#3918,.T.);
#5783=ORIENTED_EDGE('',*,*,#4099,.F.);
#5784=ORIENTED_EDGE('',*,*,#3387,.F.);
#5785=ORIENTED_EDGE('',*,*,#4100,.T.);
#5786=ORIENTED_EDGE('',*,*,#3919,.T.);
#5787=ORIENTED_EDGE('',*,*,#4100,.F.);
#5788=ORIENTED_EDGE('',*,*,#3386,.F.);
#5789=ORIENTED_EDGE('',*,*,#4101,.T.);
#5790=ORIENTED_EDGE('',*,*,#3920,.T.);
#5791=ORIENTED_EDGE('',*,*,#4101,.F.);
#5792=ORIENTED_EDGE('',*,*,#3385,.F.);
#5793=ORIENTED_EDGE('',*,*,#4102,.T.);
#5794=ORIENTED_EDGE('',*,*,#3921,.T.);
#5795=ORIENTED_EDGE('',*,*,#4102,.F.);
#5796=ORIENTED_EDGE('',*,*,#3384,.F.);
#5797=ORIENTED_EDGE('',*,*,#4103,.T.);
#5798=ORIENTED_EDGE('',*,*,#3922,.T.);
#5799=ORIENTED_EDGE('',*,*,#4103,.F.);
#5800=ORIENTED_EDGE('',*,*,#3383,.F.);
#5801=ORIENTED_EDGE('',*,*,#4104,.T.);
#5802=ORIENTED_EDGE('',*,*,#3923,.T.);
#5803=ORIENTED_EDGE('',*,*,#4104,.F.);
#5804=ORIENTED_EDGE('',*,*,#3382,.F.);
#5805=ORIENTED_EDGE('',*,*,#4105,.F.);
#5806=ORIENTED_EDGE('',*,*,#3924,.T.);
#5807=ORIENTED_EDGE('',*,*,#4105,.T.);
#5808=ORIENTED_EDGE('',*,*,#3381,.F.);
#5809=ORIENTED_EDGE('',*,*,#4106,.T.);
#5810=ORIENTED_EDGE('',*,*,#3925,.T.);
#5811=ORIENTED_EDGE('',*,*,#4106,.F.);
#5812=ORIENTED_EDGE('',*,*,#3380,.F.);
#5813=ORIENTED_EDGE('',*,*,#4107,.T.);
#5814=ORIENTED_EDGE('',*,*,#3926,.T.);
#5815=ORIENTED_EDGE('',*,*,#4107,.F.);
#5816=ORIENTED_EDGE('',*,*,#3379,.F.);
#5817=ORIENTED_EDGE('',*,*,#4108,.T.);
#5818=ORIENTED_EDGE('',*,*,#3927,.T.);
#5819=ORIENTED_EDGE('',*,*,#4108,.F.);
#5820=ORIENTED_EDGE('',*,*,#3378,.F.);
#5821=ORIENTED_EDGE('',*,*,#4109,.T.);
#5822=ORIENTED_EDGE('',*,*,#3928,.T.);
#5823=ORIENTED_EDGE('',*,*,#4109,.F.);
#5824=ORIENTED_EDGE('',*,*,#3377,.F.);
#5825=ORIENTED_EDGE('',*,*,#4110,.T.);
#5826=ORIENTED_EDGE('',*,*,#3929,.T.);
#5827=ORIENTED_EDGE('',*,*,#4110,.F.);
#5828=ORIENTED_EDGE('',*,*,#3376,.F.);
#5829=ORIENTED_EDGE('',*,*,#4111,.T.);
#5830=ORIENTED_EDGE('',*,*,#3930,.T.);
#5831=ORIENTED_EDGE('',*,*,#4111,.F.);
#5832=ORIENTED_EDGE('',*,*,#3375,.F.);
#5833=ORIENTED_EDGE('',*,*,#4112,.T.);
#5834=ORIENTED_EDGE('',*,*,#3931,.T.);
#5835=ORIENTED_EDGE('',*,*,#4112,.F.);
#5836=ORIENTED_EDGE('',*,*,#3374,.F.);
#5837=ORIENTED_EDGE('',*,*,#4113,.T.);
#5838=ORIENTED_EDGE('',*,*,#3932,.T.);
#5839=ORIENTED_EDGE('',*,*,#4113,.F.);
#5840=ORIENTED_EDGE('',*,*,#3373,.F.);
#5841=ORIENTED_EDGE('',*,*,#4114,.T.);
#5842=ORIENTED_EDGE('',*,*,#3933,.T.);
#5843=ORIENTED_EDGE('',*,*,#4114,.F.);
#5844=ORIENTED_EDGE('',*,*,#3372,.T.);
#5845=ORIENTED_EDGE('',*,*,#4115,.F.);
#5846=ORIENTED_EDGE('',*,*,#3934,.T.);
#5847=ORIENTED_EDGE('',*,*,#4115,.T.);
#5848=ORIENTED_EDGE('',*,*,#3371,.F.);
#5849=ORIENTED_EDGE('',*,*,#4116,.T.);
#5850=ORIENTED_EDGE('',*,*,#3935,.T.);
#5851=ORIENTED_EDGE('',*,*,#4116,.F.);
#5852=ORIENTED_EDGE('',*,*,#3370,.F.);
#5853=ORIENTED_EDGE('',*,*,#4117,.T.);
#5854=ORIENTED_EDGE('',*,*,#3936,.T.);
#5855=ORIENTED_EDGE('',*,*,#4117,.F.);
#5856=ORIENTED_EDGE('',*,*,#3369,.F.);
#5857=ORIENTED_EDGE('',*,*,#4118,.T.);
#5858=ORIENTED_EDGE('',*,*,#3937,.T.);
#5859=ORIENTED_EDGE('',*,*,#4118,.F.);
#5860=ORIENTED_EDGE('',*,*,#3368,.F.);
#5861=ORIENTED_EDGE('',*,*,#4119,.T.);
#5862=ORIENTED_EDGE('',*,*,#3938,.T.);
#5863=ORIENTED_EDGE('',*,*,#4119,.F.);
#5864=ORIENTED_EDGE('',*,*,#3367,.F.);
#5865=ORIENTED_EDGE('',*,*,#4120,.T.);
#5866=ORIENTED_EDGE('',*,*,#3939,.T.);
#5867=ORIENTED_EDGE('',*,*,#4120,.F.);
#5868=ORIENTED_EDGE('',*,*,#3366,.F.);
#5869=ORIENTED_EDGE('',*,*,#4121,.T.);
#5870=ORIENTED_EDGE('',*,*,#3940,.T.);
#5871=ORIENTED_EDGE('',*,*,#4121,.F.);
#5872=ORIENTED_EDGE('',*,*,#3365,.T.);
#5873=ORIENTED_EDGE('',*,*,#4122,.F.);
#5874=ORIENTED_EDGE('',*,*,#3941,.T.);
#5875=ORIENTED_EDGE('',*,*,#4122,.T.);
#5876=ORIENTED_EDGE('',*,*,#3364,.F.);
#5877=ORIENTED_EDGE('',*,*,#4123,.T.);
#5878=ORIENTED_EDGE('',*,*,#3942,.T.);
#5879=ORIENTED_EDGE('',*,*,#4123,.F.);
#5880=ORIENTED_EDGE('',*,*,#3363,.F.);
#5881=ORIENTED_EDGE('',*,*,#4124,.T.);
#5882=ORIENTED_EDGE('',*,*,#3943,.T.);
#5883=ORIENTED_EDGE('',*,*,#4124,.F.);
#5884=ORIENTED_EDGE('',*,*,#3362,.F.);
#5885=ORIENTED_EDGE('',*,*,#4125,.T.);
#5886=ORIENTED_EDGE('',*,*,#3944,.T.);
#5887=ORIENTED_EDGE('',*,*,#4125,.F.);
#5888=ORIENTED_EDGE('',*,*,#3361,.F.);
#5889=ORIENTED_EDGE('',*,*,#4126,.T.);
#5890=ORIENTED_EDGE('',*,*,#3945,.T.);
#5891=ORIENTED_EDGE('',*,*,#4126,.F.);
#5892=ORIENTED_EDGE('',*,*,#3360,.F.);
#5893=ORIENTED_EDGE('',*,*,#4127,.T.);
#5894=ORIENTED_EDGE('',*,*,#3946,.T.);
#5895=ORIENTED_EDGE('',*,*,#4127,.F.);
#5896=ORIENTED_EDGE('',*,*,#3359,.F.);
#5897=ORIENTED_EDGE('',*,*,#4128,.T.);
#5898=ORIENTED_EDGE('',*,*,#3947,.T.);
#5899=ORIENTED_EDGE('',*,*,#4128,.F.);
#5900=ORIENTED_EDGE('',*,*,#3358,.F.);
#5901=ORIENTED_EDGE('',*,*,#4129,.T.);
#5902=ORIENTED_EDGE('',*,*,#3948,.T.);
#5903=ORIENTED_EDGE('',*,*,#4129,.F.);
#5904=ORIENTED_EDGE('',*,*,#3357,.F.);
#5905=ORIENTED_EDGE('',*,*,#4130,.T.);
#5906=ORIENTED_EDGE('',*,*,#3949,.T.);
#5907=ORIENTED_EDGE('',*,*,#4130,.F.);
#5908=ORIENTED_EDGE('',*,*,#3356,.F.);
#5909=ORIENTED_EDGE('',*,*,#4131,.T.);
#5910=ORIENTED_EDGE('',*,*,#3950,.T.);
#5911=ORIENTED_EDGE('',*,*,#4131,.F.);
#5912=ORIENTED_EDGE('',*,*,#3355,.F.);
#5913=ORIENTED_EDGE('',*,*,#4132,.T.);
#5914=ORIENTED_EDGE('',*,*,#3951,.T.);
#5915=ORIENTED_EDGE('',*,*,#4132,.F.);
#5916=ORIENTED_EDGE('',*,*,#3354,.F.);
#5917=ORIENTED_EDGE('',*,*,#4133,.F.);
#5918=ORIENTED_EDGE('',*,*,#3952,.T.);
#5919=ORIENTED_EDGE('',*,*,#4133,.T.);
#5920=ORIENTED_EDGE('',*,*,#3353,.F.);
#5921=ORIENTED_EDGE('',*,*,#4134,.T.);
#5922=ORIENTED_EDGE('',*,*,#3953,.T.);
#5923=ORIENTED_EDGE('',*,*,#4134,.F.);
#5924=ORIENTED_EDGE('',*,*,#3352,.F.);
#5925=ORIENTED_EDGE('',*,*,#4135,.T.);
#5926=ORIENTED_EDGE('',*,*,#3954,.T.);
#5927=ORIENTED_EDGE('',*,*,#4135,.F.);
#5928=ORIENTED_EDGE('',*,*,#3351,.F.);
#5929=ORIENTED_EDGE('',*,*,#4136,.T.);
#5930=ORIENTED_EDGE('',*,*,#3955,.T.);
#5931=ORIENTED_EDGE('',*,*,#4136,.F.);
#5932=ORIENTED_EDGE('',*,*,#3350,.F.);
#5933=ORIENTED_EDGE('',*,*,#4137,.T.);
#5934=ORIENTED_EDGE('',*,*,#3956,.T.);
#5935=ORIENTED_EDGE('',*,*,#4137,.F.);
#5936=ORIENTED_EDGE('',*,*,#3349,.F.);
#5937=ORIENTED_EDGE('',*,*,#4138,.T.);
#5938=ORIENTED_EDGE('',*,*,#3957,.T.);
#5939=ORIENTED_EDGE('',*,*,#4138,.F.);
#5940=ORIENTED_EDGE('',*,*,#3348,.F.);
#5941=ORIENTED_EDGE('',*,*,#4139,.T.);
#5942=ORIENTED_EDGE('',*,*,#3958,.T.);
#5943=ORIENTED_EDGE('',*,*,#4139,.F.);
#5944=ORIENTED_EDGE('',*,*,#3347,.F.);
#5945=ORIENTED_EDGE('',*,*,#4140,.T.);
#5946=ORIENTED_EDGE('',*,*,#3959,.T.);
#5947=ORIENTED_EDGE('',*,*,#4140,.F.);
#5948=ORIENTED_EDGE('',*,*,#3346,.F.);
#5949=ORIENTED_EDGE('',*,*,#4141,.T.);
#5950=ORIENTED_EDGE('',*,*,#3960,.T.);
#5951=ORIENTED_EDGE('',*,*,#4141,.F.);
#5952=ORIENTED_EDGE('',*,*,#3345,.F.);
#5953=ORIENTED_EDGE('',*,*,#4142,.T.);
#5954=ORIENTED_EDGE('',*,*,#3961,.T.);
#5955=ORIENTED_EDGE('',*,*,#4142,.F.);
#5956=ORIENTED_EDGE('',*,*,#3344,.T.);
#5957=ORIENTED_EDGE('',*,*,#4143,.F.);
#5958=ORIENTED_EDGE('',*,*,#3962,.T.);
#5959=ORIENTED_EDGE('',*,*,#4143,.T.);
#5960=ORIENTED_EDGE('',*,*,#3343,.F.);
#5961=ORIENTED_EDGE('',*,*,#4144,.T.);
#5962=ORIENTED_EDGE('',*,*,#3963,.T.);
#5963=ORIENTED_EDGE('',*,*,#4144,.F.);
#5964=ORIENTED_EDGE('',*,*,#3342,.F.);
#5965=ORIENTED_EDGE('',*,*,#4145,.T.);
#5966=ORIENTED_EDGE('',*,*,#3964,.T.);
#5967=ORIENTED_EDGE('',*,*,#4145,.F.);
#5968=ORIENTED_EDGE('',*,*,#3341,.F.);
#5969=ORIENTED_EDGE('',*,*,#4146,.T.);
#5970=ORIENTED_EDGE('',*,*,#3965,.T.);
#5971=ORIENTED_EDGE('',*,*,#4146,.F.);
#5972=ORIENTED_EDGE('',*,*,#3340,.F.);
#5973=ORIENTED_EDGE('',*,*,#4147,.F.);
#5974=ORIENTED_EDGE('',*,*,#3966,.T.);
#5975=ORIENTED_EDGE('',*,*,#4147,.T.);
#5976=ORIENTED_EDGE('',*,*,#3339,.F.);
#5977=ORIENTED_EDGE('',*,*,#4148,.T.);
#5978=ORIENTED_EDGE('',*,*,#3967,.T.);
#5979=ORIENTED_EDGE('',*,*,#4148,.F.);
#5980=ORIENTED_EDGE('',*,*,#3338,.F.);
#5981=ORIENTED_EDGE('',*,*,#4149,.T.);
#5982=ORIENTED_EDGE('',*,*,#3968,.T.);
#5983=ORIENTED_EDGE('',*,*,#4149,.F.);
#5984=ORIENTED_EDGE('',*,*,#3337,.F.);
#5985=ORIENTED_EDGE('',*,*,#4150,.T.);
#5986=ORIENTED_EDGE('',*,*,#3969,.T.);
#5987=ORIENTED_EDGE('',*,*,#4150,.F.);
#5988=ORIENTED_EDGE('',*,*,#3336,.F.);
#5989=ORIENTED_EDGE('',*,*,#4151,.T.);
#5990=ORIENTED_EDGE('',*,*,#3970,.T.);
#5991=ORIENTED_EDGE('',*,*,#4151,.F.);
#5992=ORIENTED_EDGE('',*,*,#3335,.F.);
#5993=ORIENTED_EDGE('',*,*,#4152,.T.);
#5994=ORIENTED_EDGE('',*,*,#3971,.T.);
#5995=ORIENTED_EDGE('',*,*,#4152,.F.);
#5996=ORIENTED_EDGE('',*,*,#3334,.F.);
#5997=ORIENTED_EDGE('',*,*,#4153,.T.);
#5998=ORIENTED_EDGE('',*,*,#3972,.T.);
#5999=ORIENTED_EDGE('',*,*,#4153,.F.);
#6000=ORIENTED_EDGE('',*,*,#3333,.F.);
#6001=ORIENTED_EDGE('',*,*,#4154,.T.);
#6002=ORIENTED_EDGE('',*,*,#3973,.T.);
#6003=ORIENTED_EDGE('',*,*,#4154,.F.);
#6004=ORIENTED_EDGE('',*,*,#3332,.F.);
#6005=ORIENTED_EDGE('',*,*,#4155,.T.);
#6006=ORIENTED_EDGE('',*,*,#3974,.T.);
#6007=ORIENTED_EDGE('',*,*,#4155,.F.);
#6008=ORIENTED_EDGE('',*,*,#3331,.F.);
#6009=ORIENTED_EDGE('',*,*,#4156,.T.);
#6010=ORIENTED_EDGE('',*,*,#3975,.T.);
#6011=ORIENTED_EDGE('',*,*,#4156,.F.);
#6012=ORIENTED_EDGE('',*,*,#3330,.F.);
#6013=ORIENTED_EDGE('',*,*,#4157,.T.);
#6014=ORIENTED_EDGE('',*,*,#3976,.T.);
#6015=ORIENTED_EDGE('',*,*,#4157,.F.);
#6016=ORIENTED_EDGE('',*,*,#3329,.F.);
#6017=ORIENTED_EDGE('',*,*,#4158,.T.);
#6018=ORIENTED_EDGE('',*,*,#3977,.T.);
#6019=ORIENTED_EDGE('',*,*,#4158,.F.);
#6020=ORIENTED_EDGE('',*,*,#3328,.F.);
#6021=ORIENTED_EDGE('',*,*,#4159,.T.);
#6022=ORIENTED_EDGE('',*,*,#3978,.T.);
#6023=ORIENTED_EDGE('',*,*,#4159,.F.);
#6024=ORIENTED_EDGE('',*,*,#3327,.F.);
#6025=ORIENTED_EDGE('',*,*,#4160,.T.);
#6026=ORIENTED_EDGE('',*,*,#3979,.T.);
#6027=ORIENTED_EDGE('',*,*,#4160,.F.);
#6028=ORIENTED_EDGE('',*,*,#3326,.F.);
#6029=ORIENTED_EDGE('',*,*,#4161,.T.);
#6030=ORIENTED_EDGE('',*,*,#3980,.T.);
#6031=ORIENTED_EDGE('',*,*,#4161,.F.);
#6032=ORIENTED_EDGE('',*,*,#3325,.F.);
#6033=ORIENTED_EDGE('',*,*,#4162,.T.);
#6034=ORIENTED_EDGE('',*,*,#3981,.T.);
#6035=ORIENTED_EDGE('',*,*,#4162,.F.);
#6036=ORIENTED_EDGE('',*,*,#3324,.F.);
#6037=ORIENTED_EDGE('',*,*,#4163,.T.);
#6038=ORIENTED_EDGE('',*,*,#3982,.T.);
#6039=ORIENTED_EDGE('',*,*,#4163,.F.);
#6040=ORIENTED_EDGE('',*,*,#3323,.F.);
#6041=ORIENTED_EDGE('',*,*,#4164,.T.);
#6042=ORIENTED_EDGE('',*,*,#3983,.T.);
#6043=ORIENTED_EDGE('',*,*,#4164,.F.);
#6044=ORIENTED_EDGE('',*,*,#3322,.F.);
#6045=ORIENTED_EDGE('',*,*,#4165,.T.);
#6046=ORIENTED_EDGE('',*,*,#3984,.T.);
#6047=ORIENTED_EDGE('',*,*,#4165,.F.);
#6048=ORIENTED_EDGE('',*,*,#3321,.T.);
#6049=ORIENTED_EDGE('',*,*,#4166,.F.);
#6050=ORIENTED_EDGE('',*,*,#3985,.T.);
#6051=ORIENTED_EDGE('',*,*,#4166,.T.);
#6052=ORIENTED_EDGE('',*,*,#3320,.F.);
#6053=ORIENTED_EDGE('',*,*,#4167,.T.);
#6054=ORIENTED_EDGE('',*,*,#3986,.T.);
#6055=ORIENTED_EDGE('',*,*,#4167,.F.);
#6056=ORIENTED_EDGE('',*,*,#3319,.F.);
#6057=ORIENTED_EDGE('',*,*,#4168,.T.);
#6058=ORIENTED_EDGE('',*,*,#3987,.T.);
#6059=ORIENTED_EDGE('',*,*,#4168,.F.);
#6060=ORIENTED_EDGE('',*,*,#3318,.F.);
#6061=ORIENTED_EDGE('',*,*,#4169,.T.);
#6062=ORIENTED_EDGE('',*,*,#3988,.T.);
#6063=ORIENTED_EDGE('',*,*,#4169,.F.);
#6064=ORIENTED_EDGE('',*,*,#3317,.F.);
#6065=ORIENTED_EDGE('',*,*,#4170,.F.);
#6066=ORIENTED_EDGE('',*,*,#3989,.T.);
#6067=ORIENTED_EDGE('',*,*,#4170,.T.);
#6068=ORIENTED_EDGE('',*,*,#3316,.F.);
#6069=ORIENTED_EDGE('',*,*,#4171,.T.);
#6070=ORIENTED_EDGE('',*,*,#3990,.T.);
#6071=ORIENTED_EDGE('',*,*,#4171,.F.);
#6072=ORIENTED_EDGE('',*,*,#3315,.F.);
#6073=ORIENTED_EDGE('',*,*,#4172,.T.);
#6074=ORIENTED_EDGE('',*,*,#3991,.T.);
#6075=ORIENTED_EDGE('',*,*,#4172,.F.);
#6076=ORIENTED_EDGE('',*,*,#3314,.F.);
#6077=ORIENTED_EDGE('',*,*,#4173,.T.);
#6078=ORIENTED_EDGE('',*,*,#3992,.T.);
#6079=ORIENTED_EDGE('',*,*,#4173,.F.);
#6080=ORIENTED_EDGE('',*,*,#3313,.F.);
#6081=ORIENTED_EDGE('',*,*,#4174,.T.);
#6082=ORIENTED_EDGE('',*,*,#3993,.T.);
#6083=ORIENTED_EDGE('',*,*,#4174,.F.);
#6084=ORIENTED_EDGE('',*,*,#3312,.F.);
#6085=ORIENTED_EDGE('',*,*,#4175,.T.);
#6086=ORIENTED_EDGE('',*,*,#3994,.T.);
#6087=ORIENTED_EDGE('',*,*,#4175,.F.);
#6088=ORIENTED_EDGE('',*,*,#3311,.F.);
#6089=ORIENTED_EDGE('',*,*,#4176,.T.);
#6090=ORIENTED_EDGE('',*,*,#3995,.T.);
#6091=ORIENTED_EDGE('',*,*,#4176,.F.);
#6092=ORIENTED_EDGE('',*,*,#3310,.F.);
#6093=ORIENTED_EDGE('',*,*,#4177,.T.);
#6094=ORIENTED_EDGE('',*,*,#3996,.T.);
#6095=ORIENTED_EDGE('',*,*,#4177,.F.);
#6096=ORIENTED_EDGE('',*,*,#3309,.F.);
#6097=ORIENTED_EDGE('',*,*,#4178,.T.);
#6098=ORIENTED_EDGE('',*,*,#3997,.T.);
#6099=ORIENTED_EDGE('',*,*,#4178,.F.);
#6100=ORIENTED_EDGE('',*,*,#3308,.F.);
#6101=ORIENTED_EDGE('',*,*,#4179,.T.);
#6102=ORIENTED_EDGE('',*,*,#3998,.T.);
#6103=ORIENTED_EDGE('',*,*,#4179,.F.);
#6104=ORIENTED_EDGE('',*,*,#3307,.F.);
#6105=ORIENTED_EDGE('',*,*,#4180,.T.);
#6106=ORIENTED_EDGE('',*,*,#3999,.T.);
#6107=ORIENTED_EDGE('',*,*,#4180,.F.);
#6108=ORIENTED_EDGE('',*,*,#3306,.F.);
#6109=ORIENTED_EDGE('',*,*,#4181,.F.);
#6110=ORIENTED_EDGE('',*,*,#4000,.T.);
#6111=ORIENTED_EDGE('',*,*,#4181,.T.);
#6112=ORIENTED_EDGE('',*,*,#3305,.F.);
#6113=ORIENTED_EDGE('',*,*,#4182,.T.);
#6114=ORIENTED_EDGE('',*,*,#4001,.T.);
#6115=ORIENTED_EDGE('',*,*,#4182,.F.);
#6116=ORIENTED_EDGE('',*,*,#3304,.F.);
#6117=ORIENTED_EDGE('',*,*,#4183,.T.);
#6118=ORIENTED_EDGE('',*,*,#4002,.T.);
#6119=ORIENTED_EDGE('',*,*,#4183,.F.);
#6120=ORIENTED_EDGE('',*,*,#3303,.F.);
#6121=ORIENTED_EDGE('',*,*,#4184,.T.);
#6122=ORIENTED_EDGE('',*,*,#4003,.T.);
#6123=ORIENTED_EDGE('',*,*,#4184,.F.);
#6124=ORIENTED_EDGE('',*,*,#3302,.F.);
#6125=ORIENTED_EDGE('',*,*,#4185,.T.);
#6126=ORIENTED_EDGE('',*,*,#4004,.T.);
#6127=ORIENTED_EDGE('',*,*,#4185,.F.);
#6128=ORIENTED_EDGE('',*,*,#3301,.F.);
#6129=ORIENTED_EDGE('',*,*,#4186,.T.);
#6130=ORIENTED_EDGE('',*,*,#4005,.T.);
#6131=ORIENTED_EDGE('',*,*,#4186,.F.);
#6132=ORIENTED_EDGE('',*,*,#3300,.F.);
#6133=ORIENTED_EDGE('',*,*,#4187,.T.);
#6134=ORIENTED_EDGE('',*,*,#4006,.T.);
#6135=ORIENTED_EDGE('',*,*,#4187,.F.);
#6136=ORIENTED_EDGE('',*,*,#3299,.F.);
#6137=ORIENTED_EDGE('',*,*,#4188,.T.);
#6138=ORIENTED_EDGE('',*,*,#4007,.T.);
#6139=ORIENTED_EDGE('',*,*,#4188,.F.);
#6140=ORIENTED_EDGE('',*,*,#3298,.F.);
#6141=ORIENTED_EDGE('',*,*,#4189,.T.);
#6142=ORIENTED_EDGE('',*,*,#4008,.T.);
#6143=ORIENTED_EDGE('',*,*,#4189,.F.);
#6144=ORIENTED_EDGE('',*,*,#3297,.F.);
#6145=ORIENTED_EDGE('',*,*,#4190,.T.);
#6146=ORIENTED_EDGE('',*,*,#4009,.T.);
#6147=ORIENTED_EDGE('',*,*,#4190,.F.);
#6148=ORIENTED_EDGE('',*,*,#3296,.F.);
#6149=ORIENTED_EDGE('',*,*,#4191,.F.);
#6150=ORIENTED_EDGE('',*,*,#4010,.T.);
#6151=ORIENTED_EDGE('',*,*,#4191,.T.);
#6152=ORIENTED_EDGE('',*,*,#3295,.F.);
#6153=ORIENTED_EDGE('',*,*,#4192,.T.);
#6154=ORIENTED_EDGE('',*,*,#4011,.T.);
#6155=ORIENTED_EDGE('',*,*,#4192,.F.);
#6156=ORIENTED_EDGE('',*,*,#3294,.F.);
#6157=ORIENTED_EDGE('',*,*,#4193,.T.);
#6158=ORIENTED_EDGE('',*,*,#3840,.T.);
#6159=ORIENTED_EDGE('',*,*,#4193,.F.);
#6160=ORIENTED_EDGE('',*,*,#3293,.F.);
#6161=ORIENTED_EDGE('',*,*,#4022,.F.);
#6162=TOROIDAL_SURFACE('',#6553,1.75,0.2);
#6163=TOROIDAL_SURFACE('',#6582,1.75,0.2);
#6164=TOROIDAL_SURFACE('',#6587,1.75000000000001,0.2);
#6165=TOROIDAL_SURFACE('',#6592,1.75000000000001,0.2);
#6166=TOROIDAL_SURFACE('',#6597,1.75000000000001,0.2);
#6167=TOROIDAL_SURFACE('',#6602,1.75000000000001,0.2);
#6168=TOROIDAL_SURFACE('',#6607,1.74999999999999,0.2);
#6169=TOROIDAL_SURFACE('',#6612,1.75,0.2);
#6170=TOROIDAL_SURFACE('',#6640,0.300000000000025,0.2);
#6171=TOROIDAL_SURFACE('',#6646,0.300000000000025,0.2);
#6172=TOROIDAL_SURFACE('',#6651,0.300000000000025,0.2);
#6173=TOROIDAL_SURFACE('',#6656,0.300000000000025,0.2);
#6174=TOROIDAL_SURFACE('',#6660,0.300000000000007,0.2);
#6175=TOROIDAL_SURFACE('',#6667,0.299999999999972,0.2);
#6176=TOROIDAL_SURFACE('',#6687,0.299999999999998,0.2);
#6177=TOROIDAL_SURFACE('',#6692,0.300000000000011,0.2);
#6178=ADVANCED_FACE('',(#1721),#6162,.T.);
#6179=ADVANCED_FACE('',(#1722,#275,#276,#277,#278,#279,#280,#281,#282,#283,
#284),#1629,.F.);
#6180=ADVANCED_FACE('',(#1723),#238,.F.);
#6181=ADVANCED_FACE('',(#1724),#6163,.T.);
#6182=ADVANCED_FACE('',(#1725),#239,.F.);
#6183=ADVANCED_FACE('',(#1726),#6164,.T.);
#6184=ADVANCED_FACE('',(#1727),#240,.F.);
#6185=ADVANCED_FACE('',(#1728),#6165,.T.);
#6186=ADVANCED_FACE('',(#1729),#241,.F.);
#6187=ADVANCED_FACE('',(#1730),#6166,.T.);
#6188=ADVANCED_FACE('',(#1731),#242,.F.);
#6189=ADVANCED_FACE('',(#1732),#6167,.T.);
#6190=ADVANCED_FACE('',(#1733),#243,.F.);
#6191=ADVANCED_FACE('',(#1734),#6168,.T.);
#6192=ADVANCED_FACE('',(#1735),#244,.F.);
#6193=ADVANCED_FACE('',(#1736),#6169,.T.);
#6194=ADVANCED_FACE('',(#1737),#245,.F.);
#6195=ADVANCED_FACE('',(#1738),#1630,.T.);
#6196=ADVANCED_FACE('',(#1739),#1631,.T.);
#6197=ADVANCED_FACE('',(#1740),#1632,.T.);
#6198=ADVANCED_FACE('',(#1741),#1633,.T.);
#6199=ADVANCED_FACE('',(#1742),#1634,.T.);
#6200=ADVANCED_FACE('',(#1743),#1635,.T.);
#6201=ADVANCED_FACE('',(#1744),#1636,.T.);
#6202=ADVANCED_FACE('',(#1745),#1637,.T.);
#6203=ADVANCED_FACE('',(#1746,#285,#286,#287,#288,#289),#1638,.F.);
#6204=ADVANCED_FACE('',(#1747),#1639,.T.);
#6205=ADVANCED_FACE('',(#1748),#6170,.T.);
#6206=ADVANCED_FACE('',(#1749),#246,.T.);
#6207=ADVANCED_FACE('',(#1750),#6171,.T.);
#6208=ADVANCED_FACE('',(#1751),#247,.T.);
#6209=ADVANCED_FACE('',(#1752),#6172,.T.);
#6210=ADVANCED_FACE('',(#1753),#248,.T.);
#6211=ADVANCED_FACE('',(#1754),#6173,.T.);
#6212=ADVANCED_FACE('',(#1755),#249,.T.);
#6213=ADVANCED_FACE('',(#1756),#6174,.T.);
#6214=ADVANCED_FACE('',(#1757),#250,.T.);
#6215=ADVANCED_FACE('',(#1758),#6175,.T.);
#6216=ADVANCED_FACE('',(#1759),#1640,.T.);
#6217=ADVANCED_FACE('',(#1760),#251,.T.);
#6218=ADVANCED_FACE('',(#1761),#252,.T.);
#6219=ADVANCED_FACE('',(#1762),#1641,.T.);
#6220=ADVANCED_FACE('',(#1763),#1642,.F.);
#6221=ADVANCED_FACE('',(#1764),#253,.T.);
#6222=ADVANCED_FACE('',(#1765),#6176,.T.);
#6223=ADVANCED_FACE('',(#1766),#254,.T.);
#6224=ADVANCED_FACE('',(#1767),#6177,.T.);
#6225=ADVANCED_FACE('',(#1768),#255,.T.);
#6226=ADVANCED_FACE('',(#1769),#1643,.F.);
#6227=ADVANCED_FACE('',(#1770),#1644,.F.);
#6228=ADVANCED_FACE('',(#1771),#1645,.F.);
#6229=ADVANCED_FACE('',(#1772),#1646,.F.);
#6230=ADVANCED_FACE('',(#1773),#1647,.F.);
#6231=ADVANCED_FACE('',(#1774),#1648,.F.);
#6232=ADVANCED_FACE('',(#1775),#1649,.T.);
#6233=ADVANCED_FACE('',(#1776),#1650,.T.);
#6234=ADVANCED_FACE('',(#1777),#256,.T.);
#6235=ADVANCED_FACE('',(#1778),#1651,.T.);
#6236=ADVANCED_FACE('',(#1779),#257,.T.);
#6237=ADVANCED_FACE('',(#1780),#1652,.T.);
#6238=ADVANCED_FACE('',(#1781),#258,.T.);
#6239=ADVANCED_FACE('',(#1782),#1653,.T.);
#6240=ADVANCED_FACE('',(#1783),#259,.T.);
#6241=ADVANCED_FACE('',(#1784),#1654,.T.);
#6242=ADVANCED_FACE('',(#1785),#260,.F.);
#6243=ADVANCED_FACE('',(#1786),#1655,.T.);
#6244=ADVANCED_FACE('',(#1787),#261,.F.);
#6245=ADVANCED_FACE('',(#1788),#1656,.T.);
#6246=ADVANCED_FACE('',(#1789),#262,.T.);
#6247=ADVANCED_FACE('',(#1790),#1657,.T.);
#6248=ADVANCED_FACE('',(#1791),#263,.T.);
#6249=ADVANCED_FACE('',(#1792),#1658,.T.);
#6250=ADVANCED_FACE('',(#1793),#1659,.T.);
#6251=ADVANCED_FACE('',(#1794),#264,.F.);
#6252=ADVANCED_FACE('',(#1795),#1660,.T.);
#6253=ADVANCED_FACE('',(#1796),#265,.F.);
#6254=ADVANCED_FACE('',(#1797),#1661,.T.);
#6255=ADVANCED_FACE('',(#1798),#1662,.T.);
#6256=ADVANCED_FACE('',(#1799),#266,.T.);
#6257=ADVANCED_FACE('',(#1800),#1663,.T.);
#6258=ADVANCED_FACE('',(#1801),#267,.T.);
#6259=ADVANCED_FACE('',(#1802),#1664,.T.);
#6260=ADVANCED_FACE('',(#1803),#1665,.T.);
#6261=ADVANCED_FACE('',(#1804),#1666,.T.);
#6262=ADVANCED_FACE('',(#1805),#19,.F.);
#6263=ADVANCED_FACE('',(#1806),#20,.F.);
#6264=ADVANCED_FACE('',(#1807),#21,.F.);
#6265=ADVANCED_FACE('',(#1808),#22,.F.);
#6266=ADVANCED_FACE('',(#1809),#23,.F.);
#6267=ADVANCED_FACE('',(#1810),#24,.F.);
#6268=ADVANCED_FACE('',(#1811),#25,.F.);
#6269=ADVANCED_FACE('',(#1812),#26,.F.);
#6270=ADVANCED_FACE('',(#1813),#27,.F.);
#6271=ADVANCED_FACE('',(#1814),#28,.F.);
#6272=ADVANCED_FACE('',(#1815),#29,.F.);
#6273=ADVANCED_FACE('',(#1816),#30,.F.);
#6274=ADVANCED_FACE('',(#1817),#31,.F.);
#6275=ADVANCED_FACE('',(#1818),#32,.F.);
#6276=ADVANCED_FACE('',(#1819),#33,.F.);
#6277=ADVANCED_FACE('',(#1820),#34,.F.);
#6278=ADVANCED_FACE('',(#1821),#35,.F.);
#6279=ADVANCED_FACE('',(#1822),#1667,.F.);
#6280=ADVANCED_FACE('',(#1823),#1668,.F.);
#6281=ADVANCED_FACE('',(#1824),#1669,.F.);
#6282=ADVANCED_FACE('',(#1825),#36,.F.);
#6283=ADVANCED_FACE('',(#1826),#37,.F.);
#6284=ADVANCED_FACE('',(#1827),#38,.F.);
#6285=ADVANCED_FACE('',(#1828),#39,.F.);
#6286=ADVANCED_FACE('',(#1829),#40,.F.);
#6287=ADVANCED_FACE('',(#1830),#41,.F.);
#6288=ADVANCED_FACE('',(#1831),#1670,.F.);
#6289=ADVANCED_FACE('',(#1832),#1671,.F.);
#6290=ADVANCED_FACE('',(#1833),#1672,.F.);
#6291=ADVANCED_FACE('',(#1834),#1673,.F.);
#6292=ADVANCED_FACE('',(#1835),#42,.F.);
#6293=ADVANCED_FACE('',(#1836),#43,.F.);
#6294=ADVANCED_FACE('',(#1837),#44,.F.);
#6295=ADVANCED_FACE('',(#1838),#45,.F.);
#6296=ADVANCED_FACE('',(#1839),#46,.F.);
#6297=ADVANCED_FACE('',(#1840),#47,.F.);
#6298=ADVANCED_FACE('',(#1841),#48,.F.);
#6299=ADVANCED_FACE('',(#1842),#49,.F.);
#6300=ADVANCED_FACE('',(#1843),#50,.F.);
#6301=ADVANCED_FACE('',(#1844),#51,.F.);
#6302=ADVANCED_FACE('',(#1845),#52,.F.);
#6303=ADVANCED_FACE('',(#1846),#53,.F.);
#6304=ADVANCED_FACE('',(#1847),#54,.F.);
#6305=ADVANCED_FACE('',(#1848),#1674,.F.);
#6306=ADVANCED_FACE('',(#1849),#1675,.F.);
#6307=ADVANCED_FACE('',(#1850),#55,.F.);
#6308=ADVANCED_FACE('',(#1851),#56,.F.);
#6309=ADVANCED_FACE('',(#1852),#57,.F.);
#6310=ADVANCED_FACE('',(#1853),#58,.F.);
#6311=ADVANCED_FACE('',(#1854),#1676,.F.);
#6312=ADVANCED_FACE('',(#1855),#1677,.F.);
#6313=ADVANCED_FACE('',(#1856),#59,.F.);
#6314=ADVANCED_FACE('',(#1857),#1678,.F.);
#6315=ADVANCED_FACE('',(#1858),#1679,.F.);
#6316=ADVANCED_FACE('',(#1859),#60,.F.);
#6317=ADVANCED_FACE('',(#1860),#61,.F.);
#6318=ADVANCED_FACE('',(#1861),#62,.F.);
#6319=ADVANCED_FACE('',(#1862),#63,.F.);
#6320=ADVANCED_FACE('',(#1863),#64,.F.);
#6321=ADVANCED_FACE('',(#1864),#65,.F.);
#6322=ADVANCED_FACE('',(#1865),#66,.F.);
#6323=ADVANCED_FACE('',(#1866),#67,.F.);
#6324=ADVANCED_FACE('',(#1867),#68,.F.);
#6325=ADVANCED_FACE('',(#1868),#69,.F.);
#6326=ADVANCED_FACE('',(#1869),#70,.F.);
#6327=ADVANCED_FACE('',(#1870),#71,.F.);
#6328=ADVANCED_FACE('',(#1871),#72,.F.);
#6329=ADVANCED_FACE('',(#1872),#73,.F.);
#6330=ADVANCED_FACE('',(#1873),#1680,.F.);
#6331=ADVANCED_FACE('',(#1874),#1681,.F.);
#6332=ADVANCED_FACE('',(#1875),#74,.F.);
#6333=ADVANCED_FACE('',(#1876),#75,.F.);
#6334=ADVANCED_FACE('',(#1877),#76,.F.);
#6335=ADVANCED_FACE('',(#1878),#77,.F.);
#6336=ADVANCED_FACE('',(#1879),#78,.F.);
#6337=ADVANCED_FACE('',(#1880),#79,.F.);
#6338=ADVANCED_FACE('',(#1881),#80,.F.);
#6339=ADVANCED_FACE('',(#1882),#81,.F.);
#6340=ADVANCED_FACE('',(#1883),#82,.F.);
#6341=ADVANCED_FACE('',(#1884),#83,.F.);
#6342=ADVANCED_FACE('',(#1885),#84,.F.);
#6343=ADVANCED_FACE('',(#1886),#85,.F.);
#6344=ADVANCED_FACE('',(#1887),#268,.F.);
#6345=ADVANCED_FACE('',(#1888),#269,.F.);
#6346=ADVANCED_FACE('',(#1889),#1682,.T.);
#6347=ADVANCED_FACE('',(#1890),#86,.T.);
#6348=ADVANCED_FACE('',(#1891),#87,.T.);
#6349=ADVANCED_FACE('',(#1892),#88,.T.);
#6350=ADVANCED_FACE('',(#1893),#1683,.T.);
#6351=ADVANCED_FACE('',(#1894),#270,.T.);
#6352=ADVANCED_FACE('',(#1895),#1684,.T.);
#6353=ADVANCED_FACE('',(#1896),#271,.T.);
#6354=ADVANCED_FACE('',(#1897),#272,.F.);
#6355=ADVANCED_FACE('',(#1898),#273,.F.);
#6356=ADVANCED_FACE('',(#1899,#290,#291,#292,#293,#294,#295),#1685,.T.);
#6357=ADVANCED_FACE('',(#1900),#15,.F.);
#6358=ADVANCED_FACE('',(#1901),#16,.F.);
#6359=ADVANCED_FACE('',(#1902),#89,.F.);
#6360=ADVANCED_FACE('',(#1903),#90,.F.);
#6361=ADVANCED_FACE('',(#1904),#1686,.T.);
#6362=ADVANCED_FACE('',(#1905),#91,.F.);
#6363=ADVANCED_FACE('',(#1906),#92,.F.);
#6364=ADVANCED_FACE('',(#1907),#274,.T.);
#6365=ADVANCED_FACE('',(#1908),#17,.F.);
#6366=ADVANCED_FACE('',(#1909),#18,.F.);
#6367=ADVANCED_FACE('',(#1910),#93,.F.);
#6368=ADVANCED_FACE('',(#1911),#1687,.F.);
#6369=ADVANCED_FACE('',(#1912),#1688,.F.);
#6370=ADVANCED_FACE('',(#1913),#94,.F.);
#6371=ADVANCED_FACE('',(#1914),#95,.F.);
#6372=ADVANCED_FACE('',(#1915),#1689,.T.);
#6373=ADVANCED_FACE('',(#1916),#96,.F.);
#6374=ADVANCED_FACE('',(#1917),#97,.F.);
#6375=ADVANCED_FACE('',(#1918),#1690,.F.);
#6376=ADVANCED_FACE('',(#1919),#1691,.F.);
#6377=ADVANCED_FACE('',(#1920),#98,.F.);
#6378=ADVANCED_FACE('',(#1921),#99,.F.);
#6379=ADVANCED_FACE('',(#1922),#1692,.F.);
#6380=ADVANCED_FACE('',(#1923),#1693,.F.);
#6381=ADVANCED_FACE('',(#1924),#1694,.T.);
#6382=ADVANCED_FACE('',(#1925),#100,.F.);
#6383=ADVANCED_FACE('',(#1926),#101,.F.);
#6384=ADVANCED_FACE('',(#1927),#102,.F.);
#6385=ADVANCED_FACE('',(#1928),#103,.F.);
#6386=ADVANCED_FACE('',(#1929),#104,.F.);
#6387=ADVANCED_FACE('',(#1930),#105,.F.);
#6388=ADVANCED_FACE('',(#1931),#106,.F.);
#6389=ADVANCED_FACE('',(#1932),#107,.F.);
#6390=ADVANCED_FACE('',(#1933),#108,.F.);
#6391=ADVANCED_FACE('',(#1934),#109,.F.);
#6392=ADVANCED_FACE('',(#1935),#110,.F.);
#6393=ADVANCED_FACE('',(#1936),#111,.F.);
#6394=ADVANCED_FACE('',(#1937),#112,.F.);
#6395=ADVANCED_FACE('',(#1938),#113,.F.);
#6396=ADVANCED_FACE('',(#1939),#114,.F.);
#6397=ADVANCED_FACE('',(#1940),#115,.F.);
#6398=ADVANCED_FACE('',(#1941),#116,.F.);
#6399=ADVANCED_FACE('',(#1942),#117,.F.);
#6400=ADVANCED_FACE('',(#1943),#118,.F.);
#6401=ADVANCED_FACE('',(#1944),#119,.F.);
#6402=ADVANCED_FACE('',(#1945),#120,.F.);
#6403=ADVANCED_FACE('',(#1946),#121,.F.);
#6404=ADVANCED_FACE('',(#1947),#122,.F.);
#6405=ADVANCED_FACE('',(#1948),#123,.F.);
#6406=ADVANCED_FACE('',(#1949),#124,.F.);
#6407=ADVANCED_FACE('',(#1950),#125,.F.);
#6408=ADVANCED_FACE('',(#1951),#126,.F.);
#6409=ADVANCED_FACE('',(#1952),#127,.F.);
#6410=ADVANCED_FACE('',(#1953),#128,.F.);
#6411=ADVANCED_FACE('',(#1954),#129,.F.);
#6412=ADVANCED_FACE('',(#1955),#1695,.T.);
#6413=ADVANCED_FACE('',(#1956),#130,.F.);
#6414=ADVANCED_FACE('',(#1957),#131,.F.);
#6415=ADVANCED_FACE('',(#1958),#132,.F.);
#6416=ADVANCED_FACE('',(#1959),#133,.F.);
#6417=ADVANCED_FACE('',(#1960),#134,.F.);
#6418=ADVANCED_FACE('',(#1961),#135,.F.);
#6419=ADVANCED_FACE('',(#1962),#136,.F.);
#6420=ADVANCED_FACE('',(#1963),#137,.F.);
#6421=ADVANCED_FACE('',(#1964),#138,.F.);
#6422=ADVANCED_FACE('',(#1965),#1696,.T.);
#6423=ADVANCED_FACE('',(#1966),#139,.F.);
#6424=ADVANCED_FACE('',(#1967),#140,.F.);
#6425=ADVANCED_FACE('',(#1968),#1697,.F.);
#6426=ADVANCED_FACE('',(#1969),#1698,.F.);
#6427=ADVANCED_FACE('',(#1970),#141,.F.);
#6428=ADVANCED_FACE('',(#1971),#142,.F.);
#6429=ADVANCED_FACE('',(#1972),#143,.F.);
#6430=ADVANCED_FACE('',(#1973),#144,.F.);
#6431=ADVANCED_FACE('',(#1974),#145,.F.);
#6432=ADVANCED_FACE('',(#1975),#146,.F.);
#6433=ADVANCED_FACE('',(#1976),#147,.F.);
#6434=ADVANCED_FACE('',(#1977),#148,.F.);
#6435=ADVANCED_FACE('',(#1978),#149,.F.);
#6436=ADVANCED_FACE('',(#1979),#150,.F.);
#6437=ADVANCED_FACE('',(#1980),#151,.F.);
#6438=ADVANCED_FACE('',(#1981),#152,.F.);
#6439=ADVANCED_FACE('',(#1982),#1699,.F.);
#6440=ADVANCED_FACE('',(#1983),#1700,.F.);
#6441=ADVANCED_FACE('',(#1984),#153,.F.);
#6442=ADVANCED_FACE('',(#1985),#154,.F.);
#6443=ADVANCED_FACE('',(#1986),#155,.F.);
#6444=ADVANCED_FACE('',(#1987),#156,.F.);
#6445=ADVANCED_FACE('',(#1988),#157,.F.);
#6446=ADVANCED_FACE('',(#1989),#158,.F.);
#6447=ADVANCED_FACE('',(#1990),#159,.F.);
#6448=ADVANCED_FACE('',(#1991),#160,.F.);
#6449=ADVANCED_FACE('',(#1992),#1701,.T.);
#6450=ADVANCED_FACE('',(#1993),#161,.F.);
#6451=ADVANCED_FACE('',(#1994),#162,.F.);
#6452=ADVANCED_FACE('',(#1995),#163,.F.);
#6453=ADVANCED_FACE('',(#1996),#164,.F.);
#6454=ADVANCED_FACE('',(#1997),#165,.F.);
#6455=ADVANCED_FACE('',(#1998),#166,.F.);
#6456=ADVANCED_FACE('',(#1999),#167,.F.);
#6457=ADVANCED_FACE('',(#2000),#168,.F.);
#6458=ADVANCED_FACE('',(#2001),#169,.F.);
#6459=ADVANCED_FACE('',(#2002),#1702,.T.);
#6460=ADVANCED_FACE('',(#2003),#170,.F.);
#6461=ADVANCED_FACE('',(#2004),#171,.F.);
#6462=ADVANCED_FACE('',(#2005),#172,.F.);
#6463=ADVANCED_FACE('',(#2006),#1703,.F.);
#6464=ADVANCED_FACE('',(#2007),#1704,.F.);
#6465=ADVANCED_FACE('',(#2008),#173,.F.);
#6466=ADVANCED_FACE('',(#2009),#1705,.T.);
#6467=ADVANCED_FACE('',(#2010),#174,.F.);
#6468=ADVANCED_FACE('',(#2011),#1706,.F.);
#6469=ADVANCED_FACE('',(#2012),#1707,.F.);
#6470=ADVANCED_FACE('',(#2013),#175,.F.);
#6471=ADVANCED_FACE('',(#2014),#176,.F.);
#6472=ADVANCED_FACE('',(#2015),#1708,.F.);
#6473=ADVANCED_FACE('',(#2016),#1709,.F.);
#6474=ADVANCED_FACE('',(#2017),#177,.F.);
#6475=ADVANCED_FACE('',(#2018),#178,.F.);
#6476=ADVANCED_FACE('',(#2019),#1710,.F.);
#6477=ADVANCED_FACE('',(#2020),#1711,.T.);
#6478=ADVANCED_FACE('',(#2021),#179,.F.);
#6479=ADVANCED_FACE('',(#2022),#180,.F.);
#6480=ADVANCED_FACE('',(#2023),#181,.F.);
#6481=ADVANCED_FACE('',(#2024),#182,.F.);
#6482=ADVANCED_FACE('',(#2025),#183,.F.);
#6483=ADVANCED_FACE('',(#2026),#184,.F.);
#6484=ADVANCED_FACE('',(#2027),#185,.F.);
#6485=ADVANCED_FACE('',(#2028),#186,.F.);
#6486=ADVANCED_FACE('',(#2029),#187,.F.);
#6487=ADVANCED_FACE('',(#2030),#1712,.T.);
#6488=ADVANCED_FACE('',(#2031),#188,.F.);
#6489=ADVANCED_FACE('',(#2032),#189,.F.);
#6490=ADVANCED_FACE('',(#2033),#190,.F.);
#6491=ADVANCED_FACE('',(#2034),#1713,.T.);
#6492=ADVANCED_FACE('',(#2035),#191,.F.);
#6493=ADVANCED_FACE('',(#2036),#192,.F.);
#6494=ADVANCED_FACE('',(#2037),#193,.F.);
#6495=ADVANCED_FACE('',(#2038),#194,.F.);
#6496=ADVANCED_FACE('',(#2039),#195,.F.);
#6497=ADVANCED_FACE('',(#2040),#196,.F.);
#6498=ADVANCED_FACE('',(#2041),#197,.F.);
#6499=ADVANCED_FACE('',(#2042),#198,.F.);
#6500=ADVANCED_FACE('',(#2043),#199,.F.);
#6501=ADVANCED_FACE('',(#2044),#200,.F.);
#6502=ADVANCED_FACE('',(#2045),#201,.F.);
#6503=ADVANCED_FACE('',(#2046),#202,.F.);
#6504=ADVANCED_FACE('',(#2047),#203,.F.);
#6505=ADVANCED_FACE('',(#2048),#204,.F.);
#6506=ADVANCED_FACE('',(#2049),#205,.F.);
#6507=ADVANCED_FACE('',(#2050),#206,.F.);
#6508=ADVANCED_FACE('',(#2051),#207,.F.);
#6509=ADVANCED_FACE('',(#2052),#208,.F.);
#6510=ADVANCED_FACE('',(#2053),#1714,.T.);
#6511=ADVANCED_FACE('',(#2054),#209,.F.);
#6512=ADVANCED_FACE('',(#2055),#210,.F.);
#6513=ADVANCED_FACE('',(#2056),#211,.F.);
#6514=ADVANCED_FACE('',(#2057),#1715,.T.);
#6515=ADVANCED_FACE('',(#2058),#212,.F.);
#6516=ADVANCED_FACE('',(#2059),#213,.F.);
#6517=ADVANCED_FACE('',(#2060),#214,.F.);
#6518=ADVANCED_FACE('',(#2061),#215,.F.);
#6519=ADVANCED_FACE('',(#2062),#216,.F.);
#6520=ADVANCED_FACE('',(#2063),#217,.F.);
#6521=ADVANCED_FACE('',(#2064),#218,.F.);
#6522=ADVANCED_FACE('',(#2065),#219,.F.);
#6523=ADVANCED_FACE('',(#2066),#220,.F.);
#6524=ADVANCED_FACE('',(#2067),#221,.F.);
#6525=ADVANCED_FACE('',(#2068),#1716,.T.);
#6526=ADVANCED_FACE('',(#2069),#1717,.F.);
#6527=ADVANCED_FACE('',(#2070),#222,.F.);
#6528=ADVANCED_FACE('',(#2071),#223,.F.);
#6529=ADVANCED_FACE('',(#2072),#224,.F.);
#6530=ADVANCED_FACE('',(#2073),#225,.F.);
#6531=ADVANCED_FACE('',(#2074),#1718,.F.);
#6532=ADVANCED_FACE('',(#2075),#1719,.F.);
#6533=ADVANCED_FACE('',(#2076),#226,.F.);
#6534=ADVANCED_FACE('',(#2077),#227,.F.);
#6535=ADVANCED_FACE('',(#2078),#1720,.T.);
#6536=ADVANCED_FACE('',(#2079),#228,.F.);
#6537=ADVANCED_FACE('',(#2080),#229,.F.);
#6538=ADVANCED_FACE('',(#2081),#230,.F.);
#6539=CLOSED_SHELL('',(#6178,#6179,#6180,#6181,#6182,#6183,#6184,#6185,
#6186,#6187,#6188,#6189,#6190,#6191,#6192,#6193,#6194,#6195,#6196,#6197,
#6198,#6199,#6200,#6201,#6202,#6203,#6204,#6205,#6206,#6207,#6208,#6209,
#6210,#6211,#6212,#6213,#6214,#6215,#6216,#6217,#6218,#6219,#6220,#6221,
#6222,#6223,#6224,#6225,#6226,#6227,#6228,#6229,#6230,#6231,#6232,#6233,
#6234,#6235,#6236,#6237,#6238,#6239,#6240,#6241,#6242,#6243,#6244,#6245,
#6246,#6247,#6248,#6249,#6250,#6251,#6252,#6253,#6254,#6255,#6256,#6257,
#6258,#6259,#6260,#6261,#6262,#6263,#6264,#6265,#6266,#6267,#6268,#6269,
#6270,#6271,#6272,#6273,#6274,#6275,#6276,#6277,#6278,#6279,#6280,#6281,
#6282,#6283,#6284,#6285,#6286,#6287,#6288,#6289,#6290,#6291,#6292,#6293,
#6294,#6295,#6296,#6297,#6298,#6299,#6300,#6301,#6302,#6303,#6304,#6305,
#6306,#6307,#6308,#6309,#6310,#6311,#6312,#6313,#6314,#6315,#6316,#6317,
#6318,#6319,#6320,#6321,#6322,#6323,#6324,#6325,#6326,#6327,#6328,#6329,
#6330,#6331,#6332,#6333,#6334,#6335,#6336,#6337,#6338,#6339,#6340,#6341,
#6342,#6343,#6344,#6345,#6346,#6347,#6348,#6349,#6350,#6351,#6352,#6353,
#6354,#6355,#6356,#6357,#6358,#6359,#6360,#6361,#6362,#6363,#6364,#6365,
#6366,#6367,#6368,#6369,#6370,#6371,#6372,#6373,#6374,#6375,#6376,#6377,
#6378,#6379,#6380,#6381,#6382,#6383,#6384,#6385,#6386,#6387,#6388,#6389,
#6390,#6391,#6392,#6393,#6394,#6395,#6396,#6397,#6398,#6399,#6400,#6401,
#6402,#6403,#6404,#6405,#6406,#6407,#6408,#6409,#6410,#6411,#6412,#6413,
#6414,#6415,#6416,#6417,#6418,#6419,#6420,#6421,#6422,#6423,#6424,#6425,
#6426,#6427,#6428,#6429,#6430,#6431,#6432,#6433,#6434,#6435,#6436,#6437,
#6438,#6439,#6440,#6441,#6442,#6443,#6444,#6445,#6446,#6447,#6448,#6449,
#6450,#6451,#6452,#6453,#6454,#6455,#6456,#6457,#6458,#6459,#6460,#6461,
#6462,#6463,#6464,#6465,#6466,#6467,#6468,#6469,#6470,#6471,#6472,#6473,
#6474,#6475,#6476,#6477,#6478,#6479,#6480,#6481,#6482,#6483,#6484,#6485,
#6486,#6487,#6488,#6489,#6490,#6491,#6492,#6493,#6494,#6495,#6496,#6497,
#6498,#6499,#6500,#6501,#6502,#6503,#6504,#6505,#6506,#6507,#6508,#6509,
#6510,#6511,#6512,#6513,#6514,#6515,#6516,#6517,#6518,#6519,#6520,#6521,
#6522,#6523,#6524,#6525,#6526,#6527,#6528,#6529,#6530,#6531,#6532,#6533,
#6534,#6535,#6536,#6537,#6538));
#6540=DERIVED_UNIT_ELEMENT(#6542,1.);
#6541=DERIVED_UNIT_ELEMENT(#12824,-3.);
#6542=(
MASS_UNIT()
NAMED_UNIT(*)
SI_UNIT(.KILO.,.GRAM.)
);
#6543=DERIVED_UNIT((#6540,#6541));
#6544=MEASURE_REPRESENTATION_ITEM('density measure',
POSITIVE_RATIO_MEASURE(7850.),#6543);
#6545=PROPERTY_DEFINITION_REPRESENTATION(#6550,#6547);
#6546=PROPERTY_DEFINITION_REPRESENTATION(#6551,#6548);
#6547=REPRESENTATION('material name',(#6549),#12821);
#6548=REPRESENTATION('density',(#6544),#12821);
#6549=DESCRIPTIVE_REPRESENTATION_ITEM('Steel','Steel');
#6550=PROPERTY_DEFINITION('material property','material name',#12831);
#6551=PROPERTY_DEFINITION('material property','density of part',#12831);
#6552=AXIS2_PLACEMENT_3D('',#7779,#6809,#6810);
#6553=AXIS2_PLACEMENT_3D('',#7780,#6811,#6812);
#6554=AXIS2_PLACEMENT_3D('',#7782,#6813,#6814);
#6555=AXIS2_PLACEMENT_3D('',#7784,#6815,#6816);
#6556=AXIS2_PLACEMENT_3D('',#7785,#6817,#6818);
#6557=AXIS2_PLACEMENT_3D('',#7786,#6819,#6820);
#6558=AXIS2_PLACEMENT_3D('',#7791,#6822,#6823);
#6559=AXIS2_PLACEMENT_3D('',#7821,#6826,#6827);
#6560=AXIS2_PLACEMENT_3D('',#7824,#6829,#6830);
#6561=AXIS2_PLACEMENT_3D('',#7826,#6831,#6832);
#6562=AXIS2_PLACEMENT_3D('',#7828,#6833,#6834);
#6563=AXIS2_PLACEMENT_3D('',#7830,#6835,#6836);
#6564=AXIS2_PLACEMENT_3D('',#7832,#6837,#6838);
#6565=AXIS2_PLACEMENT_3D('',#7837,#6840,#6841);
#6566=AXIS2_PLACEMENT_3D('',#7841,#6843,#6844);
#6567=AXIS2_PLACEMENT_3D('',#7845,#6846,#6847);
#6568=AXIS2_PLACEMENT_3D('',#7848,#6849,#6850);
#6569=AXIS2_PLACEMENT_3D('',#7853,#6852,#6853);
#6570=AXIS2_PLACEMENT_3D('',#7857,#6855,#6856);
#6571=AXIS2_PLACEMENT_3D('',#7863,#6859,#6860);
#6572=AXIS2_PLACEMENT_3D('',#7867,#6862,#6863);
#6573=AXIS2_PLACEMENT_3D('',#7873,#6866,#6867);
#6574=AXIS2_PLACEMENT_3D('',#7877,#6869,#6870);
#6575=AXIS2_PLACEMENT_3D('',#7883,#6873,#6874);
#6576=AXIS2_PLACEMENT_3D('',#7887,#6876,#6877);
#6577=AXIS2_PLACEMENT_3D('',#7890,#6879,#6880);
#6578=AXIS2_PLACEMENT_3D('',#7892,#6881,#6882);
#6579=AXIS2_PLACEMENT_3D('',#7894,#6883,#6884);
#6580=AXIS2_PLACEMENT_3D('',#7895,#6885,#6886);
#6581=AXIS2_PLACEMENT_3D('',#7898,#6888,#6889);
#6582=AXIS2_PLACEMENT_3D('',#7899,#6890,#6891);
#6583=AXIS2_PLACEMENT_3D('',#7901,#6892,#6893);
#6584=AXIS2_PLACEMENT_3D('',#7902,#6894,#6895);
#6585=AXIS2_PLACEMENT_3D('',#7903,#6896,#6897);
#6586=AXIS2_PLACEMENT_3D('',#7906,#6899,#6900);
#6587=AXIS2_PLACEMENT_3D('',#7907,#6901,#6902);
#6588=AXIS2_PLACEMENT_3D('',#7909,#6903,#6904);
#6589=AXIS2_PLACEMENT_3D('',#7910,#6905,#6906);
#6590=AXIS2_PLACEMENT_3D('',#7911,#6907,#6908);
#6591=AXIS2_PLACEMENT_3D('',#7914,#6910,#6911);
#6592=AXIS2_PLACEMENT_3D('',#7915,#6912,#6913);
#6593=AXIS2_PLACEMENT_3D('',#7917,#6914,#6915);
#6594=AXIS2_PLACEMENT_3D('',#7918,#6916,#6917);
#6595=AXIS2_PLACEMENT_3D('',#7919,#6918,#6919);
#6596=AXIS2_PLACEMENT_3D('',#7922,#6921,#6922);
#6597=AXIS2_PLACEMENT_3D('',#7923,#6923,#6924);
#6598=AXIS2_PLACEMENT_3D('',#7925,#6925,#6926);
#6599=AXIS2_PLACEMENT_3D('',#7926,#6927,#6928);
#6600=AXIS2_PLACEMENT_3D('',#7927,#6929,#6930);
#6601=AXIS2_PLACEMENT_3D('',#7930,#6932,#6933);
#6602=AXIS2_PLACEMENT_3D('',#7931,#6934,#6935);
#6603=AXIS2_PLACEMENT_3D('',#7933,#6936,#6937);
#6604=AXIS2_PLACEMENT_3D('',#7934,#6938,#6939);
#6605=AXIS2_PLACEMENT_3D('',#7935,#6940,#6941);
#6606=AXIS2_PLACEMENT_3D('',#7938,#6943,#6944);
#6607=AXIS2_PLACEMENT_3D('',#7939,#6945,#6946);
#6608=AXIS2_PLACEMENT_3D('',#7941,#6947,#6948);
#6609=AXIS2_PLACEMENT_3D('',#7942,#6949,#6950);
#6610=AXIS2_PLACEMENT_3D('',#7943,#6951,#6952);
#6611=AXIS2_PLACEMENT_3D('',#7946,#6954,#6955);
#6612=AXIS2_PLACEMENT_3D('',#7947,#6956,#6957);
#6613=AXIS2_PLACEMENT_3D('',#7949,#6958,#6959);
#6614=AXIS2_PLACEMENT_3D('',#7950,#6960,#6961);
#6615=AXIS2_PLACEMENT_3D('',#7951,#6962,#6963);
#6616=AXIS2_PLACEMENT_3D('',#7954,#6965,#6966);
#6617=AXIS2_PLACEMENT_3D('',#7955,#6967,#6968);
#6618=AXIS2_PLACEMENT_3D('',#7956,#6969,#6970);
#6619=AXIS2_PLACEMENT_3D('',#7957,#6971,#6972);
#6620=AXIS2_PLACEMENT_3D('',#7958,#6973,#6974);
#6621=AXIS2_PLACEMENT_3D('',#7959,#6975,#6976);
#6622=AXIS2_PLACEMENT_3D('',#7960,#6977,#6978);
#6623=AXIS2_PLACEMENT_3D('',#7961,#6979,#6980);
#6624=AXIS2_PLACEMENT_3D('',#7962,#6981,#6982);
#6625=AXIS2_PLACEMENT_3D('',#7963,#6983,#6984);
#6626=AXIS2_PLACEMENT_3D('',#8229,#6995,#6996);
#6627=AXIS2_PLACEMENT_3D('',#8233,#6998,#6999);
#6628=AXIS2_PLACEMENT_3D('',#8287,#7001,#7002);
#6629=AXIS2_PLACEMENT_3D('',#8347,#7012,#7013);
#6630=AXIS2_PLACEMENT_3D('',#8351,#7015,#7016);
#6631=AXIS2_PLACEMENT_3D('',#8765,#7032,#7033);
#6632=AXIS2_PLACEMENT_3D('',#8767,#7034,#7035);
#6633=AXIS2_PLACEMENT_3D('',#8769,#7036,#7037);
#6634=AXIS2_PLACEMENT_3D('',#8771,#7038,#7039);
#6635=AXIS2_PLACEMENT_3D('',#8772,#7040,#7041);
#6636=AXIS2_PLACEMENT_3D('',#8777,#7043,#7044);
#6637=AXIS2_PLACEMENT_3D('',#8781,#7046,#7047);
#6638=AXIS2_PLACEMENT_3D('',#8785,#7049,#7050);
#6639=AXIS2_PLACEMENT_3D('',#8788,#7052,#7053);
#6640=AXIS2_PLACEMENT_3D('',#8789,#7054,#7055);
#6641=AXIS2_PLACEMENT_3D('',#8791,#7056,#7057);
#6642=AXIS2_PLACEMENT_3D('',#8793,#7058,#7059);
#6643=AXIS2_PLACEMENT_3D('',#8794,#7060,#7061);
#6644=AXIS2_PLACEMENT_3D('',#8795,#7062,#7063);
#6645=AXIS2_PLACEMENT_3D('',#8797,#7064,#7065);
#6646=AXIS2_PLACEMENT_3D('',#8799,#7067,#7068);
#6647=AXIS2_PLACEMENT_3D('',#8801,#7069,#7070);
#6648=AXIS2_PLACEMENT_3D('',#8802,#7071,#7072);
#6649=AXIS2_PLACEMENT_3D('',#8803,#7073,#7074);
#6650=AXIS2_PLACEMENT_3D('',#8805,#7075,#7076);
#6651=AXIS2_PLACEMENT_3D('',#8807,#7078,#7079);
#6652=AXIS2_PLACEMENT_3D('',#8809,#7080,#7081);
#6653=AXIS2_PLACEMENT_3D('',#8810,#7082,#7083);
#6654=AXIS2_PLACEMENT_3D('',#8811,#7084,#7085);
#6655=AXIS2_PLACEMENT_3D('',#8814,#7087,#7088);
#6656=AXIS2_PLACEMENT_3D('',#8815,#7089,#7090);
#6657=AXIS2_PLACEMENT_3D('',#8817,#7091,#7092);
#6658=AXIS2_PLACEMENT_3D('',#8818,#7093,#7094);
#6659=AXIS2_PLACEMENT_3D('',#8819,#7095,#7096);
#6660=AXIS2_PLACEMENT_3D('',#8821,#7098,#7099);
#6661=AXIS2_PLACEMENT_3D('',#8824,#7100,#7101);
#6662=AXIS2_PLACEMENT_3D('',#8826,#7102,#7103);
#6663=AXIS2_PLACEMENT_3D('',#8828,#7104,#7105);
#6664=AXIS2_PLACEMENT_3D('',#8829,#7106,#7107);
#6665=AXIS2_PLACEMENT_3D('',#8830,#7108,#7109);
#6666=AXIS2_PLACEMENT_3D('',#8833,#7110,#7111);
#6667=AXIS2_PLACEMENT_3D('',#8836,#7114,#7115);
#6668=AXIS2_PLACEMENT_3D('',#8839,#7116,#7117);
#6669=AXIS2_PLACEMENT_3D('',#8840,#7118,#7119);
#6670=AXIS2_PLACEMENT_3D('',#8841,#7120,#7121);
#6671=AXIS2_PLACEMENT_3D('',#8842,#7122,#7123);
#6672=AXIS2_PLACEMENT_3D('',#8848,#7127,#7128);
#6673=AXIS2_PLACEMENT_3D('',#8850,#7129,#7130);
#6674=AXIS2_PLACEMENT_3D('',#8852,#7132,#7133);
#6675=AXIS2_PLACEMENT_3D('',#8854,#7134,#7135);
#6676=AXIS2_PLACEMENT_3D('',#8856,#7137,#7138);
#6677=AXIS2_PLACEMENT_3D('',#8865,#7142,#7143);
#6678=AXIS2_PLACEMENT_3D('',#8868,#7145,#7146);
#6679=AXIS2_PLACEMENT_3D('',#8869,#7147,#7148);
#6680=AXIS2_PLACEMENT_3D('',#8874,#7150,#7151);
#6681=AXIS2_PLACEMENT_3D('',#8878,#7153,#7154);
#6682=AXIS2_PLACEMENT_3D('',#8882,#7156,#7157);
#6683=AXIS2_PLACEMENT_3D('',#8885,#7159,#7160);
#6684=AXIS2_PLACEMENT_3D('',#8886,#7161,#7162);
#6685=AXIS2_PLACEMENT_3D('',#8888,#7163,#7164);
#6686=AXIS2_PLACEMENT_3D('',#8891,#7166,#7167);
#6687=AXIS2_PLACEMENT_3D('',#8892,#7168,#7169);
#6688=AXIS2_PLACEMENT_3D('',#8894,#7170,#7171);
#6689=AXIS2_PLACEMENT_3D('',#8895,#7172,#7173);
#6690=AXIS2_PLACEMENT_3D('',#8896,#7174,#7175);
#6691=AXIS2_PLACEMENT_3D('',#8898,#7176,#7177);
#6692=AXIS2_PLACEMENT_3D('',#8900,#7179,#7180);
#6693=AXIS2_PLACEMENT_3D('',#8902,#7181,#7182);
#6694=AXIS2_PLACEMENT_3D('',#8903,#7183,#7184);
#6695=AXIS2_PLACEMENT_3D('',#8904,#7185,#7186);
#6696=AXIS2_PLACEMENT_3D('',#8906,#7187,#7188);
#6697=AXIS2_PLACEMENT_3D('',#8908,#7190,#7191);
#6698=AXIS2_PLACEMENT_3D('',#8964,#7192,#7193);
#6699=AXIS2_PLACEMENT_3D('',#9044,#7201,#7202);
#6700=AXIS2_PLACEMENT_3D('',#9096,#7203,#7204);
#6701=AXIS2_PLACEMENT_3D('',#9097,#7205,#7206);
#6702=AXIS2_PLACEMENT_3D('',#9175,#7213,#7214);
#6703=AXIS2_PLACEMENT_3D('',#9220,#7217,#7218);
#6704=AXIS2_PLACEMENT_3D('',#9276,#7219,#7220);
#6705=AXIS2_PLACEMENT_3D('',#9278,#7221,#7222);
#6706=AXIS2_PLACEMENT_3D('',#9279,#7223,#7224);
#6707=AXIS2_PLACEMENT_3D('',#9281,#7225,#7226);
#6708=AXIS2_PLACEMENT_3D('',#9282,#7227,#7228);
#6709=AXIS2_PLACEMENT_3D('',#9285,#7231,#7232);
#6710=AXIS2_PLACEMENT_3D('',#9287,#7234,#7235);
#6711=AXIS2_PLACEMENT_3D('',#9289,#7237,#7238);
#6712=AXIS2_PLACEMENT_3D('',#9291,#7240,#7241);
#6713=AXIS2_PLACEMENT_3D('',#9293,#7243,#7244);
#6714=AXIS2_PLACEMENT_3D('',#9295,#7246,#7247);
#6715=AXIS2_PLACEMENT_3D('',#9297,#7249,#7250);
#6716=AXIS2_PLACEMENT_3D('',#9298,#7251,#7252);
#6717=AXIS2_PLACEMENT_3D('',#9301,#7255,#7256);
#6718=AXIS2_PLACEMENT_3D('',#9303,#7258,#7259);
#6719=AXIS2_PLACEMENT_3D('',#9305,#7261,#7262);
#6720=AXIS2_PLACEMENT_3D('',#9308,#7265,#7266);
#6721=AXIS2_PLACEMENT_3D('',#9310,#7268,#7269);
#6722=AXIS2_PLACEMENT_3D('',#9312,#7271,#7272);
#6723=AXIS2_PLACEMENT_3D('',#9314,#7274,#7275);
#6724=AXIS2_PLACEMENT_3D('',#9316,#7277,#7278);
#6725=AXIS2_PLACEMENT_3D('',#9318,#7280,#7281);
#6726=AXIS2_PLACEMENT_3D('',#9320,#7283,#7284);
#6727=AXIS2_PLACEMENT_3D('',#9322,#7286,#7287);
#6728=AXIS2_PLACEMENT_3D('',#9324,#7289,#7290);
#6729=AXIS2_PLACEMENT_3D('',#9327,#7293,#7294);
#6730=AXIS2_PLACEMENT_3D('',#9329,#7296,#7297);
#6731=AXIS2_PLACEMENT_3D('',#9331,#7299,#7300);
#6732=AXIS2_PLACEMENT_3D('',#9333,#7302,#7303);
#6733=AXIS2_PLACEMENT_3D('',#9335,#7305,#7306);
#6734=AXIS2_PLACEMENT_3D('',#9336,#7307,#7308);
#6735=AXIS2_PLACEMENT_3D('',#9338,#7309,#7310);
#6736=AXIS2_PLACEMENT_3D('',#9339,#7311,#7312);
#6737=AXIS2_PLACEMENT_3D('',#9341,#7313,#7314);
#6738=AXIS2_PLACEMENT_3D('',#9582,#7333,#7334);
#6739=AXIS2_PLACEMENT_3D('',#9586,#7337,#7338);
#6740=AXIS2_PLACEMENT_3D('',#9590,#7341,#7342);
#6741=AXIS2_PLACEMENT_3D('',#9678,#7351,#7352);
#6742=AXIS2_PLACEMENT_3D('',#9682,#7355,#7356);
#6743=AXIS2_PLACEMENT_3D('',#9686,#7359,#7360);
#6744=AXIS2_PLACEMENT_3D('',#9690,#7363,#7364);
#6745=AXIS2_PLACEMENT_3D('',#9876,#7380,#7381);
#6746=AXIS2_PLACEMENT_3D('',#9880,#7384,#7385);
#6747=AXIS2_PLACEMENT_3D('',#9940,#7392,#7393);
#6748=AXIS2_PLACEMENT_3D('',#9944,#7396,#7397);
#6749=AXIS2_PLACEMENT_3D('',#9962,#7401,#7402);
#6750=AXIS2_PLACEMENT_3D('',#9966,#7405,#7406);
#6751=AXIS2_PLACEMENT_3D('',#10166,#7423,#7424);
#6752=AXIS2_PLACEMENT_3D('',#10170,#7427,#7428);
#6753=AXIS2_PLACEMENT_3D('',#10340,#7442,#7443);
#6754=AXIS2_PLACEMENT_3D('',#10342,#7444,#7445);
#6755=AXIS2_PLACEMENT_3D('',#10344,#7447,#7448);
#6756=AXIS2_PLACEMENT_3D('',#10346,#7449,#7450);
#6757=AXIS2_PLACEMENT_3D('',#10348,#7452,#7453);
#6758=AXIS2_PLACEMENT_3D('',#10367,#7457,#7458);
#6759=AXIS2_PLACEMENT_3D('',#10457,#7463,#7464);
#6760=AXIS2_PLACEMENT_3D('',#10461,#7467,#7468);
#6761=AXIS2_PLACEMENT_3D('',#10493,#7470,#7471);
#6762=AXIS2_PLACEMENT_3D('',#10497,#7474,#7475);
#6763=AXIS2_PLACEMENT_3D('',#10521,#7476,#7477);
#6764=AXIS2_PLACEMENT_3D('',#10523,#7478,#7479);
#6765=AXIS2_PLACEMENT_3D('',#10525,#7481,#7482);
#6766=AXIS2_PLACEMENT_3D('',#10527,#7483,#7484);
#6767=AXIS2_PLACEMENT_3D('',#10529,#7486,#7487);
#6768=AXIS2_PLACEMENT_3D('',#11297,#7522,#7523);
#6769=AXIS2_PLACEMENT_3D('',#11299,#7525,#7526);
#6770=AXIS2_PLACEMENT_3D('',#11420,#7528,#7529);
#6771=AXIS2_PLACEMENT_3D('',#11421,#7530,#7531);
#6772=AXIS2_PLACEMENT_3D('',#11489,#7532,#7533);
#6773=AXIS2_PLACEMENT_3D('',#11490,#7534,#7535);
#6774=AXIS2_PLACEMENT_3D('',#11492,#7537,#7538);
#6775=AXIS2_PLACEMENT_3D('',#11513,#7541,#7542);
#6776=AXIS2_PLACEMENT_3D('',#11515,#7544,#7545);
#6777=AXIS2_PLACEMENT_3D('',#11535,#7549,#7550);
#6778=AXIS2_PLACEMENT_3D('',#11555,#7554,#7555);
#6779=AXIS2_PLACEMENT_3D('',#11557,#7557,#7558);
#6780=AXIS2_PLACEMENT_3D('',#11577,#7562,#7563);
#6781=AXIS2_PLACEMENT_3D('',#11579,#7565,#7566);
#6782=AXIS2_PLACEMENT_3D('',#11581,#7568,#7569);
#6783=AXIS2_PLACEMENT_3D('',#11853,#7601,#7602);
#6784=AXIS2_PLACEMENT_3D('',#11936,#7613,#7614);
#6785=AXIS2_PLACEMENT_3D('',#11956,#7618,#7619);
#6786=AXIS2_PLACEMENT_3D('',#11958,#7621,#7622);
#6787=AXIS2_PLACEMENT_3D('',#12068,#7636,#7637);
#6788=AXIS2_PLACEMENT_3D('',#12070,#7639,#7640);
#6789=AXIS2_PLACEMENT_3D('',#12144,#7650,#7651);
#6790=AXIS2_PLACEMENT_3D('',#12227,#7662,#7663);
#6791=AXIS2_PLACEMENT_3D('',#12256,#7668,#7669);
#6792=AXIS2_PLACEMENT_3D('',#12258,#7671,#7672);
#6793=AXIS2_PLACEMENT_3D('',#12269,#7675,#7676);
#6794=AXIS2_PLACEMENT_3D('',#12280,#7679,#7680);
#6795=AXIS2_PLACEMENT_3D('',#12282,#7682,#7683);
#6796=AXIS2_PLACEMENT_3D('',#12302,#7687,#7688);
#6797=AXIS2_PLACEMENT_3D('',#12304,#7690,#7691);
#6798=AXIS2_PLACEMENT_3D('',#12324,#7695,#7696);
#6799=AXIS2_PLACEMENT_3D('',#12326,#7698,#7699);
#6800=AXIS2_PLACEMENT_3D('',#12409,#7710,#7711);
#6801=AXIS2_PLACEMENT_3D('',#12438,#7716,#7717);
#6802=AXIS2_PLACEMENT_3D('',#12602,#7737,#7738);
#6803=AXIS2_PLACEMENT_3D('',#12631,#7743,#7744);
#6804=AXIS2_PLACEMENT_3D('',#12723,#7756,#7757);
#6805=AXIS2_PLACEMENT_3D('',#12725,#7759,#7760);
#6806=AXIS2_PLACEMENT_3D('',#12763,#7766,#7767);
#6807=AXIS2_PLACEMENT_3D('',#12765,#7769,#7770);
#6808=AXIS2_PLACEMENT_3D('',#12785,#7774,#7775);
#6809=DIRECTION('axis',(0.,0.,1.));
#6810=DIRECTION('refdir',(1.,0.,0.));
#6811=DIRECTION('center_axis',(0.,0.,-1.));
#6812=DIRECTION('ref_axis',(-1.,0.,0.));
#6813=DIRECTION('center_axis',(0.,0.,1.));
#6814=DIRECTION('ref_axis',(-1.,0.,0.));
#6815=DIRECTION('center_axis',(0.,-1.,0.));
#6816=DIRECTION('ref_axis',(1.,0.,0.));
#6817=DIRECTION('center_axis',(0.,0.,-1.));
#6818=DIRECTION('ref_axis',(-1.,0.,0.));
#6819=DIRECTION('center_axis',(0.,0.,-1.));
#6820=DIRECTION('ref_axis',(1.,0.,0.));
#6821=DIRECTION('',(0.,-1.,0.));
#6822=DIRECTION('center_axis',(-1.53601727696769E-12,-2.13099682584782E-14,
1.));
#6823=DIRECTION('ref_axis',(-0.999615131226974,-0.0277414747639578,-1.53601737190346E-12));
#6824=DIRECTION('',(1.,-1.35820077560948E-16,0.));
#6825=DIRECTION('',(0.,1.,0.));
#6826=DIRECTION('center_axis',(0.,0.,1.));
#6827=DIRECTION('ref_axis',(1.18423789293348E-14,1.,0.));
#6828=DIRECTION('',(-1.,0.,0.));
#6829=DIRECTION('center_axis',(0.,0.,1.));
#6830=DIRECTION('ref_axis',(-1.,0.,0.));
#6831=DIRECTION('center_axis',(0.,0.,1.));
#6832=DIRECTION('ref_axis',(-1.,0.,0.));
#6833=DIRECTION('center_axis',(0.,0.,1.));
#6834=DIRECTION('ref_axis',(-1.,0.,0.));
#6835=DIRECTION('center_axis',(0.,0.,1.));
#6836=DIRECTION('ref_axis',(-1.,0.,0.));
#6837=DIRECTION('center_axis',(0.,0.,1.));
#6838=DIRECTION('ref_axis',(-1.,0.,0.));
#6839=DIRECTION('',(-1.,0.,0.));
#6840=DIRECTION('center_axis',(0.,0.,-1.));
#6841=DIRECTION('ref_axis',(-1.,-3.55271367880032E-14,0.));
#6842=DIRECTION('',(0.,1.,0.));
#6843=DIRECTION('center_axis',(0.,0.,-1.));
#6844=DIRECTION('ref_axis',(-3.55271367880032E-14,1.,0.));
#6845=DIRECTION('',(1.,0.,0.));
#6846=DIRECTION('center_axis',(0.,0.,-1.));
#6847=DIRECTION('ref_axis',(1.,3.55271367880032E-14,0.));
#6848=DIRECTION('',(0.,-1.,0.));
#6849=DIRECTION('center_axis',(0.,0.,-1.));
#6850=DIRECTION('ref_axis',(3.55271367880032E-14,-1.,0.));
#6851=DIRECTION('',(-1.,0.,0.));
#6852=DIRECTION('center_axis',(0.,0.,-1.));
#6853=DIRECTION('ref_axis',(-1.,0.,0.));
#6854=DIRECTION('',(1.86984930463184E-15,1.,0.));
#6855=DIRECTION('center_axis',(0.,0.,-1.));
#6856=DIRECTION('ref_axis',(0.,1.,0.));
#6857=DIRECTION('',(1.,0.,0.));
#6858=DIRECTION('',(-3.03339624214523E-16,1.,0.));
#6859=DIRECTION('center_axis',(0.,0.,-1.));
#6860=DIRECTION('ref_axis',(-1.,0.,0.));
#6861=DIRECTION('',(1.,-6.98871580367955E-17,0.));
#6862=DIRECTION('center_axis',(0.,0.,-1.));
#6863=DIRECTION('ref_axis',(1.1842378929335E-14,1.,0.));
#6864=DIRECTION('',(4.85343398743238E-16,-1.,0.));
#6865=DIRECTION('',(1.,0.,0.));
#6866=DIRECTION('center_axis',(0.,0.,-1.));
#6867=DIRECTION('ref_axis',(1.,-5.32907051820105E-14,0.));
#6868=DIRECTION('',(-1.86984930463184E-15,-1.,0.));
#6869=DIRECTION('center_axis',(0.,0.,-1.));
#6870=DIRECTION('ref_axis',(0.,-1.,0.));
#6871=DIRECTION('',(-1.,8.88178419700128E-15,0.));
#6872=DIRECTION('',(4.85343398743238E-16,-1.,0.));
#6873=DIRECTION('center_axis',(0.,0.,-1.));
#6874=DIRECTION('ref_axis',(1.,-5.92118946466742E-15,0.));
#6875=DIRECTION('',(-1.,-2.09661474110387E-16,0.));
#6876=DIRECTION('center_axis',(0.,0.,-1.));
#6877=DIRECTION('ref_axis',(-8.88178419700123E-15,-1.,0.));
#6878=DIRECTION('',(-3.03339624214523E-16,1.,0.));
#6879=DIRECTION('center_axis',(0.,0.,1.));
#6880=DIRECTION('ref_axis',(-1.,0.,0.));
#6881=DIRECTION('center_axis',(0.,0.,1.));
#6882=DIRECTION('ref_axis',(-1.,0.,0.));
#6883=DIRECTION('center_axis',(0.,0.,1.));
#6884=DIRECTION('ref_axis',(-1.,0.,0.));
#6885=DIRECTION('center_axis',(0.,0.,-1.));
#6886=DIRECTION('ref_axis',(-1.,0.,0.));
#6887=DIRECTION('',(0.,0.,-1.));
#6888=DIRECTION('center_axis',(0.,0.,-1.));
#6889=DIRECTION('ref_axis',(-1.,0.,0.));
#6890=DIRECTION('center_axis',(0.,0.,-1.));
#6891=DIRECTION('ref_axis',(-1.,0.,0.));
#6892=DIRECTION('center_axis',(0.,-1.,0.));
#6893=DIRECTION('ref_axis',(1.,0.,0.));
#6894=DIRECTION('center_axis',(0.,0.,-1.));
#6895=DIRECTION('ref_axis',(-1.,0.,0.));
#6896=DIRECTION('center_axis',(0.,0.,-1.));
#6897=DIRECTION('ref_axis',(-1.,0.,0.));
#6898=DIRECTION('',(0.,0.,-1.));
#6899=DIRECTION('center_axis',(0.,0.,-1.));
#6900=DIRECTION('ref_axis',(-1.,0.,0.));
#6901=DIRECTION('center_axis',(0.,0.,-1.));
#6902=DIRECTION('ref_axis',(-1.,0.,0.));
#6903=DIRECTION('center_axis',(0.,-1.,0.));
#6904=DIRECTION('ref_axis',(1.,0.,0.));
#6905=DIRECTION('center_axis',(0.,0.,-1.));
#6906=DIRECTION('ref_axis',(-1.,0.,0.));
#6907=DIRECTION('center_axis',(0.,0.,-1.));
#6908=DIRECTION('ref_axis',(-1.,0.,0.));
#6909=DIRECTION('',(0.,0.,-1.));
#6910=DIRECTION('center_axis',(0.,0.,-1.));
#6911=DIRECTION('ref_axis',(-1.,0.,0.));
#6912=DIRECTION('center_axis',(0.,0.,-1.));
#6913=DIRECTION('ref_axis',(-1.,0.,0.));
#6914=DIRECTION('center_axis',(0.,-1.,0.));
#6915=DIRECTION('ref_axis',(1.,0.,0.));
#6916=DIRECTION('center_axis',(0.,0.,-1.));
#6917=DIRECTION('ref_axis',(-1.,0.,0.));
#6918=DIRECTION('center_axis',(0.,0.,-1.));
#6919=DIRECTION('ref_axis',(-1.,0.,0.));
#6920=DIRECTION('',(0.,0.,-1.));
#6921=DIRECTION('center_axis',(0.,0.,-1.));
#6922=DIRECTION('ref_axis',(-1.,0.,0.));
#6923=DIRECTION('center_axis',(0.,0.,-1.));
#6924=DIRECTION('ref_axis',(-1.,0.,0.));
#6925=DIRECTION('center_axis',(0.,-1.,0.));
#6926=DIRECTION('ref_axis',(1.,0.,0.));
#6927=DIRECTION('center_axis',(0.,0.,-1.));
#6928=DIRECTION('ref_axis',(-1.,0.,0.));
#6929=DIRECTION('center_axis',(0.,0.,-1.));
#6930=DIRECTION('ref_axis',(-1.,0.,0.));
#6931=DIRECTION('',(0.,0.,-1.));
#6932=DIRECTION('center_axis',(0.,0.,-1.));
#6933=DIRECTION('ref_axis',(-1.,0.,0.));
#6934=DIRECTION('center_axis',(0.,0.,-1.));
#6935=DIRECTION('ref_axis',(-1.,0.,0.));
#6936=DIRECTION('center_axis',(0.,-1.,0.));
#6937=DIRECTION('ref_axis',(1.,0.,0.));
#6938=DIRECTION('center_axis',(0.,0.,-1.));
#6939=DIRECTION('ref_axis',(-1.,0.,0.));
#6940=DIRECTION('center_axis',(0.,0.,-1.));
#6941=DIRECTION('ref_axis',(-1.,0.,0.));
#6942=DIRECTION('',(0.,0.,-1.));
#6943=DIRECTION('center_axis',(0.,0.,-1.));
#6944=DIRECTION('ref_axis',(-1.,0.,0.));
#6945=DIRECTION('center_axis',(0.,0.,-1.));
#6946=DIRECTION('ref_axis',(-1.,0.,0.));
#6947=DIRECTION('center_axis',(0.,-1.,0.));
#6948=DIRECTION('ref_axis',(1.,0.,0.));
#6949=DIRECTION('center_axis',(0.,0.,-1.));
#6950=DIRECTION('ref_axis',(-1.,0.,0.));
#6951=DIRECTION('center_axis',(0.,0.,-1.));
#6952=DIRECTION('ref_axis',(-1.,0.,0.));
#6953=DIRECTION('',(0.,0.,-1.));
#6954=DIRECTION('center_axis',(0.,0.,-1.));
#6955=DIRECTION('ref_axis',(-1.,0.,0.));
#6956=DIRECTION('center_axis',(0.,0.,-1.));
#6957=DIRECTION('ref_axis',(-1.,0.,0.));
#6958=DIRECTION('center_axis',(0.,-1.,0.));
#6959=DIRECTION('ref_axis',(1.,0.,0.));
#6960=DIRECTION('center_axis',(0.,0.,-1.));
#6961=DIRECTION('ref_axis',(-1.,0.,0.));
#6962=DIRECTION('center_axis',(0.,0.,-1.));
#6963=DIRECTION('ref_axis',(-1.,0.,0.));
#6964=DIRECTION('',(0.,0.,-1.));
#6965=DIRECTION('center_axis',(0.,0.,-1.));
#6966=DIRECTION('ref_axis',(-1.,0.,0.));
#6967=DIRECTION('center_axis',(0.,0.,1.));
#6968=DIRECTION('ref_axis',(-1.,0.,0.));
#6969=DIRECTION('center_axis',(0.,0.,1.));
#6970=DIRECTION('ref_axis',(-1.,0.,0.));
#6971=DIRECTION('center_axis',(0.,0.,1.));
#6972=DIRECTION('ref_axis',(-1.,0.,0.));
#6973=DIRECTION('center_axis',(0.,0.,1.));
#6974=DIRECTION('ref_axis',(-1.,0.,0.));
#6975=DIRECTION('center_axis',(0.,0.,1.));
#6976=DIRECTION('ref_axis',(-1.,0.,0.));
#6977=DIRECTION('center_axis',(0.,0.,1.));
#6978=DIRECTION('ref_axis',(-1.,0.,0.));
#6979=DIRECTION('center_axis',(0.,0.,1.));
#6980=DIRECTION('ref_axis',(-1.,0.,0.));
#6981=DIRECTION('center_axis',(0.,0.,1.));
#6982=DIRECTION('ref_axis',(-1.,0.,0.));
#6983=DIRECTION('center_axis',(0.,0.0871557427476582,0.996194698091746));
#6984=DIRECTION('ref_axis',(1.,0.,0.));
#6985=DIRECTION('',(-1.,0.,0.));
#6986=DIRECTION('',(0.,0.996194698091746,-0.0871557427476582));
#6987=DIRECTION('',(1.,-1.35820077560948E-16,1.18827170657947E-17));
#6988=DIRECTION('',(1.,0.,0.));
#6989=DIRECTION('',(-0.460317164454982,0.884376357436355,-0.0773729055660316));
#6990=DIRECTION('',(0.193921957083687,0.977283893657033,-0.085501261741465));
#6991=DIRECTION('',(-0.686012868689002,0.724820708829524,-0.0634135951114078));
#6992=DIRECTION('',(-1.,0.,0.));
#6993=DIRECTION('',(-1.,0.,0.));
#6994=DIRECTION('',(1.,0.,0.));
#6995=DIRECTION('center_axis',(1.39066089078664E-12,0.0871557427475106,
0.996194698091758));
#6996=DIRECTION('ref_axis',(-0.0330982546732834,-0.995648885679549,0.0871079903490768));
#6997=DIRECTION('',(-1.,0.,0.));
#6998=DIRECTION('center_axis',(5.21493270370231E-13,-0.0871557427476409,
-0.996194698091747));
#6999=DIRECTION('ref_axis',(0.0786191992425127,0.993111196942467,-0.0868859713530687));
#7000=DIRECTION('',(1.,0.,0.));
#7001=DIRECTION('center_axis',(-1.41598371930407E-12,-0.0871557427484873,
-0.996194698091673));
#7002=DIRECTION('ref_axis',(0.999065670174401,-0.0430534405211912,0.00376668797000792));
#7003=DIRECTION('',(-1.,0.,0.));
#7004=DIRECTION('',(-0.692531828189711,-0.718642224481644,0.0628730477731962));
#7005=DIRECTION('',(0.044400613620721,-0.99521225732209,0.0870697903177277));
#7006=DIRECTION('',(-0.568681799759898,-0.819427523206943,0.0716906188617335));
#7007=DIRECTION('',(0.266879082981319,-0.960062738185713,0.0839946058649071));
#7008=DIRECTION('',(-0.412887794593927,-0.9073160997381,0.0793798729616403));
#7009=DIRECTION('',(-1.,1.35820077560948E-16,-1.18827170657947E-17));
#7010=DIRECTION('',(0.272322465799353,0.958544561322056,-0.0838617826001097));
#7011=DIRECTION('',(0.554700196225236,-0.828884091765031,0.0725179614064219));
#7012=DIRECTION('center_axis',(8.84762485530735E-15,0.0871557427476605,
0.996194698091745));
#7013=DIRECTION('ref_axis',(0.965088917826859,0.260925776679842,-0.0228280474811922));
#7014=DIRECTION('',(-1.,1.35820077560948E-16,-1.18827170657947E-17));
#7015=DIRECTION('center_axis',(-2.46675783726769E-13,-0.0871557427478681,
-0.996194698091727));
#7016=DIRECTION('ref_axis',(0.743350474016719,0.666356765322728,-0.0582986628298688));
#7017=DIRECTION('',(1.,0.,0.));
#7018=DIRECTION('',(0.474790242570469,-0.876749943876436,0.0767056808361782));
#7019=DIRECTION('',(-0.325512939396518,-0.941939529886249,0.0824090305919851));
#7020=DIRECTION('',(0.695421427516053,0.715867643665253,-0.0626303034057254));
#7021=DIRECTION('',(0.218029629322928,-0.97222839577573,0.0850589629883717));
#7022=DIRECTION('',(-1.,1.35820077560948E-16,-1.18827170657947E-17));
#7023=DIRECTION('',(-1.,1.35820077560948E-16,-1.18827170657947E-17));
#7024=DIRECTION('',(-1.,1.35820077560948E-16,-1.18827170657947E-17));
#7025=DIRECTION('',(-0.691571499125996,0.719559410148742,-0.0629532911214156));
#7026=DIRECTION('',(0.985030467155705,-0.171724372546881,0.0150239358489545));
#7027=DIRECTION('',(0.783497679089532,0.619030116522491,-0.0541581175768497));
#7028=DIRECTION('',(0.0878938102963721,-0.992339275206209,0.0868184369520753));
#7029=DIRECTION('',(1.,0.,0.));
#7030=DIRECTION('',(-0.172380331752242,0.981282128839349,-0.0858510619940282));
#7031=DIRECTION('',(0.679041981617439,0.73130596958809,-0.063980981907792));
#7032=DIRECTION('center_axis',(0.,-0.0871557427476582,-0.996194698091746));
#7033=DIRECTION('ref_axis',(1.,0.,0.));
#7034=DIRECTION('center_axis',(0.,-0.0871557427476582,-0.996194698091746));
#7035=DIRECTION('ref_axis',(1.,0.,0.));
#7036=DIRECTION('center_axis',(0.,-0.0871557427476582,-0.996194698091746));
#7037=DIRECTION('ref_axis',(1.,0.,0.));
#7038=DIRECTION('center_axis',(0.,-0.0871557427476582,-0.996194698091746));
#7039=DIRECTION('ref_axis',(1.,0.,0.));
#7040=DIRECTION('center_axis',(0.,0.,1.));
#7041=DIRECTION('ref_axis',(-1.,0.,0.));
#7042=DIRECTION('',(0.,1.,0.));
#7043=DIRECTION('center_axis',(0.,0.,-1.));
#7044=DIRECTION('ref_axis',(-0.707106781186548,-0.707106781186548,0.));
#7045=DIRECTION('',(-1.,0.,0.));
#7046=DIRECTION('center_axis',(0.,0.,-1.));
#7047=DIRECTION('ref_axis',(0.707106781186548,-0.707106781186548,0.));
#7048=DIRECTION('',(0.,-1.,0.));
#7049=DIRECTION('center_axis',(0.,0.,-1.));
#7050=DIRECTION('ref_axis',(0.707106781186548,0.707106781186548,0.));
#7051=DIRECTION('',(1.,0.,0.));
#7052=DIRECTION('center_axis',(0.,0.,-1.));
#7053=DIRECTION('ref_axis',(-0.707106781186548,0.707106781186548,0.));
#7054=DIRECTION('center_axis',(0.,0.,1.));
#7055=DIRECTION('ref_axis',(1.,0.,0.));
#7056=DIRECTION('center_axis',(0.,-1.,0.));
#7057=DIRECTION('ref_axis',(1.,0.,0.));
#7058=DIRECTION('center_axis',(-1.,0.,0.));
#7059=DIRECTION('ref_axis',(0.,-1.,0.));
#7060=DIRECTION('center_axis',(0.,0.,1.));
#7061=DIRECTION('ref_axis',(0.707106781186548,-0.707106781186548,0.));
#7062=DIRECTION('center_axis',(0.,1.,0.));
#7063=DIRECTION('ref_axis',(0.70710678118654,0.,0.707106781186555));
#7064=DIRECTION('center_axis',(0.,-1.,0.));
#7065=DIRECTION('ref_axis',(1.,0.,0.));
#7066=DIRECTION('',(0.,1.,0.));
#7067=DIRECTION('center_axis',(0.,0.,1.));
#7068=DIRECTION('ref_axis',(1.,0.,0.));
#7069=DIRECTION('center_axis',(1.,0.,0.));
#7070=DIRECTION('ref_axis',(0.,1.,0.));
#7071=DIRECTION('center_axis',(0.,0.,1.));
#7072=DIRECTION('ref_axis',(0.707106781186548,0.707106781186548,0.));
#7073=DIRECTION('center_axis',(-1.,0.,0.));
#7074=DIRECTION('ref_axis',(0.,0.70710678118654,0.707106781186555));
#7075=DIRECTION('center_axis',(1.,0.,0.));
#7076=DIRECTION('ref_axis',(0.,1.,0.));
#7077=DIRECTION('',(-1.,0.,0.));
#7078=DIRECTION('center_axis',(0.,0.,1.));
#7079=DIRECTION('ref_axis',(1.,0.,0.));
#7080=DIRECTION('center_axis',(0.,-1.,0.));
#7081=DIRECTION('ref_axis',(0.,0.,1.));
#7082=DIRECTION('center_axis',(0.,0.,1.));
#7083=DIRECTION('ref_axis',(-0.707106781186548,0.707106781186548,0.));
#7084=DIRECTION('center_axis',(0.,-1.,0.));
#7085=DIRECTION('ref_axis',(-0.70710678118654,0.,0.707106781186555));
#7086=DIRECTION('',(0.,-1.,0.));
#7087=DIRECTION('center_axis',(0.,1.,0.));
#7088=DIRECTION('ref_axis',(-1.,0.,0.));
#7089=DIRECTION('center_axis',(0.,0.,1.));
#7090=DIRECTION('ref_axis',(1.,0.,0.));
#7091=DIRECTION('center_axis',(-1.,0.,0.));
#7092=DIRECTION('ref_axis',(0.,-1.,0.));
#7093=DIRECTION('center_axis',(0.,0.,1.));
#7094=DIRECTION('ref_axis',(-0.707106781186548,-0.707106781186548,0.));
#7095=DIRECTION('center_axis',(1.,0.,0.));
#7096=DIRECTION('ref_axis',(0.,-0.70710678118654,0.707106781186555));
#7097=DIRECTION('',(1.,0.,0.));
#7098=DIRECTION('center_axis',(0.,0.,1.));
#7099=DIRECTION('ref_axis',(1.,0.,0.));
#7100=DIRECTION('center_axis',(8.88178419700144E-14,-1.,0.));
#7101=DIRECTION('ref_axis',(1.,8.88178419700144E-14,0.));
#7102=DIRECTION('center_axis',(0.,0.,-1.));
#7103=DIRECTION('ref_axis',(0.707106781186565,-0.70710678118653,0.));
#7104=DIRECTION('center_axis',(-1.,0.,0.));
#7105=DIRECTION('ref_axis',(0.,-1.,0.));
#7106=DIRECTION('center_axis',(0.,0.,1.));
#7107=DIRECTION('ref_axis',(0.707106781186565,-0.70710678118653,0.));
#7108=DIRECTION('center_axis',(1.86984930463184E-15,1.,0.));
#7109=DIRECTION('ref_axis',(0.707106781186477,-1.32218312310199E-15,0.707106781186618));
#7110=DIRECTION('center_axis',(0.,-1.,0.));
#7111=DIRECTION('ref_axis',(1.,0.,0.));
#7112=DIRECTION('',(-1.86984930463184E-15,-1.,0.));
#7113=DIRECTION('',(1.86984930463184E-15,1.,0.));
#7114=DIRECTION('center_axis',(0.,0.,1.));
#7115=DIRECTION('ref_axis',(1.,0.,0.));
#7116=DIRECTION('center_axis',(1.,0.,0.));
#7117=DIRECTION('ref_axis',(0.,1.,0.));
#7118=DIRECTION('center_axis',(0.,0.,-1.));
#7119=DIRECTION('ref_axis',(0.707106781186547,0.707106781186547,0.));
#7120=DIRECTION('center_axis',(0.,0.,1.));
#7121=DIRECTION('ref_axis',(0.707106781186548,0.707106781186548,0.));
#7122=DIRECTION('center_axis',(0.,0.,1.));
#7123=DIRECTION('ref_axis',(-1.,0.,0.));
#7124=DIRECTION('',(1.,0.,0.));
#7125=DIRECTION('',(4.85343398743238E-16,-1.,0.));
#7126=DIRECTION('',(-1.,8.88178419700128E-15,0.));
#7127=DIRECTION('center_axis',(1.,-8.88178419700128E-15,0.));
#7128=DIRECTION('ref_axis',(-6.28036983473505E-15,-0.70710678118654,0.707106781186555));
#7129=DIRECTION('center_axis',(1.,4.85343398743238E-16,0.));
#7130=DIRECTION('ref_axis',(3.43189608455466E-16,-0.70710678118654,0.707106781186555));
#7131=DIRECTION('',(1.,-8.88178419700128E-15,0.));
#7132=DIRECTION('center_axis',(-1.,0.,0.));
#7133=DIRECTION('ref_axis',(0.,0.70710678118654,0.707106781186555));
#7134=DIRECTION('center_axis',(1.,4.85343398743238E-16,0.));
#7135=DIRECTION('ref_axis',(-3.43189608455466E-16,0.70710678118654,0.707106781186555));
#7136=DIRECTION('',(-1.,0.,0.));
#7137=DIRECTION('center_axis',(0.,0.,1.));
#7138=DIRECTION('ref_axis',(-1.,0.,0.));
#7139=DIRECTION('',(-1.,0.,0.));
#7140=DIRECTION('',(-3.64007549057428E-16,1.,0.));
#7141=DIRECTION('',(1.,0.,0.));
#7142=DIRECTION('center_axis',(0.,0.,-1.));
#7143=DIRECTION('ref_axis',(-0.707106781186548,0.707106781186548,0.));
#7144=DIRECTION('',(1.86984930463184E-15,1.,0.));
#7145=DIRECTION('center_axis',(0.,0.,-1.));
#7146=DIRECTION('ref_axis',(-0.707106781186561,-0.707106781186534,0.));
#7147=DIRECTION('center_axis',(0.,0.,-1.));
#7148=DIRECTION('ref_axis',(1.,0.,0.));
#7149=DIRECTION('',(-1.,-2.09661474110387E-16,0.));
#7150=DIRECTION('center_axis',(0.,0.,1.));
#7151=DIRECTION('ref_axis',(1.,-5.92118946466742E-15,0.));
#7152=DIRECTION('',(4.85343398743238E-16,-1.,0.));
#7153=DIRECTION('center_axis',(0.,0.,-1.));
#7154=DIRECTION('ref_axis',(1.1842378929335E-14,1.,0.));
#7155=DIRECTION('',(1.,-6.98871580367955E-17,0.));
#7156=DIRECTION('center_axis',(0.,0.,-1.));
#7157=DIRECTION('ref_axis',(-1.,0.,0.));
#7158=DIRECTION('',(-3.03339624214523E-16,1.,0.));
#7159=DIRECTION('center_axis',(0.,0.,-1.));
#7160=DIRECTION('ref_axis',(-8.88178419700123E-15,-1.,0.));
#7161=DIRECTION('center_axis',(-1.,0.,0.));
#7162=DIRECTION('ref_axis',(0.,0.70710678118654,0.707106781186555));
#7163=DIRECTION('center_axis',(-1.,-3.03339624214523E-16,0.));
#7164=DIRECTION('ref_axis',(-2.14493505284666E-16,0.70710678118654,0.707106781186555));
#7165=DIRECTION('',(-1.,0.,0.));
#7166=DIRECTION('center_axis',(1.,0.,0.));
#7167=DIRECTION('ref_axis',(0.,1.,0.));
#7168=DIRECTION('center_axis',(0.,0.,1.));
#7169=DIRECTION('ref_axis',(1.,0.,0.));
#7170=DIRECTION('center_axis',(0.,1.,0.));
#7171=DIRECTION('ref_axis',(-1.,0.,0.));
#7172=DIRECTION('center_axis',(0.,0.,1.));
#7173=DIRECTION('ref_axis',(-0.707106781186548,0.707106781186548,0.));
#7174=DIRECTION('center_axis',(-1.86984930463184E-15,-1.,0.));
#7175=DIRECTION('ref_axis',(-0.707106781186548,1.32218312310212E-15,0.707106781186548));
#7176=DIRECTION('center_axis',(0.,1.,0.));
#7177=DIRECTION('ref_axis',(-1.,0.,0.));
#7178=DIRECTION('',(-1.86984930463184E-15,-1.,0.));
#7179=DIRECTION('center_axis',(0.,0.,1.));
#7180=DIRECTION('ref_axis',(1.,0.,0.));
#7181=DIRECTION('center_axis',(-1.,2.22044604925036E-14,0.));
#7182=DIRECTION('ref_axis',(-2.22044604925036E-14,-1.,0.));
#7183=DIRECTION('center_axis',(0.,0.,1.));
#7184=DIRECTION('ref_axis',(-0.707106781186561,-0.707106781186534,0.));
#7185=DIRECTION('center_axis',(1.,0.,0.));
#7186=DIRECTION('ref_axis',(0.,-0.70710678118654,0.707106781186555));
#7187=DIRECTION('center_axis',(-1.,-3.03339624214523E-16,0.));
#7188=DIRECTION('ref_axis',(2.14493505284666E-16,-0.70710678118654,0.707106781186555));
#7189=DIRECTION('',(1.,0.,0.));
#7190=DIRECTION('center_axis',(0.,0.0871557427476582,0.996194698091746));
#7191=DIRECTION('ref_axis',(1.,0.,0.));
#7192=DIRECTION('center_axis',(0.,0.0871557427476582,0.996194698091746));
#7193=DIRECTION('ref_axis',(1.,0.,0.));
#7194=DIRECTION('',(0.684435908416328,-0.726298689875,0.0635429016977933));
#7195=DIRECTION('',(-0.744242283694668,0.665368143562318,-0.0582121696329923));
#7196=DIRECTION('',(0.071247049987907,0.993663068336864,-0.0869342538438611));
#7197=DIRECTION('',(0.839570157152149,-0.541184043031844,0.0473474686464121));
#7198=DIRECTION('',(-0.603857687995468,0.794058971881581,-0.0694711582106888));
#7199=DIRECTION('',(0.548656441486831,0.832866496126556,-0.0728663766416316));
#7200=DIRECTION('',(0.539426990681681,0.838828188292233,-0.0733879571215596));
#7201=DIRECTION('center_axis',(0.,0.0871557427476582,0.996194698091746));
#7202=DIRECTION('ref_axis',(1.,0.,0.));
#7203=DIRECTION('center_axis',(4.7833507667929E-15,-0.087155742747656,-0.996194698091746));
#7204=DIRECTION('ref_axis',(0.997418950561483,0.0715281463778476,-0.0062579019310796));
#7205=DIRECTION('center_axis',(0.,0.0871557427476582,0.996194698091746));
#7206=DIRECTION('ref_axis',(1.,0.,0.));
#7207=DIRECTION('',(0.599999999999992,-0.796955758473402,0.069724594198127));
#7208=DIRECTION('',(-0.542525431475671,-0.836842774321535,0.0732142559067175));
#7209=DIRECTION('',(0.847998304005087,0.527982134025414,-0.0461924512714488));
#7210=DIRECTION('',(0.129339184067776,-0.987827072249308,0.0864236703458183));
#7211=DIRECTION('',(0.0919169242170403,-0.991977486174128,0.0867867845131802));
#7212=DIRECTION('',(-0.76735896359235,-0.638777736916388,0.0558858104929291));
#7213=DIRECTION('center_axis',(0.,0.0871557427476582,0.996194698091746));
#7214=DIRECTION('ref_axis',(1.,0.,0.));
#7215=DIRECTION('',(0.0428178383922084,-0.995281083767709,0.0870758118514701));
#7216=DIRECTION('',(0.74614130128354,0.663254099772679,-0.0580272147672015));
#7217=DIRECTION('center_axis',(0.,0.0871557427476582,0.996194698091746));
#7218=DIRECTION('ref_axis',(1.,0.,0.));
#7219=DIRECTION('center_axis',(-4.19082355898662E-31,-0.0871557427476582,
-0.996194698091746));
#7220=DIRECTION('ref_axis',(1.,-3.65254340007861E-32,-4.17487621010045E-31));
#7221=DIRECTION('center_axis',(0.,0.0871557427476577,0.996194698091746));
#7222=DIRECTION('ref_axis',(1.,0.,0.));
#7223=DIRECTION('center_axis',(-1.10933564796705E-31,-0.0871557427476582,
-0.996194698091746));
#7224=DIRECTION('ref_axis',(1.,-9.66849723550228E-33,-1.10511429090895E-31));
#7225=DIRECTION('center_axis',(0.,0.0871557427476577,0.996194698091746));
#7226=DIRECTION('ref_axis',(1.,0.,0.));
#7227=DIRECTION('center_axis',(0.,0.,1.));
#7228=DIRECTION('ref_axis',(3.55271367880032E-14,-1.,0.));
#7229=DIRECTION('',(0.,0.,1.));
#7230=DIRECTION('',(0.,0.,1.));
#7231=DIRECTION('center_axis',(1.,0.,0.));
#7232=DIRECTION('ref_axis',(0.,1.,0.));
#7233=DIRECTION('',(0.,0.,1.));
#7234=DIRECTION('center_axis',(0.,0.,1.));
#7235=DIRECTION('ref_axis',(1.,3.55271367880032E-14,0.));
#7236=DIRECTION('',(0.,0.,1.));
#7237=DIRECTION('center_axis',(0.,1.,0.));
#7238=DIRECTION('ref_axis',(-1.,0.,0.));
#7239=DIRECTION('',(0.,0.,1.));
#7240=DIRECTION('center_axis',(0.,0.,1.));
#7241=DIRECTION('ref_axis',(-3.55271367880032E-14,1.,0.));
#7242=DIRECTION('',(0.,0.,1.));
#7243=DIRECTION('center_axis',(-1.,0.,0.));
#7244=DIRECTION('ref_axis',(0.,-1.,0.));
#7245=DIRECTION('',(0.,0.,1.));
#7246=DIRECTION('center_axis',(0.,0.,1.));
#7247=DIRECTION('ref_axis',(-1.,-3.55271367880032E-14,0.));
#7248=DIRECTION('',(0.,0.,1.));
#7249=DIRECTION('center_axis',(0.,-1.,0.));
#7250=DIRECTION('ref_axis',(1.,0.,0.));
#7251=DIRECTION('center_axis',(0.,0.,-1.));
#7252=DIRECTION('ref_axis',(-8.88178419700123E-15,-1.,0.));
#7253=DIRECTION('',(0.,0.,-1.));
#7254=DIRECTION('',(0.,0.,1.));
#7255=DIRECTION('center_axis',(-2.09661474110387E-16,1.,0.));
#7256=DIRECTION('ref_axis',(1.,2.09661474110387E-16,0.));
#7257=DIRECTION('',(0.,0.,-1.));
#7258=DIRECTION('center_axis',(0.,0.,-1.));
#7259=DIRECTION('ref_axis',(1.,-5.92118946466742E-15,0.));
#7260=DIRECTION('',(0.,0.,1.));
#7261=DIRECTION('center_axis',(-8.88178419700128E-15,-1.,0.));
#7262=DIRECTION('ref_axis',(1.,-8.88178419700128E-15,0.));
#7263=DIRECTION('',(0.,0.,1.));
#7264=DIRECTION('',(0.,0.,1.));
#7265=DIRECTION('center_axis',(0.,0.,1.));
#7266=DIRECTION('ref_axis',(0.,-1.,0.));
#7267=DIRECTION('',(0.,0.,1.));
#7268=DIRECTION('center_axis',(1.,-1.86984930463184E-15,0.));
#7269=DIRECTION('ref_axis',(1.86984930463184E-15,1.,0.));
#7270=DIRECTION('',(0.,0.,1.));
#7271=DIRECTION('center_axis',(0.,0.,1.));
#7272=DIRECTION('ref_axis',(1.,-5.32907051820105E-14,0.));
#7273=DIRECTION('',(0.,0.,1.));
#7274=DIRECTION('center_axis',(0.,1.,0.));
#7275=DIRECTION('ref_axis',(-1.,0.,0.));
#7276=DIRECTION('',(0.,0.,1.));
#7277=DIRECTION('center_axis',(-1.,-4.85343398743238E-16,0.));
#7278=DIRECTION('ref_axis',(-4.85343398743238E-16,1.,0.));
#7279=DIRECTION('',(0.,0.,-1.));
#7280=DIRECTION('center_axis',(0.,0.,-1.));
#7281=DIRECTION('ref_axis',(1.1842378929335E-14,1.,0.));
#7282=DIRECTION('',(0.,0.,1.));
#7283=DIRECTION('center_axis',(-6.98871580367955E-17,-1.,0.));
#7284=DIRECTION('ref_axis',(-1.,6.98871580367955E-17,0.));
#7285=DIRECTION('',(0.,0.,-1.));
#7286=DIRECTION('center_axis',(0.,0.,-1.));
#7287=DIRECTION('ref_axis',(-1.,0.,0.));
#7288=DIRECTION('',(0.,0.,1.));
#7289=DIRECTION('center_axis',(1.,3.03339624214523E-16,0.));
#7290=DIRECTION('ref_axis',(3.03339624214523E-16,-1.,0.));
#7291=DIRECTION('',(0.,0.,1.));
#7292=DIRECTION('',(0.,0.,1.));
#7293=DIRECTION('center_axis',(0.,1.,0.));
#7294=DIRECTION('ref_axis',(-1.,0.,0.));
#7295=DIRECTION('',(0.,0.,1.));
#7296=DIRECTION('center_axis',(0.,0.,1.));
#7297=DIRECTION('ref_axis',(0.,1.,0.));
#7298=DIRECTION('',(0.,0.,1.));
#7299=DIRECTION('center_axis',(-1.,1.86984930463184E-15,0.));
#7300=DIRECTION('ref_axis',(-1.86984930463184E-15,-1.,0.));
#7301=DIRECTION('',(0.,0.,1.));
#7302=DIRECTION('center_axis',(0.,0.,1.));
#7303=DIRECTION('ref_axis',(-1.,0.,0.));
#7304=DIRECTION('',(0.,0.,1.));
#7305=DIRECTION('center_axis',(0.,-1.,0.));
#7306=DIRECTION('ref_axis',(1.,0.,0.));
#7307=DIRECTION('center_axis',(2.95822839457879E-31,-0.0871557427476581,
-0.996194698091746));
#7308=DIRECTION('ref_axis',(1.,2.57826592946726E-32,2.94697144242385E-31));
#7309=DIRECTION('center_axis',(0.,0.0871557427476577,0.996194698091746));
#7310=DIRECTION('ref_axis',(1.,0.,0.));
#7311=DIRECTION('center_axis',(0.,-0.0871557427476582,-0.996194698091746));
#7312=DIRECTION('ref_axis',(1.,0.,0.));
#7313=DIRECTION('center_axis',(0.,0.0871557427476577,0.996194698091746));
#7314=DIRECTION('ref_axis',(1.,0.,0.));
#7315=DIRECTION('',(0.,0.0871557427476614,0.996194698091745));
#7316=DIRECTION('',(0.,0.0871557427476614,0.996194698091745));
#7317=DIRECTION('',(0.,0.0871557427476614,0.996194698091745));
#7318=DIRECTION('',(0.,0.0871557427476614,0.996194698091745));
#7319=DIRECTION('',(0.,0.0871557427476614,0.996194698091745));
#7320=DIRECTION('',(0.,0.0871557427476614,0.996194698091745));
#7321=DIRECTION('',(0.,0.0871557427476614,0.996194698091745));
#7322=DIRECTION('',(0.,0.0871557427476614,0.996194698091745));
#7323=DIRECTION('',(0.,0.0871557427476614,0.996194698091745));
#7324=DIRECTION('',(0.,0.0871557427476614,0.996194698091745));
#7325=DIRECTION('',(0.,0.0871557427476614,0.996194698091745));
#7326=DIRECTION('',(0.,0.0871557427476614,0.996194698091745));
#7327=DIRECTION('',(0.,0.0871557427476614,0.996194698091745));
#7328=DIRECTION('',(0.,0.0871557427476614,0.996194698091745));
#7329=DIRECTION('',(0.,0.0871557427476614,0.996194698091745));
#7330=DIRECTION('',(0.,0.0871557427476613,0.996194698091745));
#7331=DIRECTION('',(0.,0.0871557427476613,0.996194698091745));
#7332=DIRECTION('',(0.,0.0871557427476614,0.996194698091745));
#7333=DIRECTION('center_axis',(0.667909741777245,0.741410217112321,-0.0648649890196245));
#7334=DIRECTION('ref_axis',(-0.744242283694668,0.665368143562318,-0.0582121696329921));
#7335=DIRECTION('',(-0.744242283694668,0.665368143562318,-0.0582121696329921));
#7336=DIRECTION('',(0.,0.0871557427476613,0.996194698091745));
#7337=DIRECTION('center_axis',(0.997458699830735,-0.0709759334526305,0.00620958956027579));
#7338=DIRECTION('ref_axis',(0.071247049987907,0.993663068336864,-0.0869342538438607));
#7339=DIRECTION('',(0.071247049987907,0.993663068336864,-0.0869342538438607));
#7340=DIRECTION('',(0.,0.0871557427476613,0.996194698091745));
#7341=DIRECTION('center_axis',(-0.543251278157277,-0.836375339231024,0.0731733606353663));
#7342=DIRECTION('ref_axis',(0.839570157152149,-0.541184043031844,0.0473474686464119));
#7343=DIRECTION('',(0.839570157152149,-0.541184043031844,0.0473474686464119));
#7344=DIRECTION('',(0.,0.0871557427476614,0.996194698091745));
#7345=DIRECTION('',(0.,0.0871557427476614,0.996194698091745));
#7346=DIRECTION('',(0.,0.0871557427476614,0.996194698091745));
#7347=DIRECTION('',(0.,0.0871557427476614,0.996194698091745));
#7348=DIRECTION('',(0.,0.0871557427476614,0.996194698091745));
#7349=DIRECTION('',(0.,0.0871557427476614,0.996194698091745));
#7350=DIRECTION('',(0.,0.0871557427476614,0.996194698091745));
#7351=DIRECTION('center_axis',(0.797092148154006,0.601559827183024,-0.0526296653111305));
#7352=DIRECTION('ref_axis',(-0.603857687995468,0.794058971881581,-0.0694711582106885));
#7353=DIRECTION('',(-0.603857687995468,0.794058971881581,-0.0694711582106885));
#7354=DIRECTION('',(0.,0.0871557427476613,0.996194698091745));
#7355=DIRECTION('center_axis',(0.836047910837057,-0.546568638083065,0.0478185596710736));
#7356=DIRECTION('ref_axis',(0.548656441486831,0.832866496126556,-0.0728663766416313));
#7357=DIRECTION('',(0.548656441486831,0.832866496126556,-0.0728663766416312));
#7358=DIRECTION('',(0.,0.0871557427476614,0.996194698091745));
#7359=DIRECTION('center_axis',(0.84203237569829,-0.537374308124676,0.0470141600309977));
#7360=DIRECTION('ref_axis',(0.539426990681681,0.838828188292233,-0.0733879571215593));
#7361=DIRECTION('',(0.539426990681681,0.838828188292233,-0.0733879571215593));
#7362=DIRECTION('',(0.,0.0871557427476613,0.996194698091745));
#7363=DIRECTION('center_axis',(-0.729073032878268,-0.681831423147953,0.0596525199611954));
#7364=DIRECTION('ref_axis',(0.684435908416328,-0.726298689875,0.063542901697793));
#7365=DIRECTION('',(0.684435908416328,-0.726298689875,0.063542901697793));
#7366=DIRECTION('',(0.,0.0871557427476614,0.996194698091745));
#7367=DIRECTION('',(0.,0.0871557427476614,0.996194698091745));
#7368=DIRECTION('',(0.,0.0871557427476614,0.996194698091745));
#7369=DIRECTION('',(0.,0.0871557427476614,0.996194698091745));
#7370=DIRECTION('',(0.,0.0871557427476614,0.996194698091745));
#7371=DIRECTION('',(0.,0.0871557427476614,0.996194698091745));
#7372=DIRECTION('',(0.,0.0871557427476614,0.996194698091745));
#7373=DIRECTION('',(0.,0.0871557427476614,0.996194698091745));
#7374=DIRECTION('',(0.,0.0871557427476614,0.996194698091745));
#7375=DIRECTION('',(0.,0.0871557427476614,0.996194698091745));
#7376=DIRECTION('',(0.,0.0871557427476614,0.996194698091745));
#7377=DIRECTION('',(0.,0.0871557427476614,0.996194698091745));
#7378=DIRECTION('',(0.,0.0871557427476614,0.996194698091745));
#7379=DIRECTION('',(0.,0.0871557427476614,0.996194698091745));
#7380=DIRECTION('center_axis',(-0.800000000000006,-0.597716818855039,0.0522934456485961));
#7381=DIRECTION('ref_axis',(0.599999999999992,-0.796955758473403,0.0697245941981267));
#7382=DIRECTION('',(0.599999999999992,-0.796955758473402,0.0697245941981267));
#7383=DIRECTION('',(0.,0.0871557427476613,0.996194698091745));
#7384=DIRECTION('center_axis',(-0.840039377768767,0.540460958416,-0.0472842069397575));
#7385=DIRECTION('ref_axis',(-0.542525431475671,-0.836842774321535,0.0732142559067172));
#7386=DIRECTION('',(-0.542525431475671,-0.836842774321535,0.0732142559067172));
#7387=DIRECTION('',(0.,0.0871557427476614,0.996194698091745));
#7388=DIRECTION('',(0.,0.0871557427476614,0.996194698091745));
#7389=DIRECTION('',(0.,0.0871557427476614,0.996194698091745));
#7390=DIRECTION('',(0.,0.0871557427476614,0.996194698091745));
#7391=DIRECTION('',(0.,0.0871557427476614,0.996194698091745));
#7392=DIRECTION('center_axis',(0.529998940003181,-0.84477141444066,0.0739079220343205));
#7393=DIRECTION('ref_axis',(0.847998304005087,0.527982134025414,-0.0461924512714486));
#7394=DIRECTION('',(0.847998304005087,0.527982134025414,-0.0461924512714486));
#7395=DIRECTION('',(0.,0.0871557427476613,0.996194698091745));
#7396=DIRECTION('center_axis',(-0.991600411186221,-0.128847009423831,0.0112726526538035));
#7397=DIRECTION('ref_axis',(0.129339184067776,-0.987827072249308,0.0864236703458179));
#7398=DIRECTION('',(0.129339184067776,-0.987827072249308,0.0864236703458179));
#7399=DIRECTION('',(0.,0.0871557427476614,0.996194698091745));
#7400=DIRECTION('',(0.,0.0871557427476614,0.996194698091745));
#7401=DIRECTION('center_axis',(-0.995766679017971,-0.0915671525699163,0.00801108780121665));
#7402=DIRECTION('ref_axis',(0.0919169242170403,-0.991977486174128,0.0867867845131798));
#7403=DIRECTION('',(0.0919169242170403,-0.991977486174128,0.0867867845131798));
#7404=DIRECTION('',(0.,0.0871557427476613,0.996194698091745));
#7405=DIRECTION('center_axis',(-0.641217764097716,0.764438931063876,-0.0668797404259669));
#7406=DIRECTION('ref_axis',(-0.76735896359235,-0.638777736916388,0.0558858104929288));
#7407=DIRECTION('',(-0.76735896359235,-0.638777736916388,0.0558858104929288));
#7408=DIRECTION('',(0.,0.0871557427476614,0.996194698091745));
#7409=DIRECTION('',(0.,0.0871557427476613,0.996194698091745));
#7410=DIRECTION('',(0.,0.0871557427476613,0.996194698091745));
#7411=DIRECTION('',(0.,0.0871557427476614,0.996194698091745));
#7412=DIRECTION('',(0.,0.0871557427476614,0.996194698091745));
#7413=DIRECTION('',(0.,0.0871557427476614,0.996194698091745));
#7414=DIRECTION('',(0.,0.0871557427476614,0.996194698091745));
#7415=DIRECTION('',(0.,0.0871557427476613,0.996194698091745));
#7416=DIRECTION('',(0.,0.0871557427476613,0.996194698091745));
#7417=DIRECTION('',(0.,0.0871557427476613,0.996194698091745));
#7418=DIRECTION('',(0.,0.0871557427476613,0.996194698091745));
#7419=DIRECTION('',(0.,0.0871557427476613,0.996194698091745));
#7420=DIRECTION('',(0.,0.0871557427476613,0.996194698091745));
#7421=DIRECTION('',(0.,0.0871557427476613,0.996194698091745));
#7422=DIRECTION('',(0.,0.0871557427476613,0.996194698091745));
#7423=DIRECTION('center_axis',(0.66578762268377,-0.743302008365938,0.0650304993080735));
#7424=DIRECTION('ref_axis',(0.74614130128354,0.663254099772679,-0.0580272147672013));
#7425=DIRECTION('',(0.74614130128354,0.663254099772679,-0.0580272147672013));
#7426=DIRECTION('',(0.,0.0871557427476614,0.996194698091745));
#7427=DIRECTION('center_axis',(-0.999082895817669,-0.0426549035900672,0.00373182050792225));
#7428=DIRECTION('ref_axis',(0.0428178383922084,-0.99528108376771,0.0870758118514698));
#7429=DIRECTION('',(0.0428178383922084,-0.995281083767709,0.0870758118514697));
#7430=DIRECTION('',(0.,0.0871557427476613,0.996194698091745));
#7431=DIRECTION('',(0.,0.0871557427476613,0.996194698091745));
#7432=DIRECTION('',(0.,0.0871557427476613,0.996194698091745));
#7433=DIRECTION('',(0.,0.0871557427476613,0.996194698091745));
#7434=DIRECTION('',(0.,0.0871557427476613,0.996194698091745));
#7435=DIRECTION('',(0.,0.0871557427476613,0.996194698091745));
#7436=DIRECTION('',(0.,0.0871557427476613,0.996194698091745));
#7437=DIRECTION('',(0.,0.0871557427476613,0.996194698091745));
#7438=DIRECTION('',(0.,0.0871557427476613,0.996194698091745));
#7439=DIRECTION('',(0.,0.0871557427476613,0.996194698091745));
#7440=DIRECTION('',(0.,0.0871557427476613,0.996194698091745));
#7441=DIRECTION('',(0.,0.0871557427476614,0.996194698091745));
#7442=DIRECTION('center_axis',(0.,0.0871557427476599,0.996194698091745));
#7443=DIRECTION('ref_axis',(1.,0.,0.));
#7444=DIRECTION('center_axis',(0.,0.0871557427476582,0.996194698091746));
#7445=DIRECTION('ref_axis',(1.,0.,0.));
#7446=DIRECTION('',(0.,0.0871557427476599,0.996194698091745));
#7447=DIRECTION('center_axis',(0.,0.0871557427476599,0.996194698091745));
#7448=DIRECTION('ref_axis',(1.,0.,0.));
#7449=DIRECTION('center_axis',(0.,0.0871557427476582,0.996194698091746));
#7450=DIRECTION('ref_axis',(1.,0.,0.));
#7451=DIRECTION('',(0.,0.0871557427476599,0.996194698091745));
#7452=DIRECTION('center_axis',(-1.,0.,0.));
#7453=DIRECTION('ref_axis',(0.,-1.,0.));
#7454=DIRECTION('',(0.,-1.,0.));
#7455=DIRECTION('',(0.,0.,1.));
#7456=DIRECTION('',(0.,0.,1.));
#7457=DIRECTION('center_axis',(-0.000218646472259699,-3.0787843669385E-6,
0.99999997609212));
#7458=DIRECTION('ref_axis',(-0.999615145950086,-0.027740082558569,-0.000218647736239274));
#7459=DIRECTION('',(0.,0.,1.));
#7460=DIRECTION('',(0.,0.,1.));
#7461=DIRECTION('',(0.,0.,1.));
#7462=DIRECTION('',(0.,0.,1.));
#7463=DIRECTION('center_axis',(1.,0.,0.));
#7464=DIRECTION('ref_axis',(0.,1.,0.));
#7465=DIRECTION('',(0.,1.,0.));
#7466=DIRECTION('',(0.,0.,1.));
#7467=DIRECTION('center_axis',(0.,0.,-1.));
#7468=DIRECTION('ref_axis',(1.18423789293348E-14,1.,0.));
#7469=DIRECTION('',(0.,0.,1.));
#7470=DIRECTION('center_axis',(0.,1.,0.));
#7471=DIRECTION('ref_axis',(1.,0.,0.));
#7472=DIRECTION('',(1.,0.,0.));
#7473=DIRECTION('',(0.,0.,-1.));
#7474=DIRECTION('center_axis',(0.,0.,-1.));
#7475=DIRECTION('ref_axis',(-1.,0.,0.));
#7476=DIRECTION('center_axis',(0.,0.0871557427476599,0.996194698091745));
#7477=DIRECTION('ref_axis',(1.,0.,0.));
#7478=DIRECTION('center_axis',(0.,0.0871557427476582,0.996194698091746));
#7479=DIRECTION('ref_axis',(1.,0.,0.));
#7480=DIRECTION('',(0.,0.0871557427476599,0.996194698091745));
#7481=DIRECTION('center_axis',(0.,0.0871557427476599,0.996194698091745));
#7482=DIRECTION('ref_axis',(1.,0.,0.));
#7483=DIRECTION('center_axis',(0.,0.0871557427476582,0.996194698091746));
#7484=DIRECTION('ref_axis',(1.,0.,0.));
#7485=DIRECTION('',(0.,0.0871557427476599,0.996194698091745));
#7486=DIRECTION('center_axis',(-4.62759492804918E-18,-0.0871557427476578,
-0.996194698091746));
#7487=DIRECTION('ref_axis',(1.,-4.03321473089424E-19,-4.60998553223884E-18));
#7488=DIRECTION('',(0.679041981617439,0.73130596958809,-0.0639809819077917));
#7489=DIRECTION('',(-0.172380331752242,0.981282128839349,-0.0858510619940278));
#7490=DIRECTION('',(1.,-4.03321473089436E-19,-4.60998553223884E-18));
#7491=DIRECTION('',(0.087893810296372,-0.992339275206209,0.0868184369520749));
#7492=DIRECTION('',(0.783497679089532,0.619030116522491,-0.0541581175768495));
#7493=DIRECTION('',(0.985030467155705,-0.171724372546882,0.0150239358489545));
#7494=DIRECTION('',(-0.691571499125996,0.719559410148742,-0.0629532911214153));
#7495=DIRECTION('',(1.,-4.03321473089436E-19,-4.60998553223884E-18));
#7496=DIRECTION('',(1.,-4.03321473089436E-19,-4.60998553223884E-18));
#7497=DIRECTION('',(1.,-4.03321473089436E-19,-4.60998553223884E-18));
#7498=DIRECTION('',(0.218029629322928,-0.97222839577573,0.0850589629883713));
#7499=DIRECTION('',(0.695421427516053,0.715867643665253,-0.0626303034057251));
#7500=DIRECTION('',(-0.325512939396517,-0.94193952988625,0.0824090305919847));
#7501=DIRECTION('',(0.474790242570469,-0.876749943876436,0.0767056808361779));
#7502=DIRECTION('',(1.,-4.03321473089436E-19,-4.60998553223884E-18));
#7503=DIRECTION('',(1.,-4.03321473089436E-19,-4.60998553223884E-18));
#7504=DIRECTION('',(0.554700196225236,-0.828884091765031,0.0725179614064216));
#7505=DIRECTION('',(0.272322465799353,0.958544561322056,-0.0838617826001094));
#7506=DIRECTION('',(1.,-4.03321473089436E-19,-4.60998553223884E-18));
#7507=DIRECTION('',(-0.412887794593926,-0.9073160997381,0.07937987296164));
#7508=DIRECTION('',(0.266879082981319,-0.960062738185713,0.0839946058649067));
#7509=DIRECTION('',(-0.568681799759898,-0.819427523206943,0.0716906188617332));
#7510=DIRECTION('',(0.044400613620721,-0.99521225732209,0.0870697903177273));
#7511=DIRECTION('',(-0.692531828189711,-0.718642224481645,0.0628730477731959));
#7512=DIRECTION('',(-1.,4.03321473089435E-19,4.60998553223884E-18));
#7513=DIRECTION('',(-1.,4.03321473089436E-19,4.60998553223884E-18));
#7514=DIRECTION('',(-1.,4.03321473089435E-19,4.60998553223884E-18));
#7515=DIRECTION('',(-1.,4.03321473089435E-19,4.60998553223884E-18));
#7516=DIRECTION('',(-1.,4.03321473089435E-19,4.60998553223884E-18));
#7517=DIRECTION('',(-1.,4.03321473089436E-19,4.60998553223884E-18));
#7518=DIRECTION('',(-0.686012868689002,0.724820708829524,-0.0634135951114076));
#7519=DIRECTION('',(0.193921957083687,0.977283893657032,-0.0855012617414646));
#7520=DIRECTION('',(-0.460317164454982,0.884376357436355,-0.0773729055660312));
#7521=DIRECTION('',(1.,-4.03321473089436E-19,-4.60998553223884E-18));
#7522=DIRECTION('center_axis',(0.,-0.0871557427476639,-0.996194698091745));
#7523=DIRECTION('ref_axis',(1.,0.,0.));
#7524=DIRECTION('',(0.70710678118667,0.0616284167162126,0.704416026402636));
#7525=DIRECTION('center_axis',(0.,-0.0871557427476506,-0.996194698091746));
#7526=DIRECTION('ref_axis',(1.,0.,0.));
#7527=DIRECTION('',(0.707106781186623,0.0616284167162074,0.704416026402684));
#7528=DIRECTION('center_axis',(-1.35820077560948E-16,-1.,0.));
#7529=DIRECTION('ref_axis',(-1.,1.35820077560948E-16,0.));
#7530=DIRECTION('center_axis',(5.40938737162395E-12,1.,-2.30841825318026E-12));
#7531=DIRECTION('ref_axis',(0.214459961066818,1.09461077457615E-12,0.976732780805077));
#7532=DIRECTION('center_axis',(1.,0.,0.));
#7533=DIRECTION('ref_axis',(0.,0.675590207615659,-0.737277336810125));
#7534=DIRECTION('center_axis',(0.,-0.0871557427476639,-0.996194698091745));
#7535=DIRECTION('ref_axis',(1.,0.,0.));
#7536=DIRECTION('',(0.707106781186677,0.061628416716212,0.70441602640263));
#7537=DIRECTION('center_axis',(0.,-0.087155742747651,-0.996194698091746));
#7538=DIRECTION('ref_axis',(1.,0.,0.));
#7539=DIRECTION('',(0.707106781186618,0.061628416716208,0.704416026402689));
#7540=DIRECTION('',(0.,0.0871557427476613,0.996194698091745));
#7541=DIRECTION('center_axis',(0.734099439586397,-0.676458021869005,0.0591824082647117));
#7542=DIRECTION('ref_axis',(0.679041981617439,0.73130596958809,-0.0639809819077919));
#7543=DIRECTION('',(0.,0.0871557427476613,0.996194698091745));
#7544=DIRECTION('center_axis',(0.985030467155705,0.17172437254688,-0.015023935848955));
#7545=DIRECTION('ref_axis',(-0.172380331752242,0.981282128839349,-0.0858510619940278));
#7546=DIRECTION('',(0.,0.0871557427476613,0.996194698091745));
#7547=DIRECTION('',(0.,0.0871557427476613,0.996194698091745));
#7548=DIRECTION('',(0.,0.0871557427483302,0.996194698091687));
#7549=DIRECTION('center_axis',(0.,0.996194698091745,-0.0871557427476613));
#7550=DIRECTION('ref_axis',(0.,0.0871557427476613,0.996194698091745));
#7551=DIRECTION('',(0.,-0.0871557427483294,-0.996194698091687));
#7552=DIRECTION('',(0.,0.0871557427476613,0.996194698091745));
#7553=DIRECTION('',(0.,0.0871557427476613,0.996194698091745));
#7554=DIRECTION('center_axis',(-0.99612985002538,-0.0875593478123275,0.00766045031930236));
#7555=DIRECTION('ref_axis',(0.0878938102963721,-0.992339275206209,0.0868184369520749));
#7556=DIRECTION('',(0.,0.0871557427476614,0.996194698091745));
#7557=DIRECTION('center_axis',(0.621394711002046,-0.78051623387618,0.068286322162117));
#7558=DIRECTION('ref_axis',(0.783497679089532,0.619030116522491,-0.0541581175768495));
#7559=DIRECTION('',(0.,0.0871557427476613,0.996194698091745));
#7560=DIRECTION('',(0.,0.0871557427476613,0.996194698091745));
#7561=DIRECTION('',(0.,0.0871557427476613,0.996194698091745));
#7562=DIRECTION('center_axis',(-0.172380331752244,-0.981282128839348,0.0858510619940312));
#7563=DIRECTION('ref_axis',(0.985030467155705,-0.171724372546882,0.0150239358489544));
#7564=DIRECTION('',(0.,0.0871557427476613,0.996194698091745));
#7565=DIRECTION('center_axis',(0.722308010198297,0.688939860780677,-0.0602744276694398));
#7566=DIRECTION('ref_axis',(-0.691571499125996,0.719559410148742,-0.0629532911214153));
#7567=DIRECTION('',(4.80327907619513E-17,0.0871557427476613,0.996194698091745));
#7568=DIRECTION('center_axis',(0.,0.996194698091745,-0.0871557427476613));
#7569=DIRECTION('ref_axis',(0.,0.0871557427476613,0.996194698091745));
#7570=DIRECTION('',(0.,-0.0871557427483302,-0.996194698091687));
#7571=DIRECTION('',(0.,0.0871557427476613,0.996194698091745));
#7572=DIRECTION('',(0.,0.0871557427476613,0.996194698091745));
#7573=DIRECTION('',(0.,0.0871557427476613,0.996194698091745));
#7574=DIRECTION('',(0.,0.0871557427476613,0.996194698091745));
#7575=DIRECTION('',(0.,0.0871557427476613,0.996194698091745));
#7576=DIRECTION('',(0.,0.0871557427476613,0.996194698091745));
#7577=DIRECTION('',(0.,0.0871557427476614,0.996194698091745));
#7578=DIRECTION('',(0.,0.0871557427476614,0.996194698091745));
#7579=DIRECTION('',(0.,0.0871557427476614,0.996194698091745));
#7580=DIRECTION('',(0.,0.0871557427476614,0.996194698091745));
#7581=DIRECTION('',(0.,0.0871557427476614,0.996194698091745));
#7582=DIRECTION('',(0.,0.0871557427476613,0.996194698091745));
#7583=DIRECTION('',(0.,0.0871557427476613,0.996194698091745));
#7584=DIRECTION('',(0.,0.0871557427476613,0.996194698091745));
#7585=DIRECTION('',(0.,0.0871557427476613,0.996194698091745));
#7586=DIRECTION('',(0.,0.0871557427476613,0.996194698091745));
#7587=DIRECTION('',(0.,0.0871557427476613,0.996194698091745));
#7588=DIRECTION('',(0.,0.0871557427476613,0.996194698091745));
#7589=DIRECTION('',(0.,0.0871557427476613,0.996194698091745));
#7590=DIRECTION('',(0.,0.0871557427476613,0.996194698091745));
#7591=DIRECTION('',(0.,0.0871557427476613,0.996194698091745));
#7592=DIRECTION('',(0.,0.0871557427476613,0.996194698091745));
#7593=DIRECTION('',(0.,0.0871557427476613,0.996194698091745));
#7594=DIRECTION('',(0.,0.0871557427476613,0.996194698091745));
#7595=DIRECTION('',(0.,0.0871557427476613,0.996194698091745));
#7596=DIRECTION('',(0.,0.0871557427476613,0.996194698091745));
#7597=DIRECTION('',(0.,0.0871557427476613,0.996194698091745));
#7598=DIRECTION('',(0.,0.0871557427476613,0.996194698091745));
#7599=DIRECTION('',(0.,0.0871557427476613,0.996194698091745));
#7600=DIRECTION('',(0.,0.0871557427483294,0.996194698091687));
#7601=DIRECTION('center_axis',(0.,0.996194698091745,-0.0871557427476613));
#7602=DIRECTION('ref_axis',(0.,0.0871557427476613,0.996194698091745));
#7603=DIRECTION('',(0.,-0.0871557427483302,-0.996194698091687));
#7604=DIRECTION('',(0.,0.0871557427476613,0.996194698091745));
#7605=DIRECTION('',(0.,0.0871557427476613,0.996194698091745));
#7606=DIRECTION('',(0.,0.0871557427476613,0.996194698091745));
#7607=DIRECTION('',(0.,0.0871557427476613,0.996194698091745));
#7608=DIRECTION('',(0.,0.0871557427476613,0.996194698091745));
#7609=DIRECTION('',(0.,0.0871557427476613,0.996194698091745));
#7610=DIRECTION('',(0.,0.0871557427476613,0.996194698091745));
#7611=DIRECTION('',(0.,0.0871557427476613,0.996194698091745));
#7612=DIRECTION('',(0.,0.0871557427483302,0.996194698091687));
#7613=DIRECTION('center_axis',(0.,0.996194698091745,-0.0871557427476613));
#7614=DIRECTION('ref_axis',(0.,0.0871557427476613,0.996194698091745));
#7615=DIRECTION('',(0.,-0.0871557427483302,-0.996194698091687));
#7616=DIRECTION('',(0.,0.0871557427476613,0.996194698091745));
#7617=DIRECTION('',(0.,0.0871557427476613,0.996194698091745));
#7618=DIRECTION('center_axis',(-0.975942150302623,-0.217199960758409,0.019002534284637));
#7619=DIRECTION('ref_axis',(0.218029629322928,-0.97222839577573,0.0850589629883713));
#7620=DIRECTION('',(0.,0.0871557427476613,0.996194698091745));
#7621=DIRECTION('center_axis',(0.718602141766594,-0.692775139030885,0.0606099710378005));
#7622=DIRECTION('ref_axis',(0.695421427516053,0.715867643665254,-0.0626303034057251));
#7623=DIRECTION('',(0.,0.0871557427476613,0.996194698091745));
#7624=DIRECTION('',(0.,0.0871557427476613,0.996194698091745));
#7625=DIRECTION('',(0.,0.0871557427476613,0.996194698091745));
#7626=DIRECTION('',(0.,0.0871557427476613,0.996194698091745));
#7627=DIRECTION('',(0.,0.0871557427476613,0.996194698091745));
#7628=DIRECTION('',(0.,0.0871557427476613,0.996194698091745));
#7629=DIRECTION('',(0.,0.0871557427476613,0.996194698091745));
#7630=DIRECTION('',(0.,0.0871557427476613,0.996194698091745));
#7631=DIRECTION('',(0.,0.0871557427476613,0.996194698091745));
#7632=DIRECTION('',(0.,0.0871557427476613,0.996194698091745));
#7633=DIRECTION('',(0.,0.0871557427476613,0.996194698091745));
#7634=DIRECTION('',(0.,0.0871557427476613,0.996194698091745));
#7635=DIRECTION('',(0.,0.0871557427476614,0.996194698091745));
#7636=DIRECTION('center_axis',(-0.945537585866072,0.32427426438707,-0.028370322007078));
#7637=DIRECTION('ref_axis',(-0.325512939396517,-0.94193952988625,0.0824090305919847));
#7638=DIRECTION('',(0.,0.0871557427476613,0.996194698091745));
#7639=DIRECTION('center_axis',(-0.880098986228183,-0.472983522354395,0.0413806962405715));
#7640=DIRECTION('ref_axis',(0.474790242570469,-0.876749943876436,0.0767056808361779));
#7641=DIRECTION('',(0.,0.0871557427476614,0.996194698091745));
#7642=DIRECTION('',(0.,0.0871557427476614,0.996194698091745));
#7643=DIRECTION('',(0.,0.0871557427476614,0.996194698091745));
#7644=DIRECTION('',(0.,0.0871557427476613,0.996194698091745));
#7645=DIRECTION('',(0.,0.0871557427476613,0.996194698091745));
#7646=DIRECTION('',(0.,0.0871557427476613,0.996194698091745));
#7647=DIRECTION('',(0.,0.0871557427476613,0.996194698091745));
#7648=DIRECTION('',(0.,0.0871557427476613,0.996194698091745));
#7649=DIRECTION('',(0.,0.0871557427483302,0.996194698091687));
#7650=DIRECTION('center_axis',(0.,0.996194698091745,-0.0871557427476613));
#7651=DIRECTION('ref_axis',(0.,0.0871557427476613,0.996194698091745));
#7652=DIRECTION('',(0.,-0.0871557427483294,-0.996194698091687));
#7653=DIRECTION('',(0.,0.0871557427476613,0.996194698091745));
#7654=DIRECTION('',(0.,0.0871557427476613,0.996194698091745));
#7655=DIRECTION('',(0.,0.0871557427476613,0.996194698091745));
#7656=DIRECTION('',(0.,0.0871557427476613,0.996194698091745));
#7657=DIRECTION('',(0.,0.0871557427476613,0.996194698091745));
#7658=DIRECTION('',(0.,0.0871557427476613,0.996194698091745));
#7659=DIRECTION('',(0.,0.0871557427476613,0.996194698091745));
#7660=DIRECTION('',(0.,0.0871557427476613,0.996194698091745));
#7661=DIRECTION('',(0.,0.0871557427483302,0.996194698091687));
#7662=DIRECTION('center_axis',(0.,0.996194698091745,-0.0871557427476613));
#7663=DIRECTION('ref_axis',(0.,0.0871557427476613,0.996194698091745));
#7664=DIRECTION('',(0.,-0.0871557427483294,-0.996194698091687));
#7665=DIRECTION('',(0.,0.0871557427476613,0.996194698091745));
#7666=DIRECTION('',(0.,0.0871557427476613,0.996194698091745));
#7667=DIRECTION('',(0.,0.0871557427476613,0.996194698091745));
#7668=DIRECTION('center_axis',(-0.832050294337839,-0.552589394510031,0.048345307604284));
#7669=DIRECTION('ref_axis',(0.554700196225236,-0.828884091765032,0.0725179614064216));
#7670=DIRECTION('',(0.,0.0871557427476613,0.996194698091745));
#7671=DIRECTION('center_axis',(0.962206045824365,-0.271286196600586,0.0237344667736172));
#7672=DIRECTION('ref_axis',(0.272322465799353,0.958544561322056,-0.0838617826001094));
#7673=DIRECTION('',(0.,0.0871557427476613,0.996194698091745));
#7674=DIRECTION('',(0.,0.0871557427483294,0.996194698091687));
#7675=DIRECTION('center_axis',(0.,0.996194698091745,-0.0871557427476613));
#7676=DIRECTION('ref_axis',(0.,0.0871557427476613,0.996194698091745));
#7677=DIRECTION('',(0.,-0.0871557427483302,-0.996194698091687));
#7678=DIRECTION('',(0.,0.0871557427476613,0.996194698091745));
#7679=DIRECTION('center_axis',(-0.910781899839563,0.411316631881263,-0.0359855424092775));
#7680=DIRECTION('ref_axis',(-0.412887794593926,-0.9073160997381,0.07937987296164));
#7681=DIRECTION('',(0.,0.0871557427476613,0.996194698091745));
#7682=DIRECTION('center_axis',(-0.963730021877004,-0.265863527497577,0.0232600447010516));
#7683=DIRECTION('ref_axis',(0.266879082981319,-0.960062738185713,0.0839946058649067));
#7684=DIRECTION('',(0.,0.0871557427476613,0.996194698091745));
#7685=DIRECTION('',(0.,0.0871557427476613,0.996194698091745));
#7686=DIRECTION('',(0.,0.0871557427476614,0.996194698091745));
#7687=DIRECTION('center_axis',(-0.822557603224141,0.566517793822082,-0.0495638846451508));
#7688=DIRECTION('ref_axis',(-0.568681799759898,-0.819427523206943,0.0716906188617332));
#7689=DIRECTION('',(0.,0.0871557427476613,0.996194698091745));
#7690=DIRECTION('center_axis',(-0.999013806466209,-0.0442316558809824,0.00386976845856587));
#7691=DIRECTION('ref_axis',(0.044400613620721,-0.99521225732209,0.0870697903177273));
#7692=DIRECTION('',(0.,0.0871557427476614,0.996194698091745));
#7693=DIRECTION('',(0.,0.0871557427476614,0.996194698091745));
#7694=DIRECTION('',(0.,0.0871557427476614,0.996194698091745));
#7695=DIRECTION('center_axis',(-0.721387321030954,0.689896535502373,-0.06035812586227));
#7696=DIRECTION('ref_axis',(-0.692531828189711,-0.718642224481645,0.0628730477731959));
#7697=DIRECTION('',(0.,0.0871557427476613,0.996194698091745));
#7698=DIRECTION('center_axis',(0.,-0.996194698091745,0.0871557427476611));
#7699=DIRECTION('ref_axis',(0.,-0.0871557427476611,-0.996194698091745));
#7700=DIRECTION('',(0.,-0.0871557427476647,-0.996194698091745));
#7701=DIRECTION('',(0.,0.0871557427476614,0.996194698091745));
#7702=DIRECTION('',(0.,0.0871557427476614,0.996194698091745));
#7703=DIRECTION('',(0.,0.0871557427476614,0.996194698091745));
#7704=DIRECTION('',(0.,0.0871557427476614,0.996194698091745));
#7705=DIRECTION('',(0.,0.0871557427476614,0.996194698091745));
#7706=DIRECTION('',(0.,0.0871557427476614,0.996194698091745));
#7707=DIRECTION('',(0.,0.0871557427476614,0.996194698091745));
#7708=DIRECTION('',(0.,0.0871557427476614,0.996194698091745));
#7709=DIRECTION('',(0.,0.0871557427476647,0.996194698091745));
#7710=DIRECTION('center_axis',(0.,-0.996194698091745,0.0871557427476612));
#7711=DIRECTION('ref_axis',(0.,-0.0871557427476612,-0.996194698091745));
#7712=DIRECTION('',(8.14163551391845E-14,-0.0871557427476719,-0.996194698091744));
#7713=DIRECTION('',(0.,0.0871557427476614,0.996194698091745));
#7714=DIRECTION('',(0.,0.0871557427476614,0.996194698091745));
#7715=DIRECTION('',(0.,0.0871557427476647,0.996194698091745));
#7716=DIRECTION('center_axis',(0.,-0.996194698091745,0.0871557427476611));
#7717=DIRECTION('ref_axis',(0.,-0.0871557427476611,-0.996194698091745));
#7718=DIRECTION('',(0.,-0.0871557427476719,-0.996194698091744));
#7719=DIRECTION('',(0.,0.0871557427476614,0.996194698091745));
#7720=DIRECTION('',(0.,0.0871557427476614,0.996194698091745));
#7721=DIRECTION('',(0.,0.0871557427476614,0.996194698091745));
#7722=DIRECTION('',(0.,0.0871557427476614,0.996194698091745));
#7723=DIRECTION('',(0.,0.0871557427476614,0.996194698091745));
#7724=DIRECTION('',(0.,0.0871557427476614,0.996194698091745));
#7725=DIRECTION('',(0.,0.0871557427476613,0.996194698091745));
#7726=DIRECTION('',(0.,0.0871557427476613,0.996194698091745));
#7727=DIRECTION('',(0.,0.0871557427476613,0.996194698091745));
#7728=DIRECTION('',(0.,0.0871557427476613,0.996194698091745));
#7729=DIRECTION('',(0.,0.0871557427476613,0.996194698091745));
#7730=DIRECTION('',(0.,0.0871557427476613,0.996194698091745));
#7731=DIRECTION('',(0.,0.0871557427476613,0.996194698091745));
#7732=DIRECTION('',(0.,0.0871557427476613,0.996194698091745));
#7733=DIRECTION('',(0.,0.0871557427476614,0.996194698091745));
#7734=DIRECTION('',(0.,0.0871557427476614,0.996194698091745));
#7735=DIRECTION('',(0.,0.0871557427476614,0.996194698091745));
#7736=DIRECTION('',(0.,0.0871557427476719,0.996194698091744));
#7737=DIRECTION('center_axis',(0.,-0.996194698091745,0.0871557427476611));
#7738=DIRECTION('ref_axis',(0.,-0.0871557427476611,-0.996194698091745));
#7739=DIRECTION('',(0.,-0.0871557427476647,-0.996194698091745));
#7740=DIRECTION('',(0.,0.0871557427476614,0.996194698091745));
#7741=DIRECTION('',(0.,0.0871557427476614,0.996194698091745));
#7742=DIRECTION('',(0.,0.0871557427476647,0.996194698091745));
#7743=DIRECTION('center_axis',(0.,-0.996194698091745,0.0871557427476611));
#7744=DIRECTION('ref_axis',(0.,-0.0871557427476611,-0.996194698091745));
#7745=DIRECTION('',(0.,-0.0871557427476647,-0.996194698091745));
#7746=DIRECTION('',(0.,0.0871557427476614,0.996194698091745));
#7747=DIRECTION('',(0.,0.0871557427476614,0.996194698091745));
#7748=DIRECTION('',(0.,0.0871557427476614,0.996194698091745));
#7749=DIRECTION('',(0.,0.0871557427476614,0.996194698091745));
#7750=DIRECTION('',(0.,0.0871557427476614,0.996194698091745));
#7751=DIRECTION('',(0.,0.0871557427476614,0.996194698091745));
#7752=DIRECTION('',(0.,0.0871557427476614,0.996194698091745));
#7753=DIRECTION('',(0.,0.0871557427476614,0.996194698091745));
#7754=DIRECTION('',(0.,0.0871557427476614,0.996194698091745));
#7755=DIRECTION('',(0.,0.0871557427476647,0.996194698091745));
#7756=DIRECTION('center_axis',(0.,-0.996194698091745,0.0871557427476612));
#7757=DIRECTION('ref_axis',(0.,-0.0871557427476612,-0.996194698091745));
#7758=DIRECTION('',(9.53682646410054E-18,-0.0871557427476613,-0.996194698091745));
#7759=DIRECTION('center_axis',(0.727589406185306,0.683402382610692,-0.0597899611050438));
#7760=DIRECTION('ref_axis',(-0.686012868689002,0.724820708829524,-0.0634135951114077));
#7761=DIRECTION('',(0.,0.0871557427476614,0.996194698091745));
#7762=DIRECTION('',(0.,0.0871557427476614,0.996194698091745));
#7763=DIRECTION('',(0.,0.0871557427476614,0.996194698091745));
#7764=DIRECTION('',(0.,0.0871557427476614,0.996194698091745));
#7765=DIRECTION('',(0.,0.0871557427476613,0.996194698091745));
#7766=DIRECTION('center_axis',(0.981016959364533,-0.193184025490344,0.0169014122047088));
#7767=DIRECTION('ref_axis',(0.193921957083687,0.977283893657033,-0.0855012617414646));
#7768=DIRECTION('',(0.,0.0871557427476613,0.996194698091745));
#7769=DIRECTION('center_axis',(0.887754531448939,0.458565518670679,-0.0401192843675713));
#7770=DIRECTION('ref_axis',(-0.460317164454982,0.884376357436355,-0.0773729055660312));
#7771=DIRECTION('',(0.,0.0871557427476613,0.996194698091745));
#7772=DIRECTION('',(0.,0.0871557427476613,0.996194698091745));
#7773=DIRECTION('',(0.,0.0871557427475068,0.996194698091759));
#7774=DIRECTION('center_axis',(0.,0.996194698091745,-0.0871557427476613));
#7775=DIRECTION('ref_axis',(0.,0.0871557427476613,0.996194698091745));
#7776=DIRECTION('',(0.,-0.0871557427483294,-0.996194698091687));
#7777=DIRECTION('',(0.,0.0871557427476613,0.996194698091745));
#7778=DIRECTION('',(0.,0.0871557427476613,0.996194698091745));
#7779=CARTESIAN_POINT('',(0.,0.,0.));
#7780=CARTESIAN_POINT('Origin',(25.4208582794552,-37.5020582538498,0.));
#7781=CARTESIAN_POINT('',(27.1708582794552,-37.5020582538498,0.2));
#7782=CARTESIAN_POINT('Origin',(25.4208582794552,-37.5020582538498,0.2));
#7783=CARTESIAN_POINT('',(26.9708582794552,-37.5020582538498,0.));
#7784=CARTESIAN_POINT('Origin',(27.1708582794552,-37.5020582538498,0.));
#7785=CARTESIAN_POINT('Origin',(25.4208582794552,-37.5020582538498,0.));
#7786=CARTESIAN_POINT('Origin',(147.6375,-80.9625,0.2));
#7787=CARTESIAN_POINT('',(13.85,-36.6625,0.2));
#7788=CARTESIAN_POINT('',(13.85,-124.115652518318,0.2));
#7789=CARTESIAN_POINT('',(13.85,-36.6625,0.2));
#7790=CARTESIAN_POINT('',(13.8669834708782,-125.339816926975,0.2));
#7791=CARTESIAN_POINT('Origin',(57.9779523557394,-124.115642450313,0.200000000067781));
#7792=CARTESIAN_POINT('',(17.0945103066385,-128.2625,0.20000000000267));
#7793=CARTESIAN_POINT('Ctrl Pts',(13.8669834708781,-125.339816926975,0.200000000000001));
#7794=CARTESIAN_POINT('Ctrl Pts',(13.8769657420637,-125.699513467409,0.200000000000001));
#7795=CARTESIAN_POINT('Ctrl Pts',(13.9564372890225,-126.052602160901,0.200000000000003));
#7796=CARTESIAN_POINT('Ctrl Pts',(14.2452220671973,-126.71908347644,0.200000000000003));
#7797=CARTESIAN_POINT('Ctrl Pts',(14.453419412131,-127.023978333106,0.199999999999989));
#7798=CARTESIAN_POINT('Ctrl Pts',(15.01271050665,-127.593213599818,0.199999999999989));
#7799=CARTESIAN_POINT('Ctrl Pts',(15.3763368784404,-127.834843647226,0.199999999999989));
#7800=CARTESIAN_POINT('Ctrl Pts',(16.1924866006224,-128.174351722044,0.199999999999989));
#7801=CARTESIAN_POINT('Ctrl Pts',(16.642191269449,-128.2625,0.200000000000002));
#7802=CARTESIAN_POINT('Ctrl Pts',(17.0945103066407,-128.2625,0.200000000000002));
#7803=CARTESIAN_POINT('',(278.24140207635,-128.2625,0.199999999314269));
#7804=CARTESIAN_POINT('',(16.85,-128.2625,0.2));
#7805=CARTESIAN_POINT('',(281.425,-125.2625,0.200000000000001));
#7806=CARTESIAN_POINT('Ctrl Pts',(278.241402076853,-128.2625,0.200000000000001));
#7807=CARTESIAN_POINT('Ctrl Pts',(278.476208209922,-128.2625,0.200000000000001));
#7808=CARTESIAN_POINT('Ctrl Pts',(278.710616087975,-128.238205329034,0.199999999999768));
#7809=CARTESIAN_POINT('Ctrl Pts',(279.169037352045,-128.141487828472,0.199999999999768));
#7810=CARTESIAN_POINT('Ctrl Pts',(279.392229758666,-128.069467044575,0.199999999988138));
#7811=CARTESIAN_POINT('Ctrl Pts',(279.974131768616,-127.810182475542,0.199999999988138));
#7812=CARTESIAN_POINT('Ctrl Pts',(280.309257702448,-127.579124016634,0.199999999998777));
#7813=CARTESIAN_POINT('Ctrl Pts',(280.855740089847,-127.016549263004,0.199999999998777));
#7814=CARTESIAN_POINT('Ctrl Pts',(281.067691959566,-126.696240159509,0.199999999999997));
#7815=CARTESIAN_POINT('Ctrl Pts',(281.352237932675,-125.999972589765,0.199999999999997));
#7816=CARTESIAN_POINT('Ctrl Pts',(281.425,-125.633543578134,0.2));
#7817=CARTESIAN_POINT('Ctrl Pts',(281.425,-125.2625,0.2));
#7818=CARTESIAN_POINT('',(281.425,-36.6625,0.2));
#7819=CARTESIAN_POINT('',(281.425,-125.2625,0.2));
#7820=CARTESIAN_POINT('',(278.425,-33.6625,0.2));
#7821=CARTESIAN_POINT('Origin',(278.425,-36.6625,0.2));
#7822=CARTESIAN_POINT('',(16.85,-33.6625,0.2));
#7823=CARTESIAN_POINT('',(278.425,-33.6625,0.2));
#7824=CARTESIAN_POINT('Origin',(16.85,-36.6625,0.2));
#7825=CARTESIAN_POINT('',(75.1708582794552,-37.5020582538498,0.2));
#7826=CARTESIAN_POINT('Origin',(73.4208582794552,-37.5020582538498,0.2));
#7827=CARTESIAN_POINT('',(270.170858279455,-37.5020582538498,0.2));
#7828=CARTESIAN_POINT('Origin',(268.420858279455,-37.5020582538498,0.2));
#7829=CARTESIAN_POINT('',(270.170858279455,-124.50205825385,0.2));
#7830=CARTESIAN_POINT('Origin',(268.420858279455,-124.50205825385,0.2));
#7831=CARTESIAN_POINT('',(27.1708582794552,-124.50205825385,0.2));
#7832=CARTESIAN_POINT('Origin',(25.4208582794552,-124.50205825385,0.2));
#7833=CARTESIAN_POINT('',(157.312290424092,-125.822169620649,0.2));
#7834=CARTESIAN_POINT('',(138.312290424092,-125.822169620649,0.2));
#7835=CARTESIAN_POINT('',(142.974895212046,-125.822169620649,0.2));
#7836=CARTESIAN_POINT('',(137.812290424092,-125.322169620649,0.2));
#7837=CARTESIAN_POINT('Origin',(138.312290424092,-125.322169620649,0.2));
#7838=CARTESIAN_POINT('',(137.812290424092,-123.822169620649,0.2));
#7839=CARTESIAN_POINT('',(137.812290424092,-102.392334810325,0.2));
#7840=CARTESIAN_POINT('',(138.312290424092,-123.322169620649,0.2));
#7841=CARTESIAN_POINT('Origin',(138.312290424092,-123.822169620649,0.2));
#7842=CARTESIAN_POINT('',(157.312290424092,-123.322169620649,0.2));
#7843=CARTESIAN_POINT('',(152.474895212046,-123.322169620649,0.2));
#7844=CARTESIAN_POINT('',(157.812290424092,-123.822169620649,0.2));
#7845=CARTESIAN_POINT('Origin',(157.312290424092,-123.822169620649,0.2));
#7846=CARTESIAN_POINT('',(157.812290424092,-125.322169620649,0.2));
#7847=CARTESIAN_POINT('',(157.812290424092,-103.142334810325,0.2));
#7848=CARTESIAN_POINT('Origin',(157.312290424092,-125.322169620649,0.2));
#7849=CARTESIAN_POINT('',(17.55,-91.8221696206492,0.2));
#7850=CARTESIAN_POINT('',(15.5522904240918,-91.8221696206492,0.2));
#7851=CARTESIAN_POINT('',(81.5948952120459,-91.8221696206492,0.2));
#7852=CARTESIAN_POINT('',(15.0522904240918,-91.3221696206492,0.2));
#7853=CARTESIAN_POINT('Origin',(15.5522904240918,-91.3221696206492,0.2));
#7854=CARTESIAN_POINT('',(15.0522904240918,-72.3221696206492,0.2));
#7855=CARTESIAN_POINT('',(15.0522904240918,-76.6423348103245,0.2));
#7856=CARTESIAN_POINT('',(15.5522904240918,-71.8221696206492,0.2));
#7857=CARTESIAN_POINT('Origin',(15.5522904240918,-72.3221696206492,0.2));
#7858=CARTESIAN_POINT('',(17.55,-71.8221696206492,0.2));
#7859=CARTESIAN_POINT('',(82.59375,-71.8221696206492,0.2));
#7860=CARTESIAN_POINT('',(17.55,-44.3625,0.2));
#7861=CARTESIAN_POINT('',(17.55,-117.5625,0.2));
#7862=CARTESIAN_POINT('',(20.55,-41.3625,0.2));
#7863=CARTESIAN_POINT('Origin',(20.55,-44.3625,0.2));
#7864=CARTESIAN_POINT('',(274.725,-41.3625,0.2));
#7865=CARTESIAN_POINT('',(20.55,-41.3625,0.2));
#7866=CARTESIAN_POINT('',(277.725,-44.3625,0.2));
#7867=CARTESIAN_POINT('Origin',(274.725,-44.3625,0.2));
#7868=CARTESIAN_POINT('',(277.725,-71.8221696206492,0.2));
#7869=CARTESIAN_POINT('',(277.725,-44.3625,0.2));
#7870=CARTESIAN_POINT('',(279.722290424092,-71.8221696206492,0.2));
#7871=CARTESIAN_POINT('',(213.679895212046,-71.8221696206492,0.2));
#7872=CARTESIAN_POINT('',(280.222290424092,-72.3221696206492,0.2));
#7873=CARTESIAN_POINT('Origin',(279.722290424092,-72.3221696206491,0.2));
#7874=CARTESIAN_POINT('',(280.222290424092,-91.3221696206492,0.2));
#7875=CARTESIAN_POINT('',(280.222290424092,-86.1423348103247,0.2));
#7876=CARTESIAN_POINT('',(279.722290424092,-91.8221696206492,0.2));
#7877=CARTESIAN_POINT('Origin',(279.722290424092,-91.3221696206492,0.2));
#7878=CARTESIAN_POINT('',(277.725,-91.8221696206492,0.2));
#7879=CARTESIAN_POINT('',(212.68125,-91.8221696206486,0.2));
#7880=CARTESIAN_POINT('',(277.725,-117.5625,0.2));
#7881=CARTESIAN_POINT('',(277.725,-44.3625,0.2));
#7882=CARTESIAN_POINT('',(274.725,-120.5625,0.2));
#7883=CARTESIAN_POINT('Origin',(274.725,-117.5625,0.2));
#7884=CARTESIAN_POINT('',(20.55,-120.5625,0.2));
#7885=CARTESIAN_POINT('',(274.725,-120.5625,0.2));
#7886=CARTESIAN_POINT('',(17.55,-117.5625,0.2));
#7887=CARTESIAN_POINT('Origin',(20.55,-117.5625,0.2));
#7888=CARTESIAN_POINT('',(17.55,-117.5625,0.2));
#7889=CARTESIAN_POINT('',(106.170858279455,-124.50205825385,0.2));
#7890=CARTESIAN_POINT('Origin',(104.420858279455,-124.50205825385,0.2));
#7891=CARTESIAN_POINT('',(192.170858279455,-124.50205825385,0.2));
#7892=CARTESIAN_POINT('Origin',(190.420858279455,-124.50205825385,0.2));
#7893=CARTESIAN_POINT('',(221.170858279455,-37.5020582538498,0.2));
#7894=CARTESIAN_POINT('Origin',(219.420858279455,-37.5020582538498,0.2));
#7895=CARTESIAN_POINT('Origin',(25.4208582794552,-37.5020582538498,0.2));
#7896=CARTESIAN_POINT('',(26.9708582794552,-37.5020582538498,-2.9));
#7897=CARTESIAN_POINT('',(26.9708582794552,-37.5020582538498,0.2));
#7898=CARTESIAN_POINT('Origin',(25.4208582794552,-37.5020582538498,-2.9));
#7899=CARTESIAN_POINT('Origin',(73.4208582794552,-37.5020582538498,0.));
#7900=CARTESIAN_POINT('',(74.9708582794552,-37.5020582538498,0.));
#7901=CARTESIAN_POINT('Origin',(75.1708582794552,-37.5020582538498,0.));
#7902=CARTESIAN_POINT('Origin',(73.4208582794552,-37.5020582538498,0.));
#7903=CARTESIAN_POINT('Origin',(73.4208582794552,-37.5020582538498,0.2));
#7904=CARTESIAN_POINT('',(74.9708582794552,-37.5020582538498,-2.9));
#7905=CARTESIAN_POINT('',(74.9708582794552,-37.5020582538498,0.2));
#7906=CARTESIAN_POINT('Origin',(73.4208582794552,-37.5020582538498,-2.9));
#7907=CARTESIAN_POINT('Origin',(219.420858279455,-37.5020582538498,0.));
#7908=CARTESIAN_POINT('',(220.970858279455,-37.5020582538498,0.));
#7909=CARTESIAN_POINT('Origin',(221.170858279455,-37.5020582538498,0.));
#7910=CARTESIAN_POINT('Origin',(219.420858279455,-37.5020582538498,0.));
#7911=CARTESIAN_POINT('Origin',(219.420858279455,-37.5020582538498,0.2));
#7912=CARTESIAN_POINT('',(220.970858279455,-37.5020582538498,-2.9));
#7913=CARTESIAN_POINT('',(220.970858279455,-37.5020582538498,0.2));
#7914=CARTESIAN_POINT('Origin',(219.420858279455,-37.5020582538498,-2.9));
#7915=CARTESIAN_POINT('Origin',(268.420858279455,-37.5020582538498,0.));
#7916=CARTESIAN_POINT('',(269.970858279455,-37.5020582538498,0.));
#7917=CARTESIAN_POINT('Origin',(270.170858279455,-37.5020582538498,0.));
#7918=CARTESIAN_POINT('Origin',(268.420858279455,-37.5020582538498,0.));
#7919=CARTESIAN_POINT('Origin',(268.420858279455,-37.5020582538498,0.2));
#7920=CARTESIAN_POINT('',(269.970858279455,-37.5020582538498,-2.9));
#7921=CARTESIAN_POINT('',(269.970858279455,-37.5020582538498,0.2));
#7922=CARTESIAN_POINT('Origin',(268.420858279455,-37.5020582538498,-2.9));
#7923=CARTESIAN_POINT('Origin',(190.420858279455,-124.50205825385,0.));
#7924=CARTESIAN_POINT('',(191.970858279455,-124.50205825385,0.));
#7925=CARTESIAN_POINT('Origin',(192.170858279455,-124.50205825385,0.));
#7926=CARTESIAN_POINT('Origin',(190.420858279455,-124.50205825385,0.));
#7927=CARTESIAN_POINT('Origin',(190.420858279455,-124.50205825385,0.2));
#7928=CARTESIAN_POINT('',(191.970858279455,-124.50205825385,-2.9));
#7929=CARTESIAN_POINT('',(191.970858279455,-124.50205825385,0.2));
#7930=CARTESIAN_POINT('Origin',(190.420858279455,-124.50205825385,-2.9));
#7931=CARTESIAN_POINT('Origin',(268.420858279455,-124.50205825385,0.));
#7932=CARTESIAN_POINT('',(269.970858279455,-124.50205825385,0.));
#7933=CARTESIAN_POINT('Origin',(270.170858279455,-124.50205825385,0.));
#7934=CARTESIAN_POINT('Origin',(268.420858279455,-124.50205825385,0.));
#7935=CARTESIAN_POINT('Origin',(268.420858279455,-124.50205825385,0.2));
#7936=CARTESIAN_POINT('',(269.970858279455,-124.50205825385,-2.9));
#7937=CARTESIAN_POINT('',(269.970858279455,-124.50205825385,0.2));
#7938=CARTESIAN_POINT('Origin',(268.420858279455,-124.50205825385,-2.9));
#7939=CARTESIAN_POINT('Origin',(104.420858279455,-124.50205825385,0.));
#7940=CARTESIAN_POINT('',(105.970858279455,-124.50205825385,0.));
#7941=CARTESIAN_POINT('Origin',(106.170858279455,-124.50205825385,0.));
#7942=CARTESIAN_POINT('Origin',(104.420858279455,-124.50205825385,0.));
#7943=CARTESIAN_POINT('Origin',(104.420858279455,-124.50205825385,0.2));
#7944=CARTESIAN_POINT('',(105.970858279455,-124.50205825385,-2.9));
#7945=CARTESIAN_POINT('',(105.970858279455,-124.50205825385,0.2));
#7946=CARTESIAN_POINT('Origin',(104.420858279455,-124.50205825385,-2.9));
#7947=CARTESIAN_POINT('Origin',(25.4208582794552,-124.50205825385,0.));
#7948=CARTESIAN_POINT('',(26.9708582794552,-124.50205825385,0.));
#7949=CARTESIAN_POINT('Origin',(27.1708582794552,-124.50205825385,0.));
#7950=CARTESIAN_POINT('Origin',(25.4208582794552,-124.50205825385,0.));
#7951=CARTESIAN_POINT('Origin',(25.4208582794552,-124.50205825385,0.2));
#7952=CARTESIAN_POINT('',(26.9708582794552,-124.50205825385,-2.9));
#7953=CARTESIAN_POINT('',(26.9708582794552,-124.50205825385,0.2));
#7954=CARTESIAN_POINT('Origin',(25.4208582794552,-124.50205825385,-2.9));
#7955=CARTESIAN_POINT('Origin',(190.420858279455,-124.50205825385,-2.9));
#7956=CARTESIAN_POINT('Origin',(73.4208582794552,-37.5020582538498,-2.9));
#7957=CARTESIAN_POINT('Origin',(268.420858279455,-124.50205825385,-2.9));
#7958=CARTESIAN_POINT('Origin',(104.420858279455,-124.50205825385,-2.9));
#7959=CARTESIAN_POINT('Origin',(219.420858279455,-37.5020582538498,-2.9));
#7960=CARTESIAN_POINT('Origin',(268.420858279455,-37.5020582538498,-2.9));
#7961=CARTESIAN_POINT('Origin',(25.4208582794552,-124.50205825385,-2.9));
#7962=CARTESIAN_POINT('Origin',(25.4208582794552,-37.5020582538498,-2.9));
#7963=CARTESIAN_POINT('Origin',(147.6375,-81.1675599361563,-8.84384579546677));
#7964=CARTESIAN_POINT('',(279.425,-34.2060778713738,-12.9524430985112));
#7965=CARTESIAN_POINT('',(16.0011051717758,-34.2060778696966,-12.952443098658));
#7966=CARTESIAN_POINT('',(82.24375,-34.2060778713738,-12.9524430985112));
#7967=CARTESIAN_POINT('',(279.424994630463,-125.372484579083,-4.97641476345145));
#7968=CARTESIAN_POINT('',(279.425,-59.4679923602548,-10.7423119617729));
#7969=CARTESIAN_POINT('',(276.225640199329,-128.262500000288,-4.72357242524595));
#7970=CARTESIAN_POINT('Ctrl Pts',(276.225640199329,-128.2625,-4.72357243044759));
#7971=CARTESIAN_POINT('Ctrl Pts',(276.63450281652,-128.262499998868,-4.72357243054664));
#7972=CARTESIAN_POINT('Ctrl Pts',(277.043752377983,-128.190577213554,-4.7298648590185));
#7973=CARTESIAN_POINT('Ctrl Pts',(277.796923403111,-127.918640599783,-4.75365622992117));
#7974=CARTESIAN_POINT('Ctrl Pts',(278.144883077478,-127.722830277267,-4.7707874138202));
#7975=CARTESIAN_POINT('Ctrl Pts',(278.804384136349,-127.161055540653,-4.81993633472919));
#7976=CARTESIAN_POINT('Ctrl Pts',(279.006585288963,-126.842166717533,-4.84783549109493));
#7977=CARTESIAN_POINT('Ctrl Pts',(279.224597201764,-126.411817620404,-4.88548615845237));
#7978=CARTESIAN_POINT('Ctrl Pts',(279.298884167489,-126.210940840161,-4.90306059948631));
#7979=CARTESIAN_POINT('Ctrl Pts',(279.399139300678,-125.797222973441,-4.93925622272243));
#7980=CARTESIAN_POINT('Ctrl Pts',(279.424993926854,-125.585136360728,-4.95781139702037));
#7981=CARTESIAN_POINT('Ctrl Pts',(279.424987522795,-125.372484688151,-4.97641600765074));
#7982=CARTESIAN_POINT('',(19.1922249776064,-128.2625,-4.72357243044759));
#7983=CARTESIAN_POINT('',(213.03125,-128.2625,-4.72357243044758));
#7984=CARTESIAN_POINT('',(15.9850507799208,-125.47322436658,-4.96749520792222));
#7985=CARTESIAN_POINT('Ctrl Pts',(15.9851014786884,-125.473227086076,-4.96760218989586));
#7986=CARTESIAN_POINT('Ctrl Pts',(15.992550352523,-125.677036048793,-4.94977121613312));
#7987=CARTESIAN_POINT('Ctrl Pts',(16.0238663803473,-125.879462945556,-4.93206115747364));
#7988=CARTESIAN_POINT('Ctrl Pts',(16.1310906796117,-126.273658168097,-4.89757354428525));
#7989=CARTESIAN_POINT('Ctrl Pts',(16.2069213300987,-126.464712359218,-4.88085846844921));
#7990=CARTESIAN_POINT('Ctrl Pts',(16.4287541137932,-126.882737893162,-4.8442859731647));
#7991=CARTESIAN_POINT('Ctrl Pts',(16.6378319901749,-127.199962443542,-4.81653242180648));
#7992=CARTESIAN_POINT('Ctrl Pts',(17.3094457314542,-127.750536607194,-4.76836342405667));
#7993=CARTESIAN_POINT('Ctrl Pts',(17.6585224937459,-127.939568012072,-4.75182531856527));
#7994=CARTESIAN_POINT('Ctrl Pts',(18.4007696149732,-128.195852973068,-4.72940328984594));
#7995=CARTESIAN_POINT('Ctrl Pts',(18.7967375291273,-128.2625,-4.72357243044759));
#7996=CARTESIAN_POINT('Ctrl Pts',(19.1922249776064,-128.2625,-4.72357243044759));
#7997=CARTESIAN_POINT('Ctrl Pts',(16.0011051717748,-34.2060778696966,-12.952443098658));
#7998=CARTESIAN_POINT('Ctrl Pts',(15.9920091113949,-52.9595258887461,-11.3117289949684));
#7999=CARTESIAN_POINT('Ctrl Pts',(15.9910086639696,-59.6685531189304,-10.7247651690406));
#8000=CARTESIAN_POINT('Ctrl Pts',(15.900133768059,-90.3413429402976,-8.04124378095761));
#8001=CARTESIAN_POINT('Ctrl Pts',(15.8955313005848,-91.8803297141091,-7.9065998840585));
#8002=CARTESIAN_POINT('Ctrl Pts',(15.8913346192133,-93.2839915889849,-7.78379538258331));
#8003=CARTESIAN_POINT('Ctrl Pts',(15.8892582270912,-93.9786765391977,-7.7230183255919));
#8004=CARTESIAN_POINT('Ctrl Pts',(15.8794768366463,-97.2657165606199,-7.43543958716145));
#8005=CARTESIAN_POINT('Ctrl Pts',(15.8609998129047,-103.525593517864,-6.88777131833544));
#8006=CARTESIAN_POINT('Ctrl Pts',(15.8504537260582,-109.812749464612,-6.33771644717542));
#8007=CARTESIAN_POINT('Ctrl Pts',(15.8482068496461,-112.267785663977,-6.12292861118478));
#8008=CARTESIAN_POINT('Ctrl Pts',(15.8547926765616,-116.443471503468,-5.75760343778363));
#8009=CARTESIAN_POINT('Ctrl Pts',(15.8624480556179,-118.702860872024,-5.55993248154437));
#8010=CARTESIAN_POINT('Ctrl Pts',(15.898475711936,-122.013287228382,-5.27030770392556));
#8011=CARTESIAN_POINT('Ctrl Pts',(15.9231175739427,-123.671853735542,-5.12520193684525));
#8012=CARTESIAN_POINT('Ctrl Pts',(15.9778860294882,-125.268614248766,-4.98550349357238));
#8013=CARTESIAN_POINT('Ctrl Pts',(15.9814862162395,-125.369871551421,-4.97664462749081));
#8014=CARTESIAN_POINT('Ctrl Pts',(15.9851817731194,-125.470121933723,-4.9678738555253));
#8015=CARTESIAN_POINT('',(257.348854166667,-101.069273792579,-7.10267144829303));
#8016=CARTESIAN_POINT('',(258.198960416667,-105.224170954854,-6.73916504847795));
#8017=CARTESIAN_POINT('Ctrl Pts',(257.348854166667,-101.069273792578,-7.10267144829371));
#8018=CARTESIAN_POINT('Ctrl Pts',(257.348854166667,-101.147339298731,-7.09584160149297));
#8019=CARTESIAN_POINT('Ctrl Pts',(257.348854166667,-101.225404804884,-7.08901175469224));
#8020=CARTESIAN_POINT('Ctrl Pts',(257.348854166667,-101.303470311036,-7.0821819078915));
#8021=CARTESIAN_POINT('Ctrl Pts',(257.348854166667,-101.397567126488,-7.07394950326559));
#8022=CARTESIAN_POINT('Ctrl Pts',(257.726679166667,-103.185406620069,-6.91753381537332));
#8023=CARTESIAN_POINT('Ctrl Pts',(258.198960416667,-105.224170954854,-6.73916504847864));
#8024=CARTESIAN_POINT('',(259.049066666667,-113.786981160952,-5.99001622752029));
#8025=CARTESIAN_POINT('Ctrl Pts',(258.198960416667,-105.224170954854,-6.73916504847795));
#8026=CARTESIAN_POINT('Ctrl Pts',(258.891639583333,-108.360731469908,-6.46475156094767));
#8027=CARTESIAN_POINT('Ctrl Pts',(259.049066666667,-109.678086886231,-6.34949789618495));
#8028=CARTESIAN_POINT('Ctrl Pts',(259.049066666667,-113.786981160952,-5.99001622752029));
#8029=CARTESIAN_POINT('',(257.476356262268,-124.817493777099,-5.02497142072773));
#8030=CARTESIAN_POINT('Ctrl Pts',(259.049066666667,-113.786981160952,-5.99001622752029));
#8031=CARTESIAN_POINT('Ctrl Pts',(259.075669546795,-118.742789362685,-5.55643919125986));
#8032=CARTESIAN_POINT('Ctrl Pts',(258.652722567949,-121.795281023758,-5.28938077540851));
#8033=CARTESIAN_POINT('Ctrl Pts',(257.476356262268,-124.817493777099,-5.02497142072777));
#8034=CARTESIAN_POINT('',(263.59456174911,-124.817493777099,-5.02497142072777));
#8035=CARTESIAN_POINT('',(262.548601952022,-124.817493777099,-5.02497142072778));
#8036=CARTESIAN_POINT('',(264.5905,-117.958606645974,-5.62504628910501));
#8037=CARTESIAN_POINT('Ctrl Pts',(263.59456174911,-124.817493777099,-5.02497142072777));
#8038=CARTESIAN_POINT('Ctrl Pts',(264.059087830963,-123.10826643166,-5.1745094368422));
#8039=CARTESIAN_POINT('Ctrl Pts',(264.310008129805,-121.225724039803,-5.33921055473663));
#8040=CARTESIAN_POINT('Ctrl Pts',(264.5905,-117.958606645974,-5.62504628910501));
#8041=CARTESIAN_POINT('',(261.28453125,-96.5358983281534,-7.49929040893683));
#8042=CARTESIAN_POINT('Ctrl Pts',(264.5905,-117.958606645974,-5.62504628910501));
#8043=CARTESIAN_POINT('Ctrl Pts',(265.220208333333,-109.929011727435,-6.32754481718253));
#8044=CARTESIAN_POINT('Ctrl Pts',(263.992277083333,-101.868051203746,-7.03278748013536));
#8045=CARTESIAN_POINT('Ctrl Pts',(261.28453125,-96.5358983281534,-7.49929040893683));
#8046=CARTESIAN_POINT('',(260.402939583333,-94.8421556500241,-7.64747369220319));
#8047=CARTESIAN_POINT('',(246.091968893606,-67.347451764835,-10.0529485891594));
#8048=CARTESIAN_POINT('',(260.938191666667,-92.1447136070774,-7.88346929147923));
#8049=CARTESIAN_POINT('',(259.588327616863,-98.9474522672025,-7.28830677778871));
#8050=CARTESIAN_POINT('',(259.4898625,-75.0818244051821,-9.37627866364396));
#8051=CARTESIAN_POINT('Ctrl Pts',(260.938191666667,-92.1447136070774,-7.88346929147923));
#8052=CARTESIAN_POINT('Ctrl Pts',(261.945725,-86.8125607314851,-8.34997222028071));
#8053=CARTESIAN_POINT('Ctrl Pts',(261.47344375,-80.9785581734841,-8.86038130708703));
#8054=CARTESIAN_POINT('Ctrl Pts',(259.4898625,-75.0818244051821,-9.37627866364396));
#8055=CARTESIAN_POINT('',(254.357739583333,-64.731174705503,-10.2818431724939));
#8056=CARTESIAN_POINT('Ctrl Pts',(259.4898625,-75.0818244051821,-9.37627866364396));
#8057=CARTESIAN_POINT('Ctrl Pts',(258.45084375,-71.9766294952784,-9.64794801629894));
#8058=CARTESIAN_POINT('Ctrl Pts',(255.459729166667,-65.8917020960731,-10.1803101821077));
#8059=CARTESIAN_POINT('Ctrl Pts',(254.357739583333,-64.731174705503,-10.2818431724939));
#8060=CARTESIAN_POINT('',(254.10585625,-61.5318829801476,-10.5617449297748));
#8061=CARTESIAN_POINT('Ctrl Pts',(254.357739583333,-64.731174705503,-10.2818431724939));
#8062=CARTESIAN_POINT('Ctrl Pts',(253.696545833333,-64.0097657870405,-10.3449582746259));
#8063=CARTESIAN_POINT('Ctrl Pts',(253.696545833333,-63.9156689715889,-10.3531906792518));
#8064=CARTESIAN_POINT('Ctrl Pts',(254.10585625,-61.5318829801476,-10.5617449297748));
#8065=CARTESIAN_POINT('',(246.045589583333,-38.1017759326921,-12.611613681626));
#8066=CARTESIAN_POINT('Ctrl Pts',(254.10585625,-61.5318829801476,-10.5617449297748));
#8067=CARTESIAN_POINT('Ctrl Pts',(255.42824375,-54.1609657697701,-11.2066166254709));
#8068=CARTESIAN_POINT('Ctrl Pts',(252.090789583333,-44.5003593834028,-12.0518101670642));
#8069=CARTESIAN_POINT('Ctrl Pts',(246.045589583333,-38.1017759326921,-12.611613681626));
#8070=CARTESIAN_POINT('',(245.658472245162,-37.6927593146949,-12.6473979988944));
#8071=CARTESIAN_POINT('',(233.678384188476,-25.0349560672405,-13.7548122881883));
#8072=CARTESIAN_POINT('',(236.698517076486,-37.6927593146949,-12.6473979988945));
#8073=CARTESIAN_POINT('',(238.037769868268,-37.6927593146949,-12.6473979988944));
#8074=CARTESIAN_POINT('',(232.601316666667,-43.2143695722306,-12.1643196969516));
#8075=CARTESIAN_POINT('Ctrl Pts',(236.698517076486,-37.6927593146949,-12.6473979988945));
#8076=CARTESIAN_POINT('Ctrl Pts',(235.739054944155,-39.5222757436243,-12.4873360516287));
#8077=CARTESIAN_POINT('Ctrl Pts',(234.373803914581,-41.3594482643929,-12.3266042831201));
#8078=CARTESIAN_POINT('Ctrl Pts',(232.601316666667,-43.2143695722306,-12.1643196969516));
#8079=CARTESIAN_POINT('',(199.4156875,-57.7052791517814,-10.8965293845617));
#8080=CARTESIAN_POINT('Ctrl Pts',(232.601316666667,-43.2143695722306,-12.1643196969516));
#8081=CARTESIAN_POINT('Ctrl Pts',(225.611554166667,-50.4911899671565,-11.5276804058814));
#8082=CARTESIAN_POINT('Ctrl Pts',(213.836008333333,-55.6351492118456,-11.0776422863317));
#8083=CARTESIAN_POINT('Ctrl Pts',(199.4156875,-57.7052791517814,-10.8965293845617));
#8084=CARTESIAN_POINT('',(180.681864583333,-57.6739135466309,-10.899273519437));
#8085=CARTESIAN_POINT('Ctrl Pts',(199.4156875,-57.7052791517814,-10.8965293845617));
#8086=CARTESIAN_POINT('Ctrl Pts',(195.983777083333,-58.1757632290395,-10.8553673614322));
#8087=CARTESIAN_POINT('Ctrl Pts',(184.77496875,-58.1757632290395,-10.8553673614322));
#8088=CARTESIAN_POINT('Ctrl Pts',(180.681864583333,-57.6739135466309,-10.899273519437));
#8089=CARTESIAN_POINT('',(163.9001375,-53.5336536667592,-11.261499322977));
#8090=CARTESIAN_POINT('Ctrl Pts',(180.681864583333,-57.6739135466309,-10.899273519437));
#8091=CARTESIAN_POINT('Ctrl Pts',(174.38478125,-56.8897734178673,-10.9678768913196));
#8092=CARTESIAN_POINT('Ctrl Pts',(168.276610416667,-55.3842243706412,-11.0995953653341));
#8093=CARTESIAN_POINT('Ctrl Pts',(163.9001375,-53.5336536667592,-11.261499322977));
#8094=CARTESIAN_POINT('',(161.318333333333,-48.7974472890272,-11.6758636891477));
#8095=CARTESIAN_POINT('Ctrl Pts',(163.9001375,-53.5336536667592,-11.261499322977));
#8096=CARTESIAN_POINT('Ctrl Pts',(161.412789583333,-52.4672230916407,-11.3547999087373));
#8097=CARTESIAN_POINT('Ctrl Pts',(161.318333333333,-52.310395065888,-11.3685205831138));
#8098=CARTESIAN_POINT('Ctrl Pts',(161.318333333333,-48.7974472890272,-11.6758636891477));
#8099=CARTESIAN_POINT('',(161.601702083333,-45.723617984274,-11.9447889069274));
#8100=CARTESIAN_POINT('Ctrl Pts',(161.318333333333,-48.7974472890272,-11.6758636891477));
#8101=CARTESIAN_POINT('Ctrl Pts',(161.318333333333,-47.1037046108979,-11.8240469724141));
#8102=CARTESIAN_POINT('Ctrl Pts',(161.444275,-45.723617984274,-11.9447889069274));
#8103=CARTESIAN_POINT('Ctrl Pts',(161.601702083333,-45.723617984274,-11.9447889069274));
#8104=CARTESIAN_POINT('',(164.214991666667,-46.6332205336398,-11.8652089955436));
#8105=CARTESIAN_POINT('Ctrl Pts',(161.601702083333,-45.723617984274,-11.9447889069274));
#8106=CARTESIAN_POINT('Ctrl Pts',(161.759129166667,-45.723617984274,-11.9447889069274));
#8107=CARTESIAN_POINT('Ctrl Pts',(162.955575,-46.1313708512311,-11.9091151535485));
#8108=CARTESIAN_POINT('Ctrl Pts',(164.214991666667,-46.6332205336398,-11.8652089955436));
#8109=CARTESIAN_POINT('',(184.932395833333,-50.3343619414038,-11.5414010802579));
#8110=CARTESIAN_POINT('Ctrl Pts',(164.214991666667,-46.6332205336398,-11.8652089955436));
#8111=CARTESIAN_POINT('Ctrl Pts',(169.819395833333,-48.8915441044788,-11.6676312845218));
#8112=CARTESIAN_POINT('Ctrl Pts',(176.525789583333,-50.0834371001995,-11.5633541592603));
#8113=CARTESIAN_POINT('Ctrl Pts',(184.932395833333,-50.3343619414038,-11.5414010802579));
#8114=CARTESIAN_POINT('',(202.564229166667,-48.8601784993283,-11.6703754193971));
#8115=CARTESIAN_POINT('Ctrl Pts',(184.932395833333,-50.3343619414038,-11.5414010802579));
#8116=CARTESIAN_POINT('Ctrl Pts',(191.701760416667,-50.5539211774576,-11.5221921361308));
#8117=CARTESIAN_POINT('Ctrl Pts',(196.204175,-50.1775339156511,-11.5551217546344));
#8118=CARTESIAN_POINT('Ctrl Pts',(202.564229166667,-48.8601784993283,-11.6703754193971));
#8119=CARTESIAN_POINT('',(226.12641336272,-37.6927593146949,-12.6473979988944));
#8120=CARTESIAN_POINT('Ctrl Pts',(202.564229166667,-48.8601784993283,-11.6703754193971));
#8121=CARTESIAN_POINT('Ctrl Pts',(212.928648279124,-46.7256875721594,-11.8571191779233));
#8122=CARTESIAN_POINT('Ctrl Pts',(221.38072540182,-42.6664918489947,-12.2122527867332));
#8123=CARTESIAN_POINT('Ctrl Pts',(226.12641336272,-37.6927593146946,-12.6473979988945));
#8124=CARTESIAN_POINT('',(217.272704330547,-37.6927593146949,-12.6473979988944));
#8125=CARTESIAN_POINT('',(221.716568140682,-37.6927593146949,-12.6473979988944));
#8126=CARTESIAN_POINT('',(174.4792375,-43.9671440958436,-12.0984604599444));
#8127=CARTESIAN_POINT('Ctrl Pts',(217.272704330547,-37.6927593146949,-12.6473979988945));
#8128=CARTESIAN_POINT('Ctrl Pts',(207.233450806629,-43.9775048411367,-12.0975540121855));
#8129=CARTESIAN_POINT('Ctrl Pts',(190.129485860226,-46.6467947027661,-11.8640214096283));
#8130=CARTESIAN_POINT('Ctrl Pts',(174.4792375,-43.9671440958436,-12.0984604599444));
#8131=CARTESIAN_POINT('',(160.8775375,-39.1682065078106,-12.5183130958657));
#8132=CARTESIAN_POINT('Ctrl Pts',(174.4792375,-43.9671440958436,-12.0984604599444));
#8133=CARTESIAN_POINT('Ctrl Pts',(169.158202083333,-43.0575415464779,-12.1780403713281));
#8134=CARTESIAN_POINT('Ctrl Pts',(162.136954166667,-40.579658739585,-12.3948270264771));
#8135=CARTESIAN_POINT('Ctrl Pts',(160.8775375,-39.1682065078106,-12.5183130958657));
#8136=CARTESIAN_POINT('',(160.426363160591,-37.6927593146949,-12.6473979988944));
#8137=CARTESIAN_POINT('Ctrl Pts',(160.8775375,-39.1682065078106,-12.5183130958657));
#8138=CARTESIAN_POINT('Ctrl Pts',(160.724666216489,-38.996880750421,-12.5333021574073));
#8139=CARTESIAN_POINT('Ctrl Pts',(160.560197485753,-38.4442955835998,-12.5816470951367));
#8140=CARTESIAN_POINT('Ctrl Pts',(160.426363160594,-37.6927593147081,-12.6473979988933));
#8141=CARTESIAN_POINT('',(155.435191108092,-37.6927593146949,-12.6473979988944));
#8142=CARTESIAN_POINT('',(82.24375,-37.6927593146949,-12.6473979988944));
#8143=CARTESIAN_POINT('',(155.713929166667,-40.0778090571763,-12.4387331844819));
#8144=CARTESIAN_POINT('Ctrl Pts',(155.435191108091,-37.6927593146856,-12.6473979988952));
#8145=CARTESIAN_POINT('Ctrl Pts',(155.539073314259,-38.7618853200576,-12.5538615935444));
#8146=CARTESIAN_POINT('Ctrl Pts',(155.636955672677,-39.6177255375398,-12.4789852767252));
#8147=CARTESIAN_POINT('Ctrl Pts',(155.713929166667,-40.0778090571763,-12.4387331844819));
#8148=CARTESIAN_POINT('',(156.186210416667,-65.7976052806214,-10.1885425867336));
#8149=CARTESIAN_POINT('Ctrl Pts',(155.713929166667,-40.0778090571763,-12.4387331844819));
#8150=CARTESIAN_POINT('Ctrl Pts',(156.24918125,-43.2457351773811,-12.1615755620763));
#8151=CARTESIAN_POINT('Ctrl Pts',(156.406608333333,-52.0908358298342,-11.3877295272409));
#8152=CARTESIAN_POINT('Ctrl Pts',(156.186210416667,-65.7976052806214,-10.1885425867336));
#8153=CARTESIAN_POINT('',(155.084220833333,-77.7165352378277,-9.14577133411852));
#8154=CARTESIAN_POINT('Ctrl Pts',(156.186210416667,-65.7976052806214,-10.1885425867336));
#8155=CARTESIAN_POINT('Ctrl Pts',(156.091754166667,-72.6353072034398,-9.59032118391758));
#8156=CARTESIAN_POINT('Ctrl Pts',(155.997297916667,-73.4821785425044,-9.5162295422844));
#8157=CARTESIAN_POINT('Ctrl Pts',(155.084220833333,-77.7165352378277,-9.14577133411852));
#8158=CARTESIAN_POINT('',(153.446979166667,-86.0284206027215,-8.41857559216328));
#8159=CARTESIAN_POINT('Ctrl Pts',(155.084220833333,-77.7165352378277,-9.14577133411852));
#8160=CARTESIAN_POINT('Ctrl Pts',(154.54896875,-80.2257836498711,-8.9262405440943));
#8161=CARTESIAN_POINT('Ctrl Pts',(153.79331875,-83.9582906627857,-8.59968849393326));
#8162=CARTESIAN_POINT('Ctrl Pts',(153.446979166667,-86.0284206027215,-8.41857559216328));
#8163=CARTESIAN_POINT('',(151.71528125,-93.8698218903573,-7.73254187333757));
#8164=CARTESIAN_POINT('Ctrl Pts',(153.446979166667,-86.0284206027215,-8.41857559216328));
#8165=CARTESIAN_POINT('Ctrl Pts',(153.069154166667,-88.0985505426574,-8.23746269039329));
#8166=CARTESIAN_POINT('Ctrl Pts',(152.28201875,-91.6114983195182,-7.93011958435938));
#8167=CARTESIAN_POINT('Ctrl Pts',(151.71528125,-93.8698218903573,-7.73254187333757));
#8168=CARTESIAN_POINT('',(150.266952083333,-100.927083049229,-7.11511152639444));
#8169=CARTESIAN_POINT('Ctrl Pts',(151.71528125,-93.8698218903573,-7.73254187333757));
#8170=CARTESIAN_POINT('Ctrl Pts',(151.117058333333,-96.0967798560458,-7.53770829719108));
#8171=CARTESIAN_POINT('Ctrl Pts',(150.48735,-99.2960715814012,-7.25780653991019));
#8172=CARTESIAN_POINT('Ctrl Pts',(150.266952083333,-100.927083049229,-7.11511152639444));
#8173=CARTESIAN_POINT('',(148.2204,-106.478795160875,-6.62939965346584));
#8174=CARTESIAN_POINT('Ctrl Pts',(150.266952083333,-100.927083049229,-7.11511152639444));
#8175=CARTESIAN_POINT('Ctrl Pts',(149.857641666667,-104.471396431241,-6.80502428548522));
#8176=CARTESIAN_POINT('Ctrl Pts',(149.385360416667,-105.694655032112,-6.69800302534841));
#8177=CARTESIAN_POINT('Ctrl Pts',(148.2204,-106.478795160875,-6.62939965346584));
#8178=CARTESIAN_POINT('',(143.906897916667,-106.604257581478,-6.61842311396463));
#8179=CARTESIAN_POINT('Ctrl Pts',(148.2204,-106.478795160875,-6.62939965346584));
#8180=CARTESIAN_POINT('Ctrl Pts',(147.18138125,-107.137472869037,-6.57177282108448));
#8181=CARTESIAN_POINT('Ctrl Pts',(145.071858333333,-107.231569684488,-6.56354041645858));
#8182=CARTESIAN_POINT('Ctrl Pts',(143.906897916667,-106.604257581478,-6.61842311396463));
#8183=CARTESIAN_POINT('',(142.143714583333,-101.55439515224,-7.06022882888838));
#8184=CARTESIAN_POINT('Ctrl Pts',(143.906897916667,-106.604257581478,-6.61842311396463));
#8185=CARTESIAN_POINT('Ctrl Pts',(142.804908333333,-106.008311083617,-6.67056167659538));
#8186=CARTESIAN_POINT('Ctrl Pts',(142.45856875,-105.067342929101,-6.75288572285447));
#8187=CARTESIAN_POINT('Ctrl Pts',(142.143714583333,-101.55439515224,-7.06022882888838));
#8188=CARTESIAN_POINT('',(140.034191666667,-90.733261375303,-8.00695536086786));
#8189=CARTESIAN_POINT('Ctrl Pts',(142.143714583333,-101.55439515224,-7.06022882888838));
#8190=CARTESIAN_POINT('Ctrl Pts',(141.860345833333,-98.6373938732398,-7.31543337229154));
#8191=CARTESIAN_POINT('Ctrl Pts',(140.915783333333,-93.8384562852067,-7.73528600821288));
#8192=CARTESIAN_POINT('Ctrl Pts',(140.034191666667,-90.733261375303,-8.00695536086786));
#8193=CARTESIAN_POINT('',(139.1526,-86.0284206027215,-8.41857559216328));
#8194=CARTESIAN_POINT('Ctrl Pts',(140.034191666667,-90.733261375303,-8.00695536086786));
#8195=CARTESIAN_POINT('Ctrl Pts',(139.782308333333,-89.8550244310878,-8.08379113737633));
#8196=CARTESIAN_POINT('Ctrl Pts',(139.404483333333,-87.7535288860014,-8.26764817402162));
#8197=CARTESIAN_POINT('Ctrl Pts',(139.1526,-86.0284206027215,-8.41857559216328));
#8198=CARTESIAN_POINT('',(137.861697916667,-79.1279874696021,-9.0222852647299));
#8199=CARTESIAN_POINT('Ctrl Pts',(139.1526,-86.0284206027215,-8.41857559216328));
#8200=CARTESIAN_POINT('Ctrl Pts',(138.900716666667,-84.3033123194417,-8.56950301030493));
#8201=CARTESIAN_POINT('Ctrl Pts',(138.30249375,-81.198117409538,-8.84117236295991));
#8202=CARTESIAN_POINT('Ctrl Pts',(137.861697916667,-79.1279874696021,-9.0222852647299));
#8203=CARTESIAN_POINT('',(136.3189125,-66.2994549630301,-10.1446364287288));
#8204=CARTESIAN_POINT('Ctrl Pts',(137.861697916667,-79.1279874696021,-9.0222852647299));
#8205=CARTESIAN_POINT('Ctrl Pts',(136.381883333333,-72.4471135725365,-9.6067859931694));
#8206=CARTESIAN_POINT('Ctrl Pts',(136.13,-70.3769836326007,-9.78789889493938));
#8207=CARTESIAN_POINT('Ctrl Pts',(136.3189125,-66.2994549630301,-10.1446364287288));
#8208=CARTESIAN_POINT('',(136.004058333333,-60.3713555895775,-10.663277920161));
#8209=CARTESIAN_POINT('Ctrl Pts',(136.3189125,-66.2994549630301,-10.1446364287288));
#8210=CARTESIAN_POINT('Ctrl Pts',(136.476339583333,-63.3824536840296,-10.3998409721319));
#8211=CARTESIAN_POINT('Ctrl Pts',(136.381883333333,-62.0023670574058,-10.5205829066452));
#8212=CARTESIAN_POINT('Ctrl Pts',(136.004058333333,-60.3713555895775,-10.663277920161));
#8213=CARTESIAN_POINT('',(135.972572916667,-52.5299543019418,-11.3493116389867));
#8214=CARTESIAN_POINT('Ctrl Pts',(136.004058333333,-60.3713555895775,-10.663277920161));
#8215=CARTESIAN_POINT('Ctrl Pts',(135.37435,-57.7052791517814,-10.8965293845617));
#8216=CARTESIAN_POINT('Ctrl Pts',(135.37435,-55.6665148169961,-11.0748981514564));
#8217=CARTESIAN_POINT('Ctrl Pts',(135.972572916667,-52.5299543019418,-11.3493116389867));
#8218=CARTESIAN_POINT('',(136.444854166667,-46.413661297586,-11.8844179396707));
#8219=CARTESIAN_POINT('Ctrl Pts',(135.972572916667,-52.5299543019418,-11.3493116389867));
#8220=CARTESIAN_POINT('Ctrl Pts',(136.22445625,-51.1812332804685,-11.4673094386247));
#8221=CARTESIAN_POINT('Ctrl Pts',(136.444854166667,-48.4210600272207,-11.7087933076514));
#8222=CARTESIAN_POINT('Ctrl Pts',(136.444854166667,-46.413661297586,-11.8844179396707));
#8223=CARTESIAN_POINT('',(136.759708333333,-40.7051211601872,-12.3838504869758));
#8224=CARTESIAN_POINT('Ctrl Pts',(136.444854166667,-46.413661297586,-11.8844179396707));
#8225=CARTESIAN_POINT('Ctrl Pts',(136.444854166667,-44.3748969628007,-12.0627867065654));
#8226=CARTESIAN_POINT('Ctrl Pts',(136.60228125,-41.8342829456067,-12.2850616314649));
#8227=CARTESIAN_POINT('Ctrl Pts',(136.759708333333,-40.7051211601872,-12.3838504869758));
#8228=CARTESIAN_POINT('',(137.08961669446,-37.6927593146949,-12.6473979988944));
#8229=CARTESIAN_POINT('Origin',(136.960577580626,-24.4765522732167,-13.8036662898331));
#8230=CARTESIAN_POINT('',(132.134932391637,-37.6927593146949,-12.6473979988944));
#8231=CARTESIAN_POINT('',(132.226028394611,-37.6927593146949,-12.6473979988944));
#8232=CARTESIAN_POINT('',(131.973925,-38.3527007738965,-12.5896606026236));
#8233=CARTESIAN_POINT('Origin',(131.89316677525,-36.5813185120778,-12.7446364693037));
#8234=CARTESIAN_POINT('',(124.952677083333,-42.3988638383165,-12.2356672037095));
#8235=CARTESIAN_POINT('Ctrl Pts',(131.973925,-38.3527007738965,-12.5896606026236));
#8236=CARTESIAN_POINT('Ctrl Pts',(131.470158333333,-39.9209810314236,-12.4524538588584));
#8237=CARTESIAN_POINT('Ctrl Pts',(129.832916666667,-40.8619491859399,-12.3701298125993));
#8238=CARTESIAN_POINT('Ctrl Pts',(124.952677083333,-42.3988638383165,-12.2356672037095));
#8239=CARTESIAN_POINT('',(75.8195684334095,-37.6927593146949,-12.6473979988944));
#8240=CARTESIAN_POINT('Ctrl Pts',(124.952677083333,-42.3988638383165,-12.2356672037095));
#8241=CARTESIAN_POINT('Ctrl Pts',(109.549485209484,-47.30220645736,-11.8066803111597));
#8242=CARTESIAN_POINT('Ctrl Pts',(88.4219298728663,-45.1237397651168,-11.9972714505998));
#8243=CARTESIAN_POINT('Ctrl Pts',(75.8195684334096,-37.6927593146949,-12.6473979988944));
#8244=CARTESIAN_POINT('',(66.9035358180668,-37.6927593146949,-12.6473979988944));
#8245=CARTESIAN_POINT('',(82.24375,-37.6927593146949,-12.6473979988944));
#8246=CARTESIAN_POINT('',(94.8211333333333,-49.6443186280919,-11.6017720475145));
#8247=CARTESIAN_POINT('Ctrl Pts',(66.9035358180667,-37.6927593146949,-12.6473979988945));
#8248=CARTESIAN_POINT('Ctrl Pts',(72.4510567049019,-43.1550830343987,-12.1695065969116));
#8249=CARTESIAN_POINT('Ctrl Pts',(83.0765108627159,-47.8288121500425,-11.7606082829017));
#8250=CARTESIAN_POINT('Ctrl Pts',(94.8211333333333,-49.6443186280919,-11.6017720475145));
#8251=CARTESIAN_POINT('',(119.852039583333,-49.2052001559843,-11.6401899357688));
#8252=CARTESIAN_POINT('Ctrl Pts',(94.8211333333333,-49.6443186280919,-11.6017720475145));
#8253=CARTESIAN_POINT('Ctrl Pts',(101.873866666667,-50.7421148083609,-11.5057273268789));
#8254=CARTESIAN_POINT('Ctrl Pts',(112.264054166667,-50.5539211774576,-11.5221921361308));
#8255=CARTESIAN_POINT('Ctrl Pts',(119.852039583333,-49.2052001559843,-11.6401899357688));
#8256=CARTESIAN_POINT('',(130.55708125,-46.1941020615322,-11.9036268837979));
#8257=CARTESIAN_POINT('Ctrl Pts',(119.852039583333,-49.2052001559843,-11.6401899357688));
#8258=CARTESIAN_POINT('Ctrl Pts',(122.5283,-48.7347160787261,-11.6813519588983));
#8259=CARTESIAN_POINT('Ctrl Pts',(128.29013125,-47.1037046108979,-11.8240469724141));
#8260=CARTESIAN_POINT('Ctrl Pts',(130.55708125,-46.1941020615322,-11.9036268837979));
#8261=CARTESIAN_POINT('',(131.092333333333,-48.5778880529734,-11.6950726332748));
#8262=CARTESIAN_POINT('Ctrl Pts',(130.55708125,-46.1941020615322,-11.9036268837979));
#8263=CARTESIAN_POINT('Ctrl Pts',(131.0293625,-46.0059084306289,-11.9200916930497));
#8264=CARTESIAN_POINT('Ctrl Pts',(131.092333333333,-46.2254676666827,-11.9008827489226));
#8265=CARTESIAN_POINT('Ctrl Pts',(131.092333333333,-48.5778880529734,-11.6950726332748));
#8266=CARTESIAN_POINT('',(127.2511125,-53.9414065337162,-11.2258255695981));
#8267=CARTESIAN_POINT('Ctrl Pts',(131.092333333333,-48.5778880529734,-11.6950726332748));
#8268=CARTESIAN_POINT('Ctrl Pts',(131.092333333333,-52.2790294607375,-11.3712647179891));
#8269=CARTESIAN_POINT('Ctrl Pts',(130.871935416667,-52.5299543019418,-11.3493116389867));
#8270=CARTESIAN_POINT('Ctrl Pts',(127.2511125,-53.9414065337162,-11.2258255695981));
#8271=CARTESIAN_POINT('',(102.755458333333,-57.799375967233,-10.8882969799358));
#8272=CARTESIAN_POINT('Ctrl Pts',(127.2511125,-53.9414065337162,-11.2258255695981));
#8273=CARTESIAN_POINT('Ctrl Pts',(119.474214583333,-56.9838702333189,-10.9596444866937));
#8274=CARTESIAN_POINT('Ctrl Pts',(114.247635416667,-57.799375967233,-10.8882969799358));
#8275=CARTESIAN_POINT('Ctrl Pts',(102.755458333333,-57.799375967233,-10.8882969799358));
#8276=CARTESIAN_POINT('',(90.4761458333333,-57.0779670487705,-10.9514120820678));
#8277=CARTESIAN_POINT('Ctrl Pts',(102.755458333333,-57.799375967233,-10.8882969799358));
#8278=CARTESIAN_POINT('Ctrl Pts',(94.9785604166667,-57.799375967233,-10.8882969799358));
#8279=CARTESIAN_POINT('Ctrl Pts',(93.71914375,-57.7366447569319,-10.8937852496864));
#8280=CARTESIAN_POINT('Ctrl Pts',(90.4761458333333,-57.0779670487705,-10.9514120820678));
#8281=CARTESIAN_POINT('',(57.4164583333333,-39.5445937696171,-12.4853834773621));
#8282=CARTESIAN_POINT('Ctrl Pts',(90.4761458333333,-57.0779670487705,-10.9514120820678));
#8283=CARTESIAN_POINT('Ctrl Pts',(74.8908645833333,-53.9727721388668,-11.2230814347228));
#8284=CARTESIAN_POINT('Ctrl Pts',(62.8004645833333,-47.5741886881561,-11.7828849492845));
#8285=CARTESIAN_POINT('Ctrl Pts',(57.4164583333333,-39.5445937696171,-12.4853834773621));
#8286=CARTESIAN_POINT('',(56.3153820462747,-37.6927593146949,-12.6473979988944));
#8287=CARTESIAN_POINT('Origin',(152.936253401886,-34.8282711967939,-12.8980082361553));
#8288=CARTESIAN_POINT('',(47.082903001896,-37.6927593146949,-12.6473979988944));
#8289=CARTESIAN_POINT('',(49.095063143386,-37.6927593146949,-12.6473979988944));
#8290=CARTESIAN_POINT('',(46.9003291666667,-37.8822166966383,-12.6308226257531));
#8291=CARTESIAN_POINT('',(61.3369676424281,-22.9012763759915,-13.9414850727681));
#8292=CARTESIAN_POINT('',(40.5717604166667,-47.6682855036077,-11.7746525446586));
#8293=CARTESIAN_POINT('Ctrl Pts',(46.9003291666667,-37.8822166966383,-12.6308226257531));
#8294=CARTESIAN_POINT('Ctrl Pts',(44.22406875,-40.6737555550366,-12.3865946218512));
#8295=CARTESIAN_POINT('Ctrl Pts',(42.051575,-44.0612409112953,-12.0902280553184));
#8296=CARTESIAN_POINT('Ctrl Pts',(40.5717604166667,-47.6682855036077,-11.7746525446586));
#8297=CARTESIAN_POINT('',(38.9030333333333,-58.8344409372009,-10.7977405290508));
#8298=CARTESIAN_POINT('Ctrl Pts',(40.5717604166667,-47.6682855036077,-11.7746525446586));
#8299=CARTESIAN_POINT('Ctrl Pts',(39.0919458333333,-51.2753300959201,-11.4590770339988));
#8300=CARTESIAN_POINT('Ctrl Pts',(38.7141208333333,-53.8159441131141,-11.2368021090993));
#8301=CARTESIAN_POINT('Ctrl Pts',(38.9030333333333,-58.8344409372009,-10.7977405290508));
#8302=CARTESIAN_POINT('',(39.0919458333333,-63.0687976325242,-10.4272823208849));
#8303=CARTESIAN_POINT('',(39.5074188376088,-72.3813677238618,-9.6125380096023));
#8304=CARTESIAN_POINT('',(37.3287625,-65.6094116497182,-10.2050073959854));
#8305=CARTESIAN_POINT('',(52.3944764473706,-43.9008557042836,-12.1042599427292));
#8306=CARTESIAN_POINT('',(31.2835625,-81.4176766455918,-8.82196341883279));
#8307=CARTESIAN_POINT('Ctrl Pts',(37.3287625,-65.6094116497182,-10.2050073959854));
#8308=CARTESIAN_POINT('Ctrl Pts',(34.0542791666667,-70.3769836326007,-9.78789889493938));
#8309=CARTESIAN_POINT('Ctrl Pts',(32.0706979166667,-75.5836740875908,-9.33237250563912));
#8310=CARTESIAN_POINT('Ctrl Pts',(31.2835625,-81.4176766455918,-8.82196341883279));
#8311=CARTESIAN_POINT('',(31.8503,-92.7720257100883,-7.82858659397317));
#8312=CARTESIAN_POINT('Ctrl Pts',(31.2835625,-81.4176766455918,-8.82196341883279));
#8313=CARTESIAN_POINT('Ctrl Pts',(30.7797958333333,-84.9619900276031,-8.51187617792357));
#8314=CARTESIAN_POINT('Ctrl Pts',(31.0316791666667,-89.9177556413889,-8.07830286762573));
#8315=CARTESIAN_POINT('Ctrl Pts',(31.8503,-92.7720257100883,-7.82858659397317));
#8316=CARTESIAN_POINT('',(32.4170375,-94.8107900448735,-7.65021782707849));
#8317=CARTESIAN_POINT('',(34.4757083370938,-102.216590225256,-7.00229426695676));
#8318=CARTESIAN_POINT('',(31.3465333333333,-97.1632104311642,-7.44440771143078));
#8319=CARTESIAN_POINT('',(44.8132905953995,-67.5701688466957,-10.033463369323));
#8320=CARTESIAN_POINT('',(29.4295442338892,-124.817493777099,-5.02497142072779));
#8321=CARTESIAN_POINT('Ctrl Pts',(31.3465333333333,-97.1632104311642,-7.44440771143078));
#8322=CARTESIAN_POINT('Ctrl Pts',(27.8883354972331,-104.778558361141,-6.77815109875217));
#8323=CARTESIAN_POINT('Ctrl Pts',(27.0897718930972,-116.848582869955,-5.72216078575089));
#8324=CARTESIAN_POINT('Ctrl Pts',(29.4295442338892,-124.817493777099,-5.02497142072778));
#8325=CARTESIAN_POINT('',(35.1511980119001,-124.817493777099,-5.02497142072773));
#8326=CARTESIAN_POINT('',(213.03125,-124.817493777099,-5.02497142072773));
#8327=CARTESIAN_POINT('',(35.250725,-102.589460122208,-6.96967237800339));
#8328=CARTESIAN_POINT('Ctrl Pts',(35.1511980119001,-124.817493777099,-5.02497142072778));
#8329=CARTESIAN_POINT('Ctrl Pts',(33.1414590184101,-119.772731789132,-5.46633090486137));
#8330=CARTESIAN_POINT('Ctrl Pts',(33.1644832008425,-109.723933173393,-6.34548686579353));
#8331=CARTESIAN_POINT('Ctrl Pts',(35.250725,-102.589460122208,-6.96967237800339));
#8332=CARTESIAN_POINT('',(35.72300625,-100.927083049229,-7.11511152639444));
#8333=CARTESIAN_POINT('',(42.2353143910488,-78.0044882058977,-9.12057871378372));
#8334=CARTESIAN_POINT('',(36.7305395833333,-102.432632096455,-6.98339305237991));
#8335=CARTESIAN_POINT('',(48.3633126850852,-119.815392428559,-5.46259858253264));
#8336=CARTESIAN_POINT('',(38.4937229166667,-104.910514903348,-6.76660639723098));
#8337=CARTESIAN_POINT('Ctrl Pts',(36.7305395833333,-102.432632096455,-6.98339305237991));
#8338=CARTESIAN_POINT('Ctrl Pts',(37.2972770833333,-103.24813783037,-6.91204554562203));
#8339=CARTESIAN_POINT('Ctrl Pts',(38.0844125,-104.345934010639,-6.81600082498643));
#8340=CARTESIAN_POINT('Ctrl Pts',(38.4937229166667,-104.910514903348,-6.76660639723098));
#8341=CARTESIAN_POINT('',(38.8400625,-108.45482828536,-6.45651915632176));
#8342=CARTESIAN_POINT('Ctrl Pts',(38.4937229166667,-104.910514903348,-6.76660639723098));
#8343=CARTESIAN_POINT('Ctrl Pts',(39.2178875,-105.882848663015,-6.6815382160966));
#8344=CARTESIAN_POINT('Ctrl Pts',(39.2178875,-105.945579873316,-6.67604994634599));
#8345=CARTESIAN_POINT('Ctrl Pts',(38.8400625,-108.45482828536,-6.45651915632176));
#8346=CARTESIAN_POINT('',(43.3401292940197,-124.817493777099,-5.02497142072779));
#8347=CARTESIAN_POINT('Origin',(618.172428373853,39.4336256684755,-19.3950823436635));
#8348=CARTESIAN_POINT('',(51.2843355536698,-124.817493777099,-5.02497142072773));
#8349=CARTESIAN_POINT('',(213.03125,-124.817493777099,-5.02497142072773));
#8350=CARTESIAN_POINT('',(49.70253125,-123.353490731867,-5.15305509055293));
#8351=CARTESIAN_POINT('Origin',(153.83476966104,-27.9474979520455,-13.4999978912695));
#8352=CARTESIAN_POINT('',(44.1925833333333,-111.93641045707,-6.15192018516315));
#8353=CARTESIAN_POINT('Ctrl Pts',(49.70253125,-123.353490731867,-5.15305509055293));
#8354=CARTESIAN_POINT('Ctrl Pts',(45.7983395833333,-119.495521298351,-5.49058368021517));
#8355=CARTESIAN_POINT('Ctrl Pts',(44.22406875,-116.202132757544,-5.77871784212197));
#8356=CARTESIAN_POINT('Ctrl Pts',(44.1925833333333,-111.93641045707,-6.15192018516315));
#8357=CARTESIAN_POINT('',(44.79080625,-110.681786251048,-6.26168558017527));
#8358=CARTESIAN_POINT('Ctrl Pts',(44.1925833333333,-111.93641045707,-6.15192018516315));
#8359=CARTESIAN_POINT('Ctrl Pts',(44.1925833333333,-110.336764594392,-6.29187106380359));
#8360=CARTESIAN_POINT('Ctrl Pts',(44.22406875,-110.274033384091,-6.2973593335542));
#8361=CARTESIAN_POINT('Ctrl Pts',(44.79080625,-110.681786251048,-6.26168558017527));
#8362=CARTESIAN_POINT('',(48.1282604166667,-112.971475427038,-6.06136373427816));
#8363=CARTESIAN_POINT('Ctrl Pts',(44.79080625,-110.681786251048,-6.26168558017527));
#8364=CARTESIAN_POINT('Ctrl Pts',(45.1056604166667,-110.932711092253,-6.23973250117284));
#8365=CARTESIAN_POINT('Ctrl Pts',(46.6169604166667,-111.96777606222,-6.14917605028785));
#8366=CARTESIAN_POINT('Ctrl Pts',(48.1282604166667,-112.971475427038,-6.06136373427816));
#8367=CARTESIAN_POINT('',(73.88333125,-123.259393916416,-5.16128749517883));
#8368=CARTESIAN_POINT('Ctrl Pts',(48.1282604166667,-112.971475427038,-6.06136373427816));
#8369=CARTESIAN_POINT('Ctrl Pts',(55.0235666666667,-117.644950594469,-5.65248763785804));
#8370=CARTESIAN_POINT('Ctrl Pts',(64.24879375,-121.314726397082,-5.33142385744761));
#8371=CARTESIAN_POINT('Ctrl Pts',(73.88333125,-123.259393916416,-5.16128749517883));
#8372=CARTESIAN_POINT('',(83.70678125,-123.949437229728,-5.10091652792218));
#8373=CARTESIAN_POINT('Ctrl Pts',(73.88333125,-123.259393916416,-5.16128749517883));
#8374=CARTESIAN_POINT('Ctrl Pts',(76.90593125,-123.886706019427,-5.10640479767278));
#8375=CARTESIAN_POINT('Ctrl Pts',(78.322775,-123.980802834878,-5.09817239304687));
#8376=CARTESIAN_POINT('Ctrl Pts',(83.70678125,-123.949437229728,-5.10091652792218));
#8377=CARTESIAN_POINT('',(92.3652708333333,-123.447587547319,-5.14482268592702));
#8378=CARTESIAN_POINT('Ctrl Pts',(83.70678125,-123.949437229728,-5.10091652792218));
#8379=CARTESIAN_POINT('Ctrl Pts',(88.1147395833333,-123.949437229728,-5.10091652792218));
#8380=CARTESIAN_POINT('Ctrl Pts',(90.7280291666667,-123.792609203975,-5.11463720229869));
#8381=CARTESIAN_POINT('Ctrl Pts',(92.3652708333333,-123.447587547319,-5.14482268592702));
#8382=CARTESIAN_POINT('',(94.7896479166667,-123.008469075212,-5.18324057418126));
#8383=CARTESIAN_POINT('Ctrl Pts',(92.3652708333333,-123.447587547319,-5.14482268592702));
#8384=CARTESIAN_POINT('Ctrl Pts',(93.6561729166667,-123.165297100964,-5.16951989980474));
#8385=CARTESIAN_POINT('Ctrl Pts',(94.7581625,-122.977103470061,-5.18598470905656));
#8386=CARTESIAN_POINT('Ctrl Pts',(94.7896479166667,-123.008469075212,-5.18324057418126));
#8387=CARTESIAN_POINT('',(93.1270820971345,-124.817493777099,-5.02497142072773));
#8388=CARTESIAN_POINT('Ctrl Pts',(94.7896479166667,-123.008469075212,-5.18324057418126));
#8389=CARTESIAN_POINT('Ctrl Pts',(94.8432731987901,-123.035179686079,-5.1809036985345));
#8390=CARTESIAN_POINT('Ctrl Pts',(94.1205643843161,-123.812523739955,-5.1128949061611));
#8391=CARTESIAN_POINT('Ctrl Pts',(93.1270820971345,-124.817493777099,-5.02497142072777));
#8392=CARTESIAN_POINT('',(100.43573019081,-124.817493777099,-5.02497142072777));
#8393=CARTESIAN_POINT('',(97.8105380530204,-124.817493777099,-5.02497142072778));
#8394=CARTESIAN_POINT('',(101.684954166667,-116.484423203899,-5.75402062824425));
#8395=CARTESIAN_POINT('Ctrl Pts',(100.43573019081,-124.817493777099,-5.02497142072777));
#8396=CARTESIAN_POINT('Ctrl Pts',(103.854460148159,-120.5163204344,-5.4012753280738));
#8397=CARTESIAN_POINT('Ctrl Pts',(104.261213392277,-117.743439247635,-5.64387099722004));
#8398=CARTESIAN_POINT('Ctrl Pts',(101.684954166667,-116.484423203899,-5.75402062824425));
#8399=CARTESIAN_POINT('',(96.9621416666667,-116.703982439952,-5.73481168411713));
#8400=CARTESIAN_POINT('Ctrl Pts',(101.684954166667,-116.484423203899,-5.75402062824425));
#8401=CARTESIAN_POINT('Ctrl Pts',(100.457022916667,-115.888476706038,-5.806159190875));
#8402=CARTESIAN_POINT('Ctrl Pts',(100.457022916667,-115.888476706038,-5.806159190875));
#8403=CARTESIAN_POINT('Ctrl Pts',(96.9621416666667,-116.703982439952,-5.73481168411713));
#8404=CARTESIAN_POINT('',(83.70678125,-118.30362830263,-5.59486080547668));
#8405=CARTESIAN_POINT('Ctrl Pts',(96.9621416666667,-116.703982439952,-5.73481168411713));
#8406=CARTESIAN_POINT('Ctrl Pts',(91.0428833333334,-118.115434671727,-5.6113256147285));
#8407=CARTESIAN_POINT('Ctrl Pts',(89.56306875,-118.27226269748,-5.59760494035198));
#8408=CARTESIAN_POINT('Ctrl Pts',(83.70678125,-118.30362830263,-5.59486080547668));
#8409=CARTESIAN_POINT('',(75.20571875,-117.770413015071,-5.64151109835683));
#8410=CARTESIAN_POINT('Ctrl Pts',(83.70678125,-118.30362830263,-5.59486080547668));
#8411=CARTESIAN_POINT('Ctrl Pts',(79.6451625,-118.30362830263,-5.59486080547668));
#8412=CARTESIAN_POINT('Ctrl Pts',(77.2522708333333,-118.146800276877,-5.60858147985319));
#8413=CARTESIAN_POINT('Ctrl Pts',(75.20571875,-117.770413015071,-5.64151109835683));
#8414=CARTESIAN_POINT('',(45.4834854166667,-103.906815538531,-6.85441871324067));
#8415=CARTESIAN_POINT('Ctrl Pts',(75.20571875,-117.770413015071,-5.64151109835683));
#8416=CARTESIAN_POINT('Ctrl Pts',(63.30423125,-115.543455049382,-5.83634467450333));
#8417=CARTESIAN_POINT('Ctrl Pts',(52.25285,-110.368130199543,-6.28912692892829));
#8418=CARTESIAN_POINT('Ctrl Pts',(45.4834854166667,-103.906815538531,-6.85441871324067));
#8419=CARTESIAN_POINT('',(38.36778125,-75.8345989287951,-9.31041942663669));
#8420=CARTESIAN_POINT('Ctrl Pts',(45.4834854166667,-103.906815538531,-6.85441871324067));
#8421=CARTESIAN_POINT('Ctrl Pts',(36.9824229166667,-95.8144894096909,-7.5624055110688));
#8422=CARTESIAN_POINT('Ctrl Pts',(34.6839875,-86.6557327057324,-8.36369289465722));
#8423=CARTESIAN_POINT('Ctrl Pts',(38.36778125,-75.8345989287951,-9.31041942663669));
#8424=CARTESIAN_POINT('',(41.2329541666667,-69.2478218471811,-9.88668775045029));
#8425=CARTESIAN_POINT('Ctrl Pts',(38.36778125,-75.8345989287951,-9.31041942663669));
#8426=CARTESIAN_POINT('Ctrl Pts',(39.0919458333333,-73.7331033837088,-9.49427646328198));
#8427=CARTESIAN_POINT('Ctrl Pts',(41.01255625,-69.2478218471811,-9.88668775045029));
#8428=CARTESIAN_POINT('Ctrl Pts',(41.2329541666667,-69.2478218471811,-9.88668775045029));
#8429=CARTESIAN_POINT('',(42.6183125,-71.6629734437729,-9.67538936505197));
#8430=CARTESIAN_POINT('Ctrl Pts',(41.2329541666667,-69.2478218471811,-9.88668775045029));
#8431=CARTESIAN_POINT('Ctrl Pts',(41.2644395833333,-69.2478218471811,-9.88668775045029));
#8432=CARTESIAN_POINT('Ctrl Pts',(41.8941479166667,-70.3142524222996,-9.79338716468999));
#8433=CARTESIAN_POINT('Ctrl Pts',(42.6183125,-71.6629734437729,-9.67538936505197));
#8434=CARTESIAN_POINT('',(43.9092145833333,-74.0467594352142,-9.46683511452895));
#8435=CARTESIAN_POINT('',(56.448718502412,-97.2022676397849,-7.44099064844746));
#8436=CARTESIAN_POINT('',(43.2480208333333,-75.9600613493973,-9.29944288713548));
#8437=CARTESIAN_POINT('',(48.3046476493286,-61.3276578120782,-10.5796123167875));
#8438=CARTESIAN_POINT('',(42.7442541666667,-85.1501836585064,-8.49541136867176));
#8439=CARTESIAN_POINT('Ctrl Pts',(43.2480208333333,-75.9600613493973,-9.29944288713548));
#8440=CARTESIAN_POINT('Ctrl Pts',(42.3034583333333,-78.6261377871934,-9.06619142273474));
#8441=CARTESIAN_POINT('Ctrl Pts',(42.0830604166667,-82.6723008516135,-8.71219802382068));
#8442=CARTESIAN_POINT('Ctrl Pts',(42.7442541666667,-85.1501836585064,-8.49541136867176));
#8443=CARTESIAN_POINT('',(55.0550520833333,-100.864351838928,-7.12059979614505));
#8444=CARTESIAN_POINT('Ctrl Pts',(42.7442541666667,-85.1501836585064,-8.49541136867176));
#8445=CARTESIAN_POINT('Ctrl Pts',(44.1296125,-90.5764333495503,-8.02067603524437));
#8446=CARTESIAN_POINT('Ctrl Pts',(49.1043083333333,-96.91228558996,-7.4663607904332));
#8447=CARTESIAN_POINT('Ctrl Pts',(55.0550520833333,-100.864351838928,-7.12059979614505));
#8448=CARTESIAN_POINT('',(98.5678979166667,-107.984344208102,-6.49768117945131));
#8449=CARTESIAN_POINT('Ctrl Pts',(55.0550520833333,-100.864351838928,-7.12059979614505));
#8450=CARTESIAN_POINT('Ctrl Pts',(67.9640729166667,-109.427162045026,-6.37145097518738));
#8451=CARTESIAN_POINT('Ctrl Pts',(85.50145,-112.281432113726,-6.12173470153482));
#8452=CARTESIAN_POINT('Ctrl Pts',(98.5678979166667,-107.984344208102,-6.49768117945131));
#8453=CARTESIAN_POINT('',(116.073789583333,-95.7517581993898,-7.5678937808194));
#8454=CARTESIAN_POINT('Ctrl Pts',(98.5678979166667,-107.984344208102,-6.49768117945131));
#8455=CARTESIAN_POINT('Ctrl Pts',(106.0929125,-105.506461401209,-6.71446783460023));
#8456=CARTESIAN_POINT('Ctrl Pts',(110.028589583333,-102.746288147961,-6.95595170362688));
#8457=CARTESIAN_POINT('Ctrl Pts',(116.073789583333,-95.7517581993898,-7.5678937808194));
#8458=CARTESIAN_POINT('',(123.315435416667,-88.6944970405177,-8.18532412776254));
#8459=CARTESIAN_POINT('Ctrl Pts',(116.073789583333,-95.7517581993898,-7.5678937808194));
#8460=CARTESIAN_POINT('Ctrl Pts',(119.820554166667,-91.4233046886149,-7.94658439361119));
#8461=CARTESIAN_POINT('Ctrl Pts',(120.765116666667,-90.5137021392492,-8.02616430499498));
#8462=CARTESIAN_POINT('Ctrl Pts',(123.315435416667,-88.6944970405177,-8.18532412776254));
#8463=CARTESIAN_POINT('',(132.82403125,-82.7350320619146,-8.70670975407007));
#8464=CARTESIAN_POINT('Ctrl Pts',(123.315435416667,-88.6944970405177,-8.18532412776254));
#8465=CARTESIAN_POINT('Ctrl Pts',(125.424958333333,-87.1889479932916,-8.31704260177708));
#8466=CARTESIAN_POINT('Ctrl Pts',(132.5406625,-82.7350320619146,-8.70670975407007));
#8467=CARTESIAN_POINT('Ctrl Pts',(132.82403125,-82.7350320619146,-8.70670975407007));
#8468=CARTESIAN_POINT('',(132.194322916667,-87.5653352550981,-8.28411298327344));
#8469=CARTESIAN_POINT('Ctrl Pts',(132.82403125,-82.7350320619146,-8.70670975407007));
#8470=CARTESIAN_POINT('Ctrl Pts',(133.264827083333,-82.7350320619146,-8.70670975407007));
#8471=CARTESIAN_POINT('Ctrl Pts',(132.792545833333,-86.342076654227,-8.39113424341025));
#8472=CARTESIAN_POINT('Ctrl Pts',(132.194322916667,-87.5653352550981,-8.28411298327344));
#8473=CARTESIAN_POINT('',(128.29013125,-92.2701760276796,-7.87249275197802));
#8474=CARTESIAN_POINT('Ctrl Pts',(132.194322916667,-87.5653352550981,-8.28411298327344));
#8475=CARTESIAN_POINT('Ctrl Pts',(131.87946875,-88.2553785684101,-8.22374201601678));
#8476=CARTESIAN_POINT('Ctrl Pts',(130.116285416667,-90.3568741134964,-8.03988497937149));
#8477=CARTESIAN_POINT('Ctrl Pts',(128.29013125,-92.2701760276796,-7.87249275197802));
#8478=CARTESIAN_POINT('',(112.98821875,-113.09693784764,-6.05038719477695));
#8479=CARTESIAN_POINT('Ctrl Pts',(128.29013125,-92.2701760276796,-7.87249275197802));
#8480=CARTESIAN_POINT('Ctrl Pts',(117.616575,-103.530428276724,-6.88734833174431));
#8481=CARTESIAN_POINT('Ctrl Pts',(112.358510416667,-110.650420645898,-6.26442971505057));
#8482=CARTESIAN_POINT('Ctrl Pts',(112.98821875,-113.09693784764,-6.05038719477695));
#8483=CARTESIAN_POINT('',(116.892410416667,-114.163368422758,-5.95708660901665));
#8484=CARTESIAN_POINT('Ctrl Pts',(112.98821875,-113.09693784764,-6.05038719477695));
#8485=CARTESIAN_POINT('Ctrl Pts',(113.491985416667,-115.167067787576,-5.86927429300696));
#8486=CARTESIAN_POINT('Ctrl Pts',(115.286654166667,-115.668917469985,-5.82536813500212));
#8487=CARTESIAN_POINT('Ctrl Pts',(116.892410416667,-114.163368422758,-5.95708660901665));
#8488=CARTESIAN_POINT('',(119.41124375,-110.964076697403,-6.23698836629754));
#8489=CARTESIAN_POINT('Ctrl Pts',(116.892410416667,-114.163368422758,-5.95708660901665));
#8490=CARTESIAN_POINT('Ctrl Pts',(117.396177083333,-113.6928843455,-5.99824863214619));
#8491=CARTESIAN_POINT('Ctrl Pts',(118.529652083333,-112.250066508575,-6.12447883641012));
#8492=CARTESIAN_POINT('Ctrl Pts',(119.41124375,-110.964076697403,-6.23698836629754));
#8493=CARTESIAN_POINT('',(131.31273125,-96.8495543796588,-7.47184906018381));
#8494=CARTESIAN_POINT('Ctrl Pts',(119.41124375,-110.964076697403,-6.23698836629754));
#8495=CARTESIAN_POINT('Ctrl Pts',(121.646708333333,-107.702053761747,-6.52237839332903));
#8496=CARTESIAN_POINT('Ctrl Pts',(126.904772916667,-101.460298336789,-7.06846123351429));
#8497=CARTESIAN_POINT('Ctrl Pts',(131.31273125,-96.8495543796588,-7.47184906018381));
#8498=CARTESIAN_POINT('',(135.09098125,-92.9602193409915,-7.81212178472136));
#8499=CARTESIAN_POINT('',(139.193509377783,-88.7370720123329,-8.18159930037874));
#8500=CARTESIAN_POINT('',(135.752175,-95.9085862251425,-7.55417310644289));
#8501=CARTESIAN_POINT('',(134.129753709549,-88.6739546138965,-8.18712135721317));
#8502=CARTESIAN_POINT('',(133.86305,-103.687256302477,-6.87362765736779));
#8503=CARTESIAN_POINT('Ctrl Pts',(135.752175,-95.9085862251425,-7.55417310644289));
#8504=CARTESIAN_POINT('Ctrl Pts',(136.822679166667,-100.582061392573,-7.14529701002277));
#8505=CARTESIAN_POINT('Ctrl Pts',(136.854164583333,-100.519330182272,-7.15078527977338));
#8506=CARTESIAN_POINT('Ctrl Pts',(133.86305,-103.687256302477,-6.87362765736779));
#8507=CARTESIAN_POINT('',(118.18760194267,-124.817493777099,-5.02497142072773));
#8508=CARTESIAN_POINT('Ctrl Pts',(133.86305,-103.687256302477,-6.87362765736777));
#8509=CARTESIAN_POINT('Ctrl Pts',(129.30002947329,-108.490963547675,-6.45335773051567));
#8510=CARTESIAN_POINT('Ctrl Pts',(123.955172116859,-115.706629619836,-5.82206874941292));
#8511=CARTESIAN_POINT('Ctrl Pts',(118.18760194267,-124.817493777099,-5.02497142072775));
#8512=CARTESIAN_POINT('',(124.734310412762,-124.817493777099,-5.02497142072773));
#8513=CARTESIAN_POINT('',(213.03125,-124.817493777099,-5.02497142072773));
#8514=CARTESIAN_POINT('',(132.1628375,-114.414293263963,-5.93513353001423));
#8515=CARTESIAN_POINT('Ctrl Pts',(124.734310412753,-124.817493777113,-5.02497142072651));
#8516=CARTESIAN_POINT('Ctrl Pts',(126.740525315427,-121.757280299646,-5.2927054079741));
#8517=CARTESIAN_POINT('Ctrl Pts',(130.396079044407,-116.565447649404,-5.74693190779403));
#8518=CARTESIAN_POINT('Ctrl Pts',(132.1628375,-114.414293263963,-5.93513353001423));
#8519=CARTESIAN_POINT('',(137.92466875,-108.45482828536,-6.45651915632176));
#8520=CARTESIAN_POINT('Ctrl Pts',(132.1628375,-114.414293263963,-5.93513353001423));
#8521=CARTESIAN_POINT('Ctrl Pts',(136.22445625,-109.427162045026,-6.37145097518738));
#8522=CARTESIAN_POINT('Ctrl Pts',(137.704270833333,-107.89024739265,-6.50591358407721));
#8523=CARTESIAN_POINT('Ctrl Pts',(137.92466875,-108.45482828536,-6.45651915632176));
#8524=CARTESIAN_POINT('',(139.467454166667,-110.242667778941,-6.3001034684295));
#8525=CARTESIAN_POINT('Ctrl Pts',(137.92466875,-108.45482828536,-6.45651915632176));
#8526=CARTESIAN_POINT('Ctrl Pts',(138.019125,-108.705753126564,-6.43456607731934));
#8527=CARTESIAN_POINT('Ctrl Pts',(138.711804166667,-109.521258860478,-6.36321857056147));
#8528=CARTESIAN_POINT('Ctrl Pts',(139.467454166667,-110.242667778941,-6.3001034684295));
#8529=CARTESIAN_POINT('',(147.086925,-112.438260139479,-6.1080140271583));
#8530=CARTESIAN_POINT('Ctrl Pts',(139.467454166667,-110.242667778941,-6.3001034684295));
#8531=CARTESIAN_POINT('Ctrl Pts',(141.32509375,-112.030507272522,-6.14368778053724));
#8532=CARTESIAN_POINT('Ctrl Pts',(143.4975875,-112.657819375532,-6.08880508303119));
#8533=CARTESIAN_POINT('Ctrl Pts',(147.086925,-112.438260139479,-6.1080140271583));
#8534=CARTESIAN_POINT('',(153.60440625,-109.05077478322,-6.40438059369101));
#8535=CARTESIAN_POINT('Ctrl Pts',(147.086925,-112.438260139479,-6.1080140271583));
#8536=CARTESIAN_POINT('Ctrl Pts',(150.266952083333,-112.250066508575,-6.12447883641012));
#8537=CARTESIAN_POINT('Ctrl Pts',(152.124591666667,-111.277732748909,-6.20954701754451));
#8538=CARTESIAN_POINT('Ctrl Pts',(153.60440625,-109.05077478322,-6.40438059369101));
#8539=CARTESIAN_POINT('',(154.580454166667,-107.639322551446,-6.52786666307964));
#8540=CARTESIAN_POINT('Ctrl Pts',(153.60440625,-109.05077478322,-6.40438059369101));
#8541=CARTESIAN_POINT('Ctrl Pts',(154.139658333333,-108.235269049306,-6.47572810044888));
#8542=CARTESIAN_POINT('Ctrl Pts',(154.54896875,-107.607956946295,-6.53061079795494));
#8543=CARTESIAN_POINT('Ctrl Pts',(154.580454166667,-107.639322551446,-6.52786666307964));
#8544=CARTESIAN_POINT('',(156.501064583333,-109.866280517134,-6.33303308693314));
#8545=CARTESIAN_POINT('Ctrl Pts',(154.580454166667,-107.639322551446,-6.52786666307964));
#8546=CARTESIAN_POINT('Ctrl Pts',(154.611939583333,-107.670688156596,-6.52512252820434));
#8547=CARTESIAN_POINT('Ctrl Pts',(155.462045833333,-108.643021916263,-6.44005434706995));
#8548=CARTESIAN_POINT('Ctrl Pts',(156.501064583333,-109.866280517134,-6.33303308693314));
#8549=CARTESIAN_POINT('',(164.152020833333,-120.02873658591,-5.44393338733502));
#8550=CARTESIAN_POINT('Ctrl Pts',(156.501064583333,-109.866280517134,-6.33303308693314));
#8551=CARTESIAN_POINT('Ctrl Pts',(159.55515,-113.441959504296,-6.02020171114862));
#8552=CARTESIAN_POINT('Ctrl Pts',(161.412789583333,-115.919842311189,-5.8034150559997));
#8553=CARTESIAN_POINT('Ctrl Pts',(164.152020833333,-120.02873658591,-5.44393338733502));
#8554=CARTESIAN_POINT('',(167.500503733758,-124.817493777099,-5.02497142072773));
#8555=CARTESIAN_POINT('Ctrl Pts',(164.152020833333,-120.02873658591,-5.44393338733497));
#8556=CARTESIAN_POINT('Ctrl Pts',(165.263711367461,-121.702232023447,-5.29752150808813));
#8557=CARTESIAN_POINT('Ctrl Pts',(166.608004514483,-123.626754741522,-5.12914758755853));
#8558=CARTESIAN_POINT('Ctrl Pts',(167.500503733758,-124.817493777099,-5.02497142072772));
#8559=CARTESIAN_POINT('',(174.248156475082,-124.817493777099,-5.02497142072773));
#8560=CARTESIAN_POINT('',(213.03125,-124.817493777099,-5.02497142072773));
#8561=CARTESIAN_POINT('',(158.6105875,-103.593159487026,-6.8818600619937));
#8562=CARTESIAN_POINT('Ctrl Pts',(174.248156475082,-124.817493777098,-5.02497142072779));
#8563=CARTESIAN_POINT('Ctrl Pts',(169.158591320371,-117.183571562725,-5.69285307272419));
#8564=CARTESIAN_POINT('Ctrl Pts',(161.858836740417,-107.211239733769,-6.56531905667653));
#8565=CARTESIAN_POINT('Ctrl Pts',(158.6105875,-103.593159487026,-6.8818600619937));
#8566=CARTESIAN_POINT('',(155.9658125,-99.923383684412,-7.20292384240413));
#8567=CARTESIAN_POINT('Ctrl Pts',(158.6105875,-103.593159487026,-6.8818600619937));
#8568=CARTESIAN_POINT('Ctrl Pts',(156.910375,-101.711223177993,-7.04650815451187));
#8569=CARTESIAN_POINT('Ctrl Pts',(155.9658125,-100.39386776167,-7.16176181927459));
#8570=CARTESIAN_POINT('Ctrl Pts',(155.9658125,-99.923383684412,-7.20292384240413));
#8571=CARTESIAN_POINT('',(157.634539583333,-93.5248002337013,-7.7627273569659));
#8572=CARTESIAN_POINT('Ctrl Pts',(155.9658125,-99.923383684412,-7.20292384240413));
#8573=CARTESIAN_POINT('Ctrl Pts',(155.9658125,-99.170609160799,-7.2687830794114));
#8574=CARTESIAN_POINT('Ctrl Pts',(157.38265625,-93.7757250749057,-7.74077427796348));
#8575=CARTESIAN_POINT('Ctrl Pts',(157.634539583333,-93.5248002337013,-7.7627273569659));
#8576=CARTESIAN_POINT('',(167.080164583333,-103.749987512778,-6.86813938761719));
#8577=CARTESIAN_POINT('Ctrl Pts',(157.634539583333,-93.5248002337013,-7.7627273569659));
#8578=CARTESIAN_POINT('Ctrl Pts',(157.886422916667,-93.2738753924969,-7.78468043596833));
#8579=CARTESIAN_POINT('Ctrl Pts',(163.5223125,-99.3901683968528,-7.24957413528428));
#8580=CARTESIAN_POINT('Ctrl Pts',(167.080164583333,-103.749987512778,-6.86813938761719));
#8581=CARTESIAN_POINT('',(171.393666666667,-109.082140388371,-6.40163645881571));
#8582=CARTESIAN_POINT('Ctrl Pts',(167.080164583333,-103.749987512778,-6.86813938761719));
#8583=CARTESIAN_POINT('Ctrl Pts',(168.402552083333,-105.380998980607,-6.72544437410144));
#8584=CARTESIAN_POINT('Ctrl Pts',(170.354647916667,-107.796150577198,-6.51414598870312));
#8585=CARTESIAN_POINT('Ctrl Pts',(171.393666666667,-109.082140388371,-6.40163645881571));
#8586=CARTESIAN_POINT('',(174.57369375,-113.222400268242,-6.03941065527574));
#8587=CARTESIAN_POINT('Ctrl Pts',(171.393666666667,-109.082140388371,-6.40163645881571));
#8588=CARTESIAN_POINT('Ctrl Pts',(172.464170833333,-110.368130199543,-6.28912692892829));
#8589=CARTESIAN_POINT('Ctrl Pts',(173.881014583333,-112.250066508575,-6.12447883641012));
#8590=CARTESIAN_POINT('Ctrl Pts',(174.57369375,-113.222400268242,-6.03941065527574));
#8591=CARTESIAN_POINT('',(176.494304166667,-115.480723839081,-5.84183294425393));
#8592=CARTESIAN_POINT('Ctrl Pts',(174.57369375,-113.222400268242,-6.03941065527574));
#8593=CARTESIAN_POINT('Ctrl Pts',(175.2348875,-114.194734027909,-5.95434247414135));
#8594=CARTESIAN_POINT('Ctrl Pts',(176.116479166667,-115.229798997877,-5.86378602325636));
#8595=CARTESIAN_POINT('Ctrl Pts',(176.494304166667,-115.480723839081,-5.84183294425393));
#8596=CARTESIAN_POINT('',(180.209583333333,-113.755615555801,-5.99276036239559));
#8597=CARTESIAN_POINT('Ctrl Pts',(176.494304166667,-115.480723839081,-5.84183294425393));
#8598=CARTESIAN_POINT('Ctrl Pts',(178.068575,-116.57852001935,-5.74578822361834));
#8599=CARTESIAN_POINT('Ctrl Pts',(180.209583333333,-115.574820654533,-5.83360053962802));
#8600=CARTESIAN_POINT('Ctrl Pts',(180.209583333333,-113.755615555801,-5.99276036239559));
#8601=CARTESIAN_POINT('',(176.84064375,-107.106107263886,-6.57451695595978));
#8602=CARTESIAN_POINT('Ctrl Pts',(180.209583333333,-113.755615555801,-5.99276036239559));
#8603=CARTESIAN_POINT('Ctrl Pts',(180.209583333333,-112.720550585833,-6.08331681328058));
#8604=CARTESIAN_POINT('Ctrl Pts',(178.509370833333,-109.395796439876,-6.37419511006268));
#8605=CARTESIAN_POINT('Ctrl Pts',(176.84064375,-107.106107263886,-6.57451695595978));
#8606=CARTESIAN_POINT('',(165.254010416667,-93.7129938646046,-7.74626254771409));
#8607=CARTESIAN_POINT('Ctrl Pts',(176.84064375,-107.106107263886,-6.57451695595978));
#8608=CARTESIAN_POINT('Ctrl Pts',(174.447752083333,-103.84408432823,-6.85990698299128));
#8609=CARTESIAN_POINT('Ctrl Pts',(169.504541666667,-98.1355441908311,-7.35933953029639));
#8610=CARTESIAN_POINT('Ctrl Pts',(165.254010416667,-93.7129938646046,-7.74626254771409));
#8611=CARTESIAN_POINT('',(160.184858333333,-87.6280664653992,-8.27862471352284));
#8612=CARTESIAN_POINT('Ctrl Pts',(165.254010416667,-93.7129938646046,-7.74626254771409));
#8613=CARTESIAN_POINT('Ctrl Pts',(162.325866666667,-90.6705301650019,-8.01244363061846));
#8614=CARTESIAN_POINT('Ctrl Pts',(160.688625,-88.6944970405177,-8.18532412776254));
#8615=CARTESIAN_POINT('Ctrl Pts',(160.184858333333,-87.6280664653992,-8.27862471352284));
#8616=CARTESIAN_POINT('',(159.712577083333,-83.0800537185705,-8.67652427044174));
#8617=CARTESIAN_POINT('Ctrl Pts',(160.184858333333,-87.6280664653992,-8.27862471352284));
#8618=CARTESIAN_POINT('Ctrl Pts',(159.429208333333,-85.997054997571,-8.42131972703858));
#8619=CARTESIAN_POINT('Ctrl Pts',(159.208810416667,-83.8955594524846,-8.60517676368387));
#8620=CARTESIAN_POINT('Ctrl Pts',(159.712577083333,-83.0800537185705,-8.67652427044174));
#8621=CARTESIAN_POINT('',(167.174620833333,-87.3144104138938,-8.30606606227586));
#8622=CARTESIAN_POINT('Ctrl Pts',(159.712577083333,-83.0800537185705,-8.67652427044174));
#8623=CARTESIAN_POINT('Ctrl Pts',(159.995945833333,-82.6409352464629,-8.71494215869598));
#8624=CARTESIAN_POINT('Ctrl Pts',(160.02743125,-82.6723008516135,-8.71219802382068));
#8625=CARTESIAN_POINT('Ctrl Pts',(167.174620833333,-87.3144104138938,-8.30606606227586));
#8626=CARTESIAN_POINT('',(176.872129166667,-96.1908766714974,-7.52947589256517));
#8627=CARTESIAN_POINT('Ctrl Pts',(167.174620833333,-87.3144104138939,-8.30606606227584));
#8628=CARTESIAN_POINT('Ctrl Pts',(169.976822916667,-89.1649811177759,-8.14416210463298));
#8629=CARTESIAN_POINT('Ctrl Pts',(173.377247916667,-92.2701760276797,-7.872492751978));
#8630=CARTESIAN_POINT('Ctrl Pts',(176.872129166667,-96.1908766714974,-7.52947589256516));
#8631=CARTESIAN_POINT('',(189.87560625,-106.384698345424,-6.63763205809175));
#8632=CARTESIAN_POINT('Ctrl Pts',(176.872129166667,-96.1908766714974,-7.52947589256517));
#8633=CARTESIAN_POINT('Ctrl Pts',(181.248602083333,-101.115276680133,-7.09864671714263));
#8634=CARTESIAN_POINT('Ctrl Pts',(184.932395833333,-104.000912353983,-6.84618630861476));
#8635=CARTESIAN_POINT('Ctrl Pts',(189.87560625,-106.384698345424,-6.63763205809175));
#8636=CARTESIAN_POINT('',(225.139272916667,-107.670688156596,-6.52512252820434));
#8637=CARTESIAN_POINT('Ctrl Pts',(189.87560625,-106.384698345424,-6.63763205809175));
#8638=CARTESIAN_POINT('Ctrl Pts',(200.36025,-111.465926379812,-6.1930822082927));
#8639=CARTESIAN_POINT('Ctrl Pts',(212.419164583333,-111.905044851919,-6.15466432003845));
#8640=CARTESIAN_POINT('Ctrl Pts',(225.139272916667,-107.670688156596,-6.52512252820434));
#8641=CARTESIAN_POINT('',(243.022989583333,-97.037748010562,-7.45538425093199));
#8642=CARTESIAN_POINT('Ctrl Pts',(225.139272916667,-107.670688156596,-6.52512252820434));
#8643=CARTESIAN_POINT('Ctrl Pts',(232.538345833333,-105.192805349703,-6.74190918335326));
#8644=CARTESIAN_POINT('Ctrl Pts',(238.23720625,-101.805319993445,-7.03827574988597));
#8645=CARTESIAN_POINT('Ctrl Pts',(243.022989583333,-97.037748010562,-7.45538425093199));
#8646=CARTESIAN_POINT('',(249.4775,-86.687098310883,-8.36094875978192));
#8647=CARTESIAN_POINT('Ctrl Pts',(243.022989583333,-97.037748010562,-7.45538425093199));
#8648=CARTESIAN_POINT('Ctrl Pts',(246.675297916667,-93.336606602798,-7.77919216621772));
#8649=CARTESIAN_POINT('Ctrl Pts',(248.501452083333,-90.4196053237975,-8.03439670962089));
#8650=CARTESIAN_POINT('Ctrl Pts',(249.4775,-86.687098310883,-8.36094875978192));
#8651=CARTESIAN_POINT('',(249.446014583333,-78.5006753665913,-9.07716796223595));
#8652=CARTESIAN_POINT('Ctrl Pts',(249.4775,-86.687098310883,-8.36094875978192));
#8653=CARTESIAN_POINT('Ctrl Pts',(250.264635416667,-83.5505377958287,-8.6353622473122));
#8654=CARTESIAN_POINT('Ctrl Pts',(250.264635416667,-81.6686014867961,-8.80001033983037));
#8655=CARTESIAN_POINT('Ctrl Pts',(249.446014583333,-78.5006753665913,-9.07716796223595));
#8656=CARTESIAN_POINT('',(248.62739375,-75.3013836412359,-9.35706971951684));
#8657=CARTESIAN_POINT('Ctrl Pts',(249.446014583333,-78.5006753665913,-9.07716796223595));
#8658=CARTESIAN_POINT('Ctrl Pts',(249.099675,-77.1205887399674,-9.19790989674928));
#8659=CARTESIAN_POINT('Ctrl Pts',(248.72185,-75.6777709030424,-9.32414010101321));
#8660=CARTESIAN_POINT('Ctrl Pts',(248.62739375,-75.3013836412359,-9.35706971951684));
#8661=CARTESIAN_POINT('',(249.823839583333,-72.415747967386,-9.6095301280447));
#8662=CARTESIAN_POINT('Ctrl Pts',(248.62739375,-75.3013836412359,-9.35706971951684));
#8663=CARTESIAN_POINT('Ctrl Pts',(248.5329375,-74.8308995639778,-9.39823174264639));
#8664=CARTESIAN_POINT('Ctrl Pts',(248.879277083333,-73.921297014612,-9.47781165403017));
#8665=CARTESIAN_POINT('Ctrl Pts',(249.823839583333,-72.415747967386,-9.6095301280447));
#8666=CARTESIAN_POINT('',(251.303654166667,-70.1887900016974,-9.8043637041912));
#8667=CARTESIAN_POINT('Ctrl Pts',(249.823839583333,-72.415747967386,-9.6095301280447));
#8668=CARTESIAN_POINT('Ctrl Pts',(250.579489583333,-71.1924893665148,-9.71655138818151));
#8669=CARTESIAN_POINT('Ctrl Pts',(251.240683333333,-70.220155606848,-9.8016195693159));
#8670=CARTESIAN_POINT('Ctrl Pts',(251.303654166667,-70.1887900016974,-9.8043637041912));
#8671=CARTESIAN_POINT('',(252.626041666667,-72.7921352291925,-9.57660050954107));
#8672=CARTESIAN_POINT('Ctrl Pts',(251.303654166667,-70.1887900016974,-9.8043637041912));
#8673=CARTESIAN_POINT('Ctrl Pts',(251.366625,-70.1887900016974,-9.8043637041912));
#8674=CARTESIAN_POINT('Ctrl Pts',(251.964847916667,-71.3493173922675,-9.702830713805));
#8675=CARTESIAN_POINT('Ctrl Pts',(252.626041666667,-72.7921352291925,-9.57660050954107));
#8676=CARTESIAN_POINT('',(255.869039583333,-88.6631314353672,-8.18806826263784));
#8677=CARTESIAN_POINT('Ctrl Pts',(252.626041666667,-72.7921352291925,-9.57660050954107));
#8678=CARTESIAN_POINT('Ctrl Pts',(255.207845833333,-78.2497505253869,-9.09912104123838));
#8679=CARTESIAN_POINT('Ctrl Pts',(256.4672625,-84.4601403451944,-8.55578233592842));
#8680=CARTESIAN_POINT('Ctrl Pts',(255.869039583333,-88.6631314353672,-8.18806826263784));
#8681=CARTESIAN_POINT('',(248.218083333333,-103.122675409767,-6.92302208512324));
#8682=CARTESIAN_POINT('Ctrl Pts',(255.869039583333,-88.6631314353672,-8.18806826263784));
#8683=CARTESIAN_POINT('Ctrl Pts',(255.05041875,-94.2148435470132,-7.70235638970925));
#8684=CARTESIAN_POINT('Ctrl Pts',(252.751983333333,-98.5746626629387,-7.32092164204215));
#8685=CARTESIAN_POINT('Ctrl Pts',(248.218083333333,-103.122675409767,-6.92302208512324));
#8686=CARTESIAN_POINT('',(211.537572916667,-118.711381169587,-5.55918705209774));
#8687=CARTESIAN_POINT('Ctrl Pts',(248.218083333333,-103.122675409767,-6.92302208512324));
#8688=CARTESIAN_POINT('Ctrl Pts',(238.363147916667,-113.002841032188,-6.05861959940286));
#8689=CARTESIAN_POINT('Ctrl Pts',(226.272747916667,-118.146800276877,-5.60858147985319));
#8690=CARTESIAN_POINT('Ctrl Pts',(211.537572916667,-118.711381169587,-5.55918705209774));
#8691=CARTESIAN_POINT('',(195.857835416667,-117.237197727512,-5.68816139123697));
#8692=CARTESIAN_POINT('Ctrl Pts',(211.537572916667,-118.711381169587,-5.55918705209774));
#8693=CARTESIAN_POINT('Ctrl Pts',(205.964654166667,-118.930940405641,-5.53997810797062));
#8694=CARTESIAN_POINT('Ctrl Pts',(201.525210416667,-118.491821933533,-5.57839599622486));
#8695=CARTESIAN_POINT('Ctrl Pts',(195.857835416667,-117.237197727512,-5.68816139123697));
#8696=CARTESIAN_POINT('',(191.29245,-116.515788809049,-5.75127649336894));
#8697=CARTESIAN_POINT('Ctrl Pts',(195.857835416667,-117.237197727512,-5.68816139123697));
#8698=CARTESIAN_POINT('Ctrl Pts',(193.622370833333,-116.735348045103,-5.73206754924182));
#8699=CARTESIAN_POINT('Ctrl Pts',(191.57581875,-116.421691993598,-5.75950889799485));
#8700=CARTESIAN_POINT('Ctrl Pts',(191.29245,-116.515788809049,-5.75127649336894));
#8701=CARTESIAN_POINT('',(190.221945833333,-122.600716208254,-5.2189143275602));
#8702=CARTESIAN_POINT('Ctrl Pts',(191.29245,-116.515788809049,-5.75127649336894));
#8703=CARTESIAN_POINT('Ctrl Pts',(189.11995625,-117.268563332662,-5.68541725636168));
#8704=CARTESIAN_POINT('Ctrl Pts',(188.647675,-120.091467796211,-5.43844511758442));
#8705=CARTESIAN_POINT('Ctrl Pts',(190.221945833333,-122.600716208254,-5.2189143275602));
#8706=CARTESIAN_POINT('',(191.856525725044,-124.817493777099,-5.02497142072778));
#8707=CARTESIAN_POINT('Ctrl Pts',(190.221945833333,-122.600716208254,-5.21891432756019));
#8708=CARTESIAN_POINT('Ctrl Pts',(190.6101685812,-123.197649392175,-5.16668944108472));
#8709=CARTESIAN_POINT('Ctrl Pts',(191.186156459168,-123.972618715136,-5.09888841074529));
#8710=CARTESIAN_POINT('Ctrl Pts',(191.856525725044,-124.817493777099,-5.02497142072775));
#8711=CARTESIAN_POINT('',(199.000612077082,-124.817493777099,-5.02497142072773));
#8712=CARTESIAN_POINT('',(213.03125,-124.817493777099,-5.02497142072773));
#8713=CARTESIAN_POINT('',(197.683989583333,-123.447587547319,-5.14482268592702));
#8714=CARTESIAN_POINT('',(175.824157053079,-100.703087200936,-7.13470862379695));
#8715=CARTESIAN_POINT('',(198.94340625,-123.667146783373,-5.1256137417999));
#8716=CARTESIAN_POINT('',(169.801026618275,-118.586637069565,-5.57010074669135));
#8717=CARTESIAN_POINT('',(208.8613125,-124.451286912137,-5.05701036991733));
#8718=CARTESIAN_POINT('Ctrl Pts',(198.94340625,-123.667146783373,-5.1256137417999));
#8719=CARTESIAN_POINT('Ctrl Pts',(202.406802083333,-124.294458886384,-5.07073104429384));
#8720=CARTESIAN_POINT('Ctrl Pts',(204.390383333333,-124.451286912137,-5.05701036991733));
#8721=CARTESIAN_POINT('Ctrl Pts',(208.8613125,-124.451286912137,-5.05701036991733));
#8722=CARTESIAN_POINT('',(246.54935625,-112.093238482823,-6.13819951078664));
#8723=CARTESIAN_POINT('Ctrl Pts',(208.8613125,-124.451286912137,-5.05701036991733));
#8724=CARTESIAN_POINT('Ctrl Pts',(222.777866666667,-124.451286912137,-5.05701036991733));
#8725=CARTESIAN_POINT('Ctrl Pts',(236.53699375,-119.934639770458,-5.45216579196094));
#8726=CARTESIAN_POINT('Ctrl Pts',(246.54935625,-112.093238482823,-6.13819951078664));
#8727=CARTESIAN_POINT('',(248.375510416667,-110.650420645898,-6.26442971505057));
#8728=CARTESIAN_POINT('',(223.746929208653,-130.109104317682,-4.56201548663242));
#8729=CARTESIAN_POINT('',(248.469966666667,-111.716851221016,-6.17112912929027));
#8730=CARTESIAN_POINT('',(246.690797498451,-91.6296637739883,-7.92853031302541));
#8731=CARTESIAN_POINT('',(248.06065625,-114.916142946371,-5.89122737200939));
#8732=CARTESIAN_POINT('Ctrl Pts',(248.469966666667,-111.716851221016,-6.17112912929027));
#8733=CARTESIAN_POINT('Ctrl Pts',(248.5329375,-112.281432113726,-6.12173470153482));
#8734=CARTESIAN_POINT('Ctrl Pts',(248.344025,-113.724249950651,-5.99550449727089));
#8735=CARTESIAN_POINT('Ctrl Pts',(248.06065625,-114.916142946371,-5.89122737200939));
#8736=CARTESIAN_POINT('',(242.355474490505,-124.817493777099,-5.02497142072773));
#8737=CARTESIAN_POINT('Ctrl Pts',(248.06065625,-114.916142946371,-5.89122737200939));
#8738=CARTESIAN_POINT('Ctrl Pts',(247.255457907491,-118.399697706295,-5.58645582174428));
#8739=CARTESIAN_POINT('Ctrl Pts',(245.206341054494,-121.8999982098,-5.28021920875352));
#8740=CARTESIAN_POINT('Ctrl Pts',(242.355474490505,-124.817493777099,-5.02497142072777));
#8741=CARTESIAN_POINT('',(249.676037137682,-124.817493777099,-5.02497142072778));
#8742=CARTESIAN_POINT('',(247.285812788324,-124.817493777099,-5.02497142072778));
#8743=CARTESIAN_POINT('',(251.996333333333,-120.844242319824,-5.37258588057715));
#8744=CARTESIAN_POINT('Ctrl Pts',(249.676037137682,-124.817493777099,-5.02497142072778));
#8745=CARTESIAN_POINT('Ctrl Pts',(250.516739562366,-123.597602815885,-5.13169805057167));
#8746=CARTESIAN_POINT('Ctrl Pts',(251.282699174927,-122.280157045133,-5.24695962032272));
#8747=CARTESIAN_POINT('Ctrl Pts',(251.996333333333,-120.844242319824,-5.37258588057715));
#8748=CARTESIAN_POINT('',(253.72803125,-108.329365864757,-6.46749569582298));
#8749=CARTESIAN_POINT('Ctrl Pts',(251.996333333333,-120.844242319824,-5.37258588057715));
#8750=CARTESIAN_POINT('Ctrl Pts',(254.231797916667,-116.327595178146,-5.76774130262076));
#8751=CARTESIAN_POINT('Ctrl Pts',(254.641108333333,-113.347862688844,-6.02843411577453));
#8752=CARTESIAN_POINT('Ctrl Pts',(253.72803125,-108.329365864757,-6.46749569582298));
#8753=CARTESIAN_POINT('',(253.287235416667,-105.820117452714,-6.6870264858472));
#8754=CARTESIAN_POINT('',(249.836947950016,-86.1792141317443,-8.40538286784068));
#8755=CARTESIAN_POINT('',(254.452195833333,-104.565493246692,-6.79679188085931));
#8756=CARTESIAN_POINT('',(235.09772162598,-125.40962793828,-4.97316639433793));
#8757=CARTESIAN_POINT('Ctrl Pts',(254.452195833333,-104.565493246692,-6.7967918808593));
#8758=CARTESIAN_POINT('Ctrl Pts',(255.081904166667,-103.84408432823,-6.85990698299127));
#8759=CARTESIAN_POINT('Ctrl Pts',(255.99498125,-102.777653753111,-6.95320756875156));
#8760=CARTESIAN_POINT('Ctrl Pts',(256.4672625,-102.181707255251,-7.00534613138232));
#8761=CARTESIAN_POINT('Ctrl Pts',(256.761126388889,-101.810896101027,-7.03778790368592));
#8762=CARTESIAN_POINT('Ctrl Pts',(257.054990277778,-101.440084946803,-7.07022967598952));
#8763=CARTESIAN_POINT('Ctrl Pts',(257.348854166667,-101.069273792579,-7.10267144829312));
#8764=CARTESIAN_POINT('',(17.85,-42.1756354561077,-12.25519715653));
#8765=CARTESIAN_POINT('Origin',(22.35,-42.1756354561077,-12.25519715653));
#8766=CARTESIAN_POINT('',(268.425,-121.871211303447,-5.28273773671733));
#8767=CARTESIAN_POINT('Origin',(272.925,-121.871211303447,-5.28273773671733));
#8768=CARTESIAN_POINT('',(268.425,-42.1756354561078,-12.25519715653));
#8769=CARTESIAN_POINT('Origin',(272.925,-42.1756354561078,-12.25519715653));
#8770=CARTESIAN_POINT('',(17.85,-121.871211303447,-5.28273773671733));
#8771=CARTESIAN_POINT('Origin',(22.35,-121.871211303447,-5.28273773671733));
#8772=CARTESIAN_POINT('Origin',(147.812290424092,-124.572169620649,3.2));
#8773=CARTESIAN_POINT('',(138.012290424092,-125.322169620649,3.2));
#8774=CARTESIAN_POINT('',(138.012290424092,-123.822169620649,3.2));
#8775=CARTESIAN_POINT('',(138.012290424092,-124.197169620649,3.2));
#8776=CARTESIAN_POINT('',(138.312290424092,-125.622169620649,3.2));
#8777=CARTESIAN_POINT('Origin',(138.312290424092,-125.322169620649,3.2));
#8778=CARTESIAN_POINT('',(157.312290424092,-125.622169620649,3.2));
#8779=CARTESIAN_POINT('',(143.062290424092,-125.622169620649,3.2));
#8780=CARTESIAN_POINT('',(157.612290424092,-125.322169620649,3.2));
#8781=CARTESIAN_POINT('Origin',(157.312290424092,-125.322169620649,3.2));
#8782=CARTESIAN_POINT('',(157.612290424092,-123.822169620649,3.2));
#8783=CARTESIAN_POINT('',(157.612290424092,-124.947169620649,3.2));
#8784=CARTESIAN_POINT('',(157.312290424092,-123.522169620649,3.2));
#8785=CARTESIAN_POINT('Origin',(157.312290424092,-123.822169620649,3.2));
#8786=CARTESIAN_POINT('',(138.312290424092,-123.522169620649,3.2));
#8787=CARTESIAN_POINT('',(152.562290424092,-123.522169620649,3.2));
#8788=CARTESIAN_POINT('Origin',(138.312290424092,-123.822169620649,3.2));
#8789=CARTESIAN_POINT('Origin',(157.312290424092,-125.322169620649,3.));
#8790=CARTESIAN_POINT('',(157.812290424092,-125.322169620649,3.));
#8791=CARTESIAN_POINT('Origin',(157.612290424092,-125.322169620649,3.));
#8792=CARTESIAN_POINT('',(157.312290424092,-125.822169620649,3.));
#8793=CARTESIAN_POINT('Origin',(157.312290424092,-125.622169620649,3.));
#8794=CARTESIAN_POINT('Origin',(157.312290424092,-125.322169620649,3.));
#8795=CARTESIAN_POINT('Origin',(157.612290424092,-124.947169620649,3.));
#8796=CARTESIAN_POINT('',(157.812290424092,-123.822169620649,3.));
#8797=CARTESIAN_POINT('Origin',(157.612290424092,-123.822169620649,3.));
#8798=CARTESIAN_POINT('',(157.812290424092,-124.947169620649,3.));
#8799=CARTESIAN_POINT('Origin',(157.312290424092,-123.822169620649,3.));
#8800=CARTESIAN_POINT('',(157.312290424092,-123.322169620649,3.));
#8801=CARTESIAN_POINT('Origin',(157.312290424092,-123.522169620649,3.));
#8802=CARTESIAN_POINT('Origin',(157.312290424092,-123.822169620649,3.));
#8803=CARTESIAN_POINT('Origin',(152.562290424092,-123.522169620649,3.));
#8804=CARTESIAN_POINT('',(138.312290424092,-123.322169620649,3.));
#8805=CARTESIAN_POINT('Origin',(138.312290424092,-123.522169620649,3.));
#8806=CARTESIAN_POINT('',(152.562290424092,-123.322169620649,3.));
#8807=CARTESIAN_POINT('Origin',(138.312290424092,-123.822169620649,3.));
#8808=CARTESIAN_POINT('',(137.812290424092,-123.822169620649,3.));
#8809=CARTESIAN_POINT('Origin',(138.012290424092,-123.822169620649,3.));
#8810=CARTESIAN_POINT('Origin',(138.312290424092,-123.822169620649,3.));
#8811=CARTESIAN_POINT('Origin',(138.012290424092,-124.197169620649,3.));
#8812=CARTESIAN_POINT('',(137.812290424092,-125.322169620649,3.));
#8813=CARTESIAN_POINT('',(137.812290424092,-124.197169620649,3.));
#8814=CARTESIAN_POINT('Origin',(138.012290424092,-125.322169620649,3.));
#8815=CARTESIAN_POINT('Origin',(138.312290424092,-125.322169620649,3.));
#8816=CARTESIAN_POINT('',(138.312290424092,-125.822169620649,3.));
#8817=CARTESIAN_POINT('Origin',(138.312290424092,-125.622169620649,3.));
#8818=CARTESIAN_POINT('Origin',(138.312290424092,-125.322169620649,3.));
#8819=CARTESIAN_POINT('Origin',(143.062290424092,-125.622169620649,3.));
#8820=CARTESIAN_POINT('',(143.062290424092,-125.822169620649,3.));
#8821=CARTESIAN_POINT('Origin',(279.722290424092,-91.3221696206492,3.));
#8822=CARTESIAN_POINT('',(280.222290424092,-91.3221696206492,3.));
#8823=CARTESIAN_POINT('',(280.022290424092,-91.3221696206492,3.2));
#8824=CARTESIAN_POINT('Origin',(280.022290424092,-91.3221696206492,3.));
#8825=CARTESIAN_POINT('',(279.722290424092,-91.6221696206492,3.2));
#8826=CARTESIAN_POINT('Origin',(279.722290424092,-91.3221696206492,3.2));
#8827=CARTESIAN_POINT('',(279.722290424092,-91.8221696206492,3.));
#8828=CARTESIAN_POINT('Origin',(279.722290424092,-91.6221696206492,3.));
#8829=CARTESIAN_POINT('Origin',(279.722290424092,-91.3221696206492,3.));
#8830=CARTESIAN_POINT('Origin',(280.022290424092,-86.5721696206492,3.));
#8831=CARTESIAN_POINT('',(280.222290424092,-72.3221696206492,3.));
#8832=CARTESIAN_POINT('',(280.022290424092,-72.3221696206492,3.2));
#8833=CARTESIAN_POINT('Origin',(280.022290424092,-72.3221696206492,3.));
#8834=CARTESIAN_POINT('',(280.022290424092,-86.5721696206492,3.2));
#8835=CARTESIAN_POINT('',(280.222290424092,-86.5721696206492,3.));
#8836=CARTESIAN_POINT('Origin',(279.722290424092,-72.3221696206491,3.));
#8837=CARTESIAN_POINT('',(279.722290424092,-71.8221696206492,3.));
#8838=CARTESIAN_POINT('',(279.722290424092,-72.0221696206492,3.2));
#8839=CARTESIAN_POINT('Origin',(279.722290424092,-72.0221696206492,3.));
#8840=CARTESIAN_POINT('Origin',(279.722290424092,-72.3221696206491,3.2));
#8841=CARTESIAN_POINT('Origin',(279.722290424092,-72.3221696206491,3.));
#8842=CARTESIAN_POINT('Origin',(278.973645212046,-81.8221696206492,3.2));
#8843=CARTESIAN_POINT('',(277.725,-72.0221696206492,3.2));
#8844=CARTESIAN_POINT('',(279.347967818069,-72.0221696206492,3.2));
#8845=CARTESIAN_POINT('',(277.725,-91.6221696206492,3.2));
#8846=CARTESIAN_POINT('',(277.725,-44.3625,3.2));
#8847=CARTESIAN_POINT('',(278.349322606023,-91.6221696206492,3.2));
#8848=CARTESIAN_POINT('Origin',(278.349322606023,-91.6221696206492,3.));
#8849=CARTESIAN_POINT('',(277.725,-91.8221696206492,3.));
#8850=CARTESIAN_POINT('Origin',(277.725,-91.6221696206492,3.));
#8851=CARTESIAN_POINT('',(278.349322606023,-91.8221696206492,3.));
#8852=CARTESIAN_POINT('Origin',(279.347967818069,-72.0221696206492,3.));
#8853=CARTESIAN_POINT('',(277.725,-71.8221696206492,3.));
#8854=CARTESIAN_POINT('Origin',(277.725,-72.0221696206492,3.));
#8855=CARTESIAN_POINT('',(279.347967818069,-71.8221696206492,3.));
#8856=CARTESIAN_POINT('Origin',(16.3011452120459,-81.8221696206492,3.2));
#8857=CARTESIAN_POINT('',(17.55,-91.6221696206492,3.2));
#8858=CARTESIAN_POINT('',(15.5522904240918,-91.6221696206492,3.2));
#8859=CARTESIAN_POINT('',(15.9267178180688,-91.6221696206492,3.2));
#8860=CARTESIAN_POINT('',(17.55,-72.0221696206492,3.2));
#8861=CARTESIAN_POINT('',(17.55,-117.5625,3.2));
#8862=CARTESIAN_POINT('',(15.5522904240918,-72.0221696206492,3.2));
#8863=CARTESIAN_POINT('',(16.9255726060229,-72.0221696206492,3.2));
#8864=CARTESIAN_POINT('',(15.2522904240918,-72.3221696206492,3.2));
#8865=CARTESIAN_POINT('Origin',(15.5522904240918,-72.3221696206492,3.2));
#8866=CARTESIAN_POINT('',(15.2522904240918,-91.3221696206492,3.2));
#8867=CARTESIAN_POINT('',(15.2522904240918,-77.0721696206492,3.2));
#8868=CARTESIAN_POINT('Origin',(15.5522904240918,-91.3221696206492,3.2));
#8869=CARTESIAN_POINT('Origin',(147.6375,-80.9625,-2.));
#8870=CARTESIAN_POINT('',(274.725,-120.5625,-2.));
#8871=CARTESIAN_POINT('',(20.55,-120.5625,-2.));
#8872=CARTESIAN_POINT('',(274.725,-120.5625,-2.));
#8873=CARTESIAN_POINT('',(277.725,-117.5625,-2.));
#8874=CARTESIAN_POINT('Origin',(274.725,-117.5625,-2.));
#8875=CARTESIAN_POINT('',(277.725,-44.3625,-2.));
#8876=CARTESIAN_POINT('',(277.725,-44.3625,-2.));
#8877=CARTESIAN_POINT('',(274.725,-41.3625,-2.));
#8878=CARTESIAN_POINT('Origin',(274.725,-44.3625,-2.));
#8879=CARTESIAN_POINT('',(20.55,-41.3625,-2.));
#8880=CARTESIAN_POINT('',(20.55,-41.3625,-2.));
#8881=CARTESIAN_POINT('',(17.55,-44.3625,-2.));
#8882=CARTESIAN_POINT('Origin',(20.55,-44.3625,-2.));
#8883=CARTESIAN_POINT('',(17.55,-117.5625,-2.));
#8884=CARTESIAN_POINT('',(17.55,-117.5625,-2.));
#8885=CARTESIAN_POINT('Origin',(20.55,-117.5625,-2.));
#8886=CARTESIAN_POINT('Origin',(16.9255726060229,-72.0221696206492,3.));
#8887=CARTESIAN_POINT('',(17.55,-71.8221696206492,3.));
#8888=CARTESIAN_POINT('Origin',(17.55,-72.0221696206492,3.));
#8889=CARTESIAN_POINT('',(15.5522904240918,-71.8221696206492,3.));
#8890=CARTESIAN_POINT('',(16.9255726060229,-71.8221696206492,3.));
#8891=CARTESIAN_POINT('Origin',(15.5522904240918,-72.0221696206492,3.));
#8892=CARTESIAN_POINT('Origin',(15.5522904240918,-72.3221696206492,3.));
#8893=CARTESIAN_POINT('',(15.0522904240918,-72.3221696206492,3.));
#8894=CARTESIAN_POINT('Origin',(15.2522904240918,-72.3221696206492,3.));
#8895=CARTESIAN_POINT('Origin',(15.5522904240918,-72.3221696206492,3.));
#8896=CARTESIAN_POINT('Origin',(15.2522904240918,-77.0721696206492,3.));
#8897=CARTESIAN_POINT('',(15.0522904240918,-91.3221696206492,3.));
#8898=CARTESIAN_POINT('Origin',(15.2522904240918,-91.3221696206492,3.));
#8899=CARTESIAN_POINT('',(15.0522904240918,-77.0721696206492,3.));
#8900=CARTESIAN_POINT('Origin',(15.5522904240918,-91.3221696206492,3.));
#8901=CARTESIAN_POINT('',(15.5522904240918,-91.8221696206492,3.));
#8902=CARTESIAN_POINT('Origin',(15.5522904240918,-91.6221696206492,3.));
#8903=CARTESIAN_POINT('Origin',(15.5522904240918,-91.3221696206492,3.));
#8904=CARTESIAN_POINT('Origin',(15.9267178180688,-91.6221696206492,3.));
#8905=CARTESIAN_POINT('',(17.55,-91.8221696206492,3.));
#8906=CARTESIAN_POINT('Origin',(17.55,-91.6221696206492,3.));
#8907=CARTESIAN_POINT('',(15.9267178180688,-91.8221696206492,3.));
#8908=CARTESIAN_POINT('Origin',(147.6375,-81.1675599361563,-8.84384579546677));
#8909=CARTESIAN_POINT('',(224.604020833333,-55.7606116324477,-11.0666657468305));
#8910=CARTESIAN_POINT('',(233.734791666667,-49.9579746795973,-11.5743306987615));
#8911=CARTESIAN_POINT('Ctrl Pts',(224.604020833333,-55.7606116324477,-11.0666657468305));
#8912=CARTESIAN_POINT('Ctrl Pts',(227.689591666667,-54.2236969800711,-11.2011283557203));
#8913=CARTESIAN_POINT('Ctrl Pts',(232.979141666667,-50.8362116238125,-11.497494922253));
#8914=CARTESIAN_POINT('Ctrl Pts',(233.734791666667,-49.9579746795973,-11.5743306987615));
#8915=CARTESIAN_POINT('',(235.655402083333,-51.7771797783288,-11.415170875994));
#8916=CARTESIAN_POINT('Ctrl Pts',(233.734791666667,-49.9579746795973,-11.5743306987615));
#8917=CARTESIAN_POINT('Ctrl Pts',(234.27004375,-49.2992969714359,-11.6319575311429));
#8918=CARTESIAN_POINT('Ctrl Pts',(234.742325,-49.7384154435435,-11.5935396428886));
#8919=CARTESIAN_POINT('Ctrl Pts',(235.655402083333,-51.7771797783288,-11.415170875994));
#8920=CARTESIAN_POINT('',(235.529460416667,-59.2735594093085,-10.7593226407966));
#8921=CARTESIAN_POINT('Ctrl Pts',(235.655402083333,-51.7771797783288,-11.415170875994));
#8922=CARTESIAN_POINT('Ctrl Pts',(236.72590625,-54.1609657697701,-11.2066166254709));
#8923=CARTESIAN_POINT('Ctrl Pts',(236.694420833333,-56.9525046281684,-10.962388621569));
#8924=CARTESIAN_POINT('Ctrl Pts',(235.529460416667,-59.2735594093085,-10.7593226407966));
#8925=CARTESIAN_POINT('',(217.204947916667,-71.6943390489235,-9.67264523017667));
#8926=CARTESIAN_POINT('Ctrl Pts',(235.529460416667,-59.2735594093085,-10.7593226407966));
#8927=CARTESIAN_POINT('Ctrl Pts',(233.388452083333,-63.633378525234,-10.3778878931295));
#8928=CARTESIAN_POINT('Ctrl Pts',(225.328185416667,-69.0909938214284,-9.9004084248268));
#8929=CARTESIAN_POINT('Ctrl Pts',(217.204947916667,-71.6943390489235,-9.67264523017667));
#8930=CARTESIAN_POINT('',(190.914625,-74.1408562506658,-9.45860270990305));
#8931=CARTESIAN_POINT('Ctrl Pts',(217.204947916667,-71.6943390489235,-9.67264523017667));
#8932=CARTESIAN_POINT('Ctrl Pts',(209.553991666667,-74.1722218558164,-9.45585857502774));
#8933=CARTESIAN_POINT('Ctrl Pts',(198.974891666667,-75.1445556154832,-9.37079039389336));
#8934=CARTESIAN_POINT('Ctrl Pts',(190.914625,-74.1408562506658,-9.45860270990305));
#8935=CARTESIAN_POINT('',(164.907670833333,-65.4212180188149,-10.2214722052372));
#8936=CARTESIAN_POINT('Ctrl Pts',(190.914625,-74.1408562506658,-9.45860270990305));
#8937=CARTESIAN_POINT('Ctrl Pts',(180.05215625,-72.7921352291925,-9.57660050954107));
#8938=CARTESIAN_POINT('Ctrl Pts',(171.960404166667,-70.0633275810953,-9.81534024369241));
#8939=CARTESIAN_POINT('Ctrl Pts',(164.907670833333,-65.4212180188149,-10.2214722052372));
#8940=CARTESIAN_POINT('',(161.381304166667,-60.2772587741259,-10.6715103247869));
#8941=CARTESIAN_POINT('Ctrl Pts',(164.907670833333,-65.4212180188149,-10.2214722052372));
#8942=CARTESIAN_POINT('Ctrl Pts',(161.664672916667,-63.288356868578,-10.4080733767578));
#8943=CARTESIAN_POINT('Ctrl Pts',(161.223877083333,-62.6610447655672,-10.4629560742639));
#8944=CARTESIAN_POINT('Ctrl Pts',(161.381304166667,-60.2772587741259,-10.6715103247869));
#8945=CARTESIAN_POINT('',(162.262895833333,-58.7717097268999,-10.8032287988014));
#8946=CARTESIAN_POINT('Ctrl Pts',(161.381304166667,-60.2772587741259,-10.6715103247869));
#8947=CARTESIAN_POINT('Ctrl Pts',(161.475760416667,-58.8658065423515,-10.7949963941755));
#8948=CARTESIAN_POINT('Ctrl Pts',(161.53873125,-58.7403441217493,-10.8059729336767));
#8949=CARTESIAN_POINT('Ctrl Pts',(162.262895833333,-58.7717097268999,-10.8032287988014));
#8950=CARTESIAN_POINT('',(166.670854166667,-60.0890651432226,-10.6879751340387));
#8951=CARTESIAN_POINT('Ctrl Pts',(162.262895833333,-58.7717097268999,-10.8032287988014));
#8952=CARTESIAN_POINT('Ctrl Pts',(162.703691666667,-58.8030753320504,-10.8004846639261));
#8953=CARTESIAN_POINT('Ctrl Pts',(164.687272916667,-59.3990218299107,-10.7483461012954));
#8954=CARTESIAN_POINT('Ctrl Pts',(166.670854166667,-60.0890651432226,-10.6879751340387));
#8955=CARTESIAN_POINT('',(192.268497916667,-63.5079161046318,-10.3888644326307));
#8956=CARTESIAN_POINT('Ctrl Pts',(166.670854166667,-60.0890651432226,-10.6879751340387));
#8957=CARTESIAN_POINT('Ctrl Pts',(174.353295833333,-62.7551415810188,-10.454723669638));
#8958=CARTESIAN_POINT('Ctrl Pts',(181.846825,-63.7588409458362,-10.3669113536283));
#8959=CARTESIAN_POINT('Ctrl Pts',(192.268497916667,-63.5079161046318,-10.3888644326307));
#8960=CARTESIAN_POINT('Ctrl Pts',(192.268497916667,-63.5079161046318,-10.3888644326307));
#8961=CARTESIAN_POINT('Ctrl Pts',(204.736722916667,-63.2256256582769,-10.4135616465084));
#8962=CARTESIAN_POINT('Ctrl Pts',(214.213833333333,-60.9359364822873,-10.6138834924055));
#8963=CARTESIAN_POINT('Ctrl Pts',(224.604020833333,-55.7606116324477,-11.0666657468305));
#8964=CARTESIAN_POINT('Origin',(147.6375,-81.1675599361563,-8.84384579546677));
#8965=CARTESIAN_POINT('',(241.133864583333,-41.0501428168431,-12.3536650033475));
#8966=CARTESIAN_POINT('',(242.58219375,-42.5870574692198,-12.2192023944577));
#8967=CARTESIAN_POINT('',(229.28216635805,-28.4735482986878,-13.4539744494484));
#8968=CARTESIAN_POINT('',(245.352910416667,-46.5077581130376,-11.8761855350448));
#8969=CARTESIAN_POINT('Ctrl Pts',(242.58219375,-42.5870574692198,-12.2192023944577));
#8970=CARTESIAN_POINT('Ctrl Pts',(243.369329166667,-43.4339288082844,-12.1451107528245));
#8971=CARTESIAN_POINT('Ctrl Pts',(244.628745833333,-45.2217683018654,-11.9886950649322));
#8972=CARTESIAN_POINT('Ctrl Pts',(245.352910416667,-46.5077581130376,-11.8761855350448));
#8973=CARTESIAN_POINT('',(247.68283125,-51.6203517525761,-11.4288915503705));
#8974=CARTESIAN_POINT('Ctrl Pts',(245.352910416667,-46.5077581130376,-11.8761855350448));
#8975=CARTESIAN_POINT('Ctrl Pts',(246.108560416667,-47.8251135293604,-11.7609318702821));
#8976=CARTESIAN_POINT('Ctrl Pts',(247.147579166667,-50.11480270535,-11.560610024385));
#8977=CARTESIAN_POINT('Ctrl Pts',(247.68283125,-51.6203517525761,-11.4288915503705));
#8978=CARTESIAN_POINT('',(248.658879166667,-57.799375967233,-10.8882969799358));
#8979=CARTESIAN_POINT('Ctrl Pts',(247.68283125,-51.6203517525761,-11.4288915503705));
#8980=CARTESIAN_POINT('Ctrl Pts',(248.5329375,-54.0355033491679,-11.2175931649722));
#8981=CARTESIAN_POINT('Ctrl Pts',(248.658879166667,-54.7569122676304,-11.1544780628402));
#8982=CARTESIAN_POINT('Ctrl Pts',(248.658879166667,-57.799375967233,-10.8882969799358));
#8983=CARTESIAN_POINT('',(240.819010416667,-74.3917810918702,-9.43664963090063));
#8984=CARTESIAN_POINT('Ctrl Pts',(248.658879166667,-57.799375967233,-10.8882969799358));
#8985=CARTESIAN_POINT('Ctrl Pts',(248.690364583333,-63.9470345767394,-10.3504465443765));
#8986=CARTESIAN_POINT('Ctrl Pts',(246.328958333333,-68.9341657956757,-9.91412909920331));
#8987=CARTESIAN_POINT('Ctrl Pts',(240.819010416667,-74.3917810918702,-9.43664963090063));
#8988=CARTESIAN_POINT('',(217.204947916667,-86.8125607314851,-8.34997222028071));
#8989=CARTESIAN_POINT('Ctrl Pts',(240.819010416667,-74.3917810918702,-9.43664963090063));
#8990=CARTESIAN_POINT('Ctrl Pts',(234.616383333333,-80.508074096226,-8.90154333021658));
#8991=CARTESIAN_POINT('Ctrl Pts',(227.09136875,-84.4601403451944,-8.55578233592842));
#8992=CARTESIAN_POINT('Ctrl Pts',(217.204947916667,-86.8125607314851,-8.34997222028071));
#8993=CARTESIAN_POINT('',(171.236239583333,-83.3623441649254,-8.65182705656402));
#8994=CARTESIAN_POINT('Ctrl Pts',(217.204947916667,-86.8125607314851,-8.34997222028071));
#8995=CARTESIAN_POINT('Ctrl Pts',(200.202822916667,-90.8273581907546,-7.99872295624195));
#8996=CARTESIAN_POINT('Ctrl Pts',(183.45258125,-89.5727339847329,-8.10848835125406));
#8997=CARTESIAN_POINT('Ctrl Pts',(171.236239583333,-83.3623441649254,-8.65182705656402));
#8998=CARTESIAN_POINT('',(162.199925,-77.4028791863223,-9.17321268287155));
#8999=CARTESIAN_POINT('Ctrl Pts',(171.236239583333,-83.3623441649254,-8.65182705656402));
#9000=CARTESIAN_POINT('Ctrl Pts',(168.4340375,-81.9195263280004,-8.77805726082795));
#9001=CARTESIAN_POINT('Ctrl Pts',(163.963108333333,-78.9711594438494,-9.03600593910641));
#9002=CARTESIAN_POINT('Ctrl Pts',(162.199925,-77.4028791863223,-9.17321268287155));
#9003=CARTESIAN_POINT('',(160.97199375,-76.3050830060533,-9.26925740350715));
#9004=CARTESIAN_POINT('',(159.106146802354,-74.636976870557,-9.41519777992108));
#9005=CARTESIAN_POINT('',(161.475760416667,-69.2791874523317,-9.88394361557498));
#9006=CARTESIAN_POINT('',(160.764711503862,-79.1959916506142,-9.01633566981894));
#9007=CARTESIAN_POINT('',(164.152020833333,-71.0042957356116,-9.73301619743333));
#9008=CARTESIAN_POINT('',(159.320102334834,-67.8896576480831,-10.0055117210781));
#9009=CARTESIAN_POINT('',(187.136375,-79.1907186799032,-9.01679699497929));
#9010=CARTESIAN_POINT('Ctrl Pts',(164.152020833333,-71.0042957356116,-9.73301619743333));
#9011=CARTESIAN_POINT('Ctrl Pts',(170.732472916667,-75.3013836412359,-9.35706971951684));
#9012=CARTESIAN_POINT('Ctrl Pts',(177.533322916667,-77.7165352378277,-9.14577133411852));
#9013=CARTESIAN_POINT('Ctrl Pts',(187.136375,-79.1907186799032,-9.01679699497929));
#9014=CARTESIAN_POINT('',(208.074177083333,-79.1593530747527,-9.01954112985459));
#9015=CARTESIAN_POINT('Ctrl Pts',(187.136375,-79.1907186799032,-9.01679699497929));
#9016=CARTESIAN_POINT('Ctrl Pts',(192.0481,-79.9434932035163,-8.95093775797202));
#9017=CARTESIAN_POINT('Ctrl Pts',(202.375316666667,-79.9121275983657,-8.95368189284733));
#9018=CARTESIAN_POINT('Ctrl Pts',(208.074177083333,-79.1593530747527,-9.01954112985459));
#9019=CARTESIAN_POINT('',(236.72590625,-66.581745409385,-10.119939214851));
#9020=CARTESIAN_POINT('Ctrl Pts',(208.074177083333,-79.1593530747527,-9.01954112985459));
#9021=CARTESIAN_POINT('Ctrl Pts',(219.944179166667,-77.559707212075,-9.15949200849504));
#9022=CARTESIAN_POINT('Ctrl Pts',(230.176939583333,-73.0430600703968,-9.55464743053864));
#9023=CARTESIAN_POINT('Ctrl Pts',(236.72590625,-66.581745409385,-10.119939214851));
#9024=CARTESIAN_POINT('',(241.763572916667,-58.0503008084374,-10.8663439009334));
#9025=CARTESIAN_POINT('Ctrl Pts',(236.72590625,-66.581745409385,-10.119939214851));
#9026=CARTESIAN_POINT('Ctrl Pts',(239.622564583333,-63.6961097355351,-10.3723996233789));
#9027=CARTESIAN_POINT('Ctrl Pts',(241.102379166667,-61.2182269286422,-10.5891862785278));
#9028=CARTESIAN_POINT('Ctrl Pts',(241.763572916667,-58.0503008084374,-10.8663439009334));
#9029=CARTESIAN_POINT('',(241.7320875,-52.7181479328451,-11.3328468297349));
#9030=CARTESIAN_POINT('Ctrl Pts',(241.763572916667,-58.0503008084374,-10.8663439009334));
#9031=CARTESIAN_POINT('Ctrl Pts',(242.141397916667,-56.2624613148564,-11.0227595888257));
#9032=CARTESIAN_POINT('Ctrl Pts',(242.141397916667,-55.5096867912434,-11.0886188258329));
#9033=CARTESIAN_POINT('Ctrl Pts',(241.7320875,-52.7181479328451,-11.3328468297349));
#9034=CARTESIAN_POINT('',(239.307710416667,-46.1000052460805,-11.9118592884238));
#9035=CARTESIAN_POINT('Ctrl Pts',(241.7320875,-52.7181479328451,-11.3328468297349));
#9036=CARTESIAN_POINT('Ctrl Pts',(241.291291666667,-49.4561249971886,-11.6182368567664));
#9037=CARTESIAN_POINT('Ctrl Pts',(240.756039583333,-48.0446727654142,-11.741722926155));
#9038=CARTESIAN_POINT('Ctrl Pts',(239.307710416667,-46.1000052460805,-11.9118592884238));
#9039=CARTESIAN_POINT('',(238.520575,-45.0649402761126,-12.0024157393088));
#9040=CARTESIAN_POINT('',(231.065983989453,-35.2623245417953,-12.8600334889623));
#9041=CARTESIAN_POINT('',(239.8429625,-43.0575415464779,-12.1780403713281));
#9042=CARTESIAN_POINT('',(216.529766326291,-78.4472290494441,-9.08184390909351));
#9043=CARTESIAN_POINT('',(217.73978982384,-77.428762511939,-9.1709481853057));
#9044=CARTESIAN_POINT('Origin',(147.6375,-81.1675599361563,-8.84384579546677));
#9045=CARTESIAN_POINT('',(57.5109145833333,-51.2753300959201,-11.4590770339988));
#9046=CARTESIAN_POINT('',(58.58141875,-49.4874906023392,-11.6154927218911));
#9047=CARTESIAN_POINT('Ctrl Pts',(57.5109145833333,-51.2753300959201,-11.4590770339988));
#9048=CARTESIAN_POINT('Ctrl Pts',(58.01468125,-50.3029963362533,-11.5441452151332));
#9049=CARTESIAN_POINT('Ctrl Pts',(58.4869625,-49.4874906023392,-11.6154927218911));
#9050=CARTESIAN_POINT('Ctrl Pts',(58.58141875,-49.4874906023392,-11.6154927218911));
#9051=CARTESIAN_POINT('',(60.84836875,-51.0244052547158,-11.4810301130012));
#9052=CARTESIAN_POINT('Ctrl Pts',(58.58141875,-49.4874906023392,-11.6154927218911));
#9053=CARTESIAN_POINT('Ctrl Pts',(58.675875,-49.4874906023392,-11.6154927218911));
#9054=CARTESIAN_POINT('Ctrl Pts',(59.6834083333333,-50.1775339156511,-11.5551217546344));
#9055=CARTESIAN_POINT('Ctrl Pts',(60.84836875,-51.0244052547158,-11.4810301130012));
#9056=CARTESIAN_POINT('',(89.37415625,-62.5669479501155,-10.4711884788898));
#9057=CARTESIAN_POINT('Ctrl Pts',(60.84836875,-51.0244052547158,-11.4810301130012));
#9058=CARTESIAN_POINT('Ctrl Pts',(68.5622958333333,-56.701579786964,-10.9843417005714));
#9059=CARTESIAN_POINT('Ctrl Pts',(77.8819791666667,-60.4654524050292,-10.6550455155351));
#9060=CARTESIAN_POINT('Ctrl Pts',(89.37415625,-62.5669479501155,-10.4711884788898));
#9061=CARTESIAN_POINT('',(100.488508333333,-63.5079161046318,-10.3888644326307));
#9062=CARTESIAN_POINT('Ctrl Pts',(89.37415625,-62.5669479501155,-10.4711884788898));
#9063=CARTESIAN_POINT('Ctrl Pts',(92.8690375,-63.1942600531264,-10.4163057813837));
#9064=CARTESIAN_POINT('Ctrl Pts',(95.1674729166667,-63.3824536840296,-10.3998409721319));
#9065=CARTESIAN_POINT('Ctrl Pts',(100.488508333333,-63.5079161046318,-10.3888644326307));
#9066=CARTESIAN_POINT('',(127.219627083333,-59.9322371174699,-10.7016958084152));
#9067=CARTESIAN_POINT('Ctrl Pts',(100.488508333333,-63.5079161046318,-10.3888644326307));
#9068=CARTESIAN_POINT('Ctrl Pts',(110.91018125,-63.7588409458362,-10.3669113536283));
#9069=CARTESIAN_POINT('Ctrl Pts',(118.498166666667,-62.7551415810188,-10.454723669638));
#9070=CARTESIAN_POINT('Ctrl Pts',(127.219627083333,-59.9322371174699,-10.7016958084152));
#9071=CARTESIAN_POINT('',(130.93490625,-60.8104740616851,-10.6248600319067));
#9072=CARTESIAN_POINT('Ctrl Pts',(127.219627083333,-59.9322371174699,-10.7016958084152));
#9073=CARTESIAN_POINT('Ctrl Pts',(130.0848,-59.0226345681042,-10.781275719799));
#9074=CARTESIAN_POINT('Ctrl Pts',(130.55708125,-59.1167313835558,-10.7730433151731));
#9075=CARTESIAN_POINT('Ctrl Pts',(130.93490625,-60.8104740616851,-10.6248600319067));
#9076=CARTESIAN_POINT('',(127.565966666667,-64.9507339415568,-10.2626342283668));
#9077=CARTESIAN_POINT('Ctrl Pts',(130.93490625,-60.8104740616851,-10.6248600319067));
#9078=CARTESIAN_POINT('Ctrl Pts',(131.249760416667,-62.1591950831585,-10.5068622322687));
#9079=CARTESIAN_POINT('Ctrl Pts',(130.588566666667,-62.9747008170726,-10.4355147255108));
#9080=CARTESIAN_POINT('Ctrl Pts',(127.565966666667,-64.9507339415568,-10.2626342283668));
#9081=CARTESIAN_POINT('',(100.236625,-74.2976842764186,-9.44488203552653));
#9082=CARTESIAN_POINT('Ctrl Pts',(127.565966666667,-64.9507339415568,-10.2626342283668));
#9083=CARTESIAN_POINT('Ctrl Pts',(120.0724375,-69.9378651604931,-9.82631678319361));
#9084=CARTESIAN_POINT('Ctrl Pts',(110.815725,-73.1057912806979,-9.54915916078802));
#9085=CARTESIAN_POINT('Ctrl Pts',(100.236625,-74.2976842764186,-9.44488203552651));
#9086=CARTESIAN_POINT('',(77.4096979166667,-72.07072631073,-9.63971561167303));
#9087=CARTESIAN_POINT('Ctrl Pts',(100.236625,-74.2976842764186,-9.44488203552653));
#9088=CARTESIAN_POINT('Ctrl Pts',(94.0339979166667,-74.9877275897305,-9.38451106826987));
#9089=CARTESIAN_POINT('Ctrl Pts',(85.1865958333333,-74.1408562506658,-9.45860270990305));
#9090=CARTESIAN_POINT('Ctrl Pts',(77.4096979166667,-72.07072631073,-9.63971561167303));
#9091=CARTESIAN_POINT('',(57.3220020833333,-59.2735594093085,-10.7593226407966));
#9092=CARTESIAN_POINT('Ctrl Pts',(77.4096979166667,-72.07072631073,-9.63971561167303));
#9093=CARTESIAN_POINT('Ctrl Pts',(67.7121895833333,-69.4987466883855,-9.86473467144786));
#9094=CARTESIAN_POINT('Ctrl Pts',(59.7463791666667,-64.4488842591481,-10.3065403863716));
#9095=CARTESIAN_POINT('Ctrl Pts',(57.3220020833333,-59.2735594093085,-10.7593226407966));
#9096=CARTESIAN_POINT('Origin',(137.0257605186,-50.3674007423657,-11.5385105597168));
#9097=CARTESIAN_POINT('Origin',(147.6375,-81.1675599361563,-8.84384579546677));
#9098=CARTESIAN_POINT('',(50.3007541666667,-42.2106702074132,-12.2521320129613));
#9099=CARTESIAN_POINT('',(51.4972,-41.0187772116926,-12.3564091382228));
#9100=CARTESIAN_POINT('Ctrl Pts',(50.3007541666667,-42.2106702074132,-12.2521320129613));
#9101=CARTESIAN_POINT('Ctrl Pts',(50.83600625,-41.5519924992518,-12.3097588453427));
#9102=CARTESIAN_POINT('Ctrl Pts',(51.3712583333333,-41.0187772116926,-12.3564091382228));
#9103=CARTESIAN_POINT('Ctrl Pts',(51.4972,-41.0187772116926,-12.3564091382228));
#9104=CARTESIAN_POINT('',(52.25285,-42.02247657651,-12.2685968222131));
#9105=CARTESIAN_POINT('Ctrl Pts',(51.4972,-41.0187772116926,-12.3564091382228));
#9106=CARTESIAN_POINT('Ctrl Pts',(51.6231416666667,-41.0187772116926,-12.3564091382228));
#9107=CARTESIAN_POINT('Ctrl Pts',(51.96948125,-41.4892612889508,-12.3152471150933));
#9108=CARTESIAN_POINT('Ctrl Pts',(52.25285,-42.02247657651,-12.2685968222131));
#9109=CARTESIAN_POINT('',(53.5437520833334,-44.0298753061447,-12.0929721901938));
#9110=CARTESIAN_POINT('Ctrl Pts',(52.25285,-42.02247657651,-12.2685968222131));
#9111=CARTESIAN_POINT('Ctrl Pts',(52.53621875,-42.5870574692198,-12.2192023944577));
#9112=CARTESIAN_POINT('Ctrl Pts',(53.1344416666667,-43.4966600185855,-12.1396224830739));
#9113=CARTESIAN_POINT('Ctrl Pts',(53.5437520833333,-44.0298753061447,-12.0929721901938));
#9114=CARTESIAN_POINT('',(54.2994020833333,-45.0335746709621,-12.0051598741841));
#9115=CARTESIAN_POINT('',(79.4277174008211,-78.4105006593079,-9.08505722685998));
#9116=CARTESIAN_POINT('',(53.3233541666667,-46.5391237181881,-11.8734414001695));
#9117=CARTESIAN_POINT('',(59.7703300166398,-36.5946955987527,-12.7434661258685));
#9118=CARTESIAN_POINT('',(51.2453166666667,-57.6425479414803,-10.9020176543123));
#9119=CARTESIAN_POINT('Ctrl Pts',(53.3233541666667,-46.5391237181881,-11.8734414001695));
#9120=CARTESIAN_POINT('Ctrl Pts',(51.0878895833333,-50.0834371001995,-11.5633541592603));
#9121=CARTESIAN_POINT('Ctrl Pts',(50.45818125,-53.4395568513075,-11.2697317276029));
#9122=CARTESIAN_POINT('Ctrl Pts',(51.2453166666667,-57.6425479414803,-10.9020176543123));
#9123=CARTESIAN_POINT('',(55.5903041666667,-66.2680893578796,-10.1473805636041));
#9124=CARTESIAN_POINT('Ctrl Pts',(51.2453166666667,-57.6425479414803,-10.9020176543123));
#9125=CARTESIAN_POINT('Ctrl Pts',(51.9065104166667,-61.09276450804,-10.600162818029));
#9126=CARTESIAN_POINT('Ctrl Pts',(53.2288979166667,-63.7902065509867,-10.364167218753));
#9127=CARTESIAN_POINT('Ctrl Pts',(55.5903041666667,-66.2680893578796,-10.1473805636041));
#9128=CARTESIAN_POINT('',(84.9661979166667,-79.0966218644516,-9.0250293996052));
#9129=CARTESIAN_POINT('Ctrl Pts',(55.5903041666667,-66.2680893578796,-10.1473805636041));
#9130=CARTESIAN_POINT('Ctrl Pts',(61.79293125,-72.8862320446441,-9.56836810491516));
#9131=CARTESIAN_POINT('Ctrl Pts',(72.6239145833333,-77.6224384223761,-9.15400373874444));
#9132=CARTESIAN_POINT('Ctrl Pts',(84.9661979166667,-79.0966218644516,-9.0250293996052));
#9133=CARTESIAN_POINT('',(128.0067625,-70.9101989201599,-9.74124860205924));
#9134=CARTESIAN_POINT('Ctrl Pts',(84.9661979166667,-79.0966218644516,-9.0250293996052));
#9135=CARTESIAN_POINT('Ctrl Pts',(102.377633333333,-81.198117409538,-8.84117236295991));
#9136=CARTESIAN_POINT('Ctrl Pts',(115.601508333333,-78.657503392344,-9.06344728785944));
#9137=CARTESIAN_POINT('Ctrl Pts',(128.0067625,-70.9101989201599,-9.74124860205924));
#9138=CARTESIAN_POINT('',(131.0293625,-69.0282626111273,-9.90589669457741));
#9139=CARTESIAN_POINT('',(132.751175428382,-67.9562245421525,-9.9996878724809));
#9140=CARTESIAN_POINT('',(131.218275,-70.4710804480523,-9.77966649031348));
#9141=CARTESIAN_POINT('',(131.949701062119,-76.0573416473775,-9.29093196387776));
#9142=CARTESIAN_POINT('',(131.5961,-73.9526626197626,-9.47506751915486));
#9143=CARTESIAN_POINT('Ctrl Pts',(131.218275,-70.4710804480523,-9.77966649031348));
#9144=CARTESIAN_POINT('Ctrl Pts',(131.31273125,-71.2552205768159,-9.71106311843091));
#9145=CARTESIAN_POINT('Ctrl Pts',(131.470158333333,-72.823500834343,-9.57385637466576));
#9146=CARTESIAN_POINT('Ctrl Pts',(131.5961,-73.9526626197626,-9.47506751915486));
#9147=CARTESIAN_POINT('',(131.7850125,-75.9914269545478,-9.29669875226018));
#9148=CARTESIAN_POINT('',(131.995307774031,-78.2609565223032,-9.09814064354467));
#9149=CARTESIAN_POINT('',(129.486577083333,-77.904728868731,-9.12930652486671));
#9150=CARTESIAN_POINT('',(135.173992669164,-73.1703156029857,-9.54351401406613));
#9151=CARTESIAN_POINT('',(102.912885416667,-88.7258626456682,-8.18257999288724));
#9152=CARTESIAN_POINT('Ctrl Pts',(129.486577083333,-77.904728868731,-9.12930652486671));
#9153=CARTESIAN_POINT('Ctrl Pts',(121.741164583333,-84.2405811091406,-8.57499128005554));
#9154=CARTESIAN_POINT('Ctrl Pts',(113.55495625,-87.5653352550981,-8.28411298327344));
#9155=CARTESIAN_POINT('Ctrl Pts',(102.912885416667,-88.7258626456682,-8.18257999288724));
#9156=CARTESIAN_POINT('',(84.8087708333333,-88.3808409890123,-8.21276547651557));
#9157=CARTESIAN_POINT('Ctrl Pts',(102.912885416667,-88.7258626456682,-8.18257999288724));
#9158=CARTESIAN_POINT('Ctrl Pts',(99.0716645833333,-89.1336155126253,-8.1469062395083));
#9159=CARTESIAN_POINT('Ctrl Pts',(88.7444479166667,-88.945421881722,-8.16337104876012));
#9160=CARTESIAN_POINT('Ctrl Pts',(84.8087708333333,-88.3808409890123,-8.21276547651557));
#9161=CARTESIAN_POINT('',(46.3650770833333,-66.6131110145356,-10.1171950799757));
#9162=CARTESIAN_POINT('Ctrl Pts',(84.8087708333333,-88.3808409890123,-8.21276547651557));
#9163=CARTESIAN_POINT('Ctrl Pts',(65.0674145833333,-85.589302130614,-8.45699348041752));
#9164=CARTESIAN_POINT('Ctrl Pts',(51.7175979166667,-78.0301912893331,-9.1183299853655));
#9165=CARTESIAN_POINT('Ctrl Pts',(46.3650770833333,-66.6131110145356,-10.1171950799757));
#9166=CARTESIAN_POINT('',(44.5074375,-57.3288918899749,-10.9294590030654));
#9167=CARTESIAN_POINT('Ctrl Pts',(46.3650770833333,-66.6131110145356,-10.1171950799757));
#9168=CARTESIAN_POINT('Ctrl Pts',(45.1371458333333,-63.9784001818899,-10.3477024095012));
#9169=CARTESIAN_POINT('Ctrl Pts',(44.5074375,-60.9359364822873,-10.6138834924055));
#9170=CARTESIAN_POINT('Ctrl Pts',(44.5074375,-57.3288918899749,-10.9294590030654));
#9171=CARTESIAN_POINT('Ctrl Pts',(44.5074375,-57.3288918899749,-10.9294590030654));
#9172=CARTESIAN_POINT('Ctrl Pts',(44.5074375,-51.6830829628772,-11.4234032806199));
#9173=CARTESIAN_POINT('Ctrl Pts',(46.2706208333333,-47.1037046108979,-11.8240469724141));
#9174=CARTESIAN_POINT('Ctrl Pts',(50.3007541666667,-42.2106702074132,-12.2521320129613));
#9175=CARTESIAN_POINT('Origin',(147.6375,-81.1675599361563,-8.84384579546677));
#9176=CARTESIAN_POINT('',(243.967552083333,-79.1593530747527,-9.01954112985459));
#9177=CARTESIAN_POINT('',(244.062008333333,-81.3549454352907,-8.8274516885834));
#9178=CARTESIAN_POINT('',(243.922366086916,-78.1090252400491,-9.11143290837686));
#9179=CARTESIAN_POINT('',(243.810125,-85.244280473958,-8.48717896404585));
#9180=CARTESIAN_POINT('Ctrl Pts',(244.062008333333,-81.3549454352907,-8.8274516885834));
#9181=CARTESIAN_POINT('Ctrl Pts',(244.124979166667,-82.5468384310113,-8.72317456332189));
#9182=CARTESIAN_POINT('Ctrl Pts',(243.9990375,-84.3033123194417,-8.56950301030493));
#9183=CARTESIAN_POINT('Ctrl Pts',(243.810125,-85.244280473958,-8.48717896404585));
#9184=CARTESIAN_POINT('',(223.12420625,-102.463997701606,-6.9806489175046));
#9185=CARTESIAN_POINT('Ctrl Pts',(243.810125,-85.244280473958,-8.48717896404585));
#9186=CARTESIAN_POINT('Ctrl Pts',(242.361795833333,-91.9251543710236,-7.90267823560635));
#9187=CARTESIAN_POINT('Ctrl Pts',(234.207072916667,-98.7314906886914,-7.30720096766564));
#9188=CARTESIAN_POINT('Ctrl Pts',(223.12420625,-102.463997701606,-6.9806489175046));
#9189=CARTESIAN_POINT('',(186.538152083333,-98.1041785856805,-7.36208366517169));
#9190=CARTESIAN_POINT('Ctrl Pts',(223.12420625,-102.463997701606,-6.9806489175046));
#9191=CARTESIAN_POINT('Ctrl Pts',(210.026272916667,-106.917913632983,-6.59098176521161));
#9192=CARTESIAN_POINT('Ctrl Pts',(196.204175,-105.255536560004,-6.73642091360265));
#9193=CARTESIAN_POINT('Ctrl Pts',(186.538152083333,-98.1041785856805,-7.36208366517169));
#9194=CARTESIAN_POINT('',(181.469,-93.0543161564432,-7.80388938009545));
#9195=CARTESIAN_POINT('Ctrl Pts',(186.538152083333,-98.1041785856805,-7.36208366517169));
#9196=CARTESIAN_POINT('Ctrl Pts',(184.428629166667,-96.5672639333039,-7.49654627406153));
#9197=CARTESIAN_POINT('Ctrl Pts',(181.469,-93.5875314440023,-7.7572390872153));
#9198=CARTESIAN_POINT('Ctrl Pts',(181.469,-93.0543161564432,-7.80388938009545));
#9199=CARTESIAN_POINT('',(182.9803,-93.2425097873464,-7.78742457084363));
#9200=CARTESIAN_POINT('Ctrl Pts',(181.469,-93.0543161564432,-7.80388938009545));
#9201=CARTESIAN_POINT('Ctrl Pts',(181.469,-92.9602193409915,-7.81212178472136));
#9202=CARTESIAN_POINT('Ctrl Pts',(182.161679166667,-93.0543161564432,-7.80388938009545));
#9203=CARTESIAN_POINT('Ctrl Pts',(182.9803,-93.2425097873464,-7.78742457084363));
#9204=CARTESIAN_POINT('',(198.156270833333,-94.779424439723,-7.65296196195379));
#9205=CARTESIAN_POINT('Ctrl Pts',(182.9803,-93.2425097873464,-7.78742457084363));
#9206=CARTESIAN_POINT('Ctrl Pts',(187.79756875,-94.4971339933681,-7.67765917583152));
#9207=CARTESIAN_POINT('Ctrl Pts',(190.7257125,-94.8107900448736,-7.65021782707849));
#9208=CARTESIAN_POINT('Ctrl Pts',(198.156270833333,-94.779424439723,-7.65296196195379));
#9209=CARTESIAN_POINT('',(210.08924375,-94.0580155212605,-7.71607706408576));
#9210=CARTESIAN_POINT('Ctrl Pts',(198.156270833333,-94.779424439723,-7.65296196195379));
#9211=CARTESIAN_POINT('Ctrl Pts',(204.169985416667,-94.779424439723,-7.65296196195379));
#9212=CARTESIAN_POINT('Ctrl Pts',(206.40545,-94.6225964139703,-7.66668263633031));
#9213=CARTESIAN_POINT('Ctrl Pts',(210.08924375,-94.0580155212605,-7.71607706408576));
#9214=CARTESIAN_POINT('',(241.921,-80.9785581734841,-8.86038130708703));
#9215=CARTESIAN_POINT('Ctrl Pts',(210.08924375,-94.0580155212605,-7.71607706408576));
#9216=CARTESIAN_POINT('Ctrl Pts',(223.533516666667,-91.9878855813247,-7.89718996585574));
#9217=CARTESIAN_POINT('Ctrl Pts',(234.742325,-87.4085072293454,-8.29783365764996));
#9218=CARTESIAN_POINT('Ctrl Pts',(241.921,-80.9785581734841,-8.86038130708703));
#9219=CARTESIAN_POINT('',(215.628797738865,-104.350017321707,-6.81564358155824));
#9220=CARTESIAN_POINT('Origin',(147.6375,-81.1675599361563,-8.84384579546677));
#9221=CARTESIAN_POINT('',(47.9708333333333,-81.6686014867961,-8.80001033983037));
#9222=CARTESIAN_POINT('',(48.5060854166667,-78.9711594438494,-9.03600593910641));
#9223=CARTESIAN_POINT('Ctrl Pts',(47.9708333333333,-81.6686014867961,-8.80001033983037));
#9224=CARTESIAN_POINT('Ctrl Pts',(47.9708333333333,-80.3198804653228,-8.91800813946839));
#9225=CARTESIAN_POINT('Ctrl Pts',(48.2542020833333,-78.9711594438494,-9.03600593910641));
#9226=CARTESIAN_POINT('Ctrl Pts',(48.5060854166667,-78.9711594438494,-9.03600593910641));
#9227=CARTESIAN_POINT('',(50.6156083333333,-80.7589989374303,-8.87959025121415));
#9228=CARTESIAN_POINT('Ctrl Pts',(48.5060854166667,-78.9711594438494,-9.03600593910641));
#9229=CARTESIAN_POINT('Ctrl Pts',(48.6005416666667,-78.9711594438494,-9.03600593910641));
#9230=CARTESIAN_POINT('Ctrl Pts',(49.5451041666667,-79.7866651777636,-8.96465843234854));
#9231=CARTESIAN_POINT('Ctrl Pts',(50.6156083333333,-80.7589989374303,-8.87959025121415));
#9232=CARTESIAN_POINT('',(92.5226979166667,-94.842155650024,-7.64747369220319));
#9233=CARTESIAN_POINT('Ctrl Pts',(50.6156083333333,-80.7589989374303,-8.87959025121415));
#9234=CARTESIAN_POINT('Ctrl Pts',(58.95924375,-88.4749378044639,-8.20453307188966));
#9235=CARTESIAN_POINT('Ctrl Pts',(75.8669125,-94.1521123367121,-7.70784465945985));
#9236=CARTESIAN_POINT('Ctrl Pts',(92.5226979166667,-94.842155650024,-7.64747369220319));
#9237=CARTESIAN_POINT('',(107.50975625,-93.8384562852067,-7.73528600821288));
#9238=CARTESIAN_POINT('Ctrl Pts',(92.5226979166667,-94.842155650024,-7.64747369220319));
#9239=CARTESIAN_POINT('Ctrl Pts',(97.68630625,-95.0617148860779,-7.62826474807607));
#9240=CARTESIAN_POINT('Ctrl Pts',(103.8259625,-94.6539620191208,-7.663938501455));
#9241=CARTESIAN_POINT('Ctrl Pts',(107.50975625,-93.8384562852067,-7.73528600821288));
#9242=CARTESIAN_POINT('',(110.6268125,-93.1797785770453,-7.79291284059424));
#9243=CARTESIAN_POINT('Ctrl Pts',(107.50975625,-93.8384562852067,-7.73528600821288));
#9244=CARTESIAN_POINT('Ctrl Pts',(108.800658333333,-93.5561658388518,-7.7599832220906));
#9245=CARTESIAN_POINT('Ctrl Pts',(110.186016666667,-93.2738753924969,-7.78468043596833));
#9246=CARTESIAN_POINT('Ctrl Pts',(110.6268125,-93.1797785770453,-7.79291284059424));
#9247=CARTESIAN_POINT('',(103.668535416667,-99.7665556586593,-7.21664451678065));
#9248=CARTESIAN_POINT('Ctrl Pts',(110.6268125,-93.1797785770453,-7.79291284059424));
#9249=CARTESIAN_POINT('Ctrl Pts',(111.823258333333,-92.9602193409915,-7.81212178472136));
#9250=CARTESIAN_POINT('Ctrl Pts',(106.18736875,-98.2923722165838,-7.34561885591988));
#9251=CARTESIAN_POINT('Ctrl Pts',(103.668535416667,-99.7665556586593,-7.21664451678065));
#9252=CARTESIAN_POINT('',(93.8136,-103.530428276724,-6.88734833174431));
#9253=CARTESIAN_POINT('Ctrl Pts',(103.668535416667,-99.7665556586593,-7.21664451678065));
#9254=CARTESIAN_POINT('Ctrl Pts',(101.055245833333,-101.272104705885,-7.08492604276611));
#9255=CARTESIAN_POINT('Ctrl Pts',(97.3714520833333,-102.68355693766,-6.96143997337748));
#9256=CARTESIAN_POINT('Ctrl Pts',(93.8136,-103.530428276724,-6.88734833174431));
#9257=CARTESIAN_POINT('',(85.123625,-104.189105984886,-6.82972149936295));
#9258=CARTESIAN_POINT('Ctrl Pts',(93.8136,-103.530428276724,-6.88734833174431));
#9259=CARTESIAN_POINT('Ctrl Pts',(91.4207083333333,-104.095009169434,-6.83795390398886));
#9260=CARTESIAN_POINT('Ctrl Pts',(90.0038645833334,-104.189105984886,-6.82972149936295));
#9261=CARTESIAN_POINT('Ctrl Pts',(85.123625,-104.189105984886,-6.82972149936295));
#9262=CARTESIAN_POINT('',(63.8079979166667,-99.2019747659496,-7.2660389445361));
#9263=CARTESIAN_POINT('Ctrl Pts',(85.123625,-104.189105984886,-6.82972149936295));
#9264=CARTESIAN_POINT('Ctrl Pts',(76.6225625,-104.157740379735,-6.83246563423825));
#9265=CARTESIAN_POINT('Ctrl Pts',(71.7108375,-103.028578594316,-6.93125448974915));
#9266=CARTESIAN_POINT('Ctrl Pts',(63.8079979166667,-99.2019747659496,-7.2660389445361));
#9267=CARTESIAN_POINT('',(53.8900916666667,-92.8033913152388,-7.82584245909787));
#9268=CARTESIAN_POINT('Ctrl Pts',(63.8079979166667,-99.2019747659496,-7.2660389445361));
#9269=CARTESIAN_POINT('Ctrl Pts',(58.77033125,-96.7868231693577,-7.47733732993441));
#9270=CARTESIAN_POINT('Ctrl Pts',(56.69229375,-95.4381021478844,-7.59533512957243));
#9271=CARTESIAN_POINT('Ctrl Pts',(53.8900916666667,-92.8033913152388,-7.82584245909787));
#9272=CARTESIAN_POINT('Ctrl Pts',(53.8900916666667,-92.8033913152388,-7.82584245909787));
#9273=CARTESIAN_POINT('Ctrl Pts',(50.2062979166667,-89.3845403538296,-8.12495316050588));
#9274=CARTESIAN_POINT('Ctrl Pts',(47.9708333333333,-85.1188180533558,-8.49815550354706));
#9275=CARTESIAN_POINT('Ctrl Pts',(47.9708333333333,-81.6686014867961,-8.80001033983037));
#9276=CARTESIAN_POINT('Origin',(22.35,-121.7840555607,-4.28654303862558));
#9277=CARTESIAN_POINT('',(18.35,-121.7840555607,-4.28654303862562));
#9278=CARTESIAN_POINT('Origin',(22.35,-121.7840555607,-4.28654303862563));
#9279=CARTESIAN_POINT('Origin',(272.925,-42.0884797133601,-11.2590024584382));
#9280=CARTESIAN_POINT('',(268.925,-42.0884797133601,-11.2590024584382));
#9281=CARTESIAN_POINT('Origin',(272.925,-42.0884797133601,-11.2590024584382));
#9282=CARTESIAN_POINT('Origin',(157.312290424092,-125.322169620649,0.2));
#9283=CARTESIAN_POINT('',(157.312290424092,-125.822169620649,0.2));
#9284=CARTESIAN_POINT('',(157.812290424092,-125.322169620649,0.2));
#9285=CARTESIAN_POINT('Origin',(157.812290424092,-125.322169620649,0.2));
#9286=CARTESIAN_POINT('',(157.812290424092,-123.822169620649,0.2));
#9287=CARTESIAN_POINT('Origin',(157.312290424092,-123.822169620649,0.2));
#9288=CARTESIAN_POINT('',(157.312290424092,-123.322169620649,0.2));
#9289=CARTESIAN_POINT('Origin',(157.312290424092,-123.322169620649,0.2));
#9290=CARTESIAN_POINT('',(138.312290424092,-123.322169620649,0.2));
#9291=CARTESIAN_POINT('Origin',(138.312290424092,-123.822169620649,0.2));
#9292=CARTESIAN_POINT('',(137.812290424092,-123.822169620649,0.2));
#9293=CARTESIAN_POINT('Origin',(137.812290424092,-123.822169620649,0.2));
#9294=CARTESIAN_POINT('',(137.812290424092,-125.322169620649,0.2));
#9295=CARTESIAN_POINT('Origin',(138.312290424092,-125.322169620649,0.2));
#9296=CARTESIAN_POINT('',(138.312290424092,-125.822169620649,0.2));
#9297=CARTESIAN_POINT('Origin',(138.312290424092,-125.822169620649,0.2));
#9298=CARTESIAN_POINT('Origin',(20.55,-117.5625,0.));
#9299=CARTESIAN_POINT('',(17.55,-117.5625,0.));
#9300=CARTESIAN_POINT('',(20.55,-120.5625,0.));
#9301=CARTESIAN_POINT('Origin',(20.55,-120.5625,0.));
#9302=CARTESIAN_POINT('',(274.725,-120.5625,0.));
#9303=CARTESIAN_POINT('Origin',(274.725,-117.5625,0.));
#9304=CARTESIAN_POINT('',(277.725,-117.5625,0.));
#9305=CARTESIAN_POINT('Origin',(277.725,-91.8221696206492,0.2));
#9306=CARTESIAN_POINT('',(277.725,-91.8221696206492,0.2));
#9307=CARTESIAN_POINT('',(279.722290424092,-91.8221696206492,0.2));
#9308=CARTESIAN_POINT('Origin',(279.722290424092,-91.3221696206492,0.2));
#9309=CARTESIAN_POINT('',(280.222290424092,-91.3221696206492,0.2));
#9310=CARTESIAN_POINT('Origin',(280.222290424092,-91.3221696206492,0.2));
#9311=CARTESIAN_POINT('',(280.222290424092,-72.3221696206492,0.2));
#9312=CARTESIAN_POINT('Origin',(279.722290424092,-72.3221696206491,0.2));
#9313=CARTESIAN_POINT('',(279.722290424092,-71.8221696206492,0.2));
#9314=CARTESIAN_POINT('Origin',(279.722290424092,-71.8221696206492,0.2));
#9315=CARTESIAN_POINT('',(277.725,-71.8221696206492,0.2));
#9316=CARTESIAN_POINT('Origin',(277.725,-117.5625,0.));
#9317=CARTESIAN_POINT('',(277.725,-44.3625,0.));
#9318=CARTESIAN_POINT('Origin',(274.725,-44.3625,0.));
#9319=CARTESIAN_POINT('',(274.725,-41.3625,0.));
#9320=CARTESIAN_POINT('Origin',(20.85,-41.3625,0.));
#9321=CARTESIAN_POINT('',(20.55,-41.3625,0.));
#9322=CARTESIAN_POINT('Origin',(20.55,-44.3625,0.));
#9323=CARTESIAN_POINT('',(17.55,-44.3625,0.));
#9324=CARTESIAN_POINT('Origin',(17.55,-117.2625,0.));
#9325=CARTESIAN_POINT('',(17.55,-91.8221696206492,0.2));
#9326=CARTESIAN_POINT('',(17.55,-71.8221696206492,0.2));
#9327=CARTESIAN_POINT('Origin',(17.55,-71.8221696206492,0.2));
#9328=CARTESIAN_POINT('',(15.5522904240918,-71.8221696206492,0.2));
#9329=CARTESIAN_POINT('Origin',(15.5522904240918,-72.3221696206492,0.2));
#9330=CARTESIAN_POINT('',(15.0522904240918,-72.3221696206492,0.2));
#9331=CARTESIAN_POINT('Origin',(15.0522904240918,-72.3221696206492,0.2));
#9332=CARTESIAN_POINT('',(15.0522904240918,-91.3221696206492,0.2));
#9333=CARTESIAN_POINT('Origin',(15.5522904240918,-91.3221696206492,0.2));
#9334=CARTESIAN_POINT('',(15.5522904240918,-91.8221696206492,0.2));
#9335=CARTESIAN_POINT('Origin',(15.5522904240918,-91.8221696206492,0.2));
#9336=CARTESIAN_POINT('Origin',(272.925,-121.7840555607,-4.28654303862557));
#9337=CARTESIAN_POINT('',(268.925,-121.7840555607,-4.28654303862562));
#9338=CARTESIAN_POINT('Origin',(272.925,-121.7840555607,-4.28654303862562));
#9339=CARTESIAN_POINT('Origin',(22.35,-42.0884797133601,-11.2590024584382));
#9340=CARTESIAN_POINT('',(18.35,-42.0884797133601,-11.2590024584382));
#9341=CARTESIAN_POINT('Origin',(22.35,-42.0884797133601,-11.2590024584382));
#9342=CARTESIAN_POINT('Ctrl Pts',(235.655402083333,-51.7771797783288,-11.415170875994));
#9343=CARTESIAN_POINT('Ctrl Pts',(235.655402083333,-51.6516755087722,-9.98065051074181));
#9344=CARTESIAN_POINT('Ctrl Pts',(236.72590625,-54.1609657697701,-11.2066166254709));
#9345=CARTESIAN_POINT('Ctrl Pts',(236.72590625,-54.0354615002135,-9.77209626021871));
#9346=CARTESIAN_POINT('Ctrl Pts',(236.694420833333,-56.9525046281684,-10.962388621569));
#9347=CARTESIAN_POINT('Ctrl Pts',(236.694420833333,-56.8270003586118,-9.52786825631681));
#9348=CARTESIAN_POINT('Ctrl Pts',(235.529460416667,-59.2735594093085,-10.7593226407966));
#9349=CARTESIAN_POINT('Ctrl Pts',(235.529460416667,-59.1480551397519,-9.32480227554441));
#9350=CARTESIAN_POINT('',(235.655402083333,-51.7597486297793,-11.2159319363755));
#9351=CARTESIAN_POINT('',(235.529460416667,-59.256128260759,-10.5600837011782));
#9352=CARTESIAN_POINT('Ctrl Pts',(235.655402083333,-51.7597486297793,-11.2159319363756));
#9353=CARTESIAN_POINT('Ctrl Pts',(236.72590625,-54.1435346212206,-11.0073776858525));
#9354=CARTESIAN_POINT('Ctrl Pts',(236.694420833333,-56.9350734796189,-10.7631496819506));
#9355=CARTESIAN_POINT('Ctrl Pts',(235.529460416667,-59.256128260759,-10.5600837011782));
#9356=CARTESIAN_POINT('',(235.529460416667,-59.2735594093085,-10.7593226407966));
#9357=CARTESIAN_POINT('',(235.655402083333,-51.7771797783288,-11.415170875994));
#9358=CARTESIAN_POINT('Ctrl Pts',(235.529460416667,-59.2735594093085,-10.7593226407966));
#9359=CARTESIAN_POINT('Ctrl Pts',(235.529460416667,-59.1480551397519,-9.32480227554447));
#9360=CARTESIAN_POINT('Ctrl Pts',(233.388452083333,-63.633378525234,-10.3778878931295));
#9361=CARTESIAN_POINT('Ctrl Pts',(233.388452083333,-63.5078742556774,-8.94336752787737));
#9362=CARTESIAN_POINT('Ctrl Pts',(225.328185416667,-69.0909938214284,-9.9004084248268));
#9363=CARTESIAN_POINT('Ctrl Pts',(225.328185416667,-68.9654895518718,-8.46588805957467));
#9364=CARTESIAN_POINT('Ctrl Pts',(217.204947916667,-71.6943390489235,-9.67264523017667));
#9365=CARTESIAN_POINT('Ctrl Pts',(217.204947916667,-71.5688347793669,-8.23812486492454));
#9366=CARTESIAN_POINT('',(217.204947916667,-71.676907900374,-9.47340629055831));
#9367=CARTESIAN_POINT('Ctrl Pts',(235.529460416667,-59.256128260759,-10.5600837011782));
#9368=CARTESIAN_POINT('Ctrl Pts',(233.388452083333,-63.6159473766845,-10.1786489535111));
#9369=CARTESIAN_POINT('Ctrl Pts',(225.328185416667,-69.0735626728789,-9.70116948520842));
#9370=CARTESIAN_POINT('Ctrl Pts',(217.204947916667,-71.676907900374,-9.47340629055829));
#9371=CARTESIAN_POINT('',(217.204947916667,-71.6943390489235,-9.67264523017667));
#9372=CARTESIAN_POINT('Ctrl Pts',(217.204947916667,-71.6943390489235,-9.67264523017667));
#9373=CARTESIAN_POINT('Ctrl Pts',(217.204947916667,-71.5688347793669,-8.23812486492455));
#9374=CARTESIAN_POINT('Ctrl Pts',(209.553991666667,-74.1722218558164,-9.45585857502774));
#9375=CARTESIAN_POINT('Ctrl Pts',(209.553991666667,-74.0467175862598,-8.02133820977562));
#9376=CARTESIAN_POINT('Ctrl Pts',(198.974891666667,-75.1445556154832,-9.37079039389336));
#9377=CARTESIAN_POINT('Ctrl Pts',(198.974891666667,-75.0190513459266,-7.93627002864124));
#9378=CARTESIAN_POINT('Ctrl Pts',(190.914625,-74.1408562506658,-9.45860270990305));
#9379=CARTESIAN_POINT('Ctrl Pts',(190.914625,-74.0153519811092,-8.02408234465093));
#9380=CARTESIAN_POINT('',(190.914625,-74.1234251021163,-9.25936377028469));
#9381=CARTESIAN_POINT('Ctrl Pts',(217.204947916667,-71.676907900374,-9.4734062905583));
#9382=CARTESIAN_POINT('Ctrl Pts',(209.553991666667,-74.1547907072669,-9.25661963540937));
#9383=CARTESIAN_POINT('Ctrl Pts',(198.974891666667,-75.1271244669337,-9.17155145427499));
#9384=CARTESIAN_POINT('Ctrl Pts',(190.914625,-74.1234251021163,-9.25936377028468));
#9385=CARTESIAN_POINT('',(190.914625,-74.1408562506658,-9.45860270990305));
#9386=CARTESIAN_POINT('Ctrl Pts',(190.914625,-74.1408562506658,-9.45860270990305));
#9387=CARTESIAN_POINT('Ctrl Pts',(190.914625,-74.0153519811091,-8.02408234465083));
#9388=CARTESIAN_POINT('Ctrl Pts',(180.05215625,-72.7921352291925,-9.57660050954107));
#9389=CARTESIAN_POINT('Ctrl Pts',(180.05215625,-72.6666309596358,-8.14208014428885));
#9390=CARTESIAN_POINT('Ctrl Pts',(171.960404166667,-70.0633275810953,-9.81534024369241));
#9391=CARTESIAN_POINT('Ctrl Pts',(171.960404166667,-69.9378233115386,-8.38081987844019));
#9392=CARTESIAN_POINT('Ctrl Pts',(164.907670833333,-65.4212180188149,-10.2214722052372));
#9393=CARTESIAN_POINT('Ctrl Pts',(164.907670833333,-65.2957137492582,-8.78695183998498));
#9394=CARTESIAN_POINT('',(164.907670833333,-65.4037868702653,-10.0222332656189));
#9395=CARTESIAN_POINT('Ctrl Pts',(190.914625,-74.1234251021163,-9.25936377028469));
#9396=CARTESIAN_POINT('Ctrl Pts',(180.05215625,-72.774704080643,-9.37736156992271));
#9397=CARTESIAN_POINT('Ctrl Pts',(171.960404166667,-70.0458964325458,-9.61610130407404));
#9398=CARTESIAN_POINT('Ctrl Pts',(164.907670833333,-65.4037868702654,-10.0222332656188));
#9399=CARTESIAN_POINT('',(164.907670833333,-65.4212180188149,-10.2214722052372));
#9400=CARTESIAN_POINT('Ctrl Pts',(164.907670833333,-65.4212180188149,-10.2214722052372));
#9401=CARTESIAN_POINT('Ctrl Pts',(164.907670833333,-65.2957137492582,-8.78695183998503));
#9402=CARTESIAN_POINT('Ctrl Pts',(161.664672916667,-63.288356868578,-10.4080733767578));
#9403=CARTESIAN_POINT('Ctrl Pts',(161.664672916667,-63.1628525990213,-8.97355301150563));
#9404=CARTESIAN_POINT('Ctrl Pts',(161.223877083333,-62.6610447655672,-10.4629560742639));
#9405=CARTESIAN_POINT('Ctrl Pts',(161.223877083333,-62.5355404960105,-9.02843570901173));
#9406=CARTESIAN_POINT('Ctrl Pts',(161.381304166667,-60.2772587741259,-10.6715103247869));
#9407=CARTESIAN_POINT('Ctrl Pts',(161.381304166667,-60.1517545045692,-9.23698995953473));
#9408=CARTESIAN_POINT('',(161.381304166667,-60.2598276255764,-10.4722713851685));
#9409=CARTESIAN_POINT('Ctrl Pts',(164.907670833333,-65.4037868702654,-10.0222332656189));
#9410=CARTESIAN_POINT('Ctrl Pts',(161.664672916667,-63.2709257200285,-10.2088344371395));
#9411=CARTESIAN_POINT('Ctrl Pts',(161.223877083333,-62.6436136170177,-10.2637171346456));
#9412=CARTESIAN_POINT('Ctrl Pts',(161.381304166667,-60.2598276255764,-10.4722713851686));
#9413=CARTESIAN_POINT('',(161.381304166667,-60.2772587741259,-10.6715103247869));
#9414=CARTESIAN_POINT('Ctrl Pts',(161.381304166667,-60.2772587741259,-10.6715103247869));
#9415=CARTESIAN_POINT('Ctrl Pts',(161.381304166667,-60.1517545045693,-9.23698995953477));
#9416=CARTESIAN_POINT('Ctrl Pts',(161.475760416667,-58.8658065423515,-10.7949963941755));
#9417=CARTESIAN_POINT('Ctrl Pts',(161.475760416667,-58.7403022727949,-9.36047602892337));
#9418=CARTESIAN_POINT('Ctrl Pts',(161.53873125,-58.7403441217493,-10.8059729336767));
#9419=CARTESIAN_POINT('Ctrl Pts',(161.53873125,-58.6148398521927,-9.37145256842457));
#9420=CARTESIAN_POINT('Ctrl Pts',(162.262895833333,-58.7717097268999,-10.8032287988014));
#9421=CARTESIAN_POINT('Ctrl Pts',(162.262895833333,-58.6462054573433,-9.36870843354927));
#9422=CARTESIAN_POINT('',(162.262895833333,-58.7542785783504,-10.6039898591831));
#9423=CARTESIAN_POINT('Ctrl Pts',(161.381304166667,-60.2598276255764,-10.4722713851685));
#9424=CARTESIAN_POINT('Ctrl Pts',(161.475760416667,-58.848375393802,-10.5957574545571));
#9425=CARTESIAN_POINT('Ctrl Pts',(161.53873125,-58.7229129731998,-10.6067339940583));
#9426=CARTESIAN_POINT('Ctrl Pts',(162.262895833333,-58.7542785783504,-10.603989859183));
#9427=CARTESIAN_POINT('',(162.262895833333,-58.7717097268999,-10.8032287988014));
#9428=CARTESIAN_POINT('Ctrl Pts',(162.262895833333,-58.7717097268999,-10.8032287988014));
#9429=CARTESIAN_POINT('Ctrl Pts',(162.262895833333,-58.6462054573433,-9.36870843354932));
#9430=CARTESIAN_POINT('Ctrl Pts',(162.703691666667,-58.8030753320504,-10.8004846639261));
#9431=CARTESIAN_POINT('Ctrl Pts',(162.703691666667,-58.6775710624938,-9.36596429867402));
#9432=CARTESIAN_POINT('Ctrl Pts',(164.687272916667,-59.3990218299107,-10.7483461012954));
#9433=CARTESIAN_POINT('Ctrl Pts',(164.687272916667,-59.2735175603541,-9.31382573604332));
#9434=CARTESIAN_POINT('Ctrl Pts',(166.670854166667,-60.0890651432226,-10.6879751340387));
#9435=CARTESIAN_POINT('Ctrl Pts',(166.670854166667,-59.963560873666,-9.25345476878662));
#9436=CARTESIAN_POINT('',(166.670854166667,-60.0716339946731,-10.4887361944203));
#9437=CARTESIAN_POINT('Ctrl Pts',(162.262895833333,-58.7542785783504,-10.6039898591831));
#9438=CARTESIAN_POINT('Ctrl Pts',(162.703691666667,-58.7856441835009,-10.6012457243078));
#9439=CARTESIAN_POINT('Ctrl Pts',(164.687272916667,-59.3815906813612,-10.5491071616771));
#9440=CARTESIAN_POINT('Ctrl Pts',(166.670854166667,-60.0716339946731,-10.4887361944204));
#9441=CARTESIAN_POINT('',(166.670854166667,-60.0890651432226,-10.6879751340387));
#9442=CARTESIAN_POINT('Ctrl Pts',(166.670854166667,-60.0890651432226,-10.6879751340387));
#9443=CARTESIAN_POINT('Ctrl Pts',(166.670854166667,-59.963560873666,-9.25345476878659));
#9444=CARTESIAN_POINT('Ctrl Pts',(174.353295833333,-62.7551415810188,-10.454723669638));
#9445=CARTESIAN_POINT('Ctrl Pts',(174.353295833333,-62.6296373114622,-9.02020330438589));
#9446=CARTESIAN_POINT('Ctrl Pts',(181.846825,-63.7588409458362,-10.3669113536283));
#9447=CARTESIAN_POINT('Ctrl Pts',(181.846825,-63.6333366762796,-8.93239098837619));
#9448=CARTESIAN_POINT('Ctrl Pts',(192.268497916667,-63.5079161046318,-10.3888644326307));
#9449=CARTESIAN_POINT('Ctrl Pts',(192.268497916667,-63.3824118350752,-8.95434406737859));
#9450=CARTESIAN_POINT('',(192.268497916667,-63.4904849560823,-10.1896254930123));
#9451=CARTESIAN_POINT('Ctrl Pts',(166.670854166667,-60.0716339946731,-10.4887361944203));
#9452=CARTESIAN_POINT('Ctrl Pts',(174.353295833333,-62.7377104324693,-10.2554847300196));
#9453=CARTESIAN_POINT('Ctrl Pts',(181.846825,-63.7414097972867,-10.1676724140099));
#9454=CARTESIAN_POINT('Ctrl Pts',(192.268497916667,-63.4904849560823,-10.1896254930123));
#9455=CARTESIAN_POINT('',(192.268497916667,-63.5079161046318,-10.3888644326307));
#9456=CARTESIAN_POINT('Ctrl Pts',(192.268497916667,-63.5079161046318,-10.3888644326307));
#9457=CARTESIAN_POINT('Ctrl Pts',(192.268497916667,-63.3824118350751,-8.95434406737848));
#9458=CARTESIAN_POINT('Ctrl Pts',(204.736722916667,-63.2256256582769,-10.4135616465084));
#9459=CARTESIAN_POINT('Ctrl Pts',(204.736722916667,-63.1001213887202,-8.97904128125618));
#9460=CARTESIAN_POINT('Ctrl Pts',(214.213833333333,-60.9359364822873,-10.6138834924055));
#9461=CARTESIAN_POINT('Ctrl Pts',(214.213833333333,-60.8104322127306,-9.17936312715328));
#9462=CARTESIAN_POINT('Ctrl Pts',(224.604020833333,-55.7606116324477,-11.0666657468305));
#9463=CARTESIAN_POINT('Ctrl Pts',(224.604020833333,-55.635107362891,-9.63214538157828));
#9464=CARTESIAN_POINT('',(224.604020833333,-55.7431804838982,-10.8674268072121));
#9465=CARTESIAN_POINT('Ctrl Pts',(192.268497916667,-63.4904849560823,-10.1896254930123));
#9466=CARTESIAN_POINT('Ctrl Pts',(204.736722916667,-63.2081945097274,-10.21432270689));
#9467=CARTESIAN_POINT('Ctrl Pts',(214.213833333333,-60.9185053337378,-10.4146445527871));
#9468=CARTESIAN_POINT('Ctrl Pts',(224.604020833333,-55.7431804838982,-10.8674268072121));
#9469=CARTESIAN_POINT('',(224.604020833333,-55.7606116324477,-11.0666657468305));
#9470=CARTESIAN_POINT('Ctrl Pts',(224.604020833333,-55.7606116324477,-11.0666657468305));
#9471=CARTESIAN_POINT('Ctrl Pts',(224.604020833333,-55.6351073628911,-9.63214538157831));
#9472=CARTESIAN_POINT('Ctrl Pts',(227.689591666667,-54.2236969800711,-11.2011283557203));
#9473=CARTESIAN_POINT('Ctrl Pts',(227.689591666667,-54.0981927105145,-9.76660799046811));
#9474=CARTESIAN_POINT('Ctrl Pts',(232.979141666667,-50.8362116238125,-11.497494922253));
#9475=CARTESIAN_POINT('Ctrl Pts',(232.979141666667,-50.7107073542559,-10.0629745570008));
#9476=CARTESIAN_POINT('Ctrl Pts',(233.734791666667,-49.9579746795973,-11.5743306987615));
#9477=CARTESIAN_POINT('Ctrl Pts',(233.734791666667,-49.8324704100407,-10.1398103335093));
#9478=CARTESIAN_POINT('',(233.734791666667,-49.9405435310478,-11.3750917591431));
#9479=CARTESIAN_POINT('Ctrl Pts',(224.604020833333,-55.7431804838982,-10.8674268072121));
#9480=CARTESIAN_POINT('Ctrl Pts',(227.689591666667,-54.2062658315216,-11.0018894161019));
#9481=CARTESIAN_POINT('Ctrl Pts',(232.979141666667,-50.818780475263,-11.2982559826346));
#9482=CARTESIAN_POINT('Ctrl Pts',(233.734791666667,-49.9405435310478,-11.3750917591431));
#9483=CARTESIAN_POINT('',(233.734791666667,-49.9579746795973,-11.5743306987615));
#9484=CARTESIAN_POINT('Ctrl Pts',(233.734791666667,-49.9579746795973,-11.5743306987615));
#9485=CARTESIAN_POINT('Ctrl Pts',(233.734791666667,-49.8324704100407,-10.1398103335094));
#9486=CARTESIAN_POINT('Ctrl Pts',(234.27004375,-49.2992969714359,-11.6319575311429));
#9487=CARTESIAN_POINT('Ctrl Pts',(234.27004375,-49.1737927018793,-10.1974371658908));
#9488=CARTESIAN_POINT('Ctrl Pts',(234.742325,-49.7384154435435,-11.5935396428886));
#9489=CARTESIAN_POINT('Ctrl Pts',(234.742325,-49.6129111739869,-10.1590192776365));
#9490=CARTESIAN_POINT('Ctrl Pts',(235.655402083333,-51.7771797783288,-11.415170875994));
#9491=CARTESIAN_POINT('Ctrl Pts',(235.655402083333,-51.6516755087722,-9.98065051074185));
#9492=CARTESIAN_POINT('Ctrl Pts',(233.734791666667,-49.9405435310478,-11.3750917591432));
#9493=CARTESIAN_POINT('Ctrl Pts',(234.27004375,-49.2818658228864,-11.4327185915246));
#9494=CARTESIAN_POINT('Ctrl Pts',(234.742325,-49.720984294994,-11.3943007032703));
#9495=CARTESIAN_POINT('Ctrl Pts',(235.655402083333,-51.7597486297793,-11.2159319363757));
#9496=CARTESIAN_POINT('Ctrl Pts',(245.352910416667,-46.5077581130376,-11.8761855350448));
#9497=CARTESIAN_POINT('Ctrl Pts',(245.352910416667,-46.382253843481,-10.4416651697927));
#9498=CARTESIAN_POINT('Ctrl Pts',(246.108560416667,-47.8251135293604,-11.7609318702821));
#9499=CARTESIAN_POINT('Ctrl Pts',(246.108560416667,-47.6996092598038,-10.32641150503));
#9500=CARTESIAN_POINT('Ctrl Pts',(247.147579166667,-50.11480270535,-11.560610024385));
#9501=CARTESIAN_POINT('Ctrl Pts',(247.147579166667,-49.9892984357934,-10.1260896591329));
#9502=CARTESIAN_POINT('Ctrl Pts',(247.68283125,-51.6203517525761,-11.4288915503705));
#9503=CARTESIAN_POINT('Ctrl Pts',(247.68283125,-51.4948474830195,-9.99437118511838));
#9504=CARTESIAN_POINT('',(245.352910416667,-46.4903269644881,-11.6769465954264));
#9505=CARTESIAN_POINT('',(247.68283125,-51.6029206040266,-11.2296526107521));
#9506=CARTESIAN_POINT('Ctrl Pts',(245.352910416667,-46.4903269644881,-11.6769465954265));
#9507=CARTESIAN_POINT('Ctrl Pts',(246.108560416667,-47.8076823808109,-11.5616929306638));
#9508=CARTESIAN_POINT('Ctrl Pts',(247.147579166667,-50.0973715568005,-11.3613710847667));
#9509=CARTESIAN_POINT('Ctrl Pts',(247.68283125,-51.6029206040266,-11.2296526107522));
#9510=CARTESIAN_POINT('',(247.68283125,-51.6203517525761,-11.4288915503705));
#9511=CARTESIAN_POINT('',(245.352910416667,-46.5077581130376,-11.8761855350448));
#9512=CARTESIAN_POINT('Ctrl Pts',(247.68283125,-51.6203517525761,-11.4288915503705));
#9513=CARTESIAN_POINT('Ctrl Pts',(247.68283125,-51.4948474830195,-9.99437118511838));
#9514=CARTESIAN_POINT('Ctrl Pts',(248.5329375,-54.0355033491679,-11.2175931649722));
#9515=CARTESIAN_POINT('Ctrl Pts',(248.5329375,-53.9099990796113,-9.78307279972008));
#9516=CARTESIAN_POINT('Ctrl Pts',(248.658879166667,-54.7569122676304,-11.1544780628402));
#9517=CARTESIAN_POINT('Ctrl Pts',(248.658879166667,-54.6314079980738,-9.71995769758808));
#9518=CARTESIAN_POINT('Ctrl Pts',(248.658879166667,-57.799375967233,-10.8882969799358));
#9519=CARTESIAN_POINT('Ctrl Pts',(248.658879166667,-57.6738716976764,-9.45377661468368));
#9520=CARTESIAN_POINT('',(248.658879166667,-57.7819448186835,-10.6890580403174));
#9521=CARTESIAN_POINT('Ctrl Pts',(247.68283125,-51.6029206040266,-11.2296526107521));
#9522=CARTESIAN_POINT('Ctrl Pts',(248.5329375,-54.0180722006184,-11.0183542253538));
#9523=CARTESIAN_POINT('Ctrl Pts',(248.658879166667,-54.7394811190809,-10.9552391232218));
#9524=CARTESIAN_POINT('Ctrl Pts',(248.658879166667,-57.7819448186835,-10.6890580403174));
#9525=CARTESIAN_POINT('',(248.658879166667,-57.799375967233,-10.8882969799358));
#9526=CARTESIAN_POINT('Ctrl Pts',(248.658879166667,-57.799375967233,-10.8882969799358));
#9527=CARTESIAN_POINT('Ctrl Pts',(248.658879166667,-57.6738716976764,-9.45377661468371));
#9528=CARTESIAN_POINT('Ctrl Pts',(248.690364583333,-63.9470345767394,-10.3504465443765));
#9529=CARTESIAN_POINT('Ctrl Pts',(248.690364583333,-63.8215303071828,-8.9159261791244));
#9530=CARTESIAN_POINT('Ctrl Pts',(246.328958333333,-68.9341657956757,-9.91412909920331));
#9531=CARTESIAN_POINT('Ctrl Pts',(246.328958333333,-68.8086615261191,-8.47960873395122));
#9532=CARTESIAN_POINT('Ctrl Pts',(240.819010416667,-74.3917810918702,-9.43664963090063));
#9533=CARTESIAN_POINT('Ctrl Pts',(240.819010416667,-74.2662768223136,-8.00212926564854));
#9534=CARTESIAN_POINT('',(240.819010416667,-74.3743499433207,-9.23741069128226));
#9535=CARTESIAN_POINT('Ctrl Pts',(248.658879166667,-57.7819448186835,-10.6890580403175));
#9536=CARTESIAN_POINT('Ctrl Pts',(248.690364583333,-63.9296034281899,-10.1512076047582));
#9537=CARTESIAN_POINT('Ctrl Pts',(246.328958333333,-68.9167346471262,-9.71489015958496));
#9538=CARTESIAN_POINT('Ctrl Pts',(240.819010416667,-74.3743499433207,-9.23741069128228));
#9539=CARTESIAN_POINT('',(240.819010416667,-74.3917810918702,-9.43664963090063));
#9540=CARTESIAN_POINT('Ctrl Pts',(240.819010416667,-74.3917810918702,-9.43664963090063));
#9541=CARTESIAN_POINT('Ctrl Pts',(240.819010416667,-74.2662768223136,-8.00212926564851));
#9542=CARTESIAN_POINT('Ctrl Pts',(234.616383333333,-80.508074096226,-8.90154333021658));
#9543=CARTESIAN_POINT('Ctrl Pts',(234.616383333333,-80.3825698266694,-7.46702296496446));
#9544=CARTESIAN_POINT('Ctrl Pts',(227.09136875,-84.4601403451944,-8.55578233592842));
#9545=CARTESIAN_POINT('Ctrl Pts',(227.09136875,-84.3346360756378,-7.1212619706763));
#9546=CARTESIAN_POINT('Ctrl Pts',(217.204947916667,-86.8125607314851,-8.34997222028071));
#9547=CARTESIAN_POINT('Ctrl Pts',(217.204947916667,-86.6870564619285,-6.91545185502859));
#9548=CARTESIAN_POINT('',(217.204947916667,-86.7951295829356,-8.15073328066235));
#9549=CARTESIAN_POINT('Ctrl Pts',(240.819010416667,-74.3743499433207,-9.23741069128226));
#9550=CARTESIAN_POINT('Ctrl Pts',(234.616383333333,-80.4906429476765,-8.70230439059821));
#9551=CARTESIAN_POINT('Ctrl Pts',(227.09136875,-84.4427091966449,-8.35654339631005));
#9552=CARTESIAN_POINT('Ctrl Pts',(217.204947916667,-86.7951295829356,-8.15073328066234));
#9553=CARTESIAN_POINT('',(217.204947916667,-86.8125607314851,-8.34997222028071));
#9554=CARTESIAN_POINT('Ctrl Pts',(217.204947916667,-86.8125607314851,-8.34997222028071));
#9555=CARTESIAN_POINT('Ctrl Pts',(217.204947916667,-86.6870564619285,-6.91545185502855));
#9556=CARTESIAN_POINT('Ctrl Pts',(200.202822916667,-90.8273581907546,-7.99872295624195));
#9557=CARTESIAN_POINT('Ctrl Pts',(200.202822916667,-90.701853921198,-6.56420259098979));
#9558=CARTESIAN_POINT('Ctrl Pts',(183.45258125,-89.5727339847329,-8.10848835125406));
#9559=CARTESIAN_POINT('Ctrl Pts',(183.45258125,-89.4472297151763,-6.6739679860019));
#9560=CARTESIAN_POINT('Ctrl Pts',(171.236239583333,-83.3623441649254,-8.65182705656402));
#9561=CARTESIAN_POINT('Ctrl Pts',(171.236239583333,-83.2368398953688,-7.21730669131186));
#9562=CARTESIAN_POINT('',(171.236239583333,-83.3449130163759,-8.45258811694566));
#9563=CARTESIAN_POINT('Ctrl Pts',(217.204947916667,-86.7951295829356,-8.15073328066235));
#9564=CARTESIAN_POINT('Ctrl Pts',(200.202822916667,-90.8099270422051,-7.79948401662359));
#9565=CARTESIAN_POINT('Ctrl Pts',(183.45258125,-89.5553028361834,-7.9092494116357));
#9566=CARTESIAN_POINT('Ctrl Pts',(171.236239583333,-83.3449130163759,-8.45258811694566));
#9567=CARTESIAN_POINT('',(171.236239583333,-83.3623441649254,-8.65182705656402));
#9568=CARTESIAN_POINT('Ctrl Pts',(171.236239583333,-83.3623441649254,-8.65182705656402));
#9569=CARTESIAN_POINT('Ctrl Pts',(171.236239583333,-83.2368398953688,-7.21730669131183));
#9570=CARTESIAN_POINT('Ctrl Pts',(168.4340375,-81.9195263280004,-8.77805726082795));
#9571=CARTESIAN_POINT('Ctrl Pts',(168.4340375,-81.7940220584438,-7.34353689557576));
#9572=CARTESIAN_POINT('Ctrl Pts',(163.963108333333,-78.9711594438494,-9.03600593910641));
#9573=CARTESIAN_POINT('Ctrl Pts',(163.963108333333,-78.8456551742928,-7.60148557385422));
#9574=CARTESIAN_POINT('Ctrl Pts',(162.199925,-77.4028791863223,-9.17321268287155));
#9575=CARTESIAN_POINT('Ctrl Pts',(162.199925,-77.2773749167657,-7.73869231761936));
#9576=CARTESIAN_POINT('',(162.199925,-77.3854480377728,-8.97397374325319));
#9577=CARTESIAN_POINT('Ctrl Pts',(171.236239583333,-83.3449130163759,-8.45258811694566));
#9578=CARTESIAN_POINT('Ctrl Pts',(168.4340375,-81.9020951794509,-8.57881832120959));
#9579=CARTESIAN_POINT('Ctrl Pts',(163.963108333333,-78.9537282952999,-8.83676699948805));
#9580=CARTESIAN_POINT('Ctrl Pts',(162.199925,-77.3854480377728,-8.97397374325319));
#9581=CARTESIAN_POINT('',(162.199925,-77.4028791863223,-9.17321268287155));
#9582=CARTESIAN_POINT('Origin',(162.199925,-77.4028791863223,-9.17321268287155));
#9583=CARTESIAN_POINT('',(160.97199375,-76.2876518575038,-9.07001846388881));
#9584=CARTESIAN_POINT('',(161.416905397506,-76.6854121614208,-9.03521894649542));
#9585=CARTESIAN_POINT('',(160.97199375,-76.3050830060533,-9.26925740350715));
#9586=CARTESIAN_POINT('Origin',(160.97199375,-76.3050830060533,-9.26925740350715));
#9587=CARTESIAN_POINT('',(161.475760416667,-69.2617563037822,-9.68470467595664));
#9588=CARTESIAN_POINT('',(160.792017352573,-78.7977333180842,-8.85041479156141));
#9589=CARTESIAN_POINT('',(161.475760416667,-69.2791874523317,-9.88394361557498));
#9590=CARTESIAN_POINT('Origin',(161.475760416667,-69.2791874523317,-9.88394361557498));
#9591=CARTESIAN_POINT('',(164.152020833333,-70.9868645870621,-9.53377725781497));
#9592=CARTESIAN_POINT('',(162.275032975669,-69.7769646532935,-9.63962978602047));
#9593=CARTESIAN_POINT('',(164.152020833333,-71.0042957356116,-9.73301619743333));
#9594=CARTESIAN_POINT('Ctrl Pts',(164.152020833333,-71.0042957356116,-9.73301619743333));
#9595=CARTESIAN_POINT('Ctrl Pts',(164.152020833333,-70.878791466055,-8.29849583218121));
#9596=CARTESIAN_POINT('Ctrl Pts',(170.732472916667,-75.3013836412359,-9.35706971951684));
#9597=CARTESIAN_POINT('Ctrl Pts',(170.732472916667,-75.1758793716793,-7.92254935426472));
#9598=CARTESIAN_POINT('Ctrl Pts',(177.533322916667,-77.7165352378277,-9.14577133411852));
#9599=CARTESIAN_POINT('Ctrl Pts',(177.533322916667,-77.5910309682711,-7.7112509688664));
#9600=CARTESIAN_POINT('Ctrl Pts',(187.136375,-79.1907186799032,-9.01679699497929));
#9601=CARTESIAN_POINT('Ctrl Pts',(187.136375,-79.0652144103466,-7.58227662972717));
#9602=CARTESIAN_POINT('',(187.136375,-79.1732875313537,-8.81755805536093));
#9603=CARTESIAN_POINT('Ctrl Pts',(164.152020833333,-70.9868645870621,-9.53377725781496));
#9604=CARTESIAN_POINT('Ctrl Pts',(170.732472916667,-75.2839524926864,-9.15783077989847));
#9605=CARTESIAN_POINT('Ctrl Pts',(177.533322916667,-77.6991040892782,-8.94653239450015));
#9606=CARTESIAN_POINT('Ctrl Pts',(187.136375,-79.1732875313537,-8.81755805536092));
#9607=CARTESIAN_POINT('',(187.136375,-79.1907186799032,-9.01679699497929));
#9608=CARTESIAN_POINT('Ctrl Pts',(187.136375,-79.1907186799032,-9.01679699497929));
#9609=CARTESIAN_POINT('Ctrl Pts',(187.136375,-79.0652144103466,-7.58227662972718));
#9610=CARTESIAN_POINT('Ctrl Pts',(192.0481,-79.9434932035163,-8.95093775797202));
#9611=CARTESIAN_POINT('Ctrl Pts',(192.0481,-79.8179889339597,-7.51641739271991));
#9612=CARTESIAN_POINT('Ctrl Pts',(202.375316666667,-79.9121275983657,-8.95368189284733));
#9613=CARTESIAN_POINT('Ctrl Pts',(202.375316666667,-79.7866233288091,-7.51916152759522));
#9614=CARTESIAN_POINT('Ctrl Pts',(208.074177083333,-79.1593530747527,-9.01954112985459));
#9615=CARTESIAN_POINT('Ctrl Pts',(208.074177083333,-79.0338488051961,-7.58502076460248));
#9616=CARTESIAN_POINT('',(208.074177083333,-79.1419219262032,-8.82030219023623));
#9617=CARTESIAN_POINT('Ctrl Pts',(187.136375,-79.1732875313537,-8.81755805536093));
#9618=CARTESIAN_POINT('Ctrl Pts',(192.0481,-79.9260620549668,-8.75169881835367));
#9619=CARTESIAN_POINT('Ctrl Pts',(202.375316666667,-79.8946964498162,-8.75444295322897));
#9620=CARTESIAN_POINT('Ctrl Pts',(208.074177083333,-79.1419219262032,-8.82030219023623));
#9621=CARTESIAN_POINT('',(208.074177083333,-79.1593530747527,-9.01954112985459));
#9622=CARTESIAN_POINT('Ctrl Pts',(208.074177083333,-79.1593530747527,-9.01954112985459));
#9623=CARTESIAN_POINT('Ctrl Pts',(208.074177083333,-79.033848805196,-7.58502076460231));
#9624=CARTESIAN_POINT('Ctrl Pts',(219.944179166667,-77.559707212075,-9.15949200849504));
#9625=CARTESIAN_POINT('Ctrl Pts',(219.944179166667,-77.4342029425184,-7.72497164324276));
#9626=CARTESIAN_POINT('Ctrl Pts',(230.176939583333,-73.0430600703968,-9.55464743053864));
#9627=CARTESIAN_POINT('Ctrl Pts',(230.176939583333,-72.9175558008402,-8.12012706528636));
#9628=CARTESIAN_POINT('Ctrl Pts',(236.72590625,-66.581745409385,-10.119939214851));
#9629=CARTESIAN_POINT('Ctrl Pts',(236.72590625,-66.4562411398284,-8.68541884959872));
#9630=CARTESIAN_POINT('',(236.72590625,-66.5643142608355,-9.92070027523266));
#9631=CARTESIAN_POINT('Ctrl Pts',(208.074177083333,-79.1419219262032,-8.82030219023623));
#9632=CARTESIAN_POINT('Ctrl Pts',(219.944179166667,-77.5422760635255,-8.96025306887668));
#9633=CARTESIAN_POINT('Ctrl Pts',(230.176939583333,-73.0256289218473,-9.35540849092028));
#9634=CARTESIAN_POINT('Ctrl Pts',(236.72590625,-66.5643142608355,-9.92070027523264));
#9635=CARTESIAN_POINT('',(236.72590625,-66.581745409385,-10.119939214851));
#9636=CARTESIAN_POINT('Ctrl Pts',(236.72590625,-66.581745409385,-10.119939214851));
#9637=CARTESIAN_POINT('Ctrl Pts',(236.72590625,-66.4562411398284,-8.68541884959887));
#9638=CARTESIAN_POINT('Ctrl Pts',(239.622564583333,-63.6961097355351,-10.3723996233789));
#9639=CARTESIAN_POINT('Ctrl Pts',(239.622564583333,-63.5706054659785,-8.93787925812677));
#9640=CARTESIAN_POINT('Ctrl Pts',(241.102379166667,-61.2182269286422,-10.5891862785278));
#9641=CARTESIAN_POINT('Ctrl Pts',(241.102379166667,-61.0927226590856,-9.15466591327567));
#9642=CARTESIAN_POINT('Ctrl Pts',(241.763572916667,-58.0503008084374,-10.8663439009334));
#9643=CARTESIAN_POINT('Ctrl Pts',(241.763572916667,-57.9247965388808,-9.43182353568127));
#9644=CARTESIAN_POINT('',(241.763572916667,-58.0328696598879,-10.667104961315));
#9645=CARTESIAN_POINT('Ctrl Pts',(236.72590625,-66.5643142608355,-9.92070027523267));
#9646=CARTESIAN_POINT('Ctrl Pts',(239.622564583333,-63.6786785869856,-10.1731606837606));
#9647=CARTESIAN_POINT('Ctrl Pts',(241.102379166667,-61.2007957800927,-10.3899473389095));
#9648=CARTESIAN_POINT('Ctrl Pts',(241.763572916667,-58.0328696598879,-10.6671049613151));
#9649=CARTESIAN_POINT('',(241.763572916667,-58.0503008084374,-10.8663439009334));
#9650=CARTESIAN_POINT('Ctrl Pts',(241.763572916667,-58.0503008084374,-10.8663439009334));
#9651=CARTESIAN_POINT('Ctrl Pts',(241.763572916667,-57.9247965388808,-9.43182353568126));
#9652=CARTESIAN_POINT('Ctrl Pts',(242.141397916667,-56.2624613148564,-11.0227595888257));
#9653=CARTESIAN_POINT('Ctrl Pts',(242.141397916667,-56.1369570452998,-9.58823922357357));
#9654=CARTESIAN_POINT('Ctrl Pts',(242.141397916667,-55.5096867912434,-11.0886188258329));
#9655=CARTESIAN_POINT('Ctrl Pts',(242.141397916667,-55.3841825216868,-9.65409846058076));
#9656=CARTESIAN_POINT('Ctrl Pts',(241.7320875,-52.7181479328451,-11.3328468297349));
#9657=CARTESIAN_POINT('Ctrl Pts',(241.7320875,-52.5926436632885,-9.89832646448276));
#9658=CARTESIAN_POINT('',(241.7320875,-52.7007167842956,-11.1336078901165));
#9659=CARTESIAN_POINT('Ctrl Pts',(241.763572916667,-58.0328696598879,-10.667104961315));
#9660=CARTESIAN_POINT('Ctrl Pts',(242.141397916667,-56.2450301663069,-10.8235206492073));
#9661=CARTESIAN_POINT('Ctrl Pts',(242.141397916667,-55.4922556426939,-10.8893798862145));
#9662=CARTESIAN_POINT('Ctrl Pts',(241.7320875,-52.7007167842956,-11.1336078901165));
#9663=CARTESIAN_POINT('',(241.7320875,-52.7181479328451,-11.3328468297349));
#9664=CARTESIAN_POINT('Ctrl Pts',(241.7320875,-52.7181479328451,-11.3328468297349));
#9665=CARTESIAN_POINT('Ctrl Pts',(241.7320875,-52.5926436632885,-9.8983264644827));
#9666=CARTESIAN_POINT('Ctrl Pts',(241.291291666667,-49.4561249971886,-11.6182368567664));
#9667=CARTESIAN_POINT('Ctrl Pts',(241.291291666667,-49.330620727632,-10.1837164915142));
#9668=CARTESIAN_POINT('Ctrl Pts',(240.756039583333,-48.0446727654142,-11.741722926155));
#9669=CARTESIAN_POINT('Ctrl Pts',(240.756039583333,-47.9191684958575,-10.3072025609028));
#9670=CARTESIAN_POINT('Ctrl Pts',(239.307710416667,-46.1000052460805,-11.9118592884238));
#9671=CARTESIAN_POINT('Ctrl Pts',(239.307710416667,-45.9745009765238,-10.4773389231716));
#9672=CARTESIAN_POINT('',(239.307710416667,-46.082574097531,-11.7126203488054));
#9673=CARTESIAN_POINT('Ctrl Pts',(241.7320875,-52.7007167842956,-11.1336078901165));
#9674=CARTESIAN_POINT('Ctrl Pts',(241.291291666667,-49.4386938486391,-11.418997917148));
#9675=CARTESIAN_POINT('Ctrl Pts',(240.756039583333,-48.0272416168647,-11.5424839865366));
#9676=CARTESIAN_POINT('Ctrl Pts',(239.307710416667,-46.082574097531,-11.7126203488054));
#9677=CARTESIAN_POINT('',(239.307710416667,-46.1000052460805,-11.9118592884238));
#9678=CARTESIAN_POINT('Origin',(239.307710416667,-46.1000052460805,-11.9118592884238));
#9679=CARTESIAN_POINT('',(238.520575,-45.0475091275632,-11.8031767996904));
#9680=CARTESIAN_POINT('',(232.574726194022,-37.2288546934177,-12.4872204267048));
#9681=CARTESIAN_POINT('',(238.520575,-45.0649402761126,-12.0024157393088));
#9682=CARTESIAN_POINT('Origin',(238.520575,-45.0649402761126,-12.0024157393088));
#9683=CARTESIAN_POINT('',(239.8429625,-43.0401103979283,-11.9788014317097));
#9684=CARTESIAN_POINT('',(217.844657892485,-76.4337780809961,-9.05723407588936));
#9685=CARTESIAN_POINT('',(239.8429625,-43.0575415464779,-12.1780403713281));
#9686=CARTESIAN_POINT('Origin',(239.8429625,-43.0575415464779,-12.1780403713281));
#9687=CARTESIAN_POINT('',(241.133864583333,-41.0327116682936,-12.1544260637291));
#9688=CARTESIAN_POINT('',(219.011692012128,-75.433478147445,-9.14474898020081));
#9689=CARTESIAN_POINT('',(241.133864583333,-41.0501428168431,-12.3536650033475));
#9690=CARTESIAN_POINT('Origin',(241.133864583333,-41.0501428168431,-12.3536650033475));
#9691=CARTESIAN_POINT('',(242.58219375,-42.5696263206703,-12.0199634548393));
#9692=CARTESIAN_POINT('',(231.230097126091,-30.5231909950353,-13.0738899817306));
#9693=CARTESIAN_POINT('',(242.58219375,-42.5870574692198,-12.2192023944577));
#9694=CARTESIAN_POINT('Ctrl Pts',(242.58219375,-42.5870574692198,-12.2192023944577));
#9695=CARTESIAN_POINT('Ctrl Pts',(242.58219375,-42.4615531996632,-10.7846820292055));
#9696=CARTESIAN_POINT('Ctrl Pts',(243.369329166667,-43.4339288082844,-12.1451107528245));
#9697=CARTESIAN_POINT('Ctrl Pts',(243.369329166667,-43.3084245387278,-10.7105903875723));
#9698=CARTESIAN_POINT('Ctrl Pts',(244.628745833333,-45.2217683018654,-11.9886950649322));
#9699=CARTESIAN_POINT('Ctrl Pts',(244.628745833333,-45.0962640323088,-10.55417469968));
#9700=CARTESIAN_POINT('Ctrl Pts',(245.352910416667,-46.5077581130376,-11.8761855350448));
#9701=CARTESIAN_POINT('Ctrl Pts',(245.352910416667,-46.382253843481,-10.4416651697926));
#9702=CARTESIAN_POINT('Ctrl Pts',(242.58219375,-42.5696263206703,-12.0199634548393));
#9703=CARTESIAN_POINT('Ctrl Pts',(243.369329166667,-43.4164976597349,-11.9458718132061));
#9704=CARTESIAN_POINT('Ctrl Pts',(244.628745833333,-45.2043371533159,-11.7894561253138));
#9705=CARTESIAN_POINT('Ctrl Pts',(245.352910416667,-46.4903269644881,-11.6769465954264));
#9706=CARTESIAN_POINT('Ctrl Pts',(60.84836875,-51.0244052547158,-11.4810301130012));
#9707=CARTESIAN_POINT('Ctrl Pts',(60.84836875,-50.8989009851592,-10.0465097477491));
#9708=CARTESIAN_POINT('Ctrl Pts',(68.5622958333333,-56.701579786964,-10.9843417005714));
#9709=CARTESIAN_POINT('Ctrl Pts',(68.5622958333333,-56.5760755174074,-9.54982133531928));
#9710=CARTESIAN_POINT('Ctrl Pts',(77.8819791666667,-60.4654524050292,-10.6550455155351));
#9711=CARTESIAN_POINT('Ctrl Pts',(77.8819791666667,-60.3399481354726,-9.22052515028298));
#9712=CARTESIAN_POINT('Ctrl Pts',(89.37415625,-62.5669479501155,-10.4711884788898));
#9713=CARTESIAN_POINT('Ctrl Pts',(89.37415625,-62.4414436805589,-9.03666811363768));
#9714=CARTESIAN_POINT('',(60.84836875,-51.0069741061663,-11.2817911733828));
#9715=CARTESIAN_POINT('',(89.37415625,-62.549516801566,-10.2719495392714));
#9716=CARTESIAN_POINT('Ctrl Pts',(60.84836875,-51.0069741061663,-11.2817911733829));
#9717=CARTESIAN_POINT('Ctrl Pts',(68.5622958333333,-56.6841486384145,-10.7851027609531));
#9718=CARTESIAN_POINT('Ctrl Pts',(77.8819791666667,-60.4480212564797,-10.4558065759168));
#9719=CARTESIAN_POINT('Ctrl Pts',(89.37415625,-62.549516801566,-10.2719495392715));
#9720=CARTESIAN_POINT('',(89.37415625,-62.5669479501155,-10.4711884788898));
#9721=CARTESIAN_POINT('',(60.84836875,-51.0244052547158,-11.4810301130012));
#9722=CARTESIAN_POINT('Ctrl Pts',(89.37415625,-62.5669479501155,-10.4711884788898));
#9723=CARTESIAN_POINT('Ctrl Pts',(89.37415625,-62.4414436805589,-9.03666811363767));
#9724=CARTESIAN_POINT('Ctrl Pts',(92.8690375,-63.1942600531264,-10.4163057813837));
#9725=CARTESIAN_POINT('Ctrl Pts',(92.8690375,-63.0687557835698,-8.98178541613157));
#9726=CARTESIAN_POINT('Ctrl Pts',(95.1674729166667,-63.3824536840296,-10.3998409721319));
#9727=CARTESIAN_POINT('Ctrl Pts',(95.1674729166667,-63.256949414473,-8.96532060687977));
#9728=CARTESIAN_POINT('Ctrl Pts',(100.488508333333,-63.5079161046318,-10.3888644326307));
#9729=CARTESIAN_POINT('Ctrl Pts',(100.488508333333,-63.3824118350752,-8.95434406737857));
#9730=CARTESIAN_POINT('',(100.488508333333,-63.4904849560823,-10.1896254930123));
#9731=CARTESIAN_POINT('Ctrl Pts',(89.37415625,-62.549516801566,-10.2719495392714));
#9732=CARTESIAN_POINT('Ctrl Pts',(92.8690375,-63.1768289045769,-10.2170668417653));
#9733=CARTESIAN_POINT('Ctrl Pts',(95.1674729166667,-63.3650225354801,-10.2006020325135));
#9734=CARTESIAN_POINT('Ctrl Pts',(100.488508333333,-63.4904849560823,-10.1896254930123));
#9735=CARTESIAN_POINT('',(100.488508333333,-63.5079161046318,-10.3888644326307));
#9736=CARTESIAN_POINT('Ctrl Pts',(100.488508333333,-63.5079161046318,-10.3888644326307));
#9737=CARTESIAN_POINT('Ctrl Pts',(100.488508333333,-63.3824118350752,-8.95434406737854));
#9738=CARTESIAN_POINT('Ctrl Pts',(110.91018125,-63.7588409458362,-10.3669113536283));
#9739=CARTESIAN_POINT('Ctrl Pts',(110.91018125,-63.6333366762796,-8.93239098837614));
#9740=CARTESIAN_POINT('Ctrl Pts',(118.498166666667,-62.7551415810188,-10.454723669638));
#9741=CARTESIAN_POINT('Ctrl Pts',(118.498166666667,-62.6296373114622,-9.02020330438584));
#9742=CARTESIAN_POINT('Ctrl Pts',(127.219627083333,-59.9322371174699,-10.7016958084152));
#9743=CARTESIAN_POINT('Ctrl Pts',(127.219627083333,-59.8067328479133,-9.26717544316304));
#9744=CARTESIAN_POINT('',(127.219627083333,-59.9148059689204,-10.5024568687969));
#9745=CARTESIAN_POINT('Ctrl Pts',(100.488508333333,-63.4904849560823,-10.1896254930123));
#9746=CARTESIAN_POINT('Ctrl Pts',(110.91018125,-63.7414097972867,-10.1676724140099));
#9747=CARTESIAN_POINT('Ctrl Pts',(118.498166666667,-62.7377104324693,-10.2554847300196));
#9748=CARTESIAN_POINT('Ctrl Pts',(127.219627083333,-59.9148059689204,-10.5024568687968));
#9749=CARTESIAN_POINT('',(127.219627083333,-59.9322371174699,-10.7016958084152));
#9750=CARTESIAN_POINT('Ctrl Pts',(127.219627083333,-59.9322371174699,-10.7016958084152));
#9751=CARTESIAN_POINT('Ctrl Pts',(127.219627083333,-59.8067328479133,-9.2671754431631));
#9752=CARTESIAN_POINT('Ctrl Pts',(130.0848,-59.0226345681042,-10.781275719799));
#9753=CARTESIAN_POINT('Ctrl Pts',(130.0848,-58.8971302985476,-9.3467553545469));
#9754=CARTESIAN_POINT('Ctrl Pts',(130.55708125,-59.1167313835558,-10.7730433151731));
#9755=CARTESIAN_POINT('Ctrl Pts',(130.55708125,-58.9912271139992,-9.338522949921));
#9756=CARTESIAN_POINT('Ctrl Pts',(130.93490625,-60.8104740616851,-10.6248600319067));
#9757=CARTESIAN_POINT('Ctrl Pts',(130.93490625,-60.6849697921285,-9.1903396666546));
#9758=CARTESIAN_POINT('',(130.93490625,-60.7930429131357,-10.4256210922884));
#9759=CARTESIAN_POINT('Ctrl Pts',(127.219627083333,-59.9148059689204,-10.5024568687969));
#9760=CARTESIAN_POINT('Ctrl Pts',(130.0848,-59.0052034195547,-10.5820367801807));
#9761=CARTESIAN_POINT('Ctrl Pts',(130.55708125,-59.0993002350063,-10.5738043755548));
#9762=CARTESIAN_POINT('Ctrl Pts',(130.93490625,-60.7930429131356,-10.4256210922884));
#9763=CARTESIAN_POINT('',(130.93490625,-60.8104740616851,-10.6248600319067));
#9764=CARTESIAN_POINT('Ctrl Pts',(130.93490625,-60.8104740616851,-10.6248600319067));
#9765=CARTESIAN_POINT('Ctrl Pts',(130.93490625,-60.6849697921286,-9.19033966665427));
#9766=CARTESIAN_POINT('Ctrl Pts',(131.249760416667,-62.1591950831585,-10.5068622322687));
#9767=CARTESIAN_POINT('Ctrl Pts',(131.249760416667,-62.033690813602,-9.07234186701627));
#9768=CARTESIAN_POINT('Ctrl Pts',(130.588566666667,-62.9747008170726,-10.4355147255108));
#9769=CARTESIAN_POINT('Ctrl Pts',(130.588566666667,-62.8491965475161,-9.00099436025837));
#9770=CARTESIAN_POINT('Ctrl Pts',(127.565966666667,-64.9507339415568,-10.2626342283668));
#9771=CARTESIAN_POINT('Ctrl Pts',(127.565966666667,-64.8252296720003,-8.82811386311437));
#9772=CARTESIAN_POINT('',(127.565966666667,-64.9333027930073,-10.0633952887484));
#9773=CARTESIAN_POINT('Ctrl Pts',(130.93490625,-60.7930429131356,-10.4256210922884));
#9774=CARTESIAN_POINT('Ctrl Pts',(131.249760416667,-62.141763934609,-10.3076232926504));
#9775=CARTESIAN_POINT('Ctrl Pts',(130.588566666667,-62.9572696685231,-10.2362757858925));
#9776=CARTESIAN_POINT('Ctrl Pts',(127.565966666667,-64.9333027930073,-10.0633952887485));
#9777=CARTESIAN_POINT('',(127.565966666667,-64.9507339415568,-10.2626342283668));
#9778=CARTESIAN_POINT('Ctrl Pts',(127.565966666667,-64.9507339415568,-10.2626342283668));
#9779=CARTESIAN_POINT('Ctrl Pts',(127.565966666667,-64.8252296720002,-8.82811386311466));
#9780=CARTESIAN_POINT('Ctrl Pts',(120.0724375,-69.9378651604931,-9.82631678319363));
#9781=CARTESIAN_POINT('Ctrl Pts',(120.0724375,-69.8123608909365,-8.39179641794149));
#9782=CARTESIAN_POINT('Ctrl Pts',(110.815725,-73.1057912806979,-9.54915916078804));
#9783=CARTESIAN_POINT('Ctrl Pts',(110.815725,-72.9802870111413,-8.1146387955359));
#9784=CARTESIAN_POINT('Ctrl Pts',(100.236625,-74.2976842764186,-9.44488203552653));
#9785=CARTESIAN_POINT('Ctrl Pts',(100.236625,-74.172180006862,-8.01036167027439));
#9786=CARTESIAN_POINT('',(100.236625,-74.280253127869,-9.24564309590817));
#9787=CARTESIAN_POINT('Ctrl Pts',(127.565966666667,-64.9333027930073,-10.0633952887484));
#9788=CARTESIAN_POINT('Ctrl Pts',(120.0724375,-69.9204340119436,-9.62707784357524));
#9789=CARTESIAN_POINT('Ctrl Pts',(110.815725,-73.0883601321484,-9.34992022116965));
#9790=CARTESIAN_POINT('Ctrl Pts',(100.236625,-74.2802531278691,-9.24564309590814));
#9791=CARTESIAN_POINT('',(100.236625,-74.2976842764186,-9.44488203552653));
#9792=CARTESIAN_POINT('Ctrl Pts',(100.236625,-74.2976842764186,-9.44488203552653));
#9793=CARTESIAN_POINT('Ctrl Pts',(100.236625,-74.1721800068618,-8.0103616702742));
#9794=CARTESIAN_POINT('Ctrl Pts',(94.0339979166667,-74.9877275897305,-9.38451106826987));
#9795=CARTESIAN_POINT('Ctrl Pts',(94.0339979166667,-74.8622233201737,-7.94999070301754));
#9796=CARTESIAN_POINT('Ctrl Pts',(85.1865958333333,-74.1408562506658,-9.45860270990305));
#9797=CARTESIAN_POINT('Ctrl Pts',(85.1865958333333,-74.015351981109,-8.02408234465072));
#9798=CARTESIAN_POINT('Ctrl Pts',(77.4096979166667,-72.07072631073,-9.63971561167303));
#9799=CARTESIAN_POINT('Ctrl Pts',(77.4096979166667,-71.9452220411732,-8.2051952464207));
#9800=CARTESIAN_POINT('',(77.4096979166667,-72.0532951621805,-9.44047667205466));
#9801=CARTESIAN_POINT('Ctrl Pts',(100.236625,-74.280253127869,-9.24564309590817));
#9802=CARTESIAN_POINT('Ctrl Pts',(94.0339979166667,-74.9702964411809,-9.1852721286515));
#9803=CARTESIAN_POINT('Ctrl Pts',(85.1865958333333,-74.1234251021163,-9.25936377028469));
#9804=CARTESIAN_POINT('Ctrl Pts',(77.4096979166667,-72.0532951621804,-9.44047667205466));
#9805=CARTESIAN_POINT('',(77.4096979166667,-72.07072631073,-9.63971561167303));
#9806=CARTESIAN_POINT('Ctrl Pts',(77.4096979166667,-72.07072631073,-9.63971561167303));
#9807=CARTESIAN_POINT('Ctrl Pts',(77.4096979166667,-71.9452220411734,-8.20519524642086));
#9808=CARTESIAN_POINT('Ctrl Pts',(67.7121895833333,-69.4987466883855,-9.86473467144786));
#9809=CARTESIAN_POINT('Ctrl Pts',(67.7121895833333,-69.3732424188289,-8.43021430619569));
#9810=CARTESIAN_POINT('Ctrl Pts',(59.7463791666667,-64.4488842591481,-10.3065403863716));
#9811=CARTESIAN_POINT('Ctrl Pts',(59.7463791666667,-64.3233799895915,-8.87202002111943));
#9812=CARTESIAN_POINT('Ctrl Pts',(57.3220020833333,-59.2735594093085,-10.7593226407966));
#9813=CARTESIAN_POINT('Ctrl Pts',(57.3220020833333,-59.1480551397519,-9.32480227554443));
#9814=CARTESIAN_POINT('',(57.3220020833333,-59.256128260759,-10.5600837011782));
#9815=CARTESIAN_POINT('Ctrl Pts',(77.4096979166667,-72.0532951621805,-9.44047667205467));
#9816=CARTESIAN_POINT('Ctrl Pts',(67.7121895833333,-69.481315539836,-9.6654957318295));
#9817=CARTESIAN_POINT('Ctrl Pts',(59.7463791666667,-64.4314531105986,-10.1073014467532));
#9818=CARTESIAN_POINT('Ctrl Pts',(57.3220020833333,-59.256128260759,-10.5600837011782));
#9819=CARTESIAN_POINT('',(57.3220020833333,-59.2735594093085,-10.7593226407966));
#9820=CARTESIAN_POINT('Ctrl Pts',(57.3220020833333,-59.2735594093085,-10.7593226407966));
#9821=CARTESIAN_POINT('Ctrl Pts',(57.3220020833333,-59.1480551397519,-9.32480227554444));
#9822=CARTESIAN_POINT('Ctrl Pts',(56.12555625,-56.701579786964,-10.9843417005714));
#9823=CARTESIAN_POINT('Ctrl Pts',(56.12555625,-56.5760755174074,-9.54982133531924));
#9824=CARTESIAN_POINT('Ctrl Pts',(56.1885270833333,-54.0041377440173,-11.2203372998475));
#9825=CARTESIAN_POINT('Ctrl Pts',(56.1885270833333,-53.8786334744607,-9.78581693459533));
#9826=CARTESIAN_POINT('Ctrl Pts',(57.5109145833333,-51.2753300959201,-11.4590770339988));
#9827=CARTESIAN_POINT('Ctrl Pts',(57.5109145833333,-51.1498258263635,-10.0245566687466));
#9828=CARTESIAN_POINT('',(57.5109145833333,-51.2578989473705,-11.2598380943804));
#9829=CARTESIAN_POINT('Ctrl Pts',(57.3220020833333,-59.256128260759,-10.5600837011782));
#9830=CARTESIAN_POINT('Ctrl Pts',(56.12555625,-56.6841486384145,-10.785102760953));
#9831=CARTESIAN_POINT('Ctrl Pts',(56.1885270833333,-53.9867065954678,-11.0210983602291));
#9832=CARTESIAN_POINT('Ctrl Pts',(57.5109145833333,-51.2578989473706,-11.2598380943804));
#9833=CARTESIAN_POINT('',(57.5109145833333,-51.2753300959201,-11.4590770339988));
#9834=CARTESIAN_POINT('Ctrl Pts',(57.5109145833333,-51.2753300959201,-11.4590770339988));
#9835=CARTESIAN_POINT('Ctrl Pts',(57.5109145833333,-51.1498258263635,-10.0245566687467));
#9836=CARTESIAN_POINT('Ctrl Pts',(58.01468125,-50.3029963362533,-11.5441452151332));
#9837=CARTESIAN_POINT('Ctrl Pts',(58.01468125,-50.1774920666967,-10.1096248498811));
#9838=CARTESIAN_POINT('Ctrl Pts',(58.4869625,-49.4874906023392,-11.6154927218911));
#9839=CARTESIAN_POINT('Ctrl Pts',(58.4869625,-49.3619863327826,-10.180972356639));
#9840=CARTESIAN_POINT('Ctrl Pts',(58.58141875,-49.4874906023392,-11.6154927218911));
#9841=CARTESIAN_POINT('Ctrl Pts',(58.58141875,-49.3619863327826,-10.180972356639));
#9842=CARTESIAN_POINT('',(58.58141875,-49.4700594537897,-11.4162537822727));
#9843=CARTESIAN_POINT('Ctrl Pts',(57.5109145833333,-51.2578989473706,-11.2598380943804));
#9844=CARTESIAN_POINT('Ctrl Pts',(58.01468125,-50.2855651877038,-11.3449062755148));
#9845=CARTESIAN_POINT('Ctrl Pts',(58.4869625,-49.4700594537897,-11.4162537822727));
#9846=CARTESIAN_POINT('Ctrl Pts',(58.58141875,-49.4700594537897,-11.4162537822727));
#9847=CARTESIAN_POINT('',(58.58141875,-49.4874906023392,-11.6154927218911));
#9848=CARTESIAN_POINT('Ctrl Pts',(58.58141875,-49.4874906023392,-11.6154927218911));
#9849=CARTESIAN_POINT('Ctrl Pts',(58.58141875,-49.3619863327826,-10.1809723566389));
#9850=CARTESIAN_POINT('Ctrl Pts',(58.675875,-49.4874906023392,-11.6154927218911));
#9851=CARTESIAN_POINT('Ctrl Pts',(58.675875,-49.3619863327826,-10.1809723566389));
#9852=CARTESIAN_POINT('Ctrl Pts',(59.6834083333333,-50.1775339156511,-11.5551217546344));
#9853=CARTESIAN_POINT('Ctrl Pts',(59.6834083333333,-50.0520296460945,-10.1206013893822));
#9854=CARTESIAN_POINT('Ctrl Pts',(60.84836875,-51.0244052547158,-11.4810301130012));
#9855=CARTESIAN_POINT('Ctrl Pts',(60.84836875,-50.8989009851592,-10.046509747749));
#9856=CARTESIAN_POINT('Ctrl Pts',(58.58141875,-49.4700594537897,-11.4162537822727));
#9857=CARTESIAN_POINT('Ctrl Pts',(58.675875,-49.4700594537897,-11.4162537822727));
#9858=CARTESIAN_POINT('Ctrl Pts',(59.6834083333333,-50.1601027671016,-11.355882815016));
#9859=CARTESIAN_POINT('Ctrl Pts',(60.84836875,-51.0069741061663,-11.2817911733828));
#9860=CARTESIAN_POINT('Ctrl Pts',(52.25285,-42.02247657651,-12.2685968222131));
#9861=CARTESIAN_POINT('Ctrl Pts',(52.25285,-41.8969723069534,-10.834076456961));
#9862=CARTESIAN_POINT('Ctrl Pts',(52.53621875,-42.5870574692198,-12.2192023944577));
#9863=CARTESIAN_POINT('Ctrl Pts',(52.53621875,-42.4615531996632,-10.7846820292056));
#9864=CARTESIAN_POINT('Ctrl Pts',(53.1344416666667,-43.4966600185855,-12.1396224830739));
#9865=CARTESIAN_POINT('Ctrl Pts',(53.1344416666667,-43.3711557490289,-10.7051021178218));
#9866=CARTESIAN_POINT('Ctrl Pts',(53.5437520833333,-44.0298753061447,-12.0929721901938));
#9867=CARTESIAN_POINT('Ctrl Pts',(53.5437520833333,-43.9043710365881,-10.6584518249417));
#9868=CARTESIAN_POINT('',(52.25285,-42.0050454279605,-12.0693578825947));
#9869=CARTESIAN_POINT('',(53.5437520833334,-44.0124441575952,-11.8937332505753));
#9870=CARTESIAN_POINT('Ctrl Pts',(52.25285,-42.0050454279605,-12.0693578825948));
#9871=CARTESIAN_POINT('Ctrl Pts',(52.53621875,-42.5696263206703,-12.0199634548394));
#9872=CARTESIAN_POINT('Ctrl Pts',(53.1344416666667,-43.479228870036,-11.9403835434556));
#9873=CARTESIAN_POINT('Ctrl Pts',(53.5437520833333,-44.0124441575952,-11.8937332505755));
#9874=CARTESIAN_POINT('',(53.5437520833334,-44.0298753061447,-12.0929721901938));
#9875=CARTESIAN_POINT('',(52.25285,-42.02247657651,-12.2685968222131));
#9876=CARTESIAN_POINT('Origin',(53.5437520833334,-44.0298753061447,-12.0929721901938));
#9877=CARTESIAN_POINT('',(54.2994020833333,-45.0161435224126,-11.8059209345657));
#9878=CARTESIAN_POINT('',(80.9168552273125,-80.3710311207298,-8.71276906947967));
#9879=CARTESIAN_POINT('',(54.2994020833333,-45.0335746709621,-12.0051598741841));
#9880=CARTESIAN_POINT('Origin',(54.2994020833333,-45.0335746709621,-12.0051598741841));
#9881=CARTESIAN_POINT('',(53.3233541666667,-46.5216925696386,-11.6742024605511));
#9882=CARTESIAN_POINT('',(61.0565853432931,-34.5932220190225,-12.7178084069329));
#9883=CARTESIAN_POINT('',(53.3233541666667,-46.5391237181881,-11.8734414001695));
#9884=CARTESIAN_POINT('Ctrl Pts',(53.3233541666667,-46.5391237181881,-11.8734414001695));
#9885=CARTESIAN_POINT('Ctrl Pts',(53.3233541666667,-46.4136194486315,-10.4389210349174));
#9886=CARTESIAN_POINT('Ctrl Pts',(51.0878895833333,-50.0834371001995,-11.5633541592603));
#9887=CARTESIAN_POINT('Ctrl Pts',(51.0878895833333,-49.9579328306429,-10.1288337940082));
#9888=CARTESIAN_POINT('Ctrl Pts',(50.45818125,-53.4395568513075,-11.2697317276029));
#9889=CARTESIAN_POINT('Ctrl Pts',(50.45818125,-53.3140525817509,-9.83521136235078));
#9890=CARTESIAN_POINT('Ctrl Pts',(51.2453166666667,-57.6425479414803,-10.9020176543123));
#9891=CARTESIAN_POINT('Ctrl Pts',(51.2453166666667,-57.5170436719237,-9.46749728906018));
#9892=CARTESIAN_POINT('',(51.2453166666667,-57.6251167929308,-10.702778714694));
#9893=CARTESIAN_POINT('Ctrl Pts',(53.3233541666667,-46.5216925696386,-11.6742024605512));
#9894=CARTESIAN_POINT('Ctrl Pts',(51.0878895833333,-50.06600595165,-11.364115219642));
#9895=CARTESIAN_POINT('Ctrl Pts',(50.45818125,-53.422125702758,-11.0704927879846));
#9896=CARTESIAN_POINT('Ctrl Pts',(51.2453166666667,-57.6251167929308,-10.702778714694));
#9897=CARTESIAN_POINT('',(51.2453166666667,-57.6425479414803,-10.9020176543123));
#9898=CARTESIAN_POINT('Ctrl Pts',(51.2453166666667,-57.6425479414803,-10.9020176543123));
#9899=CARTESIAN_POINT('Ctrl Pts',(51.2453166666667,-57.5170436719237,-9.46749728906022));
#9900=CARTESIAN_POINT('Ctrl Pts',(51.9065104166667,-61.09276450804,-10.600162818029));
#9901=CARTESIAN_POINT('Ctrl Pts',(51.9065104166667,-60.9672602384833,-9.16564245277692));
#9902=CARTESIAN_POINT('Ctrl Pts',(53.2288979166667,-63.7902065509867,-10.364167218753));
#9903=CARTESIAN_POINT('Ctrl Pts',(53.2288979166667,-63.6647022814301,-8.92964685350092));
#9904=CARTESIAN_POINT('Ctrl Pts',(55.5903041666667,-66.2680893578796,-10.1473805636041));
#9905=CARTESIAN_POINT('Ctrl Pts',(55.5903041666667,-66.142585088323,-8.71286019835202));
#9906=CARTESIAN_POINT('',(55.5903041666667,-66.2506582093301,-9.94814162398569));
#9907=CARTESIAN_POINT('Ctrl Pts',(51.2453166666667,-57.6251167929308,-10.702778714694));
#9908=CARTESIAN_POINT('Ctrl Pts',(51.9065104166667,-61.0753333594905,-10.4009238784107));
#9909=CARTESIAN_POINT('Ctrl Pts',(53.2288979166667,-63.7727754024372,-10.1649282791347));
#9910=CARTESIAN_POINT('Ctrl Pts',(55.5903041666667,-66.2506582093301,-9.94814162398577));
#9911=CARTESIAN_POINT('',(55.5903041666667,-66.2680893578796,-10.1473805636041));
#9912=CARTESIAN_POINT('Ctrl Pts',(55.5903041666667,-66.2680893578796,-10.1473805636041));
#9913=CARTESIAN_POINT('Ctrl Pts',(55.5903041666667,-66.142585088323,-8.71286019835193));
#9914=CARTESIAN_POINT('Ctrl Pts',(61.79293125,-72.8862320446441,-9.56836810491516));
#9915=CARTESIAN_POINT('Ctrl Pts',(61.79293125,-72.7607277750875,-8.13384773966299));
#9916=CARTESIAN_POINT('Ctrl Pts',(72.6239145833333,-77.6224384223761,-9.15400373874444));
#9917=CARTESIAN_POINT('Ctrl Pts',(72.6239145833333,-77.4969341528195,-7.71948337349227));
#9918=CARTESIAN_POINT('Ctrl Pts',(84.9661979166667,-79.0966218644516,-9.0250293996052));
#9919=CARTESIAN_POINT('Ctrl Pts',(84.9661979166667,-78.971117594895,-7.59050903435304));
#9920=CARTESIAN_POINT('',(84.9661979166667,-79.0791907159021,-8.82579045998684));
#9921=CARTESIAN_POINT('Ctrl Pts',(55.5903041666667,-66.2506582093301,-9.94814162398569));
#9922=CARTESIAN_POINT('Ctrl Pts',(61.79293125,-72.8688008960946,-9.36912916529675));
#9923=CARTESIAN_POINT('Ctrl Pts',(72.6239145833333,-77.6050072738266,-8.95476479912603));
#9924=CARTESIAN_POINT('Ctrl Pts',(84.9661979166667,-79.0791907159021,-8.82579045998679));
#9925=CARTESIAN_POINT('',(84.9661979166667,-79.0966218644516,-9.0250293996052));
#9926=CARTESIAN_POINT('Ctrl Pts',(84.9661979166667,-79.0966218644516,-9.0250293996052));
#9927=CARTESIAN_POINT('Ctrl Pts',(84.9661979166667,-78.9711175948949,-7.59050903435297));
#9928=CARTESIAN_POINT('Ctrl Pts',(102.377633333333,-81.198117409538,-8.84117236295991));
#9929=CARTESIAN_POINT('Ctrl Pts',(102.377633333333,-81.0726131399814,-7.40665199770768));
#9930=CARTESIAN_POINT('Ctrl Pts',(115.601508333333,-78.657503392344,-9.06344728785944));
#9931=CARTESIAN_POINT('Ctrl Pts',(115.601508333333,-78.5319991227873,-7.62892692260721));
#9932=CARTESIAN_POINT('Ctrl Pts',(128.0067625,-70.9101989201599,-9.74124860205924));
#9933=CARTESIAN_POINT('Ctrl Pts',(128.0067625,-70.7846946506032,-8.30672823680701));
#9934=CARTESIAN_POINT('',(128.0067625,-70.8927677716104,-9.54200966244088));
#9935=CARTESIAN_POINT('Ctrl Pts',(84.9661979166667,-79.0791907159021,-8.82579045998684));
#9936=CARTESIAN_POINT('Ctrl Pts',(102.377633333333,-81.1806862609885,-8.64193342334155));
#9937=CARTESIAN_POINT('Ctrl Pts',(115.601508333333,-78.6400722437945,-8.86420834824108));
#9938=CARTESIAN_POINT('Ctrl Pts',(128.0067625,-70.8927677716104,-9.54200966244088));
#9939=CARTESIAN_POINT('',(128.0067625,-70.9101989201599,-9.74124860205924));
#9940=CARTESIAN_POINT('Origin',(128.0067625,-70.9101989201599,-9.74124860205924));
#9941=CARTESIAN_POINT('',(131.0293625,-69.0108314625779,-9.70665775495906));
#9942=CARTESIAN_POINT('',(135.839869937753,-66.0157052096898,-9.96869734791562));
#9943=CARTESIAN_POINT('',(131.0293625,-69.0282626111273,-9.90589669457741));
#9944=CARTESIAN_POINT('Origin',(131.0293625,-69.0282626111273,-9.90589669457741));
#9945=CARTESIAN_POINT('',(131.218275,-70.4536492995028,-9.58042755069511));
#9946=CARTESIAN_POINT('',(132.010311892995,-76.5028252762972,-9.05119322905225));
#9947=CARTESIAN_POINT('',(131.218275,-70.4710804480523,-9.77966649031348));
#9948=CARTESIAN_POINT('Ctrl Pts',(131.218275,-70.4710804480523,-9.77966649031348));
#9949=CARTESIAN_POINT('Ctrl Pts',(131.218275,-70.3455761784957,-8.34514612506136));
#9950=CARTESIAN_POINT('Ctrl Pts',(131.31273125,-71.2552205768159,-9.71106311843091));
#9951=CARTESIAN_POINT('Ctrl Pts',(131.31273125,-71.1297163072593,-8.27654275317879));
#9952=CARTESIAN_POINT('Ctrl Pts',(131.470158333333,-72.823500834343,-9.57385637466576));
#9953=CARTESIAN_POINT('Ctrl Pts',(131.470158333333,-72.6979965647864,-8.13933600941364));
#9954=CARTESIAN_POINT('Ctrl Pts',(131.5961,-73.9526626197626,-9.47506751915486));
#9955=CARTESIAN_POINT('Ctrl Pts',(131.5961,-73.827158350206,-8.04054715390274));
#9956=CARTESIAN_POINT('',(131.5961,-73.9352314712131,-9.2758285795365));
#9957=CARTESIAN_POINT('Ctrl Pts',(131.218275,-70.4536492995028,-9.58042755069511));
#9958=CARTESIAN_POINT('Ctrl Pts',(131.31273125,-71.2377894282664,-9.51182417881255));
#9959=CARTESIAN_POINT('Ctrl Pts',(131.470158333333,-72.8060696857935,-9.3746174350474));
#9960=CARTESIAN_POINT('Ctrl Pts',(131.5961,-73.9352314712131,-9.2758285795365));
#9961=CARTESIAN_POINT('',(131.5961,-73.9526626197626,-9.47506751915486));
#9962=CARTESIAN_POINT('Origin',(131.5961,-73.9526626197626,-9.47506751915486));
#9963=CARTESIAN_POINT('',(131.7850125,-75.9739958059984,-9.09745981264184));
#9964=CARTESIAN_POINT('',(132.023750597486,-78.5504834312736,-8.87204635371541));
#9965=CARTESIAN_POINT('',(131.7850125,-75.9914269545478,-9.29669875226018));
#9966=CARTESIAN_POINT('Origin',(131.7850125,-75.9914269545478,-9.29669875226018));
#9967=CARTESIAN_POINT('',(129.486577083333,-77.8872977201815,-8.93006758524835));
#9968=CARTESIAN_POINT('',(137.713238291908,-71.0391232952813,-9.52920521327527));
#9969=CARTESIAN_POINT('',(129.486577083333,-77.904728868731,-9.12930652486671));
#9970=CARTESIAN_POINT('Ctrl Pts',(129.486577083333,-77.904728868731,-9.12930652486671));
#9971=CARTESIAN_POINT('Ctrl Pts',(129.486577083333,-77.7792245991744,-7.69478615961459));
#9972=CARTESIAN_POINT('Ctrl Pts',(121.741164583333,-84.2405811091406,-8.57499128005554));
#9973=CARTESIAN_POINT('Ctrl Pts',(121.741164583333,-84.115076839584,-7.14047091480342));
#9974=CARTESIAN_POINT('Ctrl Pts',(113.55495625,-87.5653352550981,-8.28411298327344));
#9975=CARTESIAN_POINT('Ctrl Pts',(113.55495625,-87.4398309855415,-6.84959261802132));
#9976=CARTESIAN_POINT('Ctrl Pts',(102.912885416667,-88.7258626456682,-8.18257999288724));
#9977=CARTESIAN_POINT('Ctrl Pts',(102.912885416667,-88.6003583761116,-6.74805962763512));
#9978=CARTESIAN_POINT('',(102.912885416667,-88.7084314971187,-7.98334105326887));
#9979=CARTESIAN_POINT('Ctrl Pts',(129.486577083333,-77.8872977201815,-8.93006758524834));
#9980=CARTESIAN_POINT('Ctrl Pts',(121.741164583333,-84.2231499605911,-8.37575234043717));
#9981=CARTESIAN_POINT('Ctrl Pts',(113.55495625,-87.5479041065486,-8.08487404365507));
#9982=CARTESIAN_POINT('Ctrl Pts',(102.912885416667,-88.7084314971187,-7.98334105326887));
#9983=CARTESIAN_POINT('',(102.912885416667,-88.7258626456682,-8.18257999288724));
#9984=CARTESIAN_POINT('Ctrl Pts',(102.912885416667,-88.7258626456682,-8.18257999288724));
#9985=CARTESIAN_POINT('Ctrl Pts',(102.912885416667,-88.6003583761116,-6.74805962763512));
#9986=CARTESIAN_POINT('Ctrl Pts',(99.0716645833333,-89.1336155126253,-8.1469062395083));
#9987=CARTESIAN_POINT('Ctrl Pts',(99.0716645833333,-89.0081112430687,-6.71238587425618));
#9988=CARTESIAN_POINT('Ctrl Pts',(88.7444479166667,-88.945421881722,-8.16337104876012));
#9989=CARTESIAN_POINT('Ctrl Pts',(88.7444479166667,-88.8199176121654,-6.728850683508));
#9990=CARTESIAN_POINT('Ctrl Pts',(84.8087708333333,-88.3808409890123,-8.21276547651557));
#9991=CARTESIAN_POINT('Ctrl Pts',(84.8087708333333,-88.2553367194557,-6.77824511126345));
#9992=CARTESIAN_POINT('',(84.8087708333333,-88.3634098404628,-8.01352653689721));
#9993=CARTESIAN_POINT('Ctrl Pts',(102.912885416667,-88.7084314971187,-7.98334105326888));
#9994=CARTESIAN_POINT('Ctrl Pts',(99.0716645833333,-89.1161843640758,-7.94766729988994));
#9995=CARTESIAN_POINT('Ctrl Pts',(88.7444479166667,-88.9279907331725,-7.96413210914176));
#9996=CARTESIAN_POINT('Ctrl Pts',(84.8087708333333,-88.3634098404628,-8.01352653689721));
#9997=CARTESIAN_POINT('',(84.8087708333333,-88.3808409890123,-8.21276547651557));
#9998=CARTESIAN_POINT('Ctrl Pts',(84.8087708333333,-88.3808409890123,-8.21276547651557));
#9999=CARTESIAN_POINT('Ctrl Pts',(84.8087708333333,-88.2553367194556,-6.77824511126318));
#10000=CARTESIAN_POINT('Ctrl Pts',(65.0674145833333,-85.589302130614,-8.45699348041752));
#10001=CARTESIAN_POINT('Ctrl Pts',(65.0674145833333,-85.4637978610573,-7.02247311516513));
#10002=CARTESIAN_POINT('Ctrl Pts',(51.7175979166667,-78.0301912893331,-9.1183299853655));
#10003=CARTESIAN_POINT('Ctrl Pts',(51.7175979166667,-77.9046870197764,-7.68380962011311));
#10004=CARTESIAN_POINT('Ctrl Pts',(46.3650770833333,-66.6131110145356,-10.1171950799757));
#10005=CARTESIAN_POINT('Ctrl Pts',(46.3650770833333,-66.4876067449789,-8.68267471472331));
#10006=CARTESIAN_POINT('',(46.3650770833333,-66.5956798659861,-9.91795614035736));
#10007=CARTESIAN_POINT('Ctrl Pts',(84.8087708333333,-88.3634098404628,-8.0135265368972));
#10008=CARTESIAN_POINT('Ctrl Pts',(65.0674145833333,-85.5718709820645,-8.25775454079915));
#10009=CARTESIAN_POINT('Ctrl Pts',(51.7175979166667,-78.0127601407836,-8.91909104574713));
#10010=CARTESIAN_POINT('Ctrl Pts',(46.3650770833333,-66.5956798659861,-9.91795614035733));
#10011=CARTESIAN_POINT('',(46.3650770833333,-66.6131110145356,-10.1171950799757));
#10012=CARTESIAN_POINT('Ctrl Pts',(46.3650770833333,-66.6131110145356,-10.1171950799757));
#10013=CARTESIAN_POINT('Ctrl Pts',(46.3650770833333,-66.4876067449789,-8.68267471472347));
#10014=CARTESIAN_POINT('Ctrl Pts',(45.1371458333333,-63.9784001818899,-10.3477024095012));
#10015=CARTESIAN_POINT('Ctrl Pts',(45.1371458333333,-63.8528959123332,-8.91318204424897));
#10016=CARTESIAN_POINT('Ctrl Pts',(44.5074375,-60.9359364822873,-10.6138834924055));
#10017=CARTESIAN_POINT('Ctrl Pts',(44.5074375,-60.8104322127306,-9.17936312715327));
#10018=CARTESIAN_POINT('Ctrl Pts',(44.5074375,-57.3288918899749,-10.9294590030654));
#10019=CARTESIAN_POINT('Ctrl Pts',(44.5074375,-57.2033876204182,-9.49493863781317));
#10020=CARTESIAN_POINT('',(44.5074375,-57.3114607414254,-10.730220063447));
#10021=CARTESIAN_POINT('Ctrl Pts',(46.3650770833333,-66.5956798659861,-9.91795614035736));
#10022=CARTESIAN_POINT('Ctrl Pts',(45.1371458333333,-63.9609690333404,-10.1484634698829));
#10023=CARTESIAN_POINT('Ctrl Pts',(44.5074375,-60.9185053337378,-10.4146445527872));
#10024=CARTESIAN_POINT('Ctrl Pts',(44.5074375,-57.3114607414254,-10.7302200634471));
#10025=CARTESIAN_POINT('',(44.5074375,-57.3288918899749,-10.9294590030654));
#10026=CARTESIAN_POINT('Ctrl Pts',(44.5074375,-57.3288918899749,-10.9294590030654));
#10027=CARTESIAN_POINT('Ctrl Pts',(44.5074375,-57.2033876204183,-9.4949386378132));
#10028=CARTESIAN_POINT('Ctrl Pts',(44.5074375,-51.6830829628772,-11.4234032806199));
#10029=CARTESIAN_POINT('Ctrl Pts',(44.5074375,-51.5575786933206,-9.9888829153677));
#10030=CARTESIAN_POINT('Ctrl Pts',(46.2706208333333,-47.1037046108979,-11.8240469724141));
#10031=CARTESIAN_POINT('Ctrl Pts',(46.2706208333333,-46.9782003413413,-10.3895266071619));
#10032=CARTESIAN_POINT('Ctrl Pts',(50.3007541666667,-42.2106702074132,-12.2521320129613));
#10033=CARTESIAN_POINT('Ctrl Pts',(50.3007541666667,-42.0851659378566,-10.8176116477091));
#10034=CARTESIAN_POINT('',(50.3007541666667,-42.1932390588637,-12.0528930733429));
#10035=CARTESIAN_POINT('Ctrl Pts',(44.5074375,-57.3114607414254,-10.730220063447));
#10036=CARTESIAN_POINT('Ctrl Pts',(44.5074375,-51.6656518143277,-11.2241643410015));
#10037=CARTESIAN_POINT('Ctrl Pts',(46.2706208333333,-47.0862734623484,-11.6248080327957));
#10038=CARTESIAN_POINT('Ctrl Pts',(50.3007541666667,-42.1932390588637,-12.0528930733429));
#10039=CARTESIAN_POINT('',(50.3007541666667,-42.2106702074132,-12.2521320129613));
#10040=CARTESIAN_POINT('Ctrl Pts',(50.3007541666667,-42.2106702074132,-12.2521320129613));
#10041=CARTESIAN_POINT('Ctrl Pts',(50.3007541666667,-42.0851659378566,-10.8176116477092));
#10042=CARTESIAN_POINT('Ctrl Pts',(50.83600625,-41.5519924992518,-12.3097588453427));
#10043=CARTESIAN_POINT('Ctrl Pts',(50.83600625,-41.4264882296952,-10.8752384800906));
#10044=CARTESIAN_POINT('Ctrl Pts',(51.3712583333333,-41.0187772116926,-12.3564091382228));
#10045=CARTESIAN_POINT('Ctrl Pts',(51.3712583333333,-40.893272942136,-10.9218887729707));
#10046=CARTESIAN_POINT('Ctrl Pts',(51.4972,-41.0187772116926,-12.3564091382228));
#10047=CARTESIAN_POINT('Ctrl Pts',(51.4972,-40.893272942136,-10.9218887729707));
#10048=CARTESIAN_POINT('',(51.4972,-41.0013460631431,-12.1571701986044));
#10049=CARTESIAN_POINT('Ctrl Pts',(50.3007541666667,-42.1932390588637,-12.052893073343));
#10050=CARTESIAN_POINT('Ctrl Pts',(50.83600625,-41.5345613507023,-12.1105199057244));
#10051=CARTESIAN_POINT('Ctrl Pts',(51.3712583333333,-41.0013460631431,-12.1571701986045));
#10052=CARTESIAN_POINT('Ctrl Pts',(51.4972,-41.0013460631431,-12.1571701986045));
#10053=CARTESIAN_POINT('',(51.4972,-41.0187772116926,-12.3564091382228));
#10054=CARTESIAN_POINT('Ctrl Pts',(51.4972,-41.0187772116926,-12.3564091382228));
#10055=CARTESIAN_POINT('Ctrl Pts',(51.4972,-40.893272942136,-10.9218887729707));
#10056=CARTESIAN_POINT('Ctrl Pts',(51.6231416666667,-41.0187772116926,-12.3564091382228));
#10057=CARTESIAN_POINT('Ctrl Pts',(51.6231416666667,-40.893272942136,-10.9218887729707));
#10058=CARTESIAN_POINT('Ctrl Pts',(51.96948125,-41.4892612889508,-12.3152471150933));
#10059=CARTESIAN_POINT('Ctrl Pts',(51.96948125,-41.3637570193941,-10.8807267498412));
#10060=CARTESIAN_POINT('Ctrl Pts',(52.25285,-42.02247657651,-12.2685968222131));
#10061=CARTESIAN_POINT('Ctrl Pts',(52.25285,-41.8969723069534,-10.834076456961));
#10062=CARTESIAN_POINT('Ctrl Pts',(51.4972,-41.0013460631431,-12.1571701986045));
#10063=CARTESIAN_POINT('Ctrl Pts',(51.6231416666667,-41.0013460631431,-12.1571701986045));
#10064=CARTESIAN_POINT('Ctrl Pts',(51.96948125,-41.4718301404013,-12.116008175475));
#10065=CARTESIAN_POINT('Ctrl Pts',(52.25285,-42.0050454279605,-12.0693578825948));
#10066=CARTESIAN_POINT('Ctrl Pts',(243.810125,-85.244280473958,-8.48717896404585));
#10067=CARTESIAN_POINT('Ctrl Pts',(243.810125,-85.1187762044013,-7.05265859879373));
#10068=CARTESIAN_POINT('Ctrl Pts',(242.361795833333,-91.9251543710236,-7.90267823560635));
#10069=CARTESIAN_POINT('Ctrl Pts',(242.361795833333,-91.799650101467,-6.46815787035423));
#10070=CARTESIAN_POINT('Ctrl Pts',(234.207072916667,-98.7314906886914,-7.30720096766564));
#10071=CARTESIAN_POINT('Ctrl Pts',(234.207072916667,-98.6059864191348,-5.87268060241352));
#10072=CARTESIAN_POINT('Ctrl Pts',(223.12420625,-102.463997701606,-6.9806489175046));
#10073=CARTESIAN_POINT('Ctrl Pts',(223.12420625,-102.338493432049,-5.54612855225248));
#10074=CARTESIAN_POINT('',(243.810125,-85.2268493254085,-8.28794002442749));
#10075=CARTESIAN_POINT('',(223.12420625,-102.446566553057,-6.78140997788624));
#10076=CARTESIAN_POINT('Ctrl Pts',(243.810125,-85.2268493254085,-8.28794002442749));
#10077=CARTESIAN_POINT('Ctrl Pts',(242.361795833333,-91.9077232224741,-7.70343929598799));
#10078=CARTESIAN_POINT('Ctrl Pts',(234.207072916667,-98.7140595401419,-7.10796202804728));
#10079=CARTESIAN_POINT('Ctrl Pts',(223.12420625,-102.446566553056,-6.78140997788624));
#10080=CARTESIAN_POINT('',(223.12420625,-102.463997701606,-6.9806489175046));
#10081=CARTESIAN_POINT('',(243.810125,-85.244280473958,-8.48717896404585));
#10082=CARTESIAN_POINT('Ctrl Pts',(223.12420625,-102.463997701606,-6.9806489175046));
#10083=CARTESIAN_POINT('Ctrl Pts',(223.12420625,-102.33849343205,-5.5461285522516));
#10084=CARTESIAN_POINT('Ctrl Pts',(210.026272916667,-106.917913632983,-6.59098176521161));
#10085=CARTESIAN_POINT('Ctrl Pts',(210.026272916667,-106.792409363427,-5.15646139995861));
#10086=CARTESIAN_POINT('Ctrl Pts',(196.204175,-105.255536560004,-6.73642091360265));
#10087=CARTESIAN_POINT('Ctrl Pts',(196.204175,-105.130032290448,-5.30190054834965));
#10088=CARTESIAN_POINT('Ctrl Pts',(186.538152083333,-98.1041785856805,-7.36208366517169));
#10089=CARTESIAN_POINT('Ctrl Pts',(186.538152083333,-97.978674316124,-5.92756329991869));
#10090=CARTESIAN_POINT('',(186.538152083333,-98.086747437131,-7.16284472555333));
#10091=CARTESIAN_POINT('Ctrl Pts',(223.12420625,-102.446566553056,-6.78140997788624));
#10092=CARTESIAN_POINT('Ctrl Pts',(210.026272916667,-106.900482484433,-6.39174282559325));
#10093=CARTESIAN_POINT('Ctrl Pts',(196.204175,-105.238105411455,-6.53718197398429));
#10094=CARTESIAN_POINT('Ctrl Pts',(186.538152083333,-98.086747437131,-7.16284472555333));
#10095=CARTESIAN_POINT('',(186.538152083333,-98.1041785856805,-7.36208366517169));
#10096=CARTESIAN_POINT('Ctrl Pts',(186.538152083333,-98.1041785856805,-7.36208366517169));
#10097=CARTESIAN_POINT('Ctrl Pts',(186.538152083333,-97.978674316124,-5.92756329991958));
#10098=CARTESIAN_POINT('Ctrl Pts',(184.428629166667,-96.5672639333039,-7.49654627406153));
#10099=CARTESIAN_POINT('Ctrl Pts',(184.428629166667,-96.4417596637474,-6.06202590880942));
#10100=CARTESIAN_POINT('Ctrl Pts',(181.469,-93.5875314440023,-7.7572390872153));
#10101=CARTESIAN_POINT('Ctrl Pts',(181.469,-93.4620271744458,-6.32271872196319));
#10102=CARTESIAN_POINT('Ctrl Pts',(181.469,-93.0543161564432,-7.80388938009545));
#10103=CARTESIAN_POINT('Ctrl Pts',(181.469,-92.9288118868867,-6.36936901484334));
#10104=CARTESIAN_POINT('',(181.469,-93.0368850078936,-7.60465044047709));
#10105=CARTESIAN_POINT('Ctrl Pts',(186.538152083333,-98.086747437131,-7.16284472555333));
#10106=CARTESIAN_POINT('Ctrl Pts',(184.428629166667,-96.5498327847544,-7.29730733444318));
#10107=CARTESIAN_POINT('Ctrl Pts',(181.469,-93.5701002954528,-7.55800014759695));
#10108=CARTESIAN_POINT('Ctrl Pts',(181.469,-93.0368850078937,-7.60465044047709));
#10109=CARTESIAN_POINT('',(181.469,-93.0543161564432,-7.80388938009545));
#10110=CARTESIAN_POINT('Ctrl Pts',(181.469,-93.0543161564432,-7.80388938009545));
#10111=CARTESIAN_POINT('Ctrl Pts',(181.469,-92.9288118868866,-6.36936901484332));
#10112=CARTESIAN_POINT('Ctrl Pts',(181.469,-92.9602193409915,-7.81212178472136));
#10113=CARTESIAN_POINT('Ctrl Pts',(181.469,-92.8347150714349,-6.37760141946923));
#10114=CARTESIAN_POINT('Ctrl Pts',(182.161679166667,-93.0543161564432,-7.80388938009545));
#10115=CARTESIAN_POINT('Ctrl Pts',(182.161679166667,-92.9288118868866,-6.36936901484332));
#10116=CARTESIAN_POINT('Ctrl Pts',(182.9803,-93.2425097873464,-7.78742457084363));
#10117=CARTESIAN_POINT('Ctrl Pts',(182.9803,-93.1170055177898,-6.3529042055915));
#10118=CARTESIAN_POINT('',(182.9803,-93.2250786387969,-7.58818563122527));
#10119=CARTESIAN_POINT('Ctrl Pts',(181.469,-93.0368850078937,-7.60465044047708));
#10120=CARTESIAN_POINT('Ctrl Pts',(181.469,-92.942788192442,-7.61288284510299));
#10121=CARTESIAN_POINT('Ctrl Pts',(182.161679166667,-93.0368850078937,-7.60465044047708));
#10122=CARTESIAN_POINT('Ctrl Pts',(182.9803,-93.2250786387969,-7.58818563122526));
#10123=CARTESIAN_POINT('',(182.9803,-93.2425097873464,-7.78742457084363));
#10124=CARTESIAN_POINT('Ctrl Pts',(182.9803,-93.2425097873464,-7.78742457084363));
#10125=CARTESIAN_POINT('Ctrl Pts',(182.9803,-93.1170055177898,-6.35290420559152));
#10126=CARTESIAN_POINT('Ctrl Pts',(187.79756875,-94.4971339933681,-7.67765917583152));
#10127=CARTESIAN_POINT('Ctrl Pts',(187.79756875,-94.3716297238115,-6.24313881057941));
#10128=CARTESIAN_POINT('Ctrl Pts',(190.7257125,-94.8107900448736,-7.65021782707849));
#10129=CARTESIAN_POINT('Ctrl Pts',(190.7257125,-94.685285775317,-6.21569746182638));
#10130=CARTESIAN_POINT('Ctrl Pts',(198.156270833333,-94.779424439723,-7.65296196195379));
#10131=CARTESIAN_POINT('Ctrl Pts',(198.156270833333,-94.6539201701664,-6.21844159670168));
#10132=CARTESIAN_POINT('',(198.156270833333,-94.7619932911735,-7.45372302233543));
#10133=CARTESIAN_POINT('Ctrl Pts',(182.9803,-93.2250786387969,-7.58818563122527));
#10134=CARTESIAN_POINT('Ctrl Pts',(187.79756875,-94.4797028448186,-7.47842023621316));
#10135=CARTESIAN_POINT('Ctrl Pts',(190.7257125,-94.7933588963241,-7.45097888746013));
#10136=CARTESIAN_POINT('Ctrl Pts',(198.156270833333,-94.7619932911735,-7.45372302233543));
#10137=CARTESIAN_POINT('',(198.156270833333,-94.779424439723,-7.65296196195379));
#10138=CARTESIAN_POINT('Ctrl Pts',(198.156270833333,-94.779424439723,-7.65296196195379));
#10139=CARTESIAN_POINT('Ctrl Pts',(198.156270833333,-94.6539201701664,-6.21844159670168));
#10140=CARTESIAN_POINT('Ctrl Pts',(204.169985416667,-94.779424439723,-7.65296196195379));
#10141=CARTESIAN_POINT('Ctrl Pts',(204.169985416667,-94.6539201701664,-6.21844159670168));
#10142=CARTESIAN_POINT('Ctrl Pts',(206.40545,-94.6225964139703,-7.66668263633031));
#10143=CARTESIAN_POINT('Ctrl Pts',(206.40545,-94.4970921444137,-6.2321622710782));
#10144=CARTESIAN_POINT('Ctrl Pts',(210.08924375,-94.0580155212605,-7.71607706408576));
#10145=CARTESIAN_POINT('Ctrl Pts',(210.08924375,-93.9325112517039,-6.28155669883364));
#10146=CARTESIAN_POINT('',(210.08924375,-94.040584372711,-7.5168381244674));
#10147=CARTESIAN_POINT('Ctrl Pts',(198.156270833333,-94.7619932911735,-7.45372302233543));
#10148=CARTESIAN_POINT('Ctrl Pts',(204.169985416667,-94.7619932911735,-7.45372302233543));
#10149=CARTESIAN_POINT('Ctrl Pts',(206.40545,-94.6051652654208,-7.46744369671195));
#10150=CARTESIAN_POINT('Ctrl Pts',(210.08924375,-94.040584372711,-7.5168381244674));
#10151=CARTESIAN_POINT('',(210.08924375,-94.0580155212605,-7.71607706408576));
#10152=CARTESIAN_POINT('Ctrl Pts',(210.08924375,-94.0580155212605,-7.71607706408576));
#10153=CARTESIAN_POINT('Ctrl Pts',(210.08924375,-93.9325112517038,-6.28155669883347));
#10154=CARTESIAN_POINT('Ctrl Pts',(223.533516666667,-91.9878855813247,-7.89718996585574));
#10155=CARTESIAN_POINT('Ctrl Pts',(223.533516666667,-91.862381311768,-6.46266960060345));
#10156=CARTESIAN_POINT('Ctrl Pts',(234.742325,-87.4085072293454,-8.29783365764996));
#10157=CARTESIAN_POINT('Ctrl Pts',(234.742325,-87.2830029597887,-6.86331329239766));
#10158=CARTESIAN_POINT('Ctrl Pts',(241.921,-80.9785581734841,-8.86038130708703));
#10159=CARTESIAN_POINT('Ctrl Pts',(241.921,-80.8530539039274,-7.42586094183474));
#10160=CARTESIAN_POINT('',(241.921,-80.9611270249346,-8.66114236746867));
#10161=CARTESIAN_POINT('Ctrl Pts',(210.08924375,-94.040584372711,-7.5168381244674));
#10162=CARTESIAN_POINT('Ctrl Pts',(223.533516666667,-91.9704544327752,-7.69795102623738));
#10163=CARTESIAN_POINT('Ctrl Pts',(234.742325,-87.3910760807959,-8.0985947180316));
#10164=CARTESIAN_POINT('Ctrl Pts',(241.921,-80.9611270249346,-8.66114236746867));
#10165=CARTESIAN_POINT('',(241.921,-80.9785581734841,-8.86038130708703));
#10166=CARTESIAN_POINT('Origin',(241.921,-80.9785581734841,-8.86038130708703));
#10167=CARTESIAN_POINT('',(243.967552083333,-79.1419219262032,-8.82030219023625));
#10168=CARTESIAN_POINT('',(218.032121231613,-102.196242618789,-6.80331048434384));
#10169=CARTESIAN_POINT('',(243.967552083333,-79.1593530747527,-9.01954112985459));
#10170=CARTESIAN_POINT('Origin',(243.967552083333,-79.1593530747527,-9.01954112985459));
#10171=CARTESIAN_POINT('',(244.062008333333,-81.3375142867412,-8.62821274896504));
#10172=CARTESIAN_POINT('',(243.926680744597,-78.1918863373165,-8.90341953420999));
#10173=CARTESIAN_POINT('',(244.062008333333,-81.3549454352907,-8.8274516885834));
#10174=CARTESIAN_POINT('Ctrl Pts',(244.062008333333,-81.3549454352907,-8.8274516885834));
#10175=CARTESIAN_POINT('Ctrl Pts',(244.062008333333,-81.2294411657341,-7.39293132333128));
#10176=CARTESIAN_POINT('Ctrl Pts',(244.124979166667,-82.5468384310113,-8.72317456332189));
#10177=CARTESIAN_POINT('Ctrl Pts',(244.124979166667,-82.4213341614547,-7.28865419806977));
#10178=CARTESIAN_POINT('Ctrl Pts',(243.9990375,-84.3033123194417,-8.56950301030493));
#10179=CARTESIAN_POINT('Ctrl Pts',(243.9990375,-84.1778080498851,-7.13498264505281));
#10180=CARTESIAN_POINT('Ctrl Pts',(243.810125,-85.244280473958,-8.48717896404585));
#10181=CARTESIAN_POINT('Ctrl Pts',(243.810125,-85.1187762044013,-7.05265859879373));
#10182=CARTESIAN_POINT('Ctrl Pts',(244.062008333333,-81.3375142867412,-8.62821274896504));
#10183=CARTESIAN_POINT('Ctrl Pts',(244.124979166667,-82.5294072824618,-8.52393562370353));
#10184=CARTESIAN_POINT('Ctrl Pts',(243.9990375,-84.2858811708922,-8.37026407068656));
#10185=CARTESIAN_POINT('Ctrl Pts',(243.810125,-85.2268493254085,-8.28794002442748));
#10186=CARTESIAN_POINT('Ctrl Pts',(50.6156083333333,-80.7589989374303,-8.87959025121415));
#10187=CARTESIAN_POINT('Ctrl Pts',(50.6156083333333,-80.6334946678737,-7.44506988596204));
#10188=CARTESIAN_POINT('Ctrl Pts',(58.95924375,-88.4749378044639,-8.20453307188966));
#10189=CARTESIAN_POINT('Ctrl Pts',(58.95924375,-88.3494335349073,-6.77001270663755));
#10190=CARTESIAN_POINT('Ctrl Pts',(75.8669125,-94.1521123367121,-7.70784465945985));
#10191=CARTESIAN_POINT('Ctrl Pts',(75.8669125,-94.0266080671555,-6.27332429420774));
#10192=CARTESIAN_POINT('Ctrl Pts',(92.5226979166667,-94.842155650024,-7.64747369220319));
#10193=CARTESIAN_POINT('Ctrl Pts',(92.5226979166667,-94.7166513804673,-6.21295332695108));
#10194=CARTESIAN_POINT('',(50.6156083333333,-80.7415677888808,-8.68035131159579));
#10195=CARTESIAN_POINT('',(92.5226979166667,-94.8247245014745,-7.44823475258483));
#10196=CARTESIAN_POINT('Ctrl Pts',(50.6156083333333,-80.7415677888808,-8.68035131159579));
#10197=CARTESIAN_POINT('Ctrl Pts',(58.95924375,-88.4575066559144,-8.0052941322713));
#10198=CARTESIAN_POINT('Ctrl Pts',(75.8669125,-94.1346811881626,-7.50860571984149));
#10199=CARTESIAN_POINT('Ctrl Pts',(92.5226979166667,-94.8247245014745,-7.44823475258483));
#10200=CARTESIAN_POINT('',(92.5226979166667,-94.842155650024,-7.64747369220319));
#10201=CARTESIAN_POINT('',(50.6156083333333,-80.7589989374303,-8.87959025121415));
#10202=CARTESIAN_POINT('Ctrl Pts',(92.5226979166667,-94.842155650024,-7.64747369220319));
#10203=CARTESIAN_POINT('Ctrl Pts',(92.5226979166667,-94.7166513804673,-6.21295332695107));
#10204=CARTESIAN_POINT('Ctrl Pts',(97.68630625,-95.0617148860779,-7.62826474807607));
#10205=CARTESIAN_POINT('Ctrl Pts',(97.68630625,-94.9362106165212,-6.19374438282395));
#10206=CARTESIAN_POINT('Ctrl Pts',(103.8259625,-94.6539620191208,-7.663938501455));
#10207=CARTESIAN_POINT('Ctrl Pts',(103.8259625,-94.5284577495642,-6.22941813620288));
#10208=CARTESIAN_POINT('Ctrl Pts',(107.50975625,-93.8384562852067,-7.73528600821288));
#10209=CARTESIAN_POINT('Ctrl Pts',(107.50975625,-93.7129520156501,-6.30076564296076));
#10210=CARTESIAN_POINT('',(107.50975625,-93.8210251366572,-7.53604706859452));
#10211=CARTESIAN_POINT('Ctrl Pts',(92.5226979166667,-94.8247245014745,-7.44823475258483));
#10212=CARTESIAN_POINT('Ctrl Pts',(97.68630625,-95.0442837375284,-7.42902580845771));
#10213=CARTESIAN_POINT('Ctrl Pts',(103.8259625,-94.6365308705713,-7.46469956183664));
#10214=CARTESIAN_POINT('Ctrl Pts',(107.50975625,-93.8210251366572,-7.53604706859452));
#10215=CARTESIAN_POINT('',(107.50975625,-93.8384562852067,-7.73528600821288));
#10216=CARTESIAN_POINT('Ctrl Pts',(107.50975625,-93.8384562852067,-7.73528600821288));
#10217=CARTESIAN_POINT('Ctrl Pts',(107.50975625,-93.7129520156501,-6.30076564296075));
#10218=CARTESIAN_POINT('Ctrl Pts',(108.800658333333,-93.5561658388518,-7.7599832220906));
#10219=CARTESIAN_POINT('Ctrl Pts',(108.800658333333,-93.4306615692952,-6.32546285683847));
#10220=CARTESIAN_POINT('Ctrl Pts',(110.186016666667,-93.2738753924969,-7.78468043596833));
#10221=CARTESIAN_POINT('Ctrl Pts',(110.186016666667,-93.1483711229403,-6.3501600707162));
#10222=CARTESIAN_POINT('Ctrl Pts',(110.6268125,-93.1797785770453,-7.79291284059424));
#10223=CARTESIAN_POINT('Ctrl Pts',(110.6268125,-93.0542743074887,-6.35839247534211));
#10224=CARTESIAN_POINT('',(110.6268125,-93.1623474284958,-7.59367390097587));
#10225=CARTESIAN_POINT('Ctrl Pts',(107.50975625,-93.8210251366572,-7.53604706859452));
#10226=CARTESIAN_POINT('Ctrl Pts',(108.800658333333,-93.5387346903023,-7.56074428247224));
#10227=CARTESIAN_POINT('Ctrl Pts',(110.186016666667,-93.2564442439474,-7.58544149634997));
#10228=CARTESIAN_POINT('Ctrl Pts',(110.6268125,-93.1623474284958,-7.59367390097588));
#10229=CARTESIAN_POINT('',(110.6268125,-93.1797785770453,-7.79291284059424));
#10230=CARTESIAN_POINT('Ctrl Pts',(110.6268125,-93.1797785770453,-7.79291284059424));
#10231=CARTESIAN_POINT('Ctrl Pts',(110.6268125,-93.0542743074887,-6.35839247534212));
#10232=CARTESIAN_POINT('Ctrl Pts',(111.823258333333,-92.9602193409915,-7.81212178472136));
#10233=CARTESIAN_POINT('Ctrl Pts',(111.823258333333,-92.8347150714349,-6.37760141946924));
#10234=CARTESIAN_POINT('Ctrl Pts',(106.18736875,-98.2923722165838,-7.34561885591988));
#10235=CARTESIAN_POINT('Ctrl Pts',(106.18736875,-98.1668679470272,-5.91109849066776));
#10236=CARTESIAN_POINT('Ctrl Pts',(103.668535416667,-99.7665556586593,-7.21664451678065));
#10237=CARTESIAN_POINT('Ctrl Pts',(103.668535416667,-99.6410513891027,-5.78212415152853));
#10238=CARTESIAN_POINT('',(103.668535416667,-99.7491245101098,-7.01740557716229));
#10239=CARTESIAN_POINT('Ctrl Pts',(110.6268125,-93.1623474284958,-7.59367390097588));
#10240=CARTESIAN_POINT('Ctrl Pts',(111.823258333333,-92.942788192442,-7.612882845103));
#10241=CARTESIAN_POINT('Ctrl Pts',(106.18736875,-98.2749410680343,-7.14637991630152));
#10242=CARTESIAN_POINT('Ctrl Pts',(103.668535416667,-99.7491245101098,-7.01740557716229));
#10243=CARTESIAN_POINT('',(103.668535416667,-99.7665556586593,-7.21664451678065));
#10244=CARTESIAN_POINT('Ctrl Pts',(103.668535416667,-99.7665556586593,-7.21664451678065));
#10245=CARTESIAN_POINT('Ctrl Pts',(103.668535416667,-99.6410513891027,-5.78212415152853));
#10246=CARTESIAN_POINT('Ctrl Pts',(101.055245833333,-101.272104705885,-7.08492604276611));
#10247=CARTESIAN_POINT('Ctrl Pts',(101.055245833333,-101.146600436328,-5.65040567751399));
#10248=CARTESIAN_POINT('Ctrl Pts',(97.3714520833333,-102.68355693766,-6.96143997337748));
#10249=CARTESIAN_POINT('Ctrl Pts',(97.3714520833333,-102.558052668103,-5.52691960812536));
#10250=CARTESIAN_POINT('Ctrl Pts',(93.8136,-103.530428276724,-6.88734833174431));
#10251=CARTESIAN_POINT('Ctrl Pts',(93.8136,-103.404924007167,-5.45282796649219));
#10252=CARTESIAN_POINT('',(93.8136,-103.512997128175,-6.68810939212595));
#10253=CARTESIAN_POINT('Ctrl Pts',(103.668535416667,-99.7491245101098,-7.01740557716228));
#10254=CARTESIAN_POINT('Ctrl Pts',(101.055245833333,-101.254673557335,-6.88568710314774));
#10255=CARTESIAN_POINT('Ctrl Pts',(97.3714520833333,-102.66612578911,-6.76220103375911));
#10256=CARTESIAN_POINT('Ctrl Pts',(93.8136,-103.512997128174,-6.68810939212594));
#10257=CARTESIAN_POINT('',(93.8136,-103.530428276724,-6.88734833174431));
#10258=CARTESIAN_POINT('Ctrl Pts',(93.8136,-103.530428276724,-6.88734833174431));
#10259=CARTESIAN_POINT('Ctrl Pts',(93.8136,-103.404924007168,-5.4528279664921));
#10260=CARTESIAN_POINT('Ctrl Pts',(91.4207083333333,-104.095009169434,-6.83795390398886));
#10261=CARTESIAN_POINT('Ctrl Pts',(91.4207083333333,-103.969504899878,-5.40343353873665));
#10262=CARTESIAN_POINT('Ctrl Pts',(90.0038645833334,-104.189105984886,-6.82972149936295));
#10263=CARTESIAN_POINT('Ctrl Pts',(90.0038645833334,-104.06360171533,-5.39520113411074));
#10264=CARTESIAN_POINT('Ctrl Pts',(85.123625,-104.189105984886,-6.82972149936295));
#10265=CARTESIAN_POINT('Ctrl Pts',(85.123625,-104.06360171533,-5.39520113411074));
#10266=CARTESIAN_POINT('',(85.123625,-104.171674836337,-6.63048255974459));
#10267=CARTESIAN_POINT('Ctrl Pts',(93.8136,-103.512997128175,-6.68810939212598));
#10268=CARTESIAN_POINT('Ctrl Pts',(91.4207083333333,-104.077578020885,-6.63871496437053));
#10269=CARTESIAN_POINT('Ctrl Pts',(90.0038645833334,-104.171674836337,-6.63048255974462));
#10270=CARTESIAN_POINT('Ctrl Pts',(85.123625,-104.171674836337,-6.63048255974462));
#10271=CARTESIAN_POINT('',(85.123625,-104.189105984886,-6.82972149936295));
#10272=CARTESIAN_POINT('Ctrl Pts',(85.123625,-104.189105984886,-6.82972149936295));
#10273=CARTESIAN_POINT('Ctrl Pts',(85.123625,-104.06360171533,-5.3952011341108));
#10274=CARTESIAN_POINT('Ctrl Pts',(76.6225625,-104.157740379735,-6.83246563423825));
#10275=CARTESIAN_POINT('Ctrl Pts',(76.6225625,-104.032236110179,-5.3979452689861));
#10276=CARTESIAN_POINT('Ctrl Pts',(71.7108375,-103.028578594316,-6.93125448974915));
#10277=CARTESIAN_POINT('Ctrl Pts',(71.7108375,-102.90307432476,-5.496734124497));
#10278=CARTESIAN_POINT('Ctrl Pts',(63.8079979166667,-99.2019747659496,-7.2660389445361));
#10279=CARTESIAN_POINT('Ctrl Pts',(63.8079979166667,-99.0764704963932,-5.83151857928395));
#10280=CARTESIAN_POINT('',(63.8079979166667,-99.1845436174001,-7.06680000491773));
#10281=CARTESIAN_POINT('Ctrl Pts',(85.123625,-104.171674836337,-6.63048255974457));
#10282=CARTESIAN_POINT('Ctrl Pts',(76.6225625,-104.140309231186,-6.63322669461987));
#10283=CARTESIAN_POINT('Ctrl Pts',(71.7108375,-103.011147445767,-6.73201555013077));
#10284=CARTESIAN_POINT('Ctrl Pts',(63.8079979166667,-99.1845436174001,-7.06680000491772));
#10285=CARTESIAN_POINT('',(63.8079979166667,-99.2019747659496,-7.2660389445361));
#10286=CARTESIAN_POINT('Ctrl Pts',(63.8079979166667,-99.2019747659496,-7.2660389445361));
#10287=CARTESIAN_POINT('Ctrl Pts',(63.8079979166667,-99.076470496393,-5.8315185792839));
#10288=CARTESIAN_POINT('Ctrl Pts',(58.77033125,-96.7868231693577,-7.47733732993441));
#10289=CARTESIAN_POINT('Ctrl Pts',(58.77033125,-96.6613188998011,-6.04281696468221));
#10290=CARTESIAN_POINT('Ctrl Pts',(56.69229375,-95.4381021478844,-7.59533512957243));
#10291=CARTESIAN_POINT('Ctrl Pts',(56.69229375,-95.3125978783278,-6.16081476432023));
#10292=CARTESIAN_POINT('Ctrl Pts',(53.8900916666667,-92.8033913152388,-7.82584245909787));
#10293=CARTESIAN_POINT('Ctrl Pts',(53.8900916666667,-92.6778870456822,-6.39132209384567));
#10294=CARTESIAN_POINT('',(53.8900916666667,-92.7859601666893,-7.62660351947951));
#10295=CARTESIAN_POINT('Ctrl Pts',(63.8079979166667,-99.1845436174001,-7.06680000491773));
#10296=CARTESIAN_POINT('Ctrl Pts',(58.77033125,-96.7693920208082,-7.27809839031604));
#10297=CARTESIAN_POINT('Ctrl Pts',(56.69229375,-95.4206709993349,-7.39609618995406));
#10298=CARTESIAN_POINT('Ctrl Pts',(53.8900916666667,-92.7859601666893,-7.6266035194795));
#10299=CARTESIAN_POINT('',(53.8900916666667,-92.8033913152388,-7.82584245909787));
#10300=CARTESIAN_POINT('Ctrl Pts',(53.8900916666667,-92.8033913152388,-7.82584245909787));
#10301=CARTESIAN_POINT('Ctrl Pts',(53.8900916666667,-92.6778870456821,-6.3913220938456));
#10302=CARTESIAN_POINT('Ctrl Pts',(50.2062979166667,-89.3845403538296,-8.12495316050588));
#10303=CARTESIAN_POINT('Ctrl Pts',(50.2062979166667,-89.2590360842729,-6.69043279525361));
#10304=CARTESIAN_POINT('Ctrl Pts',(47.9708333333333,-85.1188180533558,-8.49815550354706));
#10305=CARTESIAN_POINT('Ctrl Pts',(47.9708333333333,-84.9933137837991,-7.06363513829479));
#10306=CARTESIAN_POINT('Ctrl Pts',(47.9708333333333,-81.6686014867961,-8.80001033983037));
#10307=CARTESIAN_POINT('Ctrl Pts',(47.9708333333333,-81.5430972172394,-7.3654899745781));
#10308=CARTESIAN_POINT('',(47.9708333333333,-81.6511703382466,-8.60077140021201));
#10309=CARTESIAN_POINT('Ctrl Pts',(53.8900916666667,-92.7859601666893,-7.62660351947951));
#10310=CARTESIAN_POINT('Ctrl Pts',(50.2062979166667,-89.3671092052801,-7.92571422088752));
#10311=CARTESIAN_POINT('Ctrl Pts',(47.9708333333333,-85.1013869048063,-8.2989165639287));
#10312=CARTESIAN_POINT('Ctrl Pts',(47.9708333333333,-81.6511703382466,-8.60077140021201));
#10313=CARTESIAN_POINT('',(47.9708333333333,-81.6686014867961,-8.80001033983037));
#10314=CARTESIAN_POINT('Ctrl Pts',(47.9708333333333,-81.6686014867961,-8.80001033983037));
#10315=CARTESIAN_POINT('Ctrl Pts',(47.9708333333333,-81.5430972172395,-7.36548997457822));
#10316=CARTESIAN_POINT('Ctrl Pts',(47.9708333333333,-80.3198804653228,-8.91800813946839));
#10317=CARTESIAN_POINT('Ctrl Pts',(47.9708333333333,-80.1943761957662,-7.48348777421624));
#10318=CARTESIAN_POINT('Ctrl Pts',(48.2542020833333,-78.9711594438494,-9.03600593910641));
#10319=CARTESIAN_POINT('Ctrl Pts',(48.2542020833333,-78.8456551742928,-7.60148557385426));
#10320=CARTESIAN_POINT('Ctrl Pts',(48.5060854166667,-78.9711594438494,-9.03600593910641));
#10321=CARTESIAN_POINT('Ctrl Pts',(48.5060854166667,-78.8456551742928,-7.60148557385426));
#10322=CARTESIAN_POINT('',(48.5060854166667,-78.9537282952999,-8.83676699948805));
#10323=CARTESIAN_POINT('Ctrl Pts',(47.9708333333333,-81.6511703382466,-8.60077140021201));
#10324=CARTESIAN_POINT('Ctrl Pts',(47.9708333333333,-80.3024493167733,-8.71876919985003));
#10325=CARTESIAN_POINT('Ctrl Pts',(48.2542020833333,-78.9537282952999,-8.83676699948805));
#10326=CARTESIAN_POINT('Ctrl Pts',(48.5060854166667,-78.9537282952999,-8.83676699948805));
#10327=CARTESIAN_POINT('',(48.5060854166667,-78.9711594438494,-9.03600593910641));
#10328=CARTESIAN_POINT('Ctrl Pts',(48.5060854166667,-78.9711594438494,-9.03600593910641));
#10329=CARTESIAN_POINT('Ctrl Pts',(48.5060854166667,-78.8456551742928,-7.6014855738543));
#10330=CARTESIAN_POINT('Ctrl Pts',(48.6005416666667,-78.9711594438494,-9.03600593910641));
#10331=CARTESIAN_POINT('Ctrl Pts',(48.6005416666667,-78.8456551742928,-7.6014855738543));
#10332=CARTESIAN_POINT('Ctrl Pts',(49.5451041666667,-79.7866651777636,-8.96465843234854));
#10333=CARTESIAN_POINT('Ctrl Pts',(49.5451041666667,-79.661160908207,-7.53013806709643));
#10334=CARTESIAN_POINT('Ctrl Pts',(50.6156083333333,-80.7589989374303,-8.87959025121415));
#10335=CARTESIAN_POINT('Ctrl Pts',(50.6156083333333,-80.6334946678737,-7.44506988596204));
#10336=CARTESIAN_POINT('Ctrl Pts',(48.5060854166667,-78.9537282952999,-8.83676699948805));
#10337=CARTESIAN_POINT('Ctrl Pts',(48.6005416666667,-78.9537282952999,-8.83676699948805));
#10338=CARTESIAN_POINT('Ctrl Pts',(49.5451041666667,-79.7692340292141,-8.76541949273018));
#10339=CARTESIAN_POINT('Ctrl Pts',(50.6156083333333,-80.7415677888808,-8.68035131159579));
#10340=CARTESIAN_POINT('Origin',(22.35,-121.958367046195,-6.27893243480911));
#10341=CARTESIAN_POINT('',(18.35,-121.827633432074,-4.78464038767163));
#10342=CARTESIAN_POINT('Origin',(22.35,-121.827633432074,-4.78464038767163));
#10343=CARTESIAN_POINT('',(18.35,-121.958367046195,-6.27893243480911));
#10344=CARTESIAN_POINT('Origin',(272.925,-42.2627911988555,-13.2513918546217));
#10345=CARTESIAN_POINT('',(268.925,-42.132057584734,-11.7570998074842));
#10346=CARTESIAN_POINT('Origin',(272.925,-42.132057584734,-11.7570998074842));
#10347=CARTESIAN_POINT('',(268.925,-42.2627911988555,-13.2513918546217));
#10348=CARTESIAN_POINT('Origin',(13.85,-36.6625,0.));
#10349=CARTESIAN_POINT('',(13.85,-36.6625,0.));
#10350=CARTESIAN_POINT('',(13.850000626157,-124.114981167979,-1.71356516111121E-6));
#10351=CARTESIAN_POINT('',(13.85,-36.6625,0.));
#10352=CARTESIAN_POINT('',(13.85,-124.115652518318,0.));
#10353=CARTESIAN_POINT('',(13.85,-36.6625,0.));
#10354=CARTESIAN_POINT('Ctrl Pts',(13.85,-124.115652518318,0.));
#10355=CARTESIAN_POINT('Ctrl Pts',(13.85,-124.115652518318,0.24));
#10356=CARTESIAN_POINT('Ctrl Pts',(13.85,-124.116302500598,9.2516005006843E-19));
#10357=CARTESIAN_POINT('Ctrl Pts',(13.85,-124.116302500598,0.24));
#10358=CARTESIAN_POINT('Ctrl Pts',(13.8500000143616,-124.11695248321,-1.33226762944932E-14));
#10359=CARTESIAN_POINT('Ctrl Pts',(13.8500000143616,-124.11695248321,0.239999999999987));
#10360=CARTESIAN_POINT('Ctrl Pts',(13.8500180521697,-124.525133872451,-1.33226769279533E-14));
#10361=CARTESIAN_POINT('Ctrl Pts',(13.8500180521697,-124.525133872451,0.239999999999987));
#10362=CARTESIAN_POINT('Ctrl Pts',(13.8556817975806,-124.932577661413,0.));
#10363=CARTESIAN_POINT('Ctrl Pts',(13.8556817975806,-124.932577661413,0.24));
#10364=CARTESIAN_POINT('Ctrl Pts',(13.8669834708781,-125.339816926975,0.));
#10365=CARTESIAN_POINT('Ctrl Pts',(13.8669834708781,-125.339816926975,0.24));
#10366=CARTESIAN_POINT('',(13.866983307546,-125.339816931507,4.40734745912856E-7));
#10367=CARTESIAN_POINT('Origin',(57.9821529395424,-124.11558584795,0.00965071822967982));
#10368=CARTESIAN_POINT('',(13.8669834708781,-125.339816926975,0.));
#10369=CARTESIAN_POINT('Ctrl Pts',(13.8669834708781,-125.339816926975,7.5045487181495E-16));
#10370=CARTESIAN_POINT('Ctrl Pts',(13.8669834708781,-125.339816926975,0.240000000000003));
#10371=CARTESIAN_POINT('Ctrl Pts',(13.8769657420637,-125.699513467409,7.50646776659764E-16));
#10372=CARTESIAN_POINT('Ctrl Pts',(13.8769657420637,-125.699513467409,0.240000000000003));
#10373=CARTESIAN_POINT('Ctrl Pts',(13.9564372890225,-126.052602160901,2.63677968348475E-15));
#10374=CARTESIAN_POINT('Ctrl Pts',(13.9564372890225,-126.052602160901,0.240000000000005));
#10375=CARTESIAN_POINT('Ctrl Pts',(14.2452220671973,-126.71908347644,2.63677968348475E-15));
#10376=CARTESIAN_POINT('Ctrl Pts',(14.2452220671973,-126.71908347644,0.240000000000005));
#10377=CARTESIAN_POINT('Ctrl Pts',(14.453419412131,-127.023978333106,-1.05577056585211E-14));
#10378=CARTESIAN_POINT('Ctrl Pts',(14.453419412131,-127.023978333106,0.239999999999992));
#10379=CARTESIAN_POINT('Ctrl Pts',(15.01271050665,-127.593213599818,-1.05346653528927E-14));
#10380=CARTESIAN_POINT('Ctrl Pts',(15.01271050665,-127.593213599818,0.239999999999992));
#10381=CARTESIAN_POINT('Ctrl Pts',(15.3763368784404,-127.834843647226,-1.1334721182255E-14));
#10382=CARTESIAN_POINT('Ctrl Pts',(15.3763368784404,-127.834843647226,0.239999999999991));
#10383=CARTESIAN_POINT('Ctrl Pts',(16.1924866006224,-128.174351722044,-1.12849377185952E-14));
#10384=CARTESIAN_POINT('Ctrl Pts',(16.1924866006224,-128.174351722044,0.239999999999991));
#10385=CARTESIAN_POINT('Ctrl Pts',(16.642191269449,-128.2625,1.68109186073274E-15));
#10386=CARTESIAN_POINT('Ctrl Pts',(16.642191269449,-128.2625,0.240000000000004));
#10387=CARTESIAN_POINT('Ctrl Pts',(17.0945103066407,-128.2625,1.680138192741E-15));
#10388=CARTESIAN_POINT('Ctrl Pts',(17.0945103066407,-128.2625,0.240000000000004));
#10389=CARTESIAN_POINT('',(17.0945103041953,-128.262500000383,0.00104113643842752));
#10390=CARTESIAN_POINT('Ctrl Pts',(17.0945103041953,-128.262500000383,0.00104113643842752));
#10391=CARTESIAN_POINT('Ctrl Pts',(17.0904824728923,-128.26250000038,0.00135767238211217));
#10392=CARTESIAN_POINT('Ctrl Pts',(17.0863922305601,-128.26249286554,0.00167673278252715));
#10393=CARTESIAN_POINT('Ctrl Pts',(16.6790696157634,-128.261071771432,0.0332922589865326));
#10394=CARTESIAN_POINT('Ctrl Pts',(16.2775286603613,-128.18973676973,0.0431811338219555));
#10395=CARTESIAN_POINT('Ctrl Pts',(15.5245690745283,-127.910604973097,0.0343615814213739));
#10396=CARTESIAN_POINT('Ctrl Pts',(15.1787176749485,-127.707379110523,0.0169651003593099));
#10397=CARTESIAN_POINT('Ctrl Pts',(14.5553033509623,-127.161220652198,-0.00515967842180876));
#10398=CARTESIAN_POINT('Ctrl Pts',(14.319029316585,-126.836985947294,0.000768408639312461));
#10399=CARTESIAN_POINT('Ctrl Pts',(14.0682393522094,-126.326708476095,0.00369212923331594));
#10400=CARTESIAN_POINT('Ctrl Pts',(13.9981462897763,-126.135908649625,0.0036582016742842));
#10401=CARTESIAN_POINT('Ctrl Pts',(13.900163119142,-125.742655843875,0.00179608134626072));
#10402=CARTESIAN_POINT('Ctrl Pts',(13.872593304272,-125.541959067445,-4.7842375186226E-14));
#10403=CARTESIAN_POINT('Ctrl Pts',(13.8669834708781,-125.339816926975,-1.69975795591415E-15));
#10404=CARTESIAN_POINT('',(17.0945103066385,-128.2625,2.67022515210158E-12));
#10405=CARTESIAN_POINT('Ctrl Pts',(278.241402076853,-128.2625,1.27936944595515E-15));
#10406=CARTESIAN_POINT('Ctrl Pts',(278.241402076853,-128.2625,0.240000000000001));
#10407=CARTESIAN_POINT('Ctrl Pts',(278.476208209922,-128.2625,1.27989056794127E-15));
#10408=CARTESIAN_POINT('Ctrl Pts',(278.476208209922,-128.2625,0.240000000000001));
#10409=CARTESIAN_POINT('Ctrl Pts',(278.710616087975,-128.238205329034,-2.31563972730216E-13));
#10410=CARTESIAN_POINT('Ctrl Pts',(278.710616087975,-128.238205329034,0.239999999999768));
#10411=CARTESIAN_POINT('Ctrl Pts',(279.169037352045,-128.141487828472,-2.31537866450048E-13));
#10412=CARTESIAN_POINT('Ctrl Pts',(279.169037352045,-128.141487828472,0.239999999999768));
#10413=CARTESIAN_POINT('Ctrl Pts',(279.392229758666,-128.069467044575,-1.18618309619123E-11));
#10414=CARTESIAN_POINT('Ctrl Pts',(279.392229758666,-128.069467044575,0.239999999988138));
#10415=CARTESIAN_POINT('Ctrl Pts',(279.974131768616,-127.810182475542,-1.18618309619123E-11));
#10416=CARTESIAN_POINT('Ctrl Pts',(279.974131768616,-127.810182475542,0.239999999988138));
#10417=CARTESIAN_POINT('Ctrl Pts',(280.309257702448,-127.579124016634,-1.22291066162461E-12));
#10418=CARTESIAN_POINT('Ctrl Pts',(280.309257702448,-127.579124016634,0.239999999998777));
#10419=CARTESIAN_POINT('Ctrl Pts',(280.855740089847,-127.016549263004,-1.22291066162461E-12));
#10420=CARTESIAN_POINT('Ctrl Pts',(280.855740089847,-127.016549263004,0.239999999998777));
#10421=CARTESIAN_POINT('Ctrl Pts',(281.067691959566,-126.696240159509,-2.76999950911583E-15));
#10422=CARTESIAN_POINT('Ctrl Pts',(281.067691959566,-126.696240159509,0.239999999999997));
#10423=CARTESIAN_POINT('Ctrl Pts',(281.352237932675,-125.999972589765,-2.78097185359133E-15));
#10424=CARTESIAN_POINT('Ctrl Pts',(281.352237932675,-125.999972589765,0.239999999999997));
#10425=CARTESIAN_POINT('Ctrl Pts',(281.425,-125.633543578134,-5.73540526520171E-17));
#10426=CARTESIAN_POINT('Ctrl Pts',(281.425,-125.633543578134,0.24));
#10427=CARTESIAN_POINT('Ctrl Pts',(281.425,-125.2625,-5.7538983998641E-17));
#10428=CARTESIAN_POINT('Ctrl Pts',(281.425,-125.2625,0.24));
#10429=CARTESIAN_POINT('',(281.425,-125.2625,4.89407658968747E-16));
#10430=CARTESIAN_POINT('',(278.24140207635,-128.2625,2.83971943844971E-5));
#10431=CARTESIAN_POINT('Ctrl Pts',(281.425,-125.2625,6.93889390390723E-17));
#10432=CARTESIAN_POINT('Ctrl Pts',(281.425,-125.469488819513,8.00564733270363E-17));
#10433=CARTESIAN_POINT('Ctrl Pts',(281.402362937163,-125.675708027172,0.00224521078262167));
#10434=CARTESIAN_POINT('Ctrl Pts',(281.312532404312,-126.080873346381,0.0045925133101156));
#10435=CARTESIAN_POINT('Ctrl Pts',(281.245621382432,-126.27799477637,0.00465137089346697));
#10436=CARTESIAN_POINT('Ctrl Pts',(281.009180844815,-126.78804460368,0.00127079687741202));
#10437=CARTESIAN_POINT('Ctrl Pts',(280.785060392436,-127.118039376266,-0.00577482119408977));
#10438=CARTESIAN_POINT('Ctrl Pts',(280.167028145665,-127.685093160771,0.0196182665801993));
#10439=CARTESIAN_POINT('Ctrl Pts',(279.820966903136,-127.896801059858,0.0397830636725593));
#10440=CARTESIAN_POINT('Ctrl Pts',(278.959529393391,-128.226973823536,0.0504631928170054));
#10441=CARTESIAN_POINT('Ctrl Pts',(278.534311565667,-128.261051928512,0.0264382383377939));
#10442=CARTESIAN_POINT('Ctrl Pts',(278.255907473655,-128.262470274754,0.0021784571182408));
#10443=CARTESIAN_POINT('Ctrl Pts',(278.253061772542,-128.262481052308,0.00192908423976049));
#10444=CARTESIAN_POINT('Ctrl Pts',(278.249139071852,-128.262491450088,0.00157911077178458));
#10445=CARTESIAN_POINT('Ctrl Pts',(278.247512678874,-128.262494763527,0.00143293750549673));
#10446=CARTESIAN_POINT('Ctrl Pts',(278.243106577074,-128.262500990654,0.00101782669371953));
#10447=CARTESIAN_POINT('Ctrl Pts',(278.24231031648,-128.262499901547,0.000902544550986227));
#10448=CARTESIAN_POINT('Ctrl Pts',(278.241814399138,-128.262499976578,0.000644839119415672));
#10449=CARTESIAN_POINT('Ctrl Pts',(278.241731515047,-128.262499984802,0.000581444781849748));
#10450=CARTESIAN_POINT('Ctrl Pts',(278.241610955212,-128.26249999395,0.000446086500132281));
#10451=CARTESIAN_POINT('Ctrl Pts',(278.241569386316,-128.262499996083,0.000385002260223677));
#10452=CARTESIAN_POINT('Ctrl Pts',(278.241492371838,-128.262499999045,0.000248578071434399));
#10453=CARTESIAN_POINT('Ctrl Pts',(278.241449322705,-128.2625,0.000157127183485618));
#10454=CARTESIAN_POINT('Ctrl Pts',(278.241402076299,-128.2625,2.83972132470073E-5));
#10455=CARTESIAN_POINT('',(281.425,-125.2625,4.89407658968747E-16));
#10456=CARTESIAN_POINT('',(278.24140207635,-128.2625,-6.85731185376404E-10));
#10457=CARTESIAN_POINT('Origin',(281.425,-125.2625,0.));
#10458=CARTESIAN_POINT('',(281.425,-36.6625,0.));
#10459=CARTESIAN_POINT('',(281.425,-125.2625,0.));
#10460=CARTESIAN_POINT('',(281.425,-36.6625,0.));
#10461=CARTESIAN_POINT('Origin',(278.425,-36.6625,0.));
#10462=CARTESIAN_POINT('',(279.466536365259,-33.8491033345086,-12.8439384378755));
#10463=CARTESIAN_POINT('Ctrl Pts',(279.466536343541,-33.8491031127685,-12.8439382115703));
#10464=CARTESIAN_POINT('Ctrl Pts',(280.195444825265,-34.1189493894445,-10.3543228530298));
#10465=CARTESIAN_POINT('Ctrl Pts',(280.781407029005,-34.6546485449105,-7.58383948432624));
#10466=CARTESIAN_POINT('Ctrl Pts',(281.340877852239,-35.7946000987555,-2.63770466011379));
#10467=CARTESIAN_POINT('Ctrl Pts',(281.396853581154,-36.1963602507125,-1.04135335236813));
#10468=CARTESIAN_POINT('Ctrl Pts',(281.416923582477,-36.4412236198123,-0.339462622370034));
#10469=CARTESIAN_POINT('Ctrl Pts',(281.41896270932,-36.4699174066558,-0.262367536327866));
#10470=CARTESIAN_POINT('Ctrl Pts',(281.421403034442,-36.5148717776156,-0.162412326011271));
#10471=CARTESIAN_POINT('Ctrl Pts',(281.42224427531,-36.5325341160258,-0.126425093578029));
#10472=CARTESIAN_POINT('Ctrl Pts',(281.423350475165,-36.562440542272,-0.0771759139974244));
#10473=CARTESIAN_POINT('Ctrl Pts',(281.423756409325,-36.5750350241253,-0.058645893247777));
#10474=CARTESIAN_POINT('Ctrl Pts',(281.424312114209,-36.5976544436777,-0.0327751307649436));
#10475=CARTESIAN_POINT('Ctrl Pts',(281.424520592234,-36.6077425003981,-0.0229247118351519));
#10476=CARTESIAN_POINT('Ctrl Pts',(281.424816694469,-36.6280650514733,-0.00881780589685026));
#10477=CARTESIAN_POINT('Ctrl Pts',(281.42492269208,-36.6382901279641,-0.00371866939284288));
#10478=CARTESIAN_POINT('Ctrl Pts',(281.424981728691,-36.6517562620134,-0.000878965083641432));
#10479=CARTESIAN_POINT('Ctrl Pts',(281.424989479062,-36.6541855062913,-0.000506066609129603));
#10480=CARTESIAN_POINT('Ctrl Pts',(281.424996334818,-36.6576929203704,-0.000176273324288915));
#10481=CARTESIAN_POINT('Ctrl Pts',(281.424997845678,-36.6587515803541,-0.000103602719539916));
#10482=CARTESIAN_POINT('Ctrl Pts',(281.424999601244,-36.6607109960394,-1.91717846213254E-5));
#10483=CARTESIAN_POINT('Ctrl Pts',(281.425,-36.6616002795211,5.33793605945804E-12));
#10484=CARTESIAN_POINT('Ctrl Pts',(281.425,-36.6625,5.33760338603485E-12));
#10485=CARTESIAN_POINT('',(278.425,-33.6625,-12.4543457494654));
#10486=CARTESIAN_POINT('Ctrl Pts',(278.425,-33.6625,-12.4543457494654));
#10487=CARTESIAN_POINT('Ctrl Pts',(278.697102803296,-33.6625,-12.5654312537414));
#10488=CARTESIAN_POINT('Ctrl Pts',(278.991824618944,-33.7015320787792,-12.6867728798984));
#10489=CARTESIAN_POINT('Ctrl Pts',(279.340882400654,-33.8049549663089,-12.805029751031));
#10490=CARTESIAN_POINT('Ctrl Pts',(279.404068267314,-33.8259770548696,-12.8253352379859));
#10491=CARTESIAN_POINT('Ctrl Pts',(279.466536450615,-33.8491031524079,-12.8439383776289));
#10492=CARTESIAN_POINT('',(278.425,-33.6625,0.));
#10493=CARTESIAN_POINT('Origin',(16.85,-33.6625,0.));
#10494=CARTESIAN_POINT('',(16.85,-33.6625,-12.4543457494654));
#10495=CARTESIAN_POINT('',(82.24375,-33.6625,-12.4543457494654));
#10496=CARTESIAN_POINT('',(16.85,-33.6625,0.));
#10497=CARTESIAN_POINT('Origin',(16.85,-36.6625,0.));
#10498=CARTESIAN_POINT('',(15.94372330732,-33.8026638934538,-12.8015027405022));
#10499=CARTESIAN_POINT('Ctrl Pts',(13.85,-36.6625,1.36308208201335E-13));
#10500=CARTESIAN_POINT('Ctrl Pts',(13.85,-36.658075825412,1.36136816354729E-13));
#10501=CARTESIAN_POINT('Ctrl Pts',(13.8500097543678,-36.6536830361465,-0.000303547110946217));
#10502=CARTESIAN_POINT('Ctrl Pts',(13.8500533776096,-36.643768875683,-0.00166153437976485));
#10503=CARTESIAN_POINT('Ctrl Pts',(13.8500925802723,-36.6383345032119,-0.00288211593146918));
#10504=CARTESIAN_POINT('Ctrl Pts',(13.8502844461041,-36.618826052352,-0.00884990130317797));
#10505=CARTESIAN_POINT('Ctrl Pts',(13.8505147080138,-36.6056319253768,-0.0160030507961163));
#10506=CARTESIAN_POINT('Ctrl Pts',(13.8513458991283,-36.5694753273674,-0.0416156242013551));
#10507=CARTESIAN_POINT('Ctrl Pts',(13.8521498872849,-36.547103416887,-0.0661425559421422));
#10508=CARTESIAN_POINT('Ctrl Pts',(13.8547223377189,-36.4903789508107,-0.142471751080875));
#10509=CARTESIAN_POINT('Ctrl Pts',(13.8569331463018,-36.4562503793841,-0.205825806193464));
#10510=CARTESIAN_POINT('Ctrl Pts',(13.8802147157711,-36.1631958234114,-0.832585679602044));
#10511=CARTESIAN_POINT('Ctrl Pts',(13.946812253475,-35.7692296591698,-2.35896105215399));
#10512=CARTESIAN_POINT('Ctrl Pts',(14.5047847865304,-34.6310372718771,-7.1908900341003));
#10513=CARTESIAN_POINT('Ctrl Pts',(15.1337514374728,-34.059342458246,-10.1403272197706));
#10514=CARTESIAN_POINT('Ctrl Pts',(15.94372330732,-33.8026638934538,-12.8015027405022));
#10515=CARTESIAN_POINT('Ctrl Pts',(16.85,-33.6625,-12.4543457494654));
#10516=CARTESIAN_POINT('Ctrl Pts',(16.5778971967041,-33.6625,-12.5654312537414));
#10517=CARTESIAN_POINT('Ctrl Pts',(16.2831753810565,-33.7015320787793,-12.6867728798985));
#10518=CARTESIAN_POINT('Ctrl Pts',(15.9796921512711,-33.7914516095442,-12.7895896027338));
#10519=CARTESIAN_POINT('Ctrl Pts',(15.9616874107663,-33.7969711028002,-12.7956020336834));
#10520=CARTESIAN_POINT('Ctrl Pts',(15.94372330732,-33.8026638934539,-12.8015027405022));
#10521=CARTESIAN_POINT('Origin',(272.925,-121.958367046195,-6.27893243480911));
#10522=CARTESIAN_POINT('',(268.925,-121.827633432074,-4.78464038767163));
#10523=CARTESIAN_POINT('Origin',(272.925,-121.827633432074,-4.78464038767163));
#10524=CARTESIAN_POINT('',(268.925,-121.958367046195,-6.27893243480911));
#10525=CARTESIAN_POINT('Origin',(22.35,-42.2627911988554,-13.2513918546217));
#10526=CARTESIAN_POINT('',(18.35,-42.1320575847339,-11.7570998074842));
#10527=CARTESIAN_POINT('Origin',(22.35,-42.1320575847339,-11.7570998074842));
#10528=CARTESIAN_POINT('',(18.35,-42.2627911988554,-13.2513918546217));
#10529=CARTESIAN_POINT('Origin',(156.126619791667,-80.9886467228243,-8.65873470587967));
#10530=CARTESIAN_POINT('',(257.348854166667,-101.051842644029,-6.90343250867469));
#10531=CARTESIAN_POINT('',(258.198960416667,-105.206739806305,-6.53992610885959));
#10532=CARTESIAN_POINT('Ctrl Pts',(257.348854166667,-101.051842644029,-6.90343250867473));
#10533=CARTESIAN_POINT('Ctrl Pts',(257.348854166667,-101.129908150181,-6.89660266187399));
#10534=CARTESIAN_POINT('Ctrl Pts',(257.348854166667,-101.207973656334,-6.88977281507325));
#10535=CARTESIAN_POINT('Ctrl Pts',(257.348854166667,-101.286039162487,-6.88294296827252));
#10536=CARTESIAN_POINT('Ctrl Pts',(257.348854166667,-101.380135977939,-6.87471056364661));
#10537=CARTESIAN_POINT('Ctrl Pts',(257.726679166667,-103.16797547152,-6.71829487575434));
#10538=CARTESIAN_POINT('Ctrl Pts',(258.198960416667,-105.206739806305,-6.53992610885966));
#10539=CARTESIAN_POINT('',(254.452195833333,-104.548062098143,-6.59755294124096));
#10540=CARTESIAN_POINT('Ctrl Pts',(254.452195833333,-104.548062098143,-6.59755294124098));
#10541=CARTESIAN_POINT('Ctrl Pts',(255.081904166667,-103.826653179681,-6.66066804337295));
#10542=CARTESIAN_POINT('Ctrl Pts',(255.99498125,-102.760222604562,-6.75396862913324));
#10543=CARTESIAN_POINT('Ctrl Pts',(256.4672625,-102.164276106702,-6.806107191764));
#10544=CARTESIAN_POINT('Ctrl Pts',(256.761126388889,-101.793464952477,-6.8385489640676));
#10545=CARTESIAN_POINT('Ctrl Pts',(257.054990277778,-101.422653798253,-6.8709907363712));
#10546=CARTESIAN_POINT('Ctrl Pts',(257.348854166667,-101.051842644029,-6.9034325086748));
#10547=CARTESIAN_POINT('',(253.287235416667,-105.802686304165,-6.48778754622886));
#10548=CARTESIAN_POINT('',(237.095281640605,-123.240890091687,-4.96214240256577));
#10549=CARTESIAN_POINT('',(253.72803125,-108.311934716208,-6.26825675620462));
#10550=CARTESIAN_POINT('',(249.949312770447,-86.8014243452828,-8.15018256031738));
#10551=CARTESIAN_POINT('',(251.996333333333,-120.826811171275,-5.17334694095879));
#10552=CARTESIAN_POINT('Ctrl Pts',(251.996333333333,-120.826811171275,-5.17334694095879));
#10553=CARTESIAN_POINT('Ctrl Pts',(254.231797916667,-116.310164029597,-5.5685023630024));
#10554=CARTESIAN_POINT('Ctrl Pts',(254.641108333333,-113.330431540295,-5.82919517615617));
#10555=CARTESIAN_POINT('Ctrl Pts',(253.72803125,-108.311934716208,-6.26825675620462));
#10556=CARTESIAN_POINT('',(249.676037137682,-124.800062628549,-4.82573248110942));
#10557=CARTESIAN_POINT('Ctrl Pts',(249.676037137682,-124.80006262855,-4.82573248110937));
#10558=CARTESIAN_POINT('Ctrl Pts',(250.516739562366,-123.580171667336,-4.93245911095328));
#10559=CARTESIAN_POINT('Ctrl Pts',(251.282699174927,-122.262725896583,-5.04772068070433));
#10560=CARTESIAN_POINT('Ctrl Pts',(251.996333333333,-120.826811171275,-5.17334694095877));
#10561=CARTESIAN_POINT('',(242.355474490505,-124.800062628549,-4.82573248110939));
#10562=CARTESIAN_POINT('',(93.2611492952875,-124.800062628549,-4.82573248110938));
#10563=CARTESIAN_POINT('',(248.06065625,-114.898711797822,-5.69198843239103));
#10564=CARTESIAN_POINT('Ctrl Pts',(248.06065625,-114.898711797822,-5.69198843239106));
#10565=CARTESIAN_POINT('Ctrl Pts',(247.255457907492,-118.382266557746,-5.38721688212596));
#10566=CARTESIAN_POINT('Ctrl Pts',(245.206341054494,-121.882567061251,-5.08098026913519));
#10567=CARTESIAN_POINT('Ctrl Pts',(242.355474490505,-124.800062628549,-4.82573248110943));
#10568=CARTESIAN_POINT('',(248.469966666667,-111.699420072467,-5.9718901896719));
#10569=CARTESIAN_POINT('Ctrl Pts',(248.469966666667,-111.699420072466,-5.97189018967192));
#10570=CARTESIAN_POINT('Ctrl Pts',(248.5329375,-112.264000965177,-5.92249576191647));
#10571=CARTESIAN_POINT('Ctrl Pts',(248.344025,-113.706818802102,-5.79626555765254));
#10572=CARTESIAN_POINT('Ctrl Pts',(248.06065625,-114.898711797822,-5.69198843239104));
#10573=CARTESIAN_POINT('',(248.375510416667,-110.632989497349,-6.06519077543222));
#10574=CARTESIAN_POINT('',(246.716491914898,-91.9023278950354,-7.70391132597488));
#10575=CARTESIAN_POINT('',(246.54935625,-112.075807334273,-5.93896057116828));
#10576=CARTESIAN_POINT('',(226.391991147017,-128.001848216725,-4.54561253910332));
#10577=CARTESIAN_POINT('',(208.8613125,-124.433855763587,-4.85777143029896));
#10578=CARTESIAN_POINT('Ctrl Pts',(208.8613125,-124.433855763587,-4.85777143029894));
#10579=CARTESIAN_POINT('Ctrl Pts',(222.777866666667,-124.433855763587,-4.85777143029894));
#10580=CARTESIAN_POINT('Ctrl Pts',(236.53699375,-119.917208621908,-5.25292685234255));
#10581=CARTESIAN_POINT('Ctrl Pts',(246.54935625,-112.075807334273,-5.93896057116825));
#10582=CARTESIAN_POINT('',(198.94340625,-123.649715634824,-4.92637480218154));
#10583=CARTESIAN_POINT('Ctrl Pts',(198.94340625,-123.649715634824,-4.92637480218153));
#10584=CARTESIAN_POINT('Ctrl Pts',(202.406802083333,-124.277027737835,-4.87149210467547));
#10585=CARTESIAN_POINT('Ctrl Pts',(204.390383333333,-124.433855763588,-4.85777143029896));
#10586=CARTESIAN_POINT('Ctrl Pts',(208.8613125,-124.433855763588,-4.85777143029896));
#10587=CARTESIAN_POINT('',(197.683989583333,-123.43015639877,-4.94558374630868));
#10588=CARTESIAN_POINT('',(173.905697320111,-119.284789879367,-5.30825632291626));
#10589=CARTESIAN_POINT('',(199.000612077082,-124.800062628549,-4.82573248110939));
#10590=CARTESIAN_POINT('',(177.813721106521,-102.755737798898,-6.75436099878694));
#10591=CARTESIAN_POINT('',(191.856525725044,-124.800062628549,-4.82573248110943));
#10592=CARTESIAN_POINT('',(93.2611492952875,-124.800062628549,-4.82573248110938));
#10593=CARTESIAN_POINT('',(190.221945833333,-122.583285059705,-5.01967538794183));
#10594=CARTESIAN_POINT('Ctrl Pts',(190.221945833333,-122.583285059705,-5.01967538794187));
#10595=CARTESIAN_POINT('Ctrl Pts',(190.6101685812,-123.180218243625,-4.96745050146639));
#10596=CARTESIAN_POINT('Ctrl Pts',(191.186156459168,-123.955187566586,-4.89964947112696));
#10597=CARTESIAN_POINT('Ctrl Pts',(191.856525725044,-124.800062628549,-4.82573248110941));
#10598=CARTESIAN_POINT('',(191.29245,-116.4983576605,-5.55203755375057));
#10599=CARTESIAN_POINT('Ctrl Pts',(191.29245,-116.498357660499,-5.55203755375059));
#10600=CARTESIAN_POINT('Ctrl Pts',(189.11995625,-117.251132184113,-5.48617831674333));
#10601=CARTESIAN_POINT('Ctrl Pts',(188.647675,-120.074036647662,-5.23920617796607));
#10602=CARTESIAN_POINT('Ctrl Pts',(190.221945833333,-122.583285059705,-5.01967538794185));
#10603=CARTESIAN_POINT('',(195.857835416667,-117.219766578962,-5.48892245161861));
#10604=CARTESIAN_POINT('Ctrl Pts',(195.857835416667,-117.219766578962,-5.4889224516186));
#10605=CARTESIAN_POINT('Ctrl Pts',(193.622370833333,-116.717916896553,-5.53282860962345));
#10606=CARTESIAN_POINT('Ctrl Pts',(191.57581875,-116.404260845048,-5.56026995837648));
#10607=CARTESIAN_POINT('Ctrl Pts',(191.29245,-116.498357660499,-5.55203755375057));
#10608=CARTESIAN_POINT('',(211.537572916667,-118.693950021038,-5.35994811247938));
#10609=CARTESIAN_POINT('Ctrl Pts',(211.537572916667,-118.693950021038,-5.35994811247939));
#10610=CARTESIAN_POINT('Ctrl Pts',(205.964654166667,-118.913509257092,-5.34073916835227));
#10611=CARTESIAN_POINT('Ctrl Pts',(201.525210416667,-118.474390784984,-5.37915705660651));
#10612=CARTESIAN_POINT('Ctrl Pts',(195.857835416667,-117.219766578963,-5.48892245161862));
#10613=CARTESIAN_POINT('',(248.218083333333,-103.105244261218,-6.72378314550488));
#10614=CARTESIAN_POINT('Ctrl Pts',(248.218083333333,-103.105244261218,-6.72378314550491));
#10615=CARTESIAN_POINT('Ctrl Pts',(238.363147916667,-112.985409883639,-5.85938065978453));
#10616=CARTESIAN_POINT('Ctrl Pts',(226.272747916667,-118.129369128328,-5.40934254023486));
#10617=CARTESIAN_POINT('Ctrl Pts',(211.537572916667,-118.693950021038,-5.35994811247941));
#10618=CARTESIAN_POINT('',(255.869039583333,-88.6457002868177,-7.98882932301948));
#10619=CARTESIAN_POINT('Ctrl Pts',(255.869039583333,-88.6457002868177,-7.98882932301948));
#10620=CARTESIAN_POINT('Ctrl Pts',(255.05041875,-94.1974123984637,-7.50311745009089));
#10621=CARTESIAN_POINT('Ctrl Pts',(252.751983333333,-98.5572315143892,-7.12168270242379));
#10622=CARTESIAN_POINT('Ctrl Pts',(248.218083333333,-103.105244261217,-6.72378314550488));
#10623=CARTESIAN_POINT('',(252.626041666667,-72.7747040806429,-9.37736156992271));
#10624=CARTESIAN_POINT('Ctrl Pts',(252.626041666667,-72.774704080643,-9.37736156992271));
#10625=CARTESIAN_POINT('Ctrl Pts',(255.207845833333,-78.2323193768374,-8.89988210162002));
#10626=CARTESIAN_POINT('Ctrl Pts',(256.4672625,-84.4427091966449,-8.35654339631006));
#10627=CARTESIAN_POINT('Ctrl Pts',(255.869039583333,-88.6457002868177,-7.98882932301948));
#10628=CARTESIAN_POINT('',(251.303654166667,-70.1713588531479,-9.60512476457284));
#10629=CARTESIAN_POINT('Ctrl Pts',(251.303654166667,-70.1713588531479,-9.60512476457284));
#10630=CARTESIAN_POINT('Ctrl Pts',(251.366625,-70.1713588531479,-9.60512476457284));
#10631=CARTESIAN_POINT('Ctrl Pts',(251.964847916667,-71.331886243718,-9.50359177418664));
#10632=CARTESIAN_POINT('Ctrl Pts',(252.626041666667,-72.774704080643,-9.37736156992271));
#10633=CARTESIAN_POINT('',(249.823839583333,-72.3983168188365,-9.41029118842634));
#10634=CARTESIAN_POINT('Ctrl Pts',(249.823839583333,-72.3983168188365,-9.41029118842634));
#10635=CARTESIAN_POINT('Ctrl Pts',(250.579489583333,-71.1750582179653,-9.51731244856315));
#10636=CARTESIAN_POINT('Ctrl Pts',(251.240683333333,-70.2027244582985,-9.60238062969754));
#10637=CARTESIAN_POINT('Ctrl Pts',(251.303654166667,-70.1713588531479,-9.60512476457284));
#10638=CARTESIAN_POINT('',(248.62739375,-75.2839524926864,-9.15783077989848));
#10639=CARTESIAN_POINT('Ctrl Pts',(248.62739375,-75.2839524926864,-9.15783077989848));
#10640=CARTESIAN_POINT('Ctrl Pts',(248.5329375,-74.8134684154283,-9.19899280302803));
#10641=CARTESIAN_POINT('Ctrl Pts',(248.879277083333,-73.9038658660625,-9.27857271441181));
#10642=CARTESIAN_POINT('Ctrl Pts',(249.823839583333,-72.3983168188365,-9.41029118842634));
#10643=CARTESIAN_POINT('',(249.446014583333,-78.4832442180418,-8.87792902261759));
#10644=CARTESIAN_POINT('Ctrl Pts',(249.446014583333,-78.4832442180418,-8.87792902261759));
#10645=CARTESIAN_POINT('Ctrl Pts',(249.099675,-77.1031575914179,-8.99867095713092));
#10646=CARTESIAN_POINT('Ctrl Pts',(248.72185,-75.6603397544929,-9.12490116139485));
#10647=CARTESIAN_POINT('Ctrl Pts',(248.62739375,-75.2839524926864,-9.15783077989848));
#10648=CARTESIAN_POINT('',(249.4775,-86.6696671623335,-8.16170982016356));
#10649=CARTESIAN_POINT('Ctrl Pts',(249.4775,-86.6696671623335,-8.16170982016355));
#10650=CARTESIAN_POINT('Ctrl Pts',(250.264635416667,-83.5331066472792,-8.43612330769384));
#10651=CARTESIAN_POINT('Ctrl Pts',(250.264635416667,-81.6511703382466,-8.60077140021201));
#10652=CARTESIAN_POINT('Ctrl Pts',(249.446014583333,-78.4832442180418,-8.87792902261759));
#10653=CARTESIAN_POINT('',(243.022989583333,-97.0203168620125,-7.25614531131363));
#10654=CARTESIAN_POINT('Ctrl Pts',(243.022989583333,-97.0203168620125,-7.25614531131364));
#10655=CARTESIAN_POINT('Ctrl Pts',(246.675297916667,-93.3191754542485,-7.57995322659936));
#10656=CARTESIAN_POINT('Ctrl Pts',(248.501452083333,-90.402174175248,-7.83515777000253));
#10657=CARTESIAN_POINT('Ctrl Pts',(249.4775,-86.6696671623335,-8.16170982016356));
#10658=CARTESIAN_POINT('',(225.139272916667,-107.653257008047,-6.32588358858597));
#10659=CARTESIAN_POINT('Ctrl Pts',(225.139272916667,-107.653257008047,-6.32588358858598));
#10660=CARTESIAN_POINT('Ctrl Pts',(232.538345833333,-105.175374201153,-6.5426702437349));
#10661=CARTESIAN_POINT('Ctrl Pts',(238.23720625,-101.787888844896,-6.83903681026761));
#10662=CARTESIAN_POINT('Ctrl Pts',(243.022989583333,-97.0203168620125,-7.25614531131363));
#10663=CARTESIAN_POINT('',(189.87560625,-106.367267196875,-6.43839311847338));
#10664=CARTESIAN_POINT('Ctrl Pts',(189.87560625,-106.367267196875,-6.43839311847337));
#10665=CARTESIAN_POINT('Ctrl Pts',(200.36025,-111.448495231263,-5.99384326867432));
#10666=CARTESIAN_POINT('Ctrl Pts',(212.419164583333,-111.88761370337,-5.95542538042007));
#10667=CARTESIAN_POINT('Ctrl Pts',(225.139272916667,-107.653257008047,-6.32588358858596));
#10668=CARTESIAN_POINT('',(176.872129166667,-96.1734455229479,-7.3302369529468));
#10669=CARTESIAN_POINT('Ctrl Pts',(176.872129166667,-96.1734455229479,-7.33023695294681));
#10670=CARTESIAN_POINT('Ctrl Pts',(181.248602083333,-101.097845531583,-6.89940777752427));
#10671=CARTESIAN_POINT('Ctrl Pts',(184.932395833333,-103.983481205433,-6.6469473689964));
#10672=CARTESIAN_POINT('Ctrl Pts',(189.87560625,-106.367267196874,-6.43839311847339));
#10673=CARTESIAN_POINT('',(167.174620833333,-87.2969792653442,-8.1068271226575));
#10674=CARTESIAN_POINT('Ctrl Pts',(167.174620833333,-87.2969792653443,-8.1068271226575));
#10675=CARTESIAN_POINT('Ctrl Pts',(169.976822916667,-89.1475499692263,-7.94492316501464));
#10676=CARTESIAN_POINT('Ctrl Pts',(173.377247916667,-92.2527448791301,-7.67325381235966));
#10677=CARTESIAN_POINT('Ctrl Pts',(176.872129166667,-96.1734455229479,-7.33023695294681));
#10678=CARTESIAN_POINT('',(159.712577083333,-83.062622570021,-8.47728533082338));
#10679=CARTESIAN_POINT('Ctrl Pts',(159.712577083333,-83.062622570021,-8.47728533082338));
#10680=CARTESIAN_POINT('Ctrl Pts',(159.995945833333,-82.6235040979134,-8.51570321907762));
#10681=CARTESIAN_POINT('Ctrl Pts',(160.02743125,-82.654869703064,-8.51295908420232));
#10682=CARTESIAN_POINT('Ctrl Pts',(167.174620833333,-87.2969792653443,-8.1068271226575));
#10683=CARTESIAN_POINT('',(160.184858333333,-87.6106353168497,-8.07938577390447));
#10684=CARTESIAN_POINT('Ctrl Pts',(160.184858333333,-87.6106353168497,-8.07938577390448));
#10685=CARTESIAN_POINT('Ctrl Pts',(159.429208333333,-85.9796238490215,-8.22208078742022));
#10686=CARTESIAN_POINT('Ctrl Pts',(159.208810416667,-83.8781283039351,-8.40593782406551));
#10687=CARTESIAN_POINT('Ctrl Pts',(159.712577083333,-83.062622570021,-8.47728533082338));
#10688=CARTESIAN_POINT('',(165.254010416667,-93.6955627160551,-7.54702360809573));
#10689=CARTESIAN_POINT('Ctrl Pts',(165.254010416667,-93.6955627160551,-7.54702360809572));
#10690=CARTESIAN_POINT('Ctrl Pts',(162.325866666667,-90.6530990164524,-7.81320469100009));
#10691=CARTESIAN_POINT('Ctrl Pts',(160.688625,-88.6770658919682,-7.98608518814417));
#10692=CARTESIAN_POINT('Ctrl Pts',(160.184858333333,-87.6106353168497,-8.07938577390447));
#10693=CARTESIAN_POINT('',(176.84064375,-107.088676115337,-6.37527801634142));
#10694=CARTESIAN_POINT('Ctrl Pts',(176.84064375,-107.088676115337,-6.37527801634145));
#10695=CARTESIAN_POINT('Ctrl Pts',(174.447752083333,-103.826653179681,-6.66066804337295));
#10696=CARTESIAN_POINT('Ctrl Pts',(169.504541666667,-98.1181130422816,-7.16010059067806));
#10697=CARTESIAN_POINT('Ctrl Pts',(165.254010416667,-93.6955627160551,-7.54702360809576));
#10698=CARTESIAN_POINT('',(180.209583333333,-113.738184407252,-5.79352142277723));
#10699=CARTESIAN_POINT('Ctrl Pts',(180.209583333333,-113.738184407252,-5.79352142277726));
#10700=CARTESIAN_POINT('Ctrl Pts',(180.209583333333,-112.703119437284,-5.88407787366225));
#10701=CARTESIAN_POINT('Ctrl Pts',(178.509370833333,-109.378365291327,-6.17495617044435));
#10702=CARTESIAN_POINT('Ctrl Pts',(176.84064375,-107.088676115337,-6.37527801634145));
#10703=CARTESIAN_POINT('',(176.494304166667,-115.463292690532,-5.64259400463557));
#10704=CARTESIAN_POINT('Ctrl Pts',(176.494304166667,-115.463292690531,-5.64259400463559));
#10705=CARTESIAN_POINT('Ctrl Pts',(178.068575,-116.561088870801,-5.546549284));
#10706=CARTESIAN_POINT('Ctrl Pts',(180.209583333333,-115.557389505984,-5.63436160000968));
#10707=CARTESIAN_POINT('Ctrl Pts',(180.209583333333,-113.738184407252,-5.79352142277725));
#10708=CARTESIAN_POINT('',(174.57369375,-113.204969119693,-5.84017171565737));
#10709=CARTESIAN_POINT('Ctrl Pts',(174.57369375,-113.204969119693,-5.84017171565739));
#10710=CARTESIAN_POINT('Ctrl Pts',(175.2348875,-114.17730287936,-5.755103534523));
#10711=CARTESIAN_POINT('Ctrl Pts',(176.116479166667,-115.212367849328,-5.66454708363801));
#10712=CARTESIAN_POINT('Ctrl Pts',(176.494304166667,-115.463292690531,-5.64259400463558));
#10713=CARTESIAN_POINT('',(171.393666666667,-109.064709239821,-6.20239751919735));
#10714=CARTESIAN_POINT('Ctrl Pts',(171.393666666667,-109.064709239821,-6.20239751919732));
#10715=CARTESIAN_POINT('Ctrl Pts',(172.464170833333,-110.350699050993,-6.0898879893099));
#10716=CARTESIAN_POINT('Ctrl Pts',(173.881014583333,-112.232635360025,-5.92523989679172));
#10717=CARTESIAN_POINT('Ctrl Pts',(174.57369375,-113.204969119692,-5.84017171565734));
#10718=CARTESIAN_POINT('',(167.080164583333,-103.732556364229,-6.66890044799883));
#10719=CARTESIAN_POINT('Ctrl Pts',(167.080164583333,-103.732556364229,-6.66890044799884));
#10720=CARTESIAN_POINT('Ctrl Pts',(168.402552083333,-105.363567832057,-6.52620543448309));
#10721=CARTESIAN_POINT('Ctrl Pts',(170.354647916667,-107.778719428649,-6.31490704908478));
#10722=CARTESIAN_POINT('Ctrl Pts',(171.393666666667,-109.064709239822,-6.20239751919736));
#10723=CARTESIAN_POINT('',(157.634539583333,-93.5073690851518,-7.56348841734754));
#10724=CARTESIAN_POINT('Ctrl Pts',(157.634539583333,-93.5073690851518,-7.56348841734754));
#10725=CARTESIAN_POINT('Ctrl Pts',(157.886422916667,-93.2564442439474,-7.58544149634997));
#10726=CARTESIAN_POINT('Ctrl Pts',(163.5223125,-99.3727372483033,-7.05033519566592));
#10727=CARTESIAN_POINT('Ctrl Pts',(167.080164583333,-103.732556364228,-6.66890044799883));
#10728=CARTESIAN_POINT('',(155.9658125,-99.9059525358625,-7.00368490278577));
#10729=CARTESIAN_POINT('Ctrl Pts',(155.9658125,-99.9059525358625,-7.00368490278577));
#10730=CARTESIAN_POINT('Ctrl Pts',(155.9658125,-99.1531780122495,-7.06954413979304));
#10731=CARTESIAN_POINT('Ctrl Pts',(157.38265625,-93.7582939263562,-7.54153533834512));
#10732=CARTESIAN_POINT('Ctrl Pts',(157.634539583333,-93.5073690851518,-7.56348841734754));
#10733=CARTESIAN_POINT('',(158.6105875,-103.575728338476,-6.68262112237533));
#10734=CARTESIAN_POINT('Ctrl Pts',(158.6105875,-103.575728338476,-6.68262112237531));
#10735=CARTESIAN_POINT('Ctrl Pts',(156.910375,-101.693792029443,-6.84726921489348));
#10736=CARTESIAN_POINT('Ctrl Pts',(155.9658125,-100.37643661312,-6.9625228796562));
#10737=CARTESIAN_POINT('Ctrl Pts',(155.9658125,-99.9059525358623,-7.00368490278574));
#10738=CARTESIAN_POINT('',(174.248156475082,-124.800062628549,-4.82573248110939));
#10739=CARTESIAN_POINT('Ctrl Pts',(174.248156475082,-124.800062628549,-4.82573248110939));
#10740=CARTESIAN_POINT('Ctrl Pts',(169.158591320372,-117.166140414176,-5.49361413310579));
#10741=CARTESIAN_POINT('Ctrl Pts',(161.858836740417,-107.19380858522,-6.36608011705817));
#10742=CARTESIAN_POINT('Ctrl Pts',(158.6105875,-103.575728338477,-6.68262112237534));
#10743=CARTESIAN_POINT('',(167.500503733758,-124.800062628549,-4.82573248110939));
#10744=CARTESIAN_POINT('',(93.2611492952875,-124.800062628549,-4.82573248110938));
#10745=CARTESIAN_POINT('',(164.152020833333,-120.011305437361,-5.24469444771666));
#10746=CARTESIAN_POINT('Ctrl Pts',(164.152020833333,-120.011305437361,-5.24469444771666));
#10747=CARTESIAN_POINT('Ctrl Pts',(165.263711367461,-121.684800874898,-5.09828256846982));
#10748=CARTESIAN_POINT('Ctrl Pts',(166.608004514483,-123.609323592972,-4.92990864794021));
#10749=CARTESIAN_POINT('Ctrl Pts',(167.500503733758,-124.80006262855,-4.8257324811094));
#10750=CARTESIAN_POINT('',(156.501064583333,-109.848849368585,-6.13379414731478));
#10751=CARTESIAN_POINT('Ctrl Pts',(156.501064583333,-109.848849368585,-6.13379414731478));
#10752=CARTESIAN_POINT('Ctrl Pts',(159.55515,-113.424528355747,-5.82096277153026));
#10753=CARTESIAN_POINT('Ctrl Pts',(161.412789583333,-115.90241116264,-5.60417611638134));
#10754=CARTESIAN_POINT('Ctrl Pts',(164.152020833333,-120.011305437361,-5.24469444771666));
#10755=CARTESIAN_POINT('',(154.580454166667,-107.621891402896,-6.32862772346128));
#10756=CARTESIAN_POINT('Ctrl Pts',(154.580454166667,-107.621891402896,-6.32862772346125));
#10757=CARTESIAN_POINT('Ctrl Pts',(154.611939583333,-107.653257008046,-6.32588358858595));
#10758=CARTESIAN_POINT('Ctrl Pts',(155.462045833333,-108.625590767713,-6.24081540745156));
#10759=CARTESIAN_POINT('Ctrl Pts',(156.501064583333,-109.848849368584,-6.13379414731475));
#10760=CARTESIAN_POINT('',(153.60440625,-109.033343634671,-6.20514165407265));
#10761=CARTESIAN_POINT('Ctrl Pts',(153.60440625,-109.033343634671,-6.20514165407265));
#10762=CARTESIAN_POINT('Ctrl Pts',(154.139658333333,-108.217837900757,-6.27648916083051));
#10763=CARTESIAN_POINT('Ctrl Pts',(154.54896875,-107.590525797745,-6.33137185833658));
#10764=CARTESIAN_POINT('Ctrl Pts',(154.580454166667,-107.621891402897,-6.32862772346128));
#10765=CARTESIAN_POINT('',(147.086925,-112.420828990929,-5.90877508753994));
#10766=CARTESIAN_POINT('Ctrl Pts',(147.086925,-112.420828990929,-5.90877508753992));
#10767=CARTESIAN_POINT('Ctrl Pts',(150.266952083333,-112.232635360025,-5.92523989679174));
#10768=CARTESIAN_POINT('Ctrl Pts',(152.124591666667,-111.260301600359,-6.01030807792613));
#10769=CARTESIAN_POINT('Ctrl Pts',(153.60440625,-109.03334363467,-6.20514165407263));
#10770=CARTESIAN_POINT('',(139.467454166667,-110.225236630391,-6.10086452881113));
#10771=CARTESIAN_POINT('Ctrl Pts',(139.467454166667,-110.225236630391,-6.10086452881112));
#10772=CARTESIAN_POINT('Ctrl Pts',(141.32509375,-112.013076123972,-5.94444884091886));
#10773=CARTESIAN_POINT('Ctrl Pts',(143.4975875,-112.640388226982,-5.88956614341281));
#10774=CARTESIAN_POINT('Ctrl Pts',(147.086925,-112.420828990929,-5.90877508753992));
#10775=CARTESIAN_POINT('',(137.92466875,-108.43739713681,-6.2572802167034));
#10776=CARTESIAN_POINT('Ctrl Pts',(137.92466875,-108.43739713681,-6.25728021670339));
#10777=CARTESIAN_POINT('Ctrl Pts',(138.019125,-108.688321978014,-6.23532713770097));
#10778=CARTESIAN_POINT('Ctrl Pts',(138.711804166667,-109.503827711928,-6.1639796309431));
#10779=CARTESIAN_POINT('Ctrl Pts',(139.467454166667,-110.225236630391,-6.10086452881113));
#10780=CARTESIAN_POINT('',(132.1628375,-114.396862115414,-5.73589459039587));
#10781=CARTESIAN_POINT('Ctrl Pts',(132.1628375,-114.396862115414,-5.73589459039585));
#10782=CARTESIAN_POINT('Ctrl Pts',(136.22445625,-109.409730896477,-6.172212035569));
#10783=CARTESIAN_POINT('Ctrl Pts',(137.704270833333,-107.872816244101,-6.30667464445883));
#10784=CARTESIAN_POINT('Ctrl Pts',(137.92466875,-108.43739713681,-6.25728021670338));
#10785=CARTESIAN_POINT('',(124.734310412762,-124.800062628549,-4.82573248110939));
#10786=CARTESIAN_POINT('Ctrl Pts',(124.734310412753,-124.800062628563,-4.82573248110816));
#10787=CARTESIAN_POINT('Ctrl Pts',(126.740525315428,-121.739849151097,-5.09346646835576));
#10788=CARTESIAN_POINT('Ctrl Pts',(130.396079044407,-116.548016500855,-5.54769296817565));
#10789=CARTESIAN_POINT('Ctrl Pts',(132.1628375,-114.396862115414,-5.73589459039585));
#10790=CARTESIAN_POINT('',(118.18760194267,-124.800062628549,-4.82573248110939));
#10791=CARTESIAN_POINT('',(93.2611492952875,-124.800062628549,-4.82573248110938));
#10792=CARTESIAN_POINT('',(133.86305,-103.669825153928,-6.67438871774943));
#10793=CARTESIAN_POINT('Ctrl Pts',(133.86305,-103.669825153928,-6.67438871774944));
#10794=CARTESIAN_POINT('Ctrl Pts',(129.30002947329,-108.473532399125,-6.25411879089734));
#10795=CARTESIAN_POINT('Ctrl Pts',(123.955172116859,-115.689198471287,-5.62282980979459));
#10796=CARTESIAN_POINT('Ctrl Pts',(118.18760194267,-124.800062628549,-4.82573248110942));
#10797=CARTESIAN_POINT('',(135.752175,-95.891155076593,-7.35493416682453));
#10798=CARTESIAN_POINT('Ctrl Pts',(135.752175,-95.891155076593,-7.35493416682453));
#10799=CARTESIAN_POINT('Ctrl Pts',(136.287427083334,-98.2278926603082,-7.15049611861447));
#10800=CARTESIAN_POINT('Ctrl Pts',(136.562924479167,-99.3805786495906,-7.0496491619471));
#10801=CARTESIAN_POINT('Ctrl Pts',(136.33071953125,-100.34507100797,-6.96526701453154));
#10802=CARTESIAN_POINT('Ctrl Pts',(136.098514583333,-101.309563366349,-6.88088486711598));
#10803=CARTESIAN_POINT('Ctrl Pts',(135.358607291666,-102.085862093825,-6.81296752895223));
#10804=CARTESIAN_POINT('Ctrl Pts',(133.86305,-103.669825153927,-6.67438871774944));
#10805=CARTESIAN_POINT('',(135.09098125,-92.942788192442,-7.61288284510301));
#10806=CARTESIAN_POINT('',(134.314280959708,-89.4793594851866,-7.91589359391809));
#10807=CARTESIAN_POINT('',(131.31273125,-96.8321232311093,-7.27261012056545));
#10808=CARTESIAN_POINT('',(141.28672802086,-86.5648791057969,-8.17087758718342));
#10809=CARTESIAN_POINT('',(119.41124375,-110.946645548854,-6.03774942667918));
#10810=CARTESIAN_POINT('Ctrl Pts',(119.41124375,-110.946645548854,-6.03774942667918));
#10811=CARTESIAN_POINT('Ctrl Pts',(121.646708333333,-107.684622613198,-6.32313945371067));
#10812=CARTESIAN_POINT('Ctrl Pts',(126.904772916667,-101.44286718824,-6.86922229389593));
#10813=CARTESIAN_POINT('Ctrl Pts',(131.31273125,-96.8321232311093,-7.27261012056545));
#10814=CARTESIAN_POINT('',(116.892410416667,-114.145937274209,-5.75784766939829));
#10815=CARTESIAN_POINT('Ctrl Pts',(116.892410416667,-114.145937274209,-5.75784766939833));
#10816=CARTESIAN_POINT('Ctrl Pts',(117.396177083333,-113.675453196951,-5.79900969252787));
#10817=CARTESIAN_POINT('Ctrl Pts',(118.529652083333,-112.232635360026,-5.9252398967918));
#10818=CARTESIAN_POINT('Ctrl Pts',(119.41124375,-110.946645548854,-6.03774942667922));
#10819=CARTESIAN_POINT('',(112.98821875,-113.079506699091,-5.85114825515858));
#10820=CARTESIAN_POINT('Ctrl Pts',(112.98821875,-113.079506699091,-5.85114825515858));
#10821=CARTESIAN_POINT('Ctrl Pts',(113.491985416667,-115.149636639027,-5.67003535338859));
#10822=CARTESIAN_POINT('Ctrl Pts',(115.286654166667,-115.651486321435,-5.62612919538375));
#10823=CARTESIAN_POINT('Ctrl Pts',(116.892410416667,-114.145937274209,-5.75784766939828));
#10824=CARTESIAN_POINT('',(128.29013125,-92.25274487913,-7.67325381235966));
#10825=CARTESIAN_POINT('Ctrl Pts',(128.29013125,-92.2527448791301,-7.67325381235965));
#10826=CARTESIAN_POINT('Ctrl Pts',(117.616575,-103.512997128174,-6.68810939212594));
#10827=CARTESIAN_POINT('Ctrl Pts',(112.358510416667,-110.632989497348,-6.0651907754322));
#10828=CARTESIAN_POINT('Ctrl Pts',(112.98821875,-113.07950669909,-5.85114825515859));
#10829=CARTESIAN_POINT('',(132.194322916667,-87.5479041065486,-8.08487404365508));
#10830=CARTESIAN_POINT('Ctrl Pts',(132.194322916667,-87.5479041065486,-8.08487404365508));
#10831=CARTESIAN_POINT('Ctrl Pts',(131.87946875,-88.2379474198606,-8.02450307639842));
#10832=CARTESIAN_POINT('Ctrl Pts',(130.116285416667,-90.3394429649469,-7.84064603975313));
#10833=CARTESIAN_POINT('Ctrl Pts',(128.29013125,-92.2527448791301,-7.67325381235966));
#10834=CARTESIAN_POINT('',(132.82403125,-82.7176009133651,-8.50747081445171));
#10835=CARTESIAN_POINT('Ctrl Pts',(132.82403125,-82.7176009133651,-8.50747081445171));
#10836=CARTESIAN_POINT('Ctrl Pts',(133.264827083333,-82.7176009133651,-8.50747081445171));
#10837=CARTESIAN_POINT('Ctrl Pts',(132.792545833333,-86.3246455056775,-8.19189530379189));
#10838=CARTESIAN_POINT('Ctrl Pts',(132.194322916667,-87.5479041065486,-8.08487404365508));
#10839=CARTESIAN_POINT('',(123.315435416667,-88.6770658919682,-7.98608518814418));
#10840=CARTESIAN_POINT('Ctrl Pts',(123.315435416667,-88.6770658919682,-7.98608518814418));
#10841=CARTESIAN_POINT('Ctrl Pts',(125.424958333333,-87.1715168447421,-8.11780366215872));
#10842=CARTESIAN_POINT('Ctrl Pts',(132.5406625,-82.7176009133651,-8.50747081445171));
#10843=CARTESIAN_POINT('Ctrl Pts',(132.82403125,-82.7176009133651,-8.50747081445171));
#10844=CARTESIAN_POINT('',(116.073789583333,-95.7343270508403,-7.36865484120104));
#10845=CARTESIAN_POINT('Ctrl Pts',(116.073789583333,-95.7343270508403,-7.36865484120105));
#10846=CARTESIAN_POINT('Ctrl Pts',(119.820554166667,-91.4058735400654,-7.74734545399284));
#10847=CARTESIAN_POINT('Ctrl Pts',(120.765116666667,-90.4962709906997,-7.82692536537663));
#10848=CARTESIAN_POINT('Ctrl Pts',(123.315435416667,-88.6770658919682,-7.98608518814419));
#10849=CARTESIAN_POINT('',(98.5678979166667,-107.966913059552,-6.29844223983294));
#10850=CARTESIAN_POINT('Ctrl Pts',(98.5678979166667,-107.966913059552,-6.29844223983292));
#10851=CARTESIAN_POINT('Ctrl Pts',(106.0929125,-105.489030252659,-6.51522889498184));
#10852=CARTESIAN_POINT('Ctrl Pts',(110.028589583333,-102.728856999411,-6.75671276400849));
#10853=CARTESIAN_POINT('Ctrl Pts',(116.073789583333,-95.7343270508401,-7.36865484120101));
#10854=CARTESIAN_POINT('',(55.0550520833333,-100.846920690379,-6.92136085652668));
#10855=CARTESIAN_POINT('Ctrl Pts',(55.0550520833333,-100.846920690379,-6.92136085652671));
#10856=CARTESIAN_POINT('Ctrl Pts',(67.9640729166667,-109.409730896477,-6.17221203556904));
#10857=CARTESIAN_POINT('Ctrl Pts',(85.50145,-112.264000965177,-5.92249576191648));
#10858=CARTESIAN_POINT('Ctrl Pts',(98.5678979166667,-107.966913059553,-6.29844223983297));
#10859=CARTESIAN_POINT('',(42.7442541666667,-85.1327525099568,-8.2961724290534));
#10860=CARTESIAN_POINT('Ctrl Pts',(42.7442541666667,-85.1327525099569,-8.29617242905339));
#10861=CARTESIAN_POINT('Ctrl Pts',(44.1296125,-90.5590022010008,-7.821437095626));
#10862=CARTESIAN_POINT('Ctrl Pts',(49.1043083333333,-96.8948544414105,-7.26712185081483));
#10863=CARTESIAN_POINT('Ctrl Pts',(55.0550520833333,-100.846920690378,-6.92136085652668));
#10864=CARTESIAN_POINT('',(43.2480208333333,-75.9426302008478,-9.10020394751712));
#10865=CARTESIAN_POINT('Ctrl Pts',(43.2480208333333,-75.9426302008478,-9.10020394751712));
#10866=CARTESIAN_POINT('Ctrl Pts',(42.3034583333333,-78.6087066386439,-8.86695248311638));
#10867=CARTESIAN_POINT('Ctrl Pts',(42.0830604166667,-82.654869703064,-8.51295908420232));
#10868=CARTESIAN_POINT('Ctrl Pts',(42.7442541666667,-85.1327525099569,-8.2961724290534));
#10869=CARTESIAN_POINT('',(43.9092145833333,-74.0293282866647,-9.26759617491061));
#10870=CARTESIAN_POINT('',(48.7793413685827,-59.9366014565456,-10.5005500107136));
#10871=CARTESIAN_POINT('',(42.6183125,-71.6455422952234,-9.47615042543361));
#10872=CARTESIAN_POINT('',(57.3716841854803,-98.8891893575642,-7.09264015437745));
#10873=CARTESIAN_POINT('',(41.2329541666667,-69.2303906986317,-9.68744881083192));
#10874=CARTESIAN_POINT('Ctrl Pts',(41.2329541666667,-69.2303906986316,-9.68744881083193));
#10875=CARTESIAN_POINT('Ctrl Pts',(41.2644395833333,-69.2303906986316,-9.68744881083193));
#10876=CARTESIAN_POINT('Ctrl Pts',(41.8941479166667,-70.2968212737501,-9.59414822507162));
#10877=CARTESIAN_POINT('Ctrl Pts',(42.6183125,-71.6455422952234,-9.47615042543361));
#10878=CARTESIAN_POINT('',(38.36778125,-75.8171677802457,-9.11118048701833));
#10879=CARTESIAN_POINT('Ctrl Pts',(38.36778125,-75.8171677802456,-9.11118048701833));
#10880=CARTESIAN_POINT('Ctrl Pts',(39.0919458333333,-73.7156722351593,-9.29503752366362));
#10881=CARTESIAN_POINT('Ctrl Pts',(41.01255625,-69.2303906986316,-9.68744881083193));
#10882=CARTESIAN_POINT('Ctrl Pts',(41.2329541666667,-69.2303906986316,-9.68744881083193));
#10883=CARTESIAN_POINT('',(45.4834854166667,-103.889384389982,-6.65517977362231));
#10884=CARTESIAN_POINT('Ctrl Pts',(45.4834854166667,-103.889384389982,-6.6551797736223));
#10885=CARTESIAN_POINT('Ctrl Pts',(36.9824229166667,-95.7970582611414,-7.36316657145043));
#10886=CARTESIAN_POINT('Ctrl Pts',(34.6839875,-86.6383015571829,-8.16445395503885));
#10887=CARTESIAN_POINT('Ctrl Pts',(38.36778125,-75.8171677802456,-9.11118048701832));
#10888=CARTESIAN_POINT('',(75.20571875,-117.752981866522,-5.44227215873847));
#10889=CARTESIAN_POINT('Ctrl Pts',(75.20571875,-117.752981866522,-5.44227215873845));
#10890=CARTESIAN_POINT('Ctrl Pts',(63.30423125,-115.526023900833,-5.63710573488495));
#10891=CARTESIAN_POINT('Ctrl Pts',(52.25285,-110.350699050994,-6.08988798930991));
#10892=CARTESIAN_POINT('Ctrl Pts',(45.4834854166667,-103.889384389982,-6.6551797736223));
#10893=CARTESIAN_POINT('',(83.70678125,-118.286197154081,-5.39562186585832));
#10894=CARTESIAN_POINT('Ctrl Pts',(83.70678125,-118.286197154081,-5.39562186585833));
#10895=CARTESIAN_POINT('Ctrl Pts',(79.6451625,-118.286197154081,-5.39562186585833));
#10896=CARTESIAN_POINT('Ctrl Pts',(77.2522708333333,-118.129369128328,-5.40934254023484));
#10897=CARTESIAN_POINT('Ctrl Pts',(75.20571875,-117.752981866522,-5.44227215873847));
#10898=CARTESIAN_POINT('',(96.9621416666667,-116.686551291403,-5.53557274449877));
#10899=CARTESIAN_POINT('Ctrl Pts',(96.9621416666667,-116.686551291403,-5.5355727444988));
#10900=CARTESIAN_POINT('Ctrl Pts',(91.0428833333334,-118.098003523178,-5.41208667511017));
#10901=CARTESIAN_POINT('Ctrl Pts',(89.56306875,-118.254831548931,-5.39836600073365));
#10902=CARTESIAN_POINT('Ctrl Pts',(83.70678125,-118.286197154081,-5.39562186585835));
#10903=CARTESIAN_POINT('',(101.684954166667,-116.466992055349,-5.55478168862589));
#10904=CARTESIAN_POINT('Ctrl Pts',(101.684954166667,-116.466992055349,-5.55478168862586));
#10905=CARTESIAN_POINT('Ctrl Pts',(100.457022916667,-115.871045557488,-5.60692025125661));
#10906=CARTESIAN_POINT('Ctrl Pts',(100.457022916667,-115.871045557488,-5.60692025125661));
#10907=CARTESIAN_POINT('Ctrl Pts',(96.9621416666667,-116.686551291402,-5.53557274449874));
#10908=CARTESIAN_POINT('',(100.43573019081,-124.800062628549,-4.82573248110942));
#10909=CARTESIAN_POINT('Ctrl Pts',(100.43573019081,-124.80006262855,-4.82573248110938));
#10910=CARTESIAN_POINT('Ctrl Pts',(103.854460148159,-120.498889285851,-5.20203638845542));
#10911=CARTESIAN_POINT('Ctrl Pts',(104.261213392277,-117.726008099086,-5.44463205760167));
#10912=CARTESIAN_POINT('Ctrl Pts',(101.684954166667,-116.46699205535,-5.55478168862588));
#10913=CARTESIAN_POINT('',(93.1270820971345,-124.800062628549,-4.82573248110939));
#10914=CARTESIAN_POINT('',(93.2611492952875,-124.800062628549,-4.82573248110938));
#10915=CARTESIAN_POINT('',(94.7896479166667,-122.991037926662,-4.98400163456289));
#10916=CARTESIAN_POINT('Ctrl Pts',(94.7896479166667,-122.991037926662,-4.98400163456287));
#10917=CARTESIAN_POINT('Ctrl Pts',(94.8432731987901,-123.017748537529,-4.9816647589161));
#10918=CARTESIAN_POINT('Ctrl Pts',(94.1205643843161,-123.795092591405,-4.91365596654269));
#10919=CARTESIAN_POINT('Ctrl Pts',(93.1270820971343,-124.800062628549,-4.82573248110936));
#10920=CARTESIAN_POINT('',(92.3652708333333,-123.43015639877,-4.94558374630866));
#10921=CARTESIAN_POINT('Ctrl Pts',(92.3652708333333,-123.43015639877,-4.94558374630867));
#10922=CARTESIAN_POINT('Ctrl Pts',(93.6561729166667,-123.147865952415,-4.97028096018639));
#10923=CARTESIAN_POINT('Ctrl Pts',(94.7581625,-122.959672321512,-4.98674576943821));
#10924=CARTESIAN_POINT('Ctrl Pts',(94.7896479166667,-122.991037926663,-4.98400163456291));
#10925=CARTESIAN_POINT('',(83.70678125,-123.932006081179,-4.90167758830381));
#10926=CARTESIAN_POINT('Ctrl Pts',(83.70678125,-123.932006081179,-4.90167758830379));
#10927=CARTESIAN_POINT('Ctrl Pts',(88.1147395833333,-123.932006081179,-4.90167758830379));
#10928=CARTESIAN_POINT('Ctrl Pts',(90.7280291666667,-123.775178055426,-4.9153982626803));
#10929=CARTESIAN_POINT('Ctrl Pts',(92.3652708333333,-123.43015639877,-4.94558374630863));
#10930=CARTESIAN_POINT('',(73.88333125,-123.241962767867,-4.96204855556046));
#10931=CARTESIAN_POINT('Ctrl Pts',(73.88333125,-123.241962767867,-4.96204855556046));
#10932=CARTESIAN_POINT('Ctrl Pts',(76.90593125,-123.869274870877,-4.90716585805441));
#10933=CARTESIAN_POINT('Ctrl Pts',(78.322775,-123.963371686329,-4.8989334534285));
#10934=CARTESIAN_POINT('Ctrl Pts',(83.70678125,-123.932006081179,-4.90167758830381));
#10935=CARTESIAN_POINT('',(48.1282604166667,-112.954044278489,-5.8621247946598));
#10936=CARTESIAN_POINT('Ctrl Pts',(48.1282604166667,-112.954044278489,-5.86212479465978));
#10937=CARTESIAN_POINT('Ctrl Pts',(55.0235666666667,-117.62751944592,-5.45324869823966));
#10938=CARTESIAN_POINT('Ctrl Pts',(64.24879375,-121.297295248532,-5.13218491782923));
#10939=CARTESIAN_POINT('Ctrl Pts',(73.88333125,-123.241962767867,-4.96204855556045));
#10940=CARTESIAN_POINT('',(44.79080625,-110.664355102499,-6.06244664055691));
#10941=CARTESIAN_POINT('Ctrl Pts',(44.79080625,-110.664355102498,-6.06244664055692));
#10942=CARTESIAN_POINT('Ctrl Pts',(45.1056604166667,-110.915279943704,-6.04049356155449));
#10943=CARTESIAN_POINT('Ctrl Pts',(46.6169604166667,-111.950344913671,-5.9499371106695));
#10944=CARTESIAN_POINT('Ctrl Pts',(48.1282604166667,-112.954044278489,-5.86212479465981));
#10945=CARTESIAN_POINT('',(44.1925833333333,-111.918979308521,-5.95268124554479));
#10946=CARTESIAN_POINT('Ctrl Pts',(44.1925833333333,-111.918979308521,-5.95268124554478));
#10947=CARTESIAN_POINT('Ctrl Pts',(44.1925833333333,-110.319333445842,-6.09263212418522));
#10948=CARTESIAN_POINT('Ctrl Pts',(44.22406875,-110.256602235542,-6.09812039393583));
#10949=CARTESIAN_POINT('Ctrl Pts',(44.79080625,-110.664355102498,-6.0624466405569));
#10950=CARTESIAN_POINT('',(49.70253125,-123.336059583318,-4.95381615093457));
#10951=CARTESIAN_POINT('Ctrl Pts',(49.70253125,-123.336059583318,-4.95381615093461));
#10952=CARTESIAN_POINT('Ctrl Pts',(45.7983395833333,-119.478090149802,-5.29134474059685));
#10953=CARTESIAN_POINT('Ctrl Pts',(44.22406875,-116.184701608995,-5.57947890250365));
#10954=CARTESIAN_POINT('Ctrl Pts',(44.1925833333333,-111.918979308521,-5.95268124554483));
#10955=CARTESIAN_POINT('',(51.2843355536699,-124.800062628549,-4.82573248110939));
#10956=CARTESIAN_POINT('Ctrl Pts',(51.28433555367,-124.800062628549,-4.8257324811094));
#10957=CARTESIAN_POINT('Ctrl Pts',(50.7381495002529,-124.330418619865,-4.86682100776211));
#10958=CARTESIAN_POINT('Ctrl Pts',(50.2107800352172,-123.842374328463,-4.90951935055837));
#10959=CARTESIAN_POINT('Ctrl Pts',(49.70253125,-123.336059583318,-4.95381615093457));
#10960=CARTESIAN_POINT('',(43.3401292940197,-124.800062628549,-4.82573248110943));
#10961=CARTESIAN_POINT('',(93.2611492952875,-124.800062628549,-4.82573248110938));
#10962=CARTESIAN_POINT('',(38.8400625,-108.43739713681,-6.2572802167034));
#10963=CARTESIAN_POINT('Ctrl Pts',(38.8400625,-108.43739713681,-6.25728021670339));
#10964=CARTESIAN_POINT('Ctrl Pts',(37.8948659064764,-114.547779045585,-5.72269106987171));
#10965=CARTESIAN_POINT('Ctrl Pts',(39.403092706292,-120.018347504983,-5.24407834663191));
#10966=CARTESIAN_POINT('Ctrl Pts',(43.3401292940198,-124.800062628549,-4.82573248110939));
#10967=CARTESIAN_POINT('',(38.4937229166667,-104.893083754799,-6.56736745761262));
#10968=CARTESIAN_POINT('Ctrl Pts',(38.4937229166667,-104.893083754799,-6.56736745761265));
#10969=CARTESIAN_POINT('Ctrl Pts',(39.2178875,-105.865417514465,-6.48229927647827));
#10970=CARTESIAN_POINT('Ctrl Pts',(39.2178875,-105.928148724767,-6.47681100672766));
#10971=CARTESIAN_POINT('Ctrl Pts',(38.8400625,-108.43739713681,-6.25728021670343));
#10972=CARTESIAN_POINT('',(36.7305395833333,-102.415200947906,-6.78415411276154));
#10973=CARTESIAN_POINT('Ctrl Pts',(36.7305395833333,-102.415200947906,-6.78415411276158));
#10974=CARTESIAN_POINT('Ctrl Pts',(37.2972770833333,-103.230706681821,-6.7128066060037));
#10975=CARTESIAN_POINT('Ctrl Pts',(38.0844125,-104.328502862089,-6.6167618853681));
#10976=CARTESIAN_POINT('Ctrl Pts',(38.4937229166667,-104.893083754799,-6.56736745761265));
#10977=CARTESIAN_POINT('',(35.72300625,-100.90965190068,-6.91587258677609));
#10978=CARTESIAN_POINT('',(49.6319236761027,-121.693636594798,-5.09750954314441));
#10979=CARTESIAN_POINT('',(35.250725,-102.572028973659,-6.77043343838503));
#10980=CARTESIAN_POINT('',(42.5713263519343,-76.8043326107967,-9.02481475531362));
#10981=CARTESIAN_POINT('',(35.1511980119001,-124.800062628549,-4.82573248110939));
#10982=CARTESIAN_POINT('Ctrl Pts',(35.1511980119001,-124.80006262855,-4.82573248110938));
#10983=CARTESIAN_POINT('Ctrl Pts',(33.14145901841,-119.755300640582,-5.26709196524296));
#10984=CARTESIAN_POINT('Ctrl Pts',(33.1644832008424,-109.706502024843,-6.14624792617514));
#10985=CARTESIAN_POINT('Ctrl Pts',(35.250725,-102.572028973659,-6.77043343838501));
#10986=CARTESIAN_POINT('',(29.4295442338892,-124.800062628549,-4.82573248110943));
#10987=CARTESIAN_POINT('',(93.2611492952875,-124.800062628549,-4.82573248110938));
#10988=CARTESIAN_POINT('',(31.3465333333333,-97.1457792826147,-7.24516877181242));
#10989=CARTESIAN_POINT('Ctrl Pts',(31.3465333333333,-97.1457792826147,-7.24516877181242));
#10990=CARTESIAN_POINT('Ctrl Pts',(27.888335497233,-104.761127212592,-6.5789121591338));
#10991=CARTESIAN_POINT('Ctrl Pts',(27.0897718930972,-116.831151721407,-5.52292184613249));
#10992=CARTESIAN_POINT('Ctrl Pts',(29.4295442338894,-124.800062628549,-4.82573248110937));
#10993=CARTESIAN_POINT('',(32.4170375,-94.7933588963241,-7.45097888746015));
#10994=CARTESIAN_POINT('',(45.5673662976748,-65.8956651616023,-9.97919949129239));
#10995=CARTESIAN_POINT('',(31.8503,-92.7545945615388,-7.62934765435481));
#10996=CARTESIAN_POINT('',(34.7571788910021,-103.211712730912,-6.71446836138367));
#10997=CARTESIAN_POINT('',(31.2835625,-81.4002454970422,-8.62272447921443));
#10998=CARTESIAN_POINT('Ctrl Pts',(31.2835625,-81.4002454970423,-8.62272447921443));
#10999=CARTESIAN_POINT('Ctrl Pts',(30.7797958333333,-84.9445588790536,-8.31263723830521));
#11000=CARTESIAN_POINT('Ctrl Pts',(31.0316791666667,-89.9003244928394,-7.87906392800737));
#11001=CARTESIAN_POINT('Ctrl Pts',(31.8503,-92.7545945615388,-7.62934765435481));
#11002=CARTESIAN_POINT('',(37.3287625,-65.5919805011686,-10.005768456367));
#11003=CARTESIAN_POINT('Ctrl Pts',(37.3287625,-65.5919805011687,-10.005768456367));
#11004=CARTESIAN_POINT('Ctrl Pts',(34.0542791666667,-70.3595524840512,-9.58865995532103));
#11005=CARTESIAN_POINT('Ctrl Pts',(32.0706979166667,-75.5662429390413,-9.13313356602077));
#11006=CARTESIAN_POINT('Ctrl Pts',(31.2835625,-81.4002454970423,-8.62272447921444));
#11007=CARTESIAN_POINT('',(39.0919458333333,-63.0513664839747,-10.2280433812666));
#11008=CARTESIAN_POINT('',(53.8050756160429,-41.850857690554,-12.0828475616725));
#11009=CARTESIAN_POINT('',(38.9030333333333,-58.8170097886513,-10.5985015894325));
#11010=CARTESIAN_POINT('',(39.512191528137,-72.4709134778082,-9.40393980375645));
#11011=CARTESIAN_POINT('',(40.5717604166667,-47.6508543550582,-11.5754136050402));
#11012=CARTESIAN_POINT('Ctrl Pts',(40.5717604166667,-47.6508543550582,-11.5754136050403));
#11013=CARTESIAN_POINT('Ctrl Pts',(39.0919458333333,-51.2578989473706,-11.2598380943805));
#11014=CARTESIAN_POINT('Ctrl Pts',(38.7141208333333,-53.7985129645646,-11.037563169481));
#11015=CARTESIAN_POINT('Ctrl Pts',(38.9030333333333,-58.8170097886514,-10.5985015894325));
#11016=CARTESIAN_POINT('',(46.9003291666667,-37.8647855480888,-12.4315836861347));
#11017=CARTESIAN_POINT('Ctrl Pts',(46.9003291666667,-37.8647855480888,-12.4315836861347));
#11018=CARTESIAN_POINT('Ctrl Pts',(44.22406875,-40.6563244064871,-12.1873556822328));
#11019=CARTESIAN_POINT('Ctrl Pts',(42.051575,-44.0438097627458,-11.8909891157));
#11020=CARTESIAN_POINT('Ctrl Pts',(40.5717604166667,-47.6508543550582,-11.5754136050402));
#11021=CARTESIAN_POINT('',(47.082903001896,-37.6753281661454,-12.448159059276));
#11022=CARTESIAN_POINT('',(63.4131509646687,-20.7293839588143,-13.9307370701604));
#11023=CARTESIAN_POINT('',(56.3153820462747,-37.6753281661454,-12.4481590592761));
#11024=CARTESIAN_POINT('',(105.554775378993,-37.6753281661454,-12.4481590592761));
#11025=CARTESIAN_POINT('',(57.4164583333333,-39.5271626210676,-12.2861445377436));
#11026=CARTESIAN_POINT('Ctrl Pts',(57.4164583333333,-39.5271626210676,-12.2861445377437));
#11027=CARTESIAN_POINT('Ctrl Pts',(57.0039538355899,-38.9107604306811,-12.340072741575));
#11028=CARTESIAN_POINT('Ctrl Pts',(56.63694560908,-38.2932594974053,-12.3940970729533));
#11029=CARTESIAN_POINT('Ctrl Pts',(56.3153820462746,-37.6753281661453,-12.448159059276));
#11030=CARTESIAN_POINT('',(90.4761458333333,-57.060535900221,-10.7521731424494));
#11031=CARTESIAN_POINT('Ctrl Pts',(90.4761458333333,-57.060535900221,-10.7521731424494));
#11032=CARTESIAN_POINT('Ctrl Pts',(74.8908645833333,-53.9553409903173,-11.0238424951044));
#11033=CARTESIAN_POINT('Ctrl Pts',(62.8004645833333,-47.5567575396066,-11.5836460096661));
#11034=CARTESIAN_POINT('Ctrl Pts',(57.4164583333333,-39.5271626210676,-12.2861445377437));
#11035=CARTESIAN_POINT('',(102.755458333333,-57.7819448186835,-10.6890580403174));
#11036=CARTESIAN_POINT('Ctrl Pts',(102.755458333333,-57.7819448186835,-10.6890580403175));
#11037=CARTESIAN_POINT('Ctrl Pts',(94.9785604166667,-57.7819448186835,-10.6890580403175));
#11038=CARTESIAN_POINT('Ctrl Pts',(93.71914375,-57.7192136083824,-10.6945463100681));
#11039=CARTESIAN_POINT('Ctrl Pts',(90.4761458333333,-57.060535900221,-10.7521731424495));
#11040=CARTESIAN_POINT('',(127.2511125,-53.9239753851668,-11.0265866299796));
#11041=CARTESIAN_POINT('Ctrl Pts',(127.2511125,-53.9239753851667,-11.0265866299797));
#11042=CARTESIAN_POINT('Ctrl Pts',(119.474214583333,-56.9664390847694,-10.7604055470753));
#11043=CARTESIAN_POINT('Ctrl Pts',(114.247635416667,-57.7819448186835,-10.6890580403174));
#11044=CARTESIAN_POINT('Ctrl Pts',(102.755458333333,-57.7819448186835,-10.6890580403174));
#11045=CARTESIAN_POINT('',(131.092333333333,-48.5604569044239,-11.4958336936564));
#11046=CARTESIAN_POINT('Ctrl Pts',(131.092333333333,-48.5604569044239,-11.4958336936565));
#11047=CARTESIAN_POINT('Ctrl Pts',(131.092333333333,-52.261598312188,-11.1720257783708));
#11048=CARTESIAN_POINT('Ctrl Pts',(130.871935416667,-52.5125231533923,-11.1500726993684));
#11049=CARTESIAN_POINT('Ctrl Pts',(127.2511125,-53.9239753851667,-11.0265866299798));
#11050=CARTESIAN_POINT('',(130.55708125,-46.1766709129827,-11.7043879441794));
#11051=CARTESIAN_POINT('Ctrl Pts',(130.55708125,-46.1766709129827,-11.7043879441795));
#11052=CARTESIAN_POINT('Ctrl Pts',(131.0293625,-45.9884772820794,-11.7208527534313));
#11053=CARTESIAN_POINT('Ctrl Pts',(131.092333333333,-46.2080365181332,-11.7016438093042));
#11054=CARTESIAN_POINT('Ctrl Pts',(131.092333333333,-48.5604569044239,-11.4958336936564));
#11055=CARTESIAN_POINT('',(119.852039583333,-49.1877690074348,-11.4409509961504));
#11056=CARTESIAN_POINT('Ctrl Pts',(119.852039583333,-49.1877690074348,-11.4409509961504));
#11057=CARTESIAN_POINT('Ctrl Pts',(122.5283,-48.7172849301766,-11.4821130192799));
#11058=CARTESIAN_POINT('Ctrl Pts',(128.29013125,-47.0862734623484,-11.6248080327957));
#11059=CARTESIAN_POINT('Ctrl Pts',(130.55708125,-46.1766709129827,-11.7043879441795));
#11060=CARTESIAN_POINT('',(94.8211333333333,-49.6268874795424,-11.4025331078961));
#11061=CARTESIAN_POINT('Ctrl Pts',(94.8211333333333,-49.6268874795424,-11.4025331078962));
#11062=CARTESIAN_POINT('Ctrl Pts',(101.873866666667,-50.7246836598114,-11.3064883872606));
#11063=CARTESIAN_POINT('Ctrl Pts',(112.264054166667,-50.5364900289081,-11.3229531965125));
#11064=CARTESIAN_POINT('Ctrl Pts',(119.852039583333,-49.1877690074348,-11.4409509961505));
#11065=CARTESIAN_POINT('',(66.9035358180667,-37.6753281661454,-12.448159059276));
#11066=CARTESIAN_POINT('Ctrl Pts',(66.9035358180667,-37.6753281661453,-12.4481590592761));
#11067=CARTESIAN_POINT('Ctrl Pts',(72.4510567049019,-43.1376518858491,-11.9702676572932));
#11068=CARTESIAN_POINT('Ctrl Pts',(83.0765108627158,-47.8113810014929,-11.5613693432833));
#11069=CARTESIAN_POINT('Ctrl Pts',(94.8211333333333,-49.6268874795424,-11.4025331078961));
#11070=CARTESIAN_POINT('',(75.8195684334095,-37.6753281661454,-12.4481590592761));
#11071=CARTESIAN_POINT('',(113.582097267396,-37.6753281661454,-12.4481590592761));
#11072=CARTESIAN_POINT('',(124.952677083333,-42.381432689767,-12.0364282640911));
#11073=CARTESIAN_POINT('Ctrl Pts',(124.952677083333,-42.381432689767,-12.0364282640911));
#11074=CARTESIAN_POINT('Ctrl Pts',(109.549485209484,-47.2847753088105,-11.6074413715413));
#11075=CARTESIAN_POINT('Ctrl Pts',(88.4219298728662,-45.1063086165673,-11.7980325109814));
#11076=CARTESIAN_POINT('Ctrl Pts',(75.8195684334095,-37.6753281661453,-12.4481590592761));
#11077=CARTESIAN_POINT('',(131.973925,-38.335269625347,-12.3904216630051));
#11078=CARTESIAN_POINT('Ctrl Pts',(131.973925,-38.335269625347,-12.3904216630052));
#11079=CARTESIAN_POINT('Ctrl Pts',(131.470158333333,-39.9035498828741,-12.25321491924));
#11080=CARTESIAN_POINT('Ctrl Pts',(129.832916666667,-40.8445180373904,-12.1708908729809));
#11081=CARTESIAN_POINT('Ctrl Pts',(124.952677083333,-42.381432689767,-12.0364282640911));
#11082=CARTESIAN_POINT('',(132.134932391637,-37.6753281661454,-12.448159059276));
#11083=CARTESIAN_POINT('Ctrl Pts',(132.134932391638,-37.675328166141,-12.4481590592765));
#11084=CARTESIAN_POINT('Ctrl Pts',(132.087849905991,-37.9313527640949,-12.4257598093717));
#11085=CARTESIAN_POINT('Ctrl Pts',(132.033161918712,-38.1582351122893,-12.4059101759506));
#11086=CARTESIAN_POINT('Ctrl Pts',(131.973925,-38.335269625347,-12.3904216630052));
#11087=CARTESIAN_POINT('',(137.08961669446,-37.6753281661454,-12.448159059276));
#11088=CARTESIAN_POINT('',(146.739022401007,-37.6753281661454,-12.4481590592761));
#11089=CARTESIAN_POINT('',(136.759708333333,-40.6876900116377,-12.1846115473574));
#11090=CARTESIAN_POINT('Ctrl Pts',(136.759708333333,-40.6876900116377,-12.1846115473575));
#11091=CARTESIAN_POINT('Ctrl Pts',(136.871155004964,-39.9244097507717,-12.2513899172764));
#11092=CARTESIAN_POINT('Ctrl Pts',(136.982601676595,-38.894026795184,-12.3415367449806));
#11093=CARTESIAN_POINT('Ctrl Pts',(137.08961669446,-37.6753281661421,-12.4481590592764));
#11094=CARTESIAN_POINT('',(136.444854166667,-46.3962301490365,-11.6851790000523));
#11095=CARTESIAN_POINT('Ctrl Pts',(136.444854166667,-46.3962301490365,-11.6851790000524));
#11096=CARTESIAN_POINT('Ctrl Pts',(136.444854166667,-44.3574658142512,-11.8635477669471));
#11097=CARTESIAN_POINT('Ctrl Pts',(136.60228125,-41.8168517970572,-12.0858226918466));
#11098=CARTESIAN_POINT('Ctrl Pts',(136.759708333333,-40.6876900116377,-12.1846115473575));
#11099=CARTESIAN_POINT('',(135.972572916667,-52.5125231533923,-11.1500726993683));
#11100=CARTESIAN_POINT('Ctrl Pts',(135.972572916667,-52.5125231533923,-11.1500726993683));
#11101=CARTESIAN_POINT('Ctrl Pts',(136.22445625,-51.163802131919,-11.2680704990063));
#11102=CARTESIAN_POINT('Ctrl Pts',(136.444854166667,-48.4036288786712,-11.509554368033));
#11103=CARTESIAN_POINT('Ctrl Pts',(136.444854166667,-46.3962301490365,-11.6851790000523));
#11104=CARTESIAN_POINT('',(136.004058333333,-60.353924441028,-10.4640389805426));
#11105=CARTESIAN_POINT('Ctrl Pts',(136.004058333333,-60.353924441028,-10.4640389805426));
#11106=CARTESIAN_POINT('Ctrl Pts',(135.37435,-57.6878480032319,-10.6972904449433));
#11107=CARTESIAN_POINT('Ctrl Pts',(135.37435,-55.6490836684466,-10.875659211838));
#11108=CARTESIAN_POINT('Ctrl Pts',(135.972572916667,-52.5125231533923,-11.1500726993683));
#11109=CARTESIAN_POINT('',(136.3189125,-66.2820238144806,-9.94539748911039));
#11110=CARTESIAN_POINT('Ctrl Pts',(136.3189125,-66.2820238144806,-9.94539748911039));
#11111=CARTESIAN_POINT('Ctrl Pts',(136.476339583333,-63.3650225354801,-10.2006020325135));
#11112=CARTESIAN_POINT('Ctrl Pts',(136.381883333333,-61.9849359088563,-10.3213439670268));
#11113=CARTESIAN_POINT('Ctrl Pts',(136.004058333333,-60.353924441028,-10.4640389805426));
#11114=CARTESIAN_POINT('',(137.861697916667,-79.1105563210526,-8.82304632511154));
#11115=CARTESIAN_POINT('Ctrl Pts',(137.861697916667,-79.1105563210526,-8.82304632511154));
#11116=CARTESIAN_POINT('Ctrl Pts',(136.381883333333,-72.429682423987,-9.40754705355104));
#11117=CARTESIAN_POINT('Ctrl Pts',(136.13,-70.3595524840512,-9.58865995532102));
#11118=CARTESIAN_POINT('Ctrl Pts',(136.3189125,-66.2820238144806,-9.94539748911044));
#11119=CARTESIAN_POINT('',(139.1526,-86.0109894541719,-8.21933665254492));
#11120=CARTESIAN_POINT('Ctrl Pts',(139.1526,-86.010989454172,-8.21933665254492));
#11121=CARTESIAN_POINT('Ctrl Pts',(138.900716666667,-84.2858811708922,-8.37026407068657));
#11122=CARTESIAN_POINT('Ctrl Pts',(138.30249375,-81.1806862609885,-8.64193342334155));
#11123=CARTESIAN_POINT('Ctrl Pts',(137.861697916667,-79.1105563210526,-8.82304632511154));
#11124=CARTESIAN_POINT('',(140.034191666667,-90.7158302267534,-7.80771642124949));
#11125=CARTESIAN_POINT('Ctrl Pts',(140.034191666667,-90.7158302267535,-7.80771642124949));
#11126=CARTESIAN_POINT('Ctrl Pts',(139.782308333333,-89.8375932825383,-7.88455219775796));
#11127=CARTESIAN_POINT('Ctrl Pts',(139.404483333333,-87.7360977374519,-8.06840923440325));
#11128=CARTESIAN_POINT('Ctrl Pts',(139.1526,-86.010989454172,-8.21933665254491));
#11129=CARTESIAN_POINT('',(142.143714583333,-101.536964003691,-6.86098988927002));
#11130=CARTESIAN_POINT('Ctrl Pts',(142.143714583333,-101.536964003691,-6.86098988927004));
#11131=CARTESIAN_POINT('Ctrl Pts',(141.860345833333,-98.6199627246903,-7.1161944326732));
#11132=CARTESIAN_POINT('Ctrl Pts',(140.915783333333,-93.8210251366572,-7.53604706859454));
#11133=CARTESIAN_POINT('Ctrl Pts',(140.034191666667,-90.7158302267535,-7.80771642124952));
#11134=CARTESIAN_POINT('',(143.906897916667,-106.586826432928,-6.41918417434626));
#11135=CARTESIAN_POINT('Ctrl Pts',(143.906897916667,-106.586826432928,-6.41918417434625));
#11136=CARTESIAN_POINT('Ctrl Pts',(142.804908333333,-105.990879935067,-6.471322736977));
#11137=CARTESIAN_POINT('Ctrl Pts',(142.45856875,-105.049911780551,-6.55364678323609));
#11138=CARTESIAN_POINT('Ctrl Pts',(142.143714583333,-101.53696400369,-6.86098988927));
#11139=CARTESIAN_POINT('',(148.2204,-106.461364012326,-6.43016071384748));
#11140=CARTESIAN_POINT('Ctrl Pts',(148.2204,-106.461364012326,-6.43016071384752));
#11141=CARTESIAN_POINT('Ctrl Pts',(147.18138125,-107.120041720488,-6.37253388146616));
#11142=CARTESIAN_POINT('Ctrl Pts',(145.071858333333,-107.214138535939,-6.36430147684026));
#11143=CARTESIAN_POINT('Ctrl Pts',(143.906897916667,-106.586826432929,-6.41918417434631));
#11144=CARTESIAN_POINT('',(150.266952083333,-100.90965190068,-6.91587258677608));
#11145=CARTESIAN_POINT('Ctrl Pts',(150.266952083333,-100.90965190068,-6.91587258677611));
#11146=CARTESIAN_POINT('Ctrl Pts',(149.857641666667,-104.453965282692,-6.60578534586689));
#11147=CARTESIAN_POINT('Ctrl Pts',(149.385360416667,-105.677223883563,-6.49876408573008));
#11148=CARTESIAN_POINT('Ctrl Pts',(148.2204,-106.461364012326,-6.43016071384751));
#11149=CARTESIAN_POINT('',(151.71528125,-93.8523907418078,-7.53330293371921));
#11150=CARTESIAN_POINT('Ctrl Pts',(151.71528125,-93.8523907418078,-7.53330293371921));
#11151=CARTESIAN_POINT('Ctrl Pts',(151.117058333333,-96.0793487074963,-7.33846935757272));
#11152=CARTESIAN_POINT('Ctrl Pts',(150.48735,-99.2786404328517,-7.05856760029183));
#11153=CARTESIAN_POINT('Ctrl Pts',(150.266952083333,-100.909651900679,-6.91587258677608));
#11154=CARTESIAN_POINT('',(153.446979166667,-86.0109894541719,-8.21933665254492));
#11155=CARTESIAN_POINT('Ctrl Pts',(153.446979166667,-86.010989454172,-8.21933665254492));
#11156=CARTESIAN_POINT('Ctrl Pts',(153.069154166667,-88.0811193941079,-8.03822375077493));
#11157=CARTESIAN_POINT('Ctrl Pts',(152.28201875,-91.5940671709687,-7.73088064474102));
#11158=CARTESIAN_POINT('Ctrl Pts',(151.71528125,-93.8523907418078,-7.53330293371921));
#11159=CARTESIAN_POINT('',(155.084220833333,-77.6991040892782,-8.94653239450016));
#11160=CARTESIAN_POINT('Ctrl Pts',(155.084220833333,-77.6991040892782,-8.94653239450016));
#11161=CARTESIAN_POINT('Ctrl Pts',(154.54896875,-80.2083525013216,-8.72700160447594));
#11162=CARTESIAN_POINT('Ctrl Pts',(153.79331875,-83.9408595142362,-8.4004495543149));
#11163=CARTESIAN_POINT('Ctrl Pts',(153.446979166667,-86.010989454172,-8.21933665254492));
#11164=CARTESIAN_POINT('',(156.186210416667,-65.7801741320719,-9.98930364711523));
#11165=CARTESIAN_POINT('Ctrl Pts',(156.186210416667,-65.7801741320719,-9.98930364711524));
#11166=CARTESIAN_POINT('Ctrl Pts',(156.091754166667,-72.6178760548903,-9.39108224429922));
#11167=CARTESIAN_POINT('Ctrl Pts',(155.997297916667,-73.4647473939549,-9.31699060266604));
#11168=CARTESIAN_POINT('Ctrl Pts',(155.084220833333,-77.6991040892782,-8.94653239450016));
#11169=CARTESIAN_POINT('',(155.713929166667,-40.0603779086268,-12.2394942448635));
#11170=CARTESIAN_POINT('Ctrl Pts',(155.713929166667,-40.0603779086268,-12.2394942448635));
#11171=CARTESIAN_POINT('Ctrl Pts',(156.24918125,-43.2283040288316,-11.9623366224579));
#11172=CARTESIAN_POINT('Ctrl Pts',(156.406608333333,-52.0734046812847,-11.1884905876225));
#11173=CARTESIAN_POINT('Ctrl Pts',(156.186210416667,-65.7801741320719,-9.98930364711525));
#11174=CARTESIAN_POINT('',(155.435191108092,-37.6753281661454,-12.448159059276));
#11175=CARTESIAN_POINT('Ctrl Pts',(155.435191108091,-37.6753281661361,-12.4481590592769));
#11176=CARTESIAN_POINT('Ctrl Pts',(155.539073314259,-38.744454171508,-12.3546226539261));
#11177=CARTESIAN_POINT('Ctrl Pts',(155.636955672677,-39.6002943889903,-12.2797463371068));
#11178=CARTESIAN_POINT('Ctrl Pts',(155.713929166667,-40.0603779086268,-12.2394942448636));
#11179=CARTESIAN_POINT('',(160.426363160591,-37.6753281661454,-12.4481590592761));
#11180=CARTESIAN_POINT('',(158.095125875207,-37.6753281661454,-12.4481590592761));
#11181=CARTESIAN_POINT('',(160.8775375,-39.1507753592611,-12.3190741562473));
#11182=CARTESIAN_POINT('Ctrl Pts',(160.8775375,-39.1507753592611,-12.3190741562473));
#11183=CARTESIAN_POINT('Ctrl Pts',(160.724666216488,-38.9794496018704,-12.334063217789));
#11184=CARTESIAN_POINT('Ctrl Pts',(160.560197485751,-38.4268644350438,-12.3824081555189));
#11185=CARTESIAN_POINT('Ctrl Pts',(160.426363160592,-37.6753281661453,-12.4481590592761));
#11186=CARTESIAN_POINT('',(174.4792375,-43.9497129472941,-11.8992215203259));
#11187=CARTESIAN_POINT('Ctrl Pts',(174.4792375,-43.9497129472941,-11.899221520326));
#11188=CARTESIAN_POINT('Ctrl Pts',(169.158202083333,-43.0401103979284,-11.9788014317097));
#11189=CARTESIAN_POINT('Ctrl Pts',(162.136954166667,-40.5622275910355,-12.1955880868587));
#11190=CARTESIAN_POINT('Ctrl Pts',(160.8775375,-39.1507753592611,-12.3190741562473));
#11191=CARTESIAN_POINT('',(217.272704330547,-37.6753281661454,-12.448159059276));
#11192=CARTESIAN_POINT('Ctrl Pts',(217.272704330547,-37.6753281661454,-12.4481590592761));
#11193=CARTESIAN_POINT('Ctrl Pts',(207.233450806629,-43.9600736925872,-11.8983150725672));
#11194=CARTESIAN_POINT('Ctrl Pts',(190.129485860226,-46.6293635542166,-11.66478247001));
#11195=CARTESIAN_POINT('Ctrl Pts',(174.4792375,-43.9497129472941,-11.8992215203261));
#11196=CARTESIAN_POINT('',(226.12641336272,-37.6753281661454,-12.448159059276));
#11197=CARTESIAN_POINT('',(192.437081027841,-37.6753281661454,-12.4481590592761));
#11198=CARTESIAN_POINT('',(202.564229166667,-48.8427473507788,-11.4711364797787));
#11199=CARTESIAN_POINT('Ctrl Pts',(202.564229166667,-48.8427473507788,-11.4711364797788));
#11200=CARTESIAN_POINT('Ctrl Pts',(212.928648279124,-46.7082564236099,-11.657880238305));
#11201=CARTESIAN_POINT('Ctrl Pts',(221.38072540182,-42.6490607004452,-12.0130138471148));
#11202=CARTESIAN_POINT('Ctrl Pts',(226.12641336272,-37.6753281661452,-12.4481590592762));
#11203=CARTESIAN_POINT('',(184.932395833333,-50.3169307928543,-11.3421621406395));
#11204=CARTESIAN_POINT('Ctrl Pts',(184.932395833333,-50.3169307928543,-11.3421621406395));
#11205=CARTESIAN_POINT('Ctrl Pts',(191.701760416667,-50.5364900289081,-11.3229531965124));
#11206=CARTESIAN_POINT('Ctrl Pts',(196.204175,-50.1601027671016,-11.355882815016));
#11207=CARTESIAN_POINT('Ctrl Pts',(202.564229166667,-48.8427473507788,-11.4711364797787));
#11208=CARTESIAN_POINT('',(164.214991666667,-46.6157893850903,-11.6659700559252));
#11209=CARTESIAN_POINT('Ctrl Pts',(164.214991666667,-46.6157893850903,-11.6659700559253));
#11210=CARTESIAN_POINT('Ctrl Pts',(169.819395833333,-48.8741129559293,-11.4683923449035));
#11211=CARTESIAN_POINT('Ctrl Pts',(176.525789583333,-50.06600595165,-11.364115219642));
#11212=CARTESIAN_POINT('Ctrl Pts',(184.932395833333,-50.3169307928543,-11.3421621406396));
#11213=CARTESIAN_POINT('',(161.601702083333,-45.7061868357245,-11.745549967309));
#11214=CARTESIAN_POINT('Ctrl Pts',(161.601702083333,-45.7061868357245,-11.745549967309));
#11215=CARTESIAN_POINT('Ctrl Pts',(161.759129166667,-45.7061868357245,-11.745549967309));
#11216=CARTESIAN_POINT('Ctrl Pts',(162.955575,-46.1139397026816,-11.7098762139301));
#11217=CARTESIAN_POINT('Ctrl Pts',(164.214991666667,-46.6157893850903,-11.6659700559252));
#11218=CARTESIAN_POINT('',(161.318333333333,-48.7800161404777,-11.4766247495293));
#11219=CARTESIAN_POINT('Ctrl Pts',(161.318333333333,-48.7800161404777,-11.4766247495294));
#11220=CARTESIAN_POINT('Ctrl Pts',(161.318333333333,-47.0862734623484,-11.6248080327958));
#11221=CARTESIAN_POINT('Ctrl Pts',(161.444275,-45.7061868357245,-11.7455499673091));
#11222=CARTESIAN_POINT('Ctrl Pts',(161.601702083333,-45.7061868357245,-11.7455499673091));
#11223=CARTESIAN_POINT('',(163.9001375,-53.5162225182096,-11.0622603833586));
#11224=CARTESIAN_POINT('Ctrl Pts',(163.9001375,-53.5162225182097,-11.0622603833586));
#11225=CARTESIAN_POINT('Ctrl Pts',(161.412789583333,-52.4497919430912,-11.1555609691189));
#11226=CARTESIAN_POINT('Ctrl Pts',(161.318333333333,-52.2929639173385,-11.1692816434954));
#11227=CARTESIAN_POINT('Ctrl Pts',(161.318333333333,-48.7800161404777,-11.4766247495293));
#11228=CARTESIAN_POINT('',(180.681864583333,-57.6564823980814,-10.7000345798187));
#11229=CARTESIAN_POINT('Ctrl Pts',(180.681864583333,-57.6564823980814,-10.7000345798187));
#11230=CARTESIAN_POINT('Ctrl Pts',(174.38478125,-56.8723422693178,-10.7686379517013));
#11231=CARTESIAN_POINT('Ctrl Pts',(168.276610416667,-55.3667932220917,-10.9003564257158));
#11232=CARTESIAN_POINT('Ctrl Pts',(163.9001375,-53.5162225182097,-11.0622603833587));
#11233=CARTESIAN_POINT('',(199.4156875,-57.6878480032319,-10.6972904449434));
#11234=CARTESIAN_POINT('Ctrl Pts',(199.4156875,-57.6878480032319,-10.6972904449434));
#11235=CARTESIAN_POINT('Ctrl Pts',(195.983777083333,-58.15833208049,-10.6561284218139));
#11236=CARTESIAN_POINT('Ctrl Pts',(184.77496875,-58.15833208049,-10.6561284218139));
#11237=CARTESIAN_POINT('Ctrl Pts',(180.681864583333,-57.6564823980814,-10.7000345798187));
#11238=CARTESIAN_POINT('',(232.601316666667,-43.196938423681,-11.9650807573332));
#11239=CARTESIAN_POINT('Ctrl Pts',(232.601316666667,-43.1969384236811,-11.9650807573333));
#11240=CARTESIAN_POINT('Ctrl Pts',(225.611554166667,-50.473758818607,-11.3284414662631));
#11241=CARTESIAN_POINT('Ctrl Pts',(213.836008333333,-55.6177180632961,-10.8784033467134));
#11242=CARTESIAN_POINT('Ctrl Pts',(199.4156875,-57.6878480032319,-10.6972904449434));
#11243=CARTESIAN_POINT('',(236.698517076487,-37.6753281661454,-12.448159059276));
#11244=CARTESIAN_POINT('Ctrl Pts',(236.698517076487,-37.6753281661452,-12.4481590592761));
#11245=CARTESIAN_POINT('Ctrl Pts',(235.739054944155,-39.5048445950747,-12.2880971120103));
#11246=CARTESIAN_POINT('Ctrl Pts',(234.373803914581,-41.3420171158433,-12.1273653435017));
#11247=CARTESIAN_POINT('Ctrl Pts',(232.601316666667,-43.1969384236811,-11.9650807573332));
#11248=CARTESIAN_POINT('',(245.658472245162,-37.6753281661454,-12.4481590592761));
#11249=CARTESIAN_POINT('',(200.0470859375,-37.6753281661454,-12.4481590592761));
#11250=CARTESIAN_POINT('',(246.045589583333,-38.0843447841426,-12.4123747420076));
#11251=CARTESIAN_POINT('',(235.635477365568,-27.085331119727,-13.3746637476107));
#11252=CARTESIAN_POINT('',(254.10585625,-61.5144518315981,-10.3625059901564));
#11253=CARTESIAN_POINT('Ctrl Pts',(254.10585625,-61.5144518315981,-10.3625059901564));
#11254=CARTESIAN_POINT('Ctrl Pts',(255.42824375,-54.1435346212206,-11.0073776858525));
#11255=CARTESIAN_POINT('Ctrl Pts',(252.090789583333,-44.4829282348533,-11.8525712274458));
#11256=CARTESIAN_POINT('Ctrl Pts',(246.045589583333,-38.0843447841426,-12.4123747420076));
#11257=CARTESIAN_POINT('',(254.357739583333,-64.7137435569535,-10.0826042328755));
#11258=CARTESIAN_POINT('Ctrl Pts',(254.357739583333,-64.7137435569535,-10.0826042328755));
#11259=CARTESIAN_POINT('Ctrl Pts',(253.696545833333,-63.992334638491,-10.1457193350075));
#11260=CARTESIAN_POINT('Ctrl Pts',(253.696545833333,-63.8982378230394,-10.1539517396334));
#11261=CARTESIAN_POINT('Ctrl Pts',(254.10585625,-61.5144518315981,-10.3625059901564));
#11262=CARTESIAN_POINT('',(259.4898625,-75.0643932566326,-9.1770397240256));
#11263=CARTESIAN_POINT('Ctrl Pts',(259.4898625,-75.0643932566326,-9.1770397240256));
#11264=CARTESIAN_POINT('Ctrl Pts',(258.45084375,-71.9591983467289,-9.44870907668058));
#11265=CARTESIAN_POINT('Ctrl Pts',(255.459729166667,-65.8742709475236,-9.98107124248934));
#11266=CARTESIAN_POINT('Ctrl Pts',(254.357739583333,-64.7137435569535,-10.0826042328755));
#11267=CARTESIAN_POINT('',(260.938191666667,-92.1272824585279,-7.68423035186087));
#11268=CARTESIAN_POINT('Ctrl Pts',(260.938191666667,-92.1272824585279,-7.68423035186087));
#11269=CARTESIAN_POINT('Ctrl Pts',(261.945725,-86.7951295829356,-8.15073328066235));
#11270=CARTESIAN_POINT('Ctrl Pts',(261.47344375,-80.9611270249346,-8.66114236746867));
#11271=CARTESIAN_POINT('Ctrl Pts',(259.4898625,-75.0643932566326,-9.1770397240256));
#11272=CARTESIAN_POINT('',(260.402939583333,-94.8247245014745,-7.44823475258484));
#11273=CARTESIAN_POINT('',(259.763366277347,-98.0479009800611,-7.1662433501651));
#11274=CARTESIAN_POINT('',(261.28453125,-96.5184671796039,-7.30005146931847));
#11275=CARTESIAN_POINT('',(246.958235971959,-68.994321195274,-9.70810221617991));
#11276=CARTESIAN_POINT('',(264.5905,-117.941175497425,-5.42580734948665));
#11277=CARTESIAN_POINT('Ctrl Pts',(264.5905,-117.941175497425,-5.42580734948666));
#11278=CARTESIAN_POINT('Ctrl Pts',(265.220208333333,-109.911580578886,-6.12830587756418));
#11279=CARTESIAN_POINT('Ctrl Pts',(263.992277083333,-101.850620055197,-6.83354854051701));
#11280=CARTESIAN_POINT('Ctrl Pts',(261.28453125,-96.5184671796039,-7.30005146931848));
#11281=CARTESIAN_POINT('',(263.59456174911,-124.800062628549,-4.82573248110938));
#11282=CARTESIAN_POINT('Ctrl Pts',(263.59456174911,-124.80006262855,-4.82573248110937));
#11283=CARTESIAN_POINT('Ctrl Pts',(264.059087830962,-123.09083528311,-4.97527049722381));
#11284=CARTESIAN_POINT('Ctrl Pts',(264.310008129805,-121.208292891254,-5.13997161511824));
#11285=CARTESIAN_POINT('Ctrl Pts',(264.5905,-117.941175497425,-5.42580734948664));
#11286=CARTESIAN_POINT('',(257.476356262268,-124.800062628549,-4.82573248110939));
#11287=CARTESIAN_POINT('',(93.2611492952875,-124.800062628549,-4.82573248110938));
#11288=CARTESIAN_POINT('',(259.049066666667,-113.769550012403,-5.79077728790193));
#11289=CARTESIAN_POINT('Ctrl Pts',(259.049066666667,-113.769550012403,-5.79077728790192));
#11290=CARTESIAN_POINT('Ctrl Pts',(259.075669546795,-118.725358214135,-5.35720025164148));
#11291=CARTESIAN_POINT('Ctrl Pts',(258.652722567949,-121.777849875209,-5.09014183579012));
#11292=CARTESIAN_POINT('Ctrl Pts',(257.476356262268,-124.800062628549,-4.82573248110939));
#11293=CARTESIAN_POINT('Ctrl Pts',(258.198960416667,-105.206739806305,-6.53992610885957));
#11294=CARTESIAN_POINT('Ctrl Pts',(258.891639583333,-108.343300321359,-6.26551262132929));
#11295=CARTESIAN_POINT('Ctrl Pts',(259.049066666667,-109.660655737682,-6.15025895656657));
#11296=CARTESIAN_POINT('Ctrl Pts',(259.049066666667,-113.769550012403,-5.79077728790191));
#11297=CARTESIAN_POINT('Origin',(22.35,-121.84942236776,-5.03368906219448));
#11298=CARTESIAN_POINT('',(18.1,-121.84942236776,-5.03368906219448));
#11299=CARTESIAN_POINT('Origin',(272.925,-42.1538465204209,-12.0061484820071));
#11300=CARTESIAN_POINT('',(268.675,-42.1538465204209,-12.0061484820071));
#11301=CARTESIAN_POINT('Ctrl Pts',(13.8499993928626,-124.115656181238,1.37809622976482E-6));
#11302=CARTESIAN_POINT('Ctrl Pts',(13.8499999970848,-124.115652475535,7.31577449873041E-9));
#11303=CARTESIAN_POINT('Ctrl Pts',(13.8499999916594,-123.947563837583,2.17491804130582E-8));
#11304=CARTESIAN_POINT('Ctrl Pts',(13.8499999837183,-123.239390165843,4.51236183559452E-8));
#11305=CARTESIAN_POINT('Ctrl Pts',(13.849999974627,-121.610329847976,7.58640498759356E-8));
#11306=CARTESIAN_POINT('Ctrl Pts',(13.8499999674311,-119.063609005933,1.06306335768835E-7));
#11307=CARTESIAN_POINT('Ctrl Pts',(13.8499999617715,-115.826674753313,1.36237930251554E-7));
#11308=CARTESIAN_POINT('Ctrl Pts',(13.8499999547191,-109.328869255991,1.85485319798501E-7));
#11309=CARTESIAN_POINT('Ctrl Pts',(13.8499999518426,-99.4180479588767,2.40737237608895E-7));
#11310=CARTESIAN_POINT('Ctrl Pts',(13.8499999548472,-81.6681563984147,3.18953504414684E-7));
#11311=CARTESIAN_POINT('Ctrl Pts',(13.8499999671177,-59.4067850933685,3.95223537099362E-7));
#11312=CARTESIAN_POINT('Ctrl Pts',(13.8499999810274,-41.5430167748611,4.45668535664589E-7));
#11313=CARTESIAN_POINT('Ctrl Pts',(13.8499999887036,-32.6055422406892,4.68982964421709E-7));
#11314=CARTESIAN_POINT('Ctrl Pts',(13.8499999995985,-124.595509984219,-1.59998464085661E-10));
#11315=CARTESIAN_POINT('Ctrl Pts',(13.8826964729986,-124.595509984219,-0.0820534217018949));
#11316=CARTESIAN_POINT('Ctrl Pts',(13.9435479816178,-124.42743969116,-0.243937900407516));
#11317=CARTESIAN_POINT('Ctrl Pts',(14.0326144371386,-123.719343266602,-0.506104621446668));
#11318=CARTESIAN_POINT('Ctrl Pts',(14.1345819813933,-122.090460653221,-0.850888019270652));
#11319=CARTESIAN_POINT('Ctrl Pts',(14.2152919765638,-119.544018463694,-1.19232742822977));
#11320=CARTESIAN_POINT('Ctrl Pts',(14.2787694936988,-116.307437743591,-1.52803894365331));
#11321=CARTESIAN_POINT('Ctrl Pts',(14.3578683949383,-109.810346484534,-2.08039561097507));
#11322=CARTESIAN_POINT('Ctrl Pts',(14.3901313180982,-99.9006121164661,-2.70009881685851));
#11323=CARTESIAN_POINT('Ctrl Pts',(14.356432407801,-82.1526982913486,-3.577369203134));
#11324=CARTESIAN_POINT('Ctrl Pts',(14.2188071005458,-59.893800172783,-4.43281070819591));
#11325=CARTESIAN_POINT('Ctrl Pts',(14.06279571911,-42.0321056625786,-4.99859970735678));
#11326=CARTESIAN_POINT('Ctrl Pts',(13.9766996199073,-33.0956325154908,-5.26009336739037));
#11327=CARTESIAN_POINT('Ctrl Pts',(13.865762238476,-125.715177506986,0.00628090335993368));
#11328=CARTESIAN_POINT('Ctrl Pts',(13.9747879343487,-125.715177506986,-0.267324487437658));
#11329=CARTESIAN_POINT('Ctrl Pts',(14.1811494903535,-125.547149989009,-0.805766697988773));
#11330=CARTESIAN_POINT('Ctrl Pts',(14.4928632772419,-124.839233820939,-1.67468175258692));
#11331=CARTESIAN_POINT('Ctrl Pts',(14.867106114466,-123.210766151931,-2.81321984691096));
#11332=CARTESIAN_POINT('Ctrl Pts',(15.1904590290058,-120.664974005451,-3.93649893101709));
#11333=CARTESIAN_POINT('Ctrl Pts',(15.4718986563934,-117.429221222295,-5.03918509764477));
#11334=CARTESIAN_POINT('Ctrl Pts',(15.8768166396518,-110.933797692451,-6.85178521886829));
#11335=CARTESIAN_POINT('Ctrl Pts',(16.2035506000751,-101.02662119851,-8.88738366736836));
#11336=CARTESIAN_POINT('Ctrl Pts',(16.4885142818124,-83.2833450159861,-11.7857983474309));
#11337=CARTESIAN_POINT('Ctrl Pts',(16.5366091535866,-61.0303434894142,-14.6500985069636));
#11338=CARTESIAN_POINT('Ctrl Pts',(16.4234083178941,-43.1735052707224,-16.5824836584804));
#11339=CARTESIAN_POINT('Ctrl Pts',(16.3426130394539,-34.239469595394,-17.4869265704528));
#11340=CARTESIAN_POINT('Ctrl Pts',(13.9182888994931,-126.833645201142,0.0272116158454069));
#11341=CARTESIAN_POINT('Ctrl Pts',(14.1036493964474,-126.833645201142,-0.437959744003794));
#11342=CARTESIAN_POINT('Ctrl Pts',(14.4635731036472,-126.665398020625,-1.34978551117544));
#11343=CARTESIAN_POINT('Ctrl Pts',(15.0318565122939,-125.956556430746,-2.81207051783984));
#11344=CARTESIAN_POINT('Ctrl Pts',(15.7564776295986,-124.325959035209,-4.71367993929474));
#11345=CARTESIAN_POINT('Ctrl Pts',(16.4448911135312,-121.776829961743,-6.57102497679786));
#11346=CARTESIAN_POINT('Ctrl Pts',(17.10013869517,-118.536833109943,-8.38028907013901));
#11347=CARTESIAN_POINT('Ctrl Pts',(18.1449195353669,-112.032854442195,-11.3320728489854));
#11348=CARTESIAN_POINT('Ctrl Pts',(19.2470073298177,-102.112595308389,-14.6003913119748));
#11349=CARTESIAN_POINT('Ctrl Pts',(20.7215960298948,-84.3455916723989,-19.1920637546744));
#11350=CARTESIAN_POINT('Ctrl Pts',(22.0571219985517,-62.0626129345346,-23.6571152355559));
#11351=CARTESIAN_POINT('Ctrl Pts',(22.892527300011,-44.1809829376444,-26.6239419707556));
#11352=CARTESIAN_POINT('Ctrl Pts',(23.2681689804762,-35.2346617149445,-28.0076135311468));
#11353=CARTESIAN_POINT('Ctrl Pts',(13.9602845530649,-127.471856101679,0.0439459548178545));
#11354=CARTESIAN_POINT('Ctrl Pts',(14.1892311499777,-127.471856101679,-0.530606884480023));
#11355=CARTESIAN_POINT('Ctrl Pts',(14.6394483268177,-127.30328392359,-1.65457249168445));
#11356=CARTESIAN_POINT('Ctrl Pts',(15.3650730774224,-126.593073140171,-3.45080789576343));
#11357=CARTESIAN_POINT('Ctrl Pts',(16.3143243506009,-124.959327173752,-5.77607034579047));
#11358=CARTESIAN_POINT('Ctrl Pts',(17.2486568708137,-122.405282882987,-8.03188533810568));
#11359=CARTESIAN_POINT('Ctrl Pts',(18.1639927260959,-119.159043540532,-10.2160400945257));
#11360=CARTESIAN_POINT('Ctrl Pts',(19.6654400737777,-112.642565433358,-13.7575457593968));
#11361=CARTESIAN_POINT('Ctrl Pts',(21.3440407288436,-102.70328812772,-17.6255885331586));
#11362=CARTESIAN_POINT('Ctrl Pts',(23.7212379196707,-84.9025051537102,-22.9769851631168));
#11363=CARTESIAN_POINT('Ctrl Pts',(26.0521156163929,-62.5774440920758,-28.0610545325143));
#11364=CARTESIAN_POINT('Ctrl Pts',(27.6096255628059,-44.662716130704,-31.3609957030626));
#11365=CARTESIAN_POINT('Ctrl Pts',(28.3359361213794,-35.6997835414397,-32.8805525205334));
#11366=CARTESIAN_POINT('Ctrl Pts',(13.8669834708781,-125.339816926975,-2.63677968348475E-15));
#11367=CARTESIAN_POINT('Ctrl Pts',(14.0877745565143,-125.340076207873,-0.554122756324014));
#11368=CARTESIAN_POINT('Ctrl Pts',(14.5445884394728,-125.387289629788,-1.70974218331956));
#11369=CARTESIAN_POINT('Ctrl Pts',(15.2534183747378,-125.431616198646,-3.38451899744915));
#11370=CARTESIAN_POINT('Ctrl Pts',(15.7478302502903,-125.460499710638,-4.46692315632111));
#11371=CARTESIAN_POINT('Ctrl Pts',(15.9850507799208,-125.47322436658,-4.96749520792222));
#11372=CARTESIAN_POINT('Ctrl Pts',(15.94372330732,-33.8026638934538,-12.8015027405022));
#11373=CARTESIAN_POINT('Ctrl Pts',(15.9516262811303,-33.8256061053761,-12.8252828642699));
#11374=CARTESIAN_POINT('Ctrl Pts',(15.958932810536,-33.8509495964768,-12.8468343270758));
#11375=CARTESIAN_POINT('Ctrl Pts',(15.9734771927574,-33.9116417013724,-12.8887470127796));
#11376=CARTESIAN_POINT('Ctrl Pts',(15.9803127170969,-33.9477380152228,-12.9077158818745));
#11377=CARTESIAN_POINT('Ctrl Pts',(15.9909595322855,-34.0218037634487,-12.9356711213671));
#11378=CARTESIAN_POINT('Ctrl Pts',(15.9948868232526,-34.0592258311641,-12.9450835655269));
#11379=CARTESIAN_POINT('Ctrl Pts',(15.998770121237,-34.1167193527281,-12.9526231255145));
#11380=CARTESIAN_POINT('Ctrl Pts',(15.9997254505018,-34.1360980098018,-12.9540261106736));
#11381=CARTESIAN_POINT('Ctrl Pts',(16.0008543379464,-34.1723936844595,-12.9545323966384));
#11382=CARTESIAN_POINT('Ctrl Pts',(16.0011133262015,-34.1892657617322,-12.9539139674578));
#11383=CARTESIAN_POINT('Ctrl Pts',(16.0011051717749,-34.2060778696966,-12.952443098658));
#11384=CARTESIAN_POINT('Ctrl Pts',(19.1922249776064,-128.2625,-4.72357243044759));
#11385=CARTESIAN_POINT('Ctrl Pts',(18.786990518883,-128.2625,-3.90960895660777));
#11386=CARTESIAN_POINT('Ctrl Pts',(18.1464100858945,-128.2625,-2.53579710089317));
#11387=CARTESIAN_POINT('Ctrl Pts',(17.3218188683982,-128.2625,-0.580983948180181));
#11388=CARTESIAN_POINT('Ctrl Pts',(16.8773410647865,-128.2625,0.546964769501535));
#11389=CARTESIAN_POINT('Ctrl Pts',(16.652985837776,-128.2625,1.11005085669197));
#11390=CARTESIAN_POINT('Ctrl Pts',(18.429176303536,-128.2625,-5.1034587845094));
#11391=CARTESIAN_POINT('Ctrl Pts',(18.0141331749047,-128.262622184752,-4.27832935540697));
#11392=CARTESIAN_POINT('Ctrl Pts',(17.3574214764574,-128.262259854678,-2.88698567968091));
#11393=CARTESIAN_POINT('Ctrl Pts',(16.512200605382,-128.262563795714,-0.910063100356708));
#11394=CARTESIAN_POINT('Ctrl Pts',(16.0561684454045,-128.26249822219,0.222846156848643));
#11395=CARTESIAN_POINT('Ctrl Pts',(15.8328214835325,-128.2625,0.783265727262957));
#11396=CARTESIAN_POINT('Ctrl Pts',(17.1054873859301,-127.587180915197,-5.7624617733213));
#11397=CARTESIAN_POINT('Ctrl Pts',(16.673858833128,-127.580905645501,-4.91790553798163));
#11398=CARTESIAN_POINT('Ctrl Pts',(15.9890006381136,-127.568467861935,-3.49597910541371));
#11399=CARTESIAN_POINT('Ctrl Pts',(15.109165070525,-127.550812991054,-1.48053300062091));
#11400=CARTESIAN_POINT('Ctrl Pts',(14.6335421233492,-127.535183162989,-0.338702019578463));
#11401=CARTESIAN_POINT('Ctrl Pts',(14.4119358345458,-127.535096761037,0.217130051766295));
#11402=CARTESIAN_POINT('Ctrl Pts',(16.5602795690273,-126.136917264805,-6.03389532246093));
#11403=CARTESIAN_POINT('Ctrl Pts',(16.1280622851909,-126.120413747214,-5.17815603136339));
#11404=CARTESIAN_POINT('Ctrl Pts',(15.4449847977384,-126.087952258504,-3.73788418362823));
#11405=CARTESIAN_POINT('Ctrl Pts',(14.5698915341097,-126.042100629135,-1.69952357227252));
#11406=CARTESIAN_POINT('Ctrl Pts',(14.1036983692168,-126.001970344247,-0.547830400188068));
#11407=CARTESIAN_POINT('Ctrl Pts',(13.8828366177493,-126.001748913236,0.00631650549715527));
#11408=CARTESIAN_POINT('Ctrl Pts',(16.5150441036985,-125.499630169364,-6.05641595133035));
#11409=CARTESIAN_POINT('Ctrl Pts',(16.0860268115345,-125.480039791641,-5.1981671009234));
#11410=CARTESIAN_POINT('Ctrl Pts',(15.4095773981275,-125.441381578689,-3.75348128117722));
#11411=CARTESIAN_POINT('Ctrl Pts',(14.5445884394728,-125.387289629788,-1.70974218331956));
#11412=CARTESIAN_POINT('Ctrl Pts',(14.0877745565143,-125.340076207873,-0.554122756324014));
#11413=CARTESIAN_POINT('Ctrl Pts',(13.8669834708781,-125.339816926975,-2.63677968348475E-15));
#11414=CARTESIAN_POINT('Ctrl Pts',(19.1922249776064,-128.2625,-4.72357243044759));
#11415=CARTESIAN_POINT('Ctrl Pts',(18.786990518883,-128.2625,-3.90960895660777));
#11416=CARTESIAN_POINT('Ctrl Pts',(18.1464100858945,-128.2625,-2.53579710089317));
#11417=CARTESIAN_POINT('Ctrl Pts',(17.4765982097491,-128.2625,-0.94791083973706));
#11418=CARTESIAN_POINT('Ctrl Pts',(17.1722302976332,-128.2625,-0.192880749932646));
#11419=CARTESIAN_POINT('Ctrl Pts',(17.0949202798433,-128.2625,0.000142335292801152));
#11420=CARTESIAN_POINT('Origin',(278.425,-128.2625,0.));
#11421=CARTESIAN_POINT('Origin',(243.283721400798,-128.262499999777,14.6496105806333));
#11422=CARTESIAN_POINT('Ctrl Pts',(278.587955608942,-128.2625,0.975284124326713));
#11423=CARTESIAN_POINT('Ctrl Pts',(277.919014671432,-128.2625,-0.970625880124892));
#11424=CARTESIAN_POINT('Ctrl Pts',(277.130398631236,-128.2625,-2.87547585745434));
#11425=CARTESIAN_POINT('Ctrl Pts',(276.225640189659,-128.2625,-4.7235724304476));
#11426=CARTESIAN_POINT('Ctrl Pts',(279.436797305785,-128.2625,0.683479796693613));
#11427=CARTESIAN_POINT('Ctrl Pts',(278.74726273263,-128.262164183761,-1.29436295489243));
#11428=CARTESIAN_POINT('Ctrl Pts',(277.937233008384,-128.26277752769,-3.22970135845483));
#11429=CARTESIAN_POINT('Ctrl Pts',(277.009084035808,-128.2625,-5.10711701554334));
#11430=CARTESIAN_POINT('Ctrl Pts',(280.906174714447,-127.508897588935,0.178355356685354));
#11431=CARTESIAN_POINT('Ctrl Pts',(280.182264718075,-127.524805205059,-1.85474169815098));
#11432=CARTESIAN_POINT('Ctrl Pts',(279.33451390882,-127.539454627707,-3.84352926739826));
#11433=CARTESIAN_POINT('Ctrl Pts',(278.366855617939,-127.553198853377,-5.771830818176));
#11434=CARTESIAN_POINT('Ctrl Pts',(281.425,-125.935698425769,9.84846042890008E-16));
#11435=CARTESIAN_POINT('Ctrl Pts',(280.706095942582,-125.975946629106,-2.05869154221711));
#11436=CARTESIAN_POINT('Ctrl Pts',(279.860482045501,-126.013351830604,-4.07370399661597));
#11437=CARTESIAN_POINT('Ctrl Pts',(278.891420531116,-126.048896826197,-6.028638032846));
#11438=CARTESIAN_POINT('Ctrl Pts',(281.425,-125.2625,9.71445146547012E-16));
#11439=CARTESIAN_POINT('Ctrl Pts',(280.716133341142,-125.309304878696,-2.06205158923417));
#11440=CARTESIAN_POINT('Ctrl Pts',(279.878979869803,-125.353498217156,-4.08149779912445));
#11441=CARTESIAN_POINT('Ctrl Pts',(278.917434871908,-125.395320448689,-6.04137367381716));
#11442=CARTESIAN_POINT('Ctrl Pts',(279.424989707601,-125.372484354709,-4.97641130649128));
#11443=CARTESIAN_POINT('Ctrl Pts',(280.176455650136,-125.337489899607,-3.35247672009892));
#11444=CARTESIAN_POINT('Ctrl Pts',(280.843841246202,-125.300872611597,-1.6905567738186));
#11445=CARTESIAN_POINT('Ctrl Pts',(281.425,-125.2625,9.71445146547012E-16));
#11446=CARTESIAN_POINT('Ctrl Pts',(281.425000001914,-32.6720212111902,1.47301516200574E-7));
#11447=CARTESIAN_POINT('Ctrl Pts',(281.425000004332,-41.5728152396412,1.38578725169952E-7));
#11448=CARTESIAN_POINT('Ctrl Pts',(281.425000008705,-59.3782079007612,1.21060102369521E-7));
#11449=CARTESIAN_POINT('Ctrl Pts',(281.425000014817,-90.3248960843442,9.0382342100148E-8));
#11450=CARTESIAN_POINT('Ctrl Pts',(281.425000017799,-112.584184969696,6.8094889317986E-8));
#11451=CARTESIAN_POINT('Ctrl Pts',(281.425000019009,-125.262499980127,5.52971216264484E-8));
#11452=CARTESIAN_POINT('Ctrl Pts',(281.367941568387,-33.0738011869938,-4.39203521511854));
#11453=CARTESIAN_POINT('Ctrl Pts',(281.295827672168,-41.9750193785375,-4.131950958335));
#11454=CARTESIAN_POINT('Ctrl Pts',(281.165449809207,-59.7851158520366,-3.60960461581023));
#11455=CARTESIAN_POINT('Ctrl Pts',(280.983212015909,-90.767145726692,-2.69489710375399));
#11456=CARTESIAN_POINT('Ctrl Pts',(280.894288953737,-113.091150846182,-2.03036030872679));
#11457=CARTESIAN_POINT('Ctrl Pts',(280.858204825907,-125.855050098254,-1.64877396916617));
#11458=CARTESIAN_POINT('Ctrl Pts',(280.692641165198,-33.4755409848579,-8.7755995056882));
#11459=CARTESIAN_POINT('Ctrl Pts',(280.621539923095,-42.377194008332,-8.24591437638684));
#11460=CARTESIAN_POINT('Ctrl Pts',(280.492994161283,-60.1920061701908,-7.18756472902362));
#11461=CARTESIAN_POINT('Ctrl Pts',(280.313305047323,-91.2093907895356,-5.348916387485));
#11462=CARTESIAN_POINT('Ctrl Pts',(280.225624131486,-113.59811385868,-4.02357110305077));
#11463=CARTESIAN_POINT('Ctrl Pts',(280.190034953838,-126.447598410848,-3.26269303939163));
#11464=CARTESIAN_POINT('Ctrl Pts',(279.425,-33.8618318388887,-12.9825607238175));
#11465=CARTESIAN_POINT('Ctrl Pts',(279.425,-42.7656978542479,-12.2035733859198));
#11466=CARTESIAN_POINT('Ctrl Pts',(279.425,-60.588295748349,-10.6442981156049));
#11467=CARTESIAN_POINT('Ctrl Pts',(279.425,-91.645012274487,-7.92718749322965));
#11468=CARTESIAN_POINT('Ctrl Pts',(279.425,-114.100338652053,-5.962600999418));
#11469=CARTESIAN_POINT('Ctrl Pts',(279.425,-127.036145704061,-4.83086452880857));
#11470=CARTESIAN_POINT('Ctrl Pts',(279.425000000007,-34.2060778713738,-12.9524430985113));
#11471=CARTESIAN_POINT('Ctrl Pts',(279.425000024171,-34.1974991300862,-12.9531936411213));
#11472=CARTESIAN_POINT('Ctrl Pts',(279.425066824901,-34.1889013713127,-12.953722471231));
#11473=CARTESIAN_POINT('Ctrl Pts',(279.425200279103,-34.1802962145399,-12.9540289438476));
#11474=CARTESIAN_POINT('Ctrl Pts',(279.425378846999,-34.1687821166126,-12.9544390183894));
#11475=CARTESIAN_POINT('Ctrl Pts',(279.425676635886,-34.1572604004579,-12.9544508857813));
#11476=CARTESIAN_POINT('Ctrl Pts',(279.426092835947,-34.1457516216122,-12.9540651625578));
#11477=CARTESIAN_POINT('Ctrl Pts',(279.427454045267,-34.1081114132384,-12.9528036297137));
#11478=CARTESIAN_POINT('Ctrl Pts',(279.430070849505,-34.0709277542257,-12.9473007068223));
#11479=CARTESIAN_POINT('Ctrl Pts',(279.433849271952,-34.0348790979236,-12.9377843757182));
#11480=CARTESIAN_POINT('Ctrl Pts',(279.436583017971,-34.0087973476702,-12.9308991656537));
#11481=CARTESIAN_POINT('Ctrl Pts',(279.43992484118,-33.9833075896204,-12.9219126003232));
#11482=CARTESIAN_POINT('Ctrl Pts',(279.443839148695,-33.9586586629179,-12.9109075845946));
#11483=CARTESIAN_POINT('Ctrl Pts',(279.449293752375,-33.9243102818047,-12.895572049747));
#11484=CARTESIAN_POINT('Ctrl Pts',(279.455797855719,-33.8919803281199,-12.8764898671308));
#11485=CARTESIAN_POINT('Ctrl Pts',(279.463184672767,-33.8622075603692,-12.8541262526175));
#11486=CARTESIAN_POINT('Ctrl Pts',(279.464282549494,-33.8577825382517,-12.8508024269767));
#11487=CARTESIAN_POINT('Ctrl Pts',(279.465399925221,-33.8534139320631,-12.8474060577289));
#11488=CARTESIAN_POINT('Ctrl Pts',(279.466536252368,-33.8491034553356,-12.8439386213104));
#11489=CARTESIAN_POINT('Origin',(82.24375,-34.1625,-12.4543457494654));
#11490=CARTESIAN_POINT('Origin',(272.925,-121.84942236776,-5.03368906219448));
#11491=CARTESIAN_POINT('',(268.675,-121.84942236776,-5.03368906219448));
#11492=CARTESIAN_POINT('Origin',(22.35,-42.1538465204208,-12.0061484820071));
#11493=CARTESIAN_POINT('',(18.1,-42.1538465204208,-12.0061484820071));
#11494=CARTESIAN_POINT('Ctrl Pts',(254.452195833333,-104.586410624951,-7.03587860840133));
#11495=CARTESIAN_POINT('Ctrl Pts',(254.452195833333,-104.439988977136,-5.3622715156072));
#11496=CARTESIAN_POINT('Ctrl Pts',(255.081904166667,-103.865001706489,-7.0989937105333));
#11497=CARTESIAN_POINT('Ctrl Pts',(255.081904166667,-103.718580058674,-5.42538661773917));
#11498=CARTESIAN_POINT('Ctrl Pts',(255.99498125,-102.79857113137,-7.19229429629359));
#11499=CARTESIAN_POINT('Ctrl Pts',(255.99498125,-102.652149483555,-5.51868720349946));
#11500=CARTESIAN_POINT('Ctrl Pts',(256.4672625,-102.20262463351,-7.24443285892435));
#11501=CARTESIAN_POINT('Ctrl Pts',(256.4672625,-102.056202985695,-5.57082576613022));
#11502=CARTESIAN_POINT('Ctrl Pts',(257.497325201784,-100.902843497367,-7.35814897340185));
#11503=CARTESIAN_POINT('Ctrl Pts',(257.497325201784,-100.756421849551,-5.68454188060772));
#11504=CARTESIAN_POINT('Ctrl Pts',(258.527387903568,-99.603062361223,-7.47186508787934));
#11505=CARTESIAN_POINT('Ctrl Pts',(258.527387903568,-99.4566407134072,-5.79825799508521));
#11506=CARTESIAN_POINT('Ctrl Pts',(259.557450605352,-98.3032812250793,-7.58558120235683));
#11507=CARTESIAN_POINT('Ctrl Pts',(259.557450605352,-98.1568595772635,-5.9119741095627));
#11508=CARTESIAN_POINT('Ctrl Pts',(257.348854166667,-101.051842644029,-6.9034325086747));
#11509=CARTESIAN_POINT('Ctrl Pts',(257.348854166667,-101.057653026879,-6.96984548854748));
#11510=CARTESIAN_POINT('Ctrl Pts',(257.348854166667,-101.063463409729,-7.03625846842026));
#11511=CARTESIAN_POINT('Ctrl Pts',(257.348854166667,-101.069273792579,-7.10267144829303));
#11512=CARTESIAN_POINT('',(254.452195833333,-104.565493246692,-6.79679188085931));
#11513=CARTESIAN_POINT('Origin',(253.287235416667,-105.820117452714,-6.6870264858472));
#11514=CARTESIAN_POINT('',(253.287235416667,-105.820117452714,-6.6870264858472));
#11515=CARTESIAN_POINT('Origin',(253.72803125,-108.329365864757,-6.46749569582298));
#11516=CARTESIAN_POINT('',(253.72803125,-108.329365864757,-6.46749569582298));
#11517=CARTESIAN_POINT('Ctrl Pts',(251.996333333333,-120.844242319824,-5.37258588057715));
#11518=CARTESIAN_POINT('Ctrl Pts',(251.996333333333,-120.718738050268,-3.93806551532504));
#11519=CARTESIAN_POINT('Ctrl Pts',(254.231797916667,-116.327595178146,-5.76774130262076));
#11520=CARTESIAN_POINT('Ctrl Pts',(254.231797916667,-116.20209090859,-4.33322093736865));
#11521=CARTESIAN_POINT('Ctrl Pts',(254.641108333333,-113.347862688844,-6.02843411577453));
#11522=CARTESIAN_POINT('Ctrl Pts',(254.641108333333,-113.222358419288,-4.59391375052242));
#11523=CARTESIAN_POINT('Ctrl Pts',(253.72803125,-108.329365864757,-6.46749569582298));
#11524=CARTESIAN_POINT('Ctrl Pts',(253.72803125,-108.203861595201,-5.03297533057087));
#11525=CARTESIAN_POINT('',(251.996333333333,-120.844242319824,-5.37258588057715));
#11526=CARTESIAN_POINT('Ctrl Pts',(247.285812788356,-127.806077871339,-4.76350419248787));
#11527=CARTESIAN_POINT('Ctrl Pts',(247.285812788356,-127.680573601783,-3.32898382723575));
#11528=CARTESIAN_POINT('Ctrl Pts',(249.138061731013,-125.80971868379,-4.93816298972425));
#11529=CARTESIAN_POINT('Ctrl Pts',(249.138061731013,-125.684214414234,-3.50364262447213));
#11530=CARTESIAN_POINT('Ctrl Pts',(250.659066325469,-123.534978694538,-5.13717695125283));
#11531=CARTESIAN_POINT('Ctrl Pts',(250.659066325469,-123.409474424982,-3.70265658600071));
#11532=CARTESIAN_POINT('Ctrl Pts',(251.996333333333,-120.844242319824,-5.37258588057715));
#11533=CARTESIAN_POINT('Ctrl Pts',(251.996333333333,-120.718738050268,-3.93806551532503));
#11534=CARTESIAN_POINT('',(249.676037137682,-124.817493777099,-5.02497142072777));
#11535=CARTESIAN_POINT('Origin',(30.395678798908,-124.817493777099,-5.02497142072773));
#11536=CARTESIAN_POINT('',(242.355474490505,-124.712906885801,-3.82953778301768));
#11537=CARTESIAN_POINT('Ctrl Pts',(248.06065625,-114.916142946371,-5.89122737200939));
#11538=CARTESIAN_POINT('Ctrl Pts',(248.06065625,-114.790638676814,-4.45670700675475));
#11539=CARTESIAN_POINT('Ctrl Pts',(246.958666666667,-119.683714929254,-5.47411887096336));
#11540=CARTESIAN_POINT('Ctrl Pts',(246.958666666667,-119.558210659697,-4.03959850570873));
#11541=CARTESIAN_POINT('Ctrl Pts',(243.52675625,-124.482652517287,-5.05426623504203));
#11542=CARTESIAN_POINT('Ctrl Pts',(243.52675625,-124.35714824773,-3.6197458697874));
#11543=CARTESIAN_POINT('Ctrl Pts',(238.8984,-127.776041058094,-4.76613207313523));
#11544=CARTESIAN_POINT('Ctrl Pts',(238.8984,-127.650536788537,-3.3316117078806));
#11545=CARTESIAN_POINT('',(248.06065625,-114.916142946371,-5.89122737200939));
#11546=CARTESIAN_POINT('Ctrl Pts',(248.469966666667,-111.716851221016,-6.17112912929027));
#11547=CARTESIAN_POINT('Ctrl Pts',(248.469966666667,-111.59134695146,-4.73660876403749));
#11548=CARTESIAN_POINT('Ctrl Pts',(248.5329375,-112.281432113726,-6.12173470153482));
#11549=CARTESIAN_POINT('Ctrl Pts',(248.5329375,-112.15592784417,-4.68721433628204));
#11550=CARTESIAN_POINT('Ctrl Pts',(248.344025,-113.724249950651,-5.99550449727089));
#11551=CARTESIAN_POINT('Ctrl Pts',(248.344025,-113.598745681095,-4.56098413201811));
#11552=CARTESIAN_POINT('Ctrl Pts',(248.06065625,-114.916142946371,-5.89122737200939));
#11553=CARTESIAN_POINT('Ctrl Pts',(248.06065625,-114.790638676815,-4.4567070067566));
#11554=CARTESIAN_POINT('',(248.469966666667,-111.716851221016,-6.17112912929027));
#11555=CARTESIAN_POINT('Origin',(248.375510416667,-110.650420645898,-6.26442971505057));
#11556=CARTESIAN_POINT('',(248.375510416667,-110.650420645898,-6.26442971505057));
#11557=CARTESIAN_POINT('Origin',(246.54935625,-112.093238482823,-6.13819951078664));
#11558=CARTESIAN_POINT('',(246.54935625,-112.093238482823,-6.13819951078664));
#11559=CARTESIAN_POINT('Ctrl Pts',(208.8613125,-124.451286912137,-5.05701036991733));
#11560=CARTESIAN_POINT('Ctrl Pts',(208.8613125,-124.325782642579,-3.6224900046552));
#11561=CARTESIAN_POINT('Ctrl Pts',(222.777866666667,-124.451286912137,-5.05701036991733));
#11562=CARTESIAN_POINT('Ctrl Pts',(222.777866666667,-124.325782642579,-3.6224900046552));
#11563=CARTESIAN_POINT('Ctrl Pts',(236.53699375,-119.934639770458,-5.45216579196094));
#11564=CARTESIAN_POINT('Ctrl Pts',(236.53699375,-119.8091355009,-4.01764542669881));
#11565=CARTESIAN_POINT('Ctrl Pts',(246.54935625,-112.093238482823,-6.13819951078664));
#11566=CARTESIAN_POINT('Ctrl Pts',(246.54935625,-111.967734213265,-4.70367914552451));
#11567=CARTESIAN_POINT('',(208.8613125,-124.451286912137,-5.05701036991733));
#11568=CARTESIAN_POINT('Ctrl Pts',(198.94340625,-123.667146783373,-5.1256137417999));
#11569=CARTESIAN_POINT('Ctrl Pts',(198.94340625,-123.541642513817,-3.69109337654758));
#11570=CARTESIAN_POINT('Ctrl Pts',(202.406802083333,-124.294458886384,-5.07073104429384));
#11571=CARTESIAN_POINT('Ctrl Pts',(202.406802083333,-124.168954616828,-3.63621067904152));
#11572=CARTESIAN_POINT('Ctrl Pts',(204.390383333333,-124.451286912137,-5.05701036991733));
#11573=CARTESIAN_POINT('Ctrl Pts',(204.390383333333,-124.325782642581,-3.62249000466501));
#11574=CARTESIAN_POINT('Ctrl Pts',(208.8613125,-124.451286912137,-5.05701036991733));
#11575=CARTESIAN_POINT('Ctrl Pts',(208.8613125,-124.325782642581,-3.62249000466501));
#11576=CARTESIAN_POINT('',(198.94340625,-123.667146783373,-5.1256137417999));
#11577=CARTESIAN_POINT('Origin',(197.683989583333,-123.447587547319,-5.14482268592702));
#11578=CARTESIAN_POINT('',(197.683989583333,-123.447587547319,-5.14482268592702));
#11579=CARTESIAN_POINT('Origin',(199.100833333333,-124.921770989395,-5.01584834678778));
#11580=CARTESIAN_POINT('',(199.000612077082,-124.817493777099,-5.02497142072776));
#11581=CARTESIAN_POINT('Origin',(30.395678798908,-124.817493777099,-5.02497142072773));
#11582=CARTESIAN_POINT('',(191.856525725044,-124.712906885801,-3.82953778301768));
#11583=CARTESIAN_POINT('Ctrl Pts',(190.221945833333,-122.600716208254,-5.2189143275602));
#11584=CARTESIAN_POINT('Ctrl Pts',(190.221945833333,-122.475211938698,-3.78439396230711));
#11585=CARTESIAN_POINT('Ctrl Pts',(191.05075989916,-123.875104743987,-5.10741977775622));
#11586=CARTESIAN_POINT('Ctrl Pts',(191.05075989916,-123.749600474431,-3.67289941250313));
#11587=CARTESIAN_POINT('Ctrl Pts',(192.735363969746,-125.960940795,-4.92493276931886));
#11588=CARTESIAN_POINT('Ctrl Pts',(192.735363969746,-125.835436525444,-3.49041240406577));
#11589=CARTESIAN_POINT('Ctrl Pts',(194.367101677149,-127.806077871374,-4.7635041924848));
#11590=CARTESIAN_POINT('Ctrl Pts',(194.367101677149,-127.680573601818,-3.32898382723171));
#11591=CARTESIAN_POINT('',(190.221945833333,-122.600716208254,-5.2189143275602));
#11592=CARTESIAN_POINT('Ctrl Pts',(191.29245,-116.515788809049,-5.75127649336894));
#11593=CARTESIAN_POINT('Ctrl Pts',(191.29245,-116.390284539492,-4.31675612811559));
#11594=CARTESIAN_POINT('Ctrl Pts',(189.11995625,-117.268563332662,-5.68541725636168));
#11595=CARTESIAN_POINT('Ctrl Pts',(189.11995625,-117.143059063105,-4.25089689110832));
#11596=CARTESIAN_POINT('Ctrl Pts',(188.647675,-120.091467796211,-5.43844511758442));
#11597=CARTESIAN_POINT('Ctrl Pts',(188.647675,-119.965963526655,-4.00392475233106));
#11598=CARTESIAN_POINT('Ctrl Pts',(190.221945833333,-122.600716208254,-5.2189143275602));
#11599=CARTESIAN_POINT('Ctrl Pts',(190.221945833333,-122.475211938697,-3.78439396230684));
#11600=CARTESIAN_POINT('',(191.29245,-116.515788809049,-5.75127649336894));
#11601=CARTESIAN_POINT('Ctrl Pts',(195.857835416667,-117.237197727512,-5.68816139123697));
#11602=CARTESIAN_POINT('Ctrl Pts',(195.857835416667,-117.111693457954,-4.25364102598421));
#11603=CARTESIAN_POINT('Ctrl Pts',(193.622370833333,-116.735348045103,-5.73206754924182));
#11604=CARTESIAN_POINT('Ctrl Pts',(193.622370833333,-116.609843775545,-4.29754718398906));
#11605=CARTESIAN_POINT('Ctrl Pts',(191.57581875,-116.421691993598,-5.75950889799485));
#11606=CARTESIAN_POINT('Ctrl Pts',(191.57581875,-116.29618772404,-4.32498853274209));
#11607=CARTESIAN_POINT('Ctrl Pts',(191.29245,-116.515788809049,-5.75127649336894));
#11608=CARTESIAN_POINT('Ctrl Pts',(191.29245,-116.390284539491,-4.31675612811618));
#11609=CARTESIAN_POINT('',(195.857835416667,-117.237197727512,-5.68816139123697));
#11610=CARTESIAN_POINT('Ctrl Pts',(211.537572916667,-118.711381169587,-5.55918705209774));
#11611=CARTESIAN_POINT('Ctrl Pts',(211.537572916667,-118.585876900031,-4.12466668684561));
#11612=CARTESIAN_POINT('Ctrl Pts',(205.964654166667,-118.930940405641,-5.53997810797062));
#11613=CARTESIAN_POINT('Ctrl Pts',(205.964654166667,-118.805436136085,-4.10545774271849));
#11614=CARTESIAN_POINT('Ctrl Pts',(201.525210416667,-118.491821933533,-5.57839599622486));
#11615=CARTESIAN_POINT('Ctrl Pts',(201.525210416667,-118.366317663977,-4.14387563097273));
#11616=CARTESIAN_POINT('Ctrl Pts',(195.857835416667,-117.237197727512,-5.68816139123697));
#11617=CARTESIAN_POINT('Ctrl Pts',(195.857835416667,-117.111693457956,-4.25364102598484));
#11618=CARTESIAN_POINT('',(211.537572916667,-118.711381169587,-5.55918705209774));
#11619=CARTESIAN_POINT('Ctrl Pts',(248.218083333333,-103.122675409767,-6.92302208512324));
#11620=CARTESIAN_POINT('Ctrl Pts',(248.218083333333,-102.99717114021,-5.48850171986833));
#11621=CARTESIAN_POINT('Ctrl Pts',(238.363147916667,-113.002841032188,-6.05861959940286));
#11622=CARTESIAN_POINT('Ctrl Pts',(238.363147916667,-112.877336762631,-4.62409923414795));
#11623=CARTESIAN_POINT('Ctrl Pts',(226.272747916667,-118.146800276877,-5.60858147985319));
#11624=CARTESIAN_POINT('Ctrl Pts',(226.272747916667,-118.02129600732,-4.17406111459828));
#11625=CARTESIAN_POINT('Ctrl Pts',(211.537572916667,-118.711381169587,-5.55918705209774));
#11626=CARTESIAN_POINT('Ctrl Pts',(211.537572916667,-118.58587690003,-4.12466668684283));
#11627=CARTESIAN_POINT('',(248.218083333333,-103.122675409767,-6.92302208512324));
#11628=CARTESIAN_POINT('Ctrl Pts',(255.869039583333,-88.6631314353672,-8.18806826263784));
#11629=CARTESIAN_POINT('Ctrl Pts',(255.869039583333,-88.5376271658106,-6.75354789738573));
#11630=CARTESIAN_POINT('Ctrl Pts',(255.05041875,-94.2148435470132,-7.70235638970925));
#11631=CARTESIAN_POINT('Ctrl Pts',(255.05041875,-94.0893392774566,-6.26783602445714));
#11632=CARTESIAN_POINT('Ctrl Pts',(252.751983333333,-98.5746626629387,-7.32092164204215));
#11633=CARTESIAN_POINT('Ctrl Pts',(252.751983333333,-98.4491583933821,-5.88640127679004));
#11634=CARTESIAN_POINT('Ctrl Pts',(248.218083333333,-103.122675409767,-6.92302208512324));
#11635=CARTESIAN_POINT('Ctrl Pts',(248.218083333333,-102.99717114021,-5.48850171987113));
#11636=CARTESIAN_POINT('',(255.869039583333,-88.6631314353672,-8.18806826263784));
#11637=CARTESIAN_POINT('Ctrl Pts',(252.626041666667,-72.7921352291925,-9.57660050954107));
#11638=CARTESIAN_POINT('Ctrl Pts',(252.626041666667,-72.6666309596359,-8.14208014428895));
#11639=CARTESIAN_POINT('Ctrl Pts',(255.207845833333,-78.2497505253869,-9.09912104123838));
#11640=CARTESIAN_POINT('Ctrl Pts',(255.207845833333,-78.1242462558303,-7.66460067598626));
#11641=CARTESIAN_POINT('Ctrl Pts',(256.4672625,-84.4601403451944,-8.55578233592842));
#11642=CARTESIAN_POINT('Ctrl Pts',(256.4672625,-84.3346360756378,-7.1212619706763));
#11643=CARTESIAN_POINT('Ctrl Pts',(255.869039583333,-88.6631314353672,-8.18806826263784));
#11644=CARTESIAN_POINT('Ctrl Pts',(255.869039583333,-88.5376271658106,-6.75354789738572));
#11645=CARTESIAN_POINT('',(252.626041666667,-72.7921352291925,-9.57660050954107));
#11646=CARTESIAN_POINT('Ctrl Pts',(251.303654166667,-70.1887900016974,-9.8043637041912));
#11647=CARTESIAN_POINT('Ctrl Pts',(251.303654166667,-70.0632857321408,-8.36984333893909));
#11648=CARTESIAN_POINT('Ctrl Pts',(251.366625,-70.1887900016974,-9.8043637041912));
#11649=CARTESIAN_POINT('Ctrl Pts',(251.366625,-70.0632857321408,-8.36984333893909));
#11650=CARTESIAN_POINT('Ctrl Pts',(251.964847916667,-71.3493173922675,-9.702830713805));
#11651=CARTESIAN_POINT('Ctrl Pts',(251.964847916667,-71.2238131227109,-8.26831034855289));
#11652=CARTESIAN_POINT('Ctrl Pts',(252.626041666667,-72.7921352291925,-9.57660050954107));
#11653=CARTESIAN_POINT('Ctrl Pts',(252.626041666667,-72.6666309596359,-8.14208014428896));
#11654=CARTESIAN_POINT('',(251.303654166667,-70.1887900016974,-9.8043637041912));
#11655=CARTESIAN_POINT('Ctrl Pts',(249.823839583333,-72.415747967386,-9.6095301280447));
#11656=CARTESIAN_POINT('Ctrl Pts',(249.823839583333,-72.2902436978294,-8.17500976279255));
#11657=CARTESIAN_POINT('Ctrl Pts',(250.579489583333,-71.1924893665148,-9.71655138818151));
#11658=CARTESIAN_POINT('Ctrl Pts',(250.579489583333,-71.0669850969582,-8.28203102292936));
#11659=CARTESIAN_POINT('Ctrl Pts',(251.240683333333,-70.220155606848,-9.8016195693159));
#11660=CARTESIAN_POINT('Ctrl Pts',(251.240683333333,-70.0946513372914,-8.36709920406375));
#11661=CARTESIAN_POINT('Ctrl Pts',(251.303654166667,-70.1887900016974,-9.8043637041912));
#11662=CARTESIAN_POINT('Ctrl Pts',(251.303654166667,-70.0632857321408,-8.36984333893905));
#11663=CARTESIAN_POINT('',(249.823839583333,-72.415747967386,-9.6095301280447));
#11664=CARTESIAN_POINT('Ctrl Pts',(248.62739375,-75.3013836412359,-9.35706971951684));
#11665=CARTESIAN_POINT('Ctrl Pts',(248.62739375,-75.1758793716793,-7.9225493542647));
#11666=CARTESIAN_POINT('Ctrl Pts',(248.5329375,-74.8308995639778,-9.39823174264639));
#11667=CARTESIAN_POINT('Ctrl Pts',(248.5329375,-74.7053952944212,-7.96371137739425));
#11668=CARTESIAN_POINT('Ctrl Pts',(248.879277083333,-73.921297014612,-9.47781165403017));
#11669=CARTESIAN_POINT('Ctrl Pts',(248.879277083333,-73.7957927450554,-8.04329128877803));
#11670=CARTESIAN_POINT('Ctrl Pts',(249.823839583333,-72.415747967386,-9.6095301280447));
#11671=CARTESIAN_POINT('Ctrl Pts',(249.823839583333,-72.2902436978294,-8.17500976279256));
#11672=CARTESIAN_POINT('',(248.62739375,-75.3013836412359,-9.35706971951684));
#11673=CARTESIAN_POINT('Ctrl Pts',(249.446014583333,-78.5006753665913,-9.07716796223595));
#11674=CARTESIAN_POINT('Ctrl Pts',(249.446014583333,-78.3751710970347,-7.64264759698384));
#11675=CARTESIAN_POINT('Ctrl Pts',(249.099675,-77.1205887399674,-9.19790989674928));
#11676=CARTESIAN_POINT('Ctrl Pts',(249.099675,-76.9950844704108,-7.76338953149717));
#11677=CARTESIAN_POINT('Ctrl Pts',(248.72185,-75.6777709030424,-9.32414010101321));
#11678=CARTESIAN_POINT('Ctrl Pts',(248.72185,-75.5522666334858,-7.8896197357611));
#11679=CARTESIAN_POINT('Ctrl Pts',(248.62739375,-75.3013836412359,-9.35706971951684));
#11680=CARTESIAN_POINT('Ctrl Pts',(248.62739375,-75.1758793716793,-7.92254935426473));
#11681=CARTESIAN_POINT('',(249.446014583333,-78.5006753665913,-9.07716796223595));
#11682=CARTESIAN_POINT('Ctrl Pts',(249.4775,-86.687098310883,-8.36094875978192));
#11683=CARTESIAN_POINT('Ctrl Pts',(249.4775,-86.5615940413264,-6.9264283945297));
#11684=CARTESIAN_POINT('Ctrl Pts',(250.264635416667,-83.5505377958287,-8.6353622473122));
#11685=CARTESIAN_POINT('Ctrl Pts',(250.264635416667,-83.4250335262721,-7.20084188205998));
#11686=CARTESIAN_POINT('Ctrl Pts',(250.264635416667,-81.6686014867961,-8.80001033983037));
#11687=CARTESIAN_POINT('Ctrl Pts',(250.264635416667,-81.5430972172395,-7.36548997457815));
#11688=CARTESIAN_POINT('Ctrl Pts',(249.446014583333,-78.5006753665913,-9.07716796223595));
#11689=CARTESIAN_POINT('Ctrl Pts',(249.446014583333,-78.3751710970346,-7.64264759698373));
#11690=CARTESIAN_POINT('',(249.4775,-86.687098310883,-8.36094875978192));
#11691=CARTESIAN_POINT('Ctrl Pts',(243.022989583333,-97.037748010562,-7.45538425093199));
#11692=CARTESIAN_POINT('Ctrl Pts',(243.022989583333,-96.9122437410055,-6.02086388567988));
#11693=CARTESIAN_POINT('Ctrl Pts',(246.675297916667,-93.336606602798,-7.77919216621772));
#11694=CARTESIAN_POINT('Ctrl Pts',(246.675297916667,-93.2111023332415,-6.34467180096561));
#11695=CARTESIAN_POINT('Ctrl Pts',(248.501452083333,-90.4196053237975,-8.03439670962089));
#11696=CARTESIAN_POINT('Ctrl Pts',(248.501452083333,-90.294101054241,-6.59987634436878));
#11697=CARTESIAN_POINT('Ctrl Pts',(249.4775,-86.687098310883,-8.36094875978192));
#11698=CARTESIAN_POINT('Ctrl Pts',(249.4775,-86.5615940413265,-6.92642839452981));
#11699=CARTESIAN_POINT('',(243.022989583333,-97.037748010562,-7.45538425093199));
#11700=CARTESIAN_POINT('Ctrl Pts',(225.139272916667,-107.670688156596,-6.52512252820434));
#11701=CARTESIAN_POINT('Ctrl Pts',(225.139272916667,-107.54518388704,-5.09060216295222));
#11702=CARTESIAN_POINT('Ctrl Pts',(232.538345833333,-105.192805349703,-6.74190918335326));
#11703=CARTESIAN_POINT('Ctrl Pts',(232.538345833333,-105.067301080147,-5.30738881810114));
#11704=CARTESIAN_POINT('Ctrl Pts',(238.23720625,-101.805319993445,-7.03827574988597));
#11705=CARTESIAN_POINT('Ctrl Pts',(238.23720625,-101.679815723889,-5.60375538463385));
#11706=CARTESIAN_POINT('Ctrl Pts',(243.022989583333,-97.037748010562,-7.45538425093199));
#11707=CARTESIAN_POINT('Ctrl Pts',(243.022989583333,-96.9122437410056,-6.02086388567987));
#11708=CARTESIAN_POINT('',(225.139272916667,-107.670688156596,-6.52512252820434));
#11709=CARTESIAN_POINT('Ctrl Pts',(189.87560625,-106.384698345424,-6.63763205809175));
#11710=CARTESIAN_POINT('Ctrl Pts',(189.87560625,-106.259194075867,-5.20311169283858));
#11711=CARTESIAN_POINT('Ctrl Pts',(200.36025,-111.465926379812,-6.1930822082927));
#11712=CARTESIAN_POINT('Ctrl Pts',(200.36025,-111.340422110256,-4.75856184303953));
#11713=CARTESIAN_POINT('Ctrl Pts',(212.419164583333,-111.905044851919,-6.15466432003845));
#11714=CARTESIAN_POINT('Ctrl Pts',(212.419164583333,-111.779540582363,-4.72014395478528));
#11715=CARTESIAN_POINT('Ctrl Pts',(225.139272916667,-107.670688156596,-6.52512252820434));
#11716=CARTESIAN_POINT('Ctrl Pts',(225.139272916667,-107.545183887039,-5.09060216295117));
#11717=CARTESIAN_POINT('',(189.87560625,-106.384698345424,-6.63763205809175));
#11718=CARTESIAN_POINT('Ctrl Pts',(176.872129166667,-96.1908766714974,-7.52947589256517));
#11719=CARTESIAN_POINT('Ctrl Pts',(176.872129166667,-96.0653724019408,-6.09495552731305));
#11720=CARTESIAN_POINT('Ctrl Pts',(181.248602083333,-101.115276680133,-7.09864671714263));
#11721=CARTESIAN_POINT('Ctrl Pts',(181.248602083333,-100.989772410576,-5.66412635189051));
#11722=CARTESIAN_POINT('Ctrl Pts',(184.932395833333,-104.000912353983,-6.84618630861476));
#11723=CARTESIAN_POINT('Ctrl Pts',(184.932395833333,-103.875408084426,-5.41166594336264));
#11724=CARTESIAN_POINT('Ctrl Pts',(189.87560625,-106.384698345424,-6.63763205809175));
#11725=CARTESIAN_POINT('Ctrl Pts',(189.87560625,-106.259194075867,-5.20311169283963));
#11726=CARTESIAN_POINT('',(176.872129166667,-96.1908766714974,-7.52947589256517));
#11727=CARTESIAN_POINT('Ctrl Pts',(167.174620833333,-87.3144104138938,-8.30606606227586));
#11728=CARTESIAN_POINT('Ctrl Pts',(167.174620833333,-87.1889061443372,-6.87154569702375));
#11729=CARTESIAN_POINT('Ctrl Pts',(169.976822916667,-89.1649811177758,-8.144162104633));
#11730=CARTESIAN_POINT('Ctrl Pts',(169.976822916667,-89.0394768482192,-6.70964173938089));
#11731=CARTESIAN_POINT('Ctrl Pts',(173.377247916667,-92.2701760276796,-7.87249275197802));
#11732=CARTESIAN_POINT('Ctrl Pts',(173.377247916667,-92.144671758123,-6.43797238672591));
#11733=CARTESIAN_POINT('Ctrl Pts',(176.872129166667,-96.1908766714974,-7.52947589256517));
#11734=CARTESIAN_POINT('Ctrl Pts',(176.872129166667,-96.0653724019408,-6.09495552731306));
#11735=CARTESIAN_POINT('',(167.174620833333,-87.3144104138938,-8.30606606227586));
#11736=CARTESIAN_POINT('Ctrl Pts',(159.712577083333,-83.0800537185705,-8.67652427044174));
#11737=CARTESIAN_POINT('Ctrl Pts',(159.712577083333,-82.9545494490139,-7.24200390518963));
#11738=CARTESIAN_POINT('Ctrl Pts',(159.995945833333,-82.6409352464629,-8.71494215869598));
#11739=CARTESIAN_POINT('Ctrl Pts',(159.995945833333,-82.5154309769063,-7.28042179344387));
#11740=CARTESIAN_POINT('Ctrl Pts',(160.02743125,-82.6723008516135,-8.71219802382068));
#11741=CARTESIAN_POINT('Ctrl Pts',(160.02743125,-82.5467965820569,-7.27767765856857));
#11742=CARTESIAN_POINT('Ctrl Pts',(167.174620833333,-87.3144104138938,-8.30606606227586));
#11743=CARTESIAN_POINT('Ctrl Pts',(167.174620833333,-87.1889061443372,-6.87154569702375));
#11744=CARTESIAN_POINT('',(159.712577083333,-83.0800537185705,-8.67652427044174));
#11745=CARTESIAN_POINT('Ctrl Pts',(160.184858333333,-87.6280664653992,-8.27862471352284));
#11746=CARTESIAN_POINT('Ctrl Pts',(160.184858333333,-87.5025621958427,-6.84410434827072));
#11747=CARTESIAN_POINT('Ctrl Pts',(159.429208333333,-85.997054997571,-8.42131972703858));
#11748=CARTESIAN_POINT('Ctrl Pts',(159.429208333333,-85.8715507280145,-6.98679936178646));
#11749=CARTESIAN_POINT('Ctrl Pts',(159.208810416667,-83.8955594524846,-8.60517676368387));
#11750=CARTESIAN_POINT('Ctrl Pts',(159.208810416667,-83.7700551829281,-7.17065639843175));
#11751=CARTESIAN_POINT('Ctrl Pts',(159.712577083333,-83.0800537185705,-8.67652427044174));
#11752=CARTESIAN_POINT('Ctrl Pts',(159.712577083333,-82.954549449014,-7.24200390518962));
#11753=CARTESIAN_POINT('',(160.184858333333,-87.6280664653992,-8.27862471352284));
#11754=CARTESIAN_POINT('Ctrl Pts',(165.254010416667,-93.7129938646046,-7.74626254771409));
#11755=CARTESIAN_POINT('Ctrl Pts',(165.254010416667,-93.587489595048,-6.3117421824619));
#11756=CARTESIAN_POINT('Ctrl Pts',(162.325866666667,-90.6705301650019,-8.01244363061846));
#11757=CARTESIAN_POINT('Ctrl Pts',(162.325866666667,-90.5450258954453,-6.57792326536627));
#11758=CARTESIAN_POINT('Ctrl Pts',(160.688625,-88.6944970405177,-8.18532412776254));
#11759=CARTESIAN_POINT('Ctrl Pts',(160.688625,-88.5689927709611,-6.75080376251035));
#11760=CARTESIAN_POINT('Ctrl Pts',(160.184858333333,-87.6280664653992,-8.27862471352284));
#11761=CARTESIAN_POINT('Ctrl Pts',(160.184858333333,-87.5025621958426,-6.84410434827065));
#11762=CARTESIAN_POINT('',(165.254010416667,-93.7129938646046,-7.74626254771409));
#11763=CARTESIAN_POINT('Ctrl Pts',(176.84064375,-107.106107263886,-6.57451695595978));
#11764=CARTESIAN_POINT('Ctrl Pts',(176.84064375,-106.98060299433,-5.13999659070767));
#11765=CARTESIAN_POINT('Ctrl Pts',(174.447752083333,-103.84408432823,-6.85990698299128));
#11766=CARTESIAN_POINT('Ctrl Pts',(174.447752083333,-103.718580058674,-5.42538661773917));
#11767=CARTESIAN_POINT('Ctrl Pts',(169.504541666667,-98.1355441908311,-7.35933953029639));
#11768=CARTESIAN_POINT('Ctrl Pts',(169.504541666667,-98.0100399212747,-5.92481916504428));
#11769=CARTESIAN_POINT('Ctrl Pts',(165.254010416667,-93.7129938646046,-7.74626254771409));
#11770=CARTESIAN_POINT('Ctrl Pts',(165.254010416667,-93.5874895950482,-6.31174218246198));
#11771=CARTESIAN_POINT('',(176.84064375,-107.106107263886,-6.57451695595978));
#11772=CARTESIAN_POINT('Ctrl Pts',(180.209583333333,-113.755615555801,-5.99276036239559));
#11773=CARTESIAN_POINT('Ctrl Pts',(180.209583333333,-113.630111286245,-4.55823999714347));
#11774=CARTESIAN_POINT('Ctrl Pts',(180.209583333333,-112.720550585833,-6.08331681328058));
#11775=CARTESIAN_POINT('Ctrl Pts',(180.209583333333,-112.595046316277,-4.64879644802846));
#11776=CARTESIAN_POINT('Ctrl Pts',(178.509370833333,-109.395796439876,-6.37419511006268));
#11777=CARTESIAN_POINT('Ctrl Pts',(178.509370833333,-109.27029217032,-4.93967474481056));
#11778=CARTESIAN_POINT('Ctrl Pts',(176.84064375,-107.106107263886,-6.57451695595978));
#11779=CARTESIAN_POINT('Ctrl Pts',(176.84064375,-106.98060299433,-5.13999659070766));
#11780=CARTESIAN_POINT('',(180.209583333333,-113.755615555801,-5.99276036239559));
#11781=CARTESIAN_POINT('Ctrl Pts',(176.494304166667,-115.480723839081,-5.84183294425393));
#11782=CARTESIAN_POINT('Ctrl Pts',(176.494304166667,-115.355219569525,-4.4073125790016));
#11783=CARTESIAN_POINT('Ctrl Pts',(178.068575,-116.57852001935,-5.74578822361834));
#11784=CARTESIAN_POINT('Ctrl Pts',(178.068575,-116.453015749794,-4.31126785836601));
#11785=CARTESIAN_POINT('Ctrl Pts',(180.209583333333,-115.574820654533,-5.83360053962802));
#11786=CARTESIAN_POINT('Ctrl Pts',(180.209583333333,-115.449316384977,-4.39908017437569));
#11787=CARTESIAN_POINT('Ctrl Pts',(180.209583333333,-113.755615555801,-5.99276036239559));
#11788=CARTESIAN_POINT('Ctrl Pts',(180.209583333333,-113.630111286245,-4.55823999714326));
#11789=CARTESIAN_POINT('',(176.494304166667,-115.480723839081,-5.84183294425393));
#11790=CARTESIAN_POINT('Ctrl Pts',(174.57369375,-113.222400268242,-6.03941065527574));
#11791=CARTESIAN_POINT('Ctrl Pts',(174.57369375,-113.096895998686,-4.6048902900232));
#11792=CARTESIAN_POINT('Ctrl Pts',(175.2348875,-114.194734027909,-5.95434247414135));
#11793=CARTESIAN_POINT('Ctrl Pts',(175.2348875,-114.069229758353,-4.51982210888881));
#11794=CARTESIAN_POINT('Ctrl Pts',(176.116479166667,-115.229798997877,-5.86378602325636));
#11795=CARTESIAN_POINT('Ctrl Pts',(176.116479166667,-115.104294728321,-4.42926565800382));
#11796=CARTESIAN_POINT('Ctrl Pts',(176.494304166667,-115.480723839081,-5.84183294425393));
#11797=CARTESIAN_POINT('Ctrl Pts',(176.494304166667,-115.355219569525,-4.4073125790014));
#11798=CARTESIAN_POINT('',(174.57369375,-113.222400268242,-6.03941065527574));
#11799=CARTESIAN_POINT('Ctrl Pts',(171.393666666667,-109.082140388371,-6.40163645881571));
#11800=CARTESIAN_POINT('Ctrl Pts',(171.393666666667,-108.956636118813,-4.96711609356359));
#11801=CARTESIAN_POINT('Ctrl Pts',(172.464170833333,-110.368130199543,-6.28912692892829));
#11802=CARTESIAN_POINT('Ctrl Pts',(172.464170833333,-110.242625929985,-4.85460656367617));
#11803=CARTESIAN_POINT('Ctrl Pts',(173.881014583333,-112.250066508575,-6.12447883641012));
#11804=CARTESIAN_POINT('Ctrl Pts',(173.881014583333,-112.124562239017,-4.689958471158));
#11805=CARTESIAN_POINT('Ctrl Pts',(174.57369375,-113.222400268242,-6.03941065527574));
#11806=CARTESIAN_POINT('Ctrl Pts',(174.57369375,-113.096895998684,-4.60489029002362));
#11807=CARTESIAN_POINT('',(171.393666666667,-109.082140388371,-6.40163645881571));
#11808=CARTESIAN_POINT('Ctrl Pts',(167.080164583333,-103.749987512778,-6.86813938761719));
#11809=CARTESIAN_POINT('Ctrl Pts',(167.080164583333,-103.624483243222,-5.43361902236398));
#11810=CARTESIAN_POINT('Ctrl Pts',(168.402552083333,-105.380998980607,-6.72544437410144));
#11811=CARTESIAN_POINT('Ctrl Pts',(168.402552083333,-105.255494711051,-5.29092400884823));
#11812=CARTESIAN_POINT('Ctrl Pts',(170.354647916667,-107.796150577198,-6.51414598870312));
#11813=CARTESIAN_POINT('Ctrl Pts',(170.354647916667,-107.670646307642,-5.07962562344991));
#11814=CARTESIAN_POINT('Ctrl Pts',(171.393666666667,-109.082140388371,-6.40163645881571));
#11815=CARTESIAN_POINT('Ctrl Pts',(171.393666666667,-108.956636118815,-4.9671160935625));
#11816=CARTESIAN_POINT('',(167.080164583333,-103.749987512778,-6.86813938761719));
#11817=CARTESIAN_POINT('Ctrl Pts',(157.634539583333,-93.5248002337013,-7.7627273569659));
#11818=CARTESIAN_POINT('Ctrl Pts',(157.634539583333,-93.3992959641447,-6.32820699171378));
#11819=CARTESIAN_POINT('Ctrl Pts',(157.886422916667,-93.2738753924969,-7.78468043596833));
#11820=CARTESIAN_POINT('Ctrl Pts',(157.886422916667,-93.1483711229403,-6.35016007071621));
#11821=CARTESIAN_POINT('Ctrl Pts',(163.5223125,-99.3901683968528,-7.24957413528428));
#11822=CARTESIAN_POINT('Ctrl Pts',(163.5223125,-99.2646641272962,-5.81505377003216));
#11823=CARTESIAN_POINT('Ctrl Pts',(167.080164583333,-103.749987512778,-6.86813938761719));
#11824=CARTESIAN_POINT('Ctrl Pts',(167.080164583333,-103.624483243221,-5.43361902236507));
#11825=CARTESIAN_POINT('',(157.634539583333,-93.5248002337013,-7.7627273569659));
#11826=CARTESIAN_POINT('Ctrl Pts',(155.9658125,-99.923383684412,-7.20292384240413));
#11827=CARTESIAN_POINT('Ctrl Pts',(155.9658125,-99.7978794148554,-5.76840347715193));
#11828=CARTESIAN_POINT('Ctrl Pts',(155.9658125,-99.170609160799,-7.2687830794114));
#11829=CARTESIAN_POINT('Ctrl Pts',(155.9658125,-99.0451048912424,-5.8342627141592));
#11830=CARTESIAN_POINT('Ctrl Pts',(157.38265625,-93.7757250749057,-7.74077427796348));
#11831=CARTESIAN_POINT('Ctrl Pts',(157.38265625,-93.6502208053491,-6.30625391271128));
#11832=CARTESIAN_POINT('Ctrl Pts',(157.634539583333,-93.5248002337013,-7.7627273569659));
#11833=CARTESIAN_POINT('Ctrl Pts',(157.634539583333,-93.3992959641447,-6.3282069917137));
#11834=CARTESIAN_POINT('',(155.9658125,-99.923383684412,-7.20292384240413));
#11835=CARTESIAN_POINT('Ctrl Pts',(158.6105875,-103.593159487026,-6.8818600619937));
#11836=CARTESIAN_POINT('Ctrl Pts',(158.6105875,-103.467655217468,-5.44733969673865));
#11837=CARTESIAN_POINT('Ctrl Pts',(156.910375,-101.711223177993,-7.04650815451187));
#11838=CARTESIAN_POINT('Ctrl Pts',(156.910375,-101.585718908435,-5.61198778925682));
#11839=CARTESIAN_POINT('Ctrl Pts',(155.9658125,-100.39386776167,-7.16176181927459));
#11840=CARTESIAN_POINT('Ctrl Pts',(155.9658125,-100.268363492112,-5.72724145401954));
#11841=CARTESIAN_POINT('Ctrl Pts',(155.9658125,-99.923383684412,-7.20292384240413));
#11842=CARTESIAN_POINT('Ctrl Pts',(155.9658125,-99.7978794148542,-5.76840347714908));
#11843=CARTESIAN_POINT('',(158.6105875,-103.593159487026,-6.8818600619937));
#11844=CARTESIAN_POINT('Ctrl Pts',(176.202654085666,-127.806077871374,-4.7635041924848));
#11845=CARTESIAN_POINT('Ctrl Pts',(176.202654085666,-127.680573601818,-3.32898382723269));
#11846=CARTESIAN_POINT('Ctrl Pts',(171.238649126005,-120.040612711364,-5.44289436099115));
#11847=CARTESIAN_POINT('Ctrl Pts',(171.238649126005,-119.915108441808,-4.00837399573904));
#11848=CARTESIAN_POINT('Ctrl Pts',(162.304649580866,-107.707810813262,-6.5218747165861));
#11849=CARTESIAN_POINT('Ctrl Pts',(162.304649580866,-107.582306543706,-5.08735435133399));
#11850=CARTESIAN_POINT('Ctrl Pts',(158.6105875,-103.593159487026,-6.8818600619937));
#11851=CARTESIAN_POINT('Ctrl Pts',(158.6105875,-103.46765521747,-5.44733969674159));
#11852=CARTESIAN_POINT('',(174.248156475082,-124.817493777099,-5.02497142072777));
#11853=CARTESIAN_POINT('Origin',(30.395678798908,-124.817493777099,-5.02497142072773));
#11854=CARTESIAN_POINT('',(167.500503733758,-124.712906885801,-3.82953778301768));
#11855=CARTESIAN_POINT('Ctrl Pts',(164.152020833333,-120.02873658591,-5.44393338733502));
#11856=CARTESIAN_POINT('Ctrl Pts',(164.152020833333,-119.903232316354,-4.00941302208174));
#11857=CARTESIAN_POINT('Ctrl Pts',(165.568864583333,-122.161597736147,-5.25733221581443));
#11858=CARTESIAN_POINT('Ctrl Pts',(165.568864583333,-122.036093466591,-3.82281185056115));
#11859=CARTESIAN_POINT('Ctrl Pts',(167.363533333333,-124.702211753341,-5.03505729091491));
#11860=CARTESIAN_POINT('Ctrl Pts',(167.363533333333,-124.576707483785,-3.60053692566163));
#11861=CARTESIAN_POINT('Ctrl Pts',(168.119183333333,-125.611814302707,-4.95547737953112));
#11862=CARTESIAN_POINT('Ctrl Pts',(168.119183333333,-125.486310033151,-3.52095701427784));
#11863=CARTESIAN_POINT('',(164.152020833333,-120.02873658591,-5.44393338733502));
#11864=CARTESIAN_POINT('Ctrl Pts',(156.501064583333,-109.866280517134,-6.33303308693314));
#11865=CARTESIAN_POINT('Ctrl Pts',(156.501064583333,-109.740776247577,-4.89851272167919));
#11866=CARTESIAN_POINT('Ctrl Pts',(159.55515,-113.441959504296,-6.02020171114862));
#11867=CARTESIAN_POINT('Ctrl Pts',(159.55515,-113.316455234739,-4.58568134589467));
#11868=CARTESIAN_POINT('Ctrl Pts',(161.412789583333,-115.919842311189,-5.8034150559997));
#11869=CARTESIAN_POINT('Ctrl Pts',(161.412789583333,-115.794338041632,-4.36889469074575));
#11870=CARTESIAN_POINT('Ctrl Pts',(164.152020833333,-120.02873658591,-5.44393338733502));
#11871=CARTESIAN_POINT('Ctrl Pts',(164.152020833333,-119.903232316353,-4.00941302208107));
#11872=CARTESIAN_POINT('',(156.501064583333,-109.866280517134,-6.33303308693314));
#11873=CARTESIAN_POINT('Ctrl Pts',(154.580454166667,-107.639322551446,-6.52786666307964));
#11874=CARTESIAN_POINT('Ctrl Pts',(154.580454166667,-107.513818281888,-5.09334629782752));
#11875=CARTESIAN_POINT('Ctrl Pts',(154.611939583333,-107.670688156596,-6.52512252820434));
#11876=CARTESIAN_POINT('Ctrl Pts',(154.611939583333,-107.545183887038,-5.09060216295222));
#11877=CARTESIAN_POINT('Ctrl Pts',(155.462045833333,-108.643021916263,-6.44005434706995));
#11878=CARTESIAN_POINT('Ctrl Pts',(155.462045833333,-108.517517646705,-5.00553398181783));
#11879=CARTESIAN_POINT('Ctrl Pts',(156.501064583333,-109.866280517134,-6.33303308693314));
#11880=CARTESIAN_POINT('Ctrl Pts',(156.501064583333,-109.740776247576,-4.89851272168102));
#11881=CARTESIAN_POINT('',(154.580454166667,-107.639322551446,-6.52786666307964));
#11882=CARTESIAN_POINT('Ctrl Pts',(153.60440625,-109.05077478322,-6.40438059369101));
#11883=CARTESIAN_POINT('Ctrl Pts',(153.60440625,-108.925270513664,-4.9698602284389));
#11884=CARTESIAN_POINT('Ctrl Pts',(154.139658333333,-108.235269049306,-6.47572810044888));
#11885=CARTESIAN_POINT('Ctrl Pts',(154.139658333333,-108.10976477975,-5.04120773519677));
#11886=CARTESIAN_POINT('Ctrl Pts',(154.54896875,-107.607956946295,-6.53061079795494));
#11887=CARTESIAN_POINT('Ctrl Pts',(154.54896875,-107.482452676739,-5.09609043270283));
#11888=CARTESIAN_POINT('Ctrl Pts',(154.580454166667,-107.639322551446,-6.52786666307964));
#11889=CARTESIAN_POINT('Ctrl Pts',(154.580454166667,-107.51381828189,-5.09334629782753));
#11890=CARTESIAN_POINT('',(153.60440625,-109.05077478322,-6.40438059369101));
#11891=CARTESIAN_POINT('Ctrl Pts',(147.086925,-112.438260139479,-6.1080140271583));
#11892=CARTESIAN_POINT('Ctrl Pts',(147.086925,-112.312755869921,-4.67349366190352));
#11893=CARTESIAN_POINT('Ctrl Pts',(150.266952083333,-112.250066508575,-6.12447883641012));
#11894=CARTESIAN_POINT('Ctrl Pts',(150.266952083333,-112.124562239017,-4.68995847115534));
#11895=CARTESIAN_POINT('Ctrl Pts',(152.124591666667,-111.277732748909,-6.20954701754451));
#11896=CARTESIAN_POINT('Ctrl Pts',(152.124591666667,-111.152228479351,-4.77502665228973));
#11897=CARTESIAN_POINT('Ctrl Pts',(153.60440625,-109.05077478322,-6.40438059369101));
#11898=CARTESIAN_POINT('Ctrl Pts',(153.60440625,-108.925270513662,-4.96986022843623));
#11899=CARTESIAN_POINT('',(147.086925,-112.438260139479,-6.1080140271583));
#11900=CARTESIAN_POINT('Ctrl Pts',(139.467454166667,-110.242667778941,-6.3001034684295));
#11901=CARTESIAN_POINT('Ctrl Pts',(139.467454166667,-110.117163509383,-4.86558310317739));
#11902=CARTESIAN_POINT('Ctrl Pts',(141.32509375,-112.030507272522,-6.14368778053724));
#11903=CARTESIAN_POINT('Ctrl Pts',(141.32509375,-111.905003002964,-4.70916741528513));
#11904=CARTESIAN_POINT('Ctrl Pts',(143.4975875,-112.657819375532,-6.08880508303119));
#11905=CARTESIAN_POINT('Ctrl Pts',(143.4975875,-112.532315105974,-4.65428471777908));
#11906=CARTESIAN_POINT('Ctrl Pts',(147.086925,-112.438260139479,-6.1080140271583));
#11907=CARTESIAN_POINT('Ctrl Pts',(147.086925,-112.312755869921,-4.67349366190619));
#11908=CARTESIAN_POINT('',(139.467454166667,-110.242667778941,-6.3001034684295));
#11909=CARTESIAN_POINT('Ctrl Pts',(137.92466875,-108.45482828536,-6.45651915632176));
#11910=CARTESIAN_POINT('Ctrl Pts',(137.92466875,-108.329324015802,-5.02199879106965));
#11911=CARTESIAN_POINT('Ctrl Pts',(138.019125,-108.705753126564,-6.43456607731934));
#11912=CARTESIAN_POINT('Ctrl Pts',(138.019125,-108.580248857006,-5.00004571206723));
#11913=CARTESIAN_POINT('Ctrl Pts',(138.711804166667,-109.521258860478,-6.36321857056147));
#11914=CARTESIAN_POINT('Ctrl Pts',(138.711804166667,-109.39575459092,-4.92869820530936));
#11915=CARTESIAN_POINT('Ctrl Pts',(139.467454166667,-110.242667778941,-6.3001034684295));
#11916=CARTESIAN_POINT('Ctrl Pts',(139.467454166667,-110.117163509383,-4.86558310317739));
#11917=CARTESIAN_POINT('',(137.92466875,-108.45482828536,-6.45651915632176));
#11918=CARTESIAN_POINT('Ctrl Pts',(132.1628375,-114.414293263963,-5.93513353001423));
#11919=CARTESIAN_POINT('Ctrl Pts',(132.1628375,-114.288788994407,-4.50061316476211));
#11920=CARTESIAN_POINT('Ctrl Pts',(136.22445625,-109.427162045026,-6.37145097518738));
#11921=CARTESIAN_POINT('Ctrl Pts',(136.22445625,-109.30165777547,-4.93693060993526));
#11922=CARTESIAN_POINT('Ctrl Pts',(137.704270833333,-107.89024739265,-6.50591358407721));
#11923=CARTESIAN_POINT('Ctrl Pts',(137.704270833333,-107.764743123094,-5.07139321882509));
#11924=CARTESIAN_POINT('Ctrl Pts',(137.92466875,-108.45482828536,-6.45651915632176));
#11925=CARTESIAN_POINT('Ctrl Pts',(137.92466875,-108.329324015804,-5.02199879106964));
#11926=CARTESIAN_POINT('',(132.1628375,-114.414293263963,-5.93513353001423));
#11927=CARTESIAN_POINT('Ctrl Pts',(123.346920833333,-127.180094560234,-4.81827063576598));
#11928=CARTESIAN_POINT('Ctrl Pts',(123.346920833333,-127.054590290678,-3.38375027051387));
#11929=CARTESIAN_POINT('Ctrl Pts',(123.126522916667,-126.96053532418,-4.8374795798931));
#11930=CARTESIAN_POINT('Ctrl Pts',(123.126522916667,-126.835031054624,-3.40295921464099));
#11931=CARTESIAN_POINT('Ctrl Pts',(129.61251875,-117.519488173867,-5.66346417735925));
#11932=CARTESIAN_POINT('Ctrl Pts',(129.61251875,-117.393983904311,-4.22894381210714));
#11933=CARTESIAN_POINT('Ctrl Pts',(132.1628375,-114.414293263963,-5.93513353001423));
#11934=CARTESIAN_POINT('Ctrl Pts',(132.1628375,-114.288788994407,-4.50061316476212));
#11935=CARTESIAN_POINT('',(124.734310412762,-124.817493777099,-5.02497142072777));
#11936=CARTESIAN_POINT('Origin',(30.395678798908,-124.817493777099,-5.02497142072773));
#11937=CARTESIAN_POINT('',(118.18760194267,-124.712906885801,-3.82953778301768));
#11938=CARTESIAN_POINT('Ctrl Pts',(133.86305,-103.687256302477,-6.87362765736779));
#11939=CARTESIAN_POINT('Ctrl Pts',(133.86305,-103.56175203292,-5.43910729211091));
#11940=CARTESIAN_POINT('Ctrl Pts',(128.811860582477,-109.004881997954,-6.40839569213945));
#11941=CARTESIAN_POINT('Ctrl Pts',(128.811860582477,-108.879377728397,-4.97387532688257));
#11942=CARTESIAN_POINT('Ctrl Pts',(122.80259819149,-117.27815326726,-5.68457824580045));
#11943=CARTESIAN_POINT('Ctrl Pts',(122.80259819149,-117.152648997703,-4.25005788054357));
#11944=CARTESIAN_POINT('Ctrl Pts',(116.322418922386,-127.806077871368,-4.76350419248533));
#11945=CARTESIAN_POINT('Ctrl Pts',(116.322418922386,-127.680573601811,-3.32898382722845));
#11946=CARTESIAN_POINT('',(133.86305,-103.687256302477,-6.87362765736779));
#11947=CARTESIAN_POINT('Ctrl Pts',(135.752175,-95.9085862251425,-7.55417310644289));
#11948=CARTESIAN_POINT('Ctrl Pts',(135.752175,-95.7830819555859,-6.11965274119078));
#11949=CARTESIAN_POINT('Ctrl Pts',(136.822679166667,-100.582061392573,-7.14529701002277));
#11950=CARTESIAN_POINT('Ctrl Pts',(136.822679166667,-100.456557123016,-5.71077664477066));
#11951=CARTESIAN_POINT('Ctrl Pts',(136.854164583333,-100.519330182272,-7.15078527977338));
#11952=CARTESIAN_POINT('Ctrl Pts',(136.854164583333,-100.393825912715,-5.71626491452127));
#11953=CARTESIAN_POINT('Ctrl Pts',(133.86305,-103.687256302477,-6.87362765736779));
#11954=CARTESIAN_POINT('Ctrl Pts',(133.86305,-103.56175203292,-5.43910729211568));
#11955=CARTESIAN_POINT('',(135.752175,-95.9085862251425,-7.55417310644289));
#11956=CARTESIAN_POINT('Origin',(135.09098125,-92.9602193409915,-7.81212178472136));
#11957=CARTESIAN_POINT('',(135.09098125,-92.9602193409915,-7.81212178472136));
#11958=CARTESIAN_POINT('Origin',(131.31273125,-96.8495543796588,-7.47184906018381));
#11959=CARTESIAN_POINT('',(131.31273125,-96.8495543796588,-7.47184906018381));
#11960=CARTESIAN_POINT('Ctrl Pts',(119.41124375,-110.964076697403,-6.23698836629754));
#11961=CARTESIAN_POINT('Ctrl Pts',(119.41124375,-110.838572427847,-4.80246800104542));
#11962=CARTESIAN_POINT('Ctrl Pts',(121.646708333333,-107.702053761747,-6.52237839332903));
#11963=CARTESIAN_POINT('Ctrl Pts',(121.646708333333,-107.576549492191,-5.08785802807691));
#11964=CARTESIAN_POINT('Ctrl Pts',(126.904772916667,-101.460298336789,-7.06846123351429));
#11965=CARTESIAN_POINT('Ctrl Pts',(126.904772916667,-101.334794067233,-5.63394086826217));
#11966=CARTESIAN_POINT('Ctrl Pts',(131.31273125,-96.8495543796588,-7.47184906018381));
#11967=CARTESIAN_POINT('Ctrl Pts',(131.31273125,-96.7240501101024,-6.03732869493169));
#11968=CARTESIAN_POINT('',(119.41124375,-110.964076697403,-6.23698836629754));
#11969=CARTESIAN_POINT('Ctrl Pts',(116.892410416667,-114.163368422758,-5.95708660901665));
#11970=CARTESIAN_POINT('Ctrl Pts',(116.892410416667,-114.037864153202,-4.52256624376454));
#11971=CARTESIAN_POINT('Ctrl Pts',(117.396177083333,-113.6928843455,-5.99824863214619));
#11972=CARTESIAN_POINT('Ctrl Pts',(117.396177083333,-113.567380075944,-4.56372826689408));
#11973=CARTESIAN_POINT('Ctrl Pts',(118.529652083333,-112.250066508575,-6.12447883641012));
#11974=CARTESIAN_POINT('Ctrl Pts',(118.529652083333,-112.124562239019,-4.68995847115801));
#11975=CARTESIAN_POINT('Ctrl Pts',(119.41124375,-110.964076697403,-6.23698836629754));
#11976=CARTESIAN_POINT('Ctrl Pts',(119.41124375,-110.838572427847,-4.80246800104543));
#11977=CARTESIAN_POINT('',(116.892410416667,-114.163368422758,-5.95708660901665));
#11978=CARTESIAN_POINT('Ctrl Pts',(112.98821875,-113.09693784764,-6.05038719477695));
#11979=CARTESIAN_POINT('Ctrl Pts',(112.98821875,-112.971433578084,-4.61586682952426));
#11980=CARTESIAN_POINT('Ctrl Pts',(113.491985416667,-115.167067787576,-5.86927429300696));
#11981=CARTESIAN_POINT('Ctrl Pts',(113.491985416667,-115.04156351802,-4.43475392775427));
#11982=CARTESIAN_POINT('Ctrl Pts',(115.286654166667,-115.668917469985,-5.82536813500212));
#11983=CARTESIAN_POINT('Ctrl Pts',(115.286654166667,-115.543413200429,-4.39084776974943));
#11984=CARTESIAN_POINT('Ctrl Pts',(116.892410416667,-114.163368422758,-5.95708660901665));
#11985=CARTESIAN_POINT('Ctrl Pts',(116.892410416667,-114.037864153202,-4.52256624376396));
#11986=CARTESIAN_POINT('',(112.98821875,-113.09693784764,-6.05038719477695));
#11987=CARTESIAN_POINT('Ctrl Pts',(128.29013125,-92.2701760276796,-7.87249275197802));
#11988=CARTESIAN_POINT('Ctrl Pts',(128.29013125,-92.144671758123,-6.4379723867259));
#11989=CARTESIAN_POINT('Ctrl Pts',(117.616575,-103.530428276724,-6.88734833174431));
#11990=CARTESIAN_POINT('Ctrl Pts',(117.616575,-103.404924007167,-5.45282796649219));
#11991=CARTESIAN_POINT('Ctrl Pts',(112.358510416667,-110.650420645898,-6.26442971505057));
#11992=CARTESIAN_POINT('Ctrl Pts',(112.358510416667,-110.524916376341,-4.82990934979845));
#11993=CARTESIAN_POINT('Ctrl Pts',(112.98821875,-113.09693784764,-6.05038719477695));
#11994=CARTESIAN_POINT('Ctrl Pts',(112.98821875,-112.971433578083,-4.61586682952483));
#11995=CARTESIAN_POINT('',(128.29013125,-92.2701760276796,-7.87249275197802));
#11996=CARTESIAN_POINT('Ctrl Pts',(132.194322916667,-87.5653352550981,-8.28411298327344));
#11997=CARTESIAN_POINT('Ctrl Pts',(132.194322916667,-87.4398309855415,-6.84959261802088));
#11998=CARTESIAN_POINT('Ctrl Pts',(131.87946875,-88.2553785684101,-8.22374201601678));
#11999=CARTESIAN_POINT('Ctrl Pts',(131.87946875,-88.1298742988535,-6.78922165076422));
#12000=CARTESIAN_POINT('Ctrl Pts',(130.116285416667,-90.3568741134964,-8.03988497937149));
#12001=CARTESIAN_POINT('Ctrl Pts',(130.116285416667,-90.2313698439398,-6.60536461411893));
#12002=CARTESIAN_POINT('Ctrl Pts',(128.29013125,-92.2701760276796,-7.87249275197802));
#12003=CARTESIAN_POINT('Ctrl Pts',(128.29013125,-92.144671758123,-6.43797238672546));
#12004=CARTESIAN_POINT('',(132.194322916667,-87.5653352550981,-8.28411298327344));
#12005=CARTESIAN_POINT('Ctrl Pts',(132.82403125,-82.7350320619146,-8.70670975407007));
#12006=CARTESIAN_POINT('Ctrl Pts',(132.82403125,-82.609527792358,-7.27218938881795));
#12007=CARTESIAN_POINT('Ctrl Pts',(133.264827083333,-82.7350320619146,-8.70670975407007));
#12008=CARTESIAN_POINT('Ctrl Pts',(133.264827083333,-82.609527792358,-7.27218938881795));
#12009=CARTESIAN_POINT('Ctrl Pts',(132.792545833333,-86.342076654227,-8.39113424341025));
#12010=CARTESIAN_POINT('Ctrl Pts',(132.792545833333,-86.2165723846704,-6.95661387815813));
#12011=CARTESIAN_POINT('Ctrl Pts',(132.194322916667,-87.5653352550981,-8.28411298327344));
#12012=CARTESIAN_POINT('Ctrl Pts',(132.194322916667,-87.4398309855415,-6.84959261802132));
#12013=CARTESIAN_POINT('',(132.82403125,-82.7350320619146,-8.70670975407007));
#12014=CARTESIAN_POINT('Ctrl Pts',(123.315435416667,-88.6944970405177,-8.18532412776254));
#12015=CARTESIAN_POINT('Ctrl Pts',(123.315435416667,-88.5689927709611,-6.75080376251036));
#12016=CARTESIAN_POINT('Ctrl Pts',(125.424958333333,-87.1889479932916,-8.31704260177708));
#12017=CARTESIAN_POINT('Ctrl Pts',(125.424958333333,-87.063443723735,-6.8825222365249));
#12018=CARTESIAN_POINT('Ctrl Pts',(132.5406625,-82.7350320619146,-8.70670975407007));
#12019=CARTESIAN_POINT('Ctrl Pts',(132.5406625,-82.609527792358,-7.27218938881789));
#12020=CARTESIAN_POINT('Ctrl Pts',(132.82403125,-82.7350320619146,-8.70670975407007));
#12021=CARTESIAN_POINT('Ctrl Pts',(132.82403125,-82.609527792358,-7.27218938881789));
#12022=CARTESIAN_POINT('',(123.315435416667,-88.6944970405177,-8.18532412776254));
#12023=CARTESIAN_POINT('Ctrl Pts',(116.073789583333,-95.7517581993898,-7.5678937808194));
#12024=CARTESIAN_POINT('Ctrl Pts',(116.073789583333,-95.6262539298332,-6.1333734155672));
#12025=CARTESIAN_POINT('Ctrl Pts',(119.820554166667,-91.4233046886149,-7.94658439361119));
#12026=CARTESIAN_POINT('Ctrl Pts',(119.820554166667,-91.2978004190583,-6.51206402835899));
#12027=CARTESIAN_POINT('Ctrl Pts',(120.765116666667,-90.5137021392492,-8.02616430499498));
#12028=CARTESIAN_POINT('Ctrl Pts',(120.765116666667,-90.3881978696926,-6.59164393974278));
#12029=CARTESIAN_POINT('Ctrl Pts',(123.315435416667,-88.6944970405177,-8.18532412776254));
#12030=CARTESIAN_POINT('Ctrl Pts',(123.315435416667,-88.5689927709611,-6.75080376251034));
#12031=CARTESIAN_POINT('',(116.073789583333,-95.7517581993898,-7.5678937808194));
#12032=CARTESIAN_POINT('Ctrl Pts',(98.5678979166667,-107.984344208102,-6.49768117945131));
#12033=CARTESIAN_POINT('Ctrl Pts',(98.5678979166667,-107.858839938544,-5.06316081418933));
#12034=CARTESIAN_POINT('Ctrl Pts',(106.0929125,-105.506461401209,-6.71446783460023));
#12035=CARTESIAN_POINT('Ctrl Pts',(106.0929125,-105.380957131651,-5.27994746933825));
#12036=CARTESIAN_POINT('Ctrl Pts',(110.028589583333,-102.746288147961,-6.95595170362688));
#12037=CARTESIAN_POINT('Ctrl Pts',(110.028589583333,-102.620783878403,-5.5214313383649));
#12038=CARTESIAN_POINT('Ctrl Pts',(116.073789583333,-95.7517581993898,-7.5678937808194));
#12039=CARTESIAN_POINT('Ctrl Pts',(116.073789583333,-95.6262539298313,-6.13337341555742));
#12040=CARTESIAN_POINT('',(98.5678979166667,-107.984344208102,-6.49768117945131));
#12041=CARTESIAN_POINT('Ctrl Pts',(55.0550520833333,-100.864351838928,-7.12059979614505));
#12042=CARTESIAN_POINT('Ctrl Pts',(55.0550520833333,-100.738847569371,-5.6860794308909));
#12043=CARTESIAN_POINT('Ctrl Pts',(67.9640729166667,-109.427162045026,-6.37145097518738));
#12044=CARTESIAN_POINT('Ctrl Pts',(67.9640729166667,-109.301657775469,-4.93693060993323));
#12045=CARTESIAN_POINT('Ctrl Pts',(85.50145,-112.281432113726,-6.12173470153482));
#12046=CARTESIAN_POINT('Ctrl Pts',(85.50145,-112.155927844169,-4.68721433628067));
#12047=CARTESIAN_POINT('Ctrl Pts',(98.5678979166667,-107.984344208102,-6.49768117945131));
#12048=CARTESIAN_POINT('Ctrl Pts',(98.5678979166667,-107.858839938545,-5.06316081419716));
#12049=CARTESIAN_POINT('',(55.0550520833333,-100.864351838928,-7.12059979614505));
#12050=CARTESIAN_POINT('Ctrl Pts',(42.7442541666667,-85.1501836585064,-8.49541136867176));
#12051=CARTESIAN_POINT('Ctrl Pts',(42.7442541666667,-85.0246793889498,-7.06089100341964));
#12052=CARTESIAN_POINT('Ctrl Pts',(44.1296125,-90.5764333495503,-8.02067603524437));
#12053=CARTESIAN_POINT('Ctrl Pts',(44.1296125,-90.4509290799936,-6.58615566999225));
#12054=CARTESIAN_POINT('Ctrl Pts',(49.1043083333333,-96.91228558996,-7.4663607904332));
#12055=CARTESIAN_POINT('Ctrl Pts',(49.1043083333333,-96.7867813204034,-6.03184042518108));
#12056=CARTESIAN_POINT('Ctrl Pts',(55.0550520833333,-100.864351838928,-7.12059979614505));
#12057=CARTESIAN_POINT('Ctrl Pts',(55.0550520833333,-100.738847569371,-5.68607943089293));
#12058=CARTESIAN_POINT('',(42.7442541666667,-85.1501836585064,-8.49541136867176));
#12059=CARTESIAN_POINT('Ctrl Pts',(43.2480208333333,-75.9600613493973,-9.29944288713548));
#12060=CARTESIAN_POINT('Ctrl Pts',(43.2480208333333,-75.8345570798407,-7.86492252188333));
#12061=CARTESIAN_POINT('Ctrl Pts',(42.3034583333333,-78.6261377871934,-9.06619142273474));
#12062=CARTESIAN_POINT('Ctrl Pts',(42.3034583333333,-78.5006335176368,-7.63167105748259));
#12063=CARTESIAN_POINT('Ctrl Pts',(42.0830604166667,-82.6723008516135,-8.71219802382068));
#12064=CARTESIAN_POINT('Ctrl Pts',(42.0830604166667,-82.5467965820569,-7.27767765856853));
#12065=CARTESIAN_POINT('Ctrl Pts',(42.7442541666667,-85.1501836585064,-8.49541136867176));
#12066=CARTESIAN_POINT('Ctrl Pts',(42.7442541666667,-85.0246793889498,-7.06089100341962));
#12067=CARTESIAN_POINT('',(43.2480208333333,-75.9600613493973,-9.29944288713548));
#12068=CARTESIAN_POINT('Origin',(43.9092145833333,-74.0467594352142,-9.46683511452895));
#12069=CARTESIAN_POINT('',(43.9092145833333,-74.0467594352142,-9.46683511452895));
#12070=CARTESIAN_POINT('Origin',(42.6183125,-71.6629734437729,-9.67538936505197));
#12071=CARTESIAN_POINT('',(42.6183125,-71.6629734437729,-9.67538936505197));
#12072=CARTESIAN_POINT('Ctrl Pts',(41.2329541666667,-69.2478218471811,-9.88668775045029));
#12073=CARTESIAN_POINT('Ctrl Pts',(41.2329541666667,-69.1223175776246,-8.45216738519795));
#12074=CARTESIAN_POINT('Ctrl Pts',(41.2644395833333,-69.2478218471811,-9.88668775045029));
#12075=CARTESIAN_POINT('Ctrl Pts',(41.2644395833333,-69.1223175776246,-8.45216738519795));
#12076=CARTESIAN_POINT('Ctrl Pts',(41.8941479166667,-70.3142524222996,-9.79338716468999));
#12077=CARTESIAN_POINT('Ctrl Pts',(41.8941479166667,-70.1887481527431,-8.35886679943765));
#12078=CARTESIAN_POINT('Ctrl Pts',(42.6183125,-71.6629734437729,-9.67538936505197));
#12079=CARTESIAN_POINT('Ctrl Pts',(42.6183125,-71.5374691742164,-8.24086899979963));
#12080=CARTESIAN_POINT('',(41.2329541666667,-69.2478218471811,-9.88668775045029));
#12081=CARTESIAN_POINT('Ctrl Pts',(38.36778125,-75.8345989287951,-9.31041942663669));
#12082=CARTESIAN_POINT('Ctrl Pts',(38.36778125,-75.7090946592386,-7.87589906138458));
#12083=CARTESIAN_POINT('Ctrl Pts',(39.0919458333333,-73.7331033837088,-9.49427646328198));
#12084=CARTESIAN_POINT('Ctrl Pts',(39.0919458333333,-73.6075991141523,-8.05975609802987));
#12085=CARTESIAN_POINT('Ctrl Pts',(41.01255625,-69.2478218471811,-9.88668775045029));
#12086=CARTESIAN_POINT('Ctrl Pts',(41.01255625,-69.1223175776246,-8.45216738519818));
#12087=CARTESIAN_POINT('Ctrl Pts',(41.2329541666667,-69.2478218471811,-9.88668775045029));
#12088=CARTESIAN_POINT('Ctrl Pts',(41.2329541666667,-69.1223175776246,-8.45216738519818));
#12089=CARTESIAN_POINT('',(38.36778125,-75.8345989287951,-9.31041942663669));
#12090=CARTESIAN_POINT('Ctrl Pts',(45.4834854166667,-103.906815538531,-6.85441871324067));
#12091=CARTESIAN_POINT('Ctrl Pts',(45.4834854166667,-103.781311268975,-5.41989834798856));
#12092=CARTESIAN_POINT('Ctrl Pts',(36.9824229166667,-95.8144894096909,-7.5624055110688));
#12093=CARTESIAN_POINT('Ctrl Pts',(36.9824229166667,-95.6889851401345,-6.12788514581669));
#12094=CARTESIAN_POINT('Ctrl Pts',(34.6839875,-86.6557327057324,-8.36369289465722));
#12095=CARTESIAN_POINT('Ctrl Pts',(34.6839875,-86.530228436176,-6.92917252940511));
#12096=CARTESIAN_POINT('Ctrl Pts',(38.36778125,-75.8345989287951,-9.31041942663669));
#12097=CARTESIAN_POINT('Ctrl Pts',(38.36778125,-75.7090946592387,-7.87589906138458));
#12098=CARTESIAN_POINT('',(45.4834854166667,-103.906815538531,-6.85441871324067));
#12099=CARTESIAN_POINT('Ctrl Pts',(75.20571875,-117.770413015071,-5.64151109835683));
#12100=CARTESIAN_POINT('Ctrl Pts',(75.20571875,-117.644908745515,-4.20699073310471));
#12101=CARTESIAN_POINT('Ctrl Pts',(63.30423125,-115.543455049382,-5.83634467450333));
#12102=CARTESIAN_POINT('Ctrl Pts',(63.30423125,-115.417950779826,-4.40182430925121));
#12103=CARTESIAN_POINT('Ctrl Pts',(52.25285,-110.368130199543,-6.28912692892829));
#12104=CARTESIAN_POINT('Ctrl Pts',(52.25285,-110.242625929987,-4.85460656367617));
#12105=CARTESIAN_POINT('Ctrl Pts',(45.4834854166667,-103.906815538531,-6.85441871324067));
#12106=CARTESIAN_POINT('Ctrl Pts',(45.4834854166667,-103.781311268975,-5.41989834798855));
#12107=CARTESIAN_POINT('',(75.20571875,-117.770413015071,-5.64151109835683));
#12108=CARTESIAN_POINT('Ctrl Pts',(83.70678125,-118.30362830263,-5.59486080547668));
#12109=CARTESIAN_POINT('Ctrl Pts',(83.70678125,-118.178124033074,-4.16034044022457));
#12110=CARTESIAN_POINT('Ctrl Pts',(79.6451625,-118.30362830263,-5.59486080547668));
#12111=CARTESIAN_POINT('Ctrl Pts',(79.6451625,-118.178124033074,-4.16034044022457));
#12112=CARTESIAN_POINT('Ctrl Pts',(77.2522708333333,-118.146800276877,-5.60858147985319));
#12113=CARTESIAN_POINT('Ctrl Pts',(77.2522708333333,-118.021296007321,-4.17406111460108));
#12114=CARTESIAN_POINT('Ctrl Pts',(75.20571875,-117.770413015071,-5.64151109835683));
#12115=CARTESIAN_POINT('Ctrl Pts',(75.20571875,-117.644908745515,-4.20699073310472));
#12116=CARTESIAN_POINT('',(83.70678125,-118.30362830263,-5.59486080547668));
#12117=CARTESIAN_POINT('Ctrl Pts',(96.9621416666667,-116.703982439952,-5.73481168411713));
#12118=CARTESIAN_POINT('Ctrl Pts',(96.9621416666667,-116.578478170396,-4.30029131886471));
#12119=CARTESIAN_POINT('Ctrl Pts',(91.0428833333334,-118.115434671727,-5.6113256147285));
#12120=CARTESIAN_POINT('Ctrl Pts',(91.0428833333334,-117.989930402171,-4.17680524947608));
#12121=CARTESIAN_POINT('Ctrl Pts',(89.56306875,-118.27226269748,-5.59760494035198));
#12122=CARTESIAN_POINT('Ctrl Pts',(89.56306875,-118.146758427924,-4.16308457509956));
#12123=CARTESIAN_POINT('Ctrl Pts',(83.70678125,-118.30362830263,-5.59486080547668));
#12124=CARTESIAN_POINT('Ctrl Pts',(83.70678125,-118.178124033074,-4.16034044022426));
#12125=CARTESIAN_POINT('',(96.9621416666667,-116.703982439952,-5.73481168411713));
#12126=CARTESIAN_POINT('Ctrl Pts',(101.684954166667,-116.484423203899,-5.75402062824425));
#12127=CARTESIAN_POINT('Ctrl Pts',(101.684954166667,-116.358918934341,-4.31950026299168));
#12128=CARTESIAN_POINT('Ctrl Pts',(100.457022916667,-115.888476706038,-5.806159190875));
#12129=CARTESIAN_POINT('Ctrl Pts',(100.457022916667,-115.76297243648,-4.37163882562243));
#12130=CARTESIAN_POINT('Ctrl Pts',(100.457022916667,-115.888476706038,-5.806159190875));
#12131=CARTESIAN_POINT('Ctrl Pts',(100.457022916667,-115.76297243648,-4.37163882562243));
#12132=CARTESIAN_POINT('Ctrl Pts',(96.9621416666667,-116.703982439952,-5.73481168411713));
#12133=CARTESIAN_POINT('Ctrl Pts',(96.9621416666667,-116.578478170394,-4.30029131886456));
#12134=CARTESIAN_POINT('',(101.684954166667,-116.484423203899,-5.75402062824425));
#12135=CARTESIAN_POINT('Ctrl Pts',(97.8105380530204,-127.806077871374,-4.7635041924848));
#12136=CARTESIAN_POINT('Ctrl Pts',(97.8105380530204,-127.680573601818,-3.32898382723268));
#12137=CARTESIAN_POINT('Ctrl Pts',(103.54134970177,-121.779574108151,-5.29075495246313));
#12138=CARTESIAN_POINT('Ctrl Pts',(103.54134970177,-121.654069838595,-3.85623458721101));
#12139=CARTESIAN_POINT('Ctrl Pts',(104.815498393392,-118.014317931841,-5.62017218316121));
#12140=CARTESIAN_POINT('Ctrl Pts',(104.815498393392,-117.888813662285,-4.18565181790909));
#12141=CARTESIAN_POINT('Ctrl Pts',(101.684954166667,-116.484423203899,-5.75402062824425));
#12142=CARTESIAN_POINT('Ctrl Pts',(101.684954166667,-116.358918934343,-4.31950026299213));
#12143=CARTESIAN_POINT('',(100.43573019081,-124.817493777099,-5.02497142072777));
#12144=CARTESIAN_POINT('Origin',(30.395678798908,-124.817493777099,-5.02497142072774));
#12145=CARTESIAN_POINT('',(93.1270820971345,-124.712906885801,-3.82953778301768));
#12146=CARTESIAN_POINT('Ctrl Pts',(94.7896479166667,-123.008469075212,-5.18324057418126));
#12147=CARTESIAN_POINT('Ctrl Pts',(94.7896479166667,-122.882964805654,-3.74872020892914));
#12148=CARTESIAN_POINT('Ctrl Pts',(94.85261875,-123.039834680362,-5.18049643930595));
#12149=CARTESIAN_POINT('Ctrl Pts',(94.85261875,-122.914330410804,-3.74597607405383));
#12150=CARTESIAN_POINT('Ctrl Pts',(93.8450854166667,-124.106265255481,-5.08719585354566));
#12151=CARTESIAN_POINT('Ctrl Pts',(93.8450854166667,-123.980760985923,-3.65267548829354));
#12152=CARTESIAN_POINT('Ctrl Pts',(92.58566875,-125.360889461502,-4.97743045853355));
#12153=CARTESIAN_POINT('Ctrl Pts',(92.58566875,-125.235385191944,-3.54291009328143));
#12154=CARTESIAN_POINT('',(94.7896479166667,-123.008469075212,-5.18324057418126));
#12155=CARTESIAN_POINT('Ctrl Pts',(92.3652708333333,-123.447587547319,-5.14482268592702));
#12156=CARTESIAN_POINT('Ctrl Pts',(92.3652708333333,-123.322083277763,-3.7103023206749));
#12157=CARTESIAN_POINT('Ctrl Pts',(93.6561729166667,-123.165297100964,-5.16951989980474));
#12158=CARTESIAN_POINT('Ctrl Pts',(93.6561729166667,-123.039792831408,-3.73499953455262));
#12159=CARTESIAN_POINT('Ctrl Pts',(94.7581625,-122.977103470061,-5.18598470905656));
#12160=CARTESIAN_POINT('Ctrl Pts',(94.7581625,-122.851599200505,-3.75146434380444));
#12161=CARTESIAN_POINT('Ctrl Pts',(94.7896479166667,-123.008469075212,-5.18324057418126));
#12162=CARTESIAN_POINT('Ctrl Pts',(94.7896479166667,-122.882964805656,-3.74872020892914));
#12163=CARTESIAN_POINT('',(92.3652708333333,-123.447587547319,-5.14482268592702));
#12164=CARTESIAN_POINT('Ctrl Pts',(83.70678125,-123.949437229728,-5.10091652792218));
#12165=CARTESIAN_POINT('Ctrl Pts',(83.70678125,-123.823932960172,-3.66639616267005));
#12166=CARTESIAN_POINT('Ctrl Pts',(88.1147395833333,-123.949437229728,-5.10091652792218));
#12167=CARTESIAN_POINT('Ctrl Pts',(88.1147395833333,-123.823932960172,-3.66639616267005));
#12168=CARTESIAN_POINT('Ctrl Pts',(90.7280291666667,-123.792609203975,-5.11463720229869));
#12169=CARTESIAN_POINT('Ctrl Pts',(90.7280291666667,-123.667104934419,-3.68011683704656));
#12170=CARTESIAN_POINT('Ctrl Pts',(92.3652708333333,-123.447587547319,-5.14482268592702));
#12171=CARTESIAN_POINT('Ctrl Pts',(92.3652708333333,-123.322083277763,-3.71030232067489));
#12172=CARTESIAN_POINT('',(83.70678125,-123.949437229728,-5.10091652792218));
#12173=CARTESIAN_POINT('Ctrl Pts',(73.88333125,-123.259393916416,-5.16128749517883));
#12174=CARTESIAN_POINT('Ctrl Pts',(73.88333125,-123.13388964686,-3.72676712992654));
#12175=CARTESIAN_POINT('Ctrl Pts',(76.90593125,-123.886706019427,-5.10640479767278));
#12176=CARTESIAN_POINT('Ctrl Pts',(76.90593125,-123.761201749871,-3.67188443242049));
#12177=CARTESIAN_POINT('Ctrl Pts',(78.322775,-123.980802834878,-5.09817239304687));
#12178=CARTESIAN_POINT('Ctrl Pts',(78.322775,-123.855298565322,-3.66365202779458));
#12179=CARTESIAN_POINT('Ctrl Pts',(83.70678125,-123.949437229728,-5.10091652792218));
#12180=CARTESIAN_POINT('Ctrl Pts',(83.70678125,-123.823932960172,-3.66639616266989));
#12181=CARTESIAN_POINT('',(73.88333125,-123.259393916416,-5.16128749517883));
#12182=CARTESIAN_POINT('Ctrl Pts',(48.1282604166667,-112.971475427038,-6.06136373427816));
#12183=CARTESIAN_POINT('Ctrl Pts',(48.1282604166667,-112.845971157481,-4.62684336902418));
#12184=CARTESIAN_POINT('Ctrl Pts',(55.0235666666667,-117.644950594469,-5.65248763785804));
#12185=CARTESIAN_POINT('Ctrl Pts',(55.0235666666667,-117.519446324912,-4.21796727260406));
#12186=CARTESIAN_POINT('Ctrl Pts',(64.24879375,-121.314726397082,-5.33142385744761));
#12187=CARTESIAN_POINT('Ctrl Pts',(64.24879375,-121.189222127525,-3.89690349219363));
#12188=CARTESIAN_POINT('Ctrl Pts',(73.88333125,-123.259393916416,-5.16128749517883));
#12189=CARTESIAN_POINT('Ctrl Pts',(73.88333125,-123.133889646859,-3.72676712992485));
#12190=CARTESIAN_POINT('',(48.1282604166667,-112.971475427038,-6.06136373427816));
#12191=CARTESIAN_POINT('Ctrl Pts',(44.79080625,-110.681786251048,-6.26168558017527));
#12192=CARTESIAN_POINT('Ctrl Pts',(44.79080625,-110.556281981492,-4.82716521492274));
#12193=CARTESIAN_POINT('Ctrl Pts',(45.1056604166667,-110.932711092253,-6.23973250117284));
#12194=CARTESIAN_POINT('Ctrl Pts',(45.1056604166667,-110.807206822697,-4.80521213592031));
#12195=CARTESIAN_POINT('Ctrl Pts',(46.6169604166667,-111.96777606222,-6.14917605028785));
#12196=CARTESIAN_POINT('Ctrl Pts',(46.6169604166667,-111.842271792664,-4.71465568503532));
#12197=CARTESIAN_POINT('Ctrl Pts',(48.1282604166667,-112.971475427038,-6.06136373427816));
#12198=CARTESIAN_POINT('Ctrl Pts',(48.1282604166667,-112.845971157482,-4.62684336902563));
#12199=CARTESIAN_POINT('',(44.79080625,-110.681786251048,-6.26168558017527));
#12200=CARTESIAN_POINT('Ctrl Pts',(44.1925833333333,-111.93641045707,-6.15192018516315));
#12201=CARTESIAN_POINT('Ctrl Pts',(44.1925833333333,-111.810906187514,-4.71739981991104));
#12202=CARTESIAN_POINT('Ctrl Pts',(44.1925833333333,-110.336764594392,-6.29187106380359));
#12203=CARTESIAN_POINT('Ctrl Pts',(44.1925833333333,-110.211260324836,-4.85735069855148));
#12204=CARTESIAN_POINT('Ctrl Pts',(44.22406875,-110.274033384091,-6.2973593335542));
#12205=CARTESIAN_POINT('Ctrl Pts',(44.22406875,-110.148529114535,-4.86283896830209));
#12206=CARTESIAN_POINT('Ctrl Pts',(44.79080625,-110.681786251048,-6.26168558017527));
#12207=CARTESIAN_POINT('Ctrl Pts',(44.79080625,-110.556281981492,-4.82716521492316));
#12208=CARTESIAN_POINT('',(44.1925833333333,-111.93641045707,-6.15192018516315));
#12209=CARTESIAN_POINT('Ctrl Pts',(49.70253125,-123.353490731867,-5.15305509055293));
#12210=CARTESIAN_POINT('Ctrl Pts',(49.70253125,-123.227986462311,-3.71853472530081));
#12211=CARTESIAN_POINT('Ctrl Pts',(45.7983395833333,-119.495521298351,-5.49058368021517));
#12212=CARTESIAN_POINT('Ctrl Pts',(45.7983395833333,-119.370017028795,-4.05606331496305));
#12213=CARTESIAN_POINT('Ctrl Pts',(44.22406875,-116.202132757544,-5.77871784212197));
#12214=CARTESIAN_POINT('Ctrl Pts',(44.22406875,-116.076628487988,-4.34419747686985));
#12215=CARTESIAN_POINT('Ctrl Pts',(44.1925833333333,-111.93641045707,-6.15192018516315));
#12216=CARTESIAN_POINT('Ctrl Pts',(44.1925833333333,-111.810906187514,-4.71739981991103));
#12217=CARTESIAN_POINT('',(49.70253125,-123.353490731867,-5.15305509055293));
#12218=CARTESIAN_POINT('Ctrl Pts',(55.4165004297098,-127.806077871366,-4.76350419248552));
#12219=CARTESIAN_POINT('Ctrl Pts',(55.4165004297098,-127.68057360181,-3.3289838272334));
#12220=CARTESIAN_POINT('Ctrl Pts',(53.3065575048784,-126.528447121728,-4.87528239925097));
#12221=CARTESIAN_POINT('Ctrl Pts',(53.3065575048784,-126.402942852172,-3.44076203399885));
#12222=CARTESIAN_POINT('Ctrl Pts',(51.3981372924252,-125.042644481384,-5.00527328651794));
#12223=CARTESIAN_POINT('Ctrl Pts',(51.3981372924252,-124.917140211828,-3.57075292126582));
#12224=CARTESIAN_POINT('Ctrl Pts',(49.70253125,-123.353490731867,-5.15305509055293));
#12225=CARTESIAN_POINT('Ctrl Pts',(49.70253125,-123.227986462311,-3.71853472530081));
#12226=CARTESIAN_POINT('',(51.2843355536698,-124.817493777099,-5.02497142072777));
#12227=CARTESIAN_POINT('Origin',(30.395678798908,-124.817493777099,-5.02497142072773));
#12228=CARTESIAN_POINT('',(43.3401292940197,-124.712906885801,-3.82953778301768));
#12229=CARTESIAN_POINT('Ctrl Pts',(38.8400625,-108.45482828536,-6.45651915632176));
#12230=CARTESIAN_POINT('Ctrl Pts',(38.8400625,-108.329324015802,-5.02199879106965));
#12231=CARTESIAN_POINT('Ctrl Pts',(37.6916210937649,-115.879120374465,-5.80697776381986));
#12232=CARTESIAN_POINT('Ctrl Pts',(37.6916210937649,-115.753616104907,-4.37245739856775));
#12233=CARTESIAN_POINT('Ctrl Pts',(40.1651583789358,-122.358858544989,-5.2400741312828));
#12234=CARTESIAN_POINT('Ctrl Pts',(40.1651583789358,-122.233354275431,-3.80555376603069));
#12235=CARTESIAN_POINT('Ctrl Pts',(46.2165238868714,-127.806077871374,-4.7635041924848));
#12236=CARTESIAN_POINT('Ctrl Pts',(46.2165238868714,-127.680573601816,-3.32898382723269));
#12237=CARTESIAN_POINT('',(38.8400625,-108.45482828536,-6.45651915632176));
#12238=CARTESIAN_POINT('Ctrl Pts',(38.4937229166667,-104.910514903348,-6.76660639723098));
#12239=CARTESIAN_POINT('Ctrl Pts',(38.4937229166667,-104.785010633792,-5.33208603197819));
#12240=CARTESIAN_POINT('Ctrl Pts',(39.2178875,-105.882848663015,-6.6815382160966));
#12241=CARTESIAN_POINT('Ctrl Pts',(39.2178875,-105.757344393459,-5.24701785084381));
#12242=CARTESIAN_POINT('Ctrl Pts',(39.2178875,-105.945579873316,-6.67604994634599));
#12243=CARTESIAN_POINT('Ctrl Pts',(39.2178875,-105.82007560376,-5.2415295810932));
#12244=CARTESIAN_POINT('Ctrl Pts',(38.8400625,-108.45482828536,-6.45651915632176));
#12245=CARTESIAN_POINT('Ctrl Pts',(38.8400625,-108.329324015804,-5.02199879106897));
#12246=CARTESIAN_POINT('',(38.4937229166667,-104.910514903348,-6.76660639723098));
#12247=CARTESIAN_POINT('Ctrl Pts',(36.7305395833333,-102.432632096455,-6.98339305237991));
#12248=CARTESIAN_POINT('Ctrl Pts',(36.7305395833333,-102.307127826899,-5.54887268712731));
#12249=CARTESIAN_POINT('Ctrl Pts',(37.2972770833333,-103.24813783037,-6.91204554562203));
#12250=CARTESIAN_POINT('Ctrl Pts',(37.2972770833333,-103.122633560814,-5.47752518036943));
#12251=CARTESIAN_POINT('Ctrl Pts',(38.0844125,-104.345934010639,-6.81600082498643));
#12252=CARTESIAN_POINT('Ctrl Pts',(38.0844125,-104.220429741083,-5.38148045973383));
#12253=CARTESIAN_POINT('Ctrl Pts',(38.4937229166667,-104.910514903348,-6.76660639723098));
#12254=CARTESIAN_POINT('Ctrl Pts',(38.4937229166667,-104.785010633792,-5.33208603197838));
#12255=CARTESIAN_POINT('',(36.7305395833333,-102.432632096455,-6.98339305237991));
#12256=CARTESIAN_POINT('Origin',(35.72300625,-100.927083049229,-7.11511152639444));
#12257=CARTESIAN_POINT('',(35.72300625,-100.927083049229,-7.11511152639444));
#12258=CARTESIAN_POINT('Origin',(35.250725,-102.589460122208,-6.96967237800339));
#12259=CARTESIAN_POINT('',(35.250725,-102.589460122208,-6.96967237800339));
#12260=CARTESIAN_POINT('Ctrl Pts',(35.2192395833333,-124.984502199696,-5.01036007703718));
#12261=CARTESIAN_POINT('Ctrl Pts',(35.2192395833333,-124.85899793014,-3.57583971178506));
#12262=CARTESIAN_POINT('Ctrl Pts',(33.1412020833333,-119.997370980759,-5.44667752221033));
#12263=CARTESIAN_POINT('Ctrl Pts',(33.1412020833333,-119.871866711203,-4.01215715695821));
#12264=CARTESIAN_POINT('Ctrl Pts',(33.1412020833333,-109.803549306833,-6.33852135668374));
#12265=CARTESIAN_POINT('Ctrl Pts',(33.1412020833333,-109.678045037277,-4.90400099143162));
#12266=CARTESIAN_POINT('Ctrl Pts',(35.250725,-102.589460122208,-6.96967237800339));
#12267=CARTESIAN_POINT('Ctrl Pts',(35.250725,-102.463955852652,-5.53515201275127));
#12268=CARTESIAN_POINT('',(35.1511980119001,-124.817493777099,-5.02497142072778));
#12269=CARTESIAN_POINT('Origin',(30.395678798908,-124.817493777099,-5.02497142072779));
#12270=CARTESIAN_POINT('',(29.4295442338892,-124.712906885801,-3.82953778301768));
#12271=CARTESIAN_POINT('Ctrl Pts',(31.3465333333333,-97.1632104311642,-7.44440771143078));
#12272=CARTESIAN_POINT('Ctrl Pts',(31.3465333333333,-97.0377061616075,-6.00988734617652));
#12273=CARTESIAN_POINT('Ctrl Pts',(27.7571958333333,-105.067342929101,-6.75288572285447));
#12274=CARTESIAN_POINT('Ctrl Pts',(27.7571958333333,-104.941838659544,-5.31836535760021));
#12275=CARTESIAN_POINT('Ctrl Pts',(27.03303125,-117.770413015071,-5.64151109835683));
#12276=CARTESIAN_POINT('Ctrl Pts',(27.03303125,-117.644908745514,-4.20699073310257));
#12277=CARTESIAN_POINT('Ctrl Pts',(29.7092916666667,-125.705911118158,-4.94724497490522));
#12278=CARTESIAN_POINT('Ctrl Pts',(29.7092916666667,-125.580406848601,-3.51272460965096));
#12279=CARTESIAN_POINT('',(31.3465333333333,-97.1632104311642,-7.44440771143078));
#12280=CARTESIAN_POINT('Origin',(32.4170375,-94.8107900448735,-7.65021782707849));
#12281=CARTESIAN_POINT('',(32.4170375,-94.8107900448735,-7.65021782707849));
#12282=CARTESIAN_POINT('Origin',(31.8503,-92.7720257100883,-7.82858659397317));
#12283=CARTESIAN_POINT('',(31.8503,-92.7720257100883,-7.82858659397317));
#12284=CARTESIAN_POINT('Ctrl Pts',(31.2835625,-81.4176766455918,-8.82196341883279));
#12285=CARTESIAN_POINT('Ctrl Pts',(31.2835625,-81.2921723760352,-7.38744305358068));
#12286=CARTESIAN_POINT('Ctrl Pts',(30.7797958333333,-84.9619900276031,-8.51187617792357));
#12287=CARTESIAN_POINT('Ctrl Pts',(30.7797958333333,-84.8364857580465,-7.07735581267146));
#12288=CARTESIAN_POINT('Ctrl Pts',(31.0316791666667,-89.9177556413889,-8.07830286762573));
#12289=CARTESIAN_POINT('Ctrl Pts',(31.0316791666667,-89.7922513718322,-6.64378250237362));
#12290=CARTESIAN_POINT('Ctrl Pts',(31.8503,-92.7720257100883,-7.82858659397317));
#12291=CARTESIAN_POINT('Ctrl Pts',(31.8503,-92.6465214405317,-6.39406622872106));
#12292=CARTESIAN_POINT('',(31.2835625,-81.4176766455918,-8.82196341883279));
#12293=CARTESIAN_POINT('Ctrl Pts',(37.3287625,-65.6094116497182,-10.2050073959854));
#12294=CARTESIAN_POINT('Ctrl Pts',(37.3287625,-65.4839073801616,-8.7704870307333));
#12295=CARTESIAN_POINT('Ctrl Pts',(34.0542791666667,-70.3769836326007,-9.78789889493938));
#12296=CARTESIAN_POINT('Ctrl Pts',(34.0542791666667,-70.2514793630441,-8.35337852968729));
#12297=CARTESIAN_POINT('Ctrl Pts',(32.0706979166667,-75.5836740875908,-9.33237250563912));
#12298=CARTESIAN_POINT('Ctrl Pts',(32.0706979166667,-75.4581698180342,-7.89785214038702));
#12299=CARTESIAN_POINT('Ctrl Pts',(31.2835625,-81.4176766455918,-8.82196341883279));
#12300=CARTESIAN_POINT('Ctrl Pts',(31.2835625,-81.2921723760352,-7.3874430535807));
#12301=CARTESIAN_POINT('',(37.3287625,-65.6094116497182,-10.2050073959854));
#12302=CARTESIAN_POINT('Origin',(39.0919458333333,-63.0687976325242,-10.4272823208849));
#12303=CARTESIAN_POINT('',(39.0919458333333,-63.0687976325242,-10.4272823208849));
#12304=CARTESIAN_POINT('Origin',(38.9030333333333,-58.8344409372009,-10.7977405290508));
#12305=CARTESIAN_POINT('',(38.9030333333333,-58.8344409372009,-10.7977405290508));
#12306=CARTESIAN_POINT('Ctrl Pts',(40.5717604166667,-47.6682855036077,-11.7746525446586));
#12307=CARTESIAN_POINT('Ctrl Pts',(40.5717604166667,-47.5427812340511,-10.3401321794065));
#12308=CARTESIAN_POINT('Ctrl Pts',(39.0919458333333,-51.2753300959201,-11.4590770339988));
#12309=CARTESIAN_POINT('Ctrl Pts',(39.0919458333333,-51.1498258263635,-10.0245566687467));
#12310=CARTESIAN_POINT('Ctrl Pts',(38.7141208333333,-53.8159441131141,-11.2368021090993));
#12311=CARTESIAN_POINT('Ctrl Pts',(38.7141208333333,-53.6904398435575,-9.80228174384718));
#12312=CARTESIAN_POINT('Ctrl Pts',(38.9030333333333,-58.8344409372009,-10.7977405290508));
#12313=CARTESIAN_POINT('Ctrl Pts',(38.9030333333333,-58.7089366676443,-9.36322016379868));
#12314=CARTESIAN_POINT('',(40.5717604166667,-47.6682855036077,-11.7746525446586));
#12315=CARTESIAN_POINT('Ctrl Pts',(46.9003291666667,-37.8822166966383,-12.6308226257531));
#12316=CARTESIAN_POINT('Ctrl Pts',(46.9003291666667,-37.7567124270817,-11.196302260501));
#12317=CARTESIAN_POINT('Ctrl Pts',(44.22406875,-40.6737555550366,-12.3865946218512));
#12318=CARTESIAN_POINT('Ctrl Pts',(44.22406875,-40.54825128548,-10.9520742565991));
#12319=CARTESIAN_POINT('Ctrl Pts',(42.051575,-44.0612409112953,-12.0902280553184));
#12320=CARTESIAN_POINT('Ctrl Pts',(42.051575,-43.9357366417387,-10.6557076900663));
#12321=CARTESIAN_POINT('Ctrl Pts',(40.5717604166667,-47.6682855036077,-11.7746525446586));
#12322=CARTESIAN_POINT('Ctrl Pts',(40.5717604166667,-47.542781234051,-10.3401321794065));
#12323=CARTESIAN_POINT('',(46.9003291666667,-37.8822166966383,-12.6308226257531));
#12324=CARTESIAN_POINT('Origin',(49.1672791666667,-35.5297963103476,-12.8366327414008));
#12325=CARTESIAN_POINT('',(47.082903001896,-37.6927593146949,-12.6473979988944));
#12326=CARTESIAN_POINT('Origin',(54.9829309663193,-37.6927593146949,-12.6473979988944));
#12327=CARTESIAN_POINT('',(56.3153820462747,-37.5881724233977,-11.4519643611844));
#12328=CARTESIAN_POINT('Ctrl Pts',(57.4164583333333,-39.5445937696171,-12.4853834773621));
#12329=CARTESIAN_POINT('Ctrl Pts',(57.4164583333333,-39.4190895000605,-11.0508631121099));
#12330=CARTESIAN_POINT('Ctrl Pts',(56.2281276688722,-37.7688807083431,-12.6407382398984));
#12331=CARTESIAN_POINT('Ctrl Pts',(56.2281276688722,-37.6433764387864,-11.2062178746462));
#12332=CARTESIAN_POINT('Ctrl Pts',(55.4173631409897,-35.9840493589857,-12.7968907492729));
#12333=CARTESIAN_POINT('Ctrl Pts',(55.4173631409897,-35.8585450894291,-11.3623703840207));
#12334=CARTESIAN_POINT('Ctrl Pts',(54.9829309663193,-34.2060778713738,-12.9524430985113));
#12335=CARTESIAN_POINT('Ctrl Pts',(54.9829309663193,-34.0805736018172,-11.5179227332591));
#12336=CARTESIAN_POINT('',(57.4164583333333,-39.5445937696171,-12.4853834773621));
#12337=CARTESIAN_POINT('Ctrl Pts',(90.4761458333333,-57.0779670487705,-10.9514120820678));
#12338=CARTESIAN_POINT('Ctrl Pts',(90.4761458333333,-56.9524627792139,-9.51689171681552));
#12339=CARTESIAN_POINT('Ctrl Pts',(74.8908645833333,-53.9727721388668,-11.2230814347228));
#12340=CARTESIAN_POINT('Ctrl Pts',(74.8908645833333,-53.8472678693102,-9.78856106947052));
#12341=CARTESIAN_POINT('Ctrl Pts',(62.8004645833333,-47.5741886881561,-11.7828849492845));
#12342=CARTESIAN_POINT('Ctrl Pts',(62.8004645833333,-47.4486844185994,-10.3483645840322));
#12343=CARTESIAN_POINT('Ctrl Pts',(57.4164583333333,-39.5445937696171,-12.4853834773621));
#12344=CARTESIAN_POINT('Ctrl Pts',(57.4164583333333,-39.4190895000604,-11.0508631121098));
#12345=CARTESIAN_POINT('',(90.4761458333333,-57.0779670487705,-10.9514120820678));
#12346=CARTESIAN_POINT('Ctrl Pts',(102.755458333333,-57.799375967233,-10.8882969799358));
#12347=CARTESIAN_POINT('Ctrl Pts',(102.755458333333,-57.6738716976764,-9.45377661468369));
#12348=CARTESIAN_POINT('Ctrl Pts',(94.9785604166667,-57.799375967233,-10.8882969799358));
#12349=CARTESIAN_POINT('Ctrl Pts',(94.9785604166667,-57.6738716976764,-9.45377661468369));
#12350=CARTESIAN_POINT('Ctrl Pts',(93.71914375,-57.7366447569319,-10.8937852496864));
#12351=CARTESIAN_POINT('Ctrl Pts',(93.71914375,-57.6111404873753,-9.45926488443429));
#12352=CARTESIAN_POINT('Ctrl Pts',(90.4761458333333,-57.0779670487705,-10.9514120820678));
#12353=CARTESIAN_POINT('Ctrl Pts',(90.4761458333333,-56.9524627792139,-9.51689171681569));
#12354=CARTESIAN_POINT('',(102.755458333333,-57.799375967233,-10.8882969799358));
#12355=CARTESIAN_POINT('Ctrl Pts',(127.2511125,-53.9414065337162,-11.2258255695981));
#12356=CARTESIAN_POINT('Ctrl Pts',(127.2511125,-53.8159022641597,-9.79130520434557));
#12357=CARTESIAN_POINT('Ctrl Pts',(119.474214583333,-56.9838702333189,-10.9596444866937));
#12358=CARTESIAN_POINT('Ctrl Pts',(119.474214583333,-56.8583659637624,-9.52512412144117));
#12359=CARTESIAN_POINT('Ctrl Pts',(114.247635416667,-57.799375967233,-10.8882969799358));
#12360=CARTESIAN_POINT('Ctrl Pts',(114.247635416667,-57.6738716976765,-9.45377661468327));
#12361=CARTESIAN_POINT('Ctrl Pts',(102.755458333333,-57.799375967233,-10.8882969799358));
#12362=CARTESIAN_POINT('Ctrl Pts',(102.755458333333,-57.6738716976765,-9.45377661468327));
#12363=CARTESIAN_POINT('',(127.2511125,-53.9414065337162,-11.2258255695981));
#12364=CARTESIAN_POINT('Ctrl Pts',(131.092333333333,-48.5778880529734,-11.6950726332748));
#12365=CARTESIAN_POINT('Ctrl Pts',(131.092333333333,-48.4523837834168,-10.2605522680227));
#12366=CARTESIAN_POINT('Ctrl Pts',(131.092333333333,-52.2790294607375,-11.3712647179891));
#12367=CARTESIAN_POINT('Ctrl Pts',(131.092333333333,-52.1535251911809,-9.93674435273698));
#12368=CARTESIAN_POINT('Ctrl Pts',(130.871935416667,-52.5299543019418,-11.3493116389867));
#12369=CARTESIAN_POINT('Ctrl Pts',(130.871935416667,-52.4044500323852,-9.91479127373458));
#12370=CARTESIAN_POINT('Ctrl Pts',(127.2511125,-53.9414065337162,-11.2258255695981));
#12371=CARTESIAN_POINT('Ctrl Pts',(127.2511125,-53.8159022641596,-9.79130520434598));
#12372=CARTESIAN_POINT('',(131.092333333333,-48.5778880529734,-11.6950726332748));
#12373=CARTESIAN_POINT('Ctrl Pts',(130.55708125,-46.1941020615322,-11.9036268837979));
#12374=CARTESIAN_POINT('Ctrl Pts',(130.55708125,-46.0685977919756,-10.4691065185457));
#12375=CARTESIAN_POINT('Ctrl Pts',(131.0293625,-46.0059084306289,-11.9200916930497));
#12376=CARTESIAN_POINT('Ctrl Pts',(131.0293625,-45.8804041610723,-10.4855713277975));
#12377=CARTESIAN_POINT('Ctrl Pts',(131.092333333333,-46.2254676666827,-11.9008827489226));
#12378=CARTESIAN_POINT('Ctrl Pts',(131.092333333333,-46.0999633971261,-10.4663623836704));
#12379=CARTESIAN_POINT('Ctrl Pts',(131.092333333333,-48.5778880529734,-11.6950726332748));
#12380=CARTESIAN_POINT('Ctrl Pts',(131.092333333333,-48.4523837834168,-10.2605522680226));
#12381=CARTESIAN_POINT('',(130.55708125,-46.1941020615322,-11.9036268837979));
#12382=CARTESIAN_POINT('Ctrl Pts',(119.852039583333,-49.2052001559843,-11.6401899357688));
#12383=CARTESIAN_POINT('Ctrl Pts',(119.852039583333,-49.0796958864277,-10.2056695705166));
#12384=CARTESIAN_POINT('Ctrl Pts',(122.5283,-48.7347160787261,-11.6813519588983));
#12385=CARTESIAN_POINT('Ctrl Pts',(122.5283,-48.6092118091695,-10.2468315936461));
#12386=CARTESIAN_POINT('Ctrl Pts',(128.29013125,-47.1037046108979,-11.8240469724141));
#12387=CARTESIAN_POINT('Ctrl Pts',(128.29013125,-46.9782003413413,-10.3895266071619));
#12388=CARTESIAN_POINT('Ctrl Pts',(130.55708125,-46.1941020615322,-11.9036268837979));
#12389=CARTESIAN_POINT('Ctrl Pts',(130.55708125,-46.0685977919756,-10.4691065185457));
#12390=CARTESIAN_POINT('',(119.852039583333,-49.2052001559843,-11.6401899357688));
#12391=CARTESIAN_POINT('Ctrl Pts',(94.8211333333333,-49.6443186280919,-11.6017720475145));
#12392=CARTESIAN_POINT('Ctrl Pts',(94.8211333333333,-49.5188143585353,-10.1672516822624));
#12393=CARTESIAN_POINT('Ctrl Pts',(101.873866666667,-50.7421148083609,-11.5057273268789));
#12394=CARTESIAN_POINT('Ctrl Pts',(101.873866666667,-50.6166105388043,-10.0712069616268));
#12395=CARTESIAN_POINT('Ctrl Pts',(112.264054166667,-50.5539211774576,-11.5221921361308));
#12396=CARTESIAN_POINT('Ctrl Pts',(112.264054166667,-50.428416907901,-10.0876717708787));
#12397=CARTESIAN_POINT('Ctrl Pts',(119.852039583333,-49.2052001559843,-11.6401899357688));
#12398=CARTESIAN_POINT('Ctrl Pts',(119.852039583333,-49.0796958864277,-10.2056695705167));
#12399=CARTESIAN_POINT('',(94.8211333333333,-49.6443186280919,-11.6017720475145));
#12400=CARTESIAN_POINT('Ctrl Pts',(64.1397546709442,-34.2060778713738,-12.9524430985113));
#12401=CARTESIAN_POINT('Ctrl Pts',(64.1397546709442,-34.0805736018172,-11.5179227332592));
#12402=CARTESIAN_POINT('Ctrl Pts',(68.0860175731094,-41.0905648338656,-12.3501285351012));
#12403=CARTESIAN_POINT('Ctrl Pts',(68.0860175731094,-40.965060564309,-10.9156081698491));
#12404=CARTESIAN_POINT('Ctrl Pts',(80.6374321232094,-47.4517746366507,-11.7935947910475));
#12405=CARTESIAN_POINT('Ctrl Pts',(80.6374321232094,-47.3262703670941,-10.3590744257954));
#12406=CARTESIAN_POINT('Ctrl Pts',(94.8211333333333,-49.6443186280919,-11.6017720475145));
#12407=CARTESIAN_POINT('Ctrl Pts',(94.8211333333333,-49.5188143585353,-10.1672516822624));
#12408=CARTESIAN_POINT('',(66.9035358180667,-37.6927593146949,-12.6473979988945));
#12409=CARTESIAN_POINT('Origin',(71.0375747431243,-37.6927593146949,-12.6473979988944));
#12410=CARTESIAN_POINT('',(75.8195684334095,-37.5881724233977,-11.4519643611844));
#12411=CARTESIAN_POINT('Ctrl Pts',(124.952677083333,-42.3988638383165,-12.2356672037095));
#12412=CARTESIAN_POINT('Ctrl Pts',(124.952677083333,-42.2733595687598,-10.8011468384573));
#12413=CARTESIAN_POINT('Ctrl Pts',(108.202435416667,-47.7310167139088,-11.769164274908));
#12414=CARTESIAN_POINT('Ctrl Pts',(108.202435416667,-47.6055124443521,-10.3346439096558));
#12415=CARTESIAN_POINT('Ctrl Pts',(84.6828291666667,-44.6885530143061,-12.0353453578124));
#12416=CARTESIAN_POINT('Ctrl Pts',(84.6828291666667,-44.5630487447495,-10.6008249925602));
#12417=CARTESIAN_POINT('Ctrl Pts',(72.7183708333334,-35.6238931257992,-12.8284003367749));
#12418=CARTESIAN_POINT('Ctrl Pts',(72.7183708333334,-35.4983888562425,-11.3938799715227));
#12419=CARTESIAN_POINT('',(124.952677083333,-42.3988638383165,-12.2356672037095));
#12420=CARTESIAN_POINT('Ctrl Pts',(131.973925,-38.3527007738965,-12.5896606026236));
#12421=CARTESIAN_POINT('Ctrl Pts',(131.973925,-38.2271965043399,-11.1551402373714));
#12422=CARTESIAN_POINT('Ctrl Pts',(131.470158333333,-39.9209810314236,-12.4524538588584));
#12423=CARTESIAN_POINT('Ctrl Pts',(131.470158333333,-39.795476761867,-11.0179334936062));
#12424=CARTESIAN_POINT('Ctrl Pts',(129.832916666667,-40.8619491859399,-12.3701298125993));
#12425=CARTESIAN_POINT('Ctrl Pts',(129.832916666667,-40.7364449163833,-10.9356094473471));
#12426=CARTESIAN_POINT('Ctrl Pts',(124.952677083333,-42.3988638383165,-12.2356672037095));
#12427=CARTESIAN_POINT('Ctrl Pts',(124.952677083333,-42.2733595687599,-10.8011468384573));
#12428=CARTESIAN_POINT('',(131.973925,-38.3527007738965,-12.5896606026236));
#12429=CARTESIAN_POINT('Ctrl Pts',(132.288779166667,-35.3729682845949,-12.8503534157773));
#12430=CARTESIAN_POINT('Ctrl Pts',(132.288779166667,-35.2474640150383,-11.4158330505252));
#12431=CARTESIAN_POINT('Ctrl Pts',(132.35175,-36.3453020442617,-12.7652852346429));
#12432=CARTESIAN_POINT('Ctrl Pts',(132.35175,-36.2197977747051,-11.3307648693908));
#12433=CARTESIAN_POINT('Ctrl Pts',(132.194322916667,-37.6940230657351,-12.6472874350049));
#12434=CARTESIAN_POINT('Ctrl Pts',(132.194322916667,-37.5685187961785,-11.2127670697528));
#12435=CARTESIAN_POINT('Ctrl Pts',(131.973925,-38.3527007738965,-12.5896606026236));
#12436=CARTESIAN_POINT('Ctrl Pts',(131.973925,-38.2271965043399,-11.1551402373715));
#12437=CARTESIAN_POINT('',(132.134932391637,-37.6927593146949,-12.6473979988945));
#12438=CARTESIAN_POINT('Origin',(137.351425010346,-37.6927593146949,-12.6473979988944));
#12439=CARTESIAN_POINT('',(137.08961669446,-37.5881724233977,-11.4519643611844));
#12440=CARTESIAN_POINT('Ctrl Pts',(136.759708333333,-40.7051211601872,-12.3838504869758));
#12441=CARTESIAN_POINT('Ctrl Pts',(136.759708333333,-40.5796168906306,-10.9493301217236));
#12442=CARTESIAN_POINT('Ctrl Pts',(136.966366086242,-39.2897555755362,-12.5076789303775));
#12443=CARTESIAN_POINT('Ctrl Pts',(136.966366086242,-39.1642513059796,-11.0731585651253));
#12444=CARTESIAN_POINT('Ctrl Pts',(137.173023839151,-36.9559570126414,-12.7118598475839));
#12445=CARTESIAN_POINT('Ctrl Pts',(137.173023839151,-36.8304527430848,-11.2773394823317));
#12446=CARTESIAN_POINT('Ctrl Pts',(137.351425010346,-34.2060778713738,-12.9524430985113));
#12447=CARTESIAN_POINT('Ctrl Pts',(137.351425010346,-34.0805736018172,-11.5179227332591));
#12448=CARTESIAN_POINT('',(136.759708333333,-40.7051211601872,-12.3838504869758));
#12449=CARTESIAN_POINT('Ctrl Pts',(136.444854166667,-46.413661297586,-11.8844179396707));
#12450=CARTESIAN_POINT('Ctrl Pts',(136.444854166667,-46.2881570280294,-10.4498975744186));
#12451=CARTESIAN_POINT('Ctrl Pts',(136.444854166667,-44.3748969628007,-12.0627867065654));
#12452=CARTESIAN_POINT('Ctrl Pts',(136.444854166667,-44.2493926932441,-10.6282663413133));
#12453=CARTESIAN_POINT('Ctrl Pts',(136.60228125,-41.8342829456067,-12.2850616314649));
#12454=CARTESIAN_POINT('Ctrl Pts',(136.60228125,-41.7087786760501,-10.8505412662128));
#12455=CARTESIAN_POINT('Ctrl Pts',(136.759708333333,-40.7051211601872,-12.3838504869758));
#12456=CARTESIAN_POINT('Ctrl Pts',(136.759708333333,-40.5796168906306,-10.9493301217237));
#12457=CARTESIAN_POINT('',(136.444854166667,-46.413661297586,-11.8844179396707));
#12458=CARTESIAN_POINT('Ctrl Pts',(135.972572916667,-52.5299543019418,-11.3493116389867));
#12459=CARTESIAN_POINT('Ctrl Pts',(135.972572916667,-52.4044500323851,-9.91479127373445));
#12460=CARTESIAN_POINT('Ctrl Pts',(136.22445625,-51.1812332804685,-11.4673094386247));
#12461=CARTESIAN_POINT('Ctrl Pts',(136.22445625,-51.0557290109118,-10.0327890733724));
#12462=CARTESIAN_POINT('Ctrl Pts',(136.444854166667,-48.4210600272207,-11.7087933076514));
#12463=CARTESIAN_POINT('Ctrl Pts',(136.444854166667,-48.295555757664,-10.2742729423991));
#12464=CARTESIAN_POINT('Ctrl Pts',(136.444854166667,-46.413661297586,-11.8844179396707));
#12465=CARTESIAN_POINT('Ctrl Pts',(136.444854166667,-46.2881570280294,-10.4498975744184));
#12466=CARTESIAN_POINT('',(135.972572916667,-52.5299543019418,-11.3493116389867));
#12467=CARTESIAN_POINT('Ctrl Pts',(136.004058333333,-60.3713555895775,-10.663277920161));
#12468=CARTESIAN_POINT('Ctrl Pts',(136.004058333333,-60.2458513200209,-9.22875755490878));
#12469=CARTESIAN_POINT('Ctrl Pts',(135.37435,-57.7052791517814,-10.8965293845617));
#12470=CARTESIAN_POINT('Ctrl Pts',(135.37435,-57.5797748822248,-9.46200901930949));
#12471=CARTESIAN_POINT('Ctrl Pts',(135.37435,-55.6665148169961,-11.0748981514564));
#12472=CARTESIAN_POINT('Ctrl Pts',(135.37435,-55.5410105474395,-9.64037778620418));
#12473=CARTESIAN_POINT('Ctrl Pts',(135.972572916667,-52.5299543019418,-11.3493116389867));
#12474=CARTESIAN_POINT('Ctrl Pts',(135.972572916667,-52.4044500323852,-9.91479127373448));
#12475=CARTESIAN_POINT('',(136.004058333333,-60.3713555895775,-10.663277920161));
#12476=CARTESIAN_POINT('Ctrl Pts',(136.3189125,-66.2994549630301,-10.1446364287288));
#12477=CARTESIAN_POINT('Ctrl Pts',(136.3189125,-66.1739506934735,-8.71011606347658));
#12478=CARTESIAN_POINT('Ctrl Pts',(136.476339583333,-63.3824536840296,-10.3998409721319));
#12479=CARTESIAN_POINT('Ctrl Pts',(136.476339583333,-63.256949414473,-8.96532060687967));
#12480=CARTESIAN_POINT('Ctrl Pts',(136.381883333333,-62.0023670574058,-10.5205829066452));
#12481=CARTESIAN_POINT('Ctrl Pts',(136.381883333333,-61.8768627878492,-9.08606254139298));
#12482=CARTESIAN_POINT('Ctrl Pts',(136.004058333333,-60.3713555895775,-10.663277920161));
#12483=CARTESIAN_POINT('Ctrl Pts',(136.004058333333,-60.2458513200209,-9.22875755490877));
#12484=CARTESIAN_POINT('',(136.3189125,-66.2994549630301,-10.1446364287288));
#12485=CARTESIAN_POINT('Ctrl Pts',(137.861697916667,-79.1279874696021,-9.0222852647299));
#12486=CARTESIAN_POINT('Ctrl Pts',(137.861697916667,-79.0024832000454,-7.58776489947763));
#12487=CARTESIAN_POINT('Ctrl Pts',(136.381883333333,-72.4471135725365,-9.6067859931694));
#12488=CARTESIAN_POINT('Ctrl Pts',(136.381883333333,-72.3216093029798,-8.17226562791713));
#12489=CARTESIAN_POINT('Ctrl Pts',(136.13,-70.3769836326007,-9.78789889493938));
#12490=CARTESIAN_POINT('Ctrl Pts',(136.13,-70.251479363044,-8.35337852968711));
#12491=CARTESIAN_POINT('Ctrl Pts',(136.3189125,-66.2994549630301,-10.1446364287288));
#12492=CARTESIAN_POINT('Ctrl Pts',(136.3189125,-66.1739506934734,-8.71011606347653));
#12493=CARTESIAN_POINT('',(137.861697916667,-79.1279874696021,-9.0222852647299));
#12494=CARTESIAN_POINT('Ctrl Pts',(139.1526,-86.0284206027215,-8.41857559216328));
#12495=CARTESIAN_POINT('Ctrl Pts',(139.1526,-85.902916333165,-6.98405522691116));
#12496=CARTESIAN_POINT('Ctrl Pts',(138.900716666667,-84.3033123194417,-8.56950301030493));
#12497=CARTESIAN_POINT('Ctrl Pts',(138.900716666667,-84.1778080498852,-7.13498264505281));
#12498=CARTESIAN_POINT('Ctrl Pts',(138.30249375,-81.198117409538,-8.84117236295991));
#12499=CARTESIAN_POINT('Ctrl Pts',(138.30249375,-81.0726131399815,-7.40665199770779));
#12500=CARTESIAN_POINT('Ctrl Pts',(137.861697916667,-79.1279874696021,-9.0222852647299));
#12501=CARTESIAN_POINT('Ctrl Pts',(137.861697916667,-79.0024832000456,-7.58776489947778));
#12502=CARTESIAN_POINT('',(139.1526,-86.0284206027215,-8.41857559216328));
#12503=CARTESIAN_POINT('Ctrl Pts',(140.034191666667,-90.733261375303,-8.00695536086786));
#12504=CARTESIAN_POINT('Ctrl Pts',(140.034191666667,-90.6077571057463,-6.57243499561568));
#12505=CARTESIAN_POINT('Ctrl Pts',(139.782308333333,-89.8550244310878,-8.08379113737633));
#12506=CARTESIAN_POINT('Ctrl Pts',(139.782308333333,-89.7295201615312,-6.64927077212415));
#12507=CARTESIAN_POINT('Ctrl Pts',(139.404483333333,-87.7535288860014,-8.26764817402162));
#12508=CARTESIAN_POINT('Ctrl Pts',(139.404483333333,-87.6280246164448,-6.83312780876944));
#12509=CARTESIAN_POINT('Ctrl Pts',(139.1526,-86.0284206027215,-8.41857559216328));
#12510=CARTESIAN_POINT('Ctrl Pts',(139.1526,-85.9029163331649,-6.9840552269111));
#12511=CARTESIAN_POINT('',(140.034191666667,-90.733261375303,-8.00695536086786));
#12512=CARTESIAN_POINT('Ctrl Pts',(142.143714583333,-101.55439515224,-7.06022882888838));
#12513=CARTESIAN_POINT('Ctrl Pts',(142.143714583333,-101.428890882684,-5.62570846363627));
#12514=CARTESIAN_POINT('Ctrl Pts',(141.860345833333,-98.6373938732398,-7.31543337229154));
#12515=CARTESIAN_POINT('Ctrl Pts',(141.860345833333,-98.5118896036834,-5.88091300703943));
#12516=CARTESIAN_POINT('Ctrl Pts',(140.915783333333,-93.8384562852067,-7.73528600821288));
#12517=CARTESIAN_POINT('Ctrl Pts',(140.915783333333,-93.7129520156503,-6.30076564296077));
#12518=CARTESIAN_POINT('Ctrl Pts',(140.034191666667,-90.733261375303,-8.00695536086786));
#12519=CARTESIAN_POINT('Ctrl Pts',(140.034191666667,-90.6077571057466,-6.57243499561575));
#12520=CARTESIAN_POINT('',(142.143714583333,-101.55439515224,-7.06022882888838));
#12521=CARTESIAN_POINT('Ctrl Pts',(143.906897916667,-106.604257581478,-6.61842311396463));
#12522=CARTESIAN_POINT('Ctrl Pts',(143.906897916667,-106.47875331192,-5.18390274870847));
#12523=CARTESIAN_POINT('Ctrl Pts',(142.804908333333,-106.008311083617,-6.67056167659538));
#12524=CARTESIAN_POINT('Ctrl Pts',(142.804908333333,-105.882806814059,-5.23604131133922));
#12525=CARTESIAN_POINT('Ctrl Pts',(142.45856875,-105.067342929101,-6.75288572285447));
#12526=CARTESIAN_POINT('Ctrl Pts',(142.45856875,-104.941838659543,-5.31836535759831));
#12527=CARTESIAN_POINT('Ctrl Pts',(142.143714583333,-101.55439515224,-7.06022882888838));
#12528=CARTESIAN_POINT('Ctrl Pts',(142.143714583333,-101.428890882682,-5.62570846363222));
#12529=CARTESIAN_POINT('',(143.906897916667,-106.604257581478,-6.61842311396463));
#12530=CARTESIAN_POINT('Ctrl Pts',(148.2204,-106.478795160875,-6.62939965346584));
#12531=CARTESIAN_POINT('Ctrl Pts',(148.2204,-106.353290891319,-5.19487928821358));
#12532=CARTESIAN_POINT('Ctrl Pts',(147.18138125,-107.137472869037,-6.57177282108448));
#12533=CARTESIAN_POINT('Ctrl Pts',(147.18138125,-107.011968599481,-5.13725245583222));
#12534=CARTESIAN_POINT('Ctrl Pts',(145.071858333333,-107.231569684488,-6.56354041645858));
#12535=CARTESIAN_POINT('Ctrl Pts',(145.071858333333,-107.106065414932,-5.12902005120632));
#12536=CARTESIAN_POINT('Ctrl Pts',(143.906897916667,-106.604257581478,-6.61842311396463));
#12537=CARTESIAN_POINT('Ctrl Pts',(143.906897916667,-106.478753311922,-5.18390274871237));
#12538=CARTESIAN_POINT('',(148.2204,-106.478795160875,-6.62939965346584));
#12539=CARTESIAN_POINT('Ctrl Pts',(150.266952083333,-100.927083049229,-7.11511152639444));
#12540=CARTESIAN_POINT('Ctrl Pts',(150.266952083333,-100.801578779673,-5.68059116114132));
#12541=CARTESIAN_POINT('Ctrl Pts',(149.857641666667,-104.471396431241,-6.80502428548522));
#12542=CARTESIAN_POINT('Ctrl Pts',(149.857641666667,-104.345892161685,-5.3705039202321));
#12543=CARTESIAN_POINT('Ctrl Pts',(149.385360416667,-105.694655032112,-6.69800302534841));
#12544=CARTESIAN_POINT('Ctrl Pts',(149.385360416667,-105.569150762555,-5.26348266009529));
#12545=CARTESIAN_POINT('Ctrl Pts',(148.2204,-106.478795160875,-6.62939965346584));
#12546=CARTESIAN_POINT('Ctrl Pts',(148.2204,-106.353290891318,-5.19487928821272));
#12547=CARTESIAN_POINT('',(150.266952083333,-100.927083049229,-7.11511152639444));
#12548=CARTESIAN_POINT('Ctrl Pts',(151.71528125,-93.8698218903573,-7.73254187333757));
#12549=CARTESIAN_POINT('Ctrl Pts',(151.71528125,-93.7443176208007,-6.29802150808546));
#12550=CARTESIAN_POINT('Ctrl Pts',(151.117058333333,-96.0967798560458,-7.53770829719108));
#12551=CARTESIAN_POINT('Ctrl Pts',(151.117058333333,-95.9712755864892,-6.10318793193897));
#12552=CARTESIAN_POINT('Ctrl Pts',(150.48735,-99.2960715814012,-7.25780653991019));
#12553=CARTESIAN_POINT('Ctrl Pts',(150.48735,-99.1705673118446,-5.82328617465808));
#12554=CARTESIAN_POINT('Ctrl Pts',(150.266952083333,-100.927083049229,-7.11511152639444));
#12555=CARTESIAN_POINT('Ctrl Pts',(150.266952083333,-100.801578779672,-5.68059116114233));
#12556=CARTESIAN_POINT('',(151.71528125,-93.8698218903573,-7.73254187333757));
#12557=CARTESIAN_POINT('Ctrl Pts',(153.446979166667,-86.0284206027215,-8.41857559216328));
#12558=CARTESIAN_POINT('Ctrl Pts',(153.446979166667,-85.9029163331649,-6.98405522691057));
#12559=CARTESIAN_POINT('Ctrl Pts',(153.069154166667,-88.0985505426574,-8.23746269039329));
#12560=CARTESIAN_POINT('Ctrl Pts',(153.069154166667,-87.9730462731008,-6.80294232514058));
#12561=CARTESIAN_POINT('Ctrl Pts',(152.28201875,-91.6114983195182,-7.93011958435938));
#12562=CARTESIAN_POINT('Ctrl Pts',(152.28201875,-91.4859940499616,-6.49559921910667));
#12563=CARTESIAN_POINT('Ctrl Pts',(151.71528125,-93.8698218903573,-7.73254187333757));
#12564=CARTESIAN_POINT('Ctrl Pts',(151.71528125,-93.7443176208007,-6.29802150808486));
#12565=CARTESIAN_POINT('',(153.446979166667,-86.0284206027215,-8.41857559216328));
#12566=CARTESIAN_POINT('Ctrl Pts',(155.084220833333,-77.7165352378277,-9.14577133411852));
#12567=CARTESIAN_POINT('Ctrl Pts',(155.084220833333,-77.5910309682711,-7.71125096886641));
#12568=CARTESIAN_POINT('Ctrl Pts',(154.54896875,-80.2257836498711,-8.9262405440943));
#12569=CARTESIAN_POINT('Ctrl Pts',(154.54896875,-80.1002793803144,-7.49172017884219));
#12570=CARTESIAN_POINT('Ctrl Pts',(153.79331875,-83.9582906627857,-8.59968849393326));
#12571=CARTESIAN_POINT('Ctrl Pts',(153.79331875,-83.8327863932291,-7.16516812868115));
#12572=CARTESIAN_POINT('Ctrl Pts',(153.446979166667,-86.0284206027215,-8.41857559216328));
#12573=CARTESIAN_POINT('Ctrl Pts',(153.446979166667,-85.9029163331649,-6.98405522691117));
#12574=CARTESIAN_POINT('',(155.084220833333,-77.7165352378277,-9.14577133411852));
#12575=CARTESIAN_POINT('Ctrl Pts',(156.186210416667,-65.7976052806214,-10.1885425867336));
#12576=CARTESIAN_POINT('Ctrl Pts',(156.186210416667,-65.6721010110648,-8.75402222148047));
#12577=CARTESIAN_POINT('Ctrl Pts',(156.091754166667,-72.6353072034398,-9.59032118391758));
#12578=CARTESIAN_POINT('Ctrl Pts',(156.091754166667,-72.5098029338832,-8.15580081866445));
#12579=CARTESIAN_POINT('Ctrl Pts',(155.997297916667,-73.4821785425044,-9.5162295422844));
#12580=CARTESIAN_POINT('Ctrl Pts',(155.997297916667,-73.3566742729478,-8.08170917703127));
#12581=CARTESIAN_POINT('Ctrl Pts',(155.084220833333,-77.7165352378277,-9.14577133411852));
#12582=CARTESIAN_POINT('Ctrl Pts',(155.084220833333,-77.5910309682711,-7.71125096886539));
#12583=CARTESIAN_POINT('',(156.186210416667,-65.7976052806214,-10.1885425867336));
#12584=CARTESIAN_POINT('Ctrl Pts',(155.713929166667,-40.0778090571763,-12.4387331844819));
#12585=CARTESIAN_POINT('Ctrl Pts',(155.713929166667,-39.9523047876197,-11.0042128192298));
#12586=CARTESIAN_POINT('Ctrl Pts',(156.24918125,-43.2457351773811,-12.1615755620763));
#12587=CARTESIAN_POINT('Ctrl Pts',(156.24918125,-43.1202309078245,-10.7270551968242));
#12588=CARTESIAN_POINT('Ctrl Pts',(156.406608333333,-52.0908358298342,-11.3877295272409));
#12589=CARTESIAN_POINT('Ctrl Pts',(156.406608333333,-51.9653315602776,-9.95320916198878));
#12590=CARTESIAN_POINT('Ctrl Pts',(156.186210416667,-65.7976052806214,-10.1885425867336));
#12591=CARTESIAN_POINT('Ctrl Pts',(156.186210416667,-65.6721010110648,-8.75402222148148));
#12592=CARTESIAN_POINT('',(155.713929166667,-40.0778090571763,-12.4387331844819));
#12593=CARTESIAN_POINT('Ctrl Pts',(155.134215829286,-34.2060778713741,-12.9524430985112));
#12594=CARTESIAN_POINT('Ctrl Pts',(155.134215829286,-34.0805736018175,-11.5179227332591));
#12595=CARTESIAN_POINT('Ctrl Pts',(155.333108647782,-36.7669191103721,-12.7283985210092));
#12596=CARTESIAN_POINT('Ctrl Pts',(155.333108647782,-36.6414148408155,-11.2938781557571));
#12597=CARTESIAN_POINT('Ctrl Pts',(155.563465595502,-39.1784629860739,-12.5174157702899));
#12598=CARTESIAN_POINT('Ctrl Pts',(155.563465595502,-39.0529587165173,-11.0828954050378));
#12599=CARTESIAN_POINT('Ctrl Pts',(155.713929166667,-40.0778090571763,-12.4387331844819));
#12600=CARTESIAN_POINT('Ctrl Pts',(155.713929166667,-39.9523047876197,-11.0042128192298));
#12601=CARTESIAN_POINT('',(155.435191108092,-37.6927593146949,-12.6473979988944));
#12602=CARTESIAN_POINT('Origin',(160.063631958748,-37.6927593146949,-12.6473979988944));
#12603=CARTESIAN_POINT('',(160.426363160591,-37.5881724233977,-11.4519643611844));
#12604=CARTESIAN_POINT('Ctrl Pts',(160.8775375,-39.1682065078106,-12.5183130958657));
#12605=CARTESIAN_POINT('Ctrl Pts',(160.8775375,-39.042702238254,-11.0837927306135));
#12606=CARTESIAN_POINT('Ctrl Pts',(160.625654166667,-38.8859160614557,-12.5430103097434));
#12607=CARTESIAN_POINT('Ctrl Pts',(160.625654166667,-38.7604117918991,-11.1084899444912));
#12608=CARTESIAN_POINT('Ctrl Pts',(160.342285416667,-37.5685606451329,-12.6582639745061));
#12609=CARTESIAN_POINT('Ctrl Pts',(160.342285416667,-37.4430563755762,-11.2237436092539));
#12610=CARTESIAN_POINT('Ctrl Pts',(160.21634375,-36.0316459927563,-12.792726583396));
#12611=CARTESIAN_POINT('Ctrl Pts',(160.21634375,-35.9061417231997,-11.3582062181438));
#12612=CARTESIAN_POINT('',(160.8775375,-39.1682065078106,-12.5183130958657));
#12613=CARTESIAN_POINT('Ctrl Pts',(174.4792375,-43.9671440958436,-12.0984604599444));
#12614=CARTESIAN_POINT('Ctrl Pts',(174.4792375,-43.841639826287,-10.6639400946922));
#12615=CARTESIAN_POINT('Ctrl Pts',(169.158202083333,-43.0575415464779,-12.1780403713281));
#12616=CARTESIAN_POINT('Ctrl Pts',(169.158202083333,-42.9320372769212,-10.7435200060759));
#12617=CARTESIAN_POINT('Ctrl Pts',(162.136954166667,-40.579658739585,-12.3948270264771));
#12618=CARTESIAN_POINT('Ctrl Pts',(162.136954166667,-40.4541544700283,-10.9603066612249));
#12619=CARTESIAN_POINT('Ctrl Pts',(160.8775375,-39.1682065078106,-12.5183130958657));
#12620=CARTESIAN_POINT('Ctrl Pts',(160.8775375,-39.042702238254,-11.0837927306135));
#12621=CARTESIAN_POINT('',(174.4792375,-43.9671440958436,-12.0984604599444));
#12622=CARTESIAN_POINT('Ctrl Pts',(221.486964583333,-34.4320001300786,-12.9326774620364));
#12623=CARTESIAN_POINT('Ctrl Pts',(221.486964583333,-34.306495860522,-11.4981570967843));
#12624=CARTESIAN_POINT('Ctrl Pts',(212.702533333333,-42.9948103361768,-12.1835286410787));
#12625=CARTESIAN_POINT('Ctrl Pts',(212.702533333333,-42.8693060666202,-10.7490082758266));
#12626=CARTESIAN_POINT('Ctrl Pts',(192.6148375,-47.0723390057474,-11.8267911072894));
#12627=CARTESIAN_POINT('Ctrl Pts',(192.6148375,-46.9468347361908,-10.3922707420373));
#12628=CARTESIAN_POINT('Ctrl Pts',(174.4792375,-43.9671440958436,-12.0984604599444));
#12629=CARTESIAN_POINT('Ctrl Pts',(174.4792375,-43.841639826287,-10.6639400946923));
#12630=CARTESIAN_POINT('',(217.272704330547,-37.6927593146949,-12.6473979988945));
#12631=CARTESIAN_POINT('Origin',(228.747542264015,-37.6927593146949,-12.6473979988944));
#12632=CARTESIAN_POINT('',(226.12641336272,-37.5881724233977,-11.4519643611844));
#12633=CARTESIAN_POINT('Ctrl Pts',(202.564229166667,-48.8601784993283,-11.6703754193971));
#12634=CARTESIAN_POINT('Ctrl Pts',(202.564229166667,-48.7346742297716,-10.2358550541449));
#12635=CARTESIAN_POINT('Ctrl Pts',(215.26195290916,-46.2451572588737,-11.8991601328164));
#12636=CARTESIAN_POINT('Ctrl Pts',(215.26195290916,-46.119652989317,-10.4646397675642));
#12637=CARTESIAN_POINT('Ctrl Pts',(225.089376087866,-40.741279689034,-12.380687025612));
#12638=CARTESIAN_POINT('Ctrl Pts',(225.089376087866,-40.6157754194773,-10.9461666603598));
#12639=CARTESIAN_POINT('Ctrl Pts',(228.747542264015,-34.2060778713738,-12.9524430985113));
#12640=CARTESIAN_POINT('Ctrl Pts',(228.747542264015,-34.0805736018172,-11.5179227332591));
#12641=CARTESIAN_POINT('',(202.564229166667,-48.8601784993283,-11.6703754193971));
#12642=CARTESIAN_POINT('Ctrl Pts',(184.932395833333,-50.3343619414038,-11.5414010802579));
#12643=CARTESIAN_POINT('Ctrl Pts',(184.932395833333,-50.2088576718472,-10.1068807150057));
#12644=CARTESIAN_POINT('Ctrl Pts',(191.701760416667,-50.5539211774576,-11.5221921361308));
#12645=CARTESIAN_POINT('Ctrl Pts',(191.701760416667,-50.428416907901,-10.0876717708786));
#12646=CARTESIAN_POINT('Ctrl Pts',(196.204175,-50.1775339156511,-11.5551217546344));
#12647=CARTESIAN_POINT('Ctrl Pts',(196.204175,-50.0520296460945,-10.1206013893822));
#12648=CARTESIAN_POINT('Ctrl Pts',(202.564229166667,-48.8601784993283,-11.6703754193971));
#12649=CARTESIAN_POINT('Ctrl Pts',(202.564229166667,-48.7346742297717,-10.2358550541449));
#12650=CARTESIAN_POINT('',(184.932395833333,-50.3343619414038,-11.5414010802579));
#12651=CARTESIAN_POINT('Ctrl Pts',(164.214991666667,-46.6332205336398,-11.8652089955436));
#12652=CARTESIAN_POINT('Ctrl Pts',(164.214991666667,-46.5077162640832,-10.4306886302915));
#12653=CARTESIAN_POINT('Ctrl Pts',(169.819395833333,-48.8915441044788,-11.6676312845218));
#12654=CARTESIAN_POINT('Ctrl Pts',(169.819395833333,-48.7660398349222,-10.2331109192697));
#12655=CARTESIAN_POINT('Ctrl Pts',(176.525789583333,-50.0834371001995,-11.5633541592603));
#12656=CARTESIAN_POINT('Ctrl Pts',(176.525789583333,-49.9579328306429,-10.1288337940082));
#12657=CARTESIAN_POINT('Ctrl Pts',(184.932395833333,-50.3343619414038,-11.5414010802579));
#12658=CARTESIAN_POINT('Ctrl Pts',(184.932395833333,-50.2088576718472,-10.1068807150058));
#12659=CARTESIAN_POINT('',(164.214991666667,-46.6332205336398,-11.8652089955436));
#12660=CARTESIAN_POINT('Ctrl Pts',(161.601702083333,-45.723617984274,-11.9447889069274));
#12661=CARTESIAN_POINT('Ctrl Pts',(161.601702083333,-45.5981137147174,-10.5102685416753));
#12662=CARTESIAN_POINT('Ctrl Pts',(161.759129166667,-45.723617984274,-11.9447889069274));
#12663=CARTESIAN_POINT('Ctrl Pts',(161.759129166667,-45.5981137147174,-10.5102685416753));
#12664=CARTESIAN_POINT('Ctrl Pts',(162.955575,-46.1313708512311,-11.9091151535485));
#12665=CARTESIAN_POINT('Ctrl Pts',(162.955575,-46.0058665816744,-10.4745947882964));
#12666=CARTESIAN_POINT('Ctrl Pts',(164.214991666667,-46.6332205336398,-11.8652089955436));
#12667=CARTESIAN_POINT('Ctrl Pts',(164.214991666667,-46.5077162640832,-10.4306886302915));
#12668=CARTESIAN_POINT('',(161.601702083333,-45.723617984274,-11.9447889069274));
#12669=CARTESIAN_POINT('Ctrl Pts',(161.318333333333,-48.7974472890272,-11.6758636891477));
#12670=CARTESIAN_POINT('Ctrl Pts',(161.318333333333,-48.6719430194706,-10.2413433238956));
#12671=CARTESIAN_POINT('Ctrl Pts',(161.318333333333,-47.1037046108979,-11.8240469724141));
#12672=CARTESIAN_POINT('Ctrl Pts',(161.318333333333,-46.9782003413413,-10.389526607162));
#12673=CARTESIAN_POINT('Ctrl Pts',(161.444275,-45.723617984274,-11.9447889069274));
#12674=CARTESIAN_POINT('Ctrl Pts',(161.444275,-45.5981137147174,-10.5102685416753));
#12675=CARTESIAN_POINT('Ctrl Pts',(161.601702083333,-45.723617984274,-11.9447889069274));
#12676=CARTESIAN_POINT('Ctrl Pts',(161.601702083333,-45.5981137147174,-10.5102685416753));
#12677=CARTESIAN_POINT('',(161.318333333333,-48.7974472890272,-11.6758636891477));
#12678=CARTESIAN_POINT('Ctrl Pts',(163.9001375,-53.5336536667592,-11.261499322977));
#12679=CARTESIAN_POINT('Ctrl Pts',(163.9001375,-53.4081493972025,-9.82697895772479));
#12680=CARTESIAN_POINT('Ctrl Pts',(161.412789583333,-52.4672230916407,-11.3547999087373));
#12681=CARTESIAN_POINT('Ctrl Pts',(161.412789583333,-52.341718822084,-9.92027954348509));
#12682=CARTESIAN_POINT('Ctrl Pts',(161.318333333333,-52.310395065888,-11.3685205831138));
#12683=CARTESIAN_POINT('Ctrl Pts',(161.318333333333,-52.1848907963313,-9.93400021786158));
#12684=CARTESIAN_POINT('Ctrl Pts',(161.318333333333,-48.7974472890272,-11.6758636891477));
#12685=CARTESIAN_POINT('Ctrl Pts',(161.318333333333,-48.6719430194705,-10.2413433238955));
#12686=CARTESIAN_POINT('',(163.9001375,-53.5336536667592,-11.261499322977));
#12687=CARTESIAN_POINT('Ctrl Pts',(180.681864583333,-57.6739135466309,-10.899273519437));
#12688=CARTESIAN_POINT('Ctrl Pts',(180.681864583333,-57.5484092770743,-9.46475315418485));
#12689=CARTESIAN_POINT('Ctrl Pts',(174.38478125,-56.8897734178673,-10.9678768913196));
#12690=CARTESIAN_POINT('Ctrl Pts',(174.38478125,-56.7642691483107,-9.53335652606745));
#12691=CARTESIAN_POINT('Ctrl Pts',(168.276610416667,-55.3842243706412,-11.0995953653341));
#12692=CARTESIAN_POINT('Ctrl Pts',(168.276610416667,-55.2587201010846,-9.66507500008195));
#12693=CARTESIAN_POINT('Ctrl Pts',(163.9001375,-53.5336536667592,-11.261499322977));
#12694=CARTESIAN_POINT('Ctrl Pts',(163.9001375,-53.4081493972025,-9.82697895772485));
#12695=CARTESIAN_POINT('',(180.681864583333,-57.6739135466309,-10.899273519437));
#12696=CARTESIAN_POINT('Ctrl Pts',(199.4156875,-57.7052791517814,-10.8965293845617));
#12697=CARTESIAN_POINT('Ctrl Pts',(199.4156875,-57.5797748822248,-9.46200901930962));
#12698=CARTESIAN_POINT('Ctrl Pts',(195.983777083333,-58.1757632290395,-10.8553673614322));
#12699=CARTESIAN_POINT('Ctrl Pts',(195.983777083333,-58.0502589594829,-9.42084699618012));
#12700=CARTESIAN_POINT('Ctrl Pts',(184.77496875,-58.1757632290395,-10.8553673614322));
#12701=CARTESIAN_POINT('Ctrl Pts',(184.77496875,-58.0502589594829,-9.42084699618012));
#12702=CARTESIAN_POINT('Ctrl Pts',(180.681864583333,-57.6739135466309,-10.899273519437));
#12703=CARTESIAN_POINT('Ctrl Pts',(180.681864583333,-57.5484092770743,-9.46475315418492));
#12704=CARTESIAN_POINT('',(199.4156875,-57.7052791517814,-10.8965293845617));
#12705=CARTESIAN_POINT('Ctrl Pts',(232.601316666667,-43.2143695722306,-12.1643196969516));
#12706=CARTESIAN_POINT('Ctrl Pts',(232.601316666667,-43.088865302674,-10.7297993316995));
#12707=CARTESIAN_POINT('Ctrl Pts',(225.611554166667,-50.4911899671565,-11.5276804058814));
#12708=CARTESIAN_POINT('Ctrl Pts',(225.611554166667,-50.3656856975999,-10.0931600406293));
#12709=CARTESIAN_POINT('Ctrl Pts',(213.836008333333,-55.6351492118456,-11.0776422863317));
#12710=CARTESIAN_POINT('Ctrl Pts',(213.836008333333,-55.509644942289,-9.64312192107958));
#12711=CARTESIAN_POINT('Ctrl Pts',(199.4156875,-57.7052791517814,-10.8965293845617));
#12712=CARTESIAN_POINT('Ctrl Pts',(199.4156875,-57.5797748822248,-9.46200901930958));
#12713=CARTESIAN_POINT('',(232.601316666667,-43.2143695722306,-12.1643196969516));
#12714=CARTESIAN_POINT('Ctrl Pts',(238.037769868268,-34.2060778713738,-12.9524430985113));
#12715=CARTESIAN_POINT('Ctrl Pts',(238.037769868268,-34.0805736018172,-11.5179227332592));
#12716=CARTESIAN_POINT('Ctrl Pts',(237.312003623426,-37.190797493466,-12.6913139677748));
#12717=CARTESIAN_POINT('Ctrl Pts',(237.312003623426,-37.0652932239094,-11.2567936025227));
#12718=CARTESIAN_POINT('Ctrl Pts',(235.501966923275,-40.1788171450412,-12.4298961218693));
#12719=CARTESIAN_POINT('Ctrl Pts',(235.501966923275,-40.0533128754846,-10.9953757566172));
#12720=CARTESIAN_POINT('Ctrl Pts',(232.601316666667,-43.2143695722306,-12.1643196969516));
#12721=CARTESIAN_POINT('Ctrl Pts',(232.601316666667,-43.088865302674,-10.7297993316995));
#12722=CARTESIAN_POINT('',(236.698517076487,-37.6927593146949,-12.6473979988945));
#12723=CARTESIAN_POINT('Origin',(243.967552083333,-37.6927593146949,-12.6473979988944));
#12724=CARTESIAN_POINT('',(245.658472245162,-37.6404658690463,-12.0496811800394));
#12725=CARTESIAN_POINT('Origin',(246.045589583333,-38.1017759326921,-12.611613681626));
#12726=CARTESIAN_POINT('',(246.045589583333,-38.1017759326921,-12.611613681626));
#12727=CARTESIAN_POINT('Ctrl Pts',(254.10585625,-61.5318829801476,-10.5617449297748));
#12728=CARTESIAN_POINT('Ctrl Pts',(254.10585625,-61.4063787105909,-9.12722456452242));
#12729=CARTESIAN_POINT('Ctrl Pts',(255.42824375,-54.1609657697701,-11.2066166254709));
#12730=CARTESIAN_POINT('Ctrl Pts',(255.42824375,-54.0354615002134,-9.77209626021852));
#12731=CARTESIAN_POINT('Ctrl Pts',(252.090789583333,-44.5003593834028,-12.0518101670642));
#12732=CARTESIAN_POINT('Ctrl Pts',(252.090789583333,-44.3748551138461,-10.6172898018118));
#12733=CARTESIAN_POINT('Ctrl Pts',(246.045589583333,-38.1017759326921,-12.611613681626));
#12734=CARTESIAN_POINT('Ctrl Pts',(246.045589583333,-37.9762716631354,-11.1770933163736));
#12735=CARTESIAN_POINT('',(254.10585625,-61.5318829801476,-10.5617449297748));
#12736=CARTESIAN_POINT('Ctrl Pts',(254.357739583333,-64.731174705503,-10.2818431724939));
#12737=CARTESIAN_POINT('Ctrl Pts',(254.357739583333,-64.6056704359464,-8.84732280724177));
#12738=CARTESIAN_POINT('Ctrl Pts',(253.696545833333,-64.0097657870405,-10.3449582746259));
#12739=CARTESIAN_POINT('Ctrl Pts',(253.696545833333,-63.8842615174839,-8.91043790937377));
#12740=CARTESIAN_POINT('Ctrl Pts',(253.696545833333,-63.9156689715889,-10.3531906792518));
#12741=CARTESIAN_POINT('Ctrl Pts',(253.696545833333,-63.7901647020323,-8.91867031399967));
#12742=CARTESIAN_POINT('Ctrl Pts',(254.10585625,-61.5318829801476,-10.5617449297748));
#12743=CARTESIAN_POINT('Ctrl Pts',(254.10585625,-61.406378710591,-9.12722456452267));
#12744=CARTESIAN_POINT('',(254.357739583333,-64.731174705503,-10.2818431724939));
#12745=CARTESIAN_POINT('Ctrl Pts',(259.4898625,-75.0818244051821,-9.37627866364396));
#12746=CARTESIAN_POINT('Ctrl Pts',(259.4898625,-74.9563201356254,-7.9417582983917));
#12747=CARTESIAN_POINT('Ctrl Pts',(258.45084375,-71.9766294952784,-9.64794801629894));
#12748=CARTESIAN_POINT('Ctrl Pts',(258.45084375,-71.8511252257217,-8.21342765104668));
#12749=CARTESIAN_POINT('Ctrl Pts',(255.459729166667,-65.8917020960731,-10.1803101821077));
#12750=CARTESIAN_POINT('Ctrl Pts',(255.459729166667,-65.7661978265164,-8.74578981685545));
#12751=CARTESIAN_POINT('Ctrl Pts',(254.357739583333,-64.731174705503,-10.2818431724939));
#12752=CARTESIAN_POINT('Ctrl Pts',(254.357739583333,-64.6056704359463,-8.84732280724164));
#12753=CARTESIAN_POINT('',(259.4898625,-75.0818244051821,-9.37627866364396));
#12754=CARTESIAN_POINT('Ctrl Pts',(260.938191666667,-92.1447136070774,-7.88346929147923));
#12755=CARTESIAN_POINT('Ctrl Pts',(260.938191666667,-92.0192093375207,-6.4489489262269));
#12756=CARTESIAN_POINT('Ctrl Pts',(261.945725,-86.8125607314851,-8.34997222028071));
#12757=CARTESIAN_POINT('Ctrl Pts',(261.945725,-86.6870564619284,-6.91545185502838));
#12758=CARTESIAN_POINT('Ctrl Pts',(261.47344375,-80.9785581734841,-8.86038130708703));
#12759=CARTESIAN_POINT('Ctrl Pts',(261.47344375,-80.8530539039274,-7.4258609418347));
#12760=CARTESIAN_POINT('Ctrl Pts',(259.4898625,-75.0818244051821,-9.37627866364396));
#12761=CARTESIAN_POINT('Ctrl Pts',(259.4898625,-74.9563201356254,-7.94175829839163));
#12762=CARTESIAN_POINT('',(260.938191666667,-92.1447136070774,-7.88346929147923));
#12763=CARTESIAN_POINT('Origin',(260.402939583333,-94.8421556500241,-7.64747369220319));
#12764=CARTESIAN_POINT('',(260.402939583333,-94.8421556500241,-7.64747369220319));
#12765=CARTESIAN_POINT('Origin',(261.28453125,-96.5358983281534,-7.49929040893683));
#12766=CARTESIAN_POINT('',(261.28453125,-96.5358983281534,-7.49929040893683));
#12767=CARTESIAN_POINT('Ctrl Pts',(264.5905,-117.958606645974,-5.62504628910501));
#12768=CARTESIAN_POINT('Ctrl Pts',(264.5905,-117.833102376418,-4.1905259238529));
#12769=CARTESIAN_POINT('Ctrl Pts',(265.220208333333,-109.929011727435,-6.32754481718253));
#12770=CARTESIAN_POINT('Ctrl Pts',(265.220208333333,-109.803507457879,-4.89302445193042));
#12771=CARTESIAN_POINT('Ctrl Pts',(263.992277083333,-101.868051203746,-7.03278748013536));
#12772=CARTESIAN_POINT('Ctrl Pts',(263.992277083333,-101.74254693419,-5.59826711488325));
#12773=CARTESIAN_POINT('Ctrl Pts',(261.28453125,-96.5358983281534,-7.49929040893683));
#12774=CARTESIAN_POINT('Ctrl Pts',(261.28453125,-96.410394058597,-6.06477004368472));
#12775=CARTESIAN_POINT('',(264.5905,-117.958606645974,-5.62504628910501));
#12776=CARTESIAN_POINT('Ctrl Pts',(262.79583125,-127.180094560234,-4.81827063576598));
#12777=CARTESIAN_POINT('Ctrl Pts',(262.79583125,-127.054590290678,-3.38375027051387));
#12778=CARTESIAN_POINT('Ctrl Pts',(263.83485,-124.545383727588,-5.04877796529142));
#12779=CARTESIAN_POINT('Ctrl Pts',(263.83485,-124.419879458032,-3.61425760003931));
#12780=CARTESIAN_POINT('Ctrl Pts',(264.181189583333,-122.726178628857,-5.20793778805898));
#12781=CARTESIAN_POINT('Ctrl Pts',(264.181189583333,-122.600674359301,-3.77341742280687));
#12782=CARTESIAN_POINT('Ctrl Pts',(264.5905,-117.958606645974,-5.62504628910501));
#12783=CARTESIAN_POINT('Ctrl Pts',(264.5905,-117.833102376418,-4.1905259238529));
#12784=CARTESIAN_POINT('',(263.59456174911,-124.817493777099,-5.02497142072777));
#12785=CARTESIAN_POINT('Origin',(30.395678798908,-124.817493777099,-5.02497142072773));
#12786=CARTESIAN_POINT('',(257.476356262268,-124.712906885801,-3.82953778301768));
#12787=CARTESIAN_POINT('Ctrl Pts',(259.049066666667,-113.786981160952,-5.99001622752029));
#12788=CARTESIAN_POINT('Ctrl Pts',(259.049066666667,-113.661476891395,-4.55549586226565));
#12789=CARTESIAN_POINT('Ctrl Pts',(259.080552083333,-119.652349324103,-5.47686300583866));
#12790=CARTESIAN_POINT('Ctrl Pts',(259.080552083333,-119.526845054546,-4.04234264058402));
#12791=CARTESIAN_POINT('Ctrl Pts',(258.482329166667,-122.851641049459,-5.19696124855777));
#12792=CARTESIAN_POINT('Ctrl Pts',(258.482329166667,-122.726136779902,-3.76244088330313));
#12793=CARTESIAN_POINT('Ctrl Pts',(256.75063125,-126.490051246922,-4.87864160302265));
#12794=CARTESIAN_POINT('Ctrl Pts',(256.75063125,-126.364546977365,-3.44412123776801));
#12795=CARTESIAN_POINT('',(259.049066666667,-113.786981160952,-5.99001622752029));
#12796=CARTESIAN_POINT('Ctrl Pts',(258.198960416667,-105.224170954854,-6.73916504847795));
#12797=CARTESIAN_POINT('Ctrl Pts',(258.198960416667,-105.098666685297,-5.30464468322427));
#12798=CARTESIAN_POINT('Ctrl Pts',(258.891639583333,-108.360731469908,-6.46475156094767));
#12799=CARTESIAN_POINT('Ctrl Pts',(258.891639583333,-108.235227200351,-5.03023119569399));
#12800=CARTESIAN_POINT('Ctrl Pts',(259.049066666667,-109.678086886231,-6.34949789618495));
#12801=CARTESIAN_POINT('Ctrl Pts',(259.049066666667,-109.552582616674,-4.91497753093127));
#12802=CARTESIAN_POINT('Ctrl Pts',(259.049066666667,-113.786981160952,-5.99001622752029));
#12803=CARTESIAN_POINT('Ctrl Pts',(259.049066666667,-113.661476891395,-4.55549586226661));
#12804=CARTESIAN_POINT('',(258.198960416667,-105.224170954854,-6.73916504847795));
#12805=CARTESIAN_POINT('Ctrl Pts',(257.348854166667,-96.3563292993498,-7.75591742428625));
#12806=CARTESIAN_POINT('Ctrl Pts',(257.348854166667,-96.209907651534,-6.08231033149134));
#12807=CARTESIAN_POINT('Ctrl Pts',(257.348854166667,-98.012348762665,-7.61103449466844));
#12808=CARTESIAN_POINT('Ctrl Pts',(257.348854166667,-97.8659271148492,-5.93742740187353));
#12809=CARTESIAN_POINT('Ctrl Pts',(257.348854166667,-99.6683682259802,-7.46615156505064));
#12810=CARTESIAN_POINT('Ctrl Pts',(257.348854166667,-99.5219465781644,-5.79254447225573));
#12811=CARTESIAN_POINT('Ctrl Pts',(257.348854166667,-101.324387689295,-7.32126863543283));
#12812=CARTESIAN_POINT('Ctrl Pts',(257.348854166667,-101.17796604148,-5.64766154263793));
#12813=CARTESIAN_POINT('Ctrl Pts',(257.348854166667,-101.418484504747,-7.31303623080692));
#12814=CARTESIAN_POINT('Ctrl Pts',(257.348854166667,-101.272062856932,-5.63942913801202));
#12815=CARTESIAN_POINT('Ctrl Pts',(257.726679166667,-103.206323998328,-7.15662054291465));
#12816=CARTESIAN_POINT('Ctrl Pts',(257.726679166667,-103.059902350513,-5.48301345011974));
#12817=CARTESIAN_POINT('Ctrl Pts',(258.198960416667,-105.245088333113,-6.97825177601997));
#12818=CARTESIAN_POINT('Ctrl Pts',(258.198960416667,-105.098666685298,-5.30464468322507));
#12819=UNCERTAINTY_MEASURE_WITH_UNIT(LENGTH_MEASURE(0.01),#12823,
'DISTANCE_ACCURACY_VALUE',
'Maximum model space distance between geometric entities at asserted c
onnectivities');
#12820=UNCERTAINTY_MEASURE_WITH_UNIT(LENGTH_MEASURE(0.01),#12823,
'DISTANCE_ACCURACY_VALUE',
'Maximum model space distance between geometric entities at asserted c
onnectivities');
#12821=(
GEOMETRIC_REPRESENTATION_CONTEXT(3)
GLOBAL_UNCERTAINTY_ASSIGNED_CONTEXT((#12819))
GLOBAL_UNIT_ASSIGNED_CONTEXT((#12823,#12825,#12826))
REPRESENTATION_CONTEXT('','3D')
);
#12822=(
GEOMETRIC_REPRESENTATION_CONTEXT(3)
GLOBAL_UNCERTAINTY_ASSIGNED_CONTEXT((#12820))
GLOBAL_UNIT_ASSIGNED_CONTEXT((#12823,#12825,#12826))
REPRESENTATION_CONTEXT('','3D')
);
#12823=(
LENGTH_UNIT()
NAMED_UNIT(*)
SI_UNIT(.MILLI.,.METRE.)
);
#12824=(
LENGTH_UNIT()
NAMED_UNIT(*)
SI_UNIT($,.METRE.)
);
#12825=(
NAMED_UNIT(*)
PLANE_ANGLE_UNIT()
SI_UNIT($,.RADIAN.)
);
#12826=(
NAMED_UNIT(*)
SI_UNIT($,.STERADIAN.)
SOLID_ANGLE_UNIT()
);
#12827=SHAPE_DEFINITION_REPRESENTATION(#12828,#12829);
#12828=PRODUCT_DEFINITION_SHAPE('',$,#12831);
#12829=SHAPE_REPRESENTATION('',(#6552),#12821);
#12830=PRODUCT_DEFINITION_CONTEXT('part definition',#12835,'design');
#12831=PRODUCT_DEFINITION('Bottom','Bottom',#12832,#12830);
#12832=PRODUCT_DEFINITION_FORMATION('',$,#12837);
#12833=PRODUCT_RELATED_PRODUCT_CATEGORY('Bottom','Bottom',(#12837));
#12834=APPLICATION_PROTOCOL_DEFINITION('international standard',
'automotive_design',2009,#12835);
#12835=APPLICATION_CONTEXT(
'Core Data for Automotive Mechanical Design Process');
#12836=PRODUCT_CONTEXT('part definition',#12835,'mechanical');
#12837=PRODUCT('Bottom','Bottom',$,(#12836));
#12838=PRESENTATION_STYLE_ASSIGNMENT((#12840));
#12839=PRESENTATION_STYLE_ASSIGNMENT((#12841));
#12840=SURFACE_STYLE_USAGE(.BOTH.,#12842);
#12841=SURFACE_STYLE_USAGE(.BOTH.,#12843);
#12842=SURFACE_SIDE_STYLE('',(#12844));
#12843=SURFACE_SIDE_STYLE('',(#12845));
#12844=SURFACE_STYLE_FILL_AREA(#12846);
#12845=SURFACE_STYLE_FILL_AREA(#12847);
#12846=FILL_AREA_STYLE('Steel - Satin',(#12848));
#12847=FILL_AREA_STYLE('Opaque(160,160,160)',(#12849));
#12848=FILL_AREA_STYLE_COLOUR('Steel - Satin',#12850);
#12849=FILL_AREA_STYLE_COLOUR('Opaque(160,160,160)',#12851);
#12850=COLOUR_RGB('Steel - Satin',0.627450980392157,0.627450980392157,0.627450980392157);
#12851=COLOUR_RGB('Opaque(160,160,160)',0.203921568627451,0.309803921568627,
0.529411764705882);
ENDSEC;
END-ISO-10303-21;
