ISO-10303-21;
HEADER;
/* Generated by software containing ST-Developer
 * from STEP Tools, Inc. (www.steptools.com) 
 */

FILE_DESCRIPTION(
/* description */ (''),
/* implementation_level */ '2;1');

FILE_NAME(
/* name */ 'left plate case magnets.step',
/* time_stamp */ '2026-06-26T15:13:46+02:00',
/* author */ (''),
/* organization */ (''),
/* preprocessor_version */ 'ST-DEVELOPER v20.1',
/* originating_system */ 'Autodesk Translation Framework v15.8.0.0',
/* authorisation */ '');

FILE_SCHEMA (('AUTOMOTIVE_DESIGN { 1 0 10303 214 3 1 1 }'));
ENDSEC;

DATA;
#10=MECHANICAL_DESIGN_GEOMETRIC_PRESENTATION_REPRESENTATION('',(#13),#18066);
#11=SHAPE_REPRESENTATION_RELATIONSHIP('SRR','None',#18073,#12);
#12=ADVANCED_BREP_SHAPE_REPRESENTATION('',(#14),#18065);
#13=STYLED_ITEM('',(#18083),#14);
#14=MANIFOLD_SOLID_BREP('Plate L',#11322);
#15=FACE_BOUND('',#1103,.T.);
#16=FACE_BOUND('',#1104,.T.);
#17=FACE_BOUND('',#1105,.T.);
#18=FACE_BOUND('',#1106,.T.);
#19=FACE_BOUND('',#1107,.T.);
#20=FACE_BOUND('',#1108,.T.);
#21=FACE_BOUND('',#1109,.T.);
#22=FACE_BOUND('',#1110,.T.);
#23=FACE_BOUND('',#1111,.T.);
#24=FACE_BOUND('',#1112,.T.);
#25=FACE_BOUND('',#1113,.T.);
#26=FACE_BOUND('',#1114,.T.);
#27=FACE_BOUND('',#1115,.T.);
#28=FACE_BOUND('',#1116,.T.);
#29=FACE_BOUND('',#1117,.T.);
#30=FACE_BOUND('',#1118,.T.);
#31=FACE_BOUND('',#1119,.T.);
#32=FACE_BOUND('',#1120,.T.);
#33=FACE_BOUND('',#1121,.T.);
#34=FACE_BOUND('',#1122,.T.);
#35=FACE_BOUND('',#1123,.T.);
#36=FACE_BOUND('',#1124,.T.);
#37=FACE_BOUND('',#1125,.T.);
#38=FACE_BOUND('',#1126,.T.);
#39=FACE_BOUND('',#1127,.T.);
#40=FACE_BOUND('',#1128,.T.);
#41=FACE_BOUND('',#1130,.T.);
#42=FACE_BOUND('',#1131,.T.);
#43=FACE_BOUND('',#1132,.T.);
#44=FACE_BOUND('',#1133,.T.);
#45=FACE_BOUND('',#1134,.T.);
#46=FACE_BOUND('',#1135,.T.);
#47=FACE_BOUND('',#1136,.T.);
#48=FACE_BOUND('',#1137,.T.);
#49=FACE_BOUND('',#1138,.T.);
#50=FACE_BOUND('',#1139,.T.);
#51=FACE_BOUND('',#1140,.T.);
#52=FACE_BOUND('',#1141,.T.);
#53=FACE_BOUND('',#1142,.T.);
#54=FACE_BOUND('',#1143,.T.);
#55=FACE_BOUND('',#1144,.T.);
#56=FACE_BOUND('',#1145,.T.);
#57=FACE_BOUND('',#1146,.T.);
#58=FACE_BOUND('',#1147,.T.);
#59=FACE_BOUND('',#1148,.T.);
#60=FACE_BOUND('',#1149,.T.);
#61=FACE_BOUND('',#1150,.T.);
#62=FACE_BOUND('',#1151,.T.);
#63=FACE_BOUND('',#1152,.T.);
#64=FACE_BOUND('',#1153,.T.);
#65=FACE_BOUND('',#1154,.T.);
#66=FACE_BOUND('',#1155,.T.);
#67=PLANE('',#11339);
#68=PLANE('',#11358);
#69=PLANE('',#11362);
#70=PLANE('',#11366);
#71=PLANE('',#11370);
#72=PLANE('',#11371);
#73=PLANE('',#11424);
#74=PLANE('',#11480);
#75=PLANE('',#11485);
#76=PLANE('',#11487);
#77=PLANE('',#11489);
#78=PLANE('',#11491);
#79=PLANE('',#11493);
#80=PLANE('',#11500);
#81=PLANE('',#11502);
#82=PLANE('',#11504);
#83=PLANE('',#11506);
#84=PLANE('',#11508);
#85=PLANE('',#11510);
#86=PLANE('',#11512);
#87=PLANE('',#11514);
#88=PLANE('',#11521);
#89=PLANE('',#11522);
#90=PLANE('',#11525);
#91=PLANE('',#11529);
#92=PLANE('',#11530);
#93=PLANE('',#11531);
#94=PLANE('',#11532);
#95=PLANE('',#11533);
#96=PLANE('',#11534);
#97=PLANE('',#11535);
#98=PLANE('',#11536);
#99=PLANE('',#11537);
#100=PLANE('',#11538);
#101=PLANE('',#11539);
#102=PLANE('',#11540);
#103=PLANE('',#11541);
#104=PLANE('',#11542);
#105=PLANE('',#11543);
#106=PLANE('',#11544);
#107=PLANE('',#11545);
#108=PLANE('',#11546);
#109=PLANE('',#11547);
#110=PLANE('',#11548);
#111=PLANE('',#11549);
#112=PLANE('',#11550);
#113=PLANE('',#11551);
#114=PLANE('',#11552);
#115=PLANE('',#11553);
#116=PLANE('',#11554);
#117=PLANE('',#11555);
#118=PLANE('',#11556);
#119=PLANE('',#11557);
#120=PLANE('',#11558);
#121=PLANE('',#11559);
#122=PLANE('',#11560);
#123=PLANE('',#11561);
#124=PLANE('',#11562);
#125=PLANE('',#11563);
#126=PLANE('',#11564);
#127=PLANE('',#11565);
#128=PLANE('',#11566);
#129=PLANE('',#11567);
#130=PLANE('',#11568);
#131=PLANE('',#11569);
#132=PLANE('',#11570);
#133=PLANE('',#11571);
#134=PLANE('',#11572);
#135=PLANE('',#11573);
#136=PLANE('',#11574);
#137=PLANE('',#11575);
#138=PLANE('',#11576);
#139=PLANE('',#11577);
#140=PLANE('',#11578);
#141=PLANE('',#11579);
#142=PLANE('',#11580);
#143=PLANE('',#11581);
#144=PLANE('',#11582);
#145=PLANE('',#11583);
#146=PLANE('',#11584);
#147=PLANE('',#11585);
#148=PLANE('',#11586);
#149=PLANE('',#11587);
#150=PLANE('',#11588);
#151=PLANE('',#11589);
#152=PLANE('',#11590);
#153=PLANE('',#11591);
#154=PLANE('',#11592);
#155=PLANE('',#11593);
#156=PLANE('',#11594);
#157=PLANE('',#11595);
#158=PLANE('',#11596);
#159=PLANE('',#11597);
#160=PLANE('',#11598);
#161=PLANE('',#11599);
#162=PLANE('',#11600);
#163=PLANE('',#11601);
#164=PLANE('',#11602);
#165=PLANE('',#11603);
#166=PLANE('',#11604);
#167=PLANE('',#11605);
#168=PLANE('',#11606);
#169=PLANE('',#11607);
#170=PLANE('',#11608);
#171=PLANE('',#11611);
#172=PLANE('',#11613);
#173=PLANE('',#11614);
#174=PLANE('',#11615);
#175=PLANE('',#11616);
#176=PLANE('',#11617);
#177=PLANE('',#11618);
#178=PLANE('',#11619);
#179=PLANE('',#11620);
#180=PLANE('',#11621);
#181=PLANE('',#11622);
#182=PLANE('',#11623);
#183=PLANE('',#11624);
#184=PLANE('',#11625);
#185=PLANE('',#11626);
#186=PLANE('',#11627);
#187=PLANE('',#11628);
#188=PLANE('',#11629);
#189=PLANE('',#11630);
#190=PLANE('',#11631);
#191=PLANE('',#11632);
#192=PLANE('',#11633);
#193=PLANE('',#11636);
#194=PLANE('',#11637);
#195=PLANE('',#11638);
#196=PLANE('',#11639);
#197=PLANE('',#11640);
#198=PLANE('',#11641);
#199=PLANE('',#11642);
#200=PLANE('',#11643);
#201=PLANE('',#11644);
#202=PLANE('',#11645);
#203=PLANE('',#11646);
#204=PLANE('',#11647);
#205=PLANE('',#11648);
#206=PLANE('',#11649);
#207=PLANE('',#11650);
#208=PLANE('',#11651);
#209=PLANE('',#11652);
#210=PLANE('',#11653);
#211=PLANE('',#11654);
#212=PLANE('',#11655);
#213=PLANE('',#11656);
#214=PLANE('',#11657);
#215=PLANE('',#11658);
#216=PLANE('',#11659);
#217=PLANE('',#11660);
#218=PLANE('',#11661);
#219=PLANE('',#11662);
#220=PLANE('',#11663);
#221=PLANE('',#11664);
#222=PLANE('',#11665);
#223=PLANE('',#11666);
#224=PLANE('',#11667);
#225=PLANE('',#11668);
#226=PLANE('',#11669);
#227=PLANE('',#11670);
#228=PLANE('',#11671);
#229=PLANE('',#11672);
#230=PLANE('',#11673);
#231=PLANE('',#11674);
#232=PLANE('',#11675);
#233=PLANE('',#11676);
#234=PLANE('',#11677);
#235=PLANE('',#11678);
#236=PLANE('',#11679);
#237=PLANE('',#11680);
#238=PLANE('',#11681);
#239=PLANE('',#11682);
#240=PLANE('',#11683);
#241=PLANE('',#11684);
#242=PLANE('',#11685);
#243=PLANE('',#11686);
#244=PLANE('',#11687);
#245=PLANE('',#11688);
#246=PLANE('',#11689);
#247=PLANE('',#11690);
#248=PLANE('',#11691);
#249=PLANE('',#11692);
#250=PLANE('',#11693);
#251=PLANE('',#11694);
#252=PLANE('',#11695);
#253=PLANE('',#11696);
#254=PLANE('',#11697);
#255=PLANE('',#11698);
#256=PLANE('',#11699);
#257=PLANE('',#11700);
#258=PLANE('',#11701);
#259=PLANE('',#11702);
#260=PLANE('',#11703);
#261=PLANE('',#11704);
#262=PLANE('',#11705);
#263=PLANE('',#11706);
#264=PLANE('',#11707);
#265=PLANE('',#11708);
#266=PLANE('',#11709);
#267=PLANE('',#11710);
#268=PLANE('',#11711);
#269=PLANE('',#11712);
#270=PLANE('',#11713);
#271=PLANE('',#11714);
#272=PLANE('',#11715);
#273=PLANE('',#11716);
#274=PLANE('',#11717);
#275=PLANE('',#11718);
#276=PLANE('',#11719);
#277=PLANE('',#11720);
#278=PLANE('',#11721);
#279=PLANE('',#11722);
#280=PLANE('',#11723);
#281=PLANE('',#11724);
#282=PLANE('',#11725);
#283=PLANE('',#11726);
#284=PLANE('',#11727);
#285=PLANE('',#11728);
#286=PLANE('',#11729);
#287=PLANE('',#11730);
#288=PLANE('',#11731);
#289=PLANE('',#11732);
#290=PLANE('',#11733);
#291=PLANE('',#11734);
#292=PLANE('',#11735);
#293=PLANE('',#11736);
#294=PLANE('',#11737);
#295=PLANE('',#11738);
#296=PLANE('',#11739);
#297=PLANE('',#11740);
#298=PLANE('',#11741);
#299=PLANE('',#11742);
#300=PLANE('',#11743);
#301=PLANE('',#11744);
#302=PLANE('',#11745);
#303=PLANE('',#11746);
#304=PLANE('',#11747);
#305=PLANE('',#11748);
#306=PLANE('',#11749);
#307=PLANE('',#11750);
#308=PLANE('',#11751);
#309=PLANE('',#11752);
#310=PLANE('',#11753);
#311=PLANE('',#11754);
#312=PLANE('',#11755);
#313=PLANE('',#11756);
#314=PLANE('',#11757);
#315=PLANE('',#11758);
#316=PLANE('',#11759);
#317=PLANE('',#11760);
#318=PLANE('',#11761);
#319=PLANE('',#11762);
#320=PLANE('',#11763);
#321=PLANE('',#11764);
#322=PLANE('',#11765);
#323=PLANE('',#11766);
#324=PLANE('',#11767);
#325=PLANE('',#11768);
#326=PLANE('',#11769);
#327=PLANE('',#11770);
#328=PLANE('',#11771);
#329=PLANE('',#11772);
#330=PLANE('',#11773);
#331=PLANE('',#11774);
#332=PLANE('',#11775);
#333=PLANE('',#11777);
#334=PLANE('',#11778);
#335=PLANE('',#11779);
#336=PLANE('',#11780);
#337=PLANE('',#11781);
#338=PLANE('',#11782);
#339=PLANE('',#11783);
#340=PLANE('',#11784);
#341=PLANE('',#11785);
#342=PLANE('',#11786);
#343=PLANE('',#11787);
#344=PLANE('',#11788);
#345=PLANE('',#11789);
#346=PLANE('',#11790);
#347=PLANE('',#11791);
#348=PLANE('',#11792);
#349=PLANE('',#11793);
#350=PLANE('',#11794);
#351=PLANE('',#11795);
#352=PLANE('',#11796);
#353=PLANE('',#11798);
#354=PLANE('',#11799);
#355=PLANE('',#11800);
#356=PLANE('',#11801);
#357=PLANE('',#11802);
#358=PLANE('',#11803);
#359=PLANE('',#11804);
#360=PLANE('',#11805);
#361=PLANE('',#11806);
#362=PLANE('',#11807);
#363=PLANE('',#11808);
#364=PLANE('',#11809);
#365=PLANE('',#11810);
#366=PLANE('',#11811);
#367=PLANE('',#11812);
#368=PLANE('',#11813);
#369=PLANE('',#11814);
#370=PLANE('',#11815);
#371=PLANE('',#11816);
#372=PLANE('',#11817);
#373=PLANE('',#11818);
#374=PLANE('',#11819);
#375=PLANE('',#11820);
#376=PLANE('',#11821);
#377=PLANE('',#11822);
#378=PLANE('',#11823);
#379=PLANE('',#11824);
#380=PLANE('',#11825);
#381=PLANE('',#11826);
#382=PLANE('',#11827);
#383=PLANE('',#11828);
#384=PLANE('',#11829);
#385=PLANE('',#11830);
#386=PLANE('',#11831);
#387=PLANE('',#11832);
#388=PLANE('',#11833);
#389=PLANE('',#11834);
#390=PLANE('',#11835);
#391=PLANE('',#11836);
#392=PLANE('',#11837);
#393=PLANE('',#11838);
#394=PLANE('',#11839);
#395=PLANE('',#11840);
#396=PLANE('',#11841);
#397=PLANE('',#11842);
#398=PLANE('',#11843);
#399=PLANE('',#11844);
#400=PLANE('',#11845);
#401=PLANE('',#11846);
#402=PLANE('',#11847);
#403=PLANE('',#11848);
#404=PLANE('',#11849);
#405=PLANE('',#11850);
#406=PLANE('',#11851);
#407=PLANE('',#11852);
#408=PLANE('',#11853);
#409=PLANE('',#11854);
#410=PLANE('',#11855);
#411=PLANE('',#11856);
#412=PLANE('',#11857);
#413=PLANE('',#11858);
#414=PLANE('',#11859);
#415=PLANE('',#11860);
#416=PLANE('',#11861);
#417=PLANE('',#11862);
#418=PLANE('',#11863);
#419=PLANE('',#11864);
#420=PLANE('',#11865);
#421=PLANE('',#11866);
#422=PLANE('',#11867);
#423=PLANE('',#11868);
#424=PLANE('',#11869);
#425=PLANE('',#11870);
#426=PLANE('',#11871);
#427=PLANE('',#11872);
#428=PLANE('',#11873);
#429=PLANE('',#11874);
#430=PLANE('',#11875);
#431=PLANE('',#11876);
#432=PLANE('',#11877);
#433=PLANE('',#11878);
#434=PLANE('',#11879);
#435=PLANE('',#11880);
#436=PLANE('',#11881);
#437=PLANE('',#11882);
#438=PLANE('',#11883);
#439=PLANE('',#11884);
#440=PLANE('',#11885);
#441=PLANE('',#11886);
#442=PLANE('',#11887);
#443=PLANE('',#11888);
#444=PLANE('',#11889);
#445=PLANE('',#11890);
#446=PLANE('',#11891);
#447=PLANE('',#11892);
#448=PLANE('',#11893);
#449=PLANE('',#11894);
#450=PLANE('',#11895);
#451=PLANE('',#11896);
#452=PLANE('',#11897);
#453=PLANE('',#11899);
#454=PLANE('',#11900);
#455=PLANE('',#11901);
#456=PLANE('',#11902);
#457=PLANE('',#11903);
#458=PLANE('',#11904);
#459=PLANE('',#11905);
#460=PLANE('',#11906);
#461=PLANE('',#11907);
#462=PLANE('',#11908);
#463=PLANE('',#11909);
#464=PLANE('',#11910);
#465=PLANE('',#11911);
#466=PLANE('',#11912);
#467=PLANE('',#11913);
#468=PLANE('',#11914);
#469=PLANE('',#11915);
#470=PLANE('',#11916);
#471=PLANE('',#11917);
#472=PLANE('',#11918);
#473=PLANE('',#11919);
#474=PLANE('',#11920);
#475=PLANE('',#11921);
#476=PLANE('',#11922);
#477=PLANE('',#11923);
#478=PLANE('',#11924);
#479=PLANE('',#11925);
#480=PLANE('',#11926);
#481=PLANE('',#11927);
#482=PLANE('',#11928);
#483=PLANE('',#11929);
#484=PLANE('',#11930);
#485=PLANE('',#11931);
#486=PLANE('',#11932);
#487=PLANE('',#11933);
#488=PLANE('',#11934);
#489=PLANE('',#11935);
#490=PLANE('',#11936);
#491=PLANE('',#11937);
#492=PLANE('',#11938);
#493=PLANE('',#11939);
#494=PLANE('',#11940);
#495=PLANE('',#11941);
#496=PLANE('',#11942);
#497=PLANE('',#11944);
#498=PLANE('',#11946);
#499=PLANE('',#11948);
#500=PLANE('',#11950);
#501=PLANE('',#11951);
#502=PLANE('',#11952);
#503=PLANE('',#11953);
#504=PLANE('',#11954);
#505=PLANE('',#11955);
#506=PLANE('',#11956);
#507=PLANE('',#11957);
#508=PLANE('',#11958);
#509=PLANE('',#11959);
#510=PLANE('',#11960);
#511=PLANE('',#11961);
#512=PLANE('',#11962);
#513=PLANE('',#11963);
#514=PLANE('',#11964);
#515=PLANE('',#11965);
#516=PLANE('',#11966);
#517=PLANE('',#11967);
#518=PLANE('',#11968);
#519=PLANE('',#11969);
#520=PLANE('',#11970);
#521=PLANE('',#11971);
#522=PLANE('',#11972);
#523=PLANE('',#11973);
#524=PLANE('',#11974);
#525=PLANE('',#11975);
#526=PLANE('',#11976);
#527=PLANE('',#11977);
#528=PLANE('',#11978);
#529=PLANE('',#11979);
#530=PLANE('',#11980);
#531=PLANE('',#11981);
#532=PLANE('',#11982);
#533=PLANE('',#11983);
#534=PLANE('',#11984);
#535=PLANE('',#11985);
#536=PLANE('',#11986);
#537=PLANE('',#11987);
#538=PLANE('',#11988);
#539=PLANE('',#11989);
#540=PLANE('',#11990);
#541=PLANE('',#11992);
#542=PLANE('',#11994);
#543=PLANE('',#11996);
#544=PLANE('',#11998);
#545=PLANE('',#12000);
#546=FACE_OUTER_BOUND('',#1087,.T.);
#547=FACE_OUTER_BOUND('',#1088,.T.);
#548=FACE_OUTER_BOUND('',#1089,.T.);
#549=FACE_OUTER_BOUND('',#1090,.T.);
#550=FACE_OUTER_BOUND('',#1091,.T.);
#551=FACE_OUTER_BOUND('',#1092,.T.);
#552=FACE_OUTER_BOUND('',#1093,.T.);
#553=FACE_OUTER_BOUND('',#1094,.T.);
#554=FACE_OUTER_BOUND('',#1095,.T.);
#555=FACE_OUTER_BOUND('',#1096,.T.);
#556=FACE_OUTER_BOUND('',#1097,.T.);
#557=FACE_OUTER_BOUND('',#1098,.T.);
#558=FACE_OUTER_BOUND('',#1099,.T.);
#559=FACE_OUTER_BOUND('',#1100,.T.);
#560=FACE_OUTER_BOUND('',#1101,.T.);
#561=FACE_OUTER_BOUND('',#1102,.T.);
#562=FACE_OUTER_BOUND('',#1129,.T.);
#563=FACE_OUTER_BOUND('',#1156,.T.);
#564=FACE_OUTER_BOUND('',#1157,.T.);
#565=FACE_OUTER_BOUND('',#1158,.T.);
#566=FACE_OUTER_BOUND('',#1159,.T.);
#567=FACE_OUTER_BOUND('',#1160,.T.);
#568=FACE_OUTER_BOUND('',#1161,.T.);
#569=FACE_OUTER_BOUND('',#1162,.T.);
#570=FACE_OUTER_BOUND('',#1163,.T.);
#571=FACE_OUTER_BOUND('',#1164,.T.);
#572=FACE_OUTER_BOUND('',#1165,.T.);
#573=FACE_OUTER_BOUND('',#1166,.T.);
#574=FACE_OUTER_BOUND('',#1167,.T.);
#575=FACE_OUTER_BOUND('',#1168,.T.);
#576=FACE_OUTER_BOUND('',#1169,.T.);
#577=FACE_OUTER_BOUND('',#1170,.T.);
#578=FACE_OUTER_BOUND('',#1171,.T.);
#579=FACE_OUTER_BOUND('',#1172,.T.);
#580=FACE_OUTER_BOUND('',#1173,.T.);
#581=FACE_OUTER_BOUND('',#1174,.T.);
#582=FACE_OUTER_BOUND('',#1175,.T.);
#583=FACE_OUTER_BOUND('',#1176,.T.);
#584=FACE_OUTER_BOUND('',#1177,.T.);
#585=FACE_OUTER_BOUND('',#1178,.T.);
#586=FACE_OUTER_BOUND('',#1179,.T.);
#587=FACE_OUTER_BOUND('',#1180,.T.);
#588=FACE_OUTER_BOUND('',#1181,.T.);
#589=FACE_OUTER_BOUND('',#1182,.T.);
#590=FACE_OUTER_BOUND('',#1183,.T.);
#591=FACE_OUTER_BOUND('',#1184,.T.);
#592=FACE_OUTER_BOUND('',#1185,.T.);
#593=FACE_OUTER_BOUND('',#1186,.T.);
#594=FACE_OUTER_BOUND('',#1187,.T.);
#595=FACE_OUTER_BOUND('',#1188,.T.);
#596=FACE_OUTER_BOUND('',#1189,.T.);
#597=FACE_OUTER_BOUND('',#1190,.T.);
#598=FACE_OUTER_BOUND('',#1191,.T.);
#599=FACE_OUTER_BOUND('',#1192,.T.);
#600=FACE_OUTER_BOUND('',#1193,.T.);
#601=FACE_OUTER_BOUND('',#1194,.T.);
#602=FACE_OUTER_BOUND('',#1195,.T.);
#603=FACE_OUTER_BOUND('',#1196,.T.);
#604=FACE_OUTER_BOUND('',#1197,.T.);
#605=FACE_OUTER_BOUND('',#1198,.T.);
#606=FACE_OUTER_BOUND('',#1199,.T.);
#607=FACE_OUTER_BOUND('',#1200,.T.);
#608=FACE_OUTER_BOUND('',#1201,.T.);
#609=FACE_OUTER_BOUND('',#1202,.T.);
#610=FACE_OUTER_BOUND('',#1203,.T.);
#611=FACE_OUTER_BOUND('',#1204,.T.);
#612=FACE_OUTER_BOUND('',#1205,.T.);
#613=FACE_OUTER_BOUND('',#1206,.T.);
#614=FACE_OUTER_BOUND('',#1207,.T.);
#615=FACE_OUTER_BOUND('',#1208,.T.);
#616=FACE_OUTER_BOUND('',#1209,.T.);
#617=FACE_OUTER_BOUND('',#1210,.T.);
#618=FACE_OUTER_BOUND('',#1211,.T.);
#619=FACE_OUTER_BOUND('',#1212,.T.);
#620=FACE_OUTER_BOUND('',#1213,.T.);
#621=FACE_OUTER_BOUND('',#1214,.T.);
#622=FACE_OUTER_BOUND('',#1215,.T.);
#623=FACE_OUTER_BOUND('',#1216,.T.);
#624=FACE_OUTER_BOUND('',#1217,.T.);
#625=FACE_OUTER_BOUND('',#1218,.T.);
#626=FACE_OUTER_BOUND('',#1219,.T.);
#627=FACE_OUTER_BOUND('',#1220,.T.);
#628=FACE_OUTER_BOUND('',#1221,.T.);
#629=FACE_OUTER_BOUND('',#1222,.T.);
#630=FACE_OUTER_BOUND('',#1223,.T.);
#631=FACE_OUTER_BOUND('',#1224,.T.);
#632=FACE_OUTER_BOUND('',#1225,.T.);
#633=FACE_OUTER_BOUND('',#1226,.T.);
#634=FACE_OUTER_BOUND('',#1227,.T.);
#635=FACE_OUTER_BOUND('',#1228,.T.);
#636=FACE_OUTER_BOUND('',#1229,.T.);
#637=FACE_OUTER_BOUND('',#1230,.T.);
#638=FACE_OUTER_BOUND('',#1231,.T.);
#639=FACE_OUTER_BOUND('',#1232,.T.);
#640=FACE_OUTER_BOUND('',#1233,.T.);
#641=FACE_OUTER_BOUND('',#1234,.T.);
#642=FACE_OUTER_BOUND('',#1235,.T.);
#643=FACE_OUTER_BOUND('',#1236,.T.);
#644=FACE_OUTER_BOUND('',#1237,.T.);
#645=FACE_OUTER_BOUND('',#1238,.T.);
#646=FACE_OUTER_BOUND('',#1239,.T.);
#647=FACE_OUTER_BOUND('',#1240,.T.);
#648=FACE_OUTER_BOUND('',#1241,.T.);
#649=FACE_OUTER_BOUND('',#1242,.T.);
#650=FACE_OUTER_BOUND('',#1243,.T.);
#651=FACE_OUTER_BOUND('',#1244,.T.);
#652=FACE_OUTER_BOUND('',#1245,.T.);
#653=FACE_OUTER_BOUND('',#1246,.T.);
#654=FACE_OUTER_BOUND('',#1247,.T.);
#655=FACE_OUTER_BOUND('',#1248,.T.);
#656=FACE_OUTER_BOUND('',#1249,.T.);
#657=FACE_OUTER_BOUND('',#1250,.T.);
#658=FACE_OUTER_BOUND('',#1251,.T.);
#659=FACE_OUTER_BOUND('',#1252,.T.);
#660=FACE_OUTER_BOUND('',#1253,.T.);
#661=FACE_OUTER_BOUND('',#1254,.T.);
#662=FACE_OUTER_BOUND('',#1255,.T.);
#663=FACE_OUTER_BOUND('',#1256,.T.);
#664=FACE_OUTER_BOUND('',#1257,.T.);
#665=FACE_OUTER_BOUND('',#1258,.T.);
#666=FACE_OUTER_BOUND('',#1259,.T.);
#667=FACE_OUTER_BOUND('',#1260,.T.);
#668=FACE_OUTER_BOUND('',#1261,.T.);
#669=FACE_OUTER_BOUND('',#1262,.T.);
#670=FACE_OUTER_BOUND('',#1263,.T.);
#671=FACE_OUTER_BOUND('',#1264,.T.);
#672=FACE_OUTER_BOUND('',#1265,.T.);
#673=FACE_OUTER_BOUND('',#1266,.T.);
#674=FACE_OUTER_BOUND('',#1267,.T.);
#675=FACE_OUTER_BOUND('',#1268,.T.);
#676=FACE_OUTER_BOUND('',#1269,.T.);
#677=FACE_OUTER_BOUND('',#1270,.T.);
#678=FACE_OUTER_BOUND('',#1271,.T.);
#679=FACE_OUTER_BOUND('',#1272,.T.);
#680=FACE_OUTER_BOUND('',#1273,.T.);
#681=FACE_OUTER_BOUND('',#1274,.T.);
#682=FACE_OUTER_BOUND('',#1275,.T.);
#683=FACE_OUTER_BOUND('',#1276,.T.);
#684=FACE_OUTER_BOUND('',#1277,.T.);
#685=FACE_OUTER_BOUND('',#1278,.T.);
#686=FACE_OUTER_BOUND('',#1279,.T.);
#687=FACE_OUTER_BOUND('',#1280,.T.);
#688=FACE_OUTER_BOUND('',#1281,.T.);
#689=FACE_OUTER_BOUND('',#1282,.T.);
#690=FACE_OUTER_BOUND('',#1283,.T.);
#691=FACE_OUTER_BOUND('',#1284,.T.);
#692=FACE_OUTER_BOUND('',#1285,.T.);
#693=FACE_OUTER_BOUND('',#1286,.T.);
#694=FACE_OUTER_BOUND('',#1287,.T.);
#695=FACE_OUTER_BOUND('',#1288,.T.);
#696=FACE_OUTER_BOUND('',#1289,.T.);
#697=FACE_OUTER_BOUND('',#1290,.T.);
#698=FACE_OUTER_BOUND('',#1291,.T.);
#699=FACE_OUTER_BOUND('',#1292,.T.);
#700=FACE_OUTER_BOUND('',#1293,.T.);
#701=FACE_OUTER_BOUND('',#1294,.T.);
#702=FACE_OUTER_BOUND('',#1295,.T.);
#703=FACE_OUTER_BOUND('',#1296,.T.);
#704=FACE_OUTER_BOUND('',#1297,.T.);
#705=FACE_OUTER_BOUND('',#1298,.T.);
#706=FACE_OUTER_BOUND('',#1299,.T.);
#707=FACE_OUTER_BOUND('',#1300,.T.);
#708=FACE_OUTER_BOUND('',#1301,.T.);
#709=FACE_OUTER_BOUND('',#1302,.T.);
#710=FACE_OUTER_BOUND('',#1303,.T.);
#711=FACE_OUTER_BOUND('',#1304,.T.);
#712=FACE_OUTER_BOUND('',#1305,.T.);
#713=FACE_OUTER_BOUND('',#1306,.T.);
#714=FACE_OUTER_BOUND('',#1307,.T.);
#715=FACE_OUTER_BOUND('',#1308,.T.);
#716=FACE_OUTER_BOUND('',#1309,.T.);
#717=FACE_OUTER_BOUND('',#1310,.T.);
#718=FACE_OUTER_BOUND('',#1311,.T.);
#719=FACE_OUTER_BOUND('',#1312,.T.);
#720=FACE_OUTER_BOUND('',#1313,.T.);
#721=FACE_OUTER_BOUND('',#1314,.T.);
#722=FACE_OUTER_BOUND('',#1315,.T.);
#723=FACE_OUTER_BOUND('',#1316,.T.);
#724=FACE_OUTER_BOUND('',#1317,.T.);
#725=FACE_OUTER_BOUND('',#1318,.T.);
#726=FACE_OUTER_BOUND('',#1319,.T.);
#727=FACE_OUTER_BOUND('',#1320,.T.);
#728=FACE_OUTER_BOUND('',#1321,.T.);
#729=FACE_OUTER_BOUND('',#1322,.T.);
#730=FACE_OUTER_BOUND('',#1323,.T.);
#731=FACE_OUTER_BOUND('',#1324,.T.);
#732=FACE_OUTER_BOUND('',#1325,.T.);
#733=FACE_OUTER_BOUND('',#1326,.T.);
#734=FACE_OUTER_BOUND('',#1327,.T.);
#735=FACE_OUTER_BOUND('',#1328,.T.);
#736=FACE_OUTER_BOUND('',#1329,.T.);
#737=FACE_OUTER_BOUND('',#1330,.T.);
#738=FACE_OUTER_BOUND('',#1331,.T.);
#739=FACE_OUTER_BOUND('',#1332,.T.);
#740=FACE_OUTER_BOUND('',#1333,.T.);
#741=FACE_OUTER_BOUND('',#1334,.T.);
#742=FACE_OUTER_BOUND('',#1335,.T.);
#743=FACE_OUTER_BOUND('',#1336,.T.);
#744=FACE_OUTER_BOUND('',#1337,.T.);
#745=FACE_OUTER_BOUND('',#1338,.T.);
#746=FACE_OUTER_BOUND('',#1339,.T.);
#747=FACE_OUTER_BOUND('',#1340,.T.);
#748=FACE_OUTER_BOUND('',#1341,.T.);
#749=FACE_OUTER_BOUND('',#1342,.T.);
#750=FACE_OUTER_BOUND('',#1343,.T.);
#751=FACE_OUTER_BOUND('',#1344,.T.);
#752=FACE_OUTER_BOUND('',#1345,.T.);
#753=FACE_OUTER_BOUND('',#1346,.T.);
#754=FACE_OUTER_BOUND('',#1347,.T.);
#755=FACE_OUTER_BOUND('',#1348,.T.);
#756=FACE_OUTER_BOUND('',#1349,.T.);
#757=FACE_OUTER_BOUND('',#1350,.T.);
#758=FACE_OUTER_BOUND('',#1351,.T.);
#759=FACE_OUTER_BOUND('',#1352,.T.);
#760=FACE_OUTER_BOUND('',#1353,.T.);
#761=FACE_OUTER_BOUND('',#1354,.T.);
#762=FACE_OUTER_BOUND('',#1355,.T.);
#763=FACE_OUTER_BOUND('',#1356,.T.);
#764=FACE_OUTER_BOUND('',#1357,.T.);
#765=FACE_OUTER_BOUND('',#1358,.T.);
#766=FACE_OUTER_BOUND('',#1359,.T.);
#767=FACE_OUTER_BOUND('',#1360,.T.);
#768=FACE_OUTER_BOUND('',#1361,.T.);
#769=FACE_OUTER_BOUND('',#1362,.T.);
#770=FACE_OUTER_BOUND('',#1363,.T.);
#771=FACE_OUTER_BOUND('',#1364,.T.);
#772=FACE_OUTER_BOUND('',#1365,.T.);
#773=FACE_OUTER_BOUND('',#1366,.T.);
#774=FACE_OUTER_BOUND('',#1367,.T.);
#775=FACE_OUTER_BOUND('',#1368,.T.);
#776=FACE_OUTER_BOUND('',#1369,.T.);
#777=FACE_OUTER_BOUND('',#1370,.T.);
#778=FACE_OUTER_BOUND('',#1371,.T.);
#779=FACE_OUTER_BOUND('',#1372,.T.);
#780=FACE_OUTER_BOUND('',#1373,.T.);
#781=FACE_OUTER_BOUND('',#1374,.T.);
#782=FACE_OUTER_BOUND('',#1375,.T.);
#783=FACE_OUTER_BOUND('',#1376,.T.);
#784=FACE_OUTER_BOUND('',#1377,.T.);
#785=FACE_OUTER_BOUND('',#1378,.T.);
#786=FACE_OUTER_BOUND('',#1379,.T.);
#787=FACE_OUTER_BOUND('',#1380,.T.);
#788=FACE_OUTER_BOUND('',#1381,.T.);
#789=FACE_OUTER_BOUND('',#1382,.T.);
#790=FACE_OUTER_BOUND('',#1383,.T.);
#791=FACE_OUTER_BOUND('',#1384,.T.);
#792=FACE_OUTER_BOUND('',#1385,.T.);
#793=FACE_OUTER_BOUND('',#1386,.T.);
#794=FACE_OUTER_BOUND('',#1387,.T.);
#795=FACE_OUTER_BOUND('',#1388,.T.);
#796=FACE_OUTER_BOUND('',#1389,.T.);
#797=FACE_OUTER_BOUND('',#1390,.T.);
#798=FACE_OUTER_BOUND('',#1391,.T.);
#799=FACE_OUTER_BOUND('',#1392,.T.);
#800=FACE_OUTER_BOUND('',#1393,.T.);
#801=FACE_OUTER_BOUND('',#1394,.T.);
#802=FACE_OUTER_BOUND('',#1395,.T.);
#803=FACE_OUTER_BOUND('',#1396,.T.);
#804=FACE_OUTER_BOUND('',#1397,.T.);
#805=FACE_OUTER_BOUND('',#1398,.T.);
#806=FACE_OUTER_BOUND('',#1399,.T.);
#807=FACE_OUTER_BOUND('',#1400,.T.);
#808=FACE_OUTER_BOUND('',#1401,.T.);
#809=FACE_OUTER_BOUND('',#1402,.T.);
#810=FACE_OUTER_BOUND('',#1403,.T.);
#811=FACE_OUTER_BOUND('',#1404,.T.);
#812=FACE_OUTER_BOUND('',#1405,.T.);
#813=FACE_OUTER_BOUND('',#1406,.T.);
#814=FACE_OUTER_BOUND('',#1407,.T.);
#815=FACE_OUTER_BOUND('',#1408,.T.);
#816=FACE_OUTER_BOUND('',#1409,.T.);
#817=FACE_OUTER_BOUND('',#1410,.T.);
#818=FACE_OUTER_BOUND('',#1411,.T.);
#819=FACE_OUTER_BOUND('',#1412,.T.);
#820=FACE_OUTER_BOUND('',#1413,.T.);
#821=FACE_OUTER_BOUND('',#1414,.T.);
#822=FACE_OUTER_BOUND('',#1415,.T.);
#823=FACE_OUTER_BOUND('',#1416,.T.);
#824=FACE_OUTER_BOUND('',#1417,.T.);
#825=FACE_OUTER_BOUND('',#1418,.T.);
#826=FACE_OUTER_BOUND('',#1419,.T.);
#827=FACE_OUTER_BOUND('',#1420,.T.);
#828=FACE_OUTER_BOUND('',#1421,.T.);
#829=FACE_OUTER_BOUND('',#1422,.T.);
#830=FACE_OUTER_BOUND('',#1423,.T.);
#831=FACE_OUTER_BOUND('',#1424,.T.);
#832=FACE_OUTER_BOUND('',#1425,.T.);
#833=FACE_OUTER_BOUND('',#1426,.T.);
#834=FACE_OUTER_BOUND('',#1427,.T.);
#835=FACE_OUTER_BOUND('',#1428,.T.);
#836=FACE_OUTER_BOUND('',#1429,.T.);
#837=FACE_OUTER_BOUND('',#1430,.T.);
#838=FACE_OUTER_BOUND('',#1431,.T.);
#839=FACE_OUTER_BOUND('',#1432,.T.);
#840=FACE_OUTER_BOUND('',#1433,.T.);
#841=FACE_OUTER_BOUND('',#1434,.T.);
#842=FACE_OUTER_BOUND('',#1435,.T.);
#843=FACE_OUTER_BOUND('',#1436,.T.);
#844=FACE_OUTER_BOUND('',#1437,.T.);
#845=FACE_OUTER_BOUND('',#1438,.T.);
#846=FACE_OUTER_BOUND('',#1439,.T.);
#847=FACE_OUTER_BOUND('',#1440,.T.);
#848=FACE_OUTER_BOUND('',#1441,.T.);
#849=FACE_OUTER_BOUND('',#1442,.T.);
#850=FACE_OUTER_BOUND('',#1443,.T.);
#851=FACE_OUTER_BOUND('',#1444,.T.);
#852=FACE_OUTER_BOUND('',#1445,.T.);
#853=FACE_OUTER_BOUND('',#1446,.T.);
#854=FACE_OUTER_BOUND('',#1447,.T.);
#855=FACE_OUTER_BOUND('',#1448,.T.);
#856=FACE_OUTER_BOUND('',#1449,.T.);
#857=FACE_OUTER_BOUND('',#1450,.T.);
#858=FACE_OUTER_BOUND('',#1451,.T.);
#859=FACE_OUTER_BOUND('',#1452,.T.);
#860=FACE_OUTER_BOUND('',#1453,.T.);
#861=FACE_OUTER_BOUND('',#1454,.T.);
#862=FACE_OUTER_BOUND('',#1455,.T.);
#863=FACE_OUTER_BOUND('',#1456,.T.);
#864=FACE_OUTER_BOUND('',#1457,.T.);
#865=FACE_OUTER_BOUND('',#1458,.T.);
#866=FACE_OUTER_BOUND('',#1459,.T.);
#867=FACE_OUTER_BOUND('',#1460,.T.);
#868=FACE_OUTER_BOUND('',#1461,.T.);
#869=FACE_OUTER_BOUND('',#1462,.T.);
#870=FACE_OUTER_BOUND('',#1463,.T.);
#871=FACE_OUTER_BOUND('',#1464,.T.);
#872=FACE_OUTER_BOUND('',#1465,.T.);
#873=FACE_OUTER_BOUND('',#1466,.T.);
#874=FACE_OUTER_BOUND('',#1467,.T.);
#875=FACE_OUTER_BOUND('',#1468,.T.);
#876=FACE_OUTER_BOUND('',#1469,.T.);
#877=FACE_OUTER_BOUND('',#1470,.T.);
#878=FACE_OUTER_BOUND('',#1471,.T.);
#879=FACE_OUTER_BOUND('',#1472,.T.);
#880=FACE_OUTER_BOUND('',#1473,.T.);
#881=FACE_OUTER_BOUND('',#1474,.T.);
#882=FACE_OUTER_BOUND('',#1475,.T.);
#883=FACE_OUTER_BOUND('',#1476,.T.);
#884=FACE_OUTER_BOUND('',#1477,.T.);
#885=FACE_OUTER_BOUND('',#1478,.T.);
#886=FACE_OUTER_BOUND('',#1479,.T.);
#887=FACE_OUTER_BOUND('',#1480,.T.);
#888=FACE_OUTER_BOUND('',#1481,.T.);
#889=FACE_OUTER_BOUND('',#1482,.T.);
#890=FACE_OUTER_BOUND('',#1483,.T.);
#891=FACE_OUTER_BOUND('',#1484,.T.);
#892=FACE_OUTER_BOUND('',#1485,.T.);
#893=FACE_OUTER_BOUND('',#1486,.T.);
#894=FACE_OUTER_BOUND('',#1487,.T.);
#895=FACE_OUTER_BOUND('',#1488,.T.);
#896=FACE_OUTER_BOUND('',#1489,.T.);
#897=FACE_OUTER_BOUND('',#1490,.T.);
#898=FACE_OUTER_BOUND('',#1491,.T.);
#899=FACE_OUTER_BOUND('',#1492,.T.);
#900=FACE_OUTER_BOUND('',#1493,.T.);
#901=FACE_OUTER_BOUND('',#1494,.T.);
#902=FACE_OUTER_BOUND('',#1495,.T.);
#903=FACE_OUTER_BOUND('',#1496,.T.);
#904=FACE_OUTER_BOUND('',#1497,.T.);
#905=FACE_OUTER_BOUND('',#1498,.T.);
#906=FACE_OUTER_BOUND('',#1499,.T.);
#907=FACE_OUTER_BOUND('',#1500,.T.);
#908=FACE_OUTER_BOUND('',#1501,.T.);
#909=FACE_OUTER_BOUND('',#1502,.T.);
#910=FACE_OUTER_BOUND('',#1503,.T.);
#911=FACE_OUTER_BOUND('',#1504,.T.);
#912=FACE_OUTER_BOUND('',#1505,.T.);
#913=FACE_OUTER_BOUND('',#1506,.T.);
#914=FACE_OUTER_BOUND('',#1507,.T.);
#915=FACE_OUTER_BOUND('',#1508,.T.);
#916=FACE_OUTER_BOUND('',#1509,.T.);
#917=FACE_OUTER_BOUND('',#1510,.T.);
#918=FACE_OUTER_BOUND('',#1511,.T.);
#919=FACE_OUTER_BOUND('',#1512,.T.);
#920=FACE_OUTER_BOUND('',#1513,.T.);
#921=FACE_OUTER_BOUND('',#1514,.T.);
#922=FACE_OUTER_BOUND('',#1515,.T.);
#923=FACE_OUTER_BOUND('',#1516,.T.);
#924=FACE_OUTER_BOUND('',#1517,.T.);
#925=FACE_OUTER_BOUND('',#1518,.T.);
#926=FACE_OUTER_BOUND('',#1519,.T.);
#927=FACE_OUTER_BOUND('',#1520,.T.);
#928=FACE_OUTER_BOUND('',#1521,.T.);
#929=FACE_OUTER_BOUND('',#1522,.T.);
#930=FACE_OUTER_BOUND('',#1523,.T.);
#931=FACE_OUTER_BOUND('',#1524,.T.);
#932=FACE_OUTER_BOUND('',#1525,.T.);
#933=FACE_OUTER_BOUND('',#1526,.T.);
#934=FACE_OUTER_BOUND('',#1527,.T.);
#935=FACE_OUTER_BOUND('',#1528,.T.);
#936=FACE_OUTER_BOUND('',#1529,.T.);
#937=FACE_OUTER_BOUND('',#1530,.T.);
#938=FACE_OUTER_BOUND('',#1531,.T.);
#939=FACE_OUTER_BOUND('',#1532,.T.);
#940=FACE_OUTER_BOUND('',#1533,.T.);
#941=FACE_OUTER_BOUND('',#1534,.T.);
#942=FACE_OUTER_BOUND('',#1535,.T.);
#943=FACE_OUTER_BOUND('',#1536,.T.);
#944=FACE_OUTER_BOUND('',#1537,.T.);
#945=FACE_OUTER_BOUND('',#1538,.T.);
#946=FACE_OUTER_BOUND('',#1539,.T.);
#947=FACE_OUTER_BOUND('',#1540,.T.);
#948=FACE_OUTER_BOUND('',#1541,.T.);
#949=FACE_OUTER_BOUND('',#1542,.T.);
#950=FACE_OUTER_BOUND('',#1543,.T.);
#951=FACE_OUTER_BOUND('',#1544,.T.);
#952=FACE_OUTER_BOUND('',#1545,.T.);
#953=FACE_OUTER_BOUND('',#1546,.T.);
#954=FACE_OUTER_BOUND('',#1547,.T.);
#955=FACE_OUTER_BOUND('',#1548,.T.);
#956=FACE_OUTER_BOUND('',#1549,.T.);
#957=FACE_OUTER_BOUND('',#1550,.T.);
#958=FACE_OUTER_BOUND('',#1551,.T.);
#959=FACE_OUTER_BOUND('',#1552,.T.);
#960=FACE_OUTER_BOUND('',#1553,.T.);
#961=FACE_OUTER_BOUND('',#1554,.T.);
#962=FACE_OUTER_BOUND('',#1555,.T.);
#963=FACE_OUTER_BOUND('',#1556,.T.);
#964=FACE_OUTER_BOUND('',#1557,.T.);
#965=FACE_OUTER_BOUND('',#1558,.T.);
#966=FACE_OUTER_BOUND('',#1559,.T.);
#967=FACE_OUTER_BOUND('',#1560,.T.);
#968=FACE_OUTER_BOUND('',#1561,.T.);
#969=FACE_OUTER_BOUND('',#1562,.T.);
#970=FACE_OUTER_BOUND('',#1563,.T.);
#971=FACE_OUTER_BOUND('',#1564,.T.);
#972=FACE_OUTER_BOUND('',#1565,.T.);
#973=FACE_OUTER_BOUND('',#1566,.T.);
#974=FACE_OUTER_BOUND('',#1567,.T.);
#975=FACE_OUTER_BOUND('',#1568,.T.);
#976=FACE_OUTER_BOUND('',#1569,.T.);
#977=FACE_OUTER_BOUND('',#1570,.T.);
#978=FACE_OUTER_BOUND('',#1571,.T.);
#979=FACE_OUTER_BOUND('',#1572,.T.);
#980=FACE_OUTER_BOUND('',#1573,.T.);
#981=FACE_OUTER_BOUND('',#1574,.T.);
#982=FACE_OUTER_BOUND('',#1575,.T.);
#983=FACE_OUTER_BOUND('',#1576,.T.);
#984=FACE_OUTER_BOUND('',#1577,.T.);
#985=FACE_OUTER_BOUND('',#1578,.T.);
#986=FACE_OUTER_BOUND('',#1579,.T.);
#987=FACE_OUTER_BOUND('',#1580,.T.);
#988=FACE_OUTER_BOUND('',#1581,.T.);
#989=FACE_OUTER_BOUND('',#1582,.T.);
#990=FACE_OUTER_BOUND('',#1583,.T.);
#991=FACE_OUTER_BOUND('',#1584,.T.);
#992=FACE_OUTER_BOUND('',#1585,.T.);
#993=FACE_OUTER_BOUND('',#1586,.T.);
#994=FACE_OUTER_BOUND('',#1587,.T.);
#995=FACE_OUTER_BOUND('',#1588,.T.);
#996=FACE_OUTER_BOUND('',#1589,.T.);
#997=FACE_OUTER_BOUND('',#1590,.T.);
#998=FACE_OUTER_BOUND('',#1591,.T.);
#999=FACE_OUTER_BOUND('',#1592,.T.);
#1000=FACE_OUTER_BOUND('',#1593,.T.);
#1001=FACE_OUTER_BOUND('',#1594,.T.);
#1002=FACE_OUTER_BOUND('',#1595,.T.);
#1003=FACE_OUTER_BOUND('',#1596,.T.);
#1004=FACE_OUTER_BOUND('',#1597,.T.);
#1005=FACE_OUTER_BOUND('',#1598,.T.);
#1006=FACE_OUTER_BOUND('',#1599,.T.);
#1007=FACE_OUTER_BOUND('',#1600,.T.);
#1008=FACE_OUTER_BOUND('',#1601,.T.);
#1009=FACE_OUTER_BOUND('',#1602,.T.);
#1010=FACE_OUTER_BOUND('',#1603,.T.);
#1011=FACE_OUTER_BOUND('',#1604,.T.);
#1012=FACE_OUTER_BOUND('',#1605,.T.);
#1013=FACE_OUTER_BOUND('',#1606,.T.);
#1014=FACE_OUTER_BOUND('',#1607,.T.);
#1015=FACE_OUTER_BOUND('',#1608,.T.);
#1016=FACE_OUTER_BOUND('',#1609,.T.);
#1017=FACE_OUTER_BOUND('',#1610,.T.);
#1018=FACE_OUTER_BOUND('',#1611,.T.);
#1019=FACE_OUTER_BOUND('',#1612,.T.);
#1020=FACE_OUTER_BOUND('',#1613,.T.);
#1021=FACE_OUTER_BOUND('',#1614,.T.);
#1022=FACE_OUTER_BOUND('',#1615,.T.);
#1023=FACE_OUTER_BOUND('',#1616,.T.);
#1024=FACE_OUTER_BOUND('',#1617,.T.);
#1025=FACE_OUTER_BOUND('',#1618,.T.);
#1026=FACE_OUTER_BOUND('',#1619,.T.);
#1027=FACE_OUTER_BOUND('',#1620,.T.);
#1028=FACE_OUTER_BOUND('',#1621,.T.);
#1029=FACE_OUTER_BOUND('',#1622,.T.);
#1030=FACE_OUTER_BOUND('',#1623,.T.);
#1031=FACE_OUTER_BOUND('',#1624,.T.);
#1032=FACE_OUTER_BOUND('',#1625,.T.);
#1033=FACE_OUTER_BOUND('',#1626,.T.);
#1034=FACE_OUTER_BOUND('',#1627,.T.);
#1035=FACE_OUTER_BOUND('',#1628,.T.);
#1036=FACE_OUTER_BOUND('',#1629,.T.);
#1037=FACE_OUTER_BOUND('',#1630,.T.);
#1038=FACE_OUTER_BOUND('',#1631,.T.);
#1039=FACE_OUTER_BOUND('',#1632,.T.);
#1040=FACE_OUTER_BOUND('',#1633,.T.);
#1041=FACE_OUTER_BOUND('',#1634,.T.);
#1042=FACE_OUTER_BOUND('',#1635,.T.);
#1043=FACE_OUTER_BOUND('',#1636,.T.);
#1044=FACE_OUTER_BOUND('',#1637,.T.);
#1045=FACE_OUTER_BOUND('',#1638,.T.);
#1046=FACE_OUTER_BOUND('',#1639,.T.);
#1047=FACE_OUTER_BOUND('',#1640,.T.);
#1048=FACE_OUTER_BOUND('',#1641,.T.);
#1049=FACE_OUTER_BOUND('',#1642,.T.);
#1050=FACE_OUTER_BOUND('',#1643,.T.);
#1051=FACE_OUTER_BOUND('',#1644,.T.);
#1052=FACE_OUTER_BOUND('',#1645,.T.);
#1053=FACE_OUTER_BOUND('',#1646,.T.);
#1054=FACE_OUTER_BOUND('',#1647,.T.);
#1055=FACE_OUTER_BOUND('',#1648,.T.);
#1056=FACE_OUTER_BOUND('',#1649,.T.);
#1057=FACE_OUTER_BOUND('',#1650,.T.);
#1058=FACE_OUTER_BOUND('',#1651,.T.);
#1059=FACE_OUTER_BOUND('',#1652,.T.);
#1060=FACE_OUTER_BOUND('',#1653,.T.);
#1061=FACE_OUTER_BOUND('',#1654,.T.);
#1062=FACE_OUTER_BOUND('',#1655,.T.);
#1063=FACE_OUTER_BOUND('',#1656,.T.);
#1064=FACE_OUTER_BOUND('',#1657,.T.);
#1065=FACE_OUTER_BOUND('',#1658,.T.);
#1066=FACE_OUTER_BOUND('',#1659,.T.);
#1067=FACE_OUTER_BOUND('',#1660,.T.);
#1068=FACE_OUTER_BOUND('',#1661,.T.);
#1069=FACE_OUTER_BOUND('',#1662,.T.);
#1070=FACE_OUTER_BOUND('',#1663,.T.);
#1071=FACE_OUTER_BOUND('',#1664,.T.);
#1072=FACE_OUTER_BOUND('',#1665,.T.);
#1073=FACE_OUTER_BOUND('',#1666,.T.);
#1074=FACE_OUTER_BOUND('',#1667,.T.);
#1075=FACE_OUTER_BOUND('',#1668,.T.);
#1076=FACE_OUTER_BOUND('',#1669,.T.);
#1077=FACE_OUTER_BOUND('',#1670,.T.);
#1078=FACE_OUTER_BOUND('',#1671,.T.);
#1079=FACE_OUTER_BOUND('',#1672,.T.);
#1080=FACE_OUTER_BOUND('',#1673,.T.);
#1081=FACE_OUTER_BOUND('',#1674,.T.);
#1082=FACE_OUTER_BOUND('',#1675,.T.);
#1083=FACE_OUTER_BOUND('',#1676,.T.);
#1084=FACE_OUTER_BOUND('',#1677,.T.);
#1085=FACE_OUTER_BOUND('',#1678,.T.);
#1086=FACE_OUTER_BOUND('',#1679,.T.);
#1087=EDGE_LOOP('',(#7485,#7486,#7487,#7488));
#1088=EDGE_LOOP('',(#7489,#7490,#7491,#7492));
#1089=EDGE_LOOP('',(#7493,#7494,#7495,#7496));
#1090=EDGE_LOOP('',(#7497,#7498,#7499,#7500));
#1091=EDGE_LOOP('',(#7501,#7502,#7503,#7504));
#1092=EDGE_LOOP('',(#7505,#7506,#7507,#7508));
#1093=EDGE_LOOP('',(#7509,#7510,#7511,#7512));
#1094=EDGE_LOOP('',(#7513,#7514,#7515,#7516));
#1095=EDGE_LOOP('',(#7517,#7518,#7519,#7520));
#1096=EDGE_LOOP('',(#7521,#7522,#7523,#7524));
#1097=EDGE_LOOP('',(#7525,#7526,#7527,#7528));
#1098=EDGE_LOOP('',(#7529,#7530,#7531,#7532));
#1099=EDGE_LOOP('',(#7533,#7534,#7535,#7536));
#1100=EDGE_LOOP('',(#7537,#7538,#7539,#7540));
#1101=EDGE_LOOP('',(#7541,#7542,#7543,#7544));
#1102=EDGE_LOOP('',(#7545,#7546,#7547,#7548,#7549,#7550,#7551,#7552,#7553,
#7554,#7555,#7556,#7557,#7558,#7559,#7560,#7561,#7562,#7563,#7564,#7565,
#7566,#7567,#7568,#7569,#7570,#7571,#7572,#7573,#7574,#7575,#7576,#7577,
#7578,#7579,#7580,#7581,#7582,#7583,#7584,#7585,#7586,#7587,#7588,#7589,
#7590,#7591,#7592,#7593,#7594,#7595,#7596,#7597,#7598,#7599,#7600,#7601,
#7602,#7603,#7604,#7605,#7606,#7607,#7608,#7609,#7610,#7611,#7612,#7613,
#7614,#7615,#7616,#7617,#7618,#7619,#7620,#7621,#7622,#7623,#7624,#7625,
#7626,#7627,#7628,#7629,#7630,#7631,#7632,#7633,#7634,#7635,#7636,#7637,
#7638,#7639,#7640,#7641,#7642,#7643,#7644,#7645,#7646,#7647,#7648,#7649,
#7650,#7651,#7652,#7653,#7654,#7655,#7656,#7657,#7658,#7659,#7660,#7661,
#7662,#7663,#7664,#7665,#7666,#7667,#7668,#7669,#7670,#7671,#7672,#7673,
#7674,#7675,#7676,#7677,#7678,#7679));
#1103=EDGE_LOOP('',(#7680,#7681,#7682,#7683,#7684,#7685,#7686,#7687,#7688,
#7689,#7690,#7691,#7692,#7693,#7694,#7695,#7696,#7697,#7698,#7699));
#1104=EDGE_LOOP('',(#7700,#7701,#7702,#7703,#7704,#7705,#7706,#7707,#7708,
#7709,#7710,#7711,#7712,#7713,#7714,#7715,#7716,#7717,#7718,#7719));
#1105=EDGE_LOOP('',(#7720,#7721,#7722,#7723,#7724,#7725,#7726,#7727,#7728,
#7729,#7730,#7731,#7732,#7733,#7734,#7735,#7736,#7737,#7738,#7739));
#1106=EDGE_LOOP('',(#7740,#7741,#7742,#7743,#7744,#7745,#7746,#7747,#7748,
#7749,#7750,#7751,#7752,#7753,#7754,#7755,#7756,#7757,#7758,#7759));
#1107=EDGE_LOOP('',(#7760,#7761,#7762,#7763,#7764,#7765,#7766,#7767,#7768,
#7769,#7770,#7771,#7772,#7773,#7774,#7775,#7776,#7777,#7778,#7779));
#1108=EDGE_LOOP('',(#7780));
#1109=EDGE_LOOP('',(#7781,#7782,#7783,#7784,#7785,#7786,#7787,#7788,#7789,
#7790,#7791,#7792,#7793,#7794,#7795,#7796,#7797,#7798,#7799,#7800));
#1110=EDGE_LOOP('',(#7801));
#1111=EDGE_LOOP('',(#7802,#7803,#7804,#7805,#7806,#7807,#7808,#7809,#7810,
#7811,#7812,#7813,#7814,#7815,#7816,#7817,#7818,#7819,#7820,#7821));
#1112=EDGE_LOOP('',(#7822,#7823,#7824,#7825,#7826,#7827,#7828,#7829,#7830,
#7831,#7832,#7833,#7834,#7835,#7836,#7837,#7838,#7839,#7840,#7841));
#1113=EDGE_LOOP('',(#7842,#7843,#7844,#7845,#7846,#7847,#7848,#7849,#7850,
#7851,#7852,#7853,#7854,#7855,#7856,#7857,#7858,#7859,#7860,#7861));
#1114=EDGE_LOOP('',(#7862,#7863,#7864,#7865,#7866,#7867,#7868,#7869,#7870,
#7871,#7872,#7873,#7874,#7875,#7876,#7877,#7878,#7879,#7880,#7881));
#1115=EDGE_LOOP('',(#7882,#7883,#7884,#7885,#7886,#7887,#7888,#7889,#7890,
#7891,#7892,#7893,#7894,#7895,#7896,#7897,#7898,#7899,#7900,#7901));
#1116=EDGE_LOOP('',(#7902,#7903,#7904,#7905,#7906,#7907,#7908,#7909,#7910,
#7911,#7912,#7913,#7914,#7915,#7916,#7917,#7918,#7919,#7920,#7921));
#1117=EDGE_LOOP('',(#7922,#7923,#7924,#7925,#7926,#7927,#7928,#7929,#7930,
#7931,#7932,#7933,#7934,#7935,#7936,#7937,#7938,#7939,#7940,#7941));
#1118=EDGE_LOOP('',(#7942,#7943,#7944,#7945,#7946,#7947,#7948,#7949,#7950,
#7951,#7952,#7953,#7954,#7955,#7956,#7957,#7958,#7959,#7960,#7961));
#1119=EDGE_LOOP('',(#7962));
#1120=EDGE_LOOP('',(#7963,#7964,#7965,#7966,#7967,#7968,#7969,#7970,#7971,
#7972,#7973,#7974,#7975,#7976,#7977,#7978,#7979,#7980,#7981,#7982));
#1121=EDGE_LOOP('',(#7983,#7984,#7985,#7986,#7987,#7988,#7989,#7990,#7991,
#7992,#7993,#7994,#7995,#7996,#7997,#7998,#7999,#8000,#8001,#8002));
#1122=EDGE_LOOP('',(#8003,#8004,#8005,#8006,#8007,#8008,#8009,#8010,#8011,
#8012,#8013,#8014,#8015,#8016,#8017,#8018,#8019,#8020,#8021,#8022));
#1123=EDGE_LOOP('',(#8023,#8024,#8025,#8026,#8027,#8028,#8029,#8030,#8031,
#8032,#8033,#8034,#8035,#8036,#8037,#8038,#8039,#8040,#8041,#8042));
#1124=EDGE_LOOP('',(#8043));
#1125=EDGE_LOOP('',(#8044,#8045,#8046,#8047,#8048,#8049,#8050,#8051,#8052,
#8053));
#1126=EDGE_LOOP('',(#8054,#8055,#8056,#8057,#8058,#8059,#8060,#8061,#8062,
#8063));
#1127=EDGE_LOOP('',(#8064,#8065,#8066,#8067,#8068,#8069,#8070,#8071,#8072,
#8073));
#1128=EDGE_LOOP('',(#8074,#8075,#8076,#8077,#8078,#8079,#8080,#8081,#8082,
#8083));
#1129=EDGE_LOOP('',(#8084,#8085,#8086,#8087,#8088,#8089,#8090,#8091,#8092,
#8093,#8094,#8095,#8096,#8097,#8098,#8099,#8100,#8101,#8102,#8103,#8104,
#8105,#8106,#8107,#8108,#8109,#8110,#8111,#8112,#8113,#8114,#8115,#8116,
#8117,#8118,#8119,#8120,#8121,#8122,#8123,#8124,#8125,#8126,#8127,#8128,
#8129,#8130,#8131,#8132,#8133,#8134,#8135,#8136,#8137,#8138,#8139,#8140,
#8141,#8142,#8143,#8144,#8145,#8146,#8147,#8148,#8149,#8150,#8151,#8152,
#8153,#8154,#8155,#8156,#8157,#8158,#8159,#8160,#8161,#8162,#8163,#8164,
#8165,#8166,#8167,#8168,#8169,#8170,#8171,#8172,#8173,#8174,#8175,#8176,
#8177,#8178,#8179,#8180,#8181,#8182,#8183,#8184,#8185,#8186,#8187,#8188,
#8189,#8190,#8191,#8192,#8193,#8194,#8195,#8196,#8197,#8198,#8199,#8200,
#8201,#8202,#8203,#8204,#8205,#8206,#8207,#8208,#8209,#8210,#8211,#8212,
#8213,#8214,#8215,#8216,#8217,#8218));
#1130=EDGE_LOOP('',(#8219,#8220,#8221,#8222,#8223,#8224,#8225,#8226,#8227,
#8228));
#1131=EDGE_LOOP('',(#8229,#8230,#8231,#8232,#8233,#8234,#8235,#8236,#8237,
#8238));
#1132=EDGE_LOOP('',(#8239,#8240,#8241,#8242,#8243,#8244,#8245,#8246,#8247,
#8248));
#1133=EDGE_LOOP('',(#8249,#8250,#8251,#8252,#8253,#8254,#8255,#8256,#8257,
#8258));
#1134=EDGE_LOOP('',(#8259,#8260,#8261,#8262,#8263,#8264,#8265,#8266,#8267,
#8268,#8269,#8270,#8271,#8272,#8273,#8274,#8275,#8276,#8277,#8278));
#1135=EDGE_LOOP('',(#8279,#8280,#8281,#8282,#8283,#8284,#8285,#8286,#8287,
#8288,#8289,#8290,#8291,#8292,#8293,#8294,#8295,#8296,#8297,#8298));
#1136=EDGE_LOOP('',(#8299,#8300,#8301,#8302,#8303,#8304,#8305,#8306,#8307,
#8308,#8309,#8310,#8311,#8312,#8313,#8314,#8315,#8316,#8317,#8318));
#1137=EDGE_LOOP('',(#8319,#8320,#8321,#8322,#8323,#8324,#8325,#8326,#8327,
#8328,#8329,#8330,#8331,#8332,#8333,#8334,#8335,#8336,#8337,#8338));
#1138=EDGE_LOOP('',(#8339,#8340,#8341,#8342,#8343,#8344,#8345,#8346,#8347,
#8348,#8349,#8350,#8351,#8352,#8353,#8354,#8355,#8356,#8357,#8358));
#1139=EDGE_LOOP('',(#8359));
#1140=EDGE_LOOP('',(#8360,#8361,#8362,#8363,#8364,#8365,#8366,#8367,#8368,
#8369,#8370,#8371,#8372,#8373,#8374,#8375,#8376,#8377,#8378,#8379));
#1141=EDGE_LOOP('',(#8380));
#1142=EDGE_LOOP('',(#8381,#8382,#8383,#8384,#8385,#8386,#8387,#8388,#8389,
#8390,#8391,#8392,#8393,#8394,#8395,#8396,#8397,#8398,#8399,#8400));
#1143=EDGE_LOOP('',(#8401,#8402,#8403,#8404,#8405,#8406,#8407,#8408,#8409,
#8410,#8411,#8412,#8413,#8414,#8415,#8416,#8417,#8418,#8419,#8420));
#1144=EDGE_LOOP('',(#8421,#8422,#8423,#8424,#8425,#8426,#8427,#8428,#8429,
#8430,#8431,#8432,#8433,#8434,#8435,#8436,#8437,#8438,#8439,#8440));
#1145=EDGE_LOOP('',(#8441,#8442,#8443,#8444,#8445,#8446,#8447,#8448,#8449,
#8450,#8451,#8452,#8453,#8454,#8455,#8456,#8457,#8458,#8459,#8460));
#1146=EDGE_LOOP('',(#8461,#8462,#8463,#8464,#8465,#8466,#8467,#8468,#8469,
#8470,#8471,#8472,#8473,#8474,#8475,#8476,#8477,#8478,#8479,#8480));
#1147=EDGE_LOOP('',(#8481,#8482,#8483,#8484,#8485,#8486,#8487,#8488,#8489,
#8490,#8491,#8492,#8493,#8494,#8495,#8496,#8497,#8498,#8499,#8500));
#1148=EDGE_LOOP('',(#8501,#8502,#8503,#8504,#8505,#8506,#8507,#8508,#8509,
#8510,#8511,#8512,#8513,#8514,#8515,#8516,#8517,#8518,#8519,#8520));
#1149=EDGE_LOOP('',(#8521,#8522,#8523,#8524,#8525,#8526,#8527,#8528,#8529,
#8530,#8531,#8532,#8533,#8534,#8535,#8536,#8537,#8538,#8539,#8540));
#1150=EDGE_LOOP('',(#8541));
#1151=EDGE_LOOP('',(#8542,#8543,#8544,#8545,#8546,#8547,#8548,#8549,#8550,
#8551,#8552,#8553,#8554,#8555,#8556,#8557,#8558,#8559,#8560,#8561));
#1152=EDGE_LOOP('',(#8562,#8563,#8564,#8565,#8566,#8567,#8568,#8569,#8570,
#8571,#8572,#8573,#8574,#8575,#8576,#8577,#8578,#8579,#8580,#8581));
#1153=EDGE_LOOP('',(#8582,#8583,#8584,#8585,#8586,#8587,#8588,#8589,#8590,
#8591,#8592,#8593,#8594,#8595,#8596,#8597,#8598,#8599,#8600,#8601));
#1154=EDGE_LOOP('',(#8602,#8603,#8604,#8605,#8606,#8607,#8608,#8609,#8610,
#8611,#8612,#8613,#8614,#8615,#8616,#8617,#8618,#8619,#8620,#8621));
#1155=EDGE_LOOP('',(#8622));
#1156=EDGE_LOOP('',(#8623,#8624,#8625,#8626));
#1157=EDGE_LOOP('',(#8627,#8628,#8629,#8630));
#1158=EDGE_LOOP('',(#8631,#8632,#8633,#8634));
#1159=EDGE_LOOP('',(#8635,#8636,#8637,#8638));
#1160=EDGE_LOOP('',(#8639,#8640,#8641,#8642));
#1161=EDGE_LOOP('',(#8643,#8644,#8645,#8646));
#1162=EDGE_LOOP('',(#8647,#8648,#8649,#8650));
#1163=EDGE_LOOP('',(#8651,#8652,#8653,#8654));
#1164=EDGE_LOOP('',(#8655,#8656,#8657,#8658));
#1165=EDGE_LOOP('',(#8659,#8660,#8661,#8662));
#1166=EDGE_LOOP('',(#8663,#8664,#8665,#8666));
#1167=EDGE_LOOP('',(#8667,#8668,#8669,#8670));
#1168=EDGE_LOOP('',(#8671,#8672,#8673,#8674));
#1169=EDGE_LOOP('',(#8675,#8676,#8677,#8678));
#1170=EDGE_LOOP('',(#8679,#8680,#8681,#8682));
#1171=EDGE_LOOP('',(#8683,#8684,#8685,#8686));
#1172=EDGE_LOOP('',(#8687,#8688,#8689,#8690));
#1173=EDGE_LOOP('',(#8691,#8692,#8693,#8694));
#1174=EDGE_LOOP('',(#8695,#8696,#8697,#8698));
#1175=EDGE_LOOP('',(#8699,#8700,#8701,#8702));
#1176=EDGE_LOOP('',(#8703,#8704,#8705,#8706));
#1177=EDGE_LOOP('',(#8707,#8708,#8709,#8710));
#1178=EDGE_LOOP('',(#8711,#8712,#8713,#8714));
#1179=EDGE_LOOP('',(#8715,#8716,#8717,#8718));
#1180=EDGE_LOOP('',(#8719,#8720,#8721,#8722));
#1181=EDGE_LOOP('',(#8723,#8724,#8725,#8726));
#1182=EDGE_LOOP('',(#8727,#8728,#8729,#8730));
#1183=EDGE_LOOP('',(#8731,#8732,#8733,#8734));
#1184=EDGE_LOOP('',(#8735,#8736,#8737,#8738));
#1185=EDGE_LOOP('',(#8739,#8740,#8741,#8742));
#1186=EDGE_LOOP('',(#8743,#8744,#8745,#8746));
#1187=EDGE_LOOP('',(#8747,#8748,#8749,#8750));
#1188=EDGE_LOOP('',(#8751,#8752,#8753,#8754));
#1189=EDGE_LOOP('',(#8755,#8756,#8757,#8758));
#1190=EDGE_LOOP('',(#8759,#8760,#8761,#8762));
#1191=EDGE_LOOP('',(#8763,#8764,#8765,#8766));
#1192=EDGE_LOOP('',(#8767,#8768,#8769,#8770));
#1193=EDGE_LOOP('',(#8771,#8772,#8773,#8774));
#1194=EDGE_LOOP('',(#8775,#8776,#8777,#8778));
#1195=EDGE_LOOP('',(#8779,#8780,#8781,#8782));
#1196=EDGE_LOOP('',(#8783,#8784,#8785,#8786));
#1197=EDGE_LOOP('',(#8787,#8788,#8789,#8790));
#1198=EDGE_LOOP('',(#8791,#8792,#8793,#8794));
#1199=EDGE_LOOP('',(#8795,#8796,#8797,#8798));
#1200=EDGE_LOOP('',(#8799,#8800,#8801,#8802));
#1201=EDGE_LOOP('',(#8803,#8804,#8805,#8806));
#1202=EDGE_LOOP('',(#8807,#8808,#8809,#8810));
#1203=EDGE_LOOP('',(#8811,#8812,#8813,#8814));
#1204=EDGE_LOOP('',(#8815,#8816,#8817,#8818));
#1205=EDGE_LOOP('',(#8819,#8820,#8821,#8822));
#1206=EDGE_LOOP('',(#8823,#8824,#8825,#8826));
#1207=EDGE_LOOP('',(#8827,#8828,#8829,#8830));
#1208=EDGE_LOOP('',(#8831,#8832,#8833,#8834));
#1209=EDGE_LOOP('',(#8835,#8836,#8837,#8838));
#1210=EDGE_LOOP('',(#8839,#8840,#8841,#8842));
#1211=EDGE_LOOP('',(#8843,#8844,#8845,#8846));
#1212=EDGE_LOOP('',(#8847,#8848,#8849,#8850));
#1213=EDGE_LOOP('',(#8851,#8852,#8853,#8854));
#1214=EDGE_LOOP('',(#8855,#8856,#8857,#8858));
#1215=EDGE_LOOP('',(#8859,#8860,#8861,#8862));
#1216=EDGE_LOOP('',(#8863,#8864,#8865,#8866));
#1217=EDGE_LOOP('',(#8867,#8868,#8869,#8870));
#1218=EDGE_LOOP('',(#8871,#8872,#8873,#8874));
#1219=EDGE_LOOP('',(#8875,#8876,#8877,#8878));
#1220=EDGE_LOOP('',(#8879,#8880,#8881,#8882));
#1221=EDGE_LOOP('',(#8883,#8884,#8885,#8886));
#1222=EDGE_LOOP('',(#8887,#8888,#8889,#8890));
#1223=EDGE_LOOP('',(#8891,#8892,#8893,#8894));
#1224=EDGE_LOOP('',(#8895,#8896,#8897,#8898));
#1225=EDGE_LOOP('',(#8899,#8900,#8901,#8902));
#1226=EDGE_LOOP('',(#8903,#8904,#8905,#8906));
#1227=EDGE_LOOP('',(#8907,#8908,#8909,#8910));
#1228=EDGE_LOOP('',(#8911,#8912,#8913,#8914));
#1229=EDGE_LOOP('',(#8915,#8916,#8917,#8918));
#1230=EDGE_LOOP('',(#8919,#8920,#8921,#8922));
#1231=EDGE_LOOP('',(#8923,#8924,#8925,#8926));
#1232=EDGE_LOOP('',(#8927,#8928,#8929,#8930));
#1233=EDGE_LOOP('',(#8931,#8932,#8933,#8934));
#1234=EDGE_LOOP('',(#8935,#8936,#8937,#8938));
#1235=EDGE_LOOP('',(#8939,#8940,#8941,#8942));
#1236=EDGE_LOOP('',(#8943,#8944,#8945,#8946));
#1237=EDGE_LOOP('',(#8947,#8948,#8949,#8950));
#1238=EDGE_LOOP('',(#8951,#8952,#8953,#8954));
#1239=EDGE_LOOP('',(#8955,#8956,#8957,#8958));
#1240=EDGE_LOOP('',(#8959,#8960,#8961,#8962));
#1241=EDGE_LOOP('',(#8963,#8964,#8965,#8966));
#1242=EDGE_LOOP('',(#8967,#8968,#8969,#8970));
#1243=EDGE_LOOP('',(#8971,#8972,#8973,#8974));
#1244=EDGE_LOOP('',(#8975,#8976,#8977,#8978));
#1245=EDGE_LOOP('',(#8979,#8980,#8981,#8982));
#1246=EDGE_LOOP('',(#8983,#8984,#8985,#8986));
#1247=EDGE_LOOP('',(#8987,#8988,#8989,#8990));
#1248=EDGE_LOOP('',(#8991,#8992,#8993,#8994));
#1249=EDGE_LOOP('',(#8995,#8996,#8997,#8998));
#1250=EDGE_LOOP('',(#8999,#9000,#9001,#9002));
#1251=EDGE_LOOP('',(#9003,#9004,#9005,#9006));
#1252=EDGE_LOOP('',(#9007,#9008,#9009,#9010));
#1253=EDGE_LOOP('',(#9011,#9012,#9013,#9014));
#1254=EDGE_LOOP('',(#9015,#9016,#9017,#9018));
#1255=EDGE_LOOP('',(#9019,#9020,#9021,#9022));
#1256=EDGE_LOOP('',(#9023,#9024,#9025,#9026));
#1257=EDGE_LOOP('',(#9027,#9028,#9029,#9030));
#1258=EDGE_LOOP('',(#9031,#9032,#9033,#9034));
#1259=EDGE_LOOP('',(#9035,#9036,#9037,#9038));
#1260=EDGE_LOOP('',(#9039,#9040,#9041,#9042));
#1261=EDGE_LOOP('',(#9043,#9044,#9045,#9046));
#1262=EDGE_LOOP('',(#9047,#9048,#9049,#9050));
#1263=EDGE_LOOP('',(#9051,#9052,#9053,#9054));
#1264=EDGE_LOOP('',(#9055,#9056,#9057,#9058));
#1265=EDGE_LOOP('',(#9059,#9060,#9061,#9062));
#1266=EDGE_LOOP('',(#9063,#9064,#9065,#9066));
#1267=EDGE_LOOP('',(#9067,#9068,#9069,#9070));
#1268=EDGE_LOOP('',(#9071,#9072,#9073,#9074));
#1269=EDGE_LOOP('',(#9075,#9076,#9077,#9078));
#1270=EDGE_LOOP('',(#9079,#9080,#9081,#9082));
#1271=EDGE_LOOP('',(#9083,#9084,#9085,#9086));
#1272=EDGE_LOOP('',(#9087,#9088,#9089,#9090));
#1273=EDGE_LOOP('',(#9091,#9092,#9093,#9094));
#1274=EDGE_LOOP('',(#9095,#9096,#9097,#9098));
#1275=EDGE_LOOP('',(#9099,#9100,#9101,#9102));
#1276=EDGE_LOOP('',(#9103,#9104,#9105,#9106));
#1277=EDGE_LOOP('',(#9107,#9108,#9109,#9110));
#1278=EDGE_LOOP('',(#9111,#9112,#9113,#9114));
#1279=EDGE_LOOP('',(#9115,#9116,#9117,#9118));
#1280=EDGE_LOOP('',(#9119,#9120,#9121,#9122));
#1281=EDGE_LOOP('',(#9123,#9124,#9125,#9126));
#1282=EDGE_LOOP('',(#9127,#9128,#9129,#9130));
#1283=EDGE_LOOP('',(#9131,#9132,#9133,#9134));
#1284=EDGE_LOOP('',(#9135,#9136,#9137,#9138));
#1285=EDGE_LOOP('',(#9139,#9140,#9141,#9142));
#1286=EDGE_LOOP('',(#9143,#9144,#9145,#9146));
#1287=EDGE_LOOP('',(#9147,#9148,#9149,#9150));
#1288=EDGE_LOOP('',(#9151,#9152,#9153,#9154));
#1289=EDGE_LOOP('',(#9155,#9156,#9157,#9158));
#1290=EDGE_LOOP('',(#9159,#9160,#9161,#9162));
#1291=EDGE_LOOP('',(#9163,#9164,#9165,#9166));
#1292=EDGE_LOOP('',(#9167,#9168,#9169,#9170));
#1293=EDGE_LOOP('',(#9171,#9172,#9173,#9174));
#1294=EDGE_LOOP('',(#9175,#9176,#9177,#9178));
#1295=EDGE_LOOP('',(#9179,#9180,#9181,#9182));
#1296=EDGE_LOOP('',(#9183,#9184,#9185,#9186));
#1297=EDGE_LOOP('',(#9187,#9188,#9189,#9190));
#1298=EDGE_LOOP('',(#9191,#9192,#9193,#9194));
#1299=EDGE_LOOP('',(#9195,#9196,#9197,#9198));
#1300=EDGE_LOOP('',(#9199,#9200,#9201,#9202));
#1301=EDGE_LOOP('',(#9203,#9204,#9205,#9206));
#1302=EDGE_LOOP('',(#9207,#9208,#9209,#9210));
#1303=EDGE_LOOP('',(#9211,#9212,#9213,#9214));
#1304=EDGE_LOOP('',(#9215,#9216,#9217,#9218));
#1305=EDGE_LOOP('',(#9219,#9220,#9221,#9222));
#1306=EDGE_LOOP('',(#9223,#9224,#9225,#9226));
#1307=EDGE_LOOP('',(#9227,#9228,#9229,#9230));
#1308=EDGE_LOOP('',(#9231,#9232,#9233,#9234));
#1309=EDGE_LOOP('',(#9235,#9236,#9237,#9238));
#1310=EDGE_LOOP('',(#9239,#9240,#9241,#9242));
#1311=EDGE_LOOP('',(#9243,#9244,#9245,#9246));
#1312=EDGE_LOOP('',(#9247,#9248,#9249,#9250));
#1313=EDGE_LOOP('',(#9251,#9252,#9253,#9254));
#1314=EDGE_LOOP('',(#9255,#9256,#9257,#9258));
#1315=EDGE_LOOP('',(#9259,#9260,#9261,#9262));
#1316=EDGE_LOOP('',(#9263,#9264,#9265,#9266));
#1317=EDGE_LOOP('',(#9267,#9268,#9269,#9270));
#1318=EDGE_LOOP('',(#9271,#9272,#9273,#9274));
#1319=EDGE_LOOP('',(#9275,#9276,#9277,#9278));
#1320=EDGE_LOOP('',(#9279,#9280,#9281,#9282));
#1321=EDGE_LOOP('',(#9283,#9284,#9285,#9286));
#1322=EDGE_LOOP('',(#9287,#9288,#9289,#9290));
#1323=EDGE_LOOP('',(#9291,#9292,#9293,#9294));
#1324=EDGE_LOOP('',(#9295,#9296,#9297,#9298));
#1325=EDGE_LOOP('',(#9299,#9300,#9301,#9302));
#1326=EDGE_LOOP('',(#9303,#9304,#9305,#9306));
#1327=EDGE_LOOP('',(#9307,#9308,#9309,#9310));
#1328=EDGE_LOOP('',(#9311,#9312,#9313,#9314));
#1329=EDGE_LOOP('',(#9315,#9316,#9317,#9318));
#1330=EDGE_LOOP('',(#9319,#9320,#9321,#9322));
#1331=EDGE_LOOP('',(#9323,#9324,#9325,#9326));
#1332=EDGE_LOOP('',(#9327,#9328,#9329,#9330));
#1333=EDGE_LOOP('',(#9331,#9332,#9333,#9334));
#1334=EDGE_LOOP('',(#9335,#9336,#9337,#9338));
#1335=EDGE_LOOP('',(#9339,#9340,#9341,#9342));
#1336=EDGE_LOOP('',(#9343,#9344,#9345,#9346));
#1337=EDGE_LOOP('',(#9347,#9348,#9349,#9350));
#1338=EDGE_LOOP('',(#9351,#9352,#9353,#9354));
#1339=EDGE_LOOP('',(#9355,#9356,#9357,#9358));
#1340=EDGE_LOOP('',(#9359,#9360,#9361,#9362));
#1341=EDGE_LOOP('',(#9363,#9364,#9365,#9366));
#1342=EDGE_LOOP('',(#9367,#9368,#9369,#9370));
#1343=EDGE_LOOP('',(#9371,#9372,#9373,#9374));
#1344=EDGE_LOOP('',(#9375,#9376,#9377,#9378));
#1345=EDGE_LOOP('',(#9379,#9380,#9381,#9382));
#1346=EDGE_LOOP('',(#9383,#9384,#9385,#9386));
#1347=EDGE_LOOP('',(#9387,#9388,#9389,#9390));
#1348=EDGE_LOOP('',(#9391,#9392,#9393,#9394));
#1349=EDGE_LOOP('',(#9395,#9396,#9397,#9398));
#1350=EDGE_LOOP('',(#9399,#9400,#9401,#9402));
#1351=EDGE_LOOP('',(#9403,#9404,#9405,#9406));
#1352=EDGE_LOOP('',(#9407,#9408,#9409,#9410));
#1353=EDGE_LOOP('',(#9411,#9412,#9413,#9414));
#1354=EDGE_LOOP('',(#9415,#9416,#9417,#9418));
#1355=EDGE_LOOP('',(#9419,#9420,#9421,#9422));
#1356=EDGE_LOOP('',(#9423,#9424,#9425,#9426));
#1357=EDGE_LOOP('',(#9427,#9428,#9429,#9430));
#1358=EDGE_LOOP('',(#9431,#9432,#9433,#9434));
#1359=EDGE_LOOP('',(#9435,#9436,#9437,#9438));
#1360=EDGE_LOOP('',(#9439,#9440,#9441,#9442));
#1361=EDGE_LOOP('',(#9443,#9444,#9445,#9446));
#1362=EDGE_LOOP('',(#9447,#9448,#9449,#9450));
#1363=EDGE_LOOP('',(#9451,#9452,#9453,#9454));
#1364=EDGE_LOOP('',(#9455,#9456,#9457,#9458));
#1365=EDGE_LOOP('',(#9459,#9460,#9461,#9462));
#1366=EDGE_LOOP('',(#9463,#9464,#9465,#9466));
#1367=EDGE_LOOP('',(#9467,#9468,#9469,#9470));
#1368=EDGE_LOOP('',(#9471,#9472,#9473,#9474));
#1369=EDGE_LOOP('',(#9475,#9476,#9477,#9478));
#1370=EDGE_LOOP('',(#9479,#9480,#9481,#9482));
#1371=EDGE_LOOP('',(#9483,#9484,#9485,#9486));
#1372=EDGE_LOOP('',(#9487,#9488,#9489,#9490));
#1373=EDGE_LOOP('',(#9491,#9492,#9493,#9494));
#1374=EDGE_LOOP('',(#9495,#9496,#9497,#9498));
#1375=EDGE_LOOP('',(#9499,#9500,#9501,#9502));
#1376=EDGE_LOOP('',(#9503,#9504,#9505,#9506));
#1377=EDGE_LOOP('',(#9507,#9508,#9509,#9510));
#1378=EDGE_LOOP('',(#9511,#9512,#9513,#9514));
#1379=EDGE_LOOP('',(#9515,#9516,#9517,#9518));
#1380=EDGE_LOOP('',(#9519,#9520,#9521,#9522));
#1381=EDGE_LOOP('',(#9523,#9524,#9525,#9526));
#1382=EDGE_LOOP('',(#9527,#9528,#9529,#9530));
#1383=EDGE_LOOP('',(#9531,#9532,#9533,#9534));
#1384=EDGE_LOOP('',(#9535,#9536,#9537,#9538));
#1385=EDGE_LOOP('',(#9539,#9540,#9541,#9542));
#1386=EDGE_LOOP('',(#9543,#9544,#9545,#9546));
#1387=EDGE_LOOP('',(#9547,#9548,#9549,#9550));
#1388=EDGE_LOOP('',(#9551,#9552,#9553,#9554));
#1389=EDGE_LOOP('',(#9555,#9556,#9557,#9558));
#1390=EDGE_LOOP('',(#9559,#9560,#9561,#9562));
#1391=EDGE_LOOP('',(#9563,#9564,#9565,#9566));
#1392=EDGE_LOOP('',(#9567,#9568,#9569,#9570));
#1393=EDGE_LOOP('',(#9571,#9572,#9573,#9574));
#1394=EDGE_LOOP('',(#9575,#9576,#9577,#9578));
#1395=EDGE_LOOP('',(#9579,#9580,#9581,#9582));
#1396=EDGE_LOOP('',(#9583,#9584,#9585,#9586));
#1397=EDGE_LOOP('',(#9587,#9588,#9589,#9590));
#1398=EDGE_LOOP('',(#9591,#9592,#9593,#9594));
#1399=EDGE_LOOP('',(#9595,#9596,#9597,#9598));
#1400=EDGE_LOOP('',(#9599,#9600,#9601,#9602));
#1401=EDGE_LOOP('',(#9603,#9604,#9605,#9606));
#1402=EDGE_LOOP('',(#9607,#9608,#9609,#9610));
#1403=EDGE_LOOP('',(#9611,#9612,#9613,#9614));
#1404=EDGE_LOOP('',(#9615,#9616,#9617,#9618));
#1405=EDGE_LOOP('',(#9619,#9620,#9621,#9622));
#1406=EDGE_LOOP('',(#9623,#9624,#9625,#9626));
#1407=EDGE_LOOP('',(#9627,#9628,#9629,#9630));
#1408=EDGE_LOOP('',(#9631,#9632,#9633,#9634));
#1409=EDGE_LOOP('',(#9635,#9636,#9637,#9638));
#1410=EDGE_LOOP('',(#9639,#9640,#9641,#9642));
#1411=EDGE_LOOP('',(#9643,#9644,#9645,#9646));
#1412=EDGE_LOOP('',(#9647,#9648,#9649,#9650));
#1413=EDGE_LOOP('',(#9651,#9652,#9653,#9654));
#1414=EDGE_LOOP('',(#9655,#9656,#9657,#9658));
#1415=EDGE_LOOP('',(#9659,#9660,#9661,#9662));
#1416=EDGE_LOOP('',(#9663,#9664,#9665,#9666));
#1417=EDGE_LOOP('',(#9667,#9668,#9669,#9670));
#1418=EDGE_LOOP('',(#9671,#9672,#9673,#9674));
#1419=EDGE_LOOP('',(#9675,#9676,#9677,#9678));
#1420=EDGE_LOOP('',(#9679,#9680,#9681,#9682));
#1421=EDGE_LOOP('',(#9683,#9684,#9685,#9686));
#1422=EDGE_LOOP('',(#9687,#9688,#9689,#9690));
#1423=EDGE_LOOP('',(#9691,#9692,#9693,#9694));
#1424=EDGE_LOOP('',(#9695,#9696,#9697,#9698));
#1425=EDGE_LOOP('',(#9699,#9700,#9701,#9702));
#1426=EDGE_LOOP('',(#9703,#9704,#9705,#9706));
#1427=EDGE_LOOP('',(#9707,#9708,#9709,#9710));
#1428=EDGE_LOOP('',(#9711,#9712,#9713,#9714));
#1429=EDGE_LOOP('',(#9715,#9716,#9717,#9718));
#1430=EDGE_LOOP('',(#9719,#9720,#9721,#9722));
#1431=EDGE_LOOP('',(#9723,#9724,#9725,#9726));
#1432=EDGE_LOOP('',(#9727,#9728,#9729,#9730));
#1433=EDGE_LOOP('',(#9731,#9732,#9733,#9734));
#1434=EDGE_LOOP('',(#9735,#9736,#9737,#9738));
#1435=EDGE_LOOP('',(#9739,#9740,#9741,#9742));
#1436=EDGE_LOOP('',(#9743,#9744,#9745,#9746));
#1437=EDGE_LOOP('',(#9747,#9748,#9749,#9750));
#1438=EDGE_LOOP('',(#9751,#9752,#9753,#9754));
#1439=EDGE_LOOP('',(#9755,#9756,#9757,#9758));
#1440=EDGE_LOOP('',(#9759,#9760,#9761,#9762));
#1441=EDGE_LOOP('',(#9763,#9764,#9765,#9766));
#1442=EDGE_LOOP('',(#9767,#9768,#9769,#9770));
#1443=EDGE_LOOP('',(#9771,#9772,#9773,#9774));
#1444=EDGE_LOOP('',(#9775,#9776,#9777,#9778));
#1445=EDGE_LOOP('',(#9779,#9780,#9781,#9782));
#1446=EDGE_LOOP('',(#9783,#9784,#9785,#9786));
#1447=EDGE_LOOP('',(#9787,#9788,#9789,#9790));
#1448=EDGE_LOOP('',(#9791,#9792,#9793,#9794));
#1449=EDGE_LOOP('',(#9795,#9796,#9797,#9798));
#1450=EDGE_LOOP('',(#9799,#9800,#9801,#9802));
#1451=EDGE_LOOP('',(#9803,#9804,#9805,#9806));
#1452=EDGE_LOOP('',(#9807,#9808,#9809,#9810));
#1453=EDGE_LOOP('',(#9811,#9812,#9813,#9814));
#1454=EDGE_LOOP('',(#9815,#9816,#9817,#9818));
#1455=EDGE_LOOP('',(#9819,#9820,#9821,#9822));
#1456=EDGE_LOOP('',(#9823,#9824,#9825,#9826));
#1457=EDGE_LOOP('',(#9827,#9828,#9829,#9830));
#1458=EDGE_LOOP('',(#9831,#9832,#9833,#9834));
#1459=EDGE_LOOP('',(#9835,#9836,#9837,#9838));
#1460=EDGE_LOOP('',(#9839,#9840,#9841,#9842));
#1461=EDGE_LOOP('',(#9843,#9844,#9845,#9846));
#1462=EDGE_LOOP('',(#9847,#9848,#9849,#9850));
#1463=EDGE_LOOP('',(#9851,#9852,#9853,#9854));
#1464=EDGE_LOOP('',(#9855,#9856,#9857,#9858));
#1465=EDGE_LOOP('',(#9859,#9860,#9861,#9862));
#1466=EDGE_LOOP('',(#9863,#9864,#9865,#9866));
#1467=EDGE_LOOP('',(#9867,#9868,#9869,#9870));
#1468=EDGE_LOOP('',(#9871,#9872,#9873,#9874));
#1469=EDGE_LOOP('',(#9875,#9876,#9877,#9878));
#1470=EDGE_LOOP('',(#9879,#9880,#9881,#9882));
#1471=EDGE_LOOP('',(#9883,#9884,#9885,#9886));
#1472=EDGE_LOOP('',(#9887,#9888,#9889,#9890));
#1473=EDGE_LOOP('',(#9891,#9892,#9893,#9894));
#1474=EDGE_LOOP('',(#9895,#9896,#9897,#9898));
#1475=EDGE_LOOP('',(#9899,#9900,#9901,#9902));
#1476=EDGE_LOOP('',(#9903,#9904,#9905,#9906));
#1477=EDGE_LOOP('',(#9907,#9908,#9909,#9910));
#1478=EDGE_LOOP('',(#9911,#9912,#9913,#9914));
#1479=EDGE_LOOP('',(#9915,#9916,#9917,#9918));
#1480=EDGE_LOOP('',(#9919,#9920,#9921,#9922));
#1481=EDGE_LOOP('',(#9923,#9924,#9925,#9926));
#1482=EDGE_LOOP('',(#9927,#9928,#9929,#9930));
#1483=EDGE_LOOP('',(#9931,#9932,#9933,#9934));
#1484=EDGE_LOOP('',(#9935,#9936,#9937,#9938));
#1485=EDGE_LOOP('',(#9939,#9940,#9941,#9942));
#1486=EDGE_LOOP('',(#9943,#9944,#9945,#9946));
#1487=EDGE_LOOP('',(#9947,#9948,#9949,#9950));
#1488=EDGE_LOOP('',(#9951,#9952,#9953,#9954));
#1489=EDGE_LOOP('',(#9955,#9956,#9957,#9958));
#1490=EDGE_LOOP('',(#9959,#9960,#9961,#9962));
#1491=EDGE_LOOP('',(#9963,#9964,#9965,#9966));
#1492=EDGE_LOOP('',(#9967,#9968,#9969,#9970));
#1493=EDGE_LOOP('',(#9971,#9972,#9973,#9974));
#1494=EDGE_LOOP('',(#9975,#9976,#9977,#9978));
#1495=EDGE_LOOP('',(#9979,#9980,#9981,#9982));
#1496=EDGE_LOOP('',(#9983,#9984,#9985,#9986));
#1497=EDGE_LOOP('',(#9987,#9988,#9989,#9990));
#1498=EDGE_LOOP('',(#9991,#9992,#9993,#9994));
#1499=EDGE_LOOP('',(#9995,#9996,#9997,#9998));
#1500=EDGE_LOOP('',(#9999,#10000,#10001,#10002));
#1501=EDGE_LOOP('',(#10003,#10004,#10005,#10006));
#1502=EDGE_LOOP('',(#10007,#10008,#10009,#10010));
#1503=EDGE_LOOP('',(#10011,#10012,#10013,#10014));
#1504=EDGE_LOOP('',(#10015,#10016,#10017,#10018));
#1505=EDGE_LOOP('',(#10019,#10020,#10021,#10022));
#1506=EDGE_LOOP('',(#10023,#10024,#10025,#10026));
#1507=EDGE_LOOP('',(#10027,#10028,#10029,#10030));
#1508=EDGE_LOOP('',(#10031,#10032,#10033,#10034));
#1509=EDGE_LOOP('',(#10035,#10036,#10037,#10038));
#1510=EDGE_LOOP('',(#10039,#10040,#10041,#10042));
#1511=EDGE_LOOP('',(#10043,#10044,#10045,#10046));
#1512=EDGE_LOOP('',(#10047,#10048,#10049,#10050));
#1513=EDGE_LOOP('',(#10051,#10052,#10053,#10054));
#1514=EDGE_LOOP('',(#10055,#10056,#10057,#10058));
#1515=EDGE_LOOP('',(#10059,#10060,#10061,#10062));
#1516=EDGE_LOOP('',(#10063,#10064,#10065,#10066));
#1517=EDGE_LOOP('',(#10067,#10068,#10069,#10070));
#1518=EDGE_LOOP('',(#10071,#10072,#10073,#10074));
#1519=EDGE_LOOP('',(#10075,#10076,#10077,#10078));
#1520=EDGE_LOOP('',(#10079,#10080,#10081,#10082));
#1521=EDGE_LOOP('',(#10083,#10084,#10085,#10086));
#1522=EDGE_LOOP('',(#10087,#10088,#10089,#10090));
#1523=EDGE_LOOP('',(#10091,#10092,#10093,#10094));
#1524=EDGE_LOOP('',(#10095,#10096,#10097,#10098));
#1525=EDGE_LOOP('',(#10099,#10100,#10101,#10102));
#1526=EDGE_LOOP('',(#10103,#10104,#10105,#10106));
#1527=EDGE_LOOP('',(#10107,#10108,#10109,#10110));
#1528=EDGE_LOOP('',(#10111,#10112,#10113,#10114));
#1529=EDGE_LOOP('',(#10115,#10116,#10117,#10118));
#1530=EDGE_LOOP('',(#10119,#10120,#10121,#10122));
#1531=EDGE_LOOP('',(#10123,#10124,#10125,#10126));
#1532=EDGE_LOOP('',(#10127,#10128,#10129,#10130));
#1533=EDGE_LOOP('',(#10131,#10132,#10133,#10134));
#1534=EDGE_LOOP('',(#10135,#10136,#10137,#10138));
#1535=EDGE_LOOP('',(#10139,#10140,#10141,#10142));
#1536=EDGE_LOOP('',(#10143,#10144,#10145,#10146));
#1537=EDGE_LOOP('',(#10147,#10148,#10149,#10150));
#1538=EDGE_LOOP('',(#10151,#10152,#10153,#10154));
#1539=EDGE_LOOP('',(#10155,#10156,#10157,#10158));
#1540=EDGE_LOOP('',(#10159,#10160,#10161,#10162));
#1541=EDGE_LOOP('',(#10163,#10164,#10165,#10166));
#1542=EDGE_LOOP('',(#10167,#10168,#10169,#10170));
#1543=EDGE_LOOP('',(#10171,#10172,#10173,#10174));
#1544=EDGE_LOOP('',(#10175,#10176,#10177,#10178));
#1545=EDGE_LOOP('',(#10179,#10180,#10181,#10182));
#1546=EDGE_LOOP('',(#10183,#10184,#10185,#10186));
#1547=EDGE_LOOP('',(#10187,#10188,#10189,#10190));
#1548=EDGE_LOOP('',(#10191,#10192,#10193,#10194));
#1549=EDGE_LOOP('',(#10195,#10196,#10197,#10198));
#1550=EDGE_LOOP('',(#10199,#10200,#10201,#10202));
#1551=EDGE_LOOP('',(#10203,#10204,#10205,#10206));
#1552=EDGE_LOOP('',(#10207,#10208,#10209,#10210));
#1553=EDGE_LOOP('',(#10211,#10212,#10213,#10214));
#1554=EDGE_LOOP('',(#10215,#10216,#10217,#10218));
#1555=EDGE_LOOP('',(#10219,#10220,#10221,#10222));
#1556=EDGE_LOOP('',(#10223,#10224,#10225,#10226));
#1557=EDGE_LOOP('',(#10227,#10228,#10229,#10230));
#1558=EDGE_LOOP('',(#10231,#10232,#10233,#10234));
#1559=EDGE_LOOP('',(#10235,#10236,#10237,#10238));
#1560=EDGE_LOOP('',(#10239,#10240,#10241,#10242));
#1561=EDGE_LOOP('',(#10243,#10244,#10245,#10246));
#1562=EDGE_LOOP('',(#10247,#10248,#10249,#10250));
#1563=EDGE_LOOP('',(#10251,#10252,#10253,#10254));
#1564=EDGE_LOOP('',(#10255,#10256,#10257,#10258));
#1565=EDGE_LOOP('',(#10259,#10260,#10261,#10262));
#1566=EDGE_LOOP('',(#10263,#10264,#10265,#10266));
#1567=EDGE_LOOP('',(#10267,#10268,#10269,#10270));
#1568=EDGE_LOOP('',(#10271,#10272,#10273,#10274));
#1569=EDGE_LOOP('',(#10275,#10276,#10277,#10278));
#1570=EDGE_LOOP('',(#10279,#10280,#10281,#10282));
#1571=EDGE_LOOP('',(#10283,#10284,#10285,#10286));
#1572=EDGE_LOOP('',(#10287,#10288,#10289,#10290));
#1573=EDGE_LOOP('',(#10291,#10292,#10293,#10294));
#1574=EDGE_LOOP('',(#10295,#10296,#10297,#10298));
#1575=EDGE_LOOP('',(#10299,#10300,#10301,#10302));
#1576=EDGE_LOOP('',(#10303,#10304,#10305,#10306));
#1577=EDGE_LOOP('',(#10307,#10308,#10309,#10310));
#1578=EDGE_LOOP('',(#10311,#10312,#10313,#10314));
#1579=EDGE_LOOP('',(#10315,#10316,#10317,#10318));
#1580=EDGE_LOOP('',(#10319,#10320,#10321,#10322));
#1581=EDGE_LOOP('',(#10323,#10324,#10325,#10326));
#1582=EDGE_LOOP('',(#10327,#10328,#10329,#10330));
#1583=EDGE_LOOP('',(#10331,#10332,#10333,#10334));
#1584=EDGE_LOOP('',(#10335,#10336,#10337,#10338));
#1585=EDGE_LOOP('',(#10339,#10340,#10341,#10342));
#1586=EDGE_LOOP('',(#10343,#10344,#10345,#10346));
#1587=EDGE_LOOP('',(#10347,#10348,#10349,#10350));
#1588=EDGE_LOOP('',(#10351,#10352,#10353,#10354));
#1589=EDGE_LOOP('',(#10355,#10356,#10357,#10358));
#1590=EDGE_LOOP('',(#10359,#10360,#10361,#10362));
#1591=EDGE_LOOP('',(#10363,#10364,#10365,#10366));
#1592=EDGE_LOOP('',(#10367,#10368,#10369,#10370));
#1593=EDGE_LOOP('',(#10371,#10372,#10373,#10374));
#1594=EDGE_LOOP('',(#10375,#10376,#10377,#10378));
#1595=EDGE_LOOP('',(#10379,#10380,#10381,#10382));
#1596=EDGE_LOOP('',(#10383,#10384,#10385,#10386));
#1597=EDGE_LOOP('',(#10387,#10388,#10389,#10390));
#1598=EDGE_LOOP('',(#10391,#10392,#10393,#10394));
#1599=EDGE_LOOP('',(#10395,#10396,#10397,#10398));
#1600=EDGE_LOOP('',(#10399,#10400,#10401,#10402));
#1601=EDGE_LOOP('',(#10403,#10404,#10405,#10406));
#1602=EDGE_LOOP('',(#10407,#10408,#10409,#10410));
#1603=EDGE_LOOP('',(#10411,#10412,#10413,#10414));
#1604=EDGE_LOOP('',(#10415,#10416,#10417,#10418));
#1605=EDGE_LOOP('',(#10419,#10420,#10421,#10422));
#1606=EDGE_LOOP('',(#10423,#10424,#10425,#10426));
#1607=EDGE_LOOP('',(#10427,#10428,#10429,#10430));
#1608=EDGE_LOOP('',(#10431,#10432,#10433,#10434));
#1609=EDGE_LOOP('',(#10435,#10436,#10437,#10438));
#1610=EDGE_LOOP('',(#10439,#10440,#10441,#10442));
#1611=EDGE_LOOP('',(#10443,#10444,#10445,#10446));
#1612=EDGE_LOOP('',(#10447,#10448,#10449,#10450));
#1613=EDGE_LOOP('',(#10451,#10452,#10453,#10454));
#1614=EDGE_LOOP('',(#10455,#10456,#10457,#10458));
#1615=EDGE_LOOP('',(#10459,#10460,#10461,#10462));
#1616=EDGE_LOOP('',(#10463,#10464,#10465,#10466));
#1617=EDGE_LOOP('',(#10467,#10468,#10469,#10470));
#1618=EDGE_LOOP('',(#10471,#10472,#10473,#10474));
#1619=EDGE_LOOP('',(#10475,#10476,#10477,#10478));
#1620=EDGE_LOOP('',(#10479,#10480,#10481,#10482));
#1621=EDGE_LOOP('',(#10483,#10484,#10485,#10486));
#1622=EDGE_LOOP('',(#10487,#10488,#10489,#10490));
#1623=EDGE_LOOP('',(#10491,#10492,#10493,#10494));
#1624=EDGE_LOOP('',(#10495,#10496,#10497,#10498));
#1625=EDGE_LOOP('',(#10499,#10500,#10501,#10502));
#1626=EDGE_LOOP('',(#10503,#10504,#10505,#10506));
#1627=EDGE_LOOP('',(#10507,#10508,#10509,#10510));
#1628=EDGE_LOOP('',(#10511,#10512,#10513,#10514));
#1629=EDGE_LOOP('',(#10515,#10516,#10517,#10518));
#1630=EDGE_LOOP('',(#10519,#10520,#10521,#10522));
#1631=EDGE_LOOP('',(#10523,#10524,#10525,#10526));
#1632=EDGE_LOOP('',(#10527,#10528,#10529,#10530));
#1633=EDGE_LOOP('',(#10531,#10532,#10533,#10534));
#1634=EDGE_LOOP('',(#10535,#10536,#10537,#10538));
#1635=EDGE_LOOP('',(#10539,#10540,#10541,#10542));
#1636=EDGE_LOOP('',(#10543,#10544,#10545,#10546));
#1637=EDGE_LOOP('',(#10547,#10548,#10549,#10550));
#1638=EDGE_LOOP('',(#10551,#10552,#10553,#10554));
#1639=EDGE_LOOP('',(#10555,#10556,#10557,#10558));
#1640=EDGE_LOOP('',(#10559,#10560,#10561,#10562));
#1641=EDGE_LOOP('',(#10563,#10564,#10565,#10566));
#1642=EDGE_LOOP('',(#10567,#10568,#10569,#10570));
#1643=EDGE_LOOP('',(#10571,#10572,#10573,#10574));
#1644=EDGE_LOOP('',(#10575,#10576,#10577,#10578));
#1645=EDGE_LOOP('',(#10579,#10580,#10581,#10582));
#1646=EDGE_LOOP('',(#10583,#10584,#10585,#10586));
#1647=EDGE_LOOP('',(#10587,#10588,#10589,#10590));
#1648=EDGE_LOOP('',(#10591,#10592,#10593,#10594));
#1649=EDGE_LOOP('',(#10595,#10596,#10597,#10598));
#1650=EDGE_LOOP('',(#10599,#10600,#10601,#10602));
#1651=EDGE_LOOP('',(#10603,#10604,#10605,#10606));
#1652=EDGE_LOOP('',(#10607,#10608,#10609,#10610));
#1653=EDGE_LOOP('',(#10611,#10612,#10613,#10614));
#1654=EDGE_LOOP('',(#10615,#10616,#10617,#10618));
#1655=EDGE_LOOP('',(#10619,#10620,#10621,#10622));
#1656=EDGE_LOOP('',(#10623,#10624,#10625,#10626));
#1657=EDGE_LOOP('',(#10627,#10628,#10629,#10630));
#1658=EDGE_LOOP('',(#10631,#10632,#10633,#10634));
#1659=EDGE_LOOP('',(#10635,#10636,#10637,#10638));
#1660=EDGE_LOOP('',(#10639,#10640,#10641,#10642));
#1661=EDGE_LOOP('',(#10643,#10644,#10645,#10646));
#1662=EDGE_LOOP('',(#10647,#10648,#10649,#10650));
#1663=EDGE_LOOP('',(#10651,#10652,#10653,#10654));
#1664=EDGE_LOOP('',(#10655,#10656,#10657,#10658));
#1665=EDGE_LOOP('',(#10659,#10660,#10661,#10662));
#1666=EDGE_LOOP('',(#10663,#10664,#10665,#10666));
#1667=EDGE_LOOP('',(#10667,#10668,#10669,#10670));
#1668=EDGE_LOOP('',(#10671,#10672,#10673,#10674));
#1669=EDGE_LOOP('',(#10675,#10676,#10677,#10678));
#1670=EDGE_LOOP('',(#10679,#10680,#10681,#10682));
#1671=EDGE_LOOP('',(#10683,#10684,#10685,#10686));
#1672=EDGE_LOOP('',(#10687,#10688,#10689,#10690));
#1673=EDGE_LOOP('',(#10691,#10692,#10693,#10694));
#1674=EDGE_LOOP('',(#10695,#10696,#10697,#10698));
#1675=EDGE_LOOP('',(#10699,#10700,#10701,#10702));
#1676=EDGE_LOOP('',(#10703,#10704,#10705,#10706));
#1677=EDGE_LOOP('',(#10707,#10708,#10709,#10710));
#1678=EDGE_LOOP('',(#10711,#10712,#10713,#10714));
#1679=EDGE_LOOP('',(#10715,#10716,#10717,#10718));
#1680=LINE('',#14832,#3173);
#1681=LINE('',#14835,#3174);
#1682=LINE('',#14838,#3175);
#1683=LINE('',#14840,#3176);
#1684=LINE('',#14841,#3177);
#1685=LINE('',#14847,#3178);
#1686=LINE('',#14850,#3179);
#1687=LINE('',#14859,#3180);
#1688=LINE('',#14862,#3181);
#1689=LINE('',#14867,#3182);
#1690=LINE('',#14874,#3183);
#1691=LINE('',#14880,#3184);
#1692=LINE('',#14883,#3185);
#1693=LINE('',#14886,#3186);
#1694=LINE('',#14888,#3187);
#1695=LINE('',#14889,#3188);
#1696=LINE('',#14895,#3189);
#1697=LINE('',#14898,#3190);
#1698=LINE('',#14901,#3191);
#1699=LINE('',#14903,#3192);
#1700=LINE('',#14904,#3193);
#1701=LINE('',#14910,#3194);
#1702=LINE('',#14913,#3195);
#1703=LINE('',#14916,#3196);
#1704=LINE('',#14918,#3197);
#1705=LINE('',#14919,#3198);
#1706=LINE('',#14924,#3199);
#1707=LINE('',#14928,#3200);
#1708=LINE('',#14930,#3201);
#1709=LINE('',#14931,#3202);
#1710=LINE('',#14935,#3203);
#1711=LINE('',#14939,#3204);
#1712=LINE('',#14943,#3205);
#1713=LINE('',#14947,#3206);
#1714=LINE('',#14955,#3207);
#1715=LINE('',#14959,#3208);
#1716=LINE('',#14962,#3209);
#1717=LINE('',#14965,#3210);
#1718=LINE('',#14968,#3211);
#1719=LINE('',#14970,#3212);
#1720=LINE('',#14972,#3213);
#1721=LINE('',#14974,#3214);
#1722=LINE('',#14976,#3215);
#1723=LINE('',#14978,#3216);
#1724=LINE('',#14980,#3217);
#1725=LINE('',#14982,#3218);
#1726=LINE('',#14984,#3219);
#1727=LINE('',#14986,#3220);
#1728=LINE('',#14988,#3221);
#1729=LINE('',#14990,#3222);
#1730=LINE('',#14992,#3223);
#1731=LINE('',#14994,#3224);
#1732=LINE('',#14996,#3225);
#1733=LINE('',#14998,#3226);
#1734=LINE('',#15000,#3227);
#1735=LINE('',#15002,#3228);
#1736=LINE('',#15004,#3229);
#1737=LINE('',#15006,#3230);
#1738=LINE('',#15008,#3231);
#1739=LINE('',#15010,#3232);
#1740=LINE('',#15012,#3233);
#1741=LINE('',#15014,#3234);
#1742=LINE('',#15016,#3235);
#1743=LINE('',#15018,#3236);
#1744=LINE('',#15020,#3237);
#1745=LINE('',#15022,#3238);
#1746=LINE('',#15024,#3239);
#1747=LINE('',#15026,#3240);
#1748=LINE('',#15028,#3241);
#1749=LINE('',#15030,#3242);
#1750=LINE('',#15032,#3243);
#1751=LINE('',#15034,#3244);
#1752=LINE('',#15036,#3245);
#1753=LINE('',#15038,#3246);
#1754=LINE('',#15040,#3247);
#1755=LINE('',#15042,#3248);
#1756=LINE('',#15044,#3249);
#1757=LINE('',#15046,#3250);
#1758=LINE('',#15048,#3251);
#1759=LINE('',#15052,#3252);
#1760=LINE('',#15056,#3253);
#1761=LINE('',#15064,#3254);
#1762=LINE('',#15068,#3255);
#1763=LINE('',#15072,#3256);
#1764=LINE('',#15076,#3257);
#1765=LINE('',#15080,#3258);
#1766=LINE('',#15088,#3259);
#1767=LINE('',#15092,#3260);
#1768=LINE('',#15096,#3261);
#1769=LINE('',#15098,#3262);
#1770=LINE('',#15100,#3263);
#1771=LINE('',#15102,#3264);
#1772=LINE('',#15104,#3265);
#1773=LINE('',#15106,#3266);
#1774=LINE('',#15108,#3267);
#1775=LINE('',#15110,#3268);
#1776=LINE('',#15112,#3269);
#1777=LINE('',#15114,#3270);
#1778=LINE('',#15116,#3271);
#1779=LINE('',#15118,#3272);
#1780=LINE('',#15120,#3273);
#1781=LINE('',#15122,#3274);
#1782=LINE('',#15124,#3275);
#1783=LINE('',#15126,#3276);
#1784=LINE('',#15128,#3277);
#1785=LINE('',#15130,#3278);
#1786=LINE('',#15132,#3279);
#1787=LINE('',#15134,#3280);
#1788=LINE('',#15136,#3281);
#1789=LINE('',#15138,#3282);
#1790=LINE('',#15140,#3283);
#1791=LINE('',#15142,#3284);
#1792=LINE('',#15144,#3285);
#1793=LINE('',#15146,#3286);
#1794=LINE('',#15148,#3287);
#1795=LINE('',#15150,#3288);
#1796=LINE('',#15152,#3289);
#1797=LINE('',#15154,#3290);
#1798=LINE('',#15156,#3291);
#1799=LINE('',#15158,#3292);
#1800=LINE('',#15160,#3293);
#1801=LINE('',#15162,#3294);
#1802=LINE('',#15164,#3295);
#1803=LINE('',#15166,#3296);
#1804=LINE('',#15168,#3297);
#1805=LINE('',#15170,#3298);
#1806=LINE('',#15172,#3299);
#1807=LINE('',#15174,#3300);
#1808=LINE('',#15176,#3301);
#1809=LINE('',#15178,#3302);
#1810=LINE('',#15180,#3303);
#1811=LINE('',#15182,#3304);
#1812=LINE('',#15186,#3305);
#1813=LINE('',#15188,#3306);
#1814=LINE('',#15190,#3307);
#1815=LINE('',#15192,#3308);
#1816=LINE('',#15194,#3309);
#1817=LINE('',#15196,#3310);
#1818=LINE('',#15198,#3311);
#1819=LINE('',#15200,#3312);
#1820=LINE('',#15202,#3313);
#1821=LINE('',#15204,#3314);
#1822=LINE('',#15206,#3315);
#1823=LINE('',#15208,#3316);
#1824=LINE('',#15210,#3317);
#1825=LINE('',#15212,#3318);
#1826=LINE('',#15214,#3319);
#1827=LINE('',#15216,#3320);
#1828=LINE('',#15218,#3321);
#1829=LINE('',#15220,#3322);
#1830=LINE('',#15222,#3323);
#1831=LINE('',#15223,#3324);
#1832=LINE('',#15226,#3325);
#1833=LINE('',#15228,#3326);
#1834=LINE('',#15230,#3327);
#1835=LINE('',#15232,#3328);
#1836=LINE('',#15234,#3329);
#1837=LINE('',#15236,#3330);
#1838=LINE('',#15238,#3331);
#1839=LINE('',#15240,#3332);
#1840=LINE('',#15242,#3333);
#1841=LINE('',#15244,#3334);
#1842=LINE('',#15246,#3335);
#1843=LINE('',#15248,#3336);
#1844=LINE('',#15250,#3337);
#1845=LINE('',#15252,#3338);
#1846=LINE('',#15254,#3339);
#1847=LINE('',#15256,#3340);
#1848=LINE('',#15258,#3341);
#1849=LINE('',#15260,#3342);
#1850=LINE('',#15262,#3343);
#1851=LINE('',#15263,#3344);
#1852=LINE('',#15266,#3345);
#1853=LINE('',#15268,#3346);
#1854=LINE('',#15270,#3347);
#1855=LINE('',#15272,#3348);
#1856=LINE('',#15274,#3349);
#1857=LINE('',#15276,#3350);
#1858=LINE('',#15278,#3351);
#1859=LINE('',#15280,#3352);
#1860=LINE('',#15282,#3353);
#1861=LINE('',#15284,#3354);
#1862=LINE('',#15286,#3355);
#1863=LINE('',#15288,#3356);
#1864=LINE('',#15290,#3357);
#1865=LINE('',#15292,#3358);
#1866=LINE('',#15294,#3359);
#1867=LINE('',#15296,#3360);
#1868=LINE('',#15298,#3361);
#1869=LINE('',#15300,#3362);
#1870=LINE('',#15302,#3363);
#1871=LINE('',#15303,#3364);
#1872=LINE('',#15306,#3365);
#1873=LINE('',#15308,#3366);
#1874=LINE('',#15310,#3367);
#1875=LINE('',#15312,#3368);
#1876=LINE('',#15314,#3369);
#1877=LINE('',#15316,#3370);
#1878=LINE('',#15318,#3371);
#1879=LINE('',#15320,#3372);
#1880=LINE('',#15322,#3373);
#1881=LINE('',#15324,#3374);
#1882=LINE('',#15326,#3375);
#1883=LINE('',#15328,#3376);
#1884=LINE('',#15330,#3377);
#1885=LINE('',#15332,#3378);
#1886=LINE('',#15334,#3379);
#1887=LINE('',#15336,#3380);
#1888=LINE('',#15338,#3381);
#1889=LINE('',#15340,#3382);
#1890=LINE('',#15342,#3383);
#1891=LINE('',#15343,#3384);
#1892=LINE('',#15346,#3385);
#1893=LINE('',#15348,#3386);
#1894=LINE('',#15350,#3387);
#1895=LINE('',#15352,#3388);
#1896=LINE('',#15354,#3389);
#1897=LINE('',#15356,#3390);
#1898=LINE('',#15358,#3391);
#1899=LINE('',#15360,#3392);
#1900=LINE('',#15362,#3393);
#1901=LINE('',#15364,#3394);
#1902=LINE('',#15366,#3395);
#1903=LINE('',#15368,#3396);
#1904=LINE('',#15370,#3397);
#1905=LINE('',#15372,#3398);
#1906=LINE('',#15374,#3399);
#1907=LINE('',#15376,#3400);
#1908=LINE('',#15378,#3401);
#1909=LINE('',#15380,#3402);
#1910=LINE('',#15382,#3403);
#1911=LINE('',#15383,#3404);
#1912=LINE('',#15388,#3405);
#1913=LINE('',#15390,#3406);
#1914=LINE('',#15392,#3407);
#1915=LINE('',#15394,#3408);
#1916=LINE('',#15396,#3409);
#1917=LINE('',#15398,#3410);
#1918=LINE('',#15400,#3411);
#1919=LINE('',#15402,#3412);
#1920=LINE('',#15404,#3413);
#1921=LINE('',#15406,#3414);
#1922=LINE('',#15408,#3415);
#1923=LINE('',#15410,#3416);
#1924=LINE('',#15412,#3417);
#1925=LINE('',#15414,#3418);
#1926=LINE('',#15416,#3419);
#1927=LINE('',#15418,#3420);
#1928=LINE('',#15420,#3421);
#1929=LINE('',#15422,#3422);
#1930=LINE('',#15424,#3423);
#1931=LINE('',#15425,#3424);
#1932=LINE('',#15430,#3425);
#1933=LINE('',#15432,#3426);
#1934=LINE('',#15434,#3427);
#1935=LINE('',#15436,#3428);
#1936=LINE('',#15438,#3429);
#1937=LINE('',#15440,#3430);
#1938=LINE('',#15442,#3431);
#1939=LINE('',#15444,#3432);
#1940=LINE('',#15446,#3433);
#1941=LINE('',#15448,#3434);
#1942=LINE('',#15450,#3435);
#1943=LINE('',#15452,#3436);
#1944=LINE('',#15454,#3437);
#1945=LINE('',#15456,#3438);
#1946=LINE('',#15458,#3439);
#1947=LINE('',#15460,#3440);
#1948=LINE('',#15462,#3441);
#1949=LINE('',#15464,#3442);
#1950=LINE('',#15466,#3443);
#1951=LINE('',#15467,#3444);
#1952=LINE('',#15470,#3445);
#1953=LINE('',#15472,#3446);
#1954=LINE('',#15474,#3447);
#1955=LINE('',#15476,#3448);
#1956=LINE('',#15478,#3449);
#1957=LINE('',#15480,#3450);
#1958=LINE('',#15482,#3451);
#1959=LINE('',#15484,#3452);
#1960=LINE('',#15486,#3453);
#1961=LINE('',#15488,#3454);
#1962=LINE('',#15490,#3455);
#1963=LINE('',#15492,#3456);
#1964=LINE('',#15494,#3457);
#1965=LINE('',#15496,#3458);
#1966=LINE('',#15498,#3459);
#1967=LINE('',#15500,#3460);
#1968=LINE('',#15502,#3461);
#1969=LINE('',#15504,#3462);
#1970=LINE('',#15506,#3463);
#1971=LINE('',#15507,#3464);
#1972=LINE('',#15510,#3465);
#1973=LINE('',#15512,#3466);
#1974=LINE('',#15514,#3467);
#1975=LINE('',#15516,#3468);
#1976=LINE('',#15518,#3469);
#1977=LINE('',#15520,#3470);
#1978=LINE('',#15522,#3471);
#1979=LINE('',#15524,#3472);
#1980=LINE('',#15526,#3473);
#1981=LINE('',#15528,#3474);
#1982=LINE('',#15530,#3475);
#1983=LINE('',#15532,#3476);
#1984=LINE('',#15534,#3477);
#1985=LINE('',#15536,#3478);
#1986=LINE('',#15538,#3479);
#1987=LINE('',#15540,#3480);
#1988=LINE('',#15542,#3481);
#1989=LINE('',#15544,#3482);
#1990=LINE('',#15546,#3483);
#1991=LINE('',#15547,#3484);
#1992=LINE('',#15550,#3485);
#1993=LINE('',#15552,#3486);
#1994=LINE('',#15554,#3487);
#1995=LINE('',#15556,#3488);
#1996=LINE('',#15558,#3489);
#1997=LINE('',#15560,#3490);
#1998=LINE('',#15562,#3491);
#1999=LINE('',#15564,#3492);
#2000=LINE('',#15566,#3493);
#2001=LINE('',#15568,#3494);
#2002=LINE('',#15570,#3495);
#2003=LINE('',#15572,#3496);
#2004=LINE('',#15574,#3497);
#2005=LINE('',#15576,#3498);
#2006=LINE('',#15578,#3499);
#2007=LINE('',#15580,#3500);
#2008=LINE('',#15582,#3501);
#2009=LINE('',#15584,#3502);
#2010=LINE('',#15586,#3503);
#2011=LINE('',#15587,#3504);
#2012=LINE('',#15590,#3505);
#2013=LINE('',#15592,#3506);
#2014=LINE('',#15594,#3507);
#2015=LINE('',#15596,#3508);
#2016=LINE('',#15598,#3509);
#2017=LINE('',#15600,#3510);
#2018=LINE('',#15602,#3511);
#2019=LINE('',#15604,#3512);
#2020=LINE('',#15606,#3513);
#2021=LINE('',#15608,#3514);
#2022=LINE('',#15610,#3515);
#2023=LINE('',#15612,#3516);
#2024=LINE('',#15614,#3517);
#2025=LINE('',#15616,#3518);
#2026=LINE('',#15618,#3519);
#2027=LINE('',#15620,#3520);
#2028=LINE('',#15622,#3521);
#2029=LINE('',#15624,#3522);
#2030=LINE('',#15626,#3523);
#2031=LINE('',#15627,#3524);
#2032=LINE('',#15630,#3525);
#2033=LINE('',#15632,#3526);
#2034=LINE('',#15634,#3527);
#2035=LINE('',#15636,#3528);
#2036=LINE('',#15638,#3529);
#2037=LINE('',#15640,#3530);
#2038=LINE('',#15642,#3531);
#2039=LINE('',#15644,#3532);
#2040=LINE('',#15646,#3533);
#2041=LINE('',#15648,#3534);
#2042=LINE('',#15650,#3535);
#2043=LINE('',#15652,#3536);
#2044=LINE('',#15654,#3537);
#2045=LINE('',#15656,#3538);
#2046=LINE('',#15658,#3539);
#2047=LINE('',#15660,#3540);
#2048=LINE('',#15662,#3541);
#2049=LINE('',#15664,#3542);
#2050=LINE('',#15666,#3543);
#2051=LINE('',#15667,#3544);
#2052=LINE('',#15670,#3545);
#2053=LINE('',#15672,#3546);
#2054=LINE('',#15674,#3547);
#2055=LINE('',#15676,#3548);
#2056=LINE('',#15678,#3549);
#2057=LINE('',#15680,#3550);
#2058=LINE('',#15682,#3551);
#2059=LINE('',#15684,#3552);
#2060=LINE('',#15686,#3553);
#2061=LINE('',#15688,#3554);
#2062=LINE('',#15690,#3555);
#2063=LINE('',#15692,#3556);
#2064=LINE('',#15694,#3557);
#2065=LINE('',#15696,#3558);
#2066=LINE('',#15698,#3559);
#2067=LINE('',#15700,#3560);
#2068=LINE('',#15702,#3561);
#2069=LINE('',#15704,#3562);
#2070=LINE('',#15706,#3563);
#2071=LINE('',#15707,#3564);
#2072=LINE('',#15710,#3565);
#2073=LINE('',#15712,#3566);
#2074=LINE('',#15714,#3567);
#2075=LINE('',#15716,#3568);
#2076=LINE('',#15718,#3569);
#2077=LINE('',#15720,#3570);
#2078=LINE('',#15722,#3571);
#2079=LINE('',#15724,#3572);
#2080=LINE('',#15726,#3573);
#2081=LINE('',#15728,#3574);
#2082=LINE('',#15730,#3575);
#2083=LINE('',#15732,#3576);
#2084=LINE('',#15734,#3577);
#2085=LINE('',#15736,#3578);
#2086=LINE('',#15738,#3579);
#2087=LINE('',#15740,#3580);
#2088=LINE('',#15742,#3581);
#2089=LINE('',#15744,#3582);
#2090=LINE('',#15746,#3583);
#2091=LINE('',#15747,#3584);
#2092=LINE('',#15752,#3585);
#2093=LINE('',#15754,#3586);
#2094=LINE('',#15756,#3587);
#2095=LINE('',#15758,#3588);
#2096=LINE('',#15760,#3589);
#2097=LINE('',#15762,#3590);
#2098=LINE('',#15764,#3591);
#2099=LINE('',#15766,#3592);
#2100=LINE('',#15768,#3593);
#2101=LINE('',#15770,#3594);
#2102=LINE('',#15772,#3595);
#2103=LINE('',#15774,#3596);
#2104=LINE('',#15776,#3597);
#2105=LINE('',#15778,#3598);
#2106=LINE('',#15780,#3599);
#2107=LINE('',#15782,#3600);
#2108=LINE('',#15784,#3601);
#2109=LINE('',#15786,#3602);
#2110=LINE('',#15788,#3603);
#2111=LINE('',#15789,#3604);
#2112=LINE('',#15792,#3605);
#2113=LINE('',#15794,#3606);
#2114=LINE('',#15796,#3607);
#2115=LINE('',#15798,#3608);
#2116=LINE('',#15800,#3609);
#2117=LINE('',#15802,#3610);
#2118=LINE('',#15804,#3611);
#2119=LINE('',#15806,#3612);
#2120=LINE('',#15808,#3613);
#2121=LINE('',#15810,#3614);
#2122=LINE('',#15812,#3615);
#2123=LINE('',#15814,#3616);
#2124=LINE('',#15816,#3617);
#2125=LINE('',#15818,#3618);
#2126=LINE('',#15820,#3619);
#2127=LINE('',#15822,#3620);
#2128=LINE('',#15824,#3621);
#2129=LINE('',#15826,#3622);
#2130=LINE('',#15828,#3623);
#2131=LINE('',#15829,#3624);
#2132=LINE('',#15832,#3625);
#2133=LINE('',#15834,#3626);
#2134=LINE('',#15836,#3627);
#2135=LINE('',#15838,#3628);
#2136=LINE('',#15840,#3629);
#2137=LINE('',#15842,#3630);
#2138=LINE('',#15844,#3631);
#2139=LINE('',#15846,#3632);
#2140=LINE('',#15848,#3633);
#2141=LINE('',#15850,#3634);
#2142=LINE('',#15852,#3635);
#2143=LINE('',#15854,#3636);
#2144=LINE('',#15856,#3637);
#2145=LINE('',#15858,#3638);
#2146=LINE('',#15860,#3639);
#2147=LINE('',#15862,#3640);
#2148=LINE('',#15864,#3641);
#2149=LINE('',#15866,#3642);
#2150=LINE('',#15868,#3643);
#2151=LINE('',#15869,#3644);
#2152=LINE('',#15872,#3645);
#2153=LINE('',#15874,#3646);
#2154=LINE('',#15876,#3647);
#2155=LINE('',#15878,#3648);
#2156=LINE('',#15880,#3649);
#2157=LINE('',#15882,#3650);
#2158=LINE('',#15884,#3651);
#2159=LINE('',#15886,#3652);
#2160=LINE('',#15888,#3653);
#2161=LINE('',#15890,#3654);
#2162=LINE('',#15892,#3655);
#2163=LINE('',#15894,#3656);
#2164=LINE('',#15896,#3657);
#2165=LINE('',#15898,#3658);
#2166=LINE('',#15900,#3659);
#2167=LINE('',#15902,#3660);
#2168=LINE('',#15904,#3661);
#2169=LINE('',#15906,#3662);
#2170=LINE('',#15908,#3663);
#2171=LINE('',#15909,#3664);
#2172=LINE('',#15920,#3665);
#2173=LINE('',#15924,#3666);
#2174=LINE('',#15928,#3667);
#2175=LINE('',#15940,#3668);
#2176=LINE('',#15944,#3669);
#2177=LINE('',#15948,#3670);
#2178=LINE('',#15960,#3671);
#2179=LINE('',#15964,#3672);
#2180=LINE('',#15968,#3673);
#2181=LINE('',#15974,#3674);
#2182=LINE('',#15979,#3675);
#2183=LINE('',#15983,#3676);
#2184=LINE('',#15985,#3677);
#2185=LINE('',#15987,#3678);
#2186=LINE('',#15989,#3679);
#2187=LINE('',#15991,#3680);
#2188=LINE('',#15993,#3681);
#2189=LINE('',#15995,#3682);
#2190=LINE('',#15997,#3683);
#2191=LINE('',#15999,#3684);
#2192=LINE('',#16001,#3685);
#2193=LINE('',#16003,#3686);
#2194=LINE('',#16005,#3687);
#2195=LINE('',#16007,#3688);
#2196=LINE('',#16009,#3689);
#2197=LINE('',#16011,#3690);
#2198=LINE('',#16013,#3691);
#2199=LINE('',#16015,#3692);
#2200=LINE('',#16017,#3693);
#2201=LINE('',#16019,#3694);
#2202=LINE('',#16021,#3695);
#2203=LINE('',#16023,#3696);
#2204=LINE('',#16025,#3697);
#2205=LINE('',#16027,#3698);
#2206=LINE('',#16029,#3699);
#2207=LINE('',#16031,#3700);
#2208=LINE('',#16033,#3701);
#2209=LINE('',#16035,#3702);
#2210=LINE('',#16037,#3703);
#2211=LINE('',#16039,#3704);
#2212=LINE('',#16041,#3705);
#2213=LINE('',#16043,#3706);
#2214=LINE('',#16045,#3707);
#2215=LINE('',#16047,#3708);
#2216=LINE('',#16049,#3709);
#2217=LINE('',#16051,#3710);
#2218=LINE('',#16053,#3711);
#2219=LINE('',#16055,#3712);
#2220=LINE('',#16057,#3713);
#2221=LINE('',#16059,#3714);
#2222=LINE('',#16061,#3715);
#2223=LINE('',#16063,#3716);
#2224=LINE('',#16065,#3717);
#2225=LINE('',#16067,#3718);
#2226=LINE('',#16069,#3719);
#2227=LINE('',#16073,#3720);
#2228=LINE('',#16077,#3721);
#2229=LINE('',#16085,#3722);
#2230=LINE('',#16089,#3723);
#2231=LINE('',#16093,#3724);
#2232=LINE('',#16097,#3725);
#2233=LINE('',#16101,#3726);
#2234=LINE('',#16109,#3727);
#2235=LINE('',#16113,#3728);
#2236=LINE('',#16117,#3729);
#2237=LINE('',#16119,#3730);
#2238=LINE('',#16121,#3731);
#2239=LINE('',#16123,#3732);
#2240=LINE('',#16125,#3733);
#2241=LINE('',#16127,#3734);
#2242=LINE('',#16129,#3735);
#2243=LINE('',#16131,#3736);
#2244=LINE('',#16133,#3737);
#2245=LINE('',#16135,#3738);
#2246=LINE('',#16137,#3739);
#2247=LINE('',#16139,#3740);
#2248=LINE('',#16141,#3741);
#2249=LINE('',#16143,#3742);
#2250=LINE('',#16145,#3743);
#2251=LINE('',#16147,#3744);
#2252=LINE('',#16149,#3745);
#2253=LINE('',#16151,#3746);
#2254=LINE('',#16153,#3747);
#2255=LINE('',#16155,#3748);
#2256=LINE('',#16157,#3749);
#2257=LINE('',#16159,#3750);
#2258=LINE('',#16161,#3751);
#2259=LINE('',#16163,#3752);
#2260=LINE('',#16165,#3753);
#2261=LINE('',#16167,#3754);
#2262=LINE('',#16169,#3755);
#2263=LINE('',#16171,#3756);
#2264=LINE('',#16173,#3757);
#2265=LINE('',#16175,#3758);
#2266=LINE('',#16177,#3759);
#2267=LINE('',#16179,#3760);
#2268=LINE('',#16181,#3761);
#2269=LINE('',#16183,#3762);
#2270=LINE('',#16185,#3763);
#2271=LINE('',#16187,#3764);
#2272=LINE('',#16189,#3765);
#2273=LINE('',#16191,#3766);
#2274=LINE('',#16193,#3767);
#2275=LINE('',#16194,#3768);
#2276=LINE('',#16196,#3769);
#2277=LINE('',#16199,#3770);
#2278=LINE('',#16202,#3771);
#2279=LINE('',#16206,#3772);
#2280=LINE('',#16210,#3773);
#2281=LINE('',#16218,#3774);
#2282=LINE('',#16222,#3775);
#2283=LINE('',#16226,#3776);
#2284=LINE('',#16230,#3777);
#2285=LINE('',#16236,#3778);
#2286=LINE('',#16240,#3779);
#2287=LINE('',#16244,#3780);
#2288=LINE('',#16256,#3781);
#2289=LINE('',#16260,#3782);
#2290=LINE('',#16264,#3783);
#2291=LINE('',#16276,#3784);
#2292=LINE('',#16280,#3785);
#2293=LINE('',#16284,#3786);
#2294=LINE('',#16294,#3787);
#2295=LINE('',#16296,#3788);
#2296=LINE('',#16298,#3789);
#2297=LINE('',#16300,#3790);
#2298=LINE('',#16302,#3791);
#2299=LINE('',#16304,#3792);
#2300=LINE('',#16306,#3793);
#2301=LINE('',#16308,#3794);
#2302=LINE('',#16310,#3795);
#2303=LINE('',#16312,#3796);
#2304=LINE('',#16314,#3797);
#2305=LINE('',#16316,#3798);
#2306=LINE('',#16318,#3799);
#2307=LINE('',#16320,#3800);
#2308=LINE('',#16322,#3801);
#2309=LINE('',#16324,#3802);
#2310=LINE('',#16326,#3803);
#2311=LINE('',#16328,#3804);
#2312=LINE('',#16330,#3805);
#2313=LINE('',#16331,#3806);
#2314=LINE('',#16334,#3807);
#2315=LINE('',#16336,#3808);
#2316=LINE('',#16338,#3809);
#2317=LINE('',#16340,#3810);
#2318=LINE('',#16342,#3811);
#2319=LINE('',#16344,#3812);
#2320=LINE('',#16346,#3813);
#2321=LINE('',#16348,#3814);
#2322=LINE('',#16350,#3815);
#2323=LINE('',#16352,#3816);
#2324=LINE('',#16354,#3817);
#2325=LINE('',#16356,#3818);
#2326=LINE('',#16358,#3819);
#2327=LINE('',#16360,#3820);
#2328=LINE('',#16362,#3821);
#2329=LINE('',#16364,#3822);
#2330=LINE('',#16366,#3823);
#2331=LINE('',#16368,#3824);
#2332=LINE('',#16370,#3825);
#2333=LINE('',#16371,#3826);
#2334=LINE('',#16374,#3827);
#2335=LINE('',#16376,#3828);
#2336=LINE('',#16378,#3829);
#2337=LINE('',#16380,#3830);
#2338=LINE('',#16382,#3831);
#2339=LINE('',#16384,#3832);
#2340=LINE('',#16386,#3833);
#2341=LINE('',#16388,#3834);
#2342=LINE('',#16390,#3835);
#2343=LINE('',#16392,#3836);
#2344=LINE('',#16394,#3837);
#2345=LINE('',#16396,#3838);
#2346=LINE('',#16398,#3839);
#2347=LINE('',#16400,#3840);
#2348=LINE('',#16402,#3841);
#2349=LINE('',#16404,#3842);
#2350=LINE('',#16406,#3843);
#2351=LINE('',#16408,#3844);
#2352=LINE('',#16410,#3845);
#2353=LINE('',#16411,#3846);
#2354=LINE('',#16414,#3847);
#2355=LINE('',#16416,#3848);
#2356=LINE('',#16418,#3849);
#2357=LINE('',#16420,#3850);
#2358=LINE('',#16422,#3851);
#2359=LINE('',#16424,#3852);
#2360=LINE('',#16426,#3853);
#2361=LINE('',#16428,#3854);
#2362=LINE('',#16430,#3855);
#2363=LINE('',#16432,#3856);
#2364=LINE('',#16434,#3857);
#2365=LINE('',#16436,#3858);
#2366=LINE('',#16438,#3859);
#2367=LINE('',#16440,#3860);
#2368=LINE('',#16442,#3861);
#2369=LINE('',#16444,#3862);
#2370=LINE('',#16446,#3863);
#2371=LINE('',#16448,#3864);
#2372=LINE('',#16450,#3865);
#2373=LINE('',#16451,#3866);
#2374=LINE('',#16454,#3867);
#2375=LINE('',#16456,#3868);
#2376=LINE('',#16458,#3869);
#2377=LINE('',#16460,#3870);
#2378=LINE('',#16462,#3871);
#2379=LINE('',#16464,#3872);
#2380=LINE('',#16466,#3873);
#2381=LINE('',#16468,#3874);
#2382=LINE('',#16470,#3875);
#2383=LINE('',#16472,#3876);
#2384=LINE('',#16474,#3877);
#2385=LINE('',#16476,#3878);
#2386=LINE('',#16478,#3879);
#2387=LINE('',#16480,#3880);
#2388=LINE('',#16482,#3881);
#2389=LINE('',#16484,#3882);
#2390=LINE('',#16486,#3883);
#2391=LINE('',#16488,#3884);
#2392=LINE('',#16490,#3885);
#2393=LINE('',#16491,#3886);
#2394=LINE('',#16496,#3887);
#2395=LINE('',#16498,#3888);
#2396=LINE('',#16500,#3889);
#2397=LINE('',#16502,#3890);
#2398=LINE('',#16504,#3891);
#2399=LINE('',#16506,#3892);
#2400=LINE('',#16508,#3893);
#2401=LINE('',#16510,#3894);
#2402=LINE('',#16512,#3895);
#2403=LINE('',#16514,#3896);
#2404=LINE('',#16516,#3897);
#2405=LINE('',#16518,#3898);
#2406=LINE('',#16520,#3899);
#2407=LINE('',#16522,#3900);
#2408=LINE('',#16524,#3901);
#2409=LINE('',#16526,#3902);
#2410=LINE('',#16528,#3903);
#2411=LINE('',#16530,#3904);
#2412=LINE('',#16532,#3905);
#2413=LINE('',#16533,#3906);
#2414=LINE('',#16538,#3907);
#2415=LINE('',#16540,#3908);
#2416=LINE('',#16542,#3909);
#2417=LINE('',#16544,#3910);
#2418=LINE('',#16546,#3911);
#2419=LINE('',#16548,#3912);
#2420=LINE('',#16550,#3913);
#2421=LINE('',#16552,#3914);
#2422=LINE('',#16554,#3915);
#2423=LINE('',#16556,#3916);
#2424=LINE('',#16558,#3917);
#2425=LINE('',#16560,#3918);
#2426=LINE('',#16562,#3919);
#2427=LINE('',#16564,#3920);
#2428=LINE('',#16566,#3921);
#2429=LINE('',#16568,#3922);
#2430=LINE('',#16570,#3923);
#2431=LINE('',#16572,#3924);
#2432=LINE('',#16574,#3925);
#2433=LINE('',#16575,#3926);
#2434=LINE('',#16578,#3927);
#2435=LINE('',#16580,#3928);
#2436=LINE('',#16582,#3929);
#2437=LINE('',#16584,#3930);
#2438=LINE('',#16586,#3931);
#2439=LINE('',#16588,#3932);
#2440=LINE('',#16590,#3933);
#2441=LINE('',#16592,#3934);
#2442=LINE('',#16594,#3935);
#2443=LINE('',#16596,#3936);
#2444=LINE('',#16598,#3937);
#2445=LINE('',#16600,#3938);
#2446=LINE('',#16602,#3939);
#2447=LINE('',#16604,#3940);
#2448=LINE('',#16606,#3941);
#2449=LINE('',#16608,#3942);
#2450=LINE('',#16610,#3943);
#2451=LINE('',#16612,#3944);
#2452=LINE('',#16614,#3945);
#2453=LINE('',#16615,#3946);
#2454=LINE('',#16618,#3947);
#2455=LINE('',#16620,#3948);
#2456=LINE('',#16622,#3949);
#2457=LINE('',#16624,#3950);
#2458=LINE('',#16626,#3951);
#2459=LINE('',#16628,#3952);
#2460=LINE('',#16630,#3953);
#2461=LINE('',#16632,#3954);
#2462=LINE('',#16634,#3955);
#2463=LINE('',#16636,#3956);
#2464=LINE('',#16638,#3957);
#2465=LINE('',#16640,#3958);
#2466=LINE('',#16642,#3959);
#2467=LINE('',#16644,#3960);
#2468=LINE('',#16646,#3961);
#2469=LINE('',#16648,#3962);
#2470=LINE('',#16650,#3963);
#2471=LINE('',#16652,#3964);
#2472=LINE('',#16654,#3965);
#2473=LINE('',#16655,#3966);
#2474=LINE('',#16658,#3967);
#2475=LINE('',#16660,#3968);
#2476=LINE('',#16662,#3969);
#2477=LINE('',#16664,#3970);
#2478=LINE('',#16666,#3971);
#2479=LINE('',#16668,#3972);
#2480=LINE('',#16670,#3973);
#2481=LINE('',#16672,#3974);
#2482=LINE('',#16674,#3975);
#2483=LINE('',#16676,#3976);
#2484=LINE('',#16678,#3977);
#2485=LINE('',#16680,#3978);
#2486=LINE('',#16682,#3979);
#2487=LINE('',#16684,#3980);
#2488=LINE('',#16686,#3981);
#2489=LINE('',#16688,#3982);
#2490=LINE('',#16690,#3983);
#2491=LINE('',#16692,#3984);
#2492=LINE('',#16694,#3985);
#2493=LINE('',#16695,#3986);
#2494=LINE('',#16698,#3987);
#2495=LINE('',#16700,#3988);
#2496=LINE('',#16702,#3989);
#2497=LINE('',#16704,#3990);
#2498=LINE('',#16706,#3991);
#2499=LINE('',#16708,#3992);
#2500=LINE('',#16710,#3993);
#2501=LINE('',#16712,#3994);
#2502=LINE('',#16714,#3995);
#2503=LINE('',#16716,#3996);
#2504=LINE('',#16718,#3997);
#2505=LINE('',#16720,#3998);
#2506=LINE('',#16722,#3999);
#2507=LINE('',#16724,#4000);
#2508=LINE('',#16726,#4001);
#2509=LINE('',#16728,#4002);
#2510=LINE('',#16730,#4003);
#2511=LINE('',#16732,#4004);
#2512=LINE('',#16734,#4005);
#2513=LINE('',#16735,#4006);
#2514=LINE('',#16738,#4007);
#2515=LINE('',#16740,#4008);
#2516=LINE('',#16742,#4009);
#2517=LINE('',#16744,#4010);
#2518=LINE('',#16746,#4011);
#2519=LINE('',#16748,#4012);
#2520=LINE('',#16750,#4013);
#2521=LINE('',#16752,#4014);
#2522=LINE('',#16754,#4015);
#2523=LINE('',#16756,#4016);
#2524=LINE('',#16758,#4017);
#2525=LINE('',#16760,#4018);
#2526=LINE('',#16762,#4019);
#2527=LINE('',#16764,#4020);
#2528=LINE('',#16766,#4021);
#2529=LINE('',#16768,#4022);
#2530=LINE('',#16770,#4023);
#2531=LINE('',#16772,#4024);
#2532=LINE('',#16774,#4025);
#2533=LINE('',#16775,#4026);
#2534=LINE('',#16778,#4027);
#2535=LINE('',#16780,#4028);
#2536=LINE('',#16782,#4029);
#2537=LINE('',#16784,#4030);
#2538=LINE('',#16786,#4031);
#2539=LINE('',#16788,#4032);
#2540=LINE('',#16790,#4033);
#2541=LINE('',#16792,#4034);
#2542=LINE('',#16794,#4035);
#2543=LINE('',#16796,#4036);
#2544=LINE('',#16798,#4037);
#2545=LINE('',#16800,#4038);
#2546=LINE('',#16802,#4039);
#2547=LINE('',#16804,#4040);
#2548=LINE('',#16806,#4041);
#2549=LINE('',#16808,#4042);
#2550=LINE('',#16810,#4043);
#2551=LINE('',#16812,#4044);
#2552=LINE('',#16814,#4045);
#2553=LINE('',#16815,#4046);
#2554=LINE('',#16818,#4047);
#2555=LINE('',#16820,#4048);
#2556=LINE('',#16822,#4049);
#2557=LINE('',#16824,#4050);
#2558=LINE('',#16826,#4051);
#2559=LINE('',#16828,#4052);
#2560=LINE('',#16830,#4053);
#2561=LINE('',#16832,#4054);
#2562=LINE('',#16834,#4055);
#2563=LINE('',#16836,#4056);
#2564=LINE('',#16838,#4057);
#2565=LINE('',#16840,#4058);
#2566=LINE('',#16842,#4059);
#2567=LINE('',#16844,#4060);
#2568=LINE('',#16846,#4061);
#2569=LINE('',#16848,#4062);
#2570=LINE('',#16850,#4063);
#2571=LINE('',#16852,#4064);
#2572=LINE('',#16854,#4065);
#2573=LINE('',#16855,#4066);
#2574=LINE('',#16860,#4067);
#2575=LINE('',#16862,#4068);
#2576=LINE('',#16864,#4069);
#2577=LINE('',#16866,#4070);
#2578=LINE('',#16868,#4071);
#2579=LINE('',#16870,#4072);
#2580=LINE('',#16872,#4073);
#2581=LINE('',#16874,#4074);
#2582=LINE('',#16876,#4075);
#2583=LINE('',#16878,#4076);
#2584=LINE('',#16880,#4077);
#2585=LINE('',#16882,#4078);
#2586=LINE('',#16884,#4079);
#2587=LINE('',#16886,#4080);
#2588=LINE('',#16888,#4081);
#2589=LINE('',#16890,#4082);
#2590=LINE('',#16892,#4083);
#2591=LINE('',#16894,#4084);
#2592=LINE('',#16896,#4085);
#2593=LINE('',#16897,#4086);
#2594=LINE('',#16900,#4087);
#2595=LINE('',#16902,#4088);
#2596=LINE('',#16904,#4089);
#2597=LINE('',#16906,#4090);
#2598=LINE('',#16908,#4091);
#2599=LINE('',#16910,#4092);
#2600=LINE('',#16912,#4093);
#2601=LINE('',#16914,#4094);
#2602=LINE('',#16916,#4095);
#2603=LINE('',#16918,#4096);
#2604=LINE('',#16920,#4097);
#2605=LINE('',#16922,#4098);
#2606=LINE('',#16924,#4099);
#2607=LINE('',#16926,#4100);
#2608=LINE('',#16928,#4101);
#2609=LINE('',#16930,#4102);
#2610=LINE('',#16932,#4103);
#2611=LINE('',#16934,#4104);
#2612=LINE('',#16936,#4105);
#2613=LINE('',#16937,#4106);
#2614=LINE('',#16940,#4107);
#2615=LINE('',#16942,#4108);
#2616=LINE('',#16944,#4109);
#2617=LINE('',#16946,#4110);
#2618=LINE('',#16948,#4111);
#2619=LINE('',#16950,#4112);
#2620=LINE('',#16952,#4113);
#2621=LINE('',#16954,#4114);
#2622=LINE('',#16956,#4115);
#2623=LINE('',#16958,#4116);
#2624=LINE('',#16960,#4117);
#2625=LINE('',#16962,#4118);
#2626=LINE('',#16964,#4119);
#2627=LINE('',#16966,#4120);
#2628=LINE('',#16968,#4121);
#2629=LINE('',#16970,#4122);
#2630=LINE('',#16972,#4123);
#2631=LINE('',#16974,#4124);
#2632=LINE('',#16976,#4125);
#2633=LINE('',#16977,#4126);
#2634=LINE('',#16980,#4127);
#2635=LINE('',#16982,#4128);
#2636=LINE('',#16984,#4129);
#2637=LINE('',#16986,#4130);
#2638=LINE('',#16988,#4131);
#2639=LINE('',#16990,#4132);
#2640=LINE('',#16992,#4133);
#2641=LINE('',#16994,#4134);
#2642=LINE('',#16996,#4135);
#2643=LINE('',#16998,#4136);
#2644=LINE('',#17000,#4137);
#2645=LINE('',#17002,#4138);
#2646=LINE('',#17004,#4139);
#2647=LINE('',#17006,#4140);
#2648=LINE('',#17008,#4141);
#2649=LINE('',#17010,#4142);
#2650=LINE('',#17012,#4143);
#2651=LINE('',#17014,#4144);
#2652=LINE('',#17016,#4145);
#2653=LINE('',#17017,#4146);
#2654=LINE('',#17021,#4147);
#2655=LINE('',#17022,#4148);
#2656=LINE('',#17024,#4149);
#2657=LINE('',#17026,#4150);
#2658=LINE('',#17028,#4151);
#2659=LINE('',#17030,#4152);
#2660=LINE('',#17031,#4153);
#2661=LINE('',#17033,#4154);
#2662=LINE('',#17035,#4155);
#2663=LINE('',#17037,#4156);
#2664=LINE('',#17038,#4157);
#2665=LINE('',#17040,#4158);
#2666=LINE('',#17042,#4159);
#2667=LINE('',#17043,#4160);
#2668=LINE('',#17045,#4161);
#2669=LINE('',#17047,#4162);
#2670=LINE('',#17049,#4163);
#2671=LINE('',#17051,#4164);
#2672=LINE('',#17052,#4165);
#2673=LINE('',#17055,#4166);
#2674=LINE('',#17056,#4167);
#2675=LINE('',#17058,#4168);
#2676=LINE('',#17060,#4169);
#2677=LINE('',#17061,#4170);
#2678=LINE('',#17063,#4171);
#2679=LINE('',#17065,#4172);
#2680=LINE('',#17067,#4173);
#2681=LINE('',#17068,#4174);
#2682=LINE('',#17071,#4175);
#2683=LINE('',#17072,#4176);
#2684=LINE('',#17074,#4177);
#2685=LINE('',#17076,#4178);
#2686=LINE('',#17077,#4179);
#2687=LINE('',#17079,#4180);
#2688=LINE('',#17081,#4181);
#2689=LINE('',#17082,#4182);
#2690=LINE('',#17084,#4183);
#2691=LINE('',#17086,#4184);
#2692=LINE('',#17087,#4185);
#2693=LINE('',#17090,#4186);
#2694=LINE('',#17091,#4187);
#2695=LINE('',#17093,#4188);
#2696=LINE('',#17095,#4189);
#2697=LINE('',#17096,#4190);
#2698=LINE('',#17098,#4191);
#2699=LINE('',#17100,#4192);
#2700=LINE('',#17101,#4193);
#2701=LINE('',#17104,#4194);
#2702=LINE('',#17106,#4195);
#2703=LINE('',#17108,#4196);
#2704=LINE('',#17109,#4197);
#2705=LINE('',#17111,#4198);
#2706=LINE('',#17113,#4199);
#2707=LINE('',#17115,#4200);
#2708=LINE('',#17116,#4201);
#2709=LINE('',#17118,#4202);
#2710=LINE('',#17120,#4203);
#2711=LINE('',#17122,#4204);
#2712=LINE('',#17124,#4205);
#2713=LINE('',#17128,#4206);
#2714=LINE('',#17132,#4207);
#2715=LINE('',#17134,#4208);
#2716=LINE('',#17135,#4209);
#2717=LINE('',#17137,#4210);
#2718=LINE('',#17139,#4211);
#2719=LINE('',#17141,#4212);
#2720=LINE('',#17143,#4213);
#2721=LINE('',#17145,#4214);
#2722=LINE('',#17147,#4215);
#2723=LINE('',#17149,#4216);
#2724=LINE('',#17151,#4217);
#2725=LINE('',#17153,#4218);
#2726=LINE('',#17155,#4219);
#2727=LINE('',#17157,#4220);
#2728=LINE('',#17159,#4221);
#2729=LINE('',#17161,#4222);
#2730=LINE('',#17163,#4223);
#2731=LINE('',#17165,#4224);
#2732=LINE('',#17167,#4225);
#2733=LINE('',#17169,#4226);
#2734=LINE('',#17171,#4227);
#2735=LINE('',#17174,#4228);
#2736=LINE('',#17175,#4229);
#2737=LINE('',#17177,#4230);
#2738=LINE('',#17179,#4231);
#2739=LINE('',#17181,#4232);
#2740=LINE('',#17183,#4233);
#2741=LINE('',#17185,#4234);
#2742=LINE('',#17187,#4235);
#2743=LINE('',#17189,#4236);
#2744=LINE('',#17191,#4237);
#2745=LINE('',#17193,#4238);
#2746=LINE('',#17195,#4239);
#2747=LINE('',#17197,#4240);
#2748=LINE('',#17199,#4241);
#2749=LINE('',#17201,#4242);
#2750=LINE('',#17203,#4243);
#2751=LINE('',#17205,#4244);
#2752=LINE('',#17207,#4245);
#2753=LINE('',#17209,#4246);
#2754=LINE('',#17211,#4247);
#2755=LINE('',#17214,#4248);
#2756=LINE('',#17215,#4249);
#2757=LINE('',#17217,#4250);
#2758=LINE('',#17219,#4251);
#2759=LINE('',#17221,#4252);
#2760=LINE('',#17223,#4253);
#2761=LINE('',#17225,#4254);
#2762=LINE('',#17227,#4255);
#2763=LINE('',#17229,#4256);
#2764=LINE('',#17231,#4257);
#2765=LINE('',#17233,#4258);
#2766=LINE('',#17235,#4259);
#2767=LINE('',#17237,#4260);
#2768=LINE('',#17239,#4261);
#2769=LINE('',#17241,#4262);
#2770=LINE('',#17243,#4263);
#2771=LINE('',#17245,#4264);
#2772=LINE('',#17247,#4265);
#2773=LINE('',#17249,#4266);
#2774=LINE('',#17251,#4267);
#2775=LINE('',#17254,#4268);
#2776=LINE('',#17255,#4269);
#2777=LINE('',#17257,#4270);
#2778=LINE('',#17259,#4271);
#2779=LINE('',#17261,#4272);
#2780=LINE('',#17263,#4273);
#2781=LINE('',#17265,#4274);
#2782=LINE('',#17267,#4275);
#2783=LINE('',#17269,#4276);
#2784=LINE('',#17271,#4277);
#2785=LINE('',#17273,#4278);
#2786=LINE('',#17275,#4279);
#2787=LINE('',#17277,#4280);
#2788=LINE('',#17279,#4281);
#2789=LINE('',#17281,#4282);
#2790=LINE('',#17283,#4283);
#2791=LINE('',#17285,#4284);
#2792=LINE('',#17287,#4285);
#2793=LINE('',#17289,#4286);
#2794=LINE('',#17291,#4287);
#2795=LINE('',#17294,#4288);
#2796=LINE('',#17298,#4289);
#2797=LINE('',#17300,#4290);
#2798=LINE('',#17301,#4291);
#2799=LINE('',#17303,#4292);
#2800=LINE('',#17305,#4293);
#2801=LINE('',#17307,#4294);
#2802=LINE('',#17309,#4295);
#2803=LINE('',#17311,#4296);
#2804=LINE('',#17313,#4297);
#2805=LINE('',#17315,#4298);
#2806=LINE('',#17317,#4299);
#2807=LINE('',#17319,#4300);
#2808=LINE('',#17321,#4301);
#2809=LINE('',#17323,#4302);
#2810=LINE('',#17325,#4303);
#2811=LINE('',#17327,#4304);
#2812=LINE('',#17329,#4305);
#2813=LINE('',#17331,#4306);
#2814=LINE('',#17333,#4307);
#2815=LINE('',#17335,#4308);
#2816=LINE('',#17337,#4309);
#2817=LINE('',#17340,#4310);
#2818=LINE('',#17344,#4311);
#2819=LINE('',#17345,#4312);
#2820=LINE('',#17347,#4313);
#2821=LINE('',#17349,#4314);
#2822=LINE('',#17351,#4315);
#2823=LINE('',#17353,#4316);
#2824=LINE('',#17355,#4317);
#2825=LINE('',#17357,#4318);
#2826=LINE('',#17359,#4319);
#2827=LINE('',#17361,#4320);
#2828=LINE('',#17363,#4321);
#2829=LINE('',#17365,#4322);
#2830=LINE('',#17367,#4323);
#2831=LINE('',#17369,#4324);
#2832=LINE('',#17371,#4325);
#2833=LINE('',#17373,#4326);
#2834=LINE('',#17375,#4327);
#2835=LINE('',#17377,#4328);
#2836=LINE('',#17379,#4329);
#2837=LINE('',#17381,#4330);
#2838=LINE('',#17384,#4331);
#2839=LINE('',#17385,#4332);
#2840=LINE('',#17387,#4333);
#2841=LINE('',#17389,#4334);
#2842=LINE('',#17391,#4335);
#2843=LINE('',#17393,#4336);
#2844=LINE('',#17395,#4337);
#2845=LINE('',#17397,#4338);
#2846=LINE('',#17399,#4339);
#2847=LINE('',#17401,#4340);
#2848=LINE('',#17403,#4341);
#2849=LINE('',#17405,#4342);
#2850=LINE('',#17407,#4343);
#2851=LINE('',#17409,#4344);
#2852=LINE('',#17411,#4345);
#2853=LINE('',#17413,#4346);
#2854=LINE('',#17415,#4347);
#2855=LINE('',#17417,#4348);
#2856=LINE('',#17419,#4349);
#2857=LINE('',#17421,#4350);
#2858=LINE('',#17424,#4351);
#2859=LINE('',#17425,#4352);
#2860=LINE('',#17427,#4353);
#2861=LINE('',#17429,#4354);
#2862=LINE('',#17431,#4355);
#2863=LINE('',#17433,#4356);
#2864=LINE('',#17435,#4357);
#2865=LINE('',#17437,#4358);
#2866=LINE('',#17439,#4359);
#2867=LINE('',#17441,#4360);
#2868=LINE('',#17443,#4361);
#2869=LINE('',#17445,#4362);
#2870=LINE('',#17447,#4363);
#2871=LINE('',#17449,#4364);
#2872=LINE('',#17451,#4365);
#2873=LINE('',#17453,#4366);
#2874=LINE('',#17455,#4367);
#2875=LINE('',#17457,#4368);
#2876=LINE('',#17459,#4369);
#2877=LINE('',#17461,#4370);
#2878=LINE('',#17464,#4371);
#2879=LINE('',#17465,#4372);
#2880=LINE('',#17467,#4373);
#2881=LINE('',#17469,#4374);
#2882=LINE('',#17471,#4375);
#2883=LINE('',#17473,#4376);
#2884=LINE('',#17475,#4377);
#2885=LINE('',#17477,#4378);
#2886=LINE('',#17479,#4379);
#2887=LINE('',#17481,#4380);
#2888=LINE('',#17483,#4381);
#2889=LINE('',#17485,#4382);
#2890=LINE('',#17487,#4383);
#2891=LINE('',#17489,#4384);
#2892=LINE('',#17491,#4385);
#2893=LINE('',#17493,#4386);
#2894=LINE('',#17495,#4387);
#2895=LINE('',#17497,#4388);
#2896=LINE('',#17499,#4389);
#2897=LINE('',#17501,#4390);
#2898=LINE('',#17504,#4391);
#2899=LINE('',#17505,#4392);
#2900=LINE('',#17507,#4393);
#2901=LINE('',#17509,#4394);
#2902=LINE('',#17511,#4395);
#2903=LINE('',#17513,#4396);
#2904=LINE('',#17515,#4397);
#2905=LINE('',#17517,#4398);
#2906=LINE('',#17519,#4399);
#2907=LINE('',#17521,#4400);
#2908=LINE('',#17523,#4401);
#2909=LINE('',#17525,#4402);
#2910=LINE('',#17527,#4403);
#2911=LINE('',#17529,#4404);
#2912=LINE('',#17531,#4405);
#2913=LINE('',#17533,#4406);
#2914=LINE('',#17535,#4407);
#2915=LINE('',#17537,#4408);
#2916=LINE('',#17539,#4409);
#2917=LINE('',#17541,#4410);
#2918=LINE('',#17544,#4411);
#2919=LINE('',#17545,#4412);
#2920=LINE('',#17547,#4413);
#2921=LINE('',#17549,#4414);
#2922=LINE('',#17551,#4415);
#2923=LINE('',#17553,#4416);
#2924=LINE('',#17555,#4417);
#2925=LINE('',#17557,#4418);
#2926=LINE('',#17559,#4419);
#2927=LINE('',#17561,#4420);
#2928=LINE('',#17563,#4421);
#2929=LINE('',#17565,#4422);
#2930=LINE('',#17567,#4423);
#2931=LINE('',#17569,#4424);
#2932=LINE('',#17571,#4425);
#2933=LINE('',#17573,#4426);
#2934=LINE('',#17575,#4427);
#2935=LINE('',#17577,#4428);
#2936=LINE('',#17579,#4429);
#2937=LINE('',#17581,#4430);
#2938=LINE('',#17584,#4431);
#2939=LINE('',#17585,#4432);
#2940=LINE('',#17587,#4433);
#2941=LINE('',#17589,#4434);
#2942=LINE('',#17591,#4435);
#2943=LINE('',#17593,#4436);
#2944=LINE('',#17595,#4437);
#2945=LINE('',#17597,#4438);
#2946=LINE('',#17599,#4439);
#2947=LINE('',#17601,#4440);
#2948=LINE('',#17603,#4441);
#2949=LINE('',#17605,#4442);
#2950=LINE('',#17607,#4443);
#2951=LINE('',#17609,#4444);
#2952=LINE('',#17611,#4445);
#2953=LINE('',#17613,#4446);
#2954=LINE('',#17615,#4447);
#2955=LINE('',#17617,#4448);
#2956=LINE('',#17619,#4449);
#2957=LINE('',#17621,#4450);
#2958=LINE('',#17624,#4451);
#2959=LINE('',#17626,#4452);
#2960=LINE('',#17627,#4453);
#2961=LINE('',#17629,#4454);
#2962=LINE('',#17631,#4455);
#2963=LINE('',#17633,#4456);
#2964=LINE('',#17635,#4457);
#2965=LINE('',#17637,#4458);
#2966=LINE('',#17639,#4459);
#2967=LINE('',#17641,#4460);
#2968=LINE('',#17643,#4461);
#2969=LINE('',#17645,#4462);
#2970=LINE('',#17647,#4463);
#2971=LINE('',#17649,#4464);
#2972=LINE('',#17651,#4465);
#2973=LINE('',#17653,#4466);
#2974=LINE('',#17655,#4467);
#2975=LINE('',#17657,#4468);
#2976=LINE('',#17659,#4469);
#2977=LINE('',#17661,#4470);
#2978=LINE('',#17663,#4471);
#2979=LINE('',#17666,#4472);
#2980=LINE('',#17668,#4473);
#2981=LINE('',#17669,#4474);
#2982=LINE('',#17671,#4475);
#2983=LINE('',#17673,#4476);
#2984=LINE('',#17675,#4477);
#2985=LINE('',#17677,#4478);
#2986=LINE('',#17679,#4479);
#2987=LINE('',#17681,#4480);
#2988=LINE('',#17683,#4481);
#2989=LINE('',#17685,#4482);
#2990=LINE('',#17687,#4483);
#2991=LINE('',#17689,#4484);
#2992=LINE('',#17691,#4485);
#2993=LINE('',#17693,#4486);
#2994=LINE('',#17695,#4487);
#2995=LINE('',#17697,#4488);
#2996=LINE('',#17699,#4489);
#2997=LINE('',#17701,#4490);
#2998=LINE('',#17703,#4491);
#2999=LINE('',#17705,#4492);
#3000=LINE('',#17708,#4493);
#3001=LINE('',#17709,#4494);
#3002=LINE('',#17711,#4495);
#3003=LINE('',#17713,#4496);
#3004=LINE('',#17715,#4497);
#3005=LINE('',#17717,#4498);
#3006=LINE('',#17719,#4499);
#3007=LINE('',#17721,#4500);
#3008=LINE('',#17723,#4501);
#3009=LINE('',#17725,#4502);
#3010=LINE('',#17727,#4503);
#3011=LINE('',#17729,#4504);
#3012=LINE('',#17731,#4505);
#3013=LINE('',#17733,#4506);
#3014=LINE('',#17735,#4507);
#3015=LINE('',#17737,#4508);
#3016=LINE('',#17739,#4509);
#3017=LINE('',#17741,#4510);
#3018=LINE('',#17743,#4511);
#3019=LINE('',#17745,#4512);
#3020=LINE('',#17748,#4513);
#3021=LINE('',#17749,#4514);
#3022=LINE('',#17751,#4515);
#3023=LINE('',#17753,#4516);
#3024=LINE('',#17755,#4517);
#3025=LINE('',#17757,#4518);
#3026=LINE('',#17759,#4519);
#3027=LINE('',#17761,#4520);
#3028=LINE('',#17763,#4521);
#3029=LINE('',#17765,#4522);
#3030=LINE('',#17767,#4523);
#3031=LINE('',#17769,#4524);
#3032=LINE('',#17771,#4525);
#3033=LINE('',#17773,#4526);
#3034=LINE('',#17775,#4527);
#3035=LINE('',#17777,#4528);
#3036=LINE('',#17779,#4529);
#3037=LINE('',#17781,#4530);
#3038=LINE('',#17783,#4531);
#3039=LINE('',#17785,#4532);
#3040=LINE('',#17788,#4533);
#3041=LINE('',#17789,#4534);
#3042=LINE('',#17791,#4535);
#3043=LINE('',#17793,#4536);
#3044=LINE('',#17795,#4537);
#3045=LINE('',#17797,#4538);
#3046=LINE('',#17799,#4539);
#3047=LINE('',#17801,#4540);
#3048=LINE('',#17803,#4541);
#3049=LINE('',#17805,#4542);
#3050=LINE('',#17807,#4543);
#3051=LINE('',#17809,#4544);
#3052=LINE('',#17811,#4545);
#3053=LINE('',#17813,#4546);
#3054=LINE('',#17815,#4547);
#3055=LINE('',#17817,#4548);
#3056=LINE('',#17819,#4549);
#3057=LINE('',#17821,#4550);
#3058=LINE('',#17823,#4551);
#3059=LINE('',#17825,#4552);
#3060=LINE('',#17828,#4553);
#3061=LINE('',#17829,#4554);
#3062=LINE('',#17831,#4555);
#3063=LINE('',#17833,#4556);
#3064=LINE('',#17835,#4557);
#3065=LINE('',#17837,#4558);
#3066=LINE('',#17839,#4559);
#3067=LINE('',#17841,#4560);
#3068=LINE('',#17843,#4561);
#3069=LINE('',#17845,#4562);
#3070=LINE('',#17847,#4563);
#3071=LINE('',#17849,#4564);
#3072=LINE('',#17851,#4565);
#3073=LINE('',#17853,#4566);
#3074=LINE('',#17855,#4567);
#3075=LINE('',#17857,#4568);
#3076=LINE('',#17859,#4569);
#3077=LINE('',#17861,#4570);
#3078=LINE('',#17863,#4571);
#3079=LINE('',#17865,#4572);
#3080=LINE('',#17868,#4573);
#3081=LINE('',#17869,#4574);
#3082=LINE('',#17871,#4575);
#3083=LINE('',#17873,#4576);
#3084=LINE('',#17875,#4577);
#3085=LINE('',#17877,#4578);
#3086=LINE('',#17879,#4579);
#3087=LINE('',#17881,#4580);
#3088=LINE('',#17883,#4581);
#3089=LINE('',#17885,#4582);
#3090=LINE('',#17887,#4583);
#3091=LINE('',#17889,#4584);
#3092=LINE('',#17891,#4585);
#3093=LINE('',#17893,#4586);
#3094=LINE('',#17895,#4587);
#3095=LINE('',#17897,#4588);
#3096=LINE('',#17899,#4589);
#3097=LINE('',#17901,#4590);
#3098=LINE('',#17903,#4591);
#3099=LINE('',#17905,#4592);
#3100=LINE('',#17907,#4593);
#3101=LINE('',#17909,#4594);
#3102=LINE('',#17911,#4595);
#3103=LINE('',#17913,#4596);
#3104=LINE('',#17915,#4597);
#3105=LINE('',#17917,#4598);
#3106=LINE('',#17919,#4599);
#3107=LINE('',#17921,#4600);
#3108=LINE('',#17923,#4601);
#3109=LINE('',#17925,#4602);
#3110=LINE('',#17927,#4603);
#3111=LINE('',#17929,#4604);
#3112=LINE('',#17931,#4605);
#3113=LINE('',#17933,#4606);
#3114=LINE('',#17935,#4607);
#3115=LINE('',#17937,#4608);
#3116=LINE('',#17939,#4609);
#3117=LINE('',#17941,#4610);
#3118=LINE('',#17943,#4611);
#3119=LINE('',#17945,#4612);
#3120=LINE('',#17947,#4613);
#3121=LINE('',#17949,#4614);
#3122=LINE('',#17951,#4615);
#3123=LINE('',#17953,#4616);
#3124=LINE('',#17956,#4617);
#3125=LINE('',#17959,#4618);
#3126=LINE('',#17962,#4619);
#3127=LINE('',#17965,#4620);
#3128=LINE('',#17968,#4621);
#3129=LINE('',#17970,#4622);
#3130=LINE('',#17972,#4623);
#3131=LINE('',#17974,#4624);
#3132=LINE('',#17976,#4625);
#3133=LINE('',#17978,#4626);
#3134=LINE('',#17980,#4627);
#3135=LINE('',#17982,#4628);
#3136=LINE('',#17984,#4629);
#3137=LINE('',#17986,#4630);
#3138=LINE('',#17988,#4631);
#3139=LINE('',#17990,#4632);
#3140=LINE('',#17992,#4633);
#3141=LINE('',#17994,#4634);
#3142=LINE('',#17996,#4635);
#3143=LINE('',#17998,#4636);
#3144=LINE('',#18000,#4637);
#3145=LINE('',#18002,#4638);
#3146=LINE('',#18004,#4639);
#3147=LINE('',#18006,#4640);
#3148=LINE('',#18008,#4641);
#3149=LINE('',#18010,#4642);
#3150=LINE('',#18012,#4643);
#3151=LINE('',#18014,#4644);
#3152=LINE('',#18016,#4645);
#3153=LINE('',#18018,#4646);
#3154=LINE('',#18020,#4647);
#3155=LINE('',#18022,#4648);
#3156=LINE('',#18024,#4649);
#3157=LINE('',#18026,#4650);
#3158=LINE('',#18028,#4651);
#3159=LINE('',#18030,#4652);
#3160=LINE('',#18032,#4653);
#3161=LINE('',#18034,#4654);
#3162=LINE('',#18036,#4655);
#3163=LINE('',#18038,#4656);
#3164=LINE('',#18040,#4657);
#3165=LINE('',#18042,#4658);
#3166=LINE('',#18044,#4659);
#3167=LINE('',#18047,#4660);
#3168=LINE('',#18050,#4661);
#3169=LINE('',#18053,#4662);
#3170=LINE('',#18056,#4663);
#3171=LINE('',#18059,#4664);
#3172=LINE('',#18061,#4665);
#3173=VECTOR('',#12007,10.);
#3174=VECTOR('',#12010,10.);
#3175=VECTOR('',#12013,10.);
#3176=VECTOR('',#12014,10.);
#3177=VECTOR('',#12015,10.);
#3178=VECTOR('',#12020,10.);
#3179=VECTOR('',#12023,10.);
#3180=VECTOR('',#12034,10.);
#3181=VECTOR('',#12037,10.);
#3182=VECTOR('',#12042,10.);
#3183=VECTOR('',#12051,10.);
#3184=VECTOR('',#12056,10.);
#3185=VECTOR('',#12059,10.);
#3186=VECTOR('',#12062,10.);
#3187=VECTOR('',#12063,10.);
#3188=VECTOR('',#12064,10.);
#3189=VECTOR('',#12069,10.);
#3190=VECTOR('',#12072,10.);
#3191=VECTOR('',#12075,10.);
#3192=VECTOR('',#12076,10.);
#3193=VECTOR('',#12077,10.);
#3194=VECTOR('',#12082,10.);
#3195=VECTOR('',#12085,10.);
#3196=VECTOR('',#12088,10.);
#3197=VECTOR('',#12089,10.);
#3198=VECTOR('',#12090,10.);
#3199=VECTOR('',#12095,10.);
#3200=VECTOR('',#12100,10.);
#3201=VECTOR('',#12101,10.);
#3202=VECTOR('',#12102,10.);
#3203=VECTOR('',#12105,10.);
#3204=VECTOR('',#12108,10.);
#3205=VECTOR('',#12111,10.);
#3206=VECTOR('',#12114,10.);
#3207=VECTOR('',#12121,10.);
#3208=VECTOR('',#12124,10.);
#3209=VECTOR('',#12127,10.);
#3210=VECTOR('',#12130,10.);
#3211=VECTOR('',#12133,10.);
#3212=VECTOR('',#12134,10.);
#3213=VECTOR('',#12135,10.);
#3214=VECTOR('',#12136,10.);
#3215=VECTOR('',#12137,10.);
#3216=VECTOR('',#12138,10.);
#3217=VECTOR('',#12139,10.);
#3218=VECTOR('',#12140,10.);
#3219=VECTOR('',#12141,10.);
#3220=VECTOR('',#12142,9.99999999999999);
#3221=VECTOR('',#12143,10.);
#3222=VECTOR('',#12144,10.);
#3223=VECTOR('',#12145,10.);
#3224=VECTOR('',#12146,10.);
#3225=VECTOR('',#12147,10.);
#3226=VECTOR('',#12148,10.);
#3227=VECTOR('',#12149,10.);
#3228=VECTOR('',#12150,10.);
#3229=VECTOR('',#12151,10.);
#3230=VECTOR('',#12152,10.);
#3231=VECTOR('',#12153,10.);
#3232=VECTOR('',#12154,10.);
#3233=VECTOR('',#12155,10.);
#3234=VECTOR('',#12156,10.);
#3235=VECTOR('',#12157,10.);
#3236=VECTOR('',#12158,10.);
#3237=VECTOR('',#12159,10.);
#3238=VECTOR('',#12160,10.);
#3239=VECTOR('',#12161,10.);
#3240=VECTOR('',#12162,10.);
#3241=VECTOR('',#12163,10.);
#3242=VECTOR('',#12164,10.);
#3243=VECTOR('',#12165,10.);
#3244=VECTOR('',#12166,10.);
#3245=VECTOR('',#12167,10.);
#3246=VECTOR('',#12168,10.);
#3247=VECTOR('',#12169,10.);
#3248=VECTOR('',#12170,10.);
#3249=VECTOR('',#12171,10.);
#3250=VECTOR('',#12172,10.);
#3251=VECTOR('',#12173,10.);
#3252=VECTOR('',#12176,10.);
#3253=VECTOR('',#12179,10.);
#3254=VECTOR('',#12186,10.);
#3255=VECTOR('',#12189,10.);
#3256=VECTOR('',#12192,10.);
#3257=VECTOR('',#12195,10.);
#3258=VECTOR('',#12198,10.);
#3259=VECTOR('',#12205,10.);
#3260=VECTOR('',#12208,10.);
#3261=VECTOR('',#12211,10.);
#3262=VECTOR('',#12212,10.);
#3263=VECTOR('',#12213,10.);
#3264=VECTOR('',#12214,10.);
#3265=VECTOR('',#12215,10.);
#3266=VECTOR('',#12216,10.);
#3267=VECTOR('',#12217,10.);
#3268=VECTOR('',#12218,10.);
#3269=VECTOR('',#12219,10.);
#3270=VECTOR('',#12220,10.);
#3271=VECTOR('',#12221,10.);
#3272=VECTOR('',#12222,10.);
#3273=VECTOR('',#12223,10.);
#3274=VECTOR('',#12224,10.);
#3275=VECTOR('',#12225,10.);
#3276=VECTOR('',#12226,10.);
#3277=VECTOR('',#12227,9.99999999999999);
#3278=VECTOR('',#12228,10.);
#3279=VECTOR('',#12229,10.);
#3280=VECTOR('',#12230,10.);
#3281=VECTOR('',#12231,10.);
#3282=VECTOR('',#12232,10.);
#3283=VECTOR('',#12233,10.);
#3284=VECTOR('',#12234,10.);
#3285=VECTOR('',#12235,10.);
#3286=VECTOR('',#12236,10.);
#3287=VECTOR('',#12237,10.);
#3288=VECTOR('',#12238,10.);
#3289=VECTOR('',#12239,10.);
#3290=VECTOR('',#12240,10.);
#3291=VECTOR('',#12241,10.);
#3292=VECTOR('',#12242,10.);
#3293=VECTOR('',#12243,10.);
#3294=VECTOR('',#12244,10.);
#3295=VECTOR('',#12245,10.);
#3296=VECTOR('',#12246,10.);
#3297=VECTOR('',#12247,10.);
#3298=VECTOR('',#12248,10.);
#3299=VECTOR('',#12249,10.);
#3300=VECTOR('',#12250,10.);
#3301=VECTOR('',#12251,10.);
#3302=VECTOR('',#12252,10.);
#3303=VECTOR('',#12253,10.);
#3304=VECTOR('',#12254,10.);
#3305=VECTOR('',#12257,10.);
#3306=VECTOR('',#12258,10.);
#3307=VECTOR('',#12259,10.);
#3308=VECTOR('',#12260,10.);
#3309=VECTOR('',#12261,10.);
#3310=VECTOR('',#12262,10.);
#3311=VECTOR('',#12263,10.);
#3312=VECTOR('',#12264,10.);
#3313=VECTOR('',#12265,10.);
#3314=VECTOR('',#12266,10.);
#3315=VECTOR('',#12267,10.);
#3316=VECTOR('',#12268,10.);
#3317=VECTOR('',#12269,10.);
#3318=VECTOR('',#12270,10.);
#3319=VECTOR('',#12271,10.);
#3320=VECTOR('',#12272,10.);
#3321=VECTOR('',#12273,10.);
#3322=VECTOR('',#12274,10.);
#3323=VECTOR('',#12275,10.);
#3324=VECTOR('',#12276,10.);
#3325=VECTOR('',#12277,10.);
#3326=VECTOR('',#12278,10.);
#3327=VECTOR('',#12279,10.);
#3328=VECTOR('',#12280,10.);
#3329=VECTOR('',#12281,10.);
#3330=VECTOR('',#12282,10.);
#3331=VECTOR('',#12283,10.);
#3332=VECTOR('',#12284,10.);
#3333=VECTOR('',#12285,10.);
#3334=VECTOR('',#12286,10.);
#3335=VECTOR('',#12287,10.);
#3336=VECTOR('',#12288,10.);
#3337=VECTOR('',#12289,10.);
#3338=VECTOR('',#12290,10.);
#3339=VECTOR('',#12291,10.);
#3340=VECTOR('',#12292,10.);
#3341=VECTOR('',#12293,10.);
#3342=VECTOR('',#12294,10.);
#3343=VECTOR('',#12295,10.);
#3344=VECTOR('',#12296,10.);
#3345=VECTOR('',#12297,10.);
#3346=VECTOR('',#12298,10.);
#3347=VECTOR('',#12299,10.);
#3348=VECTOR('',#12300,10.);
#3349=VECTOR('',#12301,10.);
#3350=VECTOR('',#12302,10.);
#3351=VECTOR('',#12303,10.);
#3352=VECTOR('',#12304,10.);
#3353=VECTOR('',#12305,10.);
#3354=VECTOR('',#12306,10.);
#3355=VECTOR('',#12307,10.);
#3356=VECTOR('',#12308,10.);
#3357=VECTOR('',#12309,10.);
#3358=VECTOR('',#12310,10.);
#3359=VECTOR('',#12311,10.);
#3360=VECTOR('',#12312,10.);
#3361=VECTOR('',#12313,10.);
#3362=VECTOR('',#12314,10.);
#3363=VECTOR('',#12315,10.);
#3364=VECTOR('',#12316,10.);
#3365=VECTOR('',#12317,10.);
#3366=VECTOR('',#12318,10.);
#3367=VECTOR('',#12319,10.);
#3368=VECTOR('',#12320,10.);
#3369=VECTOR('',#12321,10.);
#3370=VECTOR('',#12322,10.);
#3371=VECTOR('',#12323,10.);
#3372=VECTOR('',#12324,10.);
#3373=VECTOR('',#12325,10.);
#3374=VECTOR('',#12326,10.);
#3375=VECTOR('',#12327,10.);
#3376=VECTOR('',#12328,10.);
#3377=VECTOR('',#12329,10.);
#3378=VECTOR('',#12330,10.);
#3379=VECTOR('',#12331,10.);
#3380=VECTOR('',#12332,10.);
#3381=VECTOR('',#12333,10.);
#3382=VECTOR('',#12334,10.);
#3383=VECTOR('',#12335,10.);
#3384=VECTOR('',#12336,10.);
#3385=VECTOR('',#12337,10.);
#3386=VECTOR('',#12338,10.);
#3387=VECTOR('',#12339,10.);
#3388=VECTOR('',#12340,10.);
#3389=VECTOR('',#12341,10.);
#3390=VECTOR('',#12342,10.);
#3391=VECTOR('',#12343,10.);
#3392=VECTOR('',#12344,10.);
#3393=VECTOR('',#12345,10.);
#3394=VECTOR('',#12346,10.);
#3395=VECTOR('',#12347,10.);
#3396=VECTOR('',#12348,10.);
#3397=VECTOR('',#12349,10.);
#3398=VECTOR('',#12350,10.);
#3399=VECTOR('',#12351,10.);
#3400=VECTOR('',#12352,10.);
#3401=VECTOR('',#12353,10.);
#3402=VECTOR('',#12354,10.);
#3403=VECTOR('',#12355,10.);
#3404=VECTOR('',#12356,10.);
#3405=VECTOR('',#12359,10.);
#3406=VECTOR('',#12360,10.);
#3407=VECTOR('',#12361,10.);
#3408=VECTOR('',#12362,10.);
#3409=VECTOR('',#12363,10.);
#3410=VECTOR('',#12364,10.);
#3411=VECTOR('',#12365,10.);
#3412=VECTOR('',#12366,10.);
#3413=VECTOR('',#12367,10.);
#3414=VECTOR('',#12368,10.);
#3415=VECTOR('',#12369,10.);
#3416=VECTOR('',#12370,10.);
#3417=VECTOR('',#12371,10.);
#3418=VECTOR('',#12372,10.);
#3419=VECTOR('',#12373,10.);
#3420=VECTOR('',#12374,10.);
#3421=VECTOR('',#12375,10.);
#3422=VECTOR('',#12376,10.);
#3423=VECTOR('',#12377,10.);
#3424=VECTOR('',#12378,10.);
#3425=VECTOR('',#12381,10.);
#3426=VECTOR('',#12382,10.);
#3427=VECTOR('',#12383,10.);
#3428=VECTOR('',#12384,10.);
#3429=VECTOR('',#12385,10.);
#3430=VECTOR('',#12386,10.);
#3431=VECTOR('',#12387,10.);
#3432=VECTOR('',#12388,10.);
#3433=VECTOR('',#12389,10.);
#3434=VECTOR('',#12390,10.);
#3435=VECTOR('',#12391,10.);
#3436=VECTOR('',#12392,10.);
#3437=VECTOR('',#12393,10.);
#3438=VECTOR('',#12394,10.);
#3439=VECTOR('',#12395,10.);
#3440=VECTOR('',#12396,10.);
#3441=VECTOR('',#12397,10.);
#3442=VECTOR('',#12398,10.);
#3443=VECTOR('',#12399,10.);
#3444=VECTOR('',#12400,10.);
#3445=VECTOR('',#12401,10.);
#3446=VECTOR('',#12402,10.);
#3447=VECTOR('',#12403,10.);
#3448=VECTOR('',#12404,10.);
#3449=VECTOR('',#12405,10.);
#3450=VECTOR('',#12406,10.);
#3451=VECTOR('',#12407,10.);
#3452=VECTOR('',#12408,10.);
#3453=VECTOR('',#12409,10.);
#3454=VECTOR('',#12410,10.);
#3455=VECTOR('',#12411,10.);
#3456=VECTOR('',#12412,10.);
#3457=VECTOR('',#12413,10.);
#3458=VECTOR('',#12414,10.);
#3459=VECTOR('',#12415,10.);
#3460=VECTOR('',#12416,10.);
#3461=VECTOR('',#12417,10.);
#3462=VECTOR('',#12418,10.);
#3463=VECTOR('',#12419,10.);
#3464=VECTOR('',#12420,10.);
#3465=VECTOR('',#12421,10.);
#3466=VECTOR('',#12422,10.);
#3467=VECTOR('',#12423,10.);
#3468=VECTOR('',#12424,10.);
#3469=VECTOR('',#12425,10.);
#3470=VECTOR('',#12426,10.);
#3471=VECTOR('',#12427,10.);
#3472=VECTOR('',#12428,10.);
#3473=VECTOR('',#12429,10.);
#3474=VECTOR('',#12430,10.);
#3475=VECTOR('',#12431,10.);
#3476=VECTOR('',#12432,10.);
#3477=VECTOR('',#12433,10.);
#3478=VECTOR('',#12434,10.);
#3479=VECTOR('',#12435,10.);
#3480=VECTOR('',#12436,10.);
#3481=VECTOR('',#12437,10.);
#3482=VECTOR('',#12438,10.);
#3483=VECTOR('',#12439,10.);
#3484=VECTOR('',#12440,10.);
#3485=VECTOR('',#12441,10.);
#3486=VECTOR('',#12442,10.);
#3487=VECTOR('',#12443,10.);
#3488=VECTOR('',#12444,10.);
#3489=VECTOR('',#12445,10.);
#3490=VECTOR('',#12446,10.);
#3491=VECTOR('',#12447,10.);
#3492=VECTOR('',#12448,10.);
#3493=VECTOR('',#12449,10.);
#3494=VECTOR('',#12450,10.);
#3495=VECTOR('',#12451,10.);
#3496=VECTOR('',#12452,10.);
#3497=VECTOR('',#12453,10.);
#3498=VECTOR('',#12454,10.);
#3499=VECTOR('',#12455,10.);
#3500=VECTOR('',#12456,10.);
#3501=VECTOR('',#12457,10.);
#3502=VECTOR('',#12458,10.);
#3503=VECTOR('',#12459,10.);
#3504=VECTOR('',#12460,10.);
#3505=VECTOR('',#12461,10.);
#3506=VECTOR('',#12462,10.);
#3507=VECTOR('',#12463,10.);
#3508=VECTOR('',#12464,10.);
#3509=VECTOR('',#12465,10.);
#3510=VECTOR('',#12466,10.);
#3511=VECTOR('',#12467,10.);
#3512=VECTOR('',#12468,10.);
#3513=VECTOR('',#12469,10.);
#3514=VECTOR('',#12470,10.);
#3515=VECTOR('',#12471,10.);
#3516=VECTOR('',#12472,10.);
#3517=VECTOR('',#12473,10.);
#3518=VECTOR('',#12474,10.);
#3519=VECTOR('',#12475,10.);
#3520=VECTOR('',#12476,10.);
#3521=VECTOR('',#12477,10.);
#3522=VECTOR('',#12478,10.);
#3523=VECTOR('',#12479,10.);
#3524=VECTOR('',#12480,10.);
#3525=VECTOR('',#12481,10.);
#3526=VECTOR('',#12482,10.);
#3527=VECTOR('',#12483,10.);
#3528=VECTOR('',#12484,10.);
#3529=VECTOR('',#12485,10.);
#3530=VECTOR('',#12486,10.);
#3531=VECTOR('',#12487,10.);
#3532=VECTOR('',#12488,10.);
#3533=VECTOR('',#12489,10.);
#3534=VECTOR('',#12490,10.);
#3535=VECTOR('',#12491,10.);
#3536=VECTOR('',#12492,10.);
#3537=VECTOR('',#12493,10.);
#3538=VECTOR('',#12494,10.);
#3539=VECTOR('',#12495,10.);
#3540=VECTOR('',#12496,10.);
#3541=VECTOR('',#12497,10.);
#3542=VECTOR('',#12498,10.);
#3543=VECTOR('',#12499,10.);
#3544=VECTOR('',#12500,10.);
#3545=VECTOR('',#12501,10.);
#3546=VECTOR('',#12502,10.);
#3547=VECTOR('',#12503,10.);
#3548=VECTOR('',#12504,10.);
#3549=VECTOR('',#12505,10.);
#3550=VECTOR('',#12506,10.);
#3551=VECTOR('',#12507,10.);
#3552=VECTOR('',#12508,10.);
#3553=VECTOR('',#12509,10.);
#3554=VECTOR('',#12510,10.);
#3555=VECTOR('',#12511,10.);
#3556=VECTOR('',#12512,10.);
#3557=VECTOR('',#12513,10.);
#3558=VECTOR('',#12514,10.);
#3559=VECTOR('',#12515,10.);
#3560=VECTOR('',#12516,10.);
#3561=VECTOR('',#12517,10.);
#3562=VECTOR('',#12518,10.);
#3563=VECTOR('',#12519,10.);
#3564=VECTOR('',#12520,10.);
#3565=VECTOR('',#12521,10.);
#3566=VECTOR('',#12522,10.);
#3567=VECTOR('',#12523,10.);
#3568=VECTOR('',#12524,10.);
#3569=VECTOR('',#12525,10.);
#3570=VECTOR('',#12526,10.);
#3571=VECTOR('',#12527,10.);
#3572=VECTOR('',#12528,10.);
#3573=VECTOR('',#12529,10.);
#3574=VECTOR('',#12530,10.);
#3575=VECTOR('',#12531,10.);
#3576=VECTOR('',#12532,10.);
#3577=VECTOR('',#12533,10.);
#3578=VECTOR('',#12534,10.);
#3579=VECTOR('',#12535,10.);
#3580=VECTOR('',#12536,10.);
#3581=VECTOR('',#12537,10.);
#3582=VECTOR('',#12538,10.);
#3583=VECTOR('',#12539,10.);
#3584=VECTOR('',#12540,10.);
#3585=VECTOR('',#12543,10.);
#3586=VECTOR('',#12544,10.);
#3587=VECTOR('',#12545,10.);
#3588=VECTOR('',#12546,10.);
#3589=VECTOR('',#12547,10.);
#3590=VECTOR('',#12548,10.);
#3591=VECTOR('',#12549,10.);
#3592=VECTOR('',#12550,10.);
#3593=VECTOR('',#12551,10.);
#3594=VECTOR('',#12552,10.);
#3595=VECTOR('',#12553,10.);
#3596=VECTOR('',#12554,10.);
#3597=VECTOR('',#12555,10.);
#3598=VECTOR('',#12556,10.);
#3599=VECTOR('',#12557,10.);
#3600=VECTOR('',#12558,10.);
#3601=VECTOR('',#12559,10.);
#3602=VECTOR('',#12560,10.);
#3603=VECTOR('',#12561,10.);
#3604=VECTOR('',#12562,10.);
#3605=VECTOR('',#12563,10.);
#3606=VECTOR('',#12564,10.);
#3607=VECTOR('',#12565,10.);
#3608=VECTOR('',#12566,10.);
#3609=VECTOR('',#12567,10.);
#3610=VECTOR('',#12568,10.);
#3611=VECTOR('',#12569,10.);
#3612=VECTOR('',#12570,10.);
#3613=VECTOR('',#12571,10.);
#3614=VECTOR('',#12572,10.);
#3615=VECTOR('',#12573,10.);
#3616=VECTOR('',#12574,10.);
#3617=VECTOR('',#12575,10.);
#3618=VECTOR('',#12576,10.);
#3619=VECTOR('',#12577,10.);
#3620=VECTOR('',#12578,10.);
#3621=VECTOR('',#12579,10.);
#3622=VECTOR('',#12580,10.);
#3623=VECTOR('',#12581,10.);
#3624=VECTOR('',#12582,10.);
#3625=VECTOR('',#12583,10.);
#3626=VECTOR('',#12584,10.);
#3627=VECTOR('',#12585,10.);
#3628=VECTOR('',#12586,10.);
#3629=VECTOR('',#12587,10.);
#3630=VECTOR('',#12588,10.);
#3631=VECTOR('',#12589,10.);
#3632=VECTOR('',#12590,10.);
#3633=VECTOR('',#12591,10.);
#3634=VECTOR('',#12592,10.);
#3635=VECTOR('',#12593,10.);
#3636=VECTOR('',#12594,10.);
#3637=VECTOR('',#12595,10.);
#3638=VECTOR('',#12596,10.);
#3639=VECTOR('',#12597,10.);
#3640=VECTOR('',#12598,10.);
#3641=VECTOR('',#12599,10.);
#3642=VECTOR('',#12600,10.);
#3643=VECTOR('',#12601,10.);
#3644=VECTOR('',#12602,10.);
#3645=VECTOR('',#12603,10.);
#3646=VECTOR('',#12604,10.);
#3647=VECTOR('',#12605,10.);
#3648=VECTOR('',#12606,10.);
#3649=VECTOR('',#12607,10.);
#3650=VECTOR('',#12608,10.);
#3651=VECTOR('',#12609,10.);
#3652=VECTOR('',#12610,10.);
#3653=VECTOR('',#12611,10.);
#3654=VECTOR('',#12612,10.);
#3655=VECTOR('',#12613,10.);
#3656=VECTOR('',#12614,10.);
#3657=VECTOR('',#12615,10.);
#3658=VECTOR('',#12616,10.);
#3659=VECTOR('',#12617,10.);
#3660=VECTOR('',#12618,10.);
#3661=VECTOR('',#12619,10.);
#3662=VECTOR('',#12620,10.);
#3663=VECTOR('',#12621,10.);
#3664=VECTOR('',#12622,10.);
#3665=VECTOR('',#12631,10.);
#3666=VECTOR('',#12634,10.);
#3667=VECTOR('',#12637,10.);
#3668=VECTOR('',#12648,10.);
#3669=VECTOR('',#12651,10.);
#3670=VECTOR('',#12654,10.);
#3671=VECTOR('',#12665,10.);
#3672=VECTOR('',#12668,10.);
#3673=VECTOR('',#12671,10.);
#3674=VECTOR('',#12678,10.);
#3675=VECTOR('',#12683,10.);
#3676=VECTOR('',#12686,10.);
#3677=VECTOR('',#12687,10.);
#3678=VECTOR('',#12688,10.);
#3679=VECTOR('',#12689,10.);
#3680=VECTOR('',#12690,10.);
#3681=VECTOR('',#12691,10.);
#3682=VECTOR('',#12692,10.);
#3683=VECTOR('',#12693,10.);
#3684=VECTOR('',#12694,10.);
#3685=VECTOR('',#12695,10.);
#3686=VECTOR('',#12696,10.);
#3687=VECTOR('',#12697,10.);
#3688=VECTOR('',#12698,10.);
#3689=VECTOR('',#12699,10.);
#3690=VECTOR('',#12700,10.);
#3691=VECTOR('',#12701,10.);
#3692=VECTOR('',#12702,10.);
#3693=VECTOR('',#12703,10.);
#3694=VECTOR('',#12704,10.);
#3695=VECTOR('',#12705,10.);
#3696=VECTOR('',#12706,10.);
#3697=VECTOR('',#12707,10.);
#3698=VECTOR('',#12708,10.);
#3699=VECTOR('',#12709,10.);
#3700=VECTOR('',#12710,10.);
#3701=VECTOR('',#12711,10.);
#3702=VECTOR('',#12712,10.);
#3703=VECTOR('',#12713,9.99999999999999);
#3704=VECTOR('',#12714,10.);
#3705=VECTOR('',#12715,10.);
#3706=VECTOR('',#12716,10.);
#3707=VECTOR('',#12717,10.);
#3708=VECTOR('',#12718,10.);
#3709=VECTOR('',#12719,10.);
#3710=VECTOR('',#12720,10.);
#3711=VECTOR('',#12721,10.);
#3712=VECTOR('',#12722,10.);
#3713=VECTOR('',#12723,10.);
#3714=VECTOR('',#12724,10.);
#3715=VECTOR('',#12725,10.);
#3716=VECTOR('',#12726,10.);
#3717=VECTOR('',#12727,10.);
#3718=VECTOR('',#12728,10.);
#3719=VECTOR('',#12729,10.);
#3720=VECTOR('',#12732,10.);
#3721=VECTOR('',#12735,10.);
#3722=VECTOR('',#12742,10.);
#3723=VECTOR('',#12745,10.);
#3724=VECTOR('',#12748,10.);
#3725=VECTOR('',#12751,10.);
#3726=VECTOR('',#12754,10.);
#3727=VECTOR('',#12761,10.);
#3728=VECTOR('',#12764,10.);
#3729=VECTOR('',#12767,10.);
#3730=VECTOR('',#12768,10.);
#3731=VECTOR('',#12769,10.);
#3732=VECTOR('',#12770,10.);
#3733=VECTOR('',#12771,10.);
#3734=VECTOR('',#12772,10.);
#3735=VECTOR('',#12773,10.);
#3736=VECTOR('',#12774,10.);
#3737=VECTOR('',#12775,10.);
#3738=VECTOR('',#12776,10.);
#3739=VECTOR('',#12777,10.);
#3740=VECTOR('',#12778,10.);
#3741=VECTOR('',#12779,10.);
#3742=VECTOR('',#12780,10.);
#3743=VECTOR('',#12781,10.);
#3744=VECTOR('',#12782,10.);
#3745=VECTOR('',#12783,10.);
#3746=VECTOR('',#12784,10.);
#3747=VECTOR('',#12785,10.);
#3748=VECTOR('',#12786,10.);
#3749=VECTOR('',#12787,10.);
#3750=VECTOR('',#12788,10.);
#3751=VECTOR('',#12789,10.);
#3752=VECTOR('',#12790,10.);
#3753=VECTOR('',#12791,10.);
#3754=VECTOR('',#12792,10.);
#3755=VECTOR('',#12793,10.);
#3756=VECTOR('',#12794,10.);
#3757=VECTOR('',#12795,10.);
#3758=VECTOR('',#12796,10.);
#3759=VECTOR('',#12797,10.);
#3760=VECTOR('',#12798,9.99999999999999);
#3761=VECTOR('',#12799,10.);
#3762=VECTOR('',#12800,10.);
#3763=VECTOR('',#12801,10.);
#3764=VECTOR('',#12802,10.);
#3765=VECTOR('',#12803,10.);
#3766=VECTOR('',#12804,10.);
#3767=VECTOR('',#12805,10.);
#3768=VECTOR('',#12806,10.);
#3769=VECTOR('',#12807,10.);
#3770=VECTOR('',#12810,10.);
#3771=VECTOR('',#12813,10.);
#3772=VECTOR('',#12816,10.);
#3773=VECTOR('',#12819,10.);
#3774=VECTOR('',#12826,10.);
#3775=VECTOR('',#12829,10.);
#3776=VECTOR('',#12832,10.);
#3777=VECTOR('',#12837,10.);
#3778=VECTOR('',#12842,10.);
#3779=VECTOR('',#12845,10.);
#3780=VECTOR('',#12848,10.);
#3781=VECTOR('',#12859,10.);
#3782=VECTOR('',#12862,10.);
#3783=VECTOR('',#12865,10.);
#3784=VECTOR('',#12876,10.);
#3785=VECTOR('',#12879,10.);
#3786=VECTOR('',#12882,10.);
#3787=VECTOR('',#12891,10.);
#3788=VECTOR('',#12892,10.);
#3789=VECTOR('',#12893,10.);
#3790=VECTOR('',#12894,10.);
#3791=VECTOR('',#12895,10.);
#3792=VECTOR('',#12896,10.);
#3793=VECTOR('',#12897,10.);
#3794=VECTOR('',#12898,10.);
#3795=VECTOR('',#12899,10.);
#3796=VECTOR('',#12900,10.);
#3797=VECTOR('',#12901,10.);
#3798=VECTOR('',#12902,10.);
#3799=VECTOR('',#12903,10.);
#3800=VECTOR('',#12904,10.);
#3801=VECTOR('',#12905,10.);
#3802=VECTOR('',#12906,10.);
#3803=VECTOR('',#12907,10.);
#3804=VECTOR('',#12908,10.);
#3805=VECTOR('',#12909,10.);
#3806=VECTOR('',#12910,10.);
#3807=VECTOR('',#12911,10.);
#3808=VECTOR('',#12912,10.);
#3809=VECTOR('',#12913,10.);
#3810=VECTOR('',#12914,10.);
#3811=VECTOR('',#12915,10.);
#3812=VECTOR('',#12916,10.);
#3813=VECTOR('',#12917,10.);
#3814=VECTOR('',#12918,10.);
#3815=VECTOR('',#12919,10.);
#3816=VECTOR('',#12920,10.);
#3817=VECTOR('',#12921,10.);
#3818=VECTOR('',#12922,10.);
#3819=VECTOR('',#12923,10.);
#3820=VECTOR('',#12924,10.);
#3821=VECTOR('',#12925,10.);
#3822=VECTOR('',#12926,10.);
#3823=VECTOR('',#12927,10.);
#3824=VECTOR('',#12928,10.);
#3825=VECTOR('',#12929,10.);
#3826=VECTOR('',#12930,10.);
#3827=VECTOR('',#12931,10.);
#3828=VECTOR('',#12932,10.);
#3829=VECTOR('',#12933,10.);
#3830=VECTOR('',#12934,10.);
#3831=VECTOR('',#12935,10.);
#3832=VECTOR('',#12936,10.);
#3833=VECTOR('',#12937,10.);
#3834=VECTOR('',#12938,10.);
#3835=VECTOR('',#12939,10.);
#3836=VECTOR('',#12940,10.);
#3837=VECTOR('',#12941,10.);
#3838=VECTOR('',#12942,10.);
#3839=VECTOR('',#12943,10.);
#3840=VECTOR('',#12944,10.);
#3841=VECTOR('',#12945,10.);
#3842=VECTOR('',#12946,10.);
#3843=VECTOR('',#12947,10.);
#3844=VECTOR('',#12948,10.);
#3845=VECTOR('',#12949,10.);
#3846=VECTOR('',#12950,10.);
#3847=VECTOR('',#12951,10.);
#3848=VECTOR('',#12952,10.);
#3849=VECTOR('',#12953,10.);
#3850=VECTOR('',#12954,10.);
#3851=VECTOR('',#12955,10.);
#3852=VECTOR('',#12956,10.);
#3853=VECTOR('',#12957,10.);
#3854=VECTOR('',#12958,10.);
#3855=VECTOR('',#12959,10.);
#3856=VECTOR('',#12960,10.);
#3857=VECTOR('',#12961,10.);
#3858=VECTOR('',#12962,10.);
#3859=VECTOR('',#12963,10.);
#3860=VECTOR('',#12964,10.);
#3861=VECTOR('',#12965,10.);
#3862=VECTOR('',#12966,10.);
#3863=VECTOR('',#12967,10.);
#3864=VECTOR('',#12968,10.);
#3865=VECTOR('',#12969,10.);
#3866=VECTOR('',#12970,10.);
#3867=VECTOR('',#12971,10.);
#3868=VECTOR('',#12972,10.);
#3869=VECTOR('',#12973,10.);
#3870=VECTOR('',#12974,10.);
#3871=VECTOR('',#12975,10.);
#3872=VECTOR('',#12976,10.);
#3873=VECTOR('',#12977,10.);
#3874=VECTOR('',#12978,10.);
#3875=VECTOR('',#12979,10.);
#3876=VECTOR('',#12980,10.);
#3877=VECTOR('',#12981,10.);
#3878=VECTOR('',#12982,10.);
#3879=VECTOR('',#12983,10.);
#3880=VECTOR('',#12984,10.);
#3881=VECTOR('',#12985,10.);
#3882=VECTOR('',#12986,10.);
#3883=VECTOR('',#12987,10.);
#3884=VECTOR('',#12988,10.);
#3885=VECTOR('',#12989,10.);
#3886=VECTOR('',#12990,10.);
#3887=VECTOR('',#12993,10.);
#3888=VECTOR('',#12994,10.);
#3889=VECTOR('',#12995,10.);
#3890=VECTOR('',#12996,10.);
#3891=VECTOR('',#12997,10.);
#3892=VECTOR('',#12998,10.);
#3893=VECTOR('',#12999,10.);
#3894=VECTOR('',#13000,10.);
#3895=VECTOR('',#13001,10.);
#3896=VECTOR('',#13002,10.);
#3897=VECTOR('',#13003,10.);
#3898=VECTOR('',#13004,10.);
#3899=VECTOR('',#13005,10.);
#3900=VECTOR('',#13006,10.);
#3901=VECTOR('',#13007,10.);
#3902=VECTOR('',#13008,10.);
#3903=VECTOR('',#13009,10.);
#3904=VECTOR('',#13010,10.);
#3905=VECTOR('',#13011,10.);
#3906=VECTOR('',#13012,10.);
#3907=VECTOR('',#13015,10.);
#3908=VECTOR('',#13016,10.);
#3909=VECTOR('',#13017,10.);
#3910=VECTOR('',#13018,10.);
#3911=VECTOR('',#13019,10.);
#3912=VECTOR('',#13020,10.);
#3913=VECTOR('',#13021,10.);
#3914=VECTOR('',#13022,10.);
#3915=VECTOR('',#13023,10.);
#3916=VECTOR('',#13024,10.);
#3917=VECTOR('',#13025,10.);
#3918=VECTOR('',#13026,10.);
#3919=VECTOR('',#13027,10.);
#3920=VECTOR('',#13028,10.);
#3921=VECTOR('',#13029,10.);
#3922=VECTOR('',#13030,10.);
#3923=VECTOR('',#13031,10.);
#3924=VECTOR('',#13032,10.);
#3925=VECTOR('',#13033,10.);
#3926=VECTOR('',#13034,10.);
#3927=VECTOR('',#13035,10.);
#3928=VECTOR('',#13036,10.);
#3929=VECTOR('',#13037,10.);
#3930=VECTOR('',#13038,10.);
#3931=VECTOR('',#13039,10.);
#3932=VECTOR('',#13040,10.);
#3933=VECTOR('',#13041,10.);
#3934=VECTOR('',#13042,10.);
#3935=VECTOR('',#13043,10.);
#3936=VECTOR('',#13044,10.);
#3937=VECTOR('',#13045,10.);
#3938=VECTOR('',#13046,10.);
#3939=VECTOR('',#13047,10.);
#3940=VECTOR('',#13048,10.);
#3941=VECTOR('',#13049,10.);
#3942=VECTOR('',#13050,10.);
#3943=VECTOR('',#13051,10.);
#3944=VECTOR('',#13052,10.);
#3945=VECTOR('',#13053,10.);
#3946=VECTOR('',#13054,10.);
#3947=VECTOR('',#13055,10.);
#3948=VECTOR('',#13056,10.);
#3949=VECTOR('',#13057,10.);
#3950=VECTOR('',#13058,10.);
#3951=VECTOR('',#13059,10.);
#3952=VECTOR('',#13060,10.);
#3953=VECTOR('',#13061,10.);
#3954=VECTOR('',#13062,10.);
#3955=VECTOR('',#13063,10.);
#3956=VECTOR('',#13064,10.);
#3957=VECTOR('',#13065,10.);
#3958=VECTOR('',#13066,10.);
#3959=VECTOR('',#13067,10.);
#3960=VECTOR('',#13068,10.);
#3961=VECTOR('',#13069,10.);
#3962=VECTOR('',#13070,10.);
#3963=VECTOR('',#13071,10.);
#3964=VECTOR('',#13072,10.);
#3965=VECTOR('',#13073,10.);
#3966=VECTOR('',#13074,10.);
#3967=VECTOR('',#13075,10.);
#3968=VECTOR('',#13076,10.);
#3969=VECTOR('',#13077,10.);
#3970=VECTOR('',#13078,10.);
#3971=VECTOR('',#13079,10.);
#3972=VECTOR('',#13080,10.);
#3973=VECTOR('',#13081,10.);
#3974=VECTOR('',#13082,10.);
#3975=VECTOR('',#13083,10.);
#3976=VECTOR('',#13084,10.);
#3977=VECTOR('',#13085,10.);
#3978=VECTOR('',#13086,10.);
#3979=VECTOR('',#13087,10.);
#3980=VECTOR('',#13088,10.);
#3981=VECTOR('',#13089,10.);
#3982=VECTOR('',#13090,10.);
#3983=VECTOR('',#13091,10.);
#3984=VECTOR('',#13092,10.);
#3985=VECTOR('',#13093,10.);
#3986=VECTOR('',#13094,10.);
#3987=VECTOR('',#13095,10.);
#3988=VECTOR('',#13096,10.);
#3989=VECTOR('',#13097,10.);
#3990=VECTOR('',#13098,10.);
#3991=VECTOR('',#13099,10.);
#3992=VECTOR('',#13100,10.);
#3993=VECTOR('',#13101,10.);
#3994=VECTOR('',#13102,10.);
#3995=VECTOR('',#13103,10.);
#3996=VECTOR('',#13104,10.);
#3997=VECTOR('',#13105,10.);
#3998=VECTOR('',#13106,10.);
#3999=VECTOR('',#13107,10.);
#4000=VECTOR('',#13108,10.);
#4001=VECTOR('',#13109,10.);
#4002=VECTOR('',#13110,10.);
#4003=VECTOR('',#13111,10.);
#4004=VECTOR('',#13112,10.);
#4005=VECTOR('',#13113,10.);
#4006=VECTOR('',#13114,10.);
#4007=VECTOR('',#13115,10.);
#4008=VECTOR('',#13116,10.);
#4009=VECTOR('',#13117,10.);
#4010=VECTOR('',#13118,10.);
#4011=VECTOR('',#13119,10.);
#4012=VECTOR('',#13120,10.);
#4013=VECTOR('',#13121,10.);
#4014=VECTOR('',#13122,10.);
#4015=VECTOR('',#13123,10.);
#4016=VECTOR('',#13124,10.);
#4017=VECTOR('',#13125,10.);
#4018=VECTOR('',#13126,10.);
#4019=VECTOR('',#13127,10.);
#4020=VECTOR('',#13128,10.);
#4021=VECTOR('',#13129,10.);
#4022=VECTOR('',#13130,10.);
#4023=VECTOR('',#13131,10.);
#4024=VECTOR('',#13132,10.);
#4025=VECTOR('',#13133,10.);
#4026=VECTOR('',#13134,10.);
#4027=VECTOR('',#13135,10.);
#4028=VECTOR('',#13136,10.);
#4029=VECTOR('',#13137,10.);
#4030=VECTOR('',#13138,10.);
#4031=VECTOR('',#13139,10.);
#4032=VECTOR('',#13140,10.);
#4033=VECTOR('',#13141,10.);
#4034=VECTOR('',#13142,10.);
#4035=VECTOR('',#13143,10.);
#4036=VECTOR('',#13144,10.);
#4037=VECTOR('',#13145,10.);
#4038=VECTOR('',#13146,10.);
#4039=VECTOR('',#13147,10.);
#4040=VECTOR('',#13148,10.);
#4041=VECTOR('',#13149,10.);
#4042=VECTOR('',#13150,10.);
#4043=VECTOR('',#13151,10.);
#4044=VECTOR('',#13152,10.);
#4045=VECTOR('',#13153,10.);
#4046=VECTOR('',#13154,10.);
#4047=VECTOR('',#13155,10.);
#4048=VECTOR('',#13156,10.);
#4049=VECTOR('',#13157,10.);
#4050=VECTOR('',#13158,10.);
#4051=VECTOR('',#13159,10.);
#4052=VECTOR('',#13160,10.);
#4053=VECTOR('',#13161,10.);
#4054=VECTOR('',#13162,10.);
#4055=VECTOR('',#13163,10.);
#4056=VECTOR('',#13164,10.);
#4057=VECTOR('',#13165,10.);
#4058=VECTOR('',#13166,10.);
#4059=VECTOR('',#13167,10.);
#4060=VECTOR('',#13168,10.);
#4061=VECTOR('',#13169,10.);
#4062=VECTOR('',#13170,10.);
#4063=VECTOR('',#13171,10.);
#4064=VECTOR('',#13172,10.);
#4065=VECTOR('',#13173,10.);
#4066=VECTOR('',#13174,10.);
#4067=VECTOR('',#13177,10.);
#4068=VECTOR('',#13178,10.);
#4069=VECTOR('',#13179,10.);
#4070=VECTOR('',#13180,10.);
#4071=VECTOR('',#13181,10.);
#4072=VECTOR('',#13182,10.);
#4073=VECTOR('',#13183,10.);
#4074=VECTOR('',#13184,10.);
#4075=VECTOR('',#13185,10.);
#4076=VECTOR('',#13186,10.);
#4077=VECTOR('',#13187,10.);
#4078=VECTOR('',#13188,10.);
#4079=VECTOR('',#13189,10.);
#4080=VECTOR('',#13190,10.);
#4081=VECTOR('',#13191,10.);
#4082=VECTOR('',#13192,10.);
#4083=VECTOR('',#13193,10.);
#4084=VECTOR('',#13194,10.);
#4085=VECTOR('',#13195,10.);
#4086=VECTOR('',#13196,10.);
#4087=VECTOR('',#13197,10.);
#4088=VECTOR('',#13198,10.);
#4089=VECTOR('',#13199,10.);
#4090=VECTOR('',#13200,10.);
#4091=VECTOR('',#13201,10.);
#4092=VECTOR('',#13202,10.);
#4093=VECTOR('',#13203,10.);
#4094=VECTOR('',#13204,10.);
#4095=VECTOR('',#13205,10.);
#4096=VECTOR('',#13206,10.);
#4097=VECTOR('',#13207,10.);
#4098=VECTOR('',#13208,10.);
#4099=VECTOR('',#13209,10.);
#4100=VECTOR('',#13210,10.);
#4101=VECTOR('',#13211,10.);
#4102=VECTOR('',#13212,10.);
#4103=VECTOR('',#13213,10.);
#4104=VECTOR('',#13214,10.);
#4105=VECTOR('',#13215,10.);
#4106=VECTOR('',#13216,10.);
#4107=VECTOR('',#13217,10.);
#4108=VECTOR('',#13218,10.);
#4109=VECTOR('',#13219,10.);
#4110=VECTOR('',#13220,10.);
#4111=VECTOR('',#13221,10.);
#4112=VECTOR('',#13222,10.);
#4113=VECTOR('',#13223,10.);
#4114=VECTOR('',#13224,10.);
#4115=VECTOR('',#13225,10.);
#4116=VECTOR('',#13226,10.);
#4117=VECTOR('',#13227,10.);
#4118=VECTOR('',#13228,10.);
#4119=VECTOR('',#13229,10.);
#4120=VECTOR('',#13230,10.);
#4121=VECTOR('',#13231,10.);
#4122=VECTOR('',#13232,10.);
#4123=VECTOR('',#13233,10.);
#4124=VECTOR('',#13234,10.);
#4125=VECTOR('',#13235,10.);
#4126=VECTOR('',#13236,10.);
#4127=VECTOR('',#13237,10.);
#4128=VECTOR('',#13238,10.);
#4129=VECTOR('',#13239,10.);
#4130=VECTOR('',#13240,10.);
#4131=VECTOR('',#13241,10.);
#4132=VECTOR('',#13242,10.);
#4133=VECTOR('',#13243,10.);
#4134=VECTOR('',#13244,10.);
#4135=VECTOR('',#13245,10.);
#4136=VECTOR('',#13246,10.);
#4137=VECTOR('',#13247,10.);
#4138=VECTOR('',#13248,10.);
#4139=VECTOR('',#13249,10.);
#4140=VECTOR('',#13250,10.);
#4141=VECTOR('',#13251,10.);
#4142=VECTOR('',#13252,10.);
#4143=VECTOR('',#13253,10.);
#4144=VECTOR('',#13254,10.);
#4145=VECTOR('',#13255,10.);
#4146=VECTOR('',#13256,10.);
#4147=VECTOR('',#13261,10.);
#4148=VECTOR('',#13262,10.);
#4149=VECTOR('',#13265,10.);
#4150=VECTOR('',#13268,10.);
#4151=VECTOR('',#13271,10.);
#4152=VECTOR('',#13274,10.);
#4153=VECTOR('',#13275,10.);
#4154=VECTOR('',#13278,10.);
#4155=VECTOR('',#13281,10.);
#4156=VECTOR('',#13284,10.);
#4157=VECTOR('',#13285,10.);
#4158=VECTOR('',#13288,10.);
#4159=VECTOR('',#13291,10.);
#4160=VECTOR('',#13292,10.);
#4161=VECTOR('',#13295,10.);
#4162=VECTOR('',#13298,10.);
#4163=VECTOR('',#13301,10.);
#4164=VECTOR('',#13304,10.);
#4165=VECTOR('',#13305,10.);
#4166=VECTOR('',#13310,10.);
#4167=VECTOR('',#13311,10.);
#4168=VECTOR('',#13314,10.);
#4169=VECTOR('',#13317,10.);
#4170=VECTOR('',#13318,10.);
#4171=VECTOR('',#13321,10.);
#4172=VECTOR('',#13324,10.);
#4173=VECTOR('',#13327,10.);
#4174=VECTOR('',#13328,10.);
#4175=VECTOR('',#13333,10.);
#4176=VECTOR('',#13334,10.);
#4177=VECTOR('',#13337,10.);
#4178=VECTOR('',#13340,10.);
#4179=VECTOR('',#13341,10.);
#4180=VECTOR('',#13344,10.);
#4181=VECTOR('',#13347,10.);
#4182=VECTOR('',#13348,10.);
#4183=VECTOR('',#13351,10.);
#4184=VECTOR('',#13354,10.);
#4185=VECTOR('',#13355,10.);
#4186=VECTOR('',#13360,10.);
#4187=VECTOR('',#13361,10.);
#4188=VECTOR('',#13364,10.);
#4189=VECTOR('',#13367,10.);
#4190=VECTOR('',#13368,10.);
#4191=VECTOR('',#13371,10.);
#4192=VECTOR('',#13374,10.);
#4193=VECTOR('',#13375,10.);
#4194=VECTOR('',#13380,10.);
#4195=VECTOR('',#13383,10.);
#4196=VECTOR('',#13386,10.);
#4197=VECTOR('',#13387,10.);
#4198=VECTOR('',#13390,10.);
#4199=VECTOR('',#13393,10.);
#4200=VECTOR('',#13396,10.);
#4201=VECTOR('',#13397,10.);
#4202=VECTOR('',#13400,10.);
#4203=VECTOR('',#13403,10.);
#4204=VECTOR('',#13406,10.);
#4205=VECTOR('',#13409,10.);
#4206=VECTOR('',#13416,10.);
#4207=VECTOR('',#13423,1.06220378895878);
#4208=VECTOR('',#13426,10.);
#4209=VECTOR('',#13427,10.);
#4210=VECTOR('',#13430,10.);
#4211=VECTOR('',#13433,10.);
#4212=VECTOR('',#13436,10.);
#4213=VECTOR('',#13439,10.);
#4214=VECTOR('',#13442,10.);
#4215=VECTOR('',#13445,10.);
#4216=VECTOR('',#13448,10.);
#4217=VECTOR('',#13451,10.);
#4218=VECTOR('',#13454,10.);
#4219=VECTOR('',#13457,10.);
#4220=VECTOR('',#13460,10.);
#4221=VECTOR('',#13463,10.);
#4222=VECTOR('',#13466,10.);
#4223=VECTOR('',#13469,10.);
#4224=VECTOR('',#13472,10.);
#4225=VECTOR('',#13475,10.);
#4226=VECTOR('',#13478,10.);
#4227=VECTOR('',#13481,10.);
#4228=VECTOR('',#13486,10.);
#4229=VECTOR('',#13487,10.);
#4230=VECTOR('',#13490,10.);
#4231=VECTOR('',#13493,10.);
#4232=VECTOR('',#13496,10.);
#4233=VECTOR('',#13499,10.);
#4234=VECTOR('',#13502,10.);
#4235=VECTOR('',#13505,10.);
#4236=VECTOR('',#13508,10.);
#4237=VECTOR('',#13511,10.);
#4238=VECTOR('',#13514,10.);
#4239=VECTOR('',#13517,10.);
#4240=VECTOR('',#13520,10.);
#4241=VECTOR('',#13523,10.);
#4242=VECTOR('',#13526,10.);
#4243=VECTOR('',#13529,10.);
#4244=VECTOR('',#13532,10.);
#4245=VECTOR('',#13535,10.);
#4246=VECTOR('',#13538,10.);
#4247=VECTOR('',#13541,10.);
#4248=VECTOR('',#13546,10.);
#4249=VECTOR('',#13547,10.);
#4250=VECTOR('',#13550,10.);
#4251=VECTOR('',#13553,10.);
#4252=VECTOR('',#13556,10.);
#4253=VECTOR('',#13559,10.);
#4254=VECTOR('',#13562,10.);
#4255=VECTOR('',#13565,10.);
#4256=VECTOR('',#13568,10.);
#4257=VECTOR('',#13571,10.);
#4258=VECTOR('',#13574,10.);
#4259=VECTOR('',#13577,10.);
#4260=VECTOR('',#13580,10.);
#4261=VECTOR('',#13583,10.);
#4262=VECTOR('',#13586,10.);
#4263=VECTOR('',#13589,10.);
#4264=VECTOR('',#13592,10.);
#4265=VECTOR('',#13595,10.);
#4266=VECTOR('',#13598,10.);
#4267=VECTOR('',#13601,10.);
#4268=VECTOR('',#13606,10.);
#4269=VECTOR('',#13607,10.);
#4270=VECTOR('',#13610,10.);
#4271=VECTOR('',#13613,10.);
#4272=VECTOR('',#13616,10.);
#4273=VECTOR('',#13619,10.);
#4274=VECTOR('',#13622,10.);
#4275=VECTOR('',#13625,10.);
#4276=VECTOR('',#13628,10.);
#4277=VECTOR('',#13631,10.);
#4278=VECTOR('',#13634,10.);
#4279=VECTOR('',#13637,10.);
#4280=VECTOR('',#13640,10.);
#4281=VECTOR('',#13643,10.);
#4282=VECTOR('',#13646,10.);
#4283=VECTOR('',#13649,10.);
#4284=VECTOR('',#13652,10.);
#4285=VECTOR('',#13655,10.);
#4286=VECTOR('',#13658,10.);
#4287=VECTOR('',#13661,10.);
#4288=VECTOR('',#13666,10.);
#4289=VECTOR('',#13673,1.06220378895878);
#4290=VECTOR('',#13676,10.);
#4291=VECTOR('',#13677,10.);
#4292=VECTOR('',#13680,10.);
#4293=VECTOR('',#13683,10.);
#4294=VECTOR('',#13686,10.);
#4295=VECTOR('',#13689,10.);
#4296=VECTOR('',#13692,10.);
#4297=VECTOR('',#13695,10.);
#4298=VECTOR('',#13698,10.);
#4299=VECTOR('',#13701,10.);
#4300=VECTOR('',#13704,10.);
#4301=VECTOR('',#13707,10.);
#4302=VECTOR('',#13710,10.);
#4303=VECTOR('',#13713,10.);
#4304=VECTOR('',#13716,10.);
#4305=VECTOR('',#13719,10.);
#4306=VECTOR('',#13722,10.);
#4307=VECTOR('',#13725,10.);
#4308=VECTOR('',#13728,10.);
#4309=VECTOR('',#13731,10.);
#4310=VECTOR('',#13736,10.);
#4311=VECTOR('',#13743,10.);
#4312=VECTOR('',#13744,10.);
#4313=VECTOR('',#13747,10.);
#4314=VECTOR('',#13750,10.);
#4315=VECTOR('',#13753,10.);
#4316=VECTOR('',#13756,10.);
#4317=VECTOR('',#13759,10.);
#4318=VECTOR('',#13762,10.);
#4319=VECTOR('',#13765,10.);
#4320=VECTOR('',#13768,10.);
#4321=VECTOR('',#13771,10.);
#4322=VECTOR('',#13774,10.);
#4323=VECTOR('',#13777,10.);
#4324=VECTOR('',#13780,10.);
#4325=VECTOR('',#13783,10.);
#4326=VECTOR('',#13786,10.);
#4327=VECTOR('',#13789,10.);
#4328=VECTOR('',#13792,10.);
#4329=VECTOR('',#13795,10.);
#4330=VECTOR('',#13798,10.);
#4331=VECTOR('',#13803,10.);
#4332=VECTOR('',#13804,10.);
#4333=VECTOR('',#13807,10.);
#4334=VECTOR('',#13810,10.);
#4335=VECTOR('',#13813,10.);
#4336=VECTOR('',#13816,10.);
#4337=VECTOR('',#13819,10.);
#4338=VECTOR('',#13822,10.);
#4339=VECTOR('',#13825,10.);
#4340=VECTOR('',#13828,10.);
#4341=VECTOR('',#13831,10.);
#4342=VECTOR('',#13834,10.);
#4343=VECTOR('',#13837,10.);
#4344=VECTOR('',#13840,10.);
#4345=VECTOR('',#13843,10.);
#4346=VECTOR('',#13846,10.);
#4347=VECTOR('',#13849,10.);
#4348=VECTOR('',#13852,10.);
#4349=VECTOR('',#13855,10.);
#4350=VECTOR('',#13858,10.);
#4351=VECTOR('',#13863,10.);
#4352=VECTOR('',#13864,10.);
#4353=VECTOR('',#13867,10.);
#4354=VECTOR('',#13870,10.);
#4355=VECTOR('',#13873,10.);
#4356=VECTOR('',#13876,10.);
#4357=VECTOR('',#13879,10.);
#4358=VECTOR('',#13882,10.);
#4359=VECTOR('',#13885,10.);
#4360=VECTOR('',#13888,10.);
#4361=VECTOR('',#13891,10.);
#4362=VECTOR('',#13894,10.);
#4363=VECTOR('',#13897,10.);
#4364=VECTOR('',#13900,10.);
#4365=VECTOR('',#13903,10.);
#4366=VECTOR('',#13906,10.);
#4367=VECTOR('',#13909,10.);
#4368=VECTOR('',#13912,10.);
#4369=VECTOR('',#13915,10.);
#4370=VECTOR('',#13918,10.);
#4371=VECTOR('',#13923,10.);
#4372=VECTOR('',#13924,10.);
#4373=VECTOR('',#13927,10.);
#4374=VECTOR('',#13930,10.);
#4375=VECTOR('',#13933,10.);
#4376=VECTOR('',#13936,10.);
#4377=VECTOR('',#13939,10.);
#4378=VECTOR('',#13942,10.);
#4379=VECTOR('',#13945,10.);
#4380=VECTOR('',#13948,10.);
#4381=VECTOR('',#13951,10.);
#4382=VECTOR('',#13954,10.);
#4383=VECTOR('',#13957,10.);
#4384=VECTOR('',#13960,10.);
#4385=VECTOR('',#13963,10.);
#4386=VECTOR('',#13966,10.);
#4387=VECTOR('',#13969,10.);
#4388=VECTOR('',#13972,10.);
#4389=VECTOR('',#13975,10.);
#4390=VECTOR('',#13978,10.);
#4391=VECTOR('',#13983,10.);
#4392=VECTOR('',#13984,10.);
#4393=VECTOR('',#13987,10.);
#4394=VECTOR('',#13990,10.);
#4395=VECTOR('',#13993,10.);
#4396=VECTOR('',#13996,10.);
#4397=VECTOR('',#13999,10.);
#4398=VECTOR('',#14002,10.);
#4399=VECTOR('',#14005,10.);
#4400=VECTOR('',#14008,10.);
#4401=VECTOR('',#14011,10.);
#4402=VECTOR('',#14014,10.);
#4403=VECTOR('',#14017,10.);
#4404=VECTOR('',#14020,10.);
#4405=VECTOR('',#14023,10.);
#4406=VECTOR('',#14026,10.);
#4407=VECTOR('',#14029,10.);
#4408=VECTOR('',#14032,10.);
#4409=VECTOR('',#14035,10.);
#4410=VECTOR('',#14038,10.);
#4411=VECTOR('',#14043,10.);
#4412=VECTOR('',#14044,10.);
#4413=VECTOR('',#14047,10.);
#4414=VECTOR('',#14050,10.);
#4415=VECTOR('',#14053,10.);
#4416=VECTOR('',#14056,10.);
#4417=VECTOR('',#14059,10.);
#4418=VECTOR('',#14062,10.);
#4419=VECTOR('',#14065,10.);
#4420=VECTOR('',#14068,10.);
#4421=VECTOR('',#14071,10.);
#4422=VECTOR('',#14074,10.);
#4423=VECTOR('',#14077,10.);
#4424=VECTOR('',#14080,10.);
#4425=VECTOR('',#14083,10.);
#4426=VECTOR('',#14086,10.);
#4427=VECTOR('',#14089,10.);
#4428=VECTOR('',#14092,10.);
#4429=VECTOR('',#14095,10.);
#4430=VECTOR('',#14098,10.);
#4431=VECTOR('',#14103,10.);
#4432=VECTOR('',#14104,10.);
#4433=VECTOR('',#14107,10.);
#4434=VECTOR('',#14110,10.);
#4435=VECTOR('',#14113,10.);
#4436=VECTOR('',#14116,10.);
#4437=VECTOR('',#14119,10.);
#4438=VECTOR('',#14122,10.);
#4439=VECTOR('',#14125,10.);
#4440=VECTOR('',#14128,10.);
#4441=VECTOR('',#14131,10.);
#4442=VECTOR('',#14134,10.);
#4443=VECTOR('',#14137,10.);
#4444=VECTOR('',#14140,10.);
#4445=VECTOR('',#14143,10.);
#4446=VECTOR('',#14146,10.);
#4447=VECTOR('',#14149,10.);
#4448=VECTOR('',#14152,10.);
#4449=VECTOR('',#14155,10.);
#4450=VECTOR('',#14158,10.);
#4451=VECTOR('',#14163,1.06220378895878);
#4452=VECTOR('',#14166,10.);
#4453=VECTOR('',#14167,10.);
#4454=VECTOR('',#14170,10.);
#4455=VECTOR('',#14173,10.);
#4456=VECTOR('',#14176,10.);
#4457=VECTOR('',#14179,10.);
#4458=VECTOR('',#14182,10.);
#4459=VECTOR('',#14185,10.);
#4460=VECTOR('',#14188,10.);
#4461=VECTOR('',#14191,10.);
#4462=VECTOR('',#14194,10.);
#4463=VECTOR('',#14197,10.);
#4464=VECTOR('',#14200,10.);
#4465=VECTOR('',#14203,10.);
#4466=VECTOR('',#14206,10.);
#4467=VECTOR('',#14209,10.);
#4468=VECTOR('',#14212,10.);
#4469=VECTOR('',#14215,10.);
#4470=VECTOR('',#14218,10.);
#4471=VECTOR('',#14221,10.);
#4472=VECTOR('',#14226,1.06220378895878);
#4473=VECTOR('',#14229,10.);
#4474=VECTOR('',#14230,10.);
#4475=VECTOR('',#14233,10.);
#4476=VECTOR('',#14236,10.);
#4477=VECTOR('',#14239,10.);
#4478=VECTOR('',#14242,10.);
#4479=VECTOR('',#14245,10.);
#4480=VECTOR('',#14248,10.);
#4481=VECTOR('',#14251,10.);
#4482=VECTOR('',#14254,10.);
#4483=VECTOR('',#14257,10.);
#4484=VECTOR('',#14260,10.);
#4485=VECTOR('',#14263,10.);
#4486=VECTOR('',#14266,10.);
#4487=VECTOR('',#14269,10.);
#4488=VECTOR('',#14272,10.);
#4489=VECTOR('',#14275,10.);
#4490=VECTOR('',#14278,10.);
#4491=VECTOR('',#14281,10.);
#4492=VECTOR('',#14284,10.);
#4493=VECTOR('',#14289,10.);
#4494=VECTOR('',#14290,10.);
#4495=VECTOR('',#14293,10.);
#4496=VECTOR('',#14296,10.);
#4497=VECTOR('',#14299,10.);
#4498=VECTOR('',#14302,10.);
#4499=VECTOR('',#14305,10.);
#4500=VECTOR('',#14308,10.);
#4501=VECTOR('',#14311,10.);
#4502=VECTOR('',#14314,10.);
#4503=VECTOR('',#14317,10.);
#4504=VECTOR('',#14320,10.);
#4505=VECTOR('',#14323,10.);
#4506=VECTOR('',#14326,10.);
#4507=VECTOR('',#14329,10.);
#4508=VECTOR('',#14332,10.);
#4509=VECTOR('',#14335,10.);
#4510=VECTOR('',#14338,10.);
#4511=VECTOR('',#14341,10.);
#4512=VECTOR('',#14344,10.);
#4513=VECTOR('',#14349,10.);
#4514=VECTOR('',#14350,10.);
#4515=VECTOR('',#14353,10.);
#4516=VECTOR('',#14356,10.);
#4517=VECTOR('',#14359,10.);
#4518=VECTOR('',#14362,10.);
#4519=VECTOR('',#14365,10.);
#4520=VECTOR('',#14368,10.);
#4521=VECTOR('',#14371,10.);
#4522=VECTOR('',#14374,10.);
#4523=VECTOR('',#14377,10.);
#4524=VECTOR('',#14380,10.);
#4525=VECTOR('',#14383,10.);
#4526=VECTOR('',#14386,10.);
#4527=VECTOR('',#14389,10.);
#4528=VECTOR('',#14392,10.);
#4529=VECTOR('',#14395,10.);
#4530=VECTOR('',#14398,10.);
#4531=VECTOR('',#14401,10.);
#4532=VECTOR('',#14404,10.);
#4533=VECTOR('',#14409,10.);
#4534=VECTOR('',#14410,10.);
#4535=VECTOR('',#14413,10.);
#4536=VECTOR('',#14416,10.);
#4537=VECTOR('',#14419,10.);
#4538=VECTOR('',#14422,10.);
#4539=VECTOR('',#14425,10.);
#4540=VECTOR('',#14428,10.);
#4541=VECTOR('',#14431,10.);
#4542=VECTOR('',#14434,10.);
#4543=VECTOR('',#14437,10.);
#4544=VECTOR('',#14440,10.);
#4545=VECTOR('',#14443,10.);
#4546=VECTOR('',#14446,10.);
#4547=VECTOR('',#14449,10.);
#4548=VECTOR('',#14452,10.);
#4549=VECTOR('',#14455,10.);
#4550=VECTOR('',#14458,10.);
#4551=VECTOR('',#14461,10.);
#4552=VECTOR('',#14464,10.);
#4553=VECTOR('',#14469,10.);
#4554=VECTOR('',#14470,10.);
#4555=VECTOR('',#14473,10.);
#4556=VECTOR('',#14476,10.);
#4557=VECTOR('',#14479,10.);
#4558=VECTOR('',#14482,10.);
#4559=VECTOR('',#14485,10.);
#4560=VECTOR('',#14488,10.);
#4561=VECTOR('',#14491,10.);
#4562=VECTOR('',#14494,10.);
#4563=VECTOR('',#14497,10.);
#4564=VECTOR('',#14500,10.);
#4565=VECTOR('',#14503,10.);
#4566=VECTOR('',#14506,10.);
#4567=VECTOR('',#14509,10.);
#4568=VECTOR('',#14512,10.);
#4569=VECTOR('',#14515,10.);
#4570=VECTOR('',#14518,10.);
#4571=VECTOR('',#14521,10.);
#4572=VECTOR('',#14524,10.);
#4573=VECTOR('',#14529,10.);
#4574=VECTOR('',#14530,10.);
#4575=VECTOR('',#14533,10.);
#4576=VECTOR('',#14536,10.);
#4577=VECTOR('',#14539,10.);
#4578=VECTOR('',#14542,10.);
#4579=VECTOR('',#14545,10.);
#4580=VECTOR('',#14548,10.);
#4581=VECTOR('',#14551,10.);
#4582=VECTOR('',#14554,10.);
#4583=VECTOR('',#14557,10.);
#4584=VECTOR('',#14560,10.);
#4585=VECTOR('',#14563,10.);
#4586=VECTOR('',#14566,10.);
#4587=VECTOR('',#14569,10.);
#4588=VECTOR('',#14572,10.);
#4589=VECTOR('',#14575,10.);
#4590=VECTOR('',#14578,10.);
#4591=VECTOR('',#14581,10.);
#4592=VECTOR('',#14584,10.);
#4593=VECTOR('',#14587,10.);
#4594=VECTOR('',#14590,10.);
#4595=VECTOR('',#14593,10.);
#4596=VECTOR('',#14596,10.);
#4597=VECTOR('',#14599,10.);
#4598=VECTOR('',#14602,10.);
#4599=VECTOR('',#14605,10.);
#4600=VECTOR('',#14608,10.);
#4601=VECTOR('',#14611,10.);
#4602=VECTOR('',#14614,10.);
#4603=VECTOR('',#14617,10.);
#4604=VECTOR('',#14620,10.);
#4605=VECTOR('',#14623,10.);
#4606=VECTOR('',#14626,10.);
#4607=VECTOR('',#14629,10.);
#4608=VECTOR('',#14632,10.);
#4609=VECTOR('',#14635,10.);
#4610=VECTOR('',#14638,10.);
#4611=VECTOR('',#14641,10.);
#4612=VECTOR('',#14644,10.);
#4613=VECTOR('',#14647,10.);
#4614=VECTOR('',#14650,10.);
#4615=VECTOR('',#14653,10.);
#4616=VECTOR('',#14656,10.);
#4617=VECTOR('',#14661,10.);
#4618=VECTOR('',#14666,10.);
#4619=VECTOR('',#14671,10.);
#4620=VECTOR('',#14676,10.);
#4621=VECTOR('',#14681,10.);
#4622=VECTOR('',#14684,10.);
#4623=VECTOR('',#14687,10.);
#4624=VECTOR('',#14690,10.);
#4625=VECTOR('',#14693,10.);
#4626=VECTOR('',#14696,10.);
#4627=VECTOR('',#14699,10.);
#4628=VECTOR('',#14702,10.);
#4629=VECTOR('',#14705,10.);
#4630=VECTOR('',#14708,10.);
#4631=VECTOR('',#14711,10.);
#4632=VECTOR('',#14714,10.);
#4633=VECTOR('',#14717,10.);
#4634=VECTOR('',#14720,10.);
#4635=VECTOR('',#14723,10.);
#4636=VECTOR('',#14726,10.);
#4637=VECTOR('',#14729,10.);
#4638=VECTOR('',#14732,10.);
#4639=VECTOR('',#14735,10.);
#4640=VECTOR('',#14738,10.);
#4641=VECTOR('',#14741,10.);
#4642=VECTOR('',#14744,10.);
#4643=VECTOR('',#14747,10.);
#4644=VECTOR('',#14750,10.);
#4645=VECTOR('',#14753,10.);
#4646=VECTOR('',#14756,10.);
#4647=VECTOR('',#14759,10.);
#4648=VECTOR('',#14762,10.);
#4649=VECTOR('',#14765,10.);
#4650=VECTOR('',#14768,10.);
#4651=VECTOR('',#14771,10.);
#4652=VECTOR('',#14774,10.);
#4653=VECTOR('',#14777,10.);
#4654=VECTOR('',#14780,10.);
#4655=VECTOR('',#14783,10.);
#4656=VECTOR('',#14786,10.);
#4657=VECTOR('',#14789,10.);
#4658=VECTOR('',#14792,10.);
#4659=VECTOR('',#14795,10.);
#4660=VECTOR('',#14800,10.);
#4661=VECTOR('',#14805,10.);
#4662=VECTOR('',#14810,10.);
#4663=VECTOR('',#14815,10.);
#4664=VECTOR('',#14820,10.);
#4665=VECTOR('',#14823,10.);
#4666=CIRCLE('',#11337,0.75);
#4667=CIRCLE('',#11338,0.75);
#4668=CIRCLE('',#11341,0.75);
#4669=CIRCLE('',#11342,0.75);
#4670=CIRCLE('',#11344,2.26433946398614);
#4671=CIRCLE('',#11345,2.26433946398614);
#4672=CIRCLE('',#11347,0.75);
#4673=CIRCLE('',#11348,0.75);
#4674=CIRCLE('',#11350,2.26433946398614);
#4675=CIRCLE('',#11351,2.26433946398614);
#4676=CIRCLE('',#11353,0.75);
#4677=CIRCLE('',#11354,0.75);
#4678=CIRCLE('',#11356,0.75);
#4679=CIRCLE('',#11357,0.75);
#4680=CIRCLE('',#11360,0.75);
#4681=CIRCLE('',#11361,0.75);
#4682=CIRCLE('',#11364,0.75);
#4683=CIRCLE('',#11365,0.75);
#4684=CIRCLE('',#11368,0.75);
#4685=CIRCLE('',#11369,0.75);
#4686=CIRCLE('',#11372,1.99999999999996);
#4687=CIRCLE('',#11373,0.75);
#4688=CIRCLE('',#11374,1.20000000000002);
#4689=CIRCLE('',#11375,0.75);
#4690=CIRCLE('',#11376,2.26433946398615);
#4691=CIRCLE('',#11377,0.75);
#4692=CIRCLE('',#11378,1.2);
#4693=CIRCLE('',#11379,0.75);
#4694=CIRCLE('',#11380,1.20000000000002);
#4695=CIRCLE('',#11381,1.2);
#4696=CIRCLE('',#11382,0.75);
#4697=CIRCLE('',#11383,1.2);
#4698=CIRCLE('',#11384,0.75);
#4699=CIRCLE('',#11385,2.26433946398614);
#4700=CIRCLE('',#11386,0.75);
#4701=CIRCLE('',#11387,1.2);
#4702=CIRCLE('',#11388,0.75);
#4703=CIRCLE('',#11389,0.75);
#4704=CIRCLE('',#11390,1.2);
#4705=CIRCLE('',#11391,0.75);
#4706=CIRCLE('',#11392,2.26433946398615);
#4707=CIRCLE('',#11393,0.75);
#4708=CIRCLE('',#11394,1.2);
#4709=CIRCLE('',#11395,0.75);
#4710=CIRCLE('',#11396,1.99999999999998);
#4711=CIRCLE('',#11397,1.06220378895878);
#4712=CIRCLE('',#11398,1.06220378895878);
#4713=CIRCLE('',#11399,1.06220378895878);
#4714=CIRCLE('',#11400,1.06220378895878);
#4715=CIRCLE('',#11401,2.26433946398615);
#4716=CIRCLE('',#11402,0.75);
#4717=CIRCLE('',#11403,1.20000000000002);
#4718=CIRCLE('',#11404,0.75);
#4719=CIRCLE('',#11405,0.75);
#4720=CIRCLE('',#11406,1.2);
#4721=CIRCLE('',#11407,0.75);
#4722=CIRCLE('',#11408,2.26433946398615);
#4723=CIRCLE('',#11409,0.75);
#4724=CIRCLE('',#11410,1.2);
#4725=CIRCLE('',#11411,0.75);
#4726=CIRCLE('',#11412,0.75);
#4727=CIRCLE('',#11413,1.2);
#4728=CIRCLE('',#11414,0.75);
#4729=CIRCLE('',#11415,2.26433946398614);
#4730=CIRCLE('',#11416,0.75);
#4731=CIRCLE('',#11417,1.2);
#4732=CIRCLE('',#11418,0.75);
#4733=CIRCLE('',#11419,0.75);
#4734=CIRCLE('',#11420,1.2);
#4735=CIRCLE('',#11421,0.75);
#4736=CIRCLE('',#11422,1.2);
#4737=CIRCLE('',#11423,1.2);
#4738=CIRCLE('',#11425,1.99999999999998);
#4739=CIRCLE('',#11426,0.75);
#4740=CIRCLE('',#11427,1.2);
#4741=CIRCLE('',#11428,0.75);
#4742=CIRCLE('',#11429,2.26433946398615);
#4743=CIRCLE('',#11430,0.75);
#4744=CIRCLE('',#11431,1.2);
#4745=CIRCLE('',#11432,0.75);
#4746=CIRCLE('',#11433,0.75);
#4747=CIRCLE('',#11434,1.2);
#4748=CIRCLE('',#11435,0.75);
#4749=CIRCLE('',#11436,2.26433946398614);
#4750=CIRCLE('',#11437,0.75);
#4751=CIRCLE('',#11438,1.2);
#4752=CIRCLE('',#11439,0.75);
#4753=CIRCLE('',#11440,1.2);
#4754=CIRCLE('',#11441,1.20000000000002);
#4755=CIRCLE('',#11442,0.75);
#4756=CIRCLE('',#11443,1.2);
#4757=CIRCLE('',#11444,0.75);
#4758=CIRCLE('',#11445,2.26433946398615);
#4759=CIRCLE('',#11446,0.75);
#4760=CIRCLE('',#11447,1.20000000000002);
#4761=CIRCLE('',#11448,0.75);
#4762=CIRCLE('',#11449,1.99999999999996);
#4763=CIRCLE('',#11450,1.2);
#4764=CIRCLE('',#11451,1.2);
#4765=CIRCLE('',#11452,1.2);
#4766=CIRCLE('',#11453,0.75);
#4767=CIRCLE('',#11454,0.75);
#4768=CIRCLE('',#11455,1.2);
#4769=CIRCLE('',#11456,0.75);
#4770=CIRCLE('',#11457,2.26433946398614);
#4771=CIRCLE('',#11458,0.75);
#4772=CIRCLE('',#11459,1.2);
#4773=CIRCLE('',#11460,0.75);
#4774=CIRCLE('',#11461,0.75);
#4775=CIRCLE('',#11462,1.2);
#4776=CIRCLE('',#11463,0.75);
#4777=CIRCLE('',#11464,2.26433946398615);
#4778=CIRCLE('',#11465,0.75);
#4779=CIRCLE('',#11466,1.2);
#4780=CIRCLE('',#11467,0.75);
#4781=CIRCLE('',#11468,0.75);
#4782=CIRCLE('',#11469,1.20000000000002);
#4783=CIRCLE('',#11470,0.75);
#4784=CIRCLE('',#11471,2.26433946398615);
#4785=CIRCLE('',#11472,0.75);
#4786=CIRCLE('',#11473,1.06220378895878);
#4787=CIRCLE('',#11474,1.06220378895878);
#4788=CIRCLE('',#11475,1.06220378895878);
#4789=CIRCLE('',#11476,1.06220378895878);
#4790=VERTEX_POINT('',#14828);
#4791=VERTEX_POINT('',#14829);
#4792=VERTEX_POINT('',#14831);
#4793=VERTEX_POINT('',#14833);
#4794=VERTEX_POINT('',#14837);
#4795=VERTEX_POINT('',#14839);
#4796=VERTEX_POINT('',#14843);
#4797=VERTEX_POINT('',#14844);
#4798=VERTEX_POINT('',#14846);
#4799=VERTEX_POINT('',#14848);
#4800=VERTEX_POINT('',#14855);
#4801=VERTEX_POINT('',#14856);
#4802=VERTEX_POINT('',#14858);
#4803=VERTEX_POINT('',#14860);
#4804=VERTEX_POINT('',#14864);
#4805=VERTEX_POINT('',#14866);
#4806=VERTEX_POINT('',#14870);
#4807=VERTEX_POINT('',#14872);
#4808=VERTEX_POINT('',#14876);
#4809=VERTEX_POINT('',#14877);
#4810=VERTEX_POINT('',#14879);
#4811=VERTEX_POINT('',#14881);
#4812=VERTEX_POINT('',#14885);
#4813=VERTEX_POINT('',#14887);
#4814=VERTEX_POINT('',#14891);
#4815=VERTEX_POINT('',#14892);
#4816=VERTEX_POINT('',#14894);
#4817=VERTEX_POINT('',#14896);
#4818=VERTEX_POINT('',#14900);
#4819=VERTEX_POINT('',#14902);
#4820=VERTEX_POINT('',#14906);
#4821=VERTEX_POINT('',#14907);
#4822=VERTEX_POINT('',#14909);
#4823=VERTEX_POINT('',#14911);
#4824=VERTEX_POINT('',#14915);
#4825=VERTEX_POINT('',#14917);
#4826=VERTEX_POINT('',#14921);
#4827=VERTEX_POINT('',#14923);
#4828=VERTEX_POINT('',#14927);
#4829=VERTEX_POINT('',#14929);
#4830=VERTEX_POINT('',#14933);
#4831=VERTEX_POINT('',#14934);
#4832=VERTEX_POINT('',#14936);
#4833=VERTEX_POINT('',#14938);
#4834=VERTEX_POINT('',#14940);
#4835=VERTEX_POINT('',#14942);
#4836=VERTEX_POINT('',#14944);
#4837=VERTEX_POINT('',#14946);
#4838=VERTEX_POINT('',#14948);
#4839=VERTEX_POINT('',#14950);
#4840=VERTEX_POINT('',#14952);
#4841=VERTEX_POINT('',#14954);
#4842=VERTEX_POINT('',#14956);
#4843=VERTEX_POINT('',#14958);
#4844=VERTEX_POINT('',#14960);
#4845=VERTEX_POINT('',#14963);
#4846=VERTEX_POINT('',#14966);
#4847=VERTEX_POINT('',#14969);
#4848=VERTEX_POINT('',#14971);
#4849=VERTEX_POINT('',#14973);
#4850=VERTEX_POINT('',#14975);
#4851=VERTEX_POINT('',#14977);
#4852=VERTEX_POINT('',#14979);
#4853=VERTEX_POINT('',#14981);
#4854=VERTEX_POINT('',#14983);
#4855=VERTEX_POINT('',#14985);
#4856=VERTEX_POINT('',#14987);
#4857=VERTEX_POINT('',#14989);
#4858=VERTEX_POINT('',#14991);
#4859=VERTEX_POINT('',#14993);
#4860=VERTEX_POINT('',#14995);
#4861=VERTEX_POINT('',#14997);
#4862=VERTEX_POINT('',#14999);
#4863=VERTEX_POINT('',#15001);
#4864=VERTEX_POINT('',#15003);
#4865=VERTEX_POINT('',#15005);
#4866=VERTEX_POINT('',#15007);
#4867=VERTEX_POINT('',#15009);
#4868=VERTEX_POINT('',#15011);
#4869=VERTEX_POINT('',#15013);
#4870=VERTEX_POINT('',#15015);
#4871=VERTEX_POINT('',#15017);
#4872=VERTEX_POINT('',#15019);
#4873=VERTEX_POINT('',#15021);
#4874=VERTEX_POINT('',#15023);
#4875=VERTEX_POINT('',#15025);
#4876=VERTEX_POINT('',#15027);
#4877=VERTEX_POINT('',#15029);
#4878=VERTEX_POINT('',#15031);
#4879=VERTEX_POINT('',#15033);
#4880=VERTEX_POINT('',#15035);
#4881=VERTEX_POINT('',#15037);
#4882=VERTEX_POINT('',#15039);
#4883=VERTEX_POINT('',#15041);
#4884=VERTEX_POINT('',#15043);
#4885=VERTEX_POINT('',#15045);
#4886=VERTEX_POINT('',#15047);
#4887=VERTEX_POINT('',#15049);
#4888=VERTEX_POINT('',#15051);
#4889=VERTEX_POINT('',#15053);
#4890=VERTEX_POINT('',#15055);
#4891=VERTEX_POINT('',#15057);
#4892=VERTEX_POINT('',#15059);
#4893=VERTEX_POINT('',#15061);
#4894=VERTEX_POINT('',#15063);
#4895=VERTEX_POINT('',#15065);
#4896=VERTEX_POINT('',#15067);
#4897=VERTEX_POINT('',#15069);
#4898=VERTEX_POINT('',#15071);
#4899=VERTEX_POINT('',#15073);
#4900=VERTEX_POINT('',#15075);
#4901=VERTEX_POINT('',#15077);
#4902=VERTEX_POINT('',#15079);
#4903=VERTEX_POINT('',#15081);
#4904=VERTEX_POINT('',#15083);
#4905=VERTEX_POINT('',#15085);
#4906=VERTEX_POINT('',#15087);
#4907=VERTEX_POINT('',#15089);
#4908=VERTEX_POINT('',#15091);
#4909=VERTEX_POINT('',#15093);
#4910=VERTEX_POINT('',#15095);
#4911=VERTEX_POINT('',#15097);
#4912=VERTEX_POINT('',#15099);
#4913=VERTEX_POINT('',#15101);
#4914=VERTEX_POINT('',#15103);
#4915=VERTEX_POINT('',#15105);
#4916=VERTEX_POINT('',#15107);
#4917=VERTEX_POINT('',#15109);
#4918=VERTEX_POINT('',#15111);
#4919=VERTEX_POINT('',#15113);
#4920=VERTEX_POINT('',#15115);
#4921=VERTEX_POINT('',#15117);
#4922=VERTEX_POINT('',#15119);
#4923=VERTEX_POINT('',#15121);
#4924=VERTEX_POINT('',#15123);
#4925=VERTEX_POINT('',#15125);
#4926=VERTEX_POINT('',#15127);
#4927=VERTEX_POINT('',#15129);
#4928=VERTEX_POINT('',#15131);
#4929=VERTEX_POINT('',#15133);
#4930=VERTEX_POINT('',#15135);
#4931=VERTEX_POINT('',#15137);
#4932=VERTEX_POINT('',#15139);
#4933=VERTEX_POINT('',#15141);
#4934=VERTEX_POINT('',#15143);
#4935=VERTEX_POINT('',#15145);
#4936=VERTEX_POINT('',#15147);
#4937=VERTEX_POINT('',#15149);
#4938=VERTEX_POINT('',#15151);
#4939=VERTEX_POINT('',#15153);
#4940=VERTEX_POINT('',#15155);
#4941=VERTEX_POINT('',#15157);
#4942=VERTEX_POINT('',#15159);
#4943=VERTEX_POINT('',#15161);
#4944=VERTEX_POINT('',#15163);
#4945=VERTEX_POINT('',#15165);
#4946=VERTEX_POINT('',#15167);
#4947=VERTEX_POINT('',#15169);
#4948=VERTEX_POINT('',#15171);
#4949=VERTEX_POINT('',#15173);
#4950=VERTEX_POINT('',#15175);
#4951=VERTEX_POINT('',#15177);
#4952=VERTEX_POINT('',#15179);
#4953=VERTEX_POINT('',#15181);
#4954=VERTEX_POINT('',#15184);
#4955=VERTEX_POINT('',#15185);
#4956=VERTEX_POINT('',#15187);
#4957=VERTEX_POINT('',#15189);
#4958=VERTEX_POINT('',#15191);
#4959=VERTEX_POINT('',#15193);
#4960=VERTEX_POINT('',#15195);
#4961=VERTEX_POINT('',#15197);
#4962=VERTEX_POINT('',#15199);
#4963=VERTEX_POINT('',#15201);
#4964=VERTEX_POINT('',#15203);
#4965=VERTEX_POINT('',#15205);
#4966=VERTEX_POINT('',#15207);
#4967=VERTEX_POINT('',#15209);
#4968=VERTEX_POINT('',#15211);
#4969=VERTEX_POINT('',#15213);
#4970=VERTEX_POINT('',#15215);
#4971=VERTEX_POINT('',#15217);
#4972=VERTEX_POINT('',#15219);
#4973=VERTEX_POINT('',#15221);
#4974=VERTEX_POINT('',#15224);
#4975=VERTEX_POINT('',#15225);
#4976=VERTEX_POINT('',#15227);
#4977=VERTEX_POINT('',#15229);
#4978=VERTEX_POINT('',#15231);
#4979=VERTEX_POINT('',#15233);
#4980=VERTEX_POINT('',#15235);
#4981=VERTEX_POINT('',#15237);
#4982=VERTEX_POINT('',#15239);
#4983=VERTEX_POINT('',#15241);
#4984=VERTEX_POINT('',#15243);
#4985=VERTEX_POINT('',#15245);
#4986=VERTEX_POINT('',#15247);
#4987=VERTEX_POINT('',#15249);
#4988=VERTEX_POINT('',#15251);
#4989=VERTEX_POINT('',#15253);
#4990=VERTEX_POINT('',#15255);
#4991=VERTEX_POINT('',#15257);
#4992=VERTEX_POINT('',#15259);
#4993=VERTEX_POINT('',#15261);
#4994=VERTEX_POINT('',#15264);
#4995=VERTEX_POINT('',#15265);
#4996=VERTEX_POINT('',#15267);
#4997=VERTEX_POINT('',#15269);
#4998=VERTEX_POINT('',#15271);
#4999=VERTEX_POINT('',#15273);
#5000=VERTEX_POINT('',#15275);
#5001=VERTEX_POINT('',#15277);
#5002=VERTEX_POINT('',#15279);
#5003=VERTEX_POINT('',#15281);
#5004=VERTEX_POINT('',#15283);
#5005=VERTEX_POINT('',#15285);
#5006=VERTEX_POINT('',#15287);
#5007=VERTEX_POINT('',#15289);
#5008=VERTEX_POINT('',#15291);
#5009=VERTEX_POINT('',#15293);
#5010=VERTEX_POINT('',#15295);
#5011=VERTEX_POINT('',#15297);
#5012=VERTEX_POINT('',#15299);
#5013=VERTEX_POINT('',#15301);
#5014=VERTEX_POINT('',#15304);
#5015=VERTEX_POINT('',#15305);
#5016=VERTEX_POINT('',#15307);
#5017=VERTEX_POINT('',#15309);
#5018=VERTEX_POINT('',#15311);
#5019=VERTEX_POINT('',#15313);
#5020=VERTEX_POINT('',#15315);
#5021=VERTEX_POINT('',#15317);
#5022=VERTEX_POINT('',#15319);
#5023=VERTEX_POINT('',#15321);
#5024=VERTEX_POINT('',#15323);
#5025=VERTEX_POINT('',#15325);
#5026=VERTEX_POINT('',#15327);
#5027=VERTEX_POINT('',#15329);
#5028=VERTEX_POINT('',#15331);
#5029=VERTEX_POINT('',#15333);
#5030=VERTEX_POINT('',#15335);
#5031=VERTEX_POINT('',#15337);
#5032=VERTEX_POINT('',#15339);
#5033=VERTEX_POINT('',#15341);
#5034=VERTEX_POINT('',#15344);
#5035=VERTEX_POINT('',#15345);
#5036=VERTEX_POINT('',#15347);
#5037=VERTEX_POINT('',#15349);
#5038=VERTEX_POINT('',#15351);
#5039=VERTEX_POINT('',#15353);
#5040=VERTEX_POINT('',#15355);
#5041=VERTEX_POINT('',#15357);
#5042=VERTEX_POINT('',#15359);
#5043=VERTEX_POINT('',#15361);
#5044=VERTEX_POINT('',#15363);
#5045=VERTEX_POINT('',#15365);
#5046=VERTEX_POINT('',#15367);
#5047=VERTEX_POINT('',#15369);
#5048=VERTEX_POINT('',#15371);
#5049=VERTEX_POINT('',#15373);
#5050=VERTEX_POINT('',#15375);
#5051=VERTEX_POINT('',#15377);
#5052=VERTEX_POINT('',#15379);
#5053=VERTEX_POINT('',#15381);
#5054=VERTEX_POINT('',#15384);
#5055=VERTEX_POINT('',#15386);
#5056=VERTEX_POINT('',#15387);
#5057=VERTEX_POINT('',#15389);
#5058=VERTEX_POINT('',#15391);
#5059=VERTEX_POINT('',#15393);
#5060=VERTEX_POINT('',#15395);
#5061=VERTEX_POINT('',#15397);
#5062=VERTEX_POINT('',#15399);
#5063=VERTEX_POINT('',#15401);
#5064=VERTEX_POINT('',#15403);
#5065=VERTEX_POINT('',#15405);
#5066=VERTEX_POINT('',#15407);
#5067=VERTEX_POINT('',#15409);
#5068=VERTEX_POINT('',#15411);
#5069=VERTEX_POINT('',#15413);
#5070=VERTEX_POINT('',#15415);
#5071=VERTEX_POINT('',#15417);
#5072=VERTEX_POINT('',#15419);
#5073=VERTEX_POINT('',#15421);
#5074=VERTEX_POINT('',#15423);
#5075=VERTEX_POINT('',#15426);
#5076=VERTEX_POINT('',#15428);
#5077=VERTEX_POINT('',#15429);
#5078=VERTEX_POINT('',#15431);
#5079=VERTEX_POINT('',#15433);
#5080=VERTEX_POINT('',#15435);
#5081=VERTEX_POINT('',#15437);
#5082=VERTEX_POINT('',#15439);
#5083=VERTEX_POINT('',#15441);
#5084=VERTEX_POINT('',#15443);
#5085=VERTEX_POINT('',#15445);
#5086=VERTEX_POINT('',#15447);
#5087=VERTEX_POINT('',#15449);
#5088=VERTEX_POINT('',#15451);
#5089=VERTEX_POINT('',#15453);
#5090=VERTEX_POINT('',#15455);
#5091=VERTEX_POINT('',#15457);
#5092=VERTEX_POINT('',#15459);
#5093=VERTEX_POINT('',#15461);
#5094=VERTEX_POINT('',#15463);
#5095=VERTEX_POINT('',#15465);
#5096=VERTEX_POINT('',#15468);
#5097=VERTEX_POINT('',#15469);
#5098=VERTEX_POINT('',#15471);
#5099=VERTEX_POINT('',#15473);
#5100=VERTEX_POINT('',#15475);
#5101=VERTEX_POINT('',#15477);
#5102=VERTEX_POINT('',#15479);
#5103=VERTEX_POINT('',#15481);
#5104=VERTEX_POINT('',#15483);
#5105=VERTEX_POINT('',#15485);
#5106=VERTEX_POINT('',#15487);
#5107=VERTEX_POINT('',#15489);
#5108=VERTEX_POINT('',#15491);
#5109=VERTEX_POINT('',#15493);
#5110=VERTEX_POINT('',#15495);
#5111=VERTEX_POINT('',#15497);
#5112=VERTEX_POINT('',#15499);
#5113=VERTEX_POINT('',#15501);
#5114=VERTEX_POINT('',#15503);
#5115=VERTEX_POINT('',#15505);
#5116=VERTEX_POINT('',#15508);
#5117=VERTEX_POINT('',#15509);
#5118=VERTEX_POINT('',#15511);
#5119=VERTEX_POINT('',#15513);
#5120=VERTEX_POINT('',#15515);
#5121=VERTEX_POINT('',#15517);
#5122=VERTEX_POINT('',#15519);
#5123=VERTEX_POINT('',#15521);
#5124=VERTEX_POINT('',#15523);
#5125=VERTEX_POINT('',#15525);
#5126=VERTEX_POINT('',#15527);
#5127=VERTEX_POINT('',#15529);
#5128=VERTEX_POINT('',#15531);
#5129=VERTEX_POINT('',#15533);
#5130=VERTEX_POINT('',#15535);
#5131=VERTEX_POINT('',#15537);
#5132=VERTEX_POINT('',#15539);
#5133=VERTEX_POINT('',#15541);
#5134=VERTEX_POINT('',#15543);
#5135=VERTEX_POINT('',#15545);
#5136=VERTEX_POINT('',#15548);
#5137=VERTEX_POINT('',#15549);
#5138=VERTEX_POINT('',#15551);
#5139=VERTEX_POINT('',#15553);
#5140=VERTEX_POINT('',#15555);
#5141=VERTEX_POINT('',#15557);
#5142=VERTEX_POINT('',#15559);
#5143=VERTEX_POINT('',#15561);
#5144=VERTEX_POINT('',#15563);
#5145=VERTEX_POINT('',#15565);
#5146=VERTEX_POINT('',#15567);
#5147=VERTEX_POINT('',#15569);
#5148=VERTEX_POINT('',#15571);
#5149=VERTEX_POINT('',#15573);
#5150=VERTEX_POINT('',#15575);
#5151=VERTEX_POINT('',#15577);
#5152=VERTEX_POINT('',#15579);
#5153=VERTEX_POINT('',#15581);
#5154=VERTEX_POINT('',#15583);
#5155=VERTEX_POINT('',#15585);
#5156=VERTEX_POINT('',#15588);
#5157=VERTEX_POINT('',#15589);
#5158=VERTEX_POINT('',#15591);
#5159=VERTEX_POINT('',#15593);
#5160=VERTEX_POINT('',#15595);
#5161=VERTEX_POINT('',#15597);
#5162=VERTEX_POINT('',#15599);
#5163=VERTEX_POINT('',#15601);
#5164=VERTEX_POINT('',#15603);
#5165=VERTEX_POINT('',#15605);
#5166=VERTEX_POINT('',#15607);
#5167=VERTEX_POINT('',#15609);
#5168=VERTEX_POINT('',#15611);
#5169=VERTEX_POINT('',#15613);
#5170=VERTEX_POINT('',#15615);
#5171=VERTEX_POINT('',#15617);
#5172=VERTEX_POINT('',#15619);
#5173=VERTEX_POINT('',#15621);
#5174=VERTEX_POINT('',#15623);
#5175=VERTEX_POINT('',#15625);
#5176=VERTEX_POINT('',#15628);
#5177=VERTEX_POINT('',#15629);
#5178=VERTEX_POINT('',#15631);
#5179=VERTEX_POINT('',#15633);
#5180=VERTEX_POINT('',#15635);
#5181=VERTEX_POINT('',#15637);
#5182=VERTEX_POINT('',#15639);
#5183=VERTEX_POINT('',#15641);
#5184=VERTEX_POINT('',#15643);
#5185=VERTEX_POINT('',#15645);
#5186=VERTEX_POINT('',#15647);
#5187=VERTEX_POINT('',#15649);
#5188=VERTEX_POINT('',#15651);
#5189=VERTEX_POINT('',#15653);
#5190=VERTEX_POINT('',#15655);
#5191=VERTEX_POINT('',#15657);
#5192=VERTEX_POINT('',#15659);
#5193=VERTEX_POINT('',#15661);
#5194=VERTEX_POINT('',#15663);
#5195=VERTEX_POINT('',#15665);
#5196=VERTEX_POINT('',#15668);
#5197=VERTEX_POINT('',#15669);
#5198=VERTEX_POINT('',#15671);
#5199=VERTEX_POINT('',#15673);
#5200=VERTEX_POINT('',#15675);
#5201=VERTEX_POINT('',#15677);
#5202=VERTEX_POINT('',#15679);
#5203=VERTEX_POINT('',#15681);
#5204=VERTEX_POINT('',#15683);
#5205=VERTEX_POINT('',#15685);
#5206=VERTEX_POINT('',#15687);
#5207=VERTEX_POINT('',#15689);
#5208=VERTEX_POINT('',#15691);
#5209=VERTEX_POINT('',#15693);
#5210=VERTEX_POINT('',#15695);
#5211=VERTEX_POINT('',#15697);
#5212=VERTEX_POINT('',#15699);
#5213=VERTEX_POINT('',#15701);
#5214=VERTEX_POINT('',#15703);
#5215=VERTEX_POINT('',#15705);
#5216=VERTEX_POINT('',#15708);
#5217=VERTEX_POINT('',#15709);
#5218=VERTEX_POINT('',#15711);
#5219=VERTEX_POINT('',#15713);
#5220=VERTEX_POINT('',#15715);
#5221=VERTEX_POINT('',#15717);
#5222=VERTEX_POINT('',#15719);
#5223=VERTEX_POINT('',#15721);
#5224=VERTEX_POINT('',#15723);
#5225=VERTEX_POINT('',#15725);
#5226=VERTEX_POINT('',#15727);
#5227=VERTEX_POINT('',#15729);
#5228=VERTEX_POINT('',#15731);
#5229=VERTEX_POINT('',#15733);
#5230=VERTEX_POINT('',#15735);
#5231=VERTEX_POINT('',#15737);
#5232=VERTEX_POINT('',#15739);
#5233=VERTEX_POINT('',#15741);
#5234=VERTEX_POINT('',#15743);
#5235=VERTEX_POINT('',#15745);
#5236=VERTEX_POINT('',#15748);
#5237=VERTEX_POINT('',#15750);
#5238=VERTEX_POINT('',#15751);
#5239=VERTEX_POINT('',#15753);
#5240=VERTEX_POINT('',#15755);
#5241=VERTEX_POINT('',#15757);
#5242=VERTEX_POINT('',#15759);
#5243=VERTEX_POINT('',#15761);
#5244=VERTEX_POINT('',#15763);
#5245=VERTEX_POINT('',#15765);
#5246=VERTEX_POINT('',#15767);
#5247=VERTEX_POINT('',#15769);
#5248=VERTEX_POINT('',#15771);
#5249=VERTEX_POINT('',#15773);
#5250=VERTEX_POINT('',#15775);
#5251=VERTEX_POINT('',#15777);
#5252=VERTEX_POINT('',#15779);
#5253=VERTEX_POINT('',#15781);
#5254=VERTEX_POINT('',#15783);
#5255=VERTEX_POINT('',#15785);
#5256=VERTEX_POINT('',#15787);
#5257=VERTEX_POINT('',#15790);
#5258=VERTEX_POINT('',#15791);
#5259=VERTEX_POINT('',#15793);
#5260=VERTEX_POINT('',#15795);
#5261=VERTEX_POINT('',#15797);
#5262=VERTEX_POINT('',#15799);
#5263=VERTEX_POINT('',#15801);
#5264=VERTEX_POINT('',#15803);
#5265=VERTEX_POINT('',#15805);
#5266=VERTEX_POINT('',#15807);
#5267=VERTEX_POINT('',#15809);
#5268=VERTEX_POINT('',#15811);
#5269=VERTEX_POINT('',#15813);
#5270=VERTEX_POINT('',#15815);
#5271=VERTEX_POINT('',#15817);
#5272=VERTEX_POINT('',#15819);
#5273=VERTEX_POINT('',#15821);
#5274=VERTEX_POINT('',#15823);
#5275=VERTEX_POINT('',#15825);
#5276=VERTEX_POINT('',#15827);
#5277=VERTEX_POINT('',#15830);
#5278=VERTEX_POINT('',#15831);
#5279=VERTEX_POINT('',#15833);
#5280=VERTEX_POINT('',#15835);
#5281=VERTEX_POINT('',#15837);
#5282=VERTEX_POINT('',#15839);
#5283=VERTEX_POINT('',#15841);
#5284=VERTEX_POINT('',#15843);
#5285=VERTEX_POINT('',#15845);
#5286=VERTEX_POINT('',#15847);
#5287=VERTEX_POINT('',#15849);
#5288=VERTEX_POINT('',#15851);
#5289=VERTEX_POINT('',#15853);
#5290=VERTEX_POINT('',#15855);
#5291=VERTEX_POINT('',#15857);
#5292=VERTEX_POINT('',#15859);
#5293=VERTEX_POINT('',#15861);
#5294=VERTEX_POINT('',#15863);
#5295=VERTEX_POINT('',#15865);
#5296=VERTEX_POINT('',#15867);
#5297=VERTEX_POINT('',#15870);
#5298=VERTEX_POINT('',#15871);
#5299=VERTEX_POINT('',#15873);
#5300=VERTEX_POINT('',#15875);
#5301=VERTEX_POINT('',#15877);
#5302=VERTEX_POINT('',#15879);
#5303=VERTEX_POINT('',#15881);
#5304=VERTEX_POINT('',#15883);
#5305=VERTEX_POINT('',#15885);
#5306=VERTEX_POINT('',#15887);
#5307=VERTEX_POINT('',#15889);
#5308=VERTEX_POINT('',#15891);
#5309=VERTEX_POINT('',#15893);
#5310=VERTEX_POINT('',#15895);
#5311=VERTEX_POINT('',#15897);
#5312=VERTEX_POINT('',#15899);
#5313=VERTEX_POINT('',#15901);
#5314=VERTEX_POINT('',#15903);
#5315=VERTEX_POINT('',#15905);
#5316=VERTEX_POINT('',#15907);
#5317=VERTEX_POINT('',#15910);
#5318=VERTEX_POINT('',#15912);
#5319=VERTEX_POINT('',#15913);
#5320=VERTEX_POINT('',#15915);
#5321=VERTEX_POINT('',#15917);
#5322=VERTEX_POINT('',#15919);
#5323=VERTEX_POINT('',#15921);
#5324=VERTEX_POINT('',#15923);
#5325=VERTEX_POINT('',#15925);
#5326=VERTEX_POINT('',#15927);
#5327=VERTEX_POINT('',#15929);
#5328=VERTEX_POINT('',#15932);
#5329=VERTEX_POINT('',#15933);
#5330=VERTEX_POINT('',#15935);
#5331=VERTEX_POINT('',#15937);
#5332=VERTEX_POINT('',#15939);
#5333=VERTEX_POINT('',#15941);
#5334=VERTEX_POINT('',#15943);
#5335=VERTEX_POINT('',#15945);
#5336=VERTEX_POINT('',#15947);
#5337=VERTEX_POINT('',#15949);
#5338=VERTEX_POINT('',#15952);
#5339=VERTEX_POINT('',#15953);
#5340=VERTEX_POINT('',#15955);
#5341=VERTEX_POINT('',#15957);
#5342=VERTEX_POINT('',#15959);
#5343=VERTEX_POINT('',#15961);
#5344=VERTEX_POINT('',#15963);
#5345=VERTEX_POINT('',#15965);
#5346=VERTEX_POINT('',#15967);
#5347=VERTEX_POINT('',#15969);
#5348=VERTEX_POINT('',#15972);
#5349=VERTEX_POINT('',#15977);
#5350=VERTEX_POINT('',#15978);
#5351=VERTEX_POINT('',#15980);
#5352=VERTEX_POINT('',#15982);
#5353=VERTEX_POINT('',#15984);
#5354=VERTEX_POINT('',#15986);
#5355=VERTEX_POINT('',#15988);
#5356=VERTEX_POINT('',#15990);
#5357=VERTEX_POINT('',#15992);
#5358=VERTEX_POINT('',#15994);
#5359=VERTEX_POINT('',#15996);
#5360=VERTEX_POINT('',#15998);
#5361=VERTEX_POINT('',#16000);
#5362=VERTEX_POINT('',#16002);
#5363=VERTEX_POINT('',#16004);
#5364=VERTEX_POINT('',#16006);
#5365=VERTEX_POINT('',#16008);
#5366=VERTEX_POINT('',#16010);
#5367=VERTEX_POINT('',#16012);
#5368=VERTEX_POINT('',#16014);
#5369=VERTEX_POINT('',#16016);
#5370=VERTEX_POINT('',#16018);
#5371=VERTEX_POINT('',#16020);
#5372=VERTEX_POINT('',#16022);
#5373=VERTEX_POINT('',#16024);
#5374=VERTEX_POINT('',#16026);
#5375=VERTEX_POINT('',#16028);
#5376=VERTEX_POINT('',#16030);
#5377=VERTEX_POINT('',#16032);
#5378=VERTEX_POINT('',#16034);
#5379=VERTEX_POINT('',#16036);
#5380=VERTEX_POINT('',#16038);
#5381=VERTEX_POINT('',#16040);
#5382=VERTEX_POINT('',#16042);
#5383=VERTEX_POINT('',#16044);
#5384=VERTEX_POINT('',#16046);
#5385=VERTEX_POINT('',#16048);
#5386=VERTEX_POINT('',#16050);
#5387=VERTEX_POINT('',#16052);
#5388=VERTEX_POINT('',#16054);
#5389=VERTEX_POINT('',#16056);
#5390=VERTEX_POINT('',#16058);
#5391=VERTEX_POINT('',#16060);
#5392=VERTEX_POINT('',#16062);
#5393=VERTEX_POINT('',#16064);
#5394=VERTEX_POINT('',#16066);
#5395=VERTEX_POINT('',#16068);
#5396=VERTEX_POINT('',#16070);
#5397=VERTEX_POINT('',#16072);
#5398=VERTEX_POINT('',#16074);
#5399=VERTEX_POINT('',#16076);
#5400=VERTEX_POINT('',#16078);
#5401=VERTEX_POINT('',#16080);
#5402=VERTEX_POINT('',#16082);
#5403=VERTEX_POINT('',#16084);
#5404=VERTEX_POINT('',#16086);
#5405=VERTEX_POINT('',#16088);
#5406=VERTEX_POINT('',#16090);
#5407=VERTEX_POINT('',#16092);
#5408=VERTEX_POINT('',#16094);
#5409=VERTEX_POINT('',#16096);
#5410=VERTEX_POINT('',#16098);
#5411=VERTEX_POINT('',#16100);
#5412=VERTEX_POINT('',#16102);
#5413=VERTEX_POINT('',#16104);
#5414=VERTEX_POINT('',#16106);
#5415=VERTEX_POINT('',#16108);
#5416=VERTEX_POINT('',#16110);
#5417=VERTEX_POINT('',#16112);
#5418=VERTEX_POINT('',#16114);
#5419=VERTEX_POINT('',#16116);
#5420=VERTEX_POINT('',#16118);
#5421=VERTEX_POINT('',#16120);
#5422=VERTEX_POINT('',#16122);
#5423=VERTEX_POINT('',#16124);
#5424=VERTEX_POINT('',#16126);
#5425=VERTEX_POINT('',#16128);
#5426=VERTEX_POINT('',#16130);
#5427=VERTEX_POINT('',#16132);
#5428=VERTEX_POINT('',#16134);
#5429=VERTEX_POINT('',#16136);
#5430=VERTEX_POINT('',#16138);
#5431=VERTEX_POINT('',#16140);
#5432=VERTEX_POINT('',#16142);
#5433=VERTEX_POINT('',#16144);
#5434=VERTEX_POINT('',#16146);
#5435=VERTEX_POINT('',#16148);
#5436=VERTEX_POINT('',#16150);
#5437=VERTEX_POINT('',#16152);
#5438=VERTEX_POINT('',#16154);
#5439=VERTEX_POINT('',#16156);
#5440=VERTEX_POINT('',#16158);
#5441=VERTEX_POINT('',#16160);
#5442=VERTEX_POINT('',#16162);
#5443=VERTEX_POINT('',#16164);
#5444=VERTEX_POINT('',#16166);
#5445=VERTEX_POINT('',#16168);
#5446=VERTEX_POINT('',#16170);
#5447=VERTEX_POINT('',#16172);
#5448=VERTEX_POINT('',#16174);
#5449=VERTEX_POINT('',#16176);
#5450=VERTEX_POINT('',#16178);
#5451=VERTEX_POINT('',#16180);
#5452=VERTEX_POINT('',#16182);
#5453=VERTEX_POINT('',#16184);
#5454=VERTEX_POINT('',#16186);
#5455=VERTEX_POINT('',#16188);
#5456=VERTEX_POINT('',#16190);
#5457=VERTEX_POINT('',#16192);
#5458=VERTEX_POINT('',#16195);
#5459=VERTEX_POINT('',#16198);
#5460=VERTEX_POINT('',#16201);
#5461=VERTEX_POINT('',#16203);
#5462=VERTEX_POINT('',#16205);
#5463=VERTEX_POINT('',#16207);
#5464=VERTEX_POINT('',#16209);
#5465=VERTEX_POINT('',#16211);
#5466=VERTEX_POINT('',#16213);
#5467=VERTEX_POINT('',#16215);
#5468=VERTEX_POINT('',#16217);
#5469=VERTEX_POINT('',#16219);
#5470=VERTEX_POINT('',#16221);
#5471=VERTEX_POINT('',#16223);
#5472=VERTEX_POINT('',#16225);
#5473=VERTEX_POINT('',#16229);
#5474=VERTEX_POINT('',#16232);
#5475=VERTEX_POINT('',#16233);
#5476=VERTEX_POINT('',#16235);
#5477=VERTEX_POINT('',#16237);
#5478=VERTEX_POINT('',#16239);
#5479=VERTEX_POINT('',#16241);
#5480=VERTEX_POINT('',#16243);
#5481=VERTEX_POINT('',#16245);
#5482=VERTEX_POINT('',#16247);
#5483=VERTEX_POINT('',#16249);
#5484=VERTEX_POINT('',#16252);
#5485=VERTEX_POINT('',#16253);
#5486=VERTEX_POINT('',#16255);
#5487=VERTEX_POINT('',#16257);
#5488=VERTEX_POINT('',#16259);
#5489=VERTEX_POINT('',#16261);
#5490=VERTEX_POINT('',#16263);
#5491=VERTEX_POINT('',#16265);
#5492=VERTEX_POINT('',#16267);
#5493=VERTEX_POINT('',#16269);
#5494=VERTEX_POINT('',#16272);
#5495=VERTEX_POINT('',#16273);
#5496=VERTEX_POINT('',#16275);
#5497=VERTEX_POINT('',#16277);
#5498=VERTEX_POINT('',#16279);
#5499=VERTEX_POINT('',#16281);
#5500=VERTEX_POINT('',#16283);
#5501=VERTEX_POINT('',#16285);
#5502=VERTEX_POINT('',#16287);
#5503=VERTEX_POINT('',#16289);
#5504=VERTEX_POINT('',#16292);
#5505=VERTEX_POINT('',#16293);
#5506=VERTEX_POINT('',#16295);
#5507=VERTEX_POINT('',#16297);
#5508=VERTEX_POINT('',#16299);
#5509=VERTEX_POINT('',#16301);
#5510=VERTEX_POINT('',#16303);
#5511=VERTEX_POINT('',#16305);
#5512=VERTEX_POINT('',#16307);
#5513=VERTEX_POINT('',#16309);
#5514=VERTEX_POINT('',#16311);
#5515=VERTEX_POINT('',#16313);
#5516=VERTEX_POINT('',#16315);
#5517=VERTEX_POINT('',#16317);
#5518=VERTEX_POINT('',#16319);
#5519=VERTEX_POINT('',#16321);
#5520=VERTEX_POINT('',#16323);
#5521=VERTEX_POINT('',#16325);
#5522=VERTEX_POINT('',#16327);
#5523=VERTEX_POINT('',#16329);
#5524=VERTEX_POINT('',#16332);
#5525=VERTEX_POINT('',#16333);
#5526=VERTEX_POINT('',#16335);
#5527=VERTEX_POINT('',#16337);
#5528=VERTEX_POINT('',#16339);
#5529=VERTEX_POINT('',#16341);
#5530=VERTEX_POINT('',#16343);
#5531=VERTEX_POINT('',#16345);
#5532=VERTEX_POINT('',#16347);
#5533=VERTEX_POINT('',#16349);
#5534=VERTEX_POINT('',#16351);
#5535=VERTEX_POINT('',#16353);
#5536=VERTEX_POINT('',#16355);
#5537=VERTEX_POINT('',#16357);
#5538=VERTEX_POINT('',#16359);
#5539=VERTEX_POINT('',#16361);
#5540=VERTEX_POINT('',#16363);
#5541=VERTEX_POINT('',#16365);
#5542=VERTEX_POINT('',#16367);
#5543=VERTEX_POINT('',#16369);
#5544=VERTEX_POINT('',#16372);
#5545=VERTEX_POINT('',#16373);
#5546=VERTEX_POINT('',#16375);
#5547=VERTEX_POINT('',#16377);
#5548=VERTEX_POINT('',#16379);
#5549=VERTEX_POINT('',#16381);
#5550=VERTEX_POINT('',#16383);
#5551=VERTEX_POINT('',#16385);
#5552=VERTEX_POINT('',#16387);
#5553=VERTEX_POINT('',#16389);
#5554=VERTEX_POINT('',#16391);
#5555=VERTEX_POINT('',#16393);
#5556=VERTEX_POINT('',#16395);
#5557=VERTEX_POINT('',#16397);
#5558=VERTEX_POINT('',#16399);
#5559=VERTEX_POINT('',#16401);
#5560=VERTEX_POINT('',#16403);
#5561=VERTEX_POINT('',#16405);
#5562=VERTEX_POINT('',#16407);
#5563=VERTEX_POINT('',#16409);
#5564=VERTEX_POINT('',#16412);
#5565=VERTEX_POINT('',#16413);
#5566=VERTEX_POINT('',#16415);
#5567=VERTEX_POINT('',#16417);
#5568=VERTEX_POINT('',#16419);
#5569=VERTEX_POINT('',#16421);
#5570=VERTEX_POINT('',#16423);
#5571=VERTEX_POINT('',#16425);
#5572=VERTEX_POINT('',#16427);
#5573=VERTEX_POINT('',#16429);
#5574=VERTEX_POINT('',#16431);
#5575=VERTEX_POINT('',#16433);
#5576=VERTEX_POINT('',#16435);
#5577=VERTEX_POINT('',#16437);
#5578=VERTEX_POINT('',#16439);
#5579=VERTEX_POINT('',#16441);
#5580=VERTEX_POINT('',#16443);
#5581=VERTEX_POINT('',#16445);
#5582=VERTEX_POINT('',#16447);
#5583=VERTEX_POINT('',#16449);
#5584=VERTEX_POINT('',#16452);
#5585=VERTEX_POINT('',#16453);
#5586=VERTEX_POINT('',#16455);
#5587=VERTEX_POINT('',#16457);
#5588=VERTEX_POINT('',#16459);
#5589=VERTEX_POINT('',#16461);
#5590=VERTEX_POINT('',#16463);
#5591=VERTEX_POINT('',#16465);
#5592=VERTEX_POINT('',#16467);
#5593=VERTEX_POINT('',#16469);
#5594=VERTEX_POINT('',#16471);
#5595=VERTEX_POINT('',#16473);
#5596=VERTEX_POINT('',#16475);
#5597=VERTEX_POINT('',#16477);
#5598=VERTEX_POINT('',#16479);
#5599=VERTEX_POINT('',#16481);
#5600=VERTEX_POINT('',#16483);
#5601=VERTEX_POINT('',#16485);
#5602=VERTEX_POINT('',#16487);
#5603=VERTEX_POINT('',#16489);
#5604=VERTEX_POINT('',#16492);
#5605=VERTEX_POINT('',#16494);
#5606=VERTEX_POINT('',#16495);
#5607=VERTEX_POINT('',#16497);
#5608=VERTEX_POINT('',#16499);
#5609=VERTEX_POINT('',#16501);
#5610=VERTEX_POINT('',#16503);
#5611=VERTEX_POINT('',#16505);
#5612=VERTEX_POINT('',#16507);
#5613=VERTEX_POINT('',#16509);
#5614=VERTEX_POINT('',#16511);
#5615=VERTEX_POINT('',#16513);
#5616=VERTEX_POINT('',#16515);
#5617=VERTEX_POINT('',#16517);
#5618=VERTEX_POINT('',#16519);
#5619=VERTEX_POINT('',#16521);
#5620=VERTEX_POINT('',#16523);
#5621=VERTEX_POINT('',#16525);
#5622=VERTEX_POINT('',#16527);
#5623=VERTEX_POINT('',#16529);
#5624=VERTEX_POINT('',#16531);
#5625=VERTEX_POINT('',#16534);
#5626=VERTEX_POINT('',#16536);
#5627=VERTEX_POINT('',#16537);
#5628=VERTEX_POINT('',#16539);
#5629=VERTEX_POINT('',#16541);
#5630=VERTEX_POINT('',#16543);
#5631=VERTEX_POINT('',#16545);
#5632=VERTEX_POINT('',#16547);
#5633=VERTEX_POINT('',#16549);
#5634=VERTEX_POINT('',#16551);
#5635=VERTEX_POINT('',#16553);
#5636=VERTEX_POINT('',#16555);
#5637=VERTEX_POINT('',#16557);
#5638=VERTEX_POINT('',#16559);
#5639=VERTEX_POINT('',#16561);
#5640=VERTEX_POINT('',#16563);
#5641=VERTEX_POINT('',#16565);
#5642=VERTEX_POINT('',#16567);
#5643=VERTEX_POINT('',#16569);
#5644=VERTEX_POINT('',#16571);
#5645=VERTEX_POINT('',#16573);
#5646=VERTEX_POINT('',#16576);
#5647=VERTEX_POINT('',#16577);
#5648=VERTEX_POINT('',#16579);
#5649=VERTEX_POINT('',#16581);
#5650=VERTEX_POINT('',#16583);
#5651=VERTEX_POINT('',#16585);
#5652=VERTEX_POINT('',#16587);
#5653=VERTEX_POINT('',#16589);
#5654=VERTEX_POINT('',#16591);
#5655=VERTEX_POINT('',#16593);
#5656=VERTEX_POINT('',#16595);
#5657=VERTEX_POINT('',#16597);
#5658=VERTEX_POINT('',#16599);
#5659=VERTEX_POINT('',#16601);
#5660=VERTEX_POINT('',#16603);
#5661=VERTEX_POINT('',#16605);
#5662=VERTEX_POINT('',#16607);
#5663=VERTEX_POINT('',#16609);
#5664=VERTEX_POINT('',#16611);
#5665=VERTEX_POINT('',#16613);
#5666=VERTEX_POINT('',#16616);
#5667=VERTEX_POINT('',#16617);
#5668=VERTEX_POINT('',#16619);
#5669=VERTEX_POINT('',#16621);
#5670=VERTEX_POINT('',#16623);
#5671=VERTEX_POINT('',#16625);
#5672=VERTEX_POINT('',#16627);
#5673=VERTEX_POINT('',#16629);
#5674=VERTEX_POINT('',#16631);
#5675=VERTEX_POINT('',#16633);
#5676=VERTEX_POINT('',#16635);
#5677=VERTEX_POINT('',#16637);
#5678=VERTEX_POINT('',#16639);
#5679=VERTEX_POINT('',#16641);
#5680=VERTEX_POINT('',#16643);
#5681=VERTEX_POINT('',#16645);
#5682=VERTEX_POINT('',#16647);
#5683=VERTEX_POINT('',#16649);
#5684=VERTEX_POINT('',#16651);
#5685=VERTEX_POINT('',#16653);
#5686=VERTEX_POINT('',#16656);
#5687=VERTEX_POINT('',#16657);
#5688=VERTEX_POINT('',#16659);
#5689=VERTEX_POINT('',#16661);
#5690=VERTEX_POINT('',#16663);
#5691=VERTEX_POINT('',#16665);
#5692=VERTEX_POINT('',#16667);
#5693=VERTEX_POINT('',#16669);
#5694=VERTEX_POINT('',#16671);
#5695=VERTEX_POINT('',#16673);
#5696=VERTEX_POINT('',#16675);
#5697=VERTEX_POINT('',#16677);
#5698=VERTEX_POINT('',#16679);
#5699=VERTEX_POINT('',#16681);
#5700=VERTEX_POINT('',#16683);
#5701=VERTEX_POINT('',#16685);
#5702=VERTEX_POINT('',#16687);
#5703=VERTEX_POINT('',#16689);
#5704=VERTEX_POINT('',#16691);
#5705=VERTEX_POINT('',#16693);
#5706=VERTEX_POINT('',#16696);
#5707=VERTEX_POINT('',#16697);
#5708=VERTEX_POINT('',#16699);
#5709=VERTEX_POINT('',#16701);
#5710=VERTEX_POINT('',#16703);
#5711=VERTEX_POINT('',#16705);
#5712=VERTEX_POINT('',#16707);
#5713=VERTEX_POINT('',#16709);
#5714=VERTEX_POINT('',#16711);
#5715=VERTEX_POINT('',#16713);
#5716=VERTEX_POINT('',#16715);
#5717=VERTEX_POINT('',#16717);
#5718=VERTEX_POINT('',#16719);
#5719=VERTEX_POINT('',#16721);
#5720=VERTEX_POINT('',#16723);
#5721=VERTEX_POINT('',#16725);
#5722=VERTEX_POINT('',#16727);
#5723=VERTEX_POINT('',#16729);
#5724=VERTEX_POINT('',#16731);
#5725=VERTEX_POINT('',#16733);
#5726=VERTEX_POINT('',#16736);
#5727=VERTEX_POINT('',#16737);
#5728=VERTEX_POINT('',#16739);
#5729=VERTEX_POINT('',#16741);
#5730=VERTEX_POINT('',#16743);
#5731=VERTEX_POINT('',#16745);
#5732=VERTEX_POINT('',#16747);
#5733=VERTEX_POINT('',#16749);
#5734=VERTEX_POINT('',#16751);
#5735=VERTEX_POINT('',#16753);
#5736=VERTEX_POINT('',#16755);
#5737=VERTEX_POINT('',#16757);
#5738=VERTEX_POINT('',#16759);
#5739=VERTEX_POINT('',#16761);
#5740=VERTEX_POINT('',#16763);
#5741=VERTEX_POINT('',#16765);
#5742=VERTEX_POINT('',#16767);
#5743=VERTEX_POINT('',#16769);
#5744=VERTEX_POINT('',#16771);
#5745=VERTEX_POINT('',#16773);
#5746=VERTEX_POINT('',#16776);
#5747=VERTEX_POINT('',#16777);
#5748=VERTEX_POINT('',#16779);
#5749=VERTEX_POINT('',#16781);
#5750=VERTEX_POINT('',#16783);
#5751=VERTEX_POINT('',#16785);
#5752=VERTEX_POINT('',#16787);
#5753=VERTEX_POINT('',#16789);
#5754=VERTEX_POINT('',#16791);
#5755=VERTEX_POINT('',#16793);
#5756=VERTEX_POINT('',#16795);
#5757=VERTEX_POINT('',#16797);
#5758=VERTEX_POINT('',#16799);
#5759=VERTEX_POINT('',#16801);
#5760=VERTEX_POINT('',#16803);
#5761=VERTEX_POINT('',#16805);
#5762=VERTEX_POINT('',#16807);
#5763=VERTEX_POINT('',#16809);
#5764=VERTEX_POINT('',#16811);
#5765=VERTEX_POINT('',#16813);
#5766=VERTEX_POINT('',#16816);
#5767=VERTEX_POINT('',#16817);
#5768=VERTEX_POINT('',#16819);
#5769=VERTEX_POINT('',#16821);
#5770=VERTEX_POINT('',#16823);
#5771=VERTEX_POINT('',#16825);
#5772=VERTEX_POINT('',#16827);
#5773=VERTEX_POINT('',#16829);
#5774=VERTEX_POINT('',#16831);
#5775=VERTEX_POINT('',#16833);
#5776=VERTEX_POINT('',#16835);
#5777=VERTEX_POINT('',#16837);
#5778=VERTEX_POINT('',#16839);
#5779=VERTEX_POINT('',#16841);
#5780=VERTEX_POINT('',#16843);
#5781=VERTEX_POINT('',#16845);
#5782=VERTEX_POINT('',#16847);
#5783=VERTEX_POINT('',#16849);
#5784=VERTEX_POINT('',#16851);
#5785=VERTEX_POINT('',#16853);
#5786=VERTEX_POINT('',#16856);
#5787=VERTEX_POINT('',#16858);
#5788=VERTEX_POINT('',#16859);
#5789=VERTEX_POINT('',#16861);
#5790=VERTEX_POINT('',#16863);
#5791=VERTEX_POINT('',#16865);
#5792=VERTEX_POINT('',#16867);
#5793=VERTEX_POINT('',#16869);
#5794=VERTEX_POINT('',#16871);
#5795=VERTEX_POINT('',#16873);
#5796=VERTEX_POINT('',#16875);
#5797=VERTEX_POINT('',#16877);
#5798=VERTEX_POINT('',#16879);
#5799=VERTEX_POINT('',#16881);
#5800=VERTEX_POINT('',#16883);
#5801=VERTEX_POINT('',#16885);
#5802=VERTEX_POINT('',#16887);
#5803=VERTEX_POINT('',#16889);
#5804=VERTEX_POINT('',#16891);
#5805=VERTEX_POINT('',#16893);
#5806=VERTEX_POINT('',#16895);
#5807=VERTEX_POINT('',#16898);
#5808=VERTEX_POINT('',#16899);
#5809=VERTEX_POINT('',#16901);
#5810=VERTEX_POINT('',#16903);
#5811=VERTEX_POINT('',#16905);
#5812=VERTEX_POINT('',#16907);
#5813=VERTEX_POINT('',#16909);
#5814=VERTEX_POINT('',#16911);
#5815=VERTEX_POINT('',#16913);
#5816=VERTEX_POINT('',#16915);
#5817=VERTEX_POINT('',#16917);
#5818=VERTEX_POINT('',#16919);
#5819=VERTEX_POINT('',#16921);
#5820=VERTEX_POINT('',#16923);
#5821=VERTEX_POINT('',#16925);
#5822=VERTEX_POINT('',#16927);
#5823=VERTEX_POINT('',#16929);
#5824=VERTEX_POINT('',#16931);
#5825=VERTEX_POINT('',#16933);
#5826=VERTEX_POINT('',#16935);
#5827=VERTEX_POINT('',#16938);
#5828=VERTEX_POINT('',#16939);
#5829=VERTEX_POINT('',#16941);
#5830=VERTEX_POINT('',#16943);
#5831=VERTEX_POINT('',#16945);
#5832=VERTEX_POINT('',#16947);
#5833=VERTEX_POINT('',#16949);
#5834=VERTEX_POINT('',#16951);
#5835=VERTEX_POINT('',#16953);
#5836=VERTEX_POINT('',#16955);
#5837=VERTEX_POINT('',#16957);
#5838=VERTEX_POINT('',#16959);
#5839=VERTEX_POINT('',#16961);
#5840=VERTEX_POINT('',#16963);
#5841=VERTEX_POINT('',#16965);
#5842=VERTEX_POINT('',#16967);
#5843=VERTEX_POINT('',#16969);
#5844=VERTEX_POINT('',#16971);
#5845=VERTEX_POINT('',#16973);
#5846=VERTEX_POINT('',#16975);
#5847=VERTEX_POINT('',#16978);
#5848=VERTEX_POINT('',#16979);
#5849=VERTEX_POINT('',#16981);
#5850=VERTEX_POINT('',#16983);
#5851=VERTEX_POINT('',#16985);
#5852=VERTEX_POINT('',#16987);
#5853=VERTEX_POINT('',#16989);
#5854=VERTEX_POINT('',#16991);
#5855=VERTEX_POINT('',#16993);
#5856=VERTEX_POINT('',#16995);
#5857=VERTEX_POINT('',#16997);
#5858=VERTEX_POINT('',#16999);
#5859=VERTEX_POINT('',#17001);
#5860=VERTEX_POINT('',#17003);
#5861=VERTEX_POINT('',#17005);
#5862=VERTEX_POINT('',#17007);
#5863=VERTEX_POINT('',#17009);
#5864=VERTEX_POINT('',#17011);
#5865=VERTEX_POINT('',#17013);
#5866=VERTEX_POINT('',#17015);
#5867=VERTEX_POINT('',#17018);
#5868=EDGE_CURVE('',#4790,#4791,#4666,.T.);
#5869=EDGE_CURVE('',#4791,#4792,#1680,.T.);
#5870=EDGE_CURVE('',#4792,#4793,#4667,.T.);
#5871=EDGE_CURVE('',#4793,#4790,#1681,.T.);
#5872=EDGE_CURVE('',#4791,#4794,#1682,.T.);
#5873=EDGE_CURVE('',#4794,#4795,#1683,.T.);
#5874=EDGE_CURVE('',#4792,#4795,#1684,.T.);
#5875=EDGE_CURVE('',#4796,#4797,#4668,.T.);
#5876=EDGE_CURVE('',#4797,#4798,#1685,.T.);
#5877=EDGE_CURVE('',#4798,#4799,#4669,.T.);
#5878=EDGE_CURVE('',#4799,#4796,#1686,.T.);
#5879=EDGE_CURVE('',#4798,#4793,#4670,.F.);
#5880=EDGE_CURVE('',#4797,#4790,#4671,.F.);
#5881=EDGE_CURVE('',#4800,#4801,#4672,.T.);
#5882=EDGE_CURVE('',#4801,#4802,#1687,.T.);
#5883=EDGE_CURVE('',#4802,#4803,#4673,.T.);
#5884=EDGE_CURVE('',#4803,#4800,#1688,.T.);
#5885=EDGE_CURVE('',#4804,#4801,#4674,.F.);
#5886=EDGE_CURVE('',#4805,#4804,#1689,.T.);
#5887=EDGE_CURVE('',#4805,#4802,#4675,.F.);
#5888=EDGE_CURVE('',#4806,#4805,#4676,.T.);
#5889=EDGE_CURVE('',#4804,#4807,#4677,.T.);
#5890=EDGE_CURVE('',#4807,#4806,#1690,.T.);
#5891=EDGE_CURVE('',#4808,#4809,#4678,.T.);
#5892=EDGE_CURVE('',#4809,#4810,#1691,.T.);
#5893=EDGE_CURVE('',#4810,#4811,#4679,.T.);
#5894=EDGE_CURVE('',#4811,#4808,#1692,.T.);
#5895=EDGE_CURVE('',#4812,#4809,#1693,.T.);
#5896=EDGE_CURVE('',#4812,#4813,#1694,.T.);
#5897=EDGE_CURVE('',#4810,#4813,#1695,.T.);
#5898=EDGE_CURVE('',#4814,#4815,#4680,.T.);
#5899=EDGE_CURVE('',#4815,#4816,#1696,.T.);
#5900=EDGE_CURVE('',#4816,#4817,#4681,.T.);
#5901=EDGE_CURVE('',#4817,#4814,#1697,.T.);
#5902=EDGE_CURVE('',#4818,#4815,#1698,.T.);
#5903=EDGE_CURVE('',#4818,#4819,#1699,.T.);
#5904=EDGE_CURVE('',#4816,#4819,#1700,.T.);
#5905=EDGE_CURVE('',#4820,#4821,#4682,.T.);
#5906=EDGE_CURVE('',#4821,#4822,#1701,.T.);
#5907=EDGE_CURVE('',#4822,#4823,#4683,.T.);
#5908=EDGE_CURVE('',#4823,#4820,#1702,.T.);
#5909=EDGE_CURVE('',#4821,#4824,#1703,.T.);
#5910=EDGE_CURVE('',#4825,#4824,#1704,.T.);
#5911=EDGE_CURVE('',#4822,#4825,#1705,.T.);
#5912=EDGE_CURVE('',#4824,#4826,#4684,.T.);
#5913=EDGE_CURVE('',#4826,#4827,#1706,.T.);
#5914=EDGE_CURVE('',#4827,#4825,#4685,.T.);
#5915=EDGE_CURVE('',#4826,#4828,#1707,.T.);
#5916=EDGE_CURVE('',#4828,#4829,#1708,.T.);
#5917=EDGE_CURVE('',#4827,#4829,#1709,.T.);
#5918=EDGE_CURVE('',#4830,#4831,#1710,.T.);
#5919=EDGE_CURVE('',#4831,#4832,#4686,.T.);
#5920=EDGE_CURVE('',#4832,#4833,#1711,.T.);
#5921=EDGE_CURVE('',#4834,#4833,#4687,.T.);
#5922=EDGE_CURVE('',#4834,#4835,#1712,.T.);
#5923=EDGE_CURVE('',#4835,#4836,#4688,.T.);
#5924=EDGE_CURVE('',#4836,#4837,#1713,.T.);
#5925=EDGE_CURVE('',#4838,#4837,#4689,.T.);
#5926=EDGE_CURVE('',#4838,#4839,#4690,.F.);
#5927=EDGE_CURVE('',#4840,#4839,#4691,.T.);
#5928=EDGE_CURVE('',#4840,#4841,#1714,.T.);
#5929=EDGE_CURVE('',#4841,#4842,#4692,.T.);
#5930=EDGE_CURVE('',#4842,#4843,#1715,.T.);
#5931=EDGE_CURVE('',#4844,#4843,#4693,.T.);
#5932=EDGE_CURVE('',#4844,#4817,#1716,.T.);
#5933=EDGE_CURVE('',#4819,#4845,#4694,.T.);
#5934=EDGE_CURVE('',#4845,#4799,#1717,.T.);
#5935=EDGE_CURVE('',#4795,#4846,#4695,.T.);
#5936=EDGE_CURVE('',#4846,#4811,#1718,.T.);
#5937=EDGE_CURVE('',#4813,#4847,#1719,.T.);
#5938=EDGE_CURVE('',#4847,#4848,#1720,.T.);
#5939=EDGE_CURVE('',#4848,#4849,#1721,.T.);
#5940=EDGE_CURVE('',#4849,#4850,#1722,.T.);
#5941=EDGE_CURVE('',#4850,#4851,#1723,.T.);
#5942=EDGE_CURVE('',#4851,#4852,#1724,.T.);
#5943=EDGE_CURVE('',#4852,#4853,#1725,.T.);
#5944=EDGE_CURVE('',#4853,#4854,#1726,.T.);
#5945=EDGE_CURVE('',#4854,#4855,#1727,.T.);
#5946=EDGE_CURVE('',#4855,#4856,#1728,.T.);
#5947=EDGE_CURVE('',#4856,#4857,#1729,.T.);
#5948=EDGE_CURVE('',#4857,#4858,#1730,.T.);
#5949=EDGE_CURVE('',#4858,#4859,#1731,.T.);
#5950=EDGE_CURVE('',#4859,#4860,#1732,.T.);
#5951=EDGE_CURVE('',#4860,#4861,#1733,.T.);
#5952=EDGE_CURVE('',#4861,#4862,#1734,.T.);
#5953=EDGE_CURVE('',#4862,#4863,#1735,.T.);
#5954=EDGE_CURVE('',#4863,#4864,#1736,.T.);
#5955=EDGE_CURVE('',#4864,#4865,#1737,.T.);
#5956=EDGE_CURVE('',#4865,#4866,#1738,.T.);
#5957=EDGE_CURVE('',#4866,#4867,#1739,.T.);
#5958=EDGE_CURVE('',#4867,#4868,#1740,.T.);
#5959=EDGE_CURVE('',#4868,#4869,#1741,.T.);
#5960=EDGE_CURVE('',#4869,#4870,#1742,.T.);
#5961=EDGE_CURVE('',#4870,#4871,#1743,.T.);
#5962=EDGE_CURVE('',#4871,#4872,#1744,.T.);
#5963=EDGE_CURVE('',#4872,#4873,#1745,.T.);
#5964=EDGE_CURVE('',#4873,#4874,#1746,.T.);
#5965=EDGE_CURVE('',#4874,#4875,#1747,.T.);
#5966=EDGE_CURVE('',#4875,#4876,#1748,.T.);
#5967=EDGE_CURVE('',#4876,#4877,#1749,.T.);
#5968=EDGE_CURVE('',#4877,#4878,#1750,.T.);
#5969=EDGE_CURVE('',#4878,#4879,#1751,.T.);
#5970=EDGE_CURVE('',#4879,#4880,#1752,.T.);
#5971=EDGE_CURVE('',#4880,#4881,#1753,.T.);
#5972=EDGE_CURVE('',#4881,#4882,#1754,.T.);
#5973=EDGE_CURVE('',#4882,#4883,#1755,.T.);
#5974=EDGE_CURVE('',#4883,#4884,#1756,.T.);
#5975=EDGE_CURVE('',#4884,#4885,#1757,.T.);
#5976=EDGE_CURVE('',#4885,#4886,#1758,.T.);
#5977=EDGE_CURVE('',#4887,#4886,#4696,.T.);
#5978=EDGE_CURVE('',#4887,#4888,#1759,.T.);
#5979=EDGE_CURVE('',#4888,#4889,#4697,.T.);
#5980=EDGE_CURVE('',#4889,#4890,#1760,.T.);
#5981=EDGE_CURVE('',#4891,#4890,#4698,.T.);
#5982=EDGE_CURVE('',#4891,#4892,#4699,.F.);
#5983=EDGE_CURVE('',#4893,#4892,#4700,.T.);
#5984=EDGE_CURVE('',#4893,#4894,#1761,.T.);
#5985=EDGE_CURVE('',#4894,#4895,#4701,.T.);
#5986=EDGE_CURVE('',#4895,#4896,#1762,.T.);
#5987=EDGE_CURVE('',#4897,#4896,#4702,.T.);
#5988=EDGE_CURVE('',#4897,#4898,#1763,.T.);
#5989=EDGE_CURVE('',#4899,#4898,#4703,.T.);
#5990=EDGE_CURVE('',#4899,#4900,#1764,.T.);
#5991=EDGE_CURVE('',#4900,#4901,#4704,.T.);
#5992=EDGE_CURVE('',#4901,#4902,#1765,.T.);
#5993=EDGE_CURVE('',#4903,#4902,#4705,.T.);
#5994=EDGE_CURVE('',#4903,#4904,#4706,.F.);
#5995=EDGE_CURVE('',#4905,#4904,#4707,.T.);
#5996=EDGE_CURVE('',#4905,#4906,#1766,.T.);
#5997=EDGE_CURVE('',#4906,#4907,#4708,.T.);
#5998=EDGE_CURVE('',#4907,#4908,#1767,.T.);
#5999=EDGE_CURVE('',#4909,#4908,#4709,.T.);
#6000=EDGE_CURVE('',#4909,#4910,#1768,.T.);
#6001=EDGE_CURVE('',#4910,#4911,#1769,.T.);
#6002=EDGE_CURVE('',#4911,#4912,#1770,.T.);
#6003=EDGE_CURVE('',#4912,#4913,#1771,.T.);
#6004=EDGE_CURVE('',#4913,#4914,#1772,.T.);
#6005=EDGE_CURVE('',#4914,#4915,#1773,.T.);
#6006=EDGE_CURVE('',#4915,#4916,#1774,.T.);
#6007=EDGE_CURVE('',#4916,#4917,#1775,.T.);
#6008=EDGE_CURVE('',#4917,#4918,#1776,.T.);
#6009=EDGE_CURVE('',#4918,#4919,#1777,.T.);
#6010=EDGE_CURVE('',#4919,#4920,#1778,.T.);
#6011=EDGE_CURVE('',#4920,#4921,#1779,.T.);
#6012=EDGE_CURVE('',#4921,#4922,#1780,.T.);
#6013=EDGE_CURVE('',#4922,#4923,#1781,.T.);
#6014=EDGE_CURVE('',#4923,#4924,#1782,.T.);
#6015=EDGE_CURVE('',#4924,#4925,#1783,.T.);
#6016=EDGE_CURVE('',#4925,#4926,#1784,.T.);
#6017=EDGE_CURVE('',#4926,#4927,#1785,.T.);
#6018=EDGE_CURVE('',#4927,#4928,#1786,.T.);
#6019=EDGE_CURVE('',#4928,#4929,#1787,.T.);
#6020=EDGE_CURVE('',#4929,#4930,#1788,.T.);
#6021=EDGE_CURVE('',#4930,#4931,#1789,.T.);
#6022=EDGE_CURVE('',#4931,#4932,#1790,.T.);
#6023=EDGE_CURVE('',#4932,#4933,#1791,.T.);
#6024=EDGE_CURVE('',#4933,#4934,#1792,.T.);
#6025=EDGE_CURVE('',#4934,#4935,#1793,.T.);
#6026=EDGE_CURVE('',#4935,#4936,#1794,.T.);
#6027=EDGE_CURVE('',#4936,#4937,#1795,.T.);
#6028=EDGE_CURVE('',#4937,#4938,#1796,.T.);
#6029=EDGE_CURVE('',#4938,#4939,#1797,.T.);
#6030=EDGE_CURVE('',#4939,#4940,#1798,.T.);
#6031=EDGE_CURVE('',#4940,#4941,#1799,.T.);
#6032=EDGE_CURVE('',#4941,#4942,#1800,.T.);
#6033=EDGE_CURVE('',#4942,#4943,#1801,.T.);
#6034=EDGE_CURVE('',#4943,#4944,#1802,.T.);
#6035=EDGE_CURVE('',#4944,#4945,#1803,.T.);
#6036=EDGE_CURVE('',#4945,#4946,#1804,.T.);
#6037=EDGE_CURVE('',#4946,#4947,#1805,.T.);
#6038=EDGE_CURVE('',#4947,#4948,#1806,.T.);
#6039=EDGE_CURVE('',#4948,#4949,#1807,.T.);
#6040=EDGE_CURVE('',#4949,#4950,#1808,.T.);
#6041=EDGE_CURVE('',#4950,#4951,#1809,.T.);
#6042=EDGE_CURVE('',#4951,#4952,#1810,.T.);
#6043=EDGE_CURVE('',#4952,#4953,#1811,.T.);
#6044=EDGE_CURVE('',#4953,#4830,#4710,.T.);
#6045=EDGE_CURVE('',#4954,#4955,#1812,.T.);
#6046=EDGE_CURVE('',#4955,#4956,#1813,.T.);
#6047=EDGE_CURVE('',#4956,#4957,#1814,.T.);
#6048=EDGE_CURVE('',#4957,#4958,#1815,.T.);
#6049=EDGE_CURVE('',#4958,#4959,#1816,.T.);
#6050=EDGE_CURVE('',#4959,#4960,#1817,.T.);
#6051=EDGE_CURVE('',#4960,#4961,#1818,.T.);
#6052=EDGE_CURVE('',#4961,#4962,#1819,.T.);
#6053=EDGE_CURVE('',#4962,#4963,#1820,.T.);
#6054=EDGE_CURVE('',#4963,#4964,#1821,.T.);
#6055=EDGE_CURVE('',#4964,#4965,#1822,.T.);
#6056=EDGE_CURVE('',#4965,#4966,#1823,.T.);
#6057=EDGE_CURVE('',#4966,#4967,#1824,.T.);
#6058=EDGE_CURVE('',#4967,#4968,#1825,.T.);
#6059=EDGE_CURVE('',#4968,#4969,#1826,.T.);
#6060=EDGE_CURVE('',#4969,#4970,#1827,.T.);
#6061=EDGE_CURVE('',#4970,#4971,#1828,.T.);
#6062=EDGE_CURVE('',#4971,#4972,#1829,.T.);
#6063=EDGE_CURVE('',#4972,#4973,#1830,.T.);
#6064=EDGE_CURVE('',#4973,#4954,#1831,.T.);
#6065=EDGE_CURVE('',#4974,#4975,#1832,.T.);
#6066=EDGE_CURVE('',#4975,#4976,#1833,.T.);
#6067=EDGE_CURVE('',#4976,#4977,#1834,.T.);
#6068=EDGE_CURVE('',#4977,#4978,#1835,.T.);
#6069=EDGE_CURVE('',#4978,#4979,#1836,.T.);
#6070=EDGE_CURVE('',#4979,#4980,#1837,.T.);
#6071=EDGE_CURVE('',#4980,#4981,#1838,.T.);
#6072=EDGE_CURVE('',#4981,#4982,#1839,.T.);
#6073=EDGE_CURVE('',#4982,#4983,#1840,.T.);
#6074=EDGE_CURVE('',#4983,#4984,#1841,.T.);
#6075=EDGE_CURVE('',#4984,#4985,#1842,.T.);
#6076=EDGE_CURVE('',#4985,#4986,#1843,.T.);
#6077=EDGE_CURVE('',#4986,#4987,#1844,.T.);
#6078=EDGE_CURVE('',#4987,#4988,#1845,.T.);
#6079=EDGE_CURVE('',#4988,#4989,#1846,.T.);
#6080=EDGE_CURVE('',#4989,#4990,#1847,.T.);
#6081=EDGE_CURVE('',#4990,#4991,#1848,.T.);
#6082=EDGE_CURVE('',#4991,#4992,#1849,.T.);
#6083=EDGE_CURVE('',#4992,#4993,#1850,.T.);
#6084=EDGE_CURVE('',#4993,#4974,#1851,.T.);
#6085=EDGE_CURVE('',#4994,#4995,#1852,.T.);
#6086=EDGE_CURVE('',#4995,#4996,#1853,.T.);
#6087=EDGE_CURVE('',#4996,#4997,#1854,.T.);
#6088=EDGE_CURVE('',#4997,#4998,#1855,.T.);
#6089=EDGE_CURVE('',#4998,#4999,#1856,.T.);
#6090=EDGE_CURVE('',#4999,#5000,#1857,.T.);
#6091=EDGE_CURVE('',#5000,#5001,#1858,.T.);
#6092=EDGE_CURVE('',#5001,#5002,#1859,.T.);
#6093=EDGE_CURVE('',#5002,#5003,#1860,.T.);
#6094=EDGE_CURVE('',#5003,#5004,#1861,.T.);
#6095=EDGE_CURVE('',#5004,#5005,#1862,.T.);
#6096=EDGE_CURVE('',#5005,#5006,#1863,.T.);
#6097=EDGE_CURVE('',#5006,#5007,#1864,.T.);
#6098=EDGE_CURVE('',#5007,#5008,#1865,.T.);
#6099=EDGE_CURVE('',#5008,#5009,#1866,.T.);
#6100=EDGE_CURVE('',#5009,#5010,#1867,.T.);
#6101=EDGE_CURVE('',#5010,#5011,#1868,.T.);
#6102=EDGE_CURVE('',#5011,#5012,#1869,.T.);
#6103=EDGE_CURVE('',#5012,#5013,#1870,.T.);
#6104=EDGE_CURVE('',#5013,#4994,#1871,.T.);
#6105=EDGE_CURVE('',#5014,#5015,#1872,.T.);
#6106=EDGE_CURVE('',#5015,#5016,#1873,.T.);
#6107=EDGE_CURVE('',#5016,#5017,#1874,.T.);
#6108=EDGE_CURVE('',#5017,#5018,#1875,.T.);
#6109=EDGE_CURVE('',#5018,#5019,#1876,.T.);
#6110=EDGE_CURVE('',#5019,#5020,#1877,.T.);
#6111=EDGE_CURVE('',#5020,#5021,#1878,.T.);
#6112=EDGE_CURVE('',#5021,#5022,#1879,.T.);
#6113=EDGE_CURVE('',#5022,#5023,#1880,.T.);
#6114=EDGE_CURVE('',#5023,#5024,#1881,.T.);
#6115=EDGE_CURVE('',#5024,#5025,#1882,.T.);
#6116=EDGE_CURVE('',#5025,#5026,#1883,.T.);
#6117=EDGE_CURVE('',#5026,#5027,#1884,.T.);
#6118=EDGE_CURVE('',#5027,#5028,#1885,.T.);
#6119=EDGE_CURVE('',#5028,#5029,#1886,.T.);
#6120=EDGE_CURVE('',#5029,#5030,#1887,.T.);
#6121=EDGE_CURVE('',#5030,#5031,#1888,.T.);
#6122=EDGE_CURVE('',#5031,#5032,#1889,.T.);
#6123=EDGE_CURVE('',#5032,#5033,#1890,.T.);
#6124=EDGE_CURVE('',#5033,#5014,#1891,.T.);
#6125=EDGE_CURVE('',#5034,#5035,#1892,.T.);
#6126=EDGE_CURVE('',#5035,#5036,#1893,.T.);
#6127=EDGE_CURVE('',#5036,#5037,#1894,.T.);
#6128=EDGE_CURVE('',#5037,#5038,#1895,.T.);
#6129=EDGE_CURVE('',#5038,#5039,#1896,.T.);
#6130=EDGE_CURVE('',#5039,#5040,#1897,.T.);
#6131=EDGE_CURVE('',#5040,#5041,#1898,.T.);
#6132=EDGE_CURVE('',#5041,#5042,#1899,.T.);
#6133=EDGE_CURVE('',#5042,#5043,#1900,.T.);
#6134=EDGE_CURVE('',#5043,#5044,#1901,.T.);
#6135=EDGE_CURVE('',#5044,#5045,#1902,.T.);
#6136=EDGE_CURVE('',#5045,#5046,#1903,.T.);
#6137=EDGE_CURVE('',#5046,#5047,#1904,.T.);
#6138=EDGE_CURVE('',#5047,#5048,#1905,.T.);
#6139=EDGE_CURVE('',#5048,#5049,#1906,.T.);
#6140=EDGE_CURVE('',#5049,#5050,#1907,.T.);
#6141=EDGE_CURVE('',#5050,#5051,#1908,.T.);
#6142=EDGE_CURVE('',#5051,#5052,#1909,.T.);
#6143=EDGE_CURVE('',#5052,#5053,#1910,.T.);
#6144=EDGE_CURVE('',#5053,#5034,#1911,.T.);
#6145=EDGE_CURVE('',#5054,#5054,#4711,.T.);
#6146=EDGE_CURVE('',#5055,#5056,#1912,.T.);
#6147=EDGE_CURVE('',#5056,#5057,#1913,.T.);
#6148=EDGE_CURVE('',#5057,#5058,#1914,.T.);
#6149=EDGE_CURVE('',#5058,#5059,#1915,.T.);
#6150=EDGE_CURVE('',#5059,#5060,#1916,.T.);
#6151=EDGE_CURVE('',#5060,#5061,#1917,.T.);
#6152=EDGE_CURVE('',#5061,#5062,#1918,.T.);
#6153=EDGE_CURVE('',#5062,#5063,#1919,.T.);
#6154=EDGE_CURVE('',#5063,#5064,#1920,.T.);
#6155=EDGE_CURVE('',#5064,#5065,#1921,.T.);
#6156=EDGE_CURVE('',#5065,#5066,#1922,.T.);
#6157=EDGE_CURVE('',#5066,#5067,#1923,.T.);
#6158=EDGE_CURVE('',#5067,#5068,#1924,.T.);
#6159=EDGE_CURVE('',#5068,#5069,#1925,.T.);
#6160=EDGE_CURVE('',#5069,#5070,#1926,.T.);
#6161=EDGE_CURVE('',#5070,#5071,#1927,.T.);
#6162=EDGE_CURVE('',#5071,#5072,#1928,.T.);
#6163=EDGE_CURVE('',#5072,#5073,#1929,.T.);
#6164=EDGE_CURVE('',#5073,#5074,#1930,.T.);
#6165=EDGE_CURVE('',#5074,#5055,#1931,.T.);
#6166=EDGE_CURVE('',#5075,#5075,#4712,.T.);
#6167=EDGE_CURVE('',#5076,#5077,#1932,.T.);
#6168=EDGE_CURVE('',#5077,#5078,#1933,.T.);
#6169=EDGE_CURVE('',#5078,#5079,#1934,.T.);
#6170=EDGE_CURVE('',#5079,#5080,#1935,.T.);
#6171=EDGE_CURVE('',#5080,#5081,#1936,.T.);
#6172=EDGE_CURVE('',#5081,#5082,#1937,.T.);
#6173=EDGE_CURVE('',#5082,#5083,#1938,.T.);
#6174=EDGE_CURVE('',#5083,#5084,#1939,.T.);
#6175=EDGE_CURVE('',#5084,#5085,#1940,.T.);
#6176=EDGE_CURVE('',#5085,#5086,#1941,.T.);
#6177=EDGE_CURVE('',#5086,#5087,#1942,.T.);
#6178=EDGE_CURVE('',#5087,#5088,#1943,.T.);
#6179=EDGE_CURVE('',#5088,#5089,#1944,.T.);
#6180=EDGE_CURVE('',#5089,#5090,#1945,.T.);
#6181=EDGE_CURVE('',#5090,#5091,#1946,.T.);
#6182=EDGE_CURVE('',#5091,#5092,#1947,.T.);
#6183=EDGE_CURVE('',#5092,#5093,#1948,.T.);
#6184=EDGE_CURVE('',#5093,#5094,#1949,.T.);
#6185=EDGE_CURVE('',#5094,#5095,#1950,.T.);
#6186=EDGE_CURVE('',#5095,#5076,#1951,.T.);
#6187=EDGE_CURVE('',#5096,#5097,#1952,.T.);
#6188=EDGE_CURVE('',#5097,#5098,#1953,.T.);
#6189=EDGE_CURVE('',#5098,#5099,#1954,.T.);
#6190=EDGE_CURVE('',#5099,#5100,#1955,.T.);
#6191=EDGE_CURVE('',#5100,#5101,#1956,.T.);
#6192=EDGE_CURVE('',#5101,#5102,#1957,.T.);
#6193=EDGE_CURVE('',#5102,#5103,#1958,.T.);
#6194=EDGE_CURVE('',#5103,#5104,#1959,.T.);
#6195=EDGE_CURVE('',#5104,#5105,#1960,.T.);
#6196=EDGE_CURVE('',#5105,#5106,#1961,.T.);
#6197=EDGE_CURVE('',#5106,#5107,#1962,.T.);
#6198=EDGE_CURVE('',#5107,#5108,#1963,.T.);
#6199=EDGE_CURVE('',#5108,#5109,#1964,.T.);
#6200=EDGE_CURVE('',#5109,#5110,#1965,.T.);
#6201=EDGE_CURVE('',#5110,#5111,#1966,.T.);
#6202=EDGE_CURVE('',#5111,#5112,#1967,.T.);
#6203=EDGE_CURVE('',#5112,#5113,#1968,.T.);
#6204=EDGE_CURVE('',#5113,#5114,#1969,.T.);
#6205=EDGE_CURVE('',#5114,#5115,#1970,.T.);
#6206=EDGE_CURVE('',#5115,#5096,#1971,.T.);
#6207=EDGE_CURVE('',#5116,#5117,#1972,.T.);
#6208=EDGE_CURVE('',#5117,#5118,#1973,.T.);
#6209=EDGE_CURVE('',#5118,#5119,#1974,.T.);
#6210=EDGE_CURVE('',#5119,#5120,#1975,.T.);
#6211=EDGE_CURVE('',#5120,#5121,#1976,.T.);
#6212=EDGE_CURVE('',#5121,#5122,#1977,.T.);
#6213=EDGE_CURVE('',#5122,#5123,#1978,.T.);
#6214=EDGE_CURVE('',#5123,#5124,#1979,.T.);
#6215=EDGE_CURVE('',#5124,#5125,#1980,.T.);
#6216=EDGE_CURVE('',#5125,#5126,#1981,.T.);
#6217=EDGE_CURVE('',#5126,#5127,#1982,.T.);
#6218=EDGE_CURVE('',#5127,#5128,#1983,.T.);
#6219=EDGE_CURVE('',#5128,#5129,#1984,.T.);
#6220=EDGE_CURVE('',#5129,#5130,#1985,.T.);
#6221=EDGE_CURVE('',#5130,#5131,#1986,.T.);
#6222=EDGE_CURVE('',#5131,#5132,#1987,.T.);
#6223=EDGE_CURVE('',#5132,#5133,#1988,.T.);
#6224=EDGE_CURVE('',#5133,#5134,#1989,.T.);
#6225=EDGE_CURVE('',#5134,#5135,#1990,.T.);
#6226=EDGE_CURVE('',#5135,#5116,#1991,.T.);
#6227=EDGE_CURVE('',#5136,#5137,#1992,.T.);
#6228=EDGE_CURVE('',#5137,#5138,#1993,.T.);
#6229=EDGE_CURVE('',#5138,#5139,#1994,.T.);
#6230=EDGE_CURVE('',#5139,#5140,#1995,.T.);
#6231=EDGE_CURVE('',#5140,#5141,#1996,.T.);
#6232=EDGE_CURVE('',#5141,#5142,#1997,.T.);
#6233=EDGE_CURVE('',#5142,#5143,#1998,.T.);
#6234=EDGE_CURVE('',#5143,#5144,#1999,.T.);
#6235=EDGE_CURVE('',#5144,#5145,#2000,.T.);
#6236=EDGE_CURVE('',#5145,#5146,#2001,.T.);
#6237=EDGE_CURVE('',#5146,#5147,#2002,.T.);
#6238=EDGE_CURVE('',#5147,#5148,#2003,.T.);
#6239=EDGE_CURVE('',#5148,#5149,#2004,.T.);
#6240=EDGE_CURVE('',#5149,#5150,#2005,.T.);
#6241=EDGE_CURVE('',#5150,#5151,#2006,.T.);
#6242=EDGE_CURVE('',#5151,#5152,#2007,.T.);
#6243=EDGE_CURVE('',#5152,#5153,#2008,.T.);
#6244=EDGE_CURVE('',#5153,#5154,#2009,.T.);
#6245=EDGE_CURVE('',#5154,#5155,#2010,.T.);
#6246=EDGE_CURVE('',#5155,#5136,#2011,.T.);
#6247=EDGE_CURVE('',#5156,#5157,#2012,.T.);
#6248=EDGE_CURVE('',#5157,#5158,#2013,.T.);
#6249=EDGE_CURVE('',#5158,#5159,#2014,.T.);
#6250=EDGE_CURVE('',#5159,#5160,#2015,.T.);
#6251=EDGE_CURVE('',#5160,#5161,#2016,.T.);
#6252=EDGE_CURVE('',#5161,#5162,#2017,.T.);
#6253=EDGE_CURVE('',#5162,#5163,#2018,.T.);
#6254=EDGE_CURVE('',#5163,#5164,#2019,.T.);
#6255=EDGE_CURVE('',#5164,#5165,#2020,.T.);
#6256=EDGE_CURVE('',#5165,#5166,#2021,.T.);
#6257=EDGE_CURVE('',#5166,#5167,#2022,.T.);
#6258=EDGE_CURVE('',#5167,#5168,#2023,.T.);
#6259=EDGE_CURVE('',#5168,#5169,#2024,.T.);
#6260=EDGE_CURVE('',#5169,#5170,#2025,.T.);
#6261=EDGE_CURVE('',#5170,#5171,#2026,.T.);
#6262=EDGE_CURVE('',#5171,#5172,#2027,.T.);
#6263=EDGE_CURVE('',#5172,#5173,#2028,.T.);
#6264=EDGE_CURVE('',#5173,#5174,#2029,.T.);
#6265=EDGE_CURVE('',#5174,#5175,#2030,.T.);
#6266=EDGE_CURVE('',#5175,#5156,#2031,.T.);
#6267=EDGE_CURVE('',#5176,#5177,#2032,.T.);
#6268=EDGE_CURVE('',#5177,#5178,#2033,.T.);
#6269=EDGE_CURVE('',#5178,#5179,#2034,.T.);
#6270=EDGE_CURVE('',#5179,#5180,#2035,.T.);
#6271=EDGE_CURVE('',#5180,#5181,#2036,.T.);
#6272=EDGE_CURVE('',#5181,#5182,#2037,.T.);
#6273=EDGE_CURVE('',#5182,#5183,#2038,.T.);
#6274=EDGE_CURVE('',#5183,#5184,#2039,.T.);
#6275=EDGE_CURVE('',#5184,#5185,#2040,.T.);
#6276=EDGE_CURVE('',#5185,#5186,#2041,.T.);
#6277=EDGE_CURVE('',#5186,#5187,#2042,.T.);
#6278=EDGE_CURVE('',#5187,#5188,#2043,.T.);
#6279=EDGE_CURVE('',#5188,#5189,#2044,.T.);
#6280=EDGE_CURVE('',#5189,#5190,#2045,.T.);
#6281=EDGE_CURVE('',#5190,#5191,#2046,.T.);
#6282=EDGE_CURVE('',#5191,#5192,#2047,.T.);
#6283=EDGE_CURVE('',#5192,#5193,#2048,.T.);
#6284=EDGE_CURVE('',#5193,#5194,#2049,.T.);
#6285=EDGE_CURVE('',#5194,#5195,#2050,.T.);
#6286=EDGE_CURVE('',#5195,#5176,#2051,.T.);
#6287=EDGE_CURVE('',#5196,#5197,#2052,.T.);
#6288=EDGE_CURVE('',#5197,#5198,#2053,.T.);
#6289=EDGE_CURVE('',#5198,#5199,#2054,.T.);
#6290=EDGE_CURVE('',#5199,#5200,#2055,.T.);
#6291=EDGE_CURVE('',#5200,#5201,#2056,.T.);
#6292=EDGE_CURVE('',#5201,#5202,#2057,.T.);
#6293=EDGE_CURVE('',#5202,#5203,#2058,.T.);
#6294=EDGE_CURVE('',#5203,#5204,#2059,.T.);
#6295=EDGE_CURVE('',#5204,#5205,#2060,.T.);
#6296=EDGE_CURVE('',#5205,#5206,#2061,.T.);
#6297=EDGE_CURVE('',#5206,#5207,#2062,.T.);
#6298=EDGE_CURVE('',#5207,#5208,#2063,.T.);
#6299=EDGE_CURVE('',#5208,#5209,#2064,.T.);
#6300=EDGE_CURVE('',#5209,#5210,#2065,.T.);
#6301=EDGE_CURVE('',#5210,#5211,#2066,.T.);
#6302=EDGE_CURVE('',#5211,#5212,#2067,.T.);
#6303=EDGE_CURVE('',#5212,#5213,#2068,.T.);
#6304=EDGE_CURVE('',#5213,#5214,#2069,.T.);
#6305=EDGE_CURVE('',#5214,#5215,#2070,.T.);
#6306=EDGE_CURVE('',#5215,#5196,#2071,.T.);
#6307=EDGE_CURVE('',#5216,#5217,#2072,.T.);
#6308=EDGE_CURVE('',#5217,#5218,#2073,.T.);
#6309=EDGE_CURVE('',#5218,#5219,#2074,.T.);
#6310=EDGE_CURVE('',#5219,#5220,#2075,.T.);
#6311=EDGE_CURVE('',#5220,#5221,#2076,.T.);
#6312=EDGE_CURVE('',#5221,#5222,#2077,.T.);
#6313=EDGE_CURVE('',#5222,#5223,#2078,.T.);
#6314=EDGE_CURVE('',#5223,#5224,#2079,.T.);
#6315=EDGE_CURVE('',#5224,#5225,#2080,.T.);
#6316=EDGE_CURVE('',#5225,#5226,#2081,.T.);
#6317=EDGE_CURVE('',#5226,#5227,#2082,.T.);
#6318=EDGE_CURVE('',#5227,#5228,#2083,.T.);
#6319=EDGE_CURVE('',#5228,#5229,#2084,.T.);
#6320=EDGE_CURVE('',#5229,#5230,#2085,.T.);
#6321=EDGE_CURVE('',#5230,#5231,#2086,.T.);
#6322=EDGE_CURVE('',#5231,#5232,#2087,.T.);
#6323=EDGE_CURVE('',#5232,#5233,#2088,.T.);
#6324=EDGE_CURVE('',#5233,#5234,#2089,.T.);
#6325=EDGE_CURVE('',#5234,#5235,#2090,.T.);
#6326=EDGE_CURVE('',#5235,#5216,#2091,.T.);
#6327=EDGE_CURVE('',#5236,#5236,#4713,.T.);
#6328=EDGE_CURVE('',#5237,#5238,#2092,.T.);
#6329=EDGE_CURVE('',#5238,#5239,#2093,.T.);
#6330=EDGE_CURVE('',#5239,#5240,#2094,.T.);
#6331=EDGE_CURVE('',#5240,#5241,#2095,.T.);
#6332=EDGE_CURVE('',#5241,#5242,#2096,.T.);
#6333=EDGE_CURVE('',#5242,#5243,#2097,.T.);
#6334=EDGE_CURVE('',#5243,#5244,#2098,.T.);
#6335=EDGE_CURVE('',#5244,#5245,#2099,.T.);
#6336=EDGE_CURVE('',#5245,#5246,#2100,.T.);
#6337=EDGE_CURVE('',#5246,#5247,#2101,.T.);
#6338=EDGE_CURVE('',#5247,#5248,#2102,.T.);
#6339=EDGE_CURVE('',#5248,#5249,#2103,.T.);
#6340=EDGE_CURVE('',#5249,#5250,#2104,.T.);
#6341=EDGE_CURVE('',#5250,#5251,#2105,.T.);
#6342=EDGE_CURVE('',#5251,#5252,#2106,.T.);
#6343=EDGE_CURVE('',#5252,#5253,#2107,.T.);
#6344=EDGE_CURVE('',#5253,#5254,#2108,.T.);
#6345=EDGE_CURVE('',#5254,#5255,#2109,.T.);
#6346=EDGE_CURVE('',#5255,#5256,#2110,.T.);
#6347=EDGE_CURVE('',#5256,#5237,#2111,.T.);
#6348=EDGE_CURVE('',#5257,#5258,#2112,.T.);
#6349=EDGE_CURVE('',#5258,#5259,#2113,.T.);
#6350=EDGE_CURVE('',#5259,#5260,#2114,.T.);
#6351=EDGE_CURVE('',#5260,#5261,#2115,.T.);
#6352=EDGE_CURVE('',#5261,#5262,#2116,.T.);
#6353=EDGE_CURVE('',#5262,#5263,#2117,.T.);
#6354=EDGE_CURVE('',#5263,#5264,#2118,.T.);
#6355=EDGE_CURVE('',#5264,#5265,#2119,.T.);
#6356=EDGE_CURVE('',#5265,#5266,#2120,.T.);
#6357=EDGE_CURVE('',#5266,#5267,#2121,.T.);
#6358=EDGE_CURVE('',#5267,#5268,#2122,.T.);
#6359=EDGE_CURVE('',#5268,#5269,#2123,.T.);
#6360=EDGE_CURVE('',#5269,#5270,#2124,.T.);
#6361=EDGE_CURVE('',#5270,#5271,#2125,.T.);
#6362=EDGE_CURVE('',#5271,#5272,#2126,.T.);
#6363=EDGE_CURVE('',#5272,#5273,#2127,.T.);
#6364=EDGE_CURVE('',#5273,#5274,#2128,.T.);
#6365=EDGE_CURVE('',#5274,#5275,#2129,.T.);
#6366=EDGE_CURVE('',#5275,#5276,#2130,.T.);
#6367=EDGE_CURVE('',#5276,#5257,#2131,.T.);
#6368=EDGE_CURVE('',#5277,#5278,#2132,.T.);
#6369=EDGE_CURVE('',#5278,#5279,#2133,.T.);
#6370=EDGE_CURVE('',#5279,#5280,#2134,.T.);
#6371=EDGE_CURVE('',#5280,#5281,#2135,.T.);
#6372=EDGE_CURVE('',#5281,#5282,#2136,.T.);
#6373=EDGE_CURVE('',#5282,#5283,#2137,.T.);
#6374=EDGE_CURVE('',#5283,#5284,#2138,.T.);
#6375=EDGE_CURVE('',#5284,#5285,#2139,.T.);
#6376=EDGE_CURVE('',#5285,#5286,#2140,.T.);
#6377=EDGE_CURVE('',#5286,#5287,#2141,.T.);
#6378=EDGE_CURVE('',#5287,#5288,#2142,.T.);
#6379=EDGE_CURVE('',#5288,#5289,#2143,.T.);
#6380=EDGE_CURVE('',#5289,#5290,#2144,.T.);
#6381=EDGE_CURVE('',#5290,#5291,#2145,.T.);
#6382=EDGE_CURVE('',#5291,#5292,#2146,.T.);
#6383=EDGE_CURVE('',#5292,#5293,#2147,.T.);
#6384=EDGE_CURVE('',#5293,#5294,#2148,.T.);
#6385=EDGE_CURVE('',#5294,#5295,#2149,.T.);
#6386=EDGE_CURVE('',#5295,#5296,#2150,.T.);
#6387=EDGE_CURVE('',#5296,#5277,#2151,.T.);
#6388=EDGE_CURVE('',#5297,#5298,#2152,.T.);
#6389=EDGE_CURVE('',#5298,#5299,#2153,.T.);
#6390=EDGE_CURVE('',#5299,#5300,#2154,.T.);
#6391=EDGE_CURVE('',#5300,#5301,#2155,.T.);
#6392=EDGE_CURVE('',#5301,#5302,#2156,.T.);
#6393=EDGE_CURVE('',#5302,#5303,#2157,.T.);
#6394=EDGE_CURVE('',#5303,#5304,#2158,.T.);
#6395=EDGE_CURVE('',#5304,#5305,#2159,.T.);
#6396=EDGE_CURVE('',#5305,#5306,#2160,.T.);
#6397=EDGE_CURVE('',#5306,#5307,#2161,.T.);
#6398=EDGE_CURVE('',#5307,#5308,#2162,.T.);
#6399=EDGE_CURVE('',#5308,#5309,#2163,.T.);
#6400=EDGE_CURVE('',#5309,#5310,#2164,.T.);
#6401=EDGE_CURVE('',#5310,#5311,#2165,.T.);
#6402=EDGE_CURVE('',#5311,#5312,#2166,.T.);
#6403=EDGE_CURVE('',#5312,#5313,#2167,.T.);
#6404=EDGE_CURVE('',#5313,#5314,#2168,.T.);
#6405=EDGE_CURVE('',#5314,#5315,#2169,.T.);
#6406=EDGE_CURVE('',#5315,#5316,#2170,.T.);
#6407=EDGE_CURVE('',#5316,#5297,#2171,.T.);
#6408=EDGE_CURVE('',#5317,#5317,#4714,.T.);
#6409=EDGE_CURVE('',#5318,#5319,#4715,.F.);
#6410=EDGE_CURVE('',#5320,#5319,#4716,.T.);
#6411=EDGE_CURVE('',#5320,#5321,#4717,.T.);
#6412=EDGE_CURVE('',#5321,#5322,#2172,.T.);
#6413=EDGE_CURVE('',#5323,#5322,#4718,.T.);
#6414=EDGE_CURVE('',#5323,#5324,#2173,.T.);
#6415=EDGE_CURVE('',#5325,#5324,#4719,.T.);
#6416=EDGE_CURVE('',#5325,#5326,#2174,.T.);
#6417=EDGE_CURVE('',#5326,#5327,#4720,.T.);
#6418=EDGE_CURVE('',#5318,#5327,#4721,.T.);
#6419=EDGE_CURVE('',#5328,#5329,#4722,.F.);
#6420=EDGE_CURVE('',#5330,#5329,#4723,.T.);
#6421=EDGE_CURVE('',#5330,#5331,#4724,.T.);
#6422=EDGE_CURVE('',#5331,#5332,#2175,.T.);
#6423=EDGE_CURVE('',#5333,#5332,#4725,.T.);
#6424=EDGE_CURVE('',#5333,#5334,#2176,.T.);
#6425=EDGE_CURVE('',#5335,#5334,#4726,.T.);
#6426=EDGE_CURVE('',#5335,#5336,#2177,.T.);
#6427=EDGE_CURVE('',#5336,#5337,#4727,.T.);
#6428=EDGE_CURVE('',#5328,#5337,#4728,.T.);
#6429=EDGE_CURVE('',#5338,#5339,#4729,.F.);
#6430=EDGE_CURVE('',#5340,#5339,#4730,.T.);
#6431=EDGE_CURVE('',#5340,#5341,#4731,.T.);
#6432=EDGE_CURVE('',#5341,#5342,#2178,.T.);
#6433=EDGE_CURVE('',#5343,#5342,#4732,.T.);
#6434=EDGE_CURVE('',#5343,#5344,#2179,.T.);
#6435=EDGE_CURVE('',#5345,#5344,#4733,.T.);
#6436=EDGE_CURVE('',#5345,#5346,#2180,.T.);
#6437=EDGE_CURVE('',#5346,#5347,#4734,.T.);
#6438=EDGE_CURVE('',#5338,#5347,#4735,.T.);
#6439=EDGE_CURVE('',#4800,#5348,#4736,.T.);
#6440=EDGE_CURVE('',#5348,#4823,#2181,.T.);
#6441=EDGE_CURVE('',#4829,#4807,#4737,.T.);
#6442=EDGE_CURVE('',#5349,#5350,#2182,.T.);
#6443=EDGE_CURVE('',#5349,#5351,#4738,.T.);
#6444=EDGE_CURVE('',#5352,#5351,#2183,.T.);
#6445=EDGE_CURVE('',#5352,#5353,#2184,.T.);
#6446=EDGE_CURVE('',#5353,#5354,#2185,.T.);
#6447=EDGE_CURVE('',#5354,#5355,#2186,.T.);
#6448=EDGE_CURVE('',#5355,#5356,#2187,.T.);
#6449=EDGE_CURVE('',#5356,#5357,#2188,.T.);
#6450=EDGE_CURVE('',#5357,#5358,#2189,.T.);
#6451=EDGE_CURVE('',#5358,#5359,#2190,.T.);
#6452=EDGE_CURVE('',#5359,#5360,#2191,.T.);
#6453=EDGE_CURVE('',#5360,#5361,#2192,.T.);
#6454=EDGE_CURVE('',#5361,#5362,#2193,.T.);
#6455=EDGE_CURVE('',#5362,#5363,#2194,.T.);
#6456=EDGE_CURVE('',#5363,#5364,#2195,.T.);
#6457=EDGE_CURVE('',#5364,#5365,#2196,.T.);
#6458=EDGE_CURVE('',#5365,#5366,#2197,.T.);
#6459=EDGE_CURVE('',#5366,#5367,#2198,.T.);
#6460=EDGE_CURVE('',#5367,#5368,#2199,.T.);
#6461=EDGE_CURVE('',#5368,#5369,#2200,.T.);
#6462=EDGE_CURVE('',#5369,#5370,#2201,.T.);
#6463=EDGE_CURVE('',#5370,#5371,#2202,.T.);
#6464=EDGE_CURVE('',#5371,#5372,#2203,.T.);
#6465=EDGE_CURVE('',#5372,#5373,#2204,.T.);
#6466=EDGE_CURVE('',#5373,#5374,#2205,.T.);
#6467=EDGE_CURVE('',#5374,#5375,#2206,.T.);
#6468=EDGE_CURVE('',#5375,#5376,#2207,.T.);
#6469=EDGE_CURVE('',#5376,#5377,#2208,.T.);
#6470=EDGE_CURVE('',#5377,#5378,#2209,.T.);
#6471=EDGE_CURVE('',#5378,#5379,#2210,.T.);
#6472=EDGE_CURVE('',#5379,#5380,#2211,.T.);
#6473=EDGE_CURVE('',#5380,#5381,#2212,.T.);
#6474=EDGE_CURVE('',#5381,#5382,#2213,.T.);
#6475=EDGE_CURVE('',#5382,#5383,#2214,.T.);
#6476=EDGE_CURVE('',#5383,#5384,#2215,.T.);
#6477=EDGE_CURVE('',#5384,#5385,#2216,.T.);
#6478=EDGE_CURVE('',#5385,#5386,#2217,.T.);
#6479=EDGE_CURVE('',#5386,#5387,#2218,.T.);
#6480=EDGE_CURVE('',#5387,#5388,#2219,.T.);
#6481=EDGE_CURVE('',#5388,#5389,#2220,.T.);
#6482=EDGE_CURVE('',#5389,#5390,#2221,.T.);
#6483=EDGE_CURVE('',#5390,#5391,#2222,.T.);
#6484=EDGE_CURVE('',#5391,#5392,#2223,.T.);
#6485=EDGE_CURVE('',#5392,#5393,#2224,.T.);
#6486=EDGE_CURVE('',#5393,#5394,#2225,.T.);
#6487=EDGE_CURVE('',#5394,#5395,#2226,.T.);
#6488=EDGE_CURVE('',#5396,#5395,#4739,.T.);
#6489=EDGE_CURVE('',#5397,#5396,#2227,.T.);
#6490=EDGE_CURVE('',#5398,#5397,#4740,.T.);
#6491=EDGE_CURVE('',#5399,#5398,#2228,.T.);
#6492=EDGE_CURVE('',#5400,#5399,#4741,.T.);
#6493=EDGE_CURVE('',#5400,#5401,#4742,.T.);
#6494=EDGE_CURVE('',#5402,#5401,#4743,.T.);
#6495=EDGE_CURVE('',#5402,#5403,#2229,.T.);
#6496=EDGE_CURVE('',#5404,#5403,#4744,.T.);
#6497=EDGE_CURVE('',#5404,#5405,#2230,.T.);
#6498=EDGE_CURVE('',#5406,#5405,#4745,.T.);
#6499=EDGE_CURVE('',#5406,#5407,#2231,.T.);
#6500=EDGE_CURVE('',#5408,#5407,#4746,.T.);
#6501=EDGE_CURVE('',#5409,#5408,#2232,.T.);
#6502=EDGE_CURVE('',#5410,#5409,#4747,.T.);
#6503=EDGE_CURVE('',#5411,#5410,#2233,.T.);
#6504=EDGE_CURVE('',#5412,#5411,#4748,.T.);
#6505=EDGE_CURVE('',#5412,#5413,#4749,.T.);
#6506=EDGE_CURVE('',#5414,#5413,#4750,.T.);
#6507=EDGE_CURVE('',#5414,#5415,#2234,.T.);
#6508=EDGE_CURVE('',#5416,#5415,#4751,.T.);
#6509=EDGE_CURVE('',#5416,#5417,#2235,.T.);
#6510=EDGE_CURVE('',#5418,#5417,#4752,.T.);
#6511=EDGE_CURVE('',#5418,#5419,#2236,.T.);
#6512=EDGE_CURVE('',#5419,#5420,#2237,.T.);
#6513=EDGE_CURVE('',#5420,#5421,#2238,.T.);
#6514=EDGE_CURVE('',#5421,#5422,#2239,.T.);
#6515=EDGE_CURVE('',#5422,#5423,#2240,.T.);
#6516=EDGE_CURVE('',#5423,#5424,#2241,.T.);
#6517=EDGE_CURVE('',#5424,#5425,#2242,.T.);
#6518=EDGE_CURVE('',#5425,#5426,#2243,.T.);
#6519=EDGE_CURVE('',#5426,#5427,#2244,.T.);
#6520=EDGE_CURVE('',#5427,#5428,#2245,.T.);
#6521=EDGE_CURVE('',#5428,#5429,#2246,.T.);
#6522=EDGE_CURVE('',#5429,#5430,#2247,.T.);
#6523=EDGE_CURVE('',#5430,#5431,#2248,.T.);
#6524=EDGE_CURVE('',#5431,#5432,#2249,.T.);
#6525=EDGE_CURVE('',#5432,#5433,#2250,.T.);
#6526=EDGE_CURVE('',#5433,#5434,#2251,.T.);
#6527=EDGE_CURVE('',#5434,#5435,#2252,.T.);
#6528=EDGE_CURVE('',#5435,#5436,#2253,.T.);
#6529=EDGE_CURVE('',#5436,#5437,#2254,.T.);
#6530=EDGE_CURVE('',#5437,#5438,#2255,.T.);
#6531=EDGE_CURVE('',#5438,#5439,#2256,.T.);
#6532=EDGE_CURVE('',#5439,#5440,#2257,.T.);
#6533=EDGE_CURVE('',#5440,#5441,#2258,.T.);
#6534=EDGE_CURVE('',#5441,#5442,#2259,.T.);
#6535=EDGE_CURVE('',#5442,#5443,#2260,.T.);
#6536=EDGE_CURVE('',#5443,#5444,#2261,.T.);
#6537=EDGE_CURVE('',#5444,#5445,#2262,.T.);
#6538=EDGE_CURVE('',#5445,#5446,#2263,.T.);
#6539=EDGE_CURVE('',#5446,#5447,#2264,.T.);
#6540=EDGE_CURVE('',#5447,#5448,#2265,.T.);
#6541=EDGE_CURVE('',#5448,#5449,#2266,.T.);
#6542=EDGE_CURVE('',#5449,#5450,#2267,.T.);
#6543=EDGE_CURVE('',#5450,#5451,#2268,.T.);
#6544=EDGE_CURVE('',#5451,#5452,#2269,.T.);
#6545=EDGE_CURVE('',#5452,#5453,#2270,.T.);
#6546=EDGE_CURVE('',#5453,#5454,#2271,.T.);
#6547=EDGE_CURVE('',#5454,#5455,#2272,.T.);
#6548=EDGE_CURVE('',#5455,#5456,#2273,.T.);
#6549=EDGE_CURVE('',#5456,#5457,#2274,.T.);
#6550=EDGE_CURVE('',#5457,#4812,#2275,.T.);
#6551=EDGE_CURVE('',#5458,#4808,#2276,.T.);
#6552=EDGE_CURVE('',#4794,#5458,#4753,.T.);
#6553=EDGE_CURVE('',#4796,#5459,#2277,.T.);
#6554=EDGE_CURVE('',#4818,#5459,#4754,.T.);
#6555=EDGE_CURVE('',#4814,#5460,#2278,.T.);
#6556=EDGE_CURVE('',#5461,#5460,#4755,.T.);
#6557=EDGE_CURVE('',#5462,#5461,#2279,.T.);
#6558=EDGE_CURVE('',#5463,#5462,#4756,.T.);
#6559=EDGE_CURVE('',#5464,#5463,#2280,.T.);
#6560=EDGE_CURVE('',#5465,#5464,#4757,.T.);
#6561=EDGE_CURVE('',#5466,#5465,#4758,.F.);
#6562=EDGE_CURVE('',#5467,#5466,#4759,.T.);
#6563=EDGE_CURVE('',#5467,#5468,#2281,.T.);
#6564=EDGE_CURVE('',#5469,#5468,#4760,.T.);
#6565=EDGE_CURVE('',#5469,#5470,#2282,.T.);
#6566=EDGE_CURVE('',#5471,#5470,#4761,.T.);
#6567=EDGE_CURVE('',#5471,#5472,#2283,.T.);
#6568=EDGE_CURVE('',#5350,#5472,#4762,.T.);
#6569=EDGE_CURVE('',#4828,#4806,#4763,.T.);
#6570=EDGE_CURVE('',#5473,#4820,#2284,.T.);
#6571=EDGE_CURVE('',#4803,#5473,#4764,.T.);
#6572=EDGE_CURVE('',#5474,#5475,#4765,.T.);
#6573=EDGE_CURVE('',#5476,#5474,#2285,.T.);
#6574=EDGE_CURVE('',#5477,#5476,#4766,.T.);
#6575=EDGE_CURVE('',#5478,#5477,#2286,.T.);
#6576=EDGE_CURVE('',#5479,#5478,#4767,.T.);
#6577=EDGE_CURVE('',#5480,#5479,#2287,.T.);
#6578=EDGE_CURVE('',#5481,#5480,#4768,.T.);
#6579=EDGE_CURVE('',#5482,#5481,#4769,.T.);
#6580=EDGE_CURVE('',#5483,#5482,#4770,.F.);
#6581=EDGE_CURVE('',#5475,#5483,#4771,.T.);
#6582=EDGE_CURVE('',#5484,#5485,#4772,.T.);
#6583=EDGE_CURVE('',#5486,#5484,#2288,.T.);
#6584=EDGE_CURVE('',#5487,#5486,#4773,.T.);
#6585=EDGE_CURVE('',#5488,#5487,#2289,.T.);
#6586=EDGE_CURVE('',#5489,#5488,#4774,.T.);
#6587=EDGE_CURVE('',#5490,#5489,#2290,.T.);
#6588=EDGE_CURVE('',#5491,#5490,#4775,.T.);
#6589=EDGE_CURVE('',#5492,#5491,#4776,.T.);
#6590=EDGE_CURVE('',#5493,#5492,#4777,.F.);
#6591=EDGE_CURVE('',#5485,#5493,#4778,.T.);
#6592=EDGE_CURVE('',#5494,#5495,#4779,.T.);
#6593=EDGE_CURVE('',#5496,#5494,#2291,.T.);
#6594=EDGE_CURVE('',#5497,#5496,#4780,.T.);
#6595=EDGE_CURVE('',#5498,#5497,#2292,.T.);
#6596=EDGE_CURVE('',#5499,#5498,#4781,.T.);
#6597=EDGE_CURVE('',#5500,#5499,#2293,.T.);
#6598=EDGE_CURVE('',#5501,#5500,#4782,.T.);
#6599=EDGE_CURVE('',#5502,#5501,#4783,.T.);
#6600=EDGE_CURVE('',#5503,#5502,#4784,.F.);
#6601=EDGE_CURVE('',#5495,#5503,#4785,.T.);
#6602=EDGE_CURVE('',#5504,#5505,#2294,.T.);
#6603=EDGE_CURVE('',#5506,#5504,#2295,.T.);
#6604=EDGE_CURVE('',#5507,#5506,#2296,.T.);
#6605=EDGE_CURVE('',#5508,#5507,#2297,.T.);
#6606=EDGE_CURVE('',#5509,#5508,#2298,.T.);
#6607=EDGE_CURVE('',#5510,#5509,#2299,.T.);
#6608=EDGE_CURVE('',#5511,#5510,#2300,.T.);
#6609=EDGE_CURVE('',#5512,#5511,#2301,.T.);
#6610=EDGE_CURVE('',#5513,#5512,#2302,.T.);
#6611=EDGE_CURVE('',#5514,#5513,#2303,.T.);
#6612=EDGE_CURVE('',#5515,#5514,#2304,.T.);
#6613=EDGE_CURVE('',#5516,#5515,#2305,.T.);
#6614=EDGE_CURVE('',#5517,#5516,#2306,.T.);
#6615=EDGE_CURVE('',#5518,#5517,#2307,.T.);
#6616=EDGE_CURVE('',#5519,#5518,#2308,.T.);
#6617=EDGE_CURVE('',#5520,#5519,#2309,.T.);
#6618=EDGE_CURVE('',#5521,#5520,#2310,.T.);
#6619=EDGE_CURVE('',#5522,#5521,#2311,.T.);
#6620=EDGE_CURVE('',#5523,#5522,#2312,.T.);
#6621=EDGE_CURVE('',#5505,#5523,#2313,.T.);
#6622=EDGE_CURVE('',#5524,#5525,#2314,.T.);
#6623=EDGE_CURVE('',#5526,#5524,#2315,.T.);
#6624=EDGE_CURVE('',#5527,#5526,#2316,.T.);
#6625=EDGE_CURVE('',#5528,#5527,#2317,.T.);
#6626=EDGE_CURVE('',#5529,#5528,#2318,.T.);
#6627=EDGE_CURVE('',#5530,#5529,#2319,.T.);
#6628=EDGE_CURVE('',#5531,#5530,#2320,.T.);
#6629=EDGE_CURVE('',#5532,#5531,#2321,.T.);
#6630=EDGE_CURVE('',#5533,#5532,#2322,.T.);
#6631=EDGE_CURVE('',#5534,#5533,#2323,.T.);
#6632=EDGE_CURVE('',#5535,#5534,#2324,.T.);
#6633=EDGE_CURVE('',#5536,#5535,#2325,.T.);
#6634=EDGE_CURVE('',#5537,#5536,#2326,.T.);
#6635=EDGE_CURVE('',#5538,#5537,#2327,.T.);
#6636=EDGE_CURVE('',#5539,#5538,#2328,.T.);
#6637=EDGE_CURVE('',#5540,#5539,#2329,.T.);
#6638=EDGE_CURVE('',#5541,#5540,#2330,.T.);
#6639=EDGE_CURVE('',#5542,#5541,#2331,.T.);
#6640=EDGE_CURVE('',#5543,#5542,#2332,.T.);
#6641=EDGE_CURVE('',#5525,#5543,#2333,.T.);
#6642=EDGE_CURVE('',#5544,#5545,#2334,.T.);
#6643=EDGE_CURVE('',#5546,#5544,#2335,.T.);
#6644=EDGE_CURVE('',#5547,#5546,#2336,.T.);
#6645=EDGE_CURVE('',#5548,#5547,#2337,.T.);
#6646=EDGE_CURVE('',#5549,#5548,#2338,.T.);
#6647=EDGE_CURVE('',#5550,#5549,#2339,.T.);
#6648=EDGE_CURVE('',#5551,#5550,#2340,.T.);
#6649=EDGE_CURVE('',#5552,#5551,#2341,.T.);
#6650=EDGE_CURVE('',#5553,#5552,#2342,.T.);
#6651=EDGE_CURVE('',#5554,#5553,#2343,.T.);
#6652=EDGE_CURVE('',#5555,#5554,#2344,.T.);
#6653=EDGE_CURVE('',#5556,#5555,#2345,.T.);
#6654=EDGE_CURVE('',#5557,#5556,#2346,.T.);
#6655=EDGE_CURVE('',#5558,#5557,#2347,.T.);
#6656=EDGE_CURVE('',#5559,#5558,#2348,.T.);
#6657=EDGE_CURVE('',#5560,#5559,#2349,.T.);
#6658=EDGE_CURVE('',#5561,#5560,#2350,.T.);
#6659=EDGE_CURVE('',#5562,#5561,#2351,.T.);
#6660=EDGE_CURVE('',#5563,#5562,#2352,.T.);
#6661=EDGE_CURVE('',#5545,#5563,#2353,.T.);
#6662=EDGE_CURVE('',#5564,#5565,#2354,.T.);
#6663=EDGE_CURVE('',#5566,#5564,#2355,.T.);
#6664=EDGE_CURVE('',#5567,#5566,#2356,.T.);
#6665=EDGE_CURVE('',#5568,#5567,#2357,.T.);
#6666=EDGE_CURVE('',#5569,#5568,#2358,.T.);
#6667=EDGE_CURVE('',#5570,#5569,#2359,.T.);
#6668=EDGE_CURVE('',#5571,#5570,#2360,.T.);
#6669=EDGE_CURVE('',#5572,#5571,#2361,.T.);
#6670=EDGE_CURVE('',#5573,#5572,#2362,.T.);
#6671=EDGE_CURVE('',#5574,#5573,#2363,.T.);
#6672=EDGE_CURVE('',#5575,#5574,#2364,.T.);
#6673=EDGE_CURVE('',#5576,#5575,#2365,.T.);
#6674=EDGE_CURVE('',#5577,#5576,#2366,.T.);
#6675=EDGE_CURVE('',#5578,#5577,#2367,.T.);
#6676=EDGE_CURVE('',#5579,#5578,#2368,.T.);
#6677=EDGE_CURVE('',#5580,#5579,#2369,.T.);
#6678=EDGE_CURVE('',#5581,#5580,#2370,.T.);
#6679=EDGE_CURVE('',#5582,#5581,#2371,.T.);
#6680=EDGE_CURVE('',#5583,#5582,#2372,.T.);
#6681=EDGE_CURVE('',#5565,#5583,#2373,.T.);
#6682=EDGE_CURVE('',#5584,#5585,#2374,.T.);
#6683=EDGE_CURVE('',#5586,#5584,#2375,.T.);
#6684=EDGE_CURVE('',#5587,#5586,#2376,.T.);
#6685=EDGE_CURVE('',#5588,#5587,#2377,.T.);
#6686=EDGE_CURVE('',#5589,#5588,#2378,.T.);
#6687=EDGE_CURVE('',#5590,#5589,#2379,.T.);
#6688=EDGE_CURVE('',#5591,#5590,#2380,.T.);
#6689=EDGE_CURVE('',#5592,#5591,#2381,.T.);
#6690=EDGE_CURVE('',#5593,#5592,#2382,.T.);
#6691=EDGE_CURVE('',#5594,#5593,#2383,.T.);
#6692=EDGE_CURVE('',#5595,#5594,#2384,.T.);
#6693=EDGE_CURVE('',#5596,#5595,#2385,.T.);
#6694=EDGE_CURVE('',#5597,#5596,#2386,.T.);
#6695=EDGE_CURVE('',#5598,#5597,#2387,.T.);
#6696=EDGE_CURVE('',#5599,#5598,#2388,.T.);
#6697=EDGE_CURVE('',#5600,#5599,#2389,.T.);
#6698=EDGE_CURVE('',#5601,#5600,#2390,.T.);
#6699=EDGE_CURVE('',#5602,#5601,#2391,.T.);
#6700=EDGE_CURVE('',#5603,#5602,#2392,.T.);
#6701=EDGE_CURVE('',#5585,#5603,#2393,.T.);
#6702=EDGE_CURVE('',#5604,#5604,#4786,.T.);
#6703=EDGE_CURVE('',#5605,#5606,#2394,.T.);
#6704=EDGE_CURVE('',#5607,#5605,#2395,.T.);
#6705=EDGE_CURVE('',#5608,#5607,#2396,.T.);
#6706=EDGE_CURVE('',#5609,#5608,#2397,.T.);
#6707=EDGE_CURVE('',#5610,#5609,#2398,.T.);
#6708=EDGE_CURVE('',#5611,#5610,#2399,.T.);
#6709=EDGE_CURVE('',#5612,#5611,#2400,.T.);
#6710=EDGE_CURVE('',#5613,#5612,#2401,.T.);
#6711=EDGE_CURVE('',#5614,#5613,#2402,.T.);
#6712=EDGE_CURVE('',#5615,#5614,#2403,.T.);
#6713=EDGE_CURVE('',#5616,#5615,#2404,.T.);
#6714=EDGE_CURVE('',#5617,#5616,#2405,.T.);
#6715=EDGE_CURVE('',#5618,#5617,#2406,.T.);
#6716=EDGE_CURVE('',#5619,#5618,#2407,.T.);
#6717=EDGE_CURVE('',#5620,#5619,#2408,.T.);
#6718=EDGE_CURVE('',#5621,#5620,#2409,.T.);
#6719=EDGE_CURVE('',#5622,#5621,#2410,.T.);
#6720=EDGE_CURVE('',#5623,#5622,#2411,.T.);
#6721=EDGE_CURVE('',#5624,#5623,#2412,.T.);
#6722=EDGE_CURVE('',#5606,#5624,#2413,.T.);
#6723=EDGE_CURVE('',#5625,#5625,#4787,.T.);
#6724=EDGE_CURVE('',#5626,#5627,#2414,.T.);
#6725=EDGE_CURVE('',#5628,#5626,#2415,.T.);
#6726=EDGE_CURVE('',#5629,#5628,#2416,.T.);
#6727=EDGE_CURVE('',#5630,#5629,#2417,.T.);
#6728=EDGE_CURVE('',#5631,#5630,#2418,.T.);
#6729=EDGE_CURVE('',#5632,#5631,#2419,.T.);
#6730=EDGE_CURVE('',#5633,#5632,#2420,.T.);
#6731=EDGE_CURVE('',#5634,#5633,#2421,.T.);
#6732=EDGE_CURVE('',#5635,#5634,#2422,.T.);
#6733=EDGE_CURVE('',#5636,#5635,#2423,.T.);
#6734=EDGE_CURVE('',#5637,#5636,#2424,.T.);
#6735=EDGE_CURVE('',#5638,#5637,#2425,.T.);
#6736=EDGE_CURVE('',#5639,#5638,#2426,.T.);
#6737=EDGE_CURVE('',#5640,#5639,#2427,.T.);
#6738=EDGE_CURVE('',#5641,#5640,#2428,.T.);
#6739=EDGE_CURVE('',#5642,#5641,#2429,.T.);
#6740=EDGE_CURVE('',#5643,#5642,#2430,.T.);
#6741=EDGE_CURVE('',#5644,#5643,#2431,.T.);
#6742=EDGE_CURVE('',#5645,#5644,#2432,.T.);
#6743=EDGE_CURVE('',#5627,#5645,#2433,.T.);
#6744=EDGE_CURVE('',#5646,#5647,#2434,.T.);
#6745=EDGE_CURVE('',#5648,#5646,#2435,.T.);
#6746=EDGE_CURVE('',#5649,#5648,#2436,.T.);
#6747=EDGE_CURVE('',#5650,#5649,#2437,.T.);
#6748=EDGE_CURVE('',#5651,#5650,#2438,.T.);
#6749=EDGE_CURVE('',#5652,#5651,#2439,.T.);
#6750=EDGE_CURVE('',#5653,#5652,#2440,.T.);
#6751=EDGE_CURVE('',#5654,#5653,#2441,.T.);
#6752=EDGE_CURVE('',#5655,#5654,#2442,.T.);
#6753=EDGE_CURVE('',#5656,#5655,#2443,.T.);
#6754=EDGE_CURVE('',#5657,#5656,#2444,.T.);
#6755=EDGE_CURVE('',#5658,#5657,#2445,.T.);
#6756=EDGE_CURVE('',#5659,#5658,#2446,.T.);
#6757=EDGE_CURVE('',#5660,#5659,#2447,.T.);
#6758=EDGE_CURVE('',#5661,#5660,#2448,.T.);
#6759=EDGE_CURVE('',#5662,#5661,#2449,.T.);
#6760=EDGE_CURVE('',#5663,#5662,#2450,.T.);
#6761=EDGE_CURVE('',#5664,#5663,#2451,.T.);
#6762=EDGE_CURVE('',#5665,#5664,#2452,.T.);
#6763=EDGE_CURVE('',#5647,#5665,#2453,.T.);
#6764=EDGE_CURVE('',#5666,#5667,#2454,.T.);
#6765=EDGE_CURVE('',#5668,#5666,#2455,.T.);
#6766=EDGE_CURVE('',#5669,#5668,#2456,.T.);
#6767=EDGE_CURVE('',#5670,#5669,#2457,.T.);
#6768=EDGE_CURVE('',#5671,#5670,#2458,.T.);
#6769=EDGE_CURVE('',#5672,#5671,#2459,.T.);
#6770=EDGE_CURVE('',#5673,#5672,#2460,.T.);
#6771=EDGE_CURVE('',#5674,#5673,#2461,.T.);
#6772=EDGE_CURVE('',#5675,#5674,#2462,.T.);
#6773=EDGE_CURVE('',#5676,#5675,#2463,.T.);
#6774=EDGE_CURVE('',#5677,#5676,#2464,.T.);
#6775=EDGE_CURVE('',#5678,#5677,#2465,.T.);
#6776=EDGE_CURVE('',#5679,#5678,#2466,.T.);
#6777=EDGE_CURVE('',#5680,#5679,#2467,.T.);
#6778=EDGE_CURVE('',#5681,#5680,#2468,.T.);
#6779=EDGE_CURVE('',#5682,#5681,#2469,.T.);
#6780=EDGE_CURVE('',#5683,#5682,#2470,.T.);
#6781=EDGE_CURVE('',#5684,#5683,#2471,.T.);
#6782=EDGE_CURVE('',#5685,#5684,#2472,.T.);
#6783=EDGE_CURVE('',#5667,#5685,#2473,.T.);
#6784=EDGE_CURVE('',#5686,#5687,#2474,.T.);
#6785=EDGE_CURVE('',#5688,#5686,#2475,.T.);
#6786=EDGE_CURVE('',#5689,#5688,#2476,.T.);
#6787=EDGE_CURVE('',#5690,#5689,#2477,.T.);
#6788=EDGE_CURVE('',#5691,#5690,#2478,.T.);
#6789=EDGE_CURVE('',#5692,#5691,#2479,.T.);
#6790=EDGE_CURVE('',#5693,#5692,#2480,.T.);
#6791=EDGE_CURVE('',#5694,#5693,#2481,.T.);
#6792=EDGE_CURVE('',#5695,#5694,#2482,.T.);
#6793=EDGE_CURVE('',#5696,#5695,#2483,.T.);
#6794=EDGE_CURVE('',#5697,#5696,#2484,.T.);
#6795=EDGE_CURVE('',#5698,#5697,#2485,.T.);
#6796=EDGE_CURVE('',#5699,#5698,#2486,.T.);
#6797=EDGE_CURVE('',#5700,#5699,#2487,.T.);
#6798=EDGE_CURVE('',#5701,#5700,#2488,.T.);
#6799=EDGE_CURVE('',#5702,#5701,#2489,.T.);
#6800=EDGE_CURVE('',#5703,#5702,#2490,.T.);
#6801=EDGE_CURVE('',#5704,#5703,#2491,.T.);
#6802=EDGE_CURVE('',#5705,#5704,#2492,.T.);
#6803=EDGE_CURVE('',#5687,#5705,#2493,.T.);
#6804=EDGE_CURVE('',#5706,#5707,#2494,.T.);
#6805=EDGE_CURVE('',#5708,#5706,#2495,.T.);
#6806=EDGE_CURVE('',#5709,#5708,#2496,.T.);
#6807=EDGE_CURVE('',#5710,#5709,#2497,.T.);
#6808=EDGE_CURVE('',#5711,#5710,#2498,.T.);
#6809=EDGE_CURVE('',#5712,#5711,#2499,.T.);
#6810=EDGE_CURVE('',#5713,#5712,#2500,.T.);
#6811=EDGE_CURVE('',#5714,#5713,#2501,.T.);
#6812=EDGE_CURVE('',#5715,#5714,#2502,.T.);
#6813=EDGE_CURVE('',#5716,#5715,#2503,.T.);
#6814=EDGE_CURVE('',#5717,#5716,#2504,.T.);
#6815=EDGE_CURVE('',#5718,#5717,#2505,.T.);
#6816=EDGE_CURVE('',#5719,#5718,#2506,.T.);
#6817=EDGE_CURVE('',#5720,#5719,#2507,.T.);
#6818=EDGE_CURVE('',#5721,#5720,#2508,.T.);
#6819=EDGE_CURVE('',#5722,#5721,#2509,.T.);
#6820=EDGE_CURVE('',#5723,#5722,#2510,.T.);
#6821=EDGE_CURVE('',#5724,#5723,#2511,.T.);
#6822=EDGE_CURVE('',#5725,#5724,#2512,.T.);
#6823=EDGE_CURVE('',#5707,#5725,#2513,.T.);
#6824=EDGE_CURVE('',#5726,#5727,#2514,.T.);
#6825=EDGE_CURVE('',#5728,#5726,#2515,.T.);
#6826=EDGE_CURVE('',#5729,#5728,#2516,.T.);
#6827=EDGE_CURVE('',#5730,#5729,#2517,.T.);
#6828=EDGE_CURVE('',#5731,#5730,#2518,.T.);
#6829=EDGE_CURVE('',#5732,#5731,#2519,.T.);
#6830=EDGE_CURVE('',#5733,#5732,#2520,.T.);
#6831=EDGE_CURVE('',#5734,#5733,#2521,.T.);
#6832=EDGE_CURVE('',#5735,#5734,#2522,.T.);
#6833=EDGE_CURVE('',#5736,#5735,#2523,.T.);
#6834=EDGE_CURVE('',#5737,#5736,#2524,.T.);
#6835=EDGE_CURVE('',#5738,#5737,#2525,.T.);
#6836=EDGE_CURVE('',#5739,#5738,#2526,.T.);
#6837=EDGE_CURVE('',#5740,#5739,#2527,.T.);
#6838=EDGE_CURVE('',#5741,#5740,#2528,.T.);
#6839=EDGE_CURVE('',#5742,#5741,#2529,.T.);
#6840=EDGE_CURVE('',#5743,#5742,#2530,.T.);
#6841=EDGE_CURVE('',#5744,#5743,#2531,.T.);
#6842=EDGE_CURVE('',#5745,#5744,#2532,.T.);
#6843=EDGE_CURVE('',#5727,#5745,#2533,.T.);
#6844=EDGE_CURVE('',#5746,#5747,#2534,.T.);
#6845=EDGE_CURVE('',#5748,#5746,#2535,.T.);
#6846=EDGE_CURVE('',#5749,#5748,#2536,.T.);
#6847=EDGE_CURVE('',#5750,#5749,#2537,.T.);
#6848=EDGE_CURVE('',#5751,#5750,#2538,.T.);
#6849=EDGE_CURVE('',#5752,#5751,#2539,.T.);
#6850=EDGE_CURVE('',#5753,#5752,#2540,.T.);
#6851=EDGE_CURVE('',#5754,#5753,#2541,.T.);
#6852=EDGE_CURVE('',#5755,#5754,#2542,.T.);
#6853=EDGE_CURVE('',#5756,#5755,#2543,.T.);
#6854=EDGE_CURVE('',#5757,#5756,#2544,.T.);
#6855=EDGE_CURVE('',#5758,#5757,#2545,.T.);
#6856=EDGE_CURVE('',#5759,#5758,#2546,.T.);
#6857=EDGE_CURVE('',#5760,#5759,#2547,.T.);
#6858=EDGE_CURVE('',#5761,#5760,#2548,.T.);
#6859=EDGE_CURVE('',#5762,#5761,#2549,.T.);
#6860=EDGE_CURVE('',#5763,#5762,#2550,.T.);
#6861=EDGE_CURVE('',#5764,#5763,#2551,.T.);
#6862=EDGE_CURVE('',#5765,#5764,#2552,.T.);
#6863=EDGE_CURVE('',#5747,#5765,#2553,.T.);
#6864=EDGE_CURVE('',#5766,#5767,#2554,.T.);
#6865=EDGE_CURVE('',#5768,#5766,#2555,.T.);
#6866=EDGE_CURVE('',#5769,#5768,#2556,.T.);
#6867=EDGE_CURVE('',#5770,#5769,#2557,.T.);
#6868=EDGE_CURVE('',#5771,#5770,#2558,.T.);
#6869=EDGE_CURVE('',#5772,#5771,#2559,.T.);
#6870=EDGE_CURVE('',#5773,#5772,#2560,.T.);
#6871=EDGE_CURVE('',#5774,#5773,#2561,.T.);
#6872=EDGE_CURVE('',#5775,#5774,#2562,.T.);
#6873=EDGE_CURVE('',#5776,#5775,#2563,.T.);
#6874=EDGE_CURVE('',#5777,#5776,#2564,.T.);
#6875=EDGE_CURVE('',#5778,#5777,#2565,.T.);
#6876=EDGE_CURVE('',#5779,#5778,#2566,.T.);
#6877=EDGE_CURVE('',#5780,#5779,#2567,.T.);
#6878=EDGE_CURVE('',#5781,#5780,#2568,.T.);
#6879=EDGE_CURVE('',#5782,#5781,#2569,.T.);
#6880=EDGE_CURVE('',#5783,#5782,#2570,.T.);
#6881=EDGE_CURVE('',#5784,#5783,#2571,.T.);
#6882=EDGE_CURVE('',#5785,#5784,#2572,.T.);
#6883=EDGE_CURVE('',#5767,#5785,#2573,.T.);
#6884=EDGE_CURVE('',#5786,#5786,#4788,.T.);
#6885=EDGE_CURVE('',#5787,#5788,#2574,.T.);
#6886=EDGE_CURVE('',#5789,#5787,#2575,.T.);
#6887=EDGE_CURVE('',#5790,#5789,#2576,.T.);
#6888=EDGE_CURVE('',#5791,#5790,#2577,.T.);
#6889=EDGE_CURVE('',#5792,#5791,#2578,.T.);
#6890=EDGE_CURVE('',#5793,#5792,#2579,.T.);
#6891=EDGE_CURVE('',#5794,#5793,#2580,.T.);
#6892=EDGE_CURVE('',#5795,#5794,#2581,.T.);
#6893=EDGE_CURVE('',#5796,#5795,#2582,.T.);
#6894=EDGE_CURVE('',#5797,#5796,#2583,.T.);
#6895=EDGE_CURVE('',#5798,#5797,#2584,.T.);
#6896=EDGE_CURVE('',#5799,#5798,#2585,.T.);
#6897=EDGE_CURVE('',#5800,#5799,#2586,.T.);
#6898=EDGE_CURVE('',#5801,#5800,#2587,.T.);
#6899=EDGE_CURVE('',#5802,#5801,#2588,.T.);
#6900=EDGE_CURVE('',#5803,#5802,#2589,.T.);
#6901=EDGE_CURVE('',#5804,#5803,#2590,.T.);
#6902=EDGE_CURVE('',#5805,#5804,#2591,.T.);
#6903=EDGE_CURVE('',#5806,#5805,#2592,.T.);
#6904=EDGE_CURVE('',#5788,#5806,#2593,.T.);
#6905=EDGE_CURVE('',#5807,#5808,#2594,.T.);
#6906=EDGE_CURVE('',#5809,#5807,#2595,.T.);
#6907=EDGE_CURVE('',#5810,#5809,#2596,.T.);
#6908=EDGE_CURVE('',#5811,#5810,#2597,.T.);
#6909=EDGE_CURVE('',#5812,#5811,#2598,.T.);
#6910=EDGE_CURVE('',#5813,#5812,#2599,.T.);
#6911=EDGE_CURVE('',#5814,#5813,#2600,.T.);
#6912=EDGE_CURVE('',#5815,#5814,#2601,.T.);
#6913=EDGE_CURVE('',#5816,#5815,#2602,.T.);
#6914=EDGE_CURVE('',#5817,#5816,#2603,.T.);
#6915=EDGE_CURVE('',#5818,#5817,#2604,.T.);
#6916=EDGE_CURVE('',#5819,#5818,#2605,.T.);
#6917=EDGE_CURVE('',#5820,#5819,#2606,.T.);
#6918=EDGE_CURVE('',#5821,#5820,#2607,.T.);
#6919=EDGE_CURVE('',#5822,#5821,#2608,.T.);
#6920=EDGE_CURVE('',#5823,#5822,#2609,.T.);
#6921=EDGE_CURVE('',#5824,#5823,#2610,.T.);
#6922=EDGE_CURVE('',#5825,#5824,#2611,.T.);
#6923=EDGE_CURVE('',#5826,#5825,#2612,.T.);
#6924=EDGE_CURVE('',#5808,#5826,#2613,.T.);
#6925=EDGE_CURVE('',#5827,#5828,#2614,.T.);
#6926=EDGE_CURVE('',#5829,#5827,#2615,.T.);
#6927=EDGE_CURVE('',#5830,#5829,#2616,.T.);
#6928=EDGE_CURVE('',#5831,#5830,#2617,.T.);
#6929=EDGE_CURVE('',#5832,#5831,#2618,.T.);
#6930=EDGE_CURVE('',#5833,#5832,#2619,.T.);
#6931=EDGE_CURVE('',#5834,#5833,#2620,.T.);
#6932=EDGE_CURVE('',#5835,#5834,#2621,.T.);
#6933=EDGE_CURVE('',#5836,#5835,#2622,.T.);
#6934=EDGE_CURVE('',#5837,#5836,#2623,.T.);
#6935=EDGE_CURVE('',#5838,#5837,#2624,.T.);
#6936=EDGE_CURVE('',#5839,#5838,#2625,.T.);
#6937=EDGE_CURVE('',#5840,#5839,#2626,.T.);
#6938=EDGE_CURVE('',#5841,#5840,#2627,.T.);
#6939=EDGE_CURVE('',#5842,#5841,#2628,.T.);
#6940=EDGE_CURVE('',#5843,#5842,#2629,.T.);
#6941=EDGE_CURVE('',#5844,#5843,#2630,.T.);
#6942=EDGE_CURVE('',#5845,#5844,#2631,.T.);
#6943=EDGE_CURVE('',#5846,#5845,#2632,.T.);
#6944=EDGE_CURVE('',#5828,#5846,#2633,.T.);
#6945=EDGE_CURVE('',#5847,#5848,#2634,.T.);
#6946=EDGE_CURVE('',#5849,#5847,#2635,.T.);
#6947=EDGE_CURVE('',#5850,#5849,#2636,.T.);
#6948=EDGE_CURVE('',#5851,#5850,#2637,.T.);
#6949=EDGE_CURVE('',#5852,#5851,#2638,.T.);
#6950=EDGE_CURVE('',#5853,#5852,#2639,.T.);
#6951=EDGE_CURVE('',#5854,#5853,#2640,.T.);
#6952=EDGE_CURVE('',#5855,#5854,#2641,.T.);
#6953=EDGE_CURVE('',#5856,#5855,#2642,.T.);
#6954=EDGE_CURVE('',#5857,#5856,#2643,.T.);
#6955=EDGE_CURVE('',#5858,#5857,#2644,.T.);
#6956=EDGE_CURVE('',#5859,#5858,#2645,.T.);
#6957=EDGE_CURVE('',#5860,#5859,#2646,.T.);
#6958=EDGE_CURVE('',#5861,#5860,#2647,.T.);
#6959=EDGE_CURVE('',#5862,#5861,#2648,.T.);
#6960=EDGE_CURVE('',#5863,#5862,#2649,.T.);
#6961=EDGE_CURVE('',#5864,#5863,#2650,.T.);
#6962=EDGE_CURVE('',#5865,#5864,#2651,.T.);
#6963=EDGE_CURVE('',#5866,#5865,#2652,.T.);
#6964=EDGE_CURVE('',#5848,#5866,#2653,.T.);
#6965=EDGE_CURVE('',#5867,#5867,#4789,.T.);
#6966=EDGE_CURVE('',#5466,#4838,#2654,.T.);
#6967=EDGE_CURVE('',#4837,#5467,#2655,.T.);
#6968=EDGE_CURVE('',#4839,#5465,#2656,.T.);
#6969=EDGE_CURVE('',#5464,#4840,#2657,.T.);
#6970=EDGE_CURVE('',#5463,#4841,#2658,.T.);
#6971=EDGE_CURVE('',#5503,#5318,#2659,.T.);
#6972=EDGE_CURVE('',#5327,#5495,#2660,.T.);
#6973=EDGE_CURVE('',#5319,#5502,#2661,.T.);
#6974=EDGE_CURVE('',#5501,#5320,#2662,.T.);
#6975=EDGE_CURVE('',#5470,#4834,#2663,.T.);
#6976=EDGE_CURVE('',#4833,#5471,#2664,.T.);
#6977=EDGE_CURVE('',#5469,#4835,#2665,.T.);
#6978=EDGE_CURVE('',#5498,#5323,#2666,.T.);
#6979=EDGE_CURVE('',#5322,#5499,#2667,.T.);
#6980=EDGE_CURVE('',#5324,#5497,#2668,.T.);
#6981=EDGE_CURVE('',#5496,#5325,#2669,.T.);
#6982=EDGE_CURVE('',#5494,#5326,#2670,.T.);
#6983=EDGE_CURVE('',#5460,#4844,#2671,.T.);
#6984=EDGE_CURVE('',#4843,#5461,#2672,.T.);
#6985=EDGE_CURVE('',#5399,#4905,#2673,.T.);
#6986=EDGE_CURVE('',#4904,#5400,#2674,.T.);
#6987=EDGE_CURVE('',#5398,#4906,#2675,.T.);
#6988=EDGE_CURVE('',#5493,#5328,#2676,.T.);
#6989=EDGE_CURVE('',#5337,#5485,#2677,.T.);
#6990=EDGE_CURVE('',#5329,#5492,#2678,.T.);
#6991=EDGE_CURVE('',#5491,#5330,#2679,.T.);
#6992=EDGE_CURVE('',#5401,#4903,#2680,.T.);
#6993=EDGE_CURVE('',#4902,#5402,#2681,.T.);
#6994=EDGE_CURVE('',#5405,#4899,#2682,.T.);
#6995=EDGE_CURVE('',#4898,#5406,#2683,.T.);
#6996=EDGE_CURVE('',#5404,#4900,#2684,.T.);
#6997=EDGE_CURVE('',#5395,#4909,#2685,.T.);
#6998=EDGE_CURVE('',#4908,#5396,#2686,.T.);
#6999=EDGE_CURVE('',#5394,#4910,#2687,.T.);
#7000=EDGE_CURVE('',#5486,#5335,#2688,.T.);
#7001=EDGE_CURVE('',#5334,#5487,#2689,.T.);
#7002=EDGE_CURVE('',#5484,#5336,#2690,.T.);
#7003=EDGE_CURVE('',#5488,#5333,#2691,.T.);
#7004=EDGE_CURVE('',#5332,#5489,#2692,.T.);
#7005=EDGE_CURVE('',#5417,#4887,#2693,.T.);
#7006=EDGE_CURVE('',#4886,#5418,#2694,.T.);
#7007=EDGE_CURVE('',#5416,#4888,#2695,.T.);
#7008=EDGE_CURVE('',#5478,#5343,#2696,.T.);
#7009=EDGE_CURVE('',#5342,#5479,#2697,.T.);
#7010=EDGE_CURVE('',#5344,#5477,#2698,.T.);
#7011=EDGE_CURVE('',#5407,#4897,#2699,.T.);
#7012=EDGE_CURVE('',#4896,#5408,#2700,.T.);
#7013=EDGE_CURVE('',#5476,#5345,#2701,.T.);
#7014=EDGE_CURVE('',#5474,#5346,#2702,.T.);
#7015=EDGE_CURVE('',#5483,#5338,#2703,.T.);
#7016=EDGE_CURVE('',#5347,#5475,#2704,.T.);
#7017=EDGE_CURVE('',#5339,#5482,#2705,.T.);
#7018=EDGE_CURVE('',#5481,#5340,#2706,.T.);
#7019=EDGE_CURVE('',#5413,#4891,#2707,.T.);
#7020=EDGE_CURVE('',#4890,#5414,#2708,.T.);
#7021=EDGE_CURVE('',#4892,#5412,#2709,.T.);
#7022=EDGE_CURVE('',#5411,#4893,#2710,.T.);
#7023=EDGE_CURVE('',#5410,#4894,#2711,.T.);
#7024=EDGE_CURVE('',#5480,#5341,#2712,.T.);
#7025=EDGE_CURVE('',#5490,#5331,#2713,.T.);
#7026=EDGE_CURVE('',#5867,#5317,#2714,.T.);
#7027=EDGE_CURVE('',#5847,#5297,#2715,.T.);
#7028=EDGE_CURVE('',#5849,#5316,#2716,.T.);
#7029=EDGE_CURVE('',#5850,#5315,#2717,.T.);
#7030=EDGE_CURVE('',#5851,#5314,#2718,.T.);
#7031=EDGE_CURVE('',#5852,#5313,#2719,.T.);
#7032=EDGE_CURVE('',#5853,#5312,#2720,.T.);
#7033=EDGE_CURVE('',#5854,#5311,#2721,.T.);
#7034=EDGE_CURVE('',#5855,#5310,#2722,.T.);
#7035=EDGE_CURVE('',#5856,#5309,#2723,.T.);
#7036=EDGE_CURVE('',#5857,#5308,#2724,.T.);
#7037=EDGE_CURVE('',#5858,#5307,#2725,.T.);
#7038=EDGE_CURVE('',#5859,#5306,#2726,.T.);
#7039=EDGE_CURVE('',#5860,#5305,#2727,.T.);
#7040=EDGE_CURVE('',#5861,#5304,#2728,.T.);
#7041=EDGE_CURVE('',#5862,#5303,#2729,.T.);
#7042=EDGE_CURVE('',#5863,#5302,#2730,.T.);
#7043=EDGE_CURVE('',#5864,#5301,#2731,.T.);
#7044=EDGE_CURVE('',#5865,#5300,#2732,.T.);
#7045=EDGE_CURVE('',#5866,#5299,#2733,.T.);
#7046=EDGE_CURVE('',#5848,#5298,#2734,.T.);
#7047=EDGE_CURVE('',#5827,#5277,#2735,.T.);
#7048=EDGE_CURVE('',#5829,#5296,#2736,.T.);
#7049=EDGE_CURVE('',#5830,#5295,#2737,.T.);
#7050=EDGE_CURVE('',#5831,#5294,#2738,.T.);
#7051=EDGE_CURVE('',#5832,#5293,#2739,.T.);
#7052=EDGE_CURVE('',#5833,#5292,#2740,.T.);
#7053=EDGE_CURVE('',#5834,#5291,#2741,.T.);
#7054=EDGE_CURVE('',#5835,#5290,#2742,.T.);
#7055=EDGE_CURVE('',#5836,#5289,#2743,.T.);
#7056=EDGE_CURVE('',#5837,#5288,#2744,.T.);
#7057=EDGE_CURVE('',#5838,#5287,#2745,.T.);
#7058=EDGE_CURVE('',#5839,#5286,#2746,.T.);
#7059=EDGE_CURVE('',#5840,#5285,#2747,.T.);
#7060=EDGE_CURVE('',#5841,#5284,#2748,.T.);
#7061=EDGE_CURVE('',#5842,#5283,#2749,.T.);
#7062=EDGE_CURVE('',#5843,#5282,#2750,.T.);
#7063=EDGE_CURVE('',#5844,#5281,#2751,.T.);
#7064=EDGE_CURVE('',#5845,#5280,#2752,.T.);
#7065=EDGE_CURVE('',#5846,#5279,#2753,.T.);
#7066=EDGE_CURVE('',#5828,#5278,#2754,.T.);
#7067=EDGE_CURVE('',#5807,#5257,#2755,.T.);
#7068=EDGE_CURVE('',#5809,#5276,#2756,.T.);
#7069=EDGE_CURVE('',#5810,#5275,#2757,.T.);
#7070=EDGE_CURVE('',#5811,#5274,#2758,.T.);
#7071=EDGE_CURVE('',#5812,#5273,#2759,.T.);
#7072=EDGE_CURVE('',#5813,#5272,#2760,.T.);
#7073=EDGE_CURVE('',#5814,#5271,#2761,.T.);
#7074=EDGE_CURVE('',#5815,#5270,#2762,.T.);
#7075=EDGE_CURVE('',#5816,#5269,#2763,.T.);
#7076=EDGE_CURVE('',#5817,#5268,#2764,.T.);
#7077=EDGE_CURVE('',#5818,#5267,#2765,.T.);
#7078=EDGE_CURVE('',#5819,#5266,#2766,.T.);
#7079=EDGE_CURVE('',#5820,#5265,#2767,.T.);
#7080=EDGE_CURVE('',#5821,#5264,#2768,.T.);
#7081=EDGE_CURVE('',#5822,#5263,#2769,.T.);
#7082=EDGE_CURVE('',#5823,#5262,#2770,.T.);
#7083=EDGE_CURVE('',#5824,#5261,#2771,.T.);
#7084=EDGE_CURVE('',#5825,#5260,#2772,.T.);
#7085=EDGE_CURVE('',#5826,#5259,#2773,.T.);
#7086=EDGE_CURVE('',#5808,#5258,#2774,.T.);
#7087=EDGE_CURVE('',#5787,#5237,#2775,.T.);
#7088=EDGE_CURVE('',#5789,#5256,#2776,.T.);
#7089=EDGE_CURVE('',#5790,#5255,#2777,.T.);
#7090=EDGE_CURVE('',#5791,#5254,#2778,.T.);
#7091=EDGE_CURVE('',#5792,#5253,#2779,.T.);
#7092=EDGE_CURVE('',#5793,#5252,#2780,.T.);
#7093=EDGE_CURVE('',#5794,#5251,#2781,.T.);
#7094=EDGE_CURVE('',#5795,#5250,#2782,.T.);
#7095=EDGE_CURVE('',#5796,#5249,#2783,.T.);
#7096=EDGE_CURVE('',#5797,#5248,#2784,.T.);
#7097=EDGE_CURVE('',#5798,#5247,#2785,.T.);
#7098=EDGE_CURVE('',#5799,#5246,#2786,.T.);
#7099=EDGE_CURVE('',#5800,#5245,#2787,.T.);
#7100=EDGE_CURVE('',#5801,#5244,#2788,.T.);
#7101=EDGE_CURVE('',#5802,#5243,#2789,.T.);
#7102=EDGE_CURVE('',#5803,#5242,#2790,.T.);
#7103=EDGE_CURVE('',#5804,#5241,#2791,.T.);
#7104=EDGE_CURVE('',#5805,#5240,#2792,.T.);
#7105=EDGE_CURVE('',#5806,#5239,#2793,.T.);
#7106=EDGE_CURVE('',#5788,#5238,#2794,.T.);
#7107=EDGE_CURVE('',#5500,#5321,#2795,.T.);
#7108=EDGE_CURVE('',#5786,#5236,#2796,.T.);
#7109=EDGE_CURVE('',#5766,#5216,#2797,.T.);
#7110=EDGE_CURVE('',#5768,#5235,#2798,.T.);
#7111=EDGE_CURVE('',#5769,#5234,#2799,.T.);
#7112=EDGE_CURVE('',#5770,#5233,#2800,.T.);
#7113=EDGE_CURVE('',#5771,#5232,#2801,.T.);
#7114=EDGE_CURVE('',#5772,#5231,#2802,.T.);
#7115=EDGE_CURVE('',#5773,#5230,#2803,.T.);
#7116=EDGE_CURVE('',#5774,#5229,#2804,.T.);
#7117=EDGE_CURVE('',#5775,#5228,#2805,.T.);
#7118=EDGE_CURVE('',#5776,#5227,#2806,.T.);
#7119=EDGE_CURVE('',#5777,#5226,#2807,.T.);
#7120=EDGE_CURVE('',#5778,#5225,#2808,.T.);
#7121=EDGE_CURVE('',#5779,#5224,#2809,.T.);
#7122=EDGE_CURVE('',#5780,#5223,#2810,.T.);
#7123=EDGE_CURVE('',#5781,#5222,#2811,.T.);
#7124=EDGE_CURVE('',#5782,#5221,#2812,.T.);
#7125=EDGE_CURVE('',#5783,#5220,#2813,.T.);
#7126=EDGE_CURVE('',#5784,#5219,#2814,.T.);
#7127=EDGE_CURVE('',#5785,#5218,#2815,.T.);
#7128=EDGE_CURVE('',#5767,#5217,#2816,.T.);
#7129=EDGE_CURVE('',#5473,#5348,#2817,.T.);
#7130=EDGE_CURVE('',#5746,#5196,#2818,.T.);
#7131=EDGE_CURVE('',#5748,#5215,#2819,.T.);
#7132=EDGE_CURVE('',#5749,#5214,#2820,.T.);
#7133=EDGE_CURVE('',#5750,#5213,#2821,.T.);
#7134=EDGE_CURVE('',#5751,#5212,#2822,.T.);
#7135=EDGE_CURVE('',#5752,#5211,#2823,.T.);
#7136=EDGE_CURVE('',#5753,#5210,#2824,.T.);
#7137=EDGE_CURVE('',#5754,#5209,#2825,.T.);
#7138=EDGE_CURVE('',#5755,#5208,#2826,.T.);
#7139=EDGE_CURVE('',#5756,#5207,#2827,.T.);
#7140=EDGE_CURVE('',#5757,#5206,#2828,.T.);
#7141=EDGE_CURVE('',#5758,#5205,#2829,.T.);
#7142=EDGE_CURVE('',#5759,#5204,#2830,.T.);
#7143=EDGE_CURVE('',#5760,#5203,#2831,.T.);
#7144=EDGE_CURVE('',#5761,#5202,#2832,.T.);
#7145=EDGE_CURVE('',#5762,#5201,#2833,.T.);
#7146=EDGE_CURVE('',#5763,#5200,#2834,.T.);
#7147=EDGE_CURVE('',#5764,#5199,#2835,.T.);
#7148=EDGE_CURVE('',#5765,#5198,#2836,.T.);
#7149=EDGE_CURVE('',#5747,#5197,#2837,.T.);
#7150=EDGE_CURVE('',#5726,#5176,#2838,.T.);
#7151=EDGE_CURVE('',#5728,#5195,#2839,.T.);
#7152=EDGE_CURVE('',#5729,#5194,#2840,.T.);
#7153=EDGE_CURVE('',#5730,#5193,#2841,.T.);
#7154=EDGE_CURVE('',#5731,#5192,#2842,.T.);
#7155=EDGE_CURVE('',#5732,#5191,#2843,.T.);
#7156=EDGE_CURVE('',#5733,#5190,#2844,.T.);
#7157=EDGE_CURVE('',#5734,#5189,#2845,.T.);
#7158=EDGE_CURVE('',#5735,#5188,#2846,.T.);
#7159=EDGE_CURVE('',#5736,#5187,#2847,.T.);
#7160=EDGE_CURVE('',#5737,#5186,#2848,.T.);
#7161=EDGE_CURVE('',#5738,#5185,#2849,.T.);
#7162=EDGE_CURVE('',#5739,#5184,#2850,.T.);
#7163=EDGE_CURVE('',#5740,#5183,#2851,.T.);
#7164=EDGE_CURVE('',#5741,#5182,#2852,.T.);
#7165=EDGE_CURVE('',#5742,#5181,#2853,.T.);
#7166=EDGE_CURVE('',#5743,#5180,#2854,.T.);
#7167=EDGE_CURVE('',#5744,#5179,#2855,.T.);
#7168=EDGE_CURVE('',#5745,#5178,#2856,.T.);
#7169=EDGE_CURVE('',#5727,#5177,#2857,.T.);
#7170=EDGE_CURVE('',#5706,#5156,#2858,.T.);
#7171=EDGE_CURVE('',#5708,#5175,#2859,.T.);
#7172=EDGE_CURVE('',#5709,#5174,#2860,.T.);
#7173=EDGE_CURVE('',#5710,#5173,#2861,.T.);
#7174=EDGE_CURVE('',#5711,#5172,#2862,.T.);
#7175=EDGE_CURVE('',#5712,#5171,#2863,.T.);
#7176=EDGE_CURVE('',#5713,#5170,#2864,.T.);
#7177=EDGE_CURVE('',#5714,#5169,#2865,.T.);
#7178=EDGE_CURVE('',#5715,#5168,#2866,.T.);
#7179=EDGE_CURVE('',#5716,#5167,#2867,.T.);
#7180=EDGE_CURVE('',#5717,#5166,#2868,.T.);
#7181=EDGE_CURVE('',#5718,#5165,#2869,.T.);
#7182=EDGE_CURVE('',#5719,#5164,#2870,.T.);
#7183=EDGE_CURVE('',#5720,#5163,#2871,.T.);
#7184=EDGE_CURVE('',#5721,#5162,#2872,.T.);
#7185=EDGE_CURVE('',#5722,#5161,#2873,.T.);
#7186=EDGE_CURVE('',#5723,#5160,#2874,.T.);
#7187=EDGE_CURVE('',#5724,#5159,#2875,.T.);
#7188=EDGE_CURVE('',#5725,#5158,#2876,.T.);
#7189=EDGE_CURVE('',#5707,#5157,#2877,.T.);
#7190=EDGE_CURVE('',#5686,#5136,#2878,.T.);
#7191=EDGE_CURVE('',#5688,#5155,#2879,.T.);
#7192=EDGE_CURVE('',#5689,#5154,#2880,.T.);
#7193=EDGE_CURVE('',#5690,#5153,#2881,.T.);
#7194=EDGE_CURVE('',#5691,#5152,#2882,.T.);
#7195=EDGE_CURVE('',#5692,#5151,#2883,.T.);
#7196=EDGE_CURVE('',#5693,#5150,#2884,.T.);
#7197=EDGE_CURVE('',#5694,#5149,#2885,.T.);
#7198=EDGE_CURVE('',#5695,#5148,#2886,.T.);
#7199=EDGE_CURVE('',#5696,#5147,#2887,.T.);
#7200=EDGE_CURVE('',#5697,#5146,#2888,.T.);
#7201=EDGE_CURVE('',#5698,#5145,#2889,.T.);
#7202=EDGE_CURVE('',#5699,#5144,#2890,.T.);
#7203=EDGE_CURVE('',#5700,#5143,#2891,.T.);
#7204=EDGE_CURVE('',#5701,#5142,#2892,.T.);
#7205=EDGE_CURVE('',#5702,#5141,#2893,.T.);
#7206=EDGE_CURVE('',#5703,#5140,#2894,.T.);
#7207=EDGE_CURVE('',#5704,#5139,#2895,.T.);
#7208=EDGE_CURVE('',#5705,#5138,#2896,.T.);
#7209=EDGE_CURVE('',#5687,#5137,#2897,.T.);
#7210=EDGE_CURVE('',#5666,#5116,#2898,.T.);
#7211=EDGE_CURVE('',#5668,#5135,#2899,.T.);
#7212=EDGE_CURVE('',#5669,#5134,#2900,.T.);
#7213=EDGE_CURVE('',#5670,#5133,#2901,.T.);
#7214=EDGE_CURVE('',#5671,#5132,#2902,.T.);
#7215=EDGE_CURVE('',#5672,#5131,#2903,.T.);
#7216=EDGE_CURVE('',#5673,#5130,#2904,.T.);
#7217=EDGE_CURVE('',#5674,#5129,#2905,.T.);
#7218=EDGE_CURVE('',#5675,#5128,#2906,.T.);
#7219=EDGE_CURVE('',#5676,#5127,#2907,.T.);
#7220=EDGE_CURVE('',#5677,#5126,#2908,.T.);
#7221=EDGE_CURVE('',#5678,#5125,#2909,.T.);
#7222=EDGE_CURVE('',#5679,#5124,#2910,.T.);
#7223=EDGE_CURVE('',#5680,#5123,#2911,.T.);
#7224=EDGE_CURVE('',#5681,#5122,#2912,.T.);
#7225=EDGE_CURVE('',#5682,#5121,#2913,.T.);
#7226=EDGE_CURVE('',#5683,#5120,#2914,.T.);
#7227=EDGE_CURVE('',#5684,#5119,#2915,.T.);
#7228=EDGE_CURVE('',#5685,#5118,#2916,.T.);
#7229=EDGE_CURVE('',#5667,#5117,#2917,.T.);
#7230=EDGE_CURVE('',#5646,#5096,#2918,.T.);
#7231=EDGE_CURVE('',#5648,#5115,#2919,.T.);
#7232=EDGE_CURVE('',#5649,#5114,#2920,.T.);
#7233=EDGE_CURVE('',#5650,#5113,#2921,.T.);
#7234=EDGE_CURVE('',#5651,#5112,#2922,.T.);
#7235=EDGE_CURVE('',#5652,#5111,#2923,.T.);
#7236=EDGE_CURVE('',#5653,#5110,#2924,.T.);
#7237=EDGE_CURVE('',#5654,#5109,#2925,.T.);
#7238=EDGE_CURVE('',#5655,#5108,#2926,.T.);
#7239=EDGE_CURVE('',#5656,#5107,#2927,.T.);
#7240=EDGE_CURVE('',#5657,#5106,#2928,.T.);
#7241=EDGE_CURVE('',#5658,#5105,#2929,.T.);
#7242=EDGE_CURVE('',#5659,#5104,#2930,.T.);
#7243=EDGE_CURVE('',#5660,#5103,#2931,.T.);
#7244=EDGE_CURVE('',#5661,#5102,#2932,.T.);
#7245=EDGE_CURVE('',#5662,#5101,#2933,.T.);
#7246=EDGE_CURVE('',#5663,#5100,#2934,.T.);
#7247=EDGE_CURVE('',#5664,#5099,#2935,.T.);
#7248=EDGE_CURVE('',#5665,#5098,#2936,.T.);
#7249=EDGE_CURVE('',#5647,#5097,#2937,.T.);
#7250=EDGE_CURVE('',#5626,#5076,#2938,.T.);
#7251=EDGE_CURVE('',#5628,#5095,#2939,.T.);
#7252=EDGE_CURVE('',#5629,#5094,#2940,.T.);
#7253=EDGE_CURVE('',#5630,#5093,#2941,.T.);
#7254=EDGE_CURVE('',#5631,#5092,#2942,.T.);
#7255=EDGE_CURVE('',#5632,#5091,#2943,.T.);
#7256=EDGE_CURVE('',#5633,#5090,#2944,.T.);
#7257=EDGE_CURVE('',#5634,#5089,#2945,.T.);
#7258=EDGE_CURVE('',#5635,#5088,#2946,.T.);
#7259=EDGE_CURVE('',#5636,#5087,#2947,.T.);
#7260=EDGE_CURVE('',#5637,#5086,#2948,.T.);
#7261=EDGE_CURVE('',#5638,#5085,#2949,.T.);
#7262=EDGE_CURVE('',#5639,#5084,#2950,.T.);
#7263=EDGE_CURVE('',#5640,#5083,#2951,.T.);
#7264=EDGE_CURVE('',#5641,#5082,#2952,.T.);
#7265=EDGE_CURVE('',#5642,#5081,#2953,.T.);
#7266=EDGE_CURVE('',#5643,#5080,#2954,.T.);
#7267=EDGE_CURVE('',#5644,#5079,#2955,.T.);
#7268=EDGE_CURVE('',#5645,#5078,#2956,.T.);
#7269=EDGE_CURVE('',#5627,#5077,#2957,.T.);
#7270=EDGE_CURVE('',#5625,#5075,#2958,.T.);
#7271=EDGE_CURVE('',#5605,#5055,#2959,.T.);
#7272=EDGE_CURVE('',#5607,#5074,#2960,.T.);
#7273=EDGE_CURVE('',#5608,#5073,#2961,.T.);
#7274=EDGE_CURVE('',#5609,#5072,#2962,.T.);
#7275=EDGE_CURVE('',#5610,#5071,#2963,.T.);
#7276=EDGE_CURVE('',#5611,#5070,#2964,.T.);
#7277=EDGE_CURVE('',#5612,#5069,#2965,.T.);
#7278=EDGE_CURVE('',#5613,#5068,#2966,.T.);
#7279=EDGE_CURVE('',#5614,#5067,#2967,.T.);
#7280=EDGE_CURVE('',#5615,#5066,#2968,.T.);
#7281=EDGE_CURVE('',#5616,#5065,#2969,.T.);
#7282=EDGE_CURVE('',#5617,#5064,#2970,.T.);
#7283=EDGE_CURVE('',#5618,#5063,#2971,.T.);
#7284=EDGE_CURVE('',#5619,#5062,#2972,.T.);
#7285=EDGE_CURVE('',#5620,#5061,#2973,.T.);
#7286=EDGE_CURVE('',#5621,#5060,#2974,.T.);
#7287=EDGE_CURVE('',#5622,#5059,#2975,.T.);
#7288=EDGE_CURVE('',#5623,#5058,#2976,.T.);
#7289=EDGE_CURVE('',#5624,#5057,#2977,.T.);
#7290=EDGE_CURVE('',#5606,#5056,#2978,.T.);
#7291=EDGE_CURVE('',#5604,#5054,#2979,.T.);
#7292=EDGE_CURVE('',#5584,#5034,#2980,.T.);
#7293=EDGE_CURVE('',#5586,#5053,#2981,.T.);
#7294=EDGE_CURVE('',#5587,#5052,#2982,.T.);
#7295=EDGE_CURVE('',#5588,#5051,#2983,.T.);
#7296=EDGE_CURVE('',#5589,#5050,#2984,.T.);
#7297=EDGE_CURVE('',#5590,#5049,#2985,.T.);
#7298=EDGE_CURVE('',#5591,#5048,#2986,.T.);
#7299=EDGE_CURVE('',#5592,#5047,#2987,.T.);
#7300=EDGE_CURVE('',#5593,#5046,#2988,.T.);
#7301=EDGE_CURVE('',#5594,#5045,#2989,.T.);
#7302=EDGE_CURVE('',#5595,#5044,#2990,.T.);
#7303=EDGE_CURVE('',#5596,#5043,#2991,.T.);
#7304=EDGE_CURVE('',#5597,#5042,#2992,.T.);
#7305=EDGE_CURVE('',#5598,#5041,#2993,.T.);
#7306=EDGE_CURVE('',#5599,#5040,#2994,.T.);
#7307=EDGE_CURVE('',#5600,#5039,#2995,.T.);
#7308=EDGE_CURVE('',#5601,#5038,#2996,.T.);
#7309=EDGE_CURVE('',#5602,#5037,#2997,.T.);
#7310=EDGE_CURVE('',#5603,#5036,#2998,.T.);
#7311=EDGE_CURVE('',#5585,#5035,#2999,.T.);
#7312=EDGE_CURVE('',#5564,#5014,#3000,.T.);
#7313=EDGE_CURVE('',#5566,#5033,#3001,.T.);
#7314=EDGE_CURVE('',#5567,#5032,#3002,.T.);
#7315=EDGE_CURVE('',#5568,#5031,#3003,.T.);
#7316=EDGE_CURVE('',#5569,#5030,#3004,.T.);
#7317=EDGE_CURVE('',#5570,#5029,#3005,.T.);
#7318=EDGE_CURVE('',#5571,#5028,#3006,.T.);
#7319=EDGE_CURVE('',#5572,#5027,#3007,.T.);
#7320=EDGE_CURVE('',#5573,#5026,#3008,.T.);
#7321=EDGE_CURVE('',#5574,#5025,#3009,.T.);
#7322=EDGE_CURVE('',#5575,#5024,#3010,.T.);
#7323=EDGE_CURVE('',#5576,#5023,#3011,.T.);
#7324=EDGE_CURVE('',#5577,#5022,#3012,.T.);
#7325=EDGE_CURVE('',#5578,#5021,#3013,.T.);
#7326=EDGE_CURVE('',#5579,#5020,#3014,.T.);
#7327=EDGE_CURVE('',#5580,#5019,#3015,.T.);
#7328=EDGE_CURVE('',#5581,#5018,#3016,.T.);
#7329=EDGE_CURVE('',#5582,#5017,#3017,.T.);
#7330=EDGE_CURVE('',#5583,#5016,#3018,.T.);
#7331=EDGE_CURVE('',#5565,#5015,#3019,.T.);
#7332=EDGE_CURVE('',#5544,#4994,#3020,.T.);
#7333=EDGE_CURVE('',#5546,#5013,#3021,.T.);
#7334=EDGE_CURVE('',#5547,#5012,#3022,.T.);
#7335=EDGE_CURVE('',#5548,#5011,#3023,.T.);
#7336=EDGE_CURVE('',#5549,#5010,#3024,.T.);
#7337=EDGE_CURVE('',#5550,#5009,#3025,.T.);
#7338=EDGE_CURVE('',#5551,#5008,#3026,.T.);
#7339=EDGE_CURVE('',#5552,#5007,#3027,.T.);
#7340=EDGE_CURVE('',#5553,#5006,#3028,.T.);
#7341=EDGE_CURVE('',#5554,#5005,#3029,.T.);
#7342=EDGE_CURVE('',#5555,#5004,#3030,.T.);
#7343=EDGE_CURVE('',#5556,#5003,#3031,.T.);
#7344=EDGE_CURVE('',#5557,#5002,#3032,.T.);
#7345=EDGE_CURVE('',#5558,#5001,#3033,.T.);
#7346=EDGE_CURVE('',#5559,#5000,#3034,.T.);
#7347=EDGE_CURVE('',#5560,#4999,#3035,.T.);
#7348=EDGE_CURVE('',#5561,#4998,#3036,.T.);
#7349=EDGE_CURVE('',#5562,#4997,#3037,.T.);
#7350=EDGE_CURVE('',#5563,#4996,#3038,.T.);
#7351=EDGE_CURVE('',#5545,#4995,#3039,.T.);
#7352=EDGE_CURVE('',#5524,#4974,#3040,.T.);
#7353=EDGE_CURVE('',#5526,#4993,#3041,.T.);
#7354=EDGE_CURVE('',#5527,#4992,#3042,.T.);
#7355=EDGE_CURVE('',#5528,#4991,#3043,.T.);
#7356=EDGE_CURVE('',#5529,#4990,#3044,.T.);
#7357=EDGE_CURVE('',#5530,#4989,#3045,.T.);
#7358=EDGE_CURVE('',#5531,#4988,#3046,.T.);
#7359=EDGE_CURVE('',#5532,#4987,#3047,.T.);
#7360=EDGE_CURVE('',#5533,#4986,#3048,.T.);
#7361=EDGE_CURVE('',#5534,#4985,#3049,.T.);
#7362=EDGE_CURVE('',#5535,#4984,#3050,.T.);
#7363=EDGE_CURVE('',#5536,#4983,#3051,.T.);
#7364=EDGE_CURVE('',#5537,#4982,#3052,.T.);
#7365=EDGE_CURVE('',#5538,#4981,#3053,.T.);
#7366=EDGE_CURVE('',#5539,#4980,#3054,.T.);
#7367=EDGE_CURVE('',#5540,#4979,#3055,.T.);
#7368=EDGE_CURVE('',#5541,#4978,#3056,.T.);
#7369=EDGE_CURVE('',#5542,#4977,#3057,.T.);
#7370=EDGE_CURVE('',#5543,#4976,#3058,.T.);
#7371=EDGE_CURVE('',#5525,#4975,#3059,.T.);
#7372=EDGE_CURVE('',#5504,#4954,#3060,.T.);
#7373=EDGE_CURVE('',#5506,#4973,#3061,.T.);
#7374=EDGE_CURVE('',#5507,#4972,#3062,.T.);
#7375=EDGE_CURVE('',#5508,#4971,#3063,.T.);
#7376=EDGE_CURVE('',#5509,#4970,#3064,.T.);
#7377=EDGE_CURVE('',#5510,#4969,#3065,.T.);
#7378=EDGE_CURVE('',#5511,#4968,#3066,.T.);
#7379=EDGE_CURVE('',#5512,#4967,#3067,.T.);
#7380=EDGE_CURVE('',#5513,#4966,#3068,.T.);
#7381=EDGE_CURVE('',#5514,#4965,#3069,.T.);
#7382=EDGE_CURVE('',#5515,#4964,#3070,.T.);
#7383=EDGE_CURVE('',#5516,#4963,#3071,.T.);
#7384=EDGE_CURVE('',#5517,#4962,#3072,.T.);
#7385=EDGE_CURVE('',#5518,#4961,#3073,.T.);
#7386=EDGE_CURVE('',#5519,#4960,#3074,.T.);
#7387=EDGE_CURVE('',#5520,#4959,#3075,.T.);
#7388=EDGE_CURVE('',#5521,#4958,#3076,.T.);
#7389=EDGE_CURVE('',#5522,#4957,#3077,.T.);
#7390=EDGE_CURVE('',#5523,#4956,#3078,.T.);
#7391=EDGE_CURVE('',#5505,#4955,#3079,.T.);
#7392=EDGE_CURVE('',#5349,#4830,#3080,.T.);
#7393=EDGE_CURVE('',#5351,#4953,#3081,.T.);
#7394=EDGE_CURVE('',#5352,#4952,#3082,.T.);
#7395=EDGE_CURVE('',#5353,#4951,#3083,.T.);
#7396=EDGE_CURVE('',#5354,#4950,#3084,.T.);
#7397=EDGE_CURVE('',#5355,#4949,#3085,.T.);
#7398=EDGE_CURVE('',#5356,#4948,#3086,.T.);
#7399=EDGE_CURVE('',#5357,#4947,#3087,.T.);
#7400=EDGE_CURVE('',#5358,#4946,#3088,.T.);
#7401=EDGE_CURVE('',#5359,#4945,#3089,.T.);
#7402=EDGE_CURVE('',#5360,#4944,#3090,.T.);
#7403=EDGE_CURVE('',#5361,#4943,#3091,.T.);
#7404=EDGE_CURVE('',#5362,#4942,#3092,.T.);
#7405=EDGE_CURVE('',#5363,#4941,#3093,.T.);
#7406=EDGE_CURVE('',#5364,#4940,#3094,.T.);
#7407=EDGE_CURVE('',#5365,#4939,#3095,.T.);
#7408=EDGE_CURVE('',#5366,#4938,#3096,.T.);
#7409=EDGE_CURVE('',#5367,#4937,#3097,.T.);
#7410=EDGE_CURVE('',#5368,#4936,#3098,.T.);
#7411=EDGE_CURVE('',#5369,#4935,#3099,.T.);
#7412=EDGE_CURVE('',#5370,#4934,#3100,.T.);
#7413=EDGE_CURVE('',#5371,#4933,#3101,.T.);
#7414=EDGE_CURVE('',#5372,#4932,#3102,.T.);
#7415=EDGE_CURVE('',#5373,#4931,#3103,.T.);
#7416=EDGE_CURVE('',#5374,#4930,#3104,.T.);
#7417=EDGE_CURVE('',#5375,#4929,#3105,.T.);
#7418=EDGE_CURVE('',#5376,#4928,#3106,.T.);
#7419=EDGE_CURVE('',#5377,#4927,#3107,.T.);
#7420=EDGE_CURVE('',#5378,#4926,#3108,.T.);
#7421=EDGE_CURVE('',#5379,#4925,#3109,.T.);
#7422=EDGE_CURVE('',#5380,#4924,#3110,.T.);
#7423=EDGE_CURVE('',#5381,#4923,#3111,.T.);
#7424=EDGE_CURVE('',#5382,#4922,#3112,.T.);
#7425=EDGE_CURVE('',#5383,#4921,#3113,.T.);
#7426=EDGE_CURVE('',#5384,#4920,#3114,.T.);
#7427=EDGE_CURVE('',#5385,#4919,#3115,.T.);
#7428=EDGE_CURVE('',#5386,#4918,#3116,.T.);
#7429=EDGE_CURVE('',#5387,#4917,#3117,.T.);
#7430=EDGE_CURVE('',#5388,#4916,#3118,.T.);
#7431=EDGE_CURVE('',#5389,#4915,#3119,.T.);
#7432=EDGE_CURVE('',#5390,#4914,#3120,.T.);
#7433=EDGE_CURVE('',#5391,#4913,#3121,.T.);
#7434=EDGE_CURVE('',#5392,#4912,#3122,.T.);
#7435=EDGE_CURVE('',#5393,#4911,#3123,.T.);
#7436=EDGE_CURVE('',#5397,#4907,#3124,.T.);
#7437=EDGE_CURVE('',#5403,#4901,#3125,.T.);
#7438=EDGE_CURVE('',#5409,#4895,#3126,.T.);
#7439=EDGE_CURVE('',#5415,#4889,#3127,.T.);
#7440=EDGE_CURVE('',#5419,#4885,#3128,.T.);
#7441=EDGE_CURVE('',#5420,#4884,#3129,.T.);
#7442=EDGE_CURVE('',#5421,#4883,#3130,.T.);
#7443=EDGE_CURVE('',#5422,#4882,#3131,.T.);
#7444=EDGE_CURVE('',#5423,#4881,#3132,.T.);
#7445=EDGE_CURVE('',#5424,#4880,#3133,.T.);
#7446=EDGE_CURVE('',#5425,#4879,#3134,.T.);
#7447=EDGE_CURVE('',#5426,#4878,#3135,.T.);
#7448=EDGE_CURVE('',#5427,#4877,#3136,.T.);
#7449=EDGE_CURVE('',#5428,#4876,#3137,.T.);
#7450=EDGE_CURVE('',#5429,#4875,#3138,.T.);
#7451=EDGE_CURVE('',#5430,#4874,#3139,.T.);
#7452=EDGE_CURVE('',#5431,#4873,#3140,.T.);
#7453=EDGE_CURVE('',#5432,#4872,#3141,.T.);
#7454=EDGE_CURVE('',#5433,#4871,#3142,.T.);
#7455=EDGE_CURVE('',#5434,#4870,#3143,.T.);
#7456=EDGE_CURVE('',#5435,#4869,#3144,.T.);
#7457=EDGE_CURVE('',#5436,#4868,#3145,.T.);
#7458=EDGE_CURVE('',#5437,#4867,#3146,.T.);
#7459=EDGE_CURVE('',#5438,#4866,#3147,.T.);
#7460=EDGE_CURVE('',#5439,#4865,#3148,.T.);
#7461=EDGE_CURVE('',#5440,#4864,#3149,.T.);
#7462=EDGE_CURVE('',#5441,#4863,#3150,.T.);
#7463=EDGE_CURVE('',#5442,#4862,#3151,.T.);
#7464=EDGE_CURVE('',#5443,#4861,#3152,.T.);
#7465=EDGE_CURVE('',#5444,#4860,#3153,.T.);
#7466=EDGE_CURVE('',#5445,#4859,#3154,.T.);
#7467=EDGE_CURVE('',#5446,#4858,#3155,.T.);
#7468=EDGE_CURVE('',#5447,#4857,#3156,.T.);
#7469=EDGE_CURVE('',#5448,#4856,#3157,.T.);
#7470=EDGE_CURVE('',#5449,#4855,#3158,.T.);
#7471=EDGE_CURVE('',#5450,#4854,#3159,.T.);
#7472=EDGE_CURVE('',#5451,#4853,#3160,.T.);
#7473=EDGE_CURVE('',#5452,#4852,#3161,.T.);
#7474=EDGE_CURVE('',#5453,#4851,#3162,.T.);
#7475=EDGE_CURVE('',#5454,#4850,#3163,.T.);
#7476=EDGE_CURVE('',#5455,#4849,#3164,.T.);
#7477=EDGE_CURVE('',#5456,#4848,#3165,.T.);
#7478=EDGE_CURVE('',#5457,#4847,#3166,.T.);
#7479=EDGE_CURVE('',#5458,#4846,#3167,.T.);
#7480=EDGE_CURVE('',#5459,#4845,#3168,.T.);
#7481=EDGE_CURVE('',#5462,#4842,#3169,.T.);
#7482=EDGE_CURVE('',#5468,#4836,#3170,.T.);
#7483=EDGE_CURVE('',#5472,#4832,#3171,.T.);
#7484=EDGE_CURVE('',#5350,#4831,#3172,.T.);
#7485=ORIENTED_EDGE('',*,*,#5868,.T.);
#7486=ORIENTED_EDGE('',*,*,#5869,.T.);
#7487=ORIENTED_EDGE('',*,*,#5870,.T.);
#7488=ORIENTED_EDGE('',*,*,#5871,.T.);
#7489=ORIENTED_EDGE('',*,*,#5869,.F.);
#7490=ORIENTED_EDGE('',*,*,#5872,.T.);
#7491=ORIENTED_EDGE('',*,*,#5873,.T.);
#7492=ORIENTED_EDGE('',*,*,#5874,.F.);
#7493=ORIENTED_EDGE('',*,*,#5875,.T.);
#7494=ORIENTED_EDGE('',*,*,#5876,.T.);
#7495=ORIENTED_EDGE('',*,*,#5877,.T.);
#7496=ORIENTED_EDGE('',*,*,#5878,.T.);
#7497=ORIENTED_EDGE('',*,*,#5871,.F.);
#7498=ORIENTED_EDGE('',*,*,#5879,.F.);
#7499=ORIENTED_EDGE('',*,*,#5876,.F.);
#7500=ORIENTED_EDGE('',*,*,#5880,.T.);
#7501=ORIENTED_EDGE('',*,*,#5881,.T.);
#7502=ORIENTED_EDGE('',*,*,#5882,.T.);
#7503=ORIENTED_EDGE('',*,*,#5883,.T.);
#7504=ORIENTED_EDGE('',*,*,#5884,.T.);
#7505=ORIENTED_EDGE('',*,*,#5882,.F.);
#7506=ORIENTED_EDGE('',*,*,#5885,.F.);
#7507=ORIENTED_EDGE('',*,*,#5886,.F.);
#7508=ORIENTED_EDGE('',*,*,#5887,.T.);
#7509=ORIENTED_EDGE('',*,*,#5888,.T.);
#7510=ORIENTED_EDGE('',*,*,#5886,.T.);
#7511=ORIENTED_EDGE('',*,*,#5889,.T.);
#7512=ORIENTED_EDGE('',*,*,#5890,.T.);
#7513=ORIENTED_EDGE('',*,*,#5891,.T.);
#7514=ORIENTED_EDGE('',*,*,#5892,.T.);
#7515=ORIENTED_EDGE('',*,*,#5893,.T.);
#7516=ORIENTED_EDGE('',*,*,#5894,.T.);
#7517=ORIENTED_EDGE('',*,*,#5892,.F.);
#7518=ORIENTED_EDGE('',*,*,#5895,.F.);
#7519=ORIENTED_EDGE('',*,*,#5896,.T.);
#7520=ORIENTED_EDGE('',*,*,#5897,.F.);
#7521=ORIENTED_EDGE('',*,*,#5898,.T.);
#7522=ORIENTED_EDGE('',*,*,#5899,.T.);
#7523=ORIENTED_EDGE('',*,*,#5900,.T.);
#7524=ORIENTED_EDGE('',*,*,#5901,.T.);
#7525=ORIENTED_EDGE('',*,*,#5899,.F.);
#7526=ORIENTED_EDGE('',*,*,#5902,.F.);
#7527=ORIENTED_EDGE('',*,*,#5903,.T.);
#7528=ORIENTED_EDGE('',*,*,#5904,.F.);
#7529=ORIENTED_EDGE('',*,*,#5905,.T.);
#7530=ORIENTED_EDGE('',*,*,#5906,.T.);
#7531=ORIENTED_EDGE('',*,*,#5907,.T.);
#7532=ORIENTED_EDGE('',*,*,#5908,.T.);
#7533=ORIENTED_EDGE('',*,*,#5906,.F.);
#7534=ORIENTED_EDGE('',*,*,#5909,.T.);
#7535=ORIENTED_EDGE('',*,*,#5910,.F.);
#7536=ORIENTED_EDGE('',*,*,#5911,.F.);
#7537=ORIENTED_EDGE('',*,*,#5912,.T.);
#7538=ORIENTED_EDGE('',*,*,#5913,.T.);
#7539=ORIENTED_EDGE('',*,*,#5914,.T.);
#7540=ORIENTED_EDGE('',*,*,#5910,.T.);
#7541=ORIENTED_EDGE('',*,*,#5913,.F.);
#7542=ORIENTED_EDGE('',*,*,#5915,.T.);
#7543=ORIENTED_EDGE('',*,*,#5916,.T.);
#7544=ORIENTED_EDGE('',*,*,#5917,.F.);
#7545=ORIENTED_EDGE('',*,*,#5918,.T.);
#7546=ORIENTED_EDGE('',*,*,#5919,.T.);
#7547=ORIENTED_EDGE('',*,*,#5920,.T.);
#7548=ORIENTED_EDGE('',*,*,#5921,.F.);
#7549=ORIENTED_EDGE('',*,*,#5922,.T.);
#7550=ORIENTED_EDGE('',*,*,#5923,.T.);
#7551=ORIENTED_EDGE('',*,*,#5924,.T.);
#7552=ORIENTED_EDGE('',*,*,#5925,.F.);
#7553=ORIENTED_EDGE('',*,*,#5926,.T.);
#7554=ORIENTED_EDGE('',*,*,#5927,.F.);
#7555=ORIENTED_EDGE('',*,*,#5928,.T.);
#7556=ORIENTED_EDGE('',*,*,#5929,.T.);
#7557=ORIENTED_EDGE('',*,*,#5930,.T.);
#7558=ORIENTED_EDGE('',*,*,#5931,.F.);
#7559=ORIENTED_EDGE('',*,*,#5932,.T.);
#7560=ORIENTED_EDGE('',*,*,#5900,.F.);
#7561=ORIENTED_EDGE('',*,*,#5904,.T.);
#7562=ORIENTED_EDGE('',*,*,#5933,.T.);
#7563=ORIENTED_EDGE('',*,*,#5934,.T.);
#7564=ORIENTED_EDGE('',*,*,#5877,.F.);
#7565=ORIENTED_EDGE('',*,*,#5879,.T.);
#7566=ORIENTED_EDGE('',*,*,#5870,.F.);
#7567=ORIENTED_EDGE('',*,*,#5874,.T.);
#7568=ORIENTED_EDGE('',*,*,#5935,.T.);
#7569=ORIENTED_EDGE('',*,*,#5936,.T.);
#7570=ORIENTED_EDGE('',*,*,#5893,.F.);
#7571=ORIENTED_EDGE('',*,*,#5897,.T.);
#7572=ORIENTED_EDGE('',*,*,#5937,.T.);
#7573=ORIENTED_EDGE('',*,*,#5938,.T.);
#7574=ORIENTED_EDGE('',*,*,#5939,.T.);
#7575=ORIENTED_EDGE('',*,*,#5940,.T.);
#7576=ORIENTED_EDGE('',*,*,#5941,.T.);
#7577=ORIENTED_EDGE('',*,*,#5942,.T.);
#7578=ORIENTED_EDGE('',*,*,#5943,.T.);
#7579=ORIENTED_EDGE('',*,*,#5944,.T.);
#7580=ORIENTED_EDGE('',*,*,#5945,.T.);
#7581=ORIENTED_EDGE('',*,*,#5946,.T.);
#7582=ORIENTED_EDGE('',*,*,#5947,.T.);
#7583=ORIENTED_EDGE('',*,*,#5948,.T.);
#7584=ORIENTED_EDGE('',*,*,#5949,.T.);
#7585=ORIENTED_EDGE('',*,*,#5950,.T.);
#7586=ORIENTED_EDGE('',*,*,#5951,.T.);
#7587=ORIENTED_EDGE('',*,*,#5952,.T.);
#7588=ORIENTED_EDGE('',*,*,#5953,.T.);
#7589=ORIENTED_EDGE('',*,*,#5954,.T.);
#7590=ORIENTED_EDGE('',*,*,#5955,.T.);
#7591=ORIENTED_EDGE('',*,*,#5956,.T.);
#7592=ORIENTED_EDGE('',*,*,#5957,.T.);
#7593=ORIENTED_EDGE('',*,*,#5958,.T.);
#7594=ORIENTED_EDGE('',*,*,#5959,.T.);
#7595=ORIENTED_EDGE('',*,*,#5960,.T.);
#7596=ORIENTED_EDGE('',*,*,#5961,.T.);
#7597=ORIENTED_EDGE('',*,*,#5962,.T.);
#7598=ORIENTED_EDGE('',*,*,#5963,.T.);
#7599=ORIENTED_EDGE('',*,*,#5964,.T.);
#7600=ORIENTED_EDGE('',*,*,#5965,.T.);
#7601=ORIENTED_EDGE('',*,*,#5966,.T.);
#7602=ORIENTED_EDGE('',*,*,#5967,.T.);
#7603=ORIENTED_EDGE('',*,*,#5968,.T.);
#7604=ORIENTED_EDGE('',*,*,#5969,.T.);
#7605=ORIENTED_EDGE('',*,*,#5970,.T.);
#7606=ORIENTED_EDGE('',*,*,#5971,.T.);
#7607=ORIENTED_EDGE('',*,*,#5972,.T.);
#7608=ORIENTED_EDGE('',*,*,#5973,.T.);
#7609=ORIENTED_EDGE('',*,*,#5974,.T.);
#7610=ORIENTED_EDGE('',*,*,#5975,.T.);
#7611=ORIENTED_EDGE('',*,*,#5976,.T.);
#7612=ORIENTED_EDGE('',*,*,#5977,.F.);
#7613=ORIENTED_EDGE('',*,*,#5978,.T.);
#7614=ORIENTED_EDGE('',*,*,#5979,.T.);
#7615=ORIENTED_EDGE('',*,*,#5980,.T.);
#7616=ORIENTED_EDGE('',*,*,#5981,.F.);
#7617=ORIENTED_EDGE('',*,*,#5982,.T.);
#7618=ORIENTED_EDGE('',*,*,#5983,.F.);
#7619=ORIENTED_EDGE('',*,*,#5984,.T.);
#7620=ORIENTED_EDGE('',*,*,#5985,.T.);
#7621=ORIENTED_EDGE('',*,*,#5986,.T.);
#7622=ORIENTED_EDGE('',*,*,#5987,.F.);
#7623=ORIENTED_EDGE('',*,*,#5988,.T.);
#7624=ORIENTED_EDGE('',*,*,#5989,.F.);
#7625=ORIENTED_EDGE('',*,*,#5990,.T.);
#7626=ORIENTED_EDGE('',*,*,#5991,.T.);
#7627=ORIENTED_EDGE('',*,*,#5992,.T.);
#7628=ORIENTED_EDGE('',*,*,#5993,.F.);
#7629=ORIENTED_EDGE('',*,*,#5994,.T.);
#7630=ORIENTED_EDGE('',*,*,#5995,.F.);
#7631=ORIENTED_EDGE('',*,*,#5996,.T.);
#7632=ORIENTED_EDGE('',*,*,#5997,.T.);
#7633=ORIENTED_EDGE('',*,*,#5998,.T.);
#7634=ORIENTED_EDGE('',*,*,#5999,.F.);
#7635=ORIENTED_EDGE('',*,*,#6000,.T.);
#7636=ORIENTED_EDGE('',*,*,#6001,.T.);
#7637=ORIENTED_EDGE('',*,*,#6002,.T.);
#7638=ORIENTED_EDGE('',*,*,#6003,.T.);
#7639=ORIENTED_EDGE('',*,*,#6004,.T.);
#7640=ORIENTED_EDGE('',*,*,#6005,.T.);
#7641=ORIENTED_EDGE('',*,*,#6006,.T.);
#7642=ORIENTED_EDGE('',*,*,#6007,.T.);
#7643=ORIENTED_EDGE('',*,*,#6008,.T.);
#7644=ORIENTED_EDGE('',*,*,#6009,.T.);
#7645=ORIENTED_EDGE('',*,*,#6010,.T.);
#7646=ORIENTED_EDGE('',*,*,#6011,.T.);
#7647=ORIENTED_EDGE('',*,*,#6012,.T.);
#7648=ORIENTED_EDGE('',*,*,#6013,.T.);
#7649=ORIENTED_EDGE('',*,*,#6014,.T.);
#7650=ORIENTED_EDGE('',*,*,#6015,.T.);
#7651=ORIENTED_EDGE('',*,*,#6016,.T.);
#7652=ORIENTED_EDGE('',*,*,#6017,.T.);
#7653=ORIENTED_EDGE('',*,*,#6018,.T.);
#7654=ORIENTED_EDGE('',*,*,#6019,.T.);
#7655=ORIENTED_EDGE('',*,*,#6020,.T.);
#7656=ORIENTED_EDGE('',*,*,#6021,.T.);
#7657=ORIENTED_EDGE('',*,*,#6022,.T.);
#7658=ORIENTED_EDGE('',*,*,#6023,.T.);
#7659=ORIENTED_EDGE('',*,*,#6024,.T.);
#7660=ORIENTED_EDGE('',*,*,#6025,.T.);
#7661=ORIENTED_EDGE('',*,*,#6026,.T.);
#7662=ORIENTED_EDGE('',*,*,#6027,.T.);
#7663=ORIENTED_EDGE('',*,*,#6028,.T.);
#7664=ORIENTED_EDGE('',*,*,#6029,.T.);
#7665=ORIENTED_EDGE('',*,*,#6030,.T.);
#7666=ORIENTED_EDGE('',*,*,#6031,.T.);
#7667=ORIENTED_EDGE('',*,*,#6032,.T.);
#7668=ORIENTED_EDGE('',*,*,#6033,.T.);
#7669=ORIENTED_EDGE('',*,*,#6034,.T.);
#7670=ORIENTED_EDGE('',*,*,#6035,.T.);
#7671=ORIENTED_EDGE('',*,*,#6036,.T.);
#7672=ORIENTED_EDGE('',*,*,#6037,.T.);
#7673=ORIENTED_EDGE('',*,*,#6038,.T.);
#7674=ORIENTED_EDGE('',*,*,#6039,.T.);
#7675=ORIENTED_EDGE('',*,*,#6040,.T.);
#7676=ORIENTED_EDGE('',*,*,#6041,.T.);
#7677=ORIENTED_EDGE('',*,*,#6042,.T.);
#7678=ORIENTED_EDGE('',*,*,#6043,.T.);
#7679=ORIENTED_EDGE('',*,*,#6044,.T.);
#7680=ORIENTED_EDGE('',*,*,#6045,.T.);
#7681=ORIENTED_EDGE('',*,*,#6046,.T.);
#7682=ORIENTED_EDGE('',*,*,#6047,.T.);
#7683=ORIENTED_EDGE('',*,*,#6048,.T.);
#7684=ORIENTED_EDGE('',*,*,#6049,.T.);
#7685=ORIENTED_EDGE('',*,*,#6050,.T.);
#7686=ORIENTED_EDGE('',*,*,#6051,.T.);
#7687=ORIENTED_EDGE('',*,*,#6052,.T.);
#7688=ORIENTED_EDGE('',*,*,#6053,.T.);
#7689=ORIENTED_EDGE('',*,*,#6054,.T.);
#7690=ORIENTED_EDGE('',*,*,#6055,.T.);
#7691=ORIENTED_EDGE('',*,*,#6056,.T.);
#7692=ORIENTED_EDGE('',*,*,#6057,.T.);
#7693=ORIENTED_EDGE('',*,*,#6058,.T.);
#7694=ORIENTED_EDGE('',*,*,#6059,.T.);
#7695=ORIENTED_EDGE('',*,*,#6060,.T.);
#7696=ORIENTED_EDGE('',*,*,#6061,.T.);
#7697=ORIENTED_EDGE('',*,*,#6062,.T.);
#7698=ORIENTED_EDGE('',*,*,#6063,.T.);
#7699=ORIENTED_EDGE('',*,*,#6064,.T.);
#7700=ORIENTED_EDGE('',*,*,#6065,.T.);
#7701=ORIENTED_EDGE('',*,*,#6066,.T.);
#7702=ORIENTED_EDGE('',*,*,#6067,.T.);
#7703=ORIENTED_EDGE('',*,*,#6068,.T.);
#7704=ORIENTED_EDGE('',*,*,#6069,.T.);
#7705=ORIENTED_EDGE('',*,*,#6070,.T.);
#7706=ORIENTED_EDGE('',*,*,#6071,.T.);
#7707=ORIENTED_EDGE('',*,*,#6072,.T.);
#7708=ORIENTED_EDGE('',*,*,#6073,.T.);
#7709=ORIENTED_EDGE('',*,*,#6074,.T.);
#7710=ORIENTED_EDGE('',*,*,#6075,.T.);
#7711=ORIENTED_EDGE('',*,*,#6076,.T.);
#7712=ORIENTED_EDGE('',*,*,#6077,.T.);
#7713=ORIENTED_EDGE('',*,*,#6078,.T.);
#7714=ORIENTED_EDGE('',*,*,#6079,.T.);
#7715=ORIENTED_EDGE('',*,*,#6080,.T.);
#7716=ORIENTED_EDGE('',*,*,#6081,.T.);
#7717=ORIENTED_EDGE('',*,*,#6082,.T.);
#7718=ORIENTED_EDGE('',*,*,#6083,.T.);
#7719=ORIENTED_EDGE('',*,*,#6084,.T.);
#7720=ORIENTED_EDGE('',*,*,#6085,.T.);
#7721=ORIENTED_EDGE('',*,*,#6086,.T.);
#7722=ORIENTED_EDGE('',*,*,#6087,.T.);
#7723=ORIENTED_EDGE('',*,*,#6088,.T.);
#7724=ORIENTED_EDGE('',*,*,#6089,.T.);
#7725=ORIENTED_EDGE('',*,*,#6090,.T.);
#7726=ORIENTED_EDGE('',*,*,#6091,.T.);
#7727=ORIENTED_EDGE('',*,*,#6092,.T.);
#7728=ORIENTED_EDGE('',*,*,#6093,.T.);
#7729=ORIENTED_EDGE('',*,*,#6094,.T.);
#7730=ORIENTED_EDGE('',*,*,#6095,.T.);
#7731=ORIENTED_EDGE('',*,*,#6096,.T.);
#7732=ORIENTED_EDGE('',*,*,#6097,.T.);
#7733=ORIENTED_EDGE('',*,*,#6098,.T.);
#7734=ORIENTED_EDGE('',*,*,#6099,.T.);
#7735=ORIENTED_EDGE('',*,*,#6100,.T.);
#7736=ORIENTED_EDGE('',*,*,#6101,.T.);
#7737=ORIENTED_EDGE('',*,*,#6102,.T.);
#7738=ORIENTED_EDGE('',*,*,#6103,.T.);
#7739=ORIENTED_EDGE('',*,*,#6104,.T.);
#7740=ORIENTED_EDGE('',*,*,#6105,.T.);
#7741=ORIENTED_EDGE('',*,*,#6106,.T.);
#7742=ORIENTED_EDGE('',*,*,#6107,.T.);
#7743=ORIENTED_EDGE('',*,*,#6108,.T.);
#7744=ORIENTED_EDGE('',*,*,#6109,.T.);
#7745=ORIENTED_EDGE('',*,*,#6110,.T.);
#7746=ORIENTED_EDGE('',*,*,#6111,.T.);
#7747=ORIENTED_EDGE('',*,*,#6112,.T.);
#7748=ORIENTED_EDGE('',*,*,#6113,.T.);
#7749=ORIENTED_EDGE('',*,*,#6114,.T.);
#7750=ORIENTED_EDGE('',*,*,#6115,.T.);
#7751=ORIENTED_EDGE('',*,*,#6116,.T.);
#7752=ORIENTED_EDGE('',*,*,#6117,.T.);
#7753=ORIENTED_EDGE('',*,*,#6118,.T.);
#7754=ORIENTED_EDGE('',*,*,#6119,.T.);
#7755=ORIENTED_EDGE('',*,*,#6120,.T.);
#7756=ORIENTED_EDGE('',*,*,#6121,.T.);
#7757=ORIENTED_EDGE('',*,*,#6122,.T.);
#7758=ORIENTED_EDGE('',*,*,#6123,.T.);
#7759=ORIENTED_EDGE('',*,*,#6124,.T.);
#7760=ORIENTED_EDGE('',*,*,#6125,.T.);
#7761=ORIENTED_EDGE('',*,*,#6126,.T.);
#7762=ORIENTED_EDGE('',*,*,#6127,.T.);
#7763=ORIENTED_EDGE('',*,*,#6128,.T.);
#7764=ORIENTED_EDGE('',*,*,#6129,.T.);
#7765=ORIENTED_EDGE('',*,*,#6130,.T.);
#7766=ORIENTED_EDGE('',*,*,#6131,.T.);
#7767=ORIENTED_EDGE('',*,*,#6132,.T.);
#7768=ORIENTED_EDGE('',*,*,#6133,.T.);
#7769=ORIENTED_EDGE('',*,*,#6134,.T.);
#7770=ORIENTED_EDGE('',*,*,#6135,.T.);
#7771=ORIENTED_EDGE('',*,*,#6136,.T.);
#7772=ORIENTED_EDGE('',*,*,#6137,.T.);
#7773=ORIENTED_EDGE('',*,*,#6138,.T.);
#7774=ORIENTED_EDGE('',*,*,#6139,.T.);
#7775=ORIENTED_EDGE('',*,*,#6140,.T.);
#7776=ORIENTED_EDGE('',*,*,#6141,.T.);
#7777=ORIENTED_EDGE('',*,*,#6142,.T.);
#7778=ORIENTED_EDGE('',*,*,#6143,.T.);
#7779=ORIENTED_EDGE('',*,*,#6144,.T.);
#7780=ORIENTED_EDGE('',*,*,#6145,.T.);
#7781=ORIENTED_EDGE('',*,*,#6146,.T.);
#7782=ORIENTED_EDGE('',*,*,#6147,.T.);
#7783=ORIENTED_EDGE('',*,*,#6148,.T.);
#7784=ORIENTED_EDGE('',*,*,#6149,.T.);
#7785=ORIENTED_EDGE('',*,*,#6150,.T.);
#7786=ORIENTED_EDGE('',*,*,#6151,.T.);
#7787=ORIENTED_EDGE('',*,*,#6152,.T.);
#7788=ORIENTED_EDGE('',*,*,#6153,.T.);
#7789=ORIENTED_EDGE('',*,*,#6154,.T.);
#7790=ORIENTED_EDGE('',*,*,#6155,.T.);
#7791=ORIENTED_EDGE('',*,*,#6156,.T.);
#7792=ORIENTED_EDGE('',*,*,#6157,.T.);
#7793=ORIENTED_EDGE('',*,*,#6158,.T.);
#7794=ORIENTED_EDGE('',*,*,#6159,.T.);
#7795=ORIENTED_EDGE('',*,*,#6160,.T.);
#7796=ORIENTED_EDGE('',*,*,#6161,.T.);
#7797=ORIENTED_EDGE('',*,*,#6162,.T.);
#7798=ORIENTED_EDGE('',*,*,#6163,.T.);
#7799=ORIENTED_EDGE('',*,*,#6164,.T.);
#7800=ORIENTED_EDGE('',*,*,#6165,.T.);
#7801=ORIENTED_EDGE('',*,*,#6166,.T.);
#7802=ORIENTED_EDGE('',*,*,#6167,.T.);
#7803=ORIENTED_EDGE('',*,*,#6168,.T.);
#7804=ORIENTED_EDGE('',*,*,#6169,.T.);
#7805=ORIENTED_EDGE('',*,*,#6170,.T.);
#7806=ORIENTED_EDGE('',*,*,#6171,.T.);
#7807=ORIENTED_EDGE('',*,*,#6172,.T.);
#7808=ORIENTED_EDGE('',*,*,#6173,.T.);
#7809=ORIENTED_EDGE('',*,*,#6174,.T.);
#7810=ORIENTED_EDGE('',*,*,#6175,.T.);
#7811=ORIENTED_EDGE('',*,*,#6176,.T.);
#7812=ORIENTED_EDGE('',*,*,#6177,.T.);
#7813=ORIENTED_EDGE('',*,*,#6178,.T.);
#7814=ORIENTED_EDGE('',*,*,#6179,.T.);
#7815=ORIENTED_EDGE('',*,*,#6180,.T.);
#7816=ORIENTED_EDGE('',*,*,#6181,.T.);
#7817=ORIENTED_EDGE('',*,*,#6182,.T.);
#7818=ORIENTED_EDGE('',*,*,#6183,.T.);
#7819=ORIENTED_EDGE('',*,*,#6184,.T.);
#7820=ORIENTED_EDGE('',*,*,#6185,.T.);
#7821=ORIENTED_EDGE('',*,*,#6186,.T.);
#7822=ORIENTED_EDGE('',*,*,#6187,.T.);
#7823=ORIENTED_EDGE('',*,*,#6188,.T.);
#7824=ORIENTED_EDGE('',*,*,#6189,.T.);
#7825=ORIENTED_EDGE('',*,*,#6190,.T.);
#7826=ORIENTED_EDGE('',*,*,#6191,.T.);
#7827=ORIENTED_EDGE('',*,*,#6192,.T.);
#7828=ORIENTED_EDGE('',*,*,#6193,.T.);
#7829=ORIENTED_EDGE('',*,*,#6194,.T.);
#7830=ORIENTED_EDGE('',*,*,#6195,.T.);
#7831=ORIENTED_EDGE('',*,*,#6196,.T.);
#7832=ORIENTED_EDGE('',*,*,#6197,.T.);
#7833=ORIENTED_EDGE('',*,*,#6198,.T.);
#7834=ORIENTED_EDGE('',*,*,#6199,.T.);
#7835=ORIENTED_EDGE('',*,*,#6200,.T.);
#7836=ORIENTED_EDGE('',*,*,#6201,.T.);
#7837=ORIENTED_EDGE('',*,*,#6202,.T.);
#7838=ORIENTED_EDGE('',*,*,#6203,.T.);
#7839=ORIENTED_EDGE('',*,*,#6204,.T.);
#7840=ORIENTED_EDGE('',*,*,#6205,.T.);
#7841=ORIENTED_EDGE('',*,*,#6206,.T.);
#7842=ORIENTED_EDGE('',*,*,#6207,.T.);
#7843=ORIENTED_EDGE('',*,*,#6208,.T.);
#7844=ORIENTED_EDGE('',*,*,#6209,.T.);
#7845=ORIENTED_EDGE('',*,*,#6210,.T.);
#7846=ORIENTED_EDGE('',*,*,#6211,.T.);
#7847=ORIENTED_EDGE('',*,*,#6212,.T.);
#7848=ORIENTED_EDGE('',*,*,#6213,.T.);
#7849=ORIENTED_EDGE('',*,*,#6214,.T.);
#7850=ORIENTED_EDGE('',*,*,#6215,.T.);
#7851=ORIENTED_EDGE('',*,*,#6216,.T.);
#7852=ORIENTED_EDGE('',*,*,#6217,.T.);
#7853=ORIENTED_EDGE('',*,*,#6218,.T.);
#7854=ORIENTED_EDGE('',*,*,#6219,.T.);
#7855=ORIENTED_EDGE('',*,*,#6220,.T.);
#7856=ORIENTED_EDGE('',*,*,#6221,.T.);
#7857=ORIENTED_EDGE('',*,*,#6222,.T.);
#7858=ORIENTED_EDGE('',*,*,#6223,.T.);
#7859=ORIENTED_EDGE('',*,*,#6224,.T.);
#7860=ORIENTED_EDGE('',*,*,#6225,.T.);
#7861=ORIENTED_EDGE('',*,*,#6226,.T.);
#7862=ORIENTED_EDGE('',*,*,#6227,.T.);
#7863=ORIENTED_EDGE('',*,*,#6228,.T.);
#7864=ORIENTED_EDGE('',*,*,#6229,.T.);
#7865=ORIENTED_EDGE('',*,*,#6230,.T.);
#7866=ORIENTED_EDGE('',*,*,#6231,.T.);
#7867=ORIENTED_EDGE('',*,*,#6232,.T.);
#7868=ORIENTED_EDGE('',*,*,#6233,.T.);
#7869=ORIENTED_EDGE('',*,*,#6234,.T.);
#7870=ORIENTED_EDGE('',*,*,#6235,.T.);
#7871=ORIENTED_EDGE('',*,*,#6236,.T.);
#7872=ORIENTED_EDGE('',*,*,#6237,.T.);
#7873=ORIENTED_EDGE('',*,*,#6238,.T.);
#7874=ORIENTED_EDGE('',*,*,#6239,.T.);
#7875=ORIENTED_EDGE('',*,*,#6240,.T.);
#7876=ORIENTED_EDGE('',*,*,#6241,.T.);
#7877=ORIENTED_EDGE('',*,*,#6242,.T.);
#7878=ORIENTED_EDGE('',*,*,#6243,.T.);
#7879=ORIENTED_EDGE('',*,*,#6244,.T.);
#7880=ORIENTED_EDGE('',*,*,#6245,.T.);
#7881=ORIENTED_EDGE('',*,*,#6246,.T.);
#7882=ORIENTED_EDGE('',*,*,#6247,.T.);
#7883=ORIENTED_EDGE('',*,*,#6248,.T.);
#7884=ORIENTED_EDGE('',*,*,#6249,.T.);
#7885=ORIENTED_EDGE('',*,*,#6250,.T.);
#7886=ORIENTED_EDGE('',*,*,#6251,.T.);
#7887=ORIENTED_EDGE('',*,*,#6252,.T.);
#7888=ORIENTED_EDGE('',*,*,#6253,.T.);
#7889=ORIENTED_EDGE('',*,*,#6254,.T.);
#7890=ORIENTED_EDGE('',*,*,#6255,.T.);
#7891=ORIENTED_EDGE('',*,*,#6256,.T.);
#7892=ORIENTED_EDGE('',*,*,#6257,.T.);
#7893=ORIENTED_EDGE('',*,*,#6258,.T.);
#7894=ORIENTED_EDGE('',*,*,#6259,.T.);
#7895=ORIENTED_EDGE('',*,*,#6260,.T.);
#7896=ORIENTED_EDGE('',*,*,#6261,.T.);
#7897=ORIENTED_EDGE('',*,*,#6262,.T.);
#7898=ORIENTED_EDGE('',*,*,#6263,.T.);
#7899=ORIENTED_EDGE('',*,*,#6264,.T.);
#7900=ORIENTED_EDGE('',*,*,#6265,.T.);
#7901=ORIENTED_EDGE('',*,*,#6266,.T.);
#7902=ORIENTED_EDGE('',*,*,#6267,.T.);
#7903=ORIENTED_EDGE('',*,*,#6268,.T.);
#7904=ORIENTED_EDGE('',*,*,#6269,.T.);
#7905=ORIENTED_EDGE('',*,*,#6270,.T.);
#7906=ORIENTED_EDGE('',*,*,#6271,.T.);
#7907=ORIENTED_EDGE('',*,*,#6272,.T.);
#7908=ORIENTED_EDGE('',*,*,#6273,.T.);
#7909=ORIENTED_EDGE('',*,*,#6274,.T.);
#7910=ORIENTED_EDGE('',*,*,#6275,.T.);
#7911=ORIENTED_EDGE('',*,*,#6276,.T.);
#7912=ORIENTED_EDGE('',*,*,#6277,.T.);
#7913=ORIENTED_EDGE('',*,*,#6278,.T.);
#7914=ORIENTED_EDGE('',*,*,#6279,.T.);
#7915=ORIENTED_EDGE('',*,*,#6280,.T.);
#7916=ORIENTED_EDGE('',*,*,#6281,.T.);
#7917=ORIENTED_EDGE('',*,*,#6282,.T.);
#7918=ORIENTED_EDGE('',*,*,#6283,.T.);
#7919=ORIENTED_EDGE('',*,*,#6284,.T.);
#7920=ORIENTED_EDGE('',*,*,#6285,.T.);
#7921=ORIENTED_EDGE('',*,*,#6286,.T.);
#7922=ORIENTED_EDGE('',*,*,#6287,.T.);
#7923=ORIENTED_EDGE('',*,*,#6288,.T.);
#7924=ORIENTED_EDGE('',*,*,#6289,.T.);
#7925=ORIENTED_EDGE('',*,*,#6290,.T.);
#7926=ORIENTED_EDGE('',*,*,#6291,.T.);
#7927=ORIENTED_EDGE('',*,*,#6292,.T.);
#7928=ORIENTED_EDGE('',*,*,#6293,.T.);
#7929=ORIENTED_EDGE('',*,*,#6294,.T.);
#7930=ORIENTED_EDGE('',*,*,#6295,.T.);
#7931=ORIENTED_EDGE('',*,*,#6296,.T.);
#7932=ORIENTED_EDGE('',*,*,#6297,.T.);
#7933=ORIENTED_EDGE('',*,*,#6298,.T.);
#7934=ORIENTED_EDGE('',*,*,#6299,.T.);
#7935=ORIENTED_EDGE('',*,*,#6300,.T.);
#7936=ORIENTED_EDGE('',*,*,#6301,.T.);
#7937=ORIENTED_EDGE('',*,*,#6302,.T.);
#7938=ORIENTED_EDGE('',*,*,#6303,.T.);
#7939=ORIENTED_EDGE('',*,*,#6304,.T.);
#7940=ORIENTED_EDGE('',*,*,#6305,.T.);
#7941=ORIENTED_EDGE('',*,*,#6306,.T.);
#7942=ORIENTED_EDGE('',*,*,#6307,.T.);
#7943=ORIENTED_EDGE('',*,*,#6308,.T.);
#7944=ORIENTED_EDGE('',*,*,#6309,.T.);
#7945=ORIENTED_EDGE('',*,*,#6310,.T.);
#7946=ORIENTED_EDGE('',*,*,#6311,.T.);
#7947=ORIENTED_EDGE('',*,*,#6312,.T.);
#7948=ORIENTED_EDGE('',*,*,#6313,.T.);
#7949=ORIENTED_EDGE('',*,*,#6314,.T.);
#7950=ORIENTED_EDGE('',*,*,#6315,.T.);
#7951=ORIENTED_EDGE('',*,*,#6316,.T.);
#7952=ORIENTED_EDGE('',*,*,#6317,.T.);
#7953=ORIENTED_EDGE('',*,*,#6318,.T.);
#7954=ORIENTED_EDGE('',*,*,#6319,.T.);
#7955=ORIENTED_EDGE('',*,*,#6320,.T.);
#7956=ORIENTED_EDGE('',*,*,#6321,.T.);
#7957=ORIENTED_EDGE('',*,*,#6322,.T.);
#7958=ORIENTED_EDGE('',*,*,#6323,.T.);
#7959=ORIENTED_EDGE('',*,*,#6324,.T.);
#7960=ORIENTED_EDGE('',*,*,#6325,.T.);
#7961=ORIENTED_EDGE('',*,*,#6326,.T.);
#7962=ORIENTED_EDGE('',*,*,#6327,.T.);
#7963=ORIENTED_EDGE('',*,*,#6328,.T.);
#7964=ORIENTED_EDGE('',*,*,#6329,.T.);
#7965=ORIENTED_EDGE('',*,*,#6330,.T.);
#7966=ORIENTED_EDGE('',*,*,#6331,.T.);
#7967=ORIENTED_EDGE('',*,*,#6332,.T.);
#7968=ORIENTED_EDGE('',*,*,#6333,.T.);
#7969=ORIENTED_EDGE('',*,*,#6334,.T.);
#7970=ORIENTED_EDGE('',*,*,#6335,.T.);
#7971=ORIENTED_EDGE('',*,*,#6336,.T.);
#7972=ORIENTED_EDGE('',*,*,#6337,.T.);
#7973=ORIENTED_EDGE('',*,*,#6338,.T.);
#7974=ORIENTED_EDGE('',*,*,#6339,.T.);
#7975=ORIENTED_EDGE('',*,*,#6340,.T.);
#7976=ORIENTED_EDGE('',*,*,#6341,.T.);
#7977=ORIENTED_EDGE('',*,*,#6342,.T.);
#7978=ORIENTED_EDGE('',*,*,#6343,.T.);
#7979=ORIENTED_EDGE('',*,*,#6344,.T.);
#7980=ORIENTED_EDGE('',*,*,#6345,.T.);
#7981=ORIENTED_EDGE('',*,*,#6346,.T.);
#7982=ORIENTED_EDGE('',*,*,#6347,.T.);
#7983=ORIENTED_EDGE('',*,*,#6348,.T.);
#7984=ORIENTED_EDGE('',*,*,#6349,.T.);
#7985=ORIENTED_EDGE('',*,*,#6350,.T.);
#7986=ORIENTED_EDGE('',*,*,#6351,.T.);
#7987=ORIENTED_EDGE('',*,*,#6352,.T.);
#7988=ORIENTED_EDGE('',*,*,#6353,.T.);
#7989=ORIENTED_EDGE('',*,*,#6354,.T.);
#7990=ORIENTED_EDGE('',*,*,#6355,.T.);
#7991=ORIENTED_EDGE('',*,*,#6356,.T.);
#7992=ORIENTED_EDGE('',*,*,#6357,.T.);
#7993=ORIENTED_EDGE('',*,*,#6358,.T.);
#7994=ORIENTED_EDGE('',*,*,#6359,.T.);
#7995=ORIENTED_EDGE('',*,*,#6360,.T.);
#7996=ORIENTED_EDGE('',*,*,#6361,.T.);
#7997=ORIENTED_EDGE('',*,*,#6362,.T.);
#7998=ORIENTED_EDGE('',*,*,#6363,.T.);
#7999=ORIENTED_EDGE('',*,*,#6364,.T.);
#8000=ORIENTED_EDGE('',*,*,#6365,.T.);
#8001=ORIENTED_EDGE('',*,*,#6366,.T.);
#8002=ORIENTED_EDGE('',*,*,#6367,.T.);
#8003=ORIENTED_EDGE('',*,*,#6368,.T.);
#8004=ORIENTED_EDGE('',*,*,#6369,.T.);
#8005=ORIENTED_EDGE('',*,*,#6370,.T.);
#8006=ORIENTED_EDGE('',*,*,#6371,.T.);
#8007=ORIENTED_EDGE('',*,*,#6372,.T.);
#8008=ORIENTED_EDGE('',*,*,#6373,.T.);
#8009=ORIENTED_EDGE('',*,*,#6374,.T.);
#8010=ORIENTED_EDGE('',*,*,#6375,.T.);
#8011=ORIENTED_EDGE('',*,*,#6376,.T.);
#8012=ORIENTED_EDGE('',*,*,#6377,.T.);
#8013=ORIENTED_EDGE('',*,*,#6378,.T.);
#8014=ORIENTED_EDGE('',*,*,#6379,.T.);
#8015=ORIENTED_EDGE('',*,*,#6380,.T.);
#8016=ORIENTED_EDGE('',*,*,#6381,.T.);
#8017=ORIENTED_EDGE('',*,*,#6382,.T.);
#8018=ORIENTED_EDGE('',*,*,#6383,.T.);
#8019=ORIENTED_EDGE('',*,*,#6384,.T.);
#8020=ORIENTED_EDGE('',*,*,#6385,.T.);
#8021=ORIENTED_EDGE('',*,*,#6386,.T.);
#8022=ORIENTED_EDGE('',*,*,#6387,.T.);
#8023=ORIENTED_EDGE('',*,*,#6388,.T.);
#8024=ORIENTED_EDGE('',*,*,#6389,.T.);
#8025=ORIENTED_EDGE('',*,*,#6390,.T.);
#8026=ORIENTED_EDGE('',*,*,#6391,.T.);
#8027=ORIENTED_EDGE('',*,*,#6392,.T.);
#8028=ORIENTED_EDGE('',*,*,#6393,.T.);
#8029=ORIENTED_EDGE('',*,*,#6394,.T.);
#8030=ORIENTED_EDGE('',*,*,#6395,.T.);
#8031=ORIENTED_EDGE('',*,*,#6396,.T.);
#8032=ORIENTED_EDGE('',*,*,#6397,.T.);
#8033=ORIENTED_EDGE('',*,*,#6398,.T.);
#8034=ORIENTED_EDGE('',*,*,#6399,.T.);
#8035=ORIENTED_EDGE('',*,*,#6400,.T.);
#8036=ORIENTED_EDGE('',*,*,#6401,.T.);
#8037=ORIENTED_EDGE('',*,*,#6402,.T.);
#8038=ORIENTED_EDGE('',*,*,#6403,.T.);
#8039=ORIENTED_EDGE('',*,*,#6404,.T.);
#8040=ORIENTED_EDGE('',*,*,#6405,.T.);
#8041=ORIENTED_EDGE('',*,*,#6406,.T.);
#8042=ORIENTED_EDGE('',*,*,#6407,.T.);
#8043=ORIENTED_EDGE('',*,*,#6408,.T.);
#8044=ORIENTED_EDGE('',*,*,#6409,.T.);
#8045=ORIENTED_EDGE('',*,*,#6410,.F.);
#8046=ORIENTED_EDGE('',*,*,#6411,.T.);
#8047=ORIENTED_EDGE('',*,*,#6412,.T.);
#8048=ORIENTED_EDGE('',*,*,#6413,.F.);
#8049=ORIENTED_EDGE('',*,*,#6414,.T.);
#8050=ORIENTED_EDGE('',*,*,#6415,.F.);
#8051=ORIENTED_EDGE('',*,*,#6416,.T.);
#8052=ORIENTED_EDGE('',*,*,#6417,.T.);
#8053=ORIENTED_EDGE('',*,*,#6418,.F.);
#8054=ORIENTED_EDGE('',*,*,#6419,.T.);
#8055=ORIENTED_EDGE('',*,*,#6420,.F.);
#8056=ORIENTED_EDGE('',*,*,#6421,.T.);
#8057=ORIENTED_EDGE('',*,*,#6422,.T.);
#8058=ORIENTED_EDGE('',*,*,#6423,.F.);
#8059=ORIENTED_EDGE('',*,*,#6424,.T.);
#8060=ORIENTED_EDGE('',*,*,#6425,.F.);
#8061=ORIENTED_EDGE('',*,*,#6426,.T.);
#8062=ORIENTED_EDGE('',*,*,#6427,.T.);
#8063=ORIENTED_EDGE('',*,*,#6428,.F.);
#8064=ORIENTED_EDGE('',*,*,#6429,.T.);
#8065=ORIENTED_EDGE('',*,*,#6430,.F.);
#8066=ORIENTED_EDGE('',*,*,#6431,.T.);
#8067=ORIENTED_EDGE('',*,*,#6432,.T.);
#8068=ORIENTED_EDGE('',*,*,#6433,.F.);
#8069=ORIENTED_EDGE('',*,*,#6434,.T.);
#8070=ORIENTED_EDGE('',*,*,#6435,.F.);
#8071=ORIENTED_EDGE('',*,*,#6436,.T.);
#8072=ORIENTED_EDGE('',*,*,#6437,.T.);
#8073=ORIENTED_EDGE('',*,*,#6438,.F.);
#8074=ORIENTED_EDGE('',*,*,#5885,.T.);
#8075=ORIENTED_EDGE('',*,*,#5881,.F.);
#8076=ORIENTED_EDGE('',*,*,#6439,.T.);
#8077=ORIENTED_EDGE('',*,*,#6440,.T.);
#8078=ORIENTED_EDGE('',*,*,#5907,.F.);
#8079=ORIENTED_EDGE('',*,*,#5911,.T.);
#8080=ORIENTED_EDGE('',*,*,#5914,.F.);
#8081=ORIENTED_EDGE('',*,*,#5917,.T.);
#8082=ORIENTED_EDGE('',*,*,#6441,.T.);
#8083=ORIENTED_EDGE('',*,*,#5889,.F.);
#8084=ORIENTED_EDGE('',*,*,#6442,.F.);
#8085=ORIENTED_EDGE('',*,*,#6443,.T.);
#8086=ORIENTED_EDGE('',*,*,#6444,.F.);
#8087=ORIENTED_EDGE('',*,*,#6445,.T.);
#8088=ORIENTED_EDGE('',*,*,#6446,.T.);
#8089=ORIENTED_EDGE('',*,*,#6447,.T.);
#8090=ORIENTED_EDGE('',*,*,#6448,.T.);
#8091=ORIENTED_EDGE('',*,*,#6449,.T.);
#8092=ORIENTED_EDGE('',*,*,#6450,.T.);
#8093=ORIENTED_EDGE('',*,*,#6451,.T.);
#8094=ORIENTED_EDGE('',*,*,#6452,.T.);
#8095=ORIENTED_EDGE('',*,*,#6453,.T.);
#8096=ORIENTED_EDGE('',*,*,#6454,.T.);
#8097=ORIENTED_EDGE('',*,*,#6455,.T.);
#8098=ORIENTED_EDGE('',*,*,#6456,.T.);
#8099=ORIENTED_EDGE('',*,*,#6457,.T.);
#8100=ORIENTED_EDGE('',*,*,#6458,.T.);
#8101=ORIENTED_EDGE('',*,*,#6459,.T.);
#8102=ORIENTED_EDGE('',*,*,#6460,.T.);
#8103=ORIENTED_EDGE('',*,*,#6461,.T.);
#8104=ORIENTED_EDGE('',*,*,#6462,.T.);
#8105=ORIENTED_EDGE('',*,*,#6463,.T.);
#8106=ORIENTED_EDGE('',*,*,#6464,.T.);
#8107=ORIENTED_EDGE('',*,*,#6465,.T.);
#8108=ORIENTED_EDGE('',*,*,#6466,.T.);
#8109=ORIENTED_EDGE('',*,*,#6467,.T.);
#8110=ORIENTED_EDGE('',*,*,#6468,.T.);
#8111=ORIENTED_EDGE('',*,*,#6469,.T.);
#8112=ORIENTED_EDGE('',*,*,#6470,.T.);
#8113=ORIENTED_EDGE('',*,*,#6471,.T.);
#8114=ORIENTED_EDGE('',*,*,#6472,.T.);
#8115=ORIENTED_EDGE('',*,*,#6473,.T.);
#8116=ORIENTED_EDGE('',*,*,#6474,.T.);
#8117=ORIENTED_EDGE('',*,*,#6475,.T.);
#8118=ORIENTED_EDGE('',*,*,#6476,.T.);
#8119=ORIENTED_EDGE('',*,*,#6477,.T.);
#8120=ORIENTED_EDGE('',*,*,#6478,.T.);
#8121=ORIENTED_EDGE('',*,*,#6479,.T.);
#8122=ORIENTED_EDGE('',*,*,#6480,.T.);
#8123=ORIENTED_EDGE('',*,*,#6481,.T.);
#8124=ORIENTED_EDGE('',*,*,#6482,.T.);
#8125=ORIENTED_EDGE('',*,*,#6483,.T.);
#8126=ORIENTED_EDGE('',*,*,#6484,.T.);
#8127=ORIENTED_EDGE('',*,*,#6485,.T.);
#8128=ORIENTED_EDGE('',*,*,#6486,.T.);
#8129=ORIENTED_EDGE('',*,*,#6487,.T.);
#8130=ORIENTED_EDGE('',*,*,#6488,.F.);
#8131=ORIENTED_EDGE('',*,*,#6489,.F.);
#8132=ORIENTED_EDGE('',*,*,#6490,.F.);
#8133=ORIENTED_EDGE('',*,*,#6491,.F.);
#8134=ORIENTED_EDGE('',*,*,#6492,.F.);
#8135=ORIENTED_EDGE('',*,*,#6493,.T.);
#8136=ORIENTED_EDGE('',*,*,#6494,.F.);
#8137=ORIENTED_EDGE('',*,*,#6495,.T.);
#8138=ORIENTED_EDGE('',*,*,#6496,.F.);
#8139=ORIENTED_EDGE('',*,*,#6497,.T.);
#8140=ORIENTED_EDGE('',*,*,#6498,.F.);
#8141=ORIENTED_EDGE('',*,*,#6499,.T.);
#8142=ORIENTED_EDGE('',*,*,#6500,.F.);
#8143=ORIENTED_EDGE('',*,*,#6501,.F.);
#8144=ORIENTED_EDGE('',*,*,#6502,.F.);
#8145=ORIENTED_EDGE('',*,*,#6503,.F.);
#8146=ORIENTED_EDGE('',*,*,#6504,.F.);
#8147=ORIENTED_EDGE('',*,*,#6505,.T.);
#8148=ORIENTED_EDGE('',*,*,#6506,.F.);
#8149=ORIENTED_EDGE('',*,*,#6507,.T.);
#8150=ORIENTED_EDGE('',*,*,#6508,.F.);
#8151=ORIENTED_EDGE('',*,*,#6509,.T.);
#8152=ORIENTED_EDGE('',*,*,#6510,.F.);
#8153=ORIENTED_EDGE('',*,*,#6511,.T.);
#8154=ORIENTED_EDGE('',*,*,#6512,.T.);
#8155=ORIENTED_EDGE('',*,*,#6513,.T.);
#8156=ORIENTED_EDGE('',*,*,#6514,.T.);
#8157=ORIENTED_EDGE('',*,*,#6515,.T.);
#8158=ORIENTED_EDGE('',*,*,#6516,.T.);
#8159=ORIENTED_EDGE('',*,*,#6517,.T.);
#8160=ORIENTED_EDGE('',*,*,#6518,.T.);
#8161=ORIENTED_EDGE('',*,*,#6519,.T.);
#8162=ORIENTED_EDGE('',*,*,#6520,.T.);
#8163=ORIENTED_EDGE('',*,*,#6521,.T.);
#8164=ORIENTED_EDGE('',*,*,#6522,.T.);
#8165=ORIENTED_EDGE('',*,*,#6523,.T.);
#8166=ORIENTED_EDGE('',*,*,#6524,.T.);
#8167=ORIENTED_EDGE('',*,*,#6525,.T.);
#8168=ORIENTED_EDGE('',*,*,#6526,.T.);
#8169=ORIENTED_EDGE('',*,*,#6527,.T.);
#8170=ORIENTED_EDGE('',*,*,#6528,.T.);
#8171=ORIENTED_EDGE('',*,*,#6529,.T.);
#8172=ORIENTED_EDGE('',*,*,#6530,.T.);
#8173=ORIENTED_EDGE('',*,*,#6531,.T.);
#8174=ORIENTED_EDGE('',*,*,#6532,.T.);
#8175=ORIENTED_EDGE('',*,*,#6533,.T.);
#8176=ORIENTED_EDGE('',*,*,#6534,.T.);
#8177=ORIENTED_EDGE('',*,*,#6535,.T.);
#8178=ORIENTED_EDGE('',*,*,#6536,.T.);
#8179=ORIENTED_EDGE('',*,*,#6537,.T.);
#8180=ORIENTED_EDGE('',*,*,#6538,.T.);
#8181=ORIENTED_EDGE('',*,*,#6539,.T.);
#8182=ORIENTED_EDGE('',*,*,#6540,.T.);
#8183=ORIENTED_EDGE('',*,*,#6541,.T.);
#8184=ORIENTED_EDGE('',*,*,#6542,.T.);
#8185=ORIENTED_EDGE('',*,*,#6543,.T.);
#8186=ORIENTED_EDGE('',*,*,#6544,.T.);
#8187=ORIENTED_EDGE('',*,*,#6545,.T.);
#8188=ORIENTED_EDGE('',*,*,#6546,.T.);
#8189=ORIENTED_EDGE('',*,*,#6547,.T.);
#8190=ORIENTED_EDGE('',*,*,#6548,.T.);
#8191=ORIENTED_EDGE('',*,*,#6549,.T.);
#8192=ORIENTED_EDGE('',*,*,#6550,.T.);
#8193=ORIENTED_EDGE('',*,*,#5895,.T.);
#8194=ORIENTED_EDGE('',*,*,#5891,.F.);
#8195=ORIENTED_EDGE('',*,*,#6551,.F.);
#8196=ORIENTED_EDGE('',*,*,#6552,.F.);
#8197=ORIENTED_EDGE('',*,*,#5872,.F.);
#8198=ORIENTED_EDGE('',*,*,#5868,.F.);
#8199=ORIENTED_EDGE('',*,*,#5880,.F.);
#8200=ORIENTED_EDGE('',*,*,#5875,.F.);
#8201=ORIENTED_EDGE('',*,*,#6553,.T.);
#8202=ORIENTED_EDGE('',*,*,#6554,.F.);
#8203=ORIENTED_EDGE('',*,*,#5902,.T.);
#8204=ORIENTED_EDGE('',*,*,#5898,.F.);
#8205=ORIENTED_EDGE('',*,*,#6555,.T.);
#8206=ORIENTED_EDGE('',*,*,#6556,.F.);
#8207=ORIENTED_EDGE('',*,*,#6557,.F.);
#8208=ORIENTED_EDGE('',*,*,#6558,.F.);
#8209=ORIENTED_EDGE('',*,*,#6559,.F.);
#8210=ORIENTED_EDGE('',*,*,#6560,.F.);
#8211=ORIENTED_EDGE('',*,*,#6561,.F.);
#8212=ORIENTED_EDGE('',*,*,#6562,.F.);
#8213=ORIENTED_EDGE('',*,*,#6563,.T.);
#8214=ORIENTED_EDGE('',*,*,#6564,.F.);
#8215=ORIENTED_EDGE('',*,*,#6565,.T.);
#8216=ORIENTED_EDGE('',*,*,#6566,.F.);
#8217=ORIENTED_EDGE('',*,*,#6567,.T.);
#8218=ORIENTED_EDGE('',*,*,#6568,.F.);
#8219=ORIENTED_EDGE('',*,*,#6569,.F.);
#8220=ORIENTED_EDGE('',*,*,#5915,.F.);
#8221=ORIENTED_EDGE('',*,*,#5912,.F.);
#8222=ORIENTED_EDGE('',*,*,#5909,.F.);
#8223=ORIENTED_EDGE('',*,*,#5905,.F.);
#8224=ORIENTED_EDGE('',*,*,#6570,.F.);
#8225=ORIENTED_EDGE('',*,*,#6571,.F.);
#8226=ORIENTED_EDGE('',*,*,#5883,.F.);
#8227=ORIENTED_EDGE('',*,*,#5887,.F.);
#8228=ORIENTED_EDGE('',*,*,#5888,.F.);
#8229=ORIENTED_EDGE('',*,*,#6572,.F.);
#8230=ORIENTED_EDGE('',*,*,#6573,.F.);
#8231=ORIENTED_EDGE('',*,*,#6574,.F.);
#8232=ORIENTED_EDGE('',*,*,#6575,.F.);
#8233=ORIENTED_EDGE('',*,*,#6576,.F.);
#8234=ORIENTED_EDGE('',*,*,#6577,.F.);
#8235=ORIENTED_EDGE('',*,*,#6578,.F.);
#8236=ORIENTED_EDGE('',*,*,#6579,.F.);
#8237=ORIENTED_EDGE('',*,*,#6580,.F.);
#8238=ORIENTED_EDGE('',*,*,#6581,.F.);
#8239=ORIENTED_EDGE('',*,*,#6582,.F.);
#8240=ORIENTED_EDGE('',*,*,#6583,.F.);
#8241=ORIENTED_EDGE('',*,*,#6584,.F.);
#8242=ORIENTED_EDGE('',*,*,#6585,.F.);
#8243=ORIENTED_EDGE('',*,*,#6586,.F.);
#8244=ORIENTED_EDGE('',*,*,#6587,.F.);
#8245=ORIENTED_EDGE('',*,*,#6588,.F.);
#8246=ORIENTED_EDGE('',*,*,#6589,.F.);
#8247=ORIENTED_EDGE('',*,*,#6590,.F.);
#8248=ORIENTED_EDGE('',*,*,#6591,.F.);
#8249=ORIENTED_EDGE('',*,*,#6592,.F.);
#8250=ORIENTED_EDGE('',*,*,#6593,.F.);
#8251=ORIENTED_EDGE('',*,*,#6594,.F.);
#8252=ORIENTED_EDGE('',*,*,#6595,.F.);
#8253=ORIENTED_EDGE('',*,*,#6596,.F.);
#8254=ORIENTED_EDGE('',*,*,#6597,.F.);
#8255=ORIENTED_EDGE('',*,*,#6598,.F.);
#8256=ORIENTED_EDGE('',*,*,#6599,.F.);
#8257=ORIENTED_EDGE('',*,*,#6600,.F.);
#8258=ORIENTED_EDGE('',*,*,#6601,.F.);
#8259=ORIENTED_EDGE('',*,*,#6602,.F.);
#8260=ORIENTED_EDGE('',*,*,#6603,.F.);
#8261=ORIENTED_EDGE('',*,*,#6604,.F.);
#8262=ORIENTED_EDGE('',*,*,#6605,.F.);
#8263=ORIENTED_EDGE('',*,*,#6606,.F.);
#8264=ORIENTED_EDGE('',*,*,#6607,.F.);
#8265=ORIENTED_EDGE('',*,*,#6608,.F.);
#8266=ORIENTED_EDGE('',*,*,#6609,.F.);
#8267=ORIENTED_EDGE('',*,*,#6610,.F.);
#8268=ORIENTED_EDGE('',*,*,#6611,.F.);
#8269=ORIENTED_EDGE('',*,*,#6612,.F.);
#8270=ORIENTED_EDGE('',*,*,#6613,.F.);
#8271=ORIENTED_EDGE('',*,*,#6614,.F.);
#8272=ORIENTED_EDGE('',*,*,#6615,.F.);
#8273=ORIENTED_EDGE('',*,*,#6616,.F.);
#8274=ORIENTED_EDGE('',*,*,#6617,.F.);
#8275=ORIENTED_EDGE('',*,*,#6618,.F.);
#8276=ORIENTED_EDGE('',*,*,#6619,.F.);
#8277=ORIENTED_EDGE('',*,*,#6620,.F.);
#8278=ORIENTED_EDGE('',*,*,#6621,.F.);
#8279=ORIENTED_EDGE('',*,*,#6622,.F.);
#8280=ORIENTED_EDGE('',*,*,#6623,.F.);
#8281=ORIENTED_EDGE('',*,*,#6624,.F.);
#8282=ORIENTED_EDGE('',*,*,#6625,.F.);
#8283=ORIENTED_EDGE('',*,*,#6626,.F.);
#8284=ORIENTED_EDGE('',*,*,#6627,.F.);
#8285=ORIENTED_EDGE('',*,*,#6628,.F.);
#8286=ORIENTED_EDGE('',*,*,#6629,.F.);
#8287=ORIENTED_EDGE('',*,*,#6630,.F.);
#8288=ORIENTED_EDGE('',*,*,#6631,.F.);
#8289=ORIENTED_EDGE('',*,*,#6632,.F.);
#8290=ORIENTED_EDGE('',*,*,#6633,.F.);
#8291=ORIENTED_EDGE('',*,*,#6634,.F.);
#8292=ORIENTED_EDGE('',*,*,#6635,.F.);
#8293=ORIENTED_EDGE('',*,*,#6636,.F.);
#8294=ORIENTED_EDGE('',*,*,#6637,.F.);
#8295=ORIENTED_EDGE('',*,*,#6638,.F.);
#8296=ORIENTED_EDGE('',*,*,#6639,.F.);
#8297=ORIENTED_EDGE('',*,*,#6640,.F.);
#8298=ORIENTED_EDGE('',*,*,#6641,.F.);
#8299=ORIENTED_EDGE('',*,*,#6642,.F.);
#8300=ORIENTED_EDGE('',*,*,#6643,.F.);
#8301=ORIENTED_EDGE('',*,*,#6644,.F.);
#8302=ORIENTED_EDGE('',*,*,#6645,.F.);
#8303=ORIENTED_EDGE('',*,*,#6646,.F.);
#8304=ORIENTED_EDGE('',*,*,#6647,.F.);
#8305=ORIENTED_EDGE('',*,*,#6648,.F.);
#8306=ORIENTED_EDGE('',*,*,#6649,.F.);
#8307=ORIENTED_EDGE('',*,*,#6650,.F.);
#8308=ORIENTED_EDGE('',*,*,#6651,.F.);
#8309=ORIENTED_EDGE('',*,*,#6652,.F.);
#8310=ORIENTED_EDGE('',*,*,#6653,.F.);
#8311=ORIENTED_EDGE('',*,*,#6654,.F.);
#8312=ORIENTED_EDGE('',*,*,#6655,.F.);
#8313=ORIENTED_EDGE('',*,*,#6656,.F.);
#8314=ORIENTED_EDGE('',*,*,#6657,.F.);
#8315=ORIENTED_EDGE('',*,*,#6658,.F.);
#8316=ORIENTED_EDGE('',*,*,#6659,.F.);
#8317=ORIENTED_EDGE('',*,*,#6660,.F.);
#8318=ORIENTED_EDGE('',*,*,#6661,.F.);
#8319=ORIENTED_EDGE('',*,*,#6662,.F.);
#8320=ORIENTED_EDGE('',*,*,#6663,.F.);
#8321=ORIENTED_EDGE('',*,*,#6664,.F.);
#8322=ORIENTED_EDGE('',*,*,#6665,.F.);
#8323=ORIENTED_EDGE('',*,*,#6666,.F.);
#8324=ORIENTED_EDGE('',*,*,#6667,.F.);
#8325=ORIENTED_EDGE('',*,*,#6668,.F.);
#8326=ORIENTED_EDGE('',*,*,#6669,.F.);
#8327=ORIENTED_EDGE('',*,*,#6670,.F.);
#8328=ORIENTED_EDGE('',*,*,#6671,.F.);
#8329=ORIENTED_EDGE('',*,*,#6672,.F.);
#8330=ORIENTED_EDGE('',*,*,#6673,.F.);
#8331=ORIENTED_EDGE('',*,*,#6674,.F.);
#8332=ORIENTED_EDGE('',*,*,#6675,.F.);
#8333=ORIENTED_EDGE('',*,*,#6676,.F.);
#8334=ORIENTED_EDGE('',*,*,#6677,.F.);
#8335=ORIENTED_EDGE('',*,*,#6678,.F.);
#8336=ORIENTED_EDGE('',*,*,#6679,.F.);
#8337=ORIENTED_EDGE('',*,*,#6680,.F.);
#8338=ORIENTED_EDGE('',*,*,#6681,.F.);
#8339=ORIENTED_EDGE('',*,*,#6682,.F.);
#8340=ORIENTED_EDGE('',*,*,#6683,.F.);
#8341=ORIENTED_EDGE('',*,*,#6684,.F.);
#8342=ORIENTED_EDGE('',*,*,#6685,.F.);
#8343=ORIENTED_EDGE('',*,*,#6686,.F.);
#8344=ORIENTED_EDGE('',*,*,#6687,.F.);
#8345=ORIENTED_EDGE('',*,*,#6688,.F.);
#8346=ORIENTED_EDGE('',*,*,#6689,.F.);
#8347=ORIENTED_EDGE('',*,*,#6690,.F.);
#8348=ORIENTED_EDGE('',*,*,#6691,.F.);
#8349=ORIENTED_EDGE('',*,*,#6692,.F.);
#8350=ORIENTED_EDGE('',*,*,#6693,.F.);
#8351=ORIENTED_EDGE('',*,*,#6694,.F.);
#8352=ORIENTED_EDGE('',*,*,#6695,.F.);
#8353=ORIENTED_EDGE('',*,*,#6696,.F.);
#8354=ORIENTED_EDGE('',*,*,#6697,.F.);
#8355=ORIENTED_EDGE('',*,*,#6698,.F.);
#8356=ORIENTED_EDGE('',*,*,#6699,.F.);
#8357=ORIENTED_EDGE('',*,*,#6700,.F.);
#8358=ORIENTED_EDGE('',*,*,#6701,.F.);
#8359=ORIENTED_EDGE('',*,*,#6702,.F.);
#8360=ORIENTED_EDGE('',*,*,#6703,.F.);
#8361=ORIENTED_EDGE('',*,*,#6704,.F.);
#8362=ORIENTED_EDGE('',*,*,#6705,.F.);
#8363=ORIENTED_EDGE('',*,*,#6706,.F.);
#8364=ORIENTED_EDGE('',*,*,#6707,.F.);
#8365=ORIENTED_EDGE('',*,*,#6708,.F.);
#8366=ORIENTED_EDGE('',*,*,#6709,.F.);
#8367=ORIENTED_EDGE('',*,*,#6710,.F.);
#8368=ORIENTED_EDGE('',*,*,#6711,.F.);
#8369=ORIENTED_EDGE('',*,*,#6712,.F.);
#8370=ORIENTED_EDGE('',*,*,#6713,.F.);
#8371=ORIENTED_EDGE('',*,*,#6714,.F.);
#8372=ORIENTED_EDGE('',*,*,#6715,.F.);
#8373=ORIENTED_EDGE('',*,*,#6716,.F.);
#8374=ORIENTED_EDGE('',*,*,#6717,.F.);
#8375=ORIENTED_EDGE('',*,*,#6718,.F.);
#8376=ORIENTED_EDGE('',*,*,#6719,.F.);
#8377=ORIENTED_EDGE('',*,*,#6720,.F.);
#8378=ORIENTED_EDGE('',*,*,#6721,.F.);
#8379=ORIENTED_EDGE('',*,*,#6722,.F.);
#8380=ORIENTED_EDGE('',*,*,#6723,.F.);
#8381=ORIENTED_EDGE('',*,*,#6724,.F.);
#8382=ORIENTED_EDGE('',*,*,#6725,.F.);
#8383=ORIENTED_EDGE('',*,*,#6726,.F.);
#8384=ORIENTED_EDGE('',*,*,#6727,.F.);
#8385=ORIENTED_EDGE('',*,*,#6728,.F.);
#8386=ORIENTED_EDGE('',*,*,#6729,.F.);
#8387=ORIENTED_EDGE('',*,*,#6730,.F.);
#8388=ORIENTED_EDGE('',*,*,#6731,.F.);
#8389=ORIENTED_EDGE('',*,*,#6732,.F.);
#8390=ORIENTED_EDGE('',*,*,#6733,.F.);
#8391=ORIENTED_EDGE('',*,*,#6734,.F.);
#8392=ORIENTED_EDGE('',*,*,#6735,.F.);
#8393=ORIENTED_EDGE('',*,*,#6736,.F.);
#8394=ORIENTED_EDGE('',*,*,#6737,.F.);
#8395=ORIENTED_EDGE('',*,*,#6738,.F.);
#8396=ORIENTED_EDGE('',*,*,#6739,.F.);
#8397=ORIENTED_EDGE('',*,*,#6740,.F.);
#8398=ORIENTED_EDGE('',*,*,#6741,.F.);
#8399=ORIENTED_EDGE('',*,*,#6742,.F.);
#8400=ORIENTED_EDGE('',*,*,#6743,.F.);
#8401=ORIENTED_EDGE('',*,*,#6744,.F.);
#8402=ORIENTED_EDGE('',*,*,#6745,.F.);
#8403=ORIENTED_EDGE('',*,*,#6746,.F.);
#8404=ORIENTED_EDGE('',*,*,#6747,.F.);
#8405=ORIENTED_EDGE('',*,*,#6748,.F.);
#8406=ORIENTED_EDGE('',*,*,#6749,.F.);
#8407=ORIENTED_EDGE('',*,*,#6750,.F.);
#8408=ORIENTED_EDGE('',*,*,#6751,.F.);
#8409=ORIENTED_EDGE('',*,*,#6752,.F.);
#8410=ORIENTED_EDGE('',*,*,#6753,.F.);
#8411=ORIENTED_EDGE('',*,*,#6754,.F.);
#8412=ORIENTED_EDGE('',*,*,#6755,.F.);
#8413=ORIENTED_EDGE('',*,*,#6756,.F.);
#8414=ORIENTED_EDGE('',*,*,#6757,.F.);
#8415=ORIENTED_EDGE('',*,*,#6758,.F.);
#8416=ORIENTED_EDGE('',*,*,#6759,.F.);
#8417=ORIENTED_EDGE('',*,*,#6760,.F.);
#8418=ORIENTED_EDGE('',*,*,#6761,.F.);
#8419=ORIENTED_EDGE('',*,*,#6762,.F.);
#8420=ORIENTED_EDGE('',*,*,#6763,.F.);
#8421=ORIENTED_EDGE('',*,*,#6764,.F.);
#8422=ORIENTED_EDGE('',*,*,#6765,.F.);
#8423=ORIENTED_EDGE('',*,*,#6766,.F.);
#8424=ORIENTED_EDGE('',*,*,#6767,.F.);
#8425=ORIENTED_EDGE('',*,*,#6768,.F.);
#8426=ORIENTED_EDGE('',*,*,#6769,.F.);
#8427=ORIENTED_EDGE('',*,*,#6770,.F.);
#8428=ORIENTED_EDGE('',*,*,#6771,.F.);
#8429=ORIENTED_EDGE('',*,*,#6772,.F.);
#8430=ORIENTED_EDGE('',*,*,#6773,.F.);
#8431=ORIENTED_EDGE('',*,*,#6774,.F.);
#8432=ORIENTED_EDGE('',*,*,#6775,.F.);
#8433=ORIENTED_EDGE('',*,*,#6776,.F.);
#8434=ORIENTED_EDGE('',*,*,#6777,.F.);
#8435=ORIENTED_EDGE('',*,*,#6778,.F.);
#8436=ORIENTED_EDGE('',*,*,#6779,.F.);
#8437=ORIENTED_EDGE('',*,*,#6780,.F.);
#8438=ORIENTED_EDGE('',*,*,#6781,.F.);
#8439=ORIENTED_EDGE('',*,*,#6782,.F.);
#8440=ORIENTED_EDGE('',*,*,#6783,.F.);
#8441=ORIENTED_EDGE('',*,*,#6784,.F.);
#8442=ORIENTED_EDGE('',*,*,#6785,.F.);
#8443=ORIENTED_EDGE('',*,*,#6786,.F.);
#8444=ORIENTED_EDGE('',*,*,#6787,.F.);
#8445=ORIENTED_EDGE('',*,*,#6788,.F.);
#8446=ORIENTED_EDGE('',*,*,#6789,.F.);
#8447=ORIENTED_EDGE('',*,*,#6790,.F.);
#8448=ORIENTED_EDGE('',*,*,#6791,.F.);
#8449=ORIENTED_EDGE('',*,*,#6792,.F.);
#8450=ORIENTED_EDGE('',*,*,#6793,.F.);
#8451=ORIENTED_EDGE('',*,*,#6794,.F.);
#8452=ORIENTED_EDGE('',*,*,#6795,.F.);
#8453=ORIENTED_EDGE('',*,*,#6796,.F.);
#8454=ORIENTED_EDGE('',*,*,#6797,.F.);
#8455=ORIENTED_EDGE('',*,*,#6798,.F.);
#8456=ORIENTED_EDGE('',*,*,#6799,.F.);
#8457=ORIENTED_EDGE('',*,*,#6800,.F.);
#8458=ORIENTED_EDGE('',*,*,#6801,.F.);
#8459=ORIENTED_EDGE('',*,*,#6802,.F.);
#8460=ORIENTED_EDGE('',*,*,#6803,.F.);
#8461=ORIENTED_EDGE('',*,*,#6804,.F.);
#8462=ORIENTED_EDGE('',*,*,#6805,.F.);
#8463=ORIENTED_EDGE('',*,*,#6806,.F.);
#8464=ORIENTED_EDGE('',*,*,#6807,.F.);
#8465=ORIENTED_EDGE('',*,*,#6808,.F.);
#8466=ORIENTED_EDGE('',*,*,#6809,.F.);
#8467=ORIENTED_EDGE('',*,*,#6810,.F.);
#8468=ORIENTED_EDGE('',*,*,#6811,.F.);
#8469=ORIENTED_EDGE('',*,*,#6812,.F.);
#8470=ORIENTED_EDGE('',*,*,#6813,.F.);
#8471=ORIENTED_EDGE('',*,*,#6814,.F.);
#8472=ORIENTED_EDGE('',*,*,#6815,.F.);
#8473=ORIENTED_EDGE('',*,*,#6816,.F.);
#8474=ORIENTED_EDGE('',*,*,#6817,.F.);
#8475=ORIENTED_EDGE('',*,*,#6818,.F.);
#8476=ORIENTED_EDGE('',*,*,#6819,.F.);
#8477=ORIENTED_EDGE('',*,*,#6820,.F.);
#8478=ORIENTED_EDGE('',*,*,#6821,.F.);
#8479=ORIENTED_EDGE('',*,*,#6822,.F.);
#8480=ORIENTED_EDGE('',*,*,#6823,.F.);
#8481=ORIENTED_EDGE('',*,*,#6824,.F.);
#8482=ORIENTED_EDGE('',*,*,#6825,.F.);
#8483=ORIENTED_EDGE('',*,*,#6826,.F.);
#8484=ORIENTED_EDGE('',*,*,#6827,.F.);
#8485=ORIENTED_EDGE('',*,*,#6828,.F.);
#8486=ORIENTED_EDGE('',*,*,#6829,.F.);
#8487=ORIENTED_EDGE('',*,*,#6830,.F.);
#8488=ORIENTED_EDGE('',*,*,#6831,.F.);
#8489=ORIENTED_EDGE('',*,*,#6832,.F.);
#8490=ORIENTED_EDGE('',*,*,#6833,.F.);
#8491=ORIENTED_EDGE('',*,*,#6834,.F.);
#8492=ORIENTED_EDGE('',*,*,#6835,.F.);
#8493=ORIENTED_EDGE('',*,*,#6836,.F.);
#8494=ORIENTED_EDGE('',*,*,#6837,.F.);
#8495=ORIENTED_EDGE('',*,*,#6838,.F.);
#8496=ORIENTED_EDGE('',*,*,#6839,.F.);
#8497=ORIENTED_EDGE('',*,*,#6840,.F.);
#8498=ORIENTED_EDGE('',*,*,#6841,.F.);
#8499=ORIENTED_EDGE('',*,*,#6842,.F.);
#8500=ORIENTED_EDGE('',*,*,#6843,.F.);
#8501=ORIENTED_EDGE('',*,*,#6844,.F.);
#8502=ORIENTED_EDGE('',*,*,#6845,.F.);
#8503=ORIENTED_EDGE('',*,*,#6846,.F.);
#8504=ORIENTED_EDGE('',*,*,#6847,.F.);
#8505=ORIENTED_EDGE('',*,*,#6848,.F.);
#8506=ORIENTED_EDGE('',*,*,#6849,.F.);
#8507=ORIENTED_EDGE('',*,*,#6850,.F.);
#8508=ORIENTED_EDGE('',*,*,#6851,.F.);
#8509=ORIENTED_EDGE('',*,*,#6852,.F.);
#8510=ORIENTED_EDGE('',*,*,#6853,.F.);
#8511=ORIENTED_EDGE('',*,*,#6854,.F.);
#8512=ORIENTED_EDGE('',*,*,#6855,.F.);
#8513=ORIENTED_EDGE('',*,*,#6856,.F.);
#8514=ORIENTED_EDGE('',*,*,#6857,.F.);
#8515=ORIENTED_EDGE('',*,*,#6858,.F.);
#8516=ORIENTED_EDGE('',*,*,#6859,.F.);
#8517=ORIENTED_EDGE('',*,*,#6860,.F.);
#8518=ORIENTED_EDGE('',*,*,#6861,.F.);
#8519=ORIENTED_EDGE('',*,*,#6862,.F.);
#8520=ORIENTED_EDGE('',*,*,#6863,.F.);
#8521=ORIENTED_EDGE('',*,*,#6864,.F.);
#8522=ORIENTED_EDGE('',*,*,#6865,.F.);
#8523=ORIENTED_EDGE('',*,*,#6866,.F.);
#8524=ORIENTED_EDGE('',*,*,#6867,.F.);
#8525=ORIENTED_EDGE('',*,*,#6868,.F.);
#8526=ORIENTED_EDGE('',*,*,#6869,.F.);
#8527=ORIENTED_EDGE('',*,*,#6870,.F.);
#8528=ORIENTED_EDGE('',*,*,#6871,.F.);
#8529=ORIENTED_EDGE('',*,*,#6872,.F.);
#8530=ORIENTED_EDGE('',*,*,#6873,.F.);
#8531=ORIENTED_EDGE('',*,*,#6874,.F.);
#8532=ORIENTED_EDGE('',*,*,#6875,.F.);
#8533=ORIENTED_EDGE('',*,*,#6876,.F.);
#8534=ORIENTED_EDGE('',*,*,#6877,.F.);
#8535=ORIENTED_EDGE('',*,*,#6878,.F.);
#8536=ORIENTED_EDGE('',*,*,#6879,.F.);
#8537=ORIENTED_EDGE('',*,*,#6880,.F.);
#8538=ORIENTED_EDGE('',*,*,#6881,.F.);
#8539=ORIENTED_EDGE('',*,*,#6882,.F.);
#8540=ORIENTED_EDGE('',*,*,#6883,.F.);
#8541=ORIENTED_EDGE('',*,*,#6884,.F.);
#8542=ORIENTED_EDGE('',*,*,#6885,.F.);
#8543=ORIENTED_EDGE('',*,*,#6886,.F.);
#8544=ORIENTED_EDGE('',*,*,#6887,.F.);
#8545=ORIENTED_EDGE('',*,*,#6888,.F.);
#8546=ORIENTED_EDGE('',*,*,#6889,.F.);
#8547=ORIENTED_EDGE('',*,*,#6890,.F.);
#8548=ORIENTED_EDGE('',*,*,#6891,.F.);
#8549=ORIENTED_EDGE('',*,*,#6892,.F.);
#8550=ORIENTED_EDGE('',*,*,#6893,.F.);
#8551=ORIENTED_EDGE('',*,*,#6894,.F.);
#8552=ORIENTED_EDGE('',*,*,#6895,.F.);
#8553=ORIENTED_EDGE('',*,*,#6896,.F.);
#8554=ORIENTED_EDGE('',*,*,#6897,.F.);
#8555=ORIENTED_EDGE('',*,*,#6898,.F.);
#8556=ORIENTED_EDGE('',*,*,#6899,.F.);
#8557=ORIENTED_EDGE('',*,*,#6900,.F.);
#8558=ORIENTED_EDGE('',*,*,#6901,.F.);
#8559=ORIENTED_EDGE('',*,*,#6902,.F.);
#8560=ORIENTED_EDGE('',*,*,#6903,.F.);
#8561=ORIENTED_EDGE('',*,*,#6904,.F.);
#8562=ORIENTED_EDGE('',*,*,#6905,.F.);
#8563=ORIENTED_EDGE('',*,*,#6906,.F.);
#8564=ORIENTED_EDGE('',*,*,#6907,.F.);
#8565=ORIENTED_EDGE('',*,*,#6908,.F.);
#8566=ORIENTED_EDGE('',*,*,#6909,.F.);
#8567=ORIENTED_EDGE('',*,*,#6910,.F.);
#8568=ORIENTED_EDGE('',*,*,#6911,.F.);
#8569=ORIENTED_EDGE('',*,*,#6912,.F.);
#8570=ORIENTED_EDGE('',*,*,#6913,.F.);
#8571=ORIENTED_EDGE('',*,*,#6914,.F.);
#8572=ORIENTED_EDGE('',*,*,#6915,.F.);
#8573=ORIENTED_EDGE('',*,*,#6916,.F.);
#8574=ORIENTED_EDGE('',*,*,#6917,.F.);
#8575=ORIENTED_EDGE('',*,*,#6918,.F.);
#8576=ORIENTED_EDGE('',*,*,#6919,.F.);
#8577=ORIENTED_EDGE('',*,*,#6920,.F.);
#8578=ORIENTED_EDGE('',*,*,#6921,.F.);
#8579=ORIENTED_EDGE('',*,*,#6922,.F.);
#8580=ORIENTED_EDGE('',*,*,#6923,.F.);
#8581=ORIENTED_EDGE('',*,*,#6924,.F.);
#8582=ORIENTED_EDGE('',*,*,#6925,.F.);
#8583=ORIENTED_EDGE('',*,*,#6926,.F.);
#8584=ORIENTED_EDGE('',*,*,#6927,.F.);
#8585=ORIENTED_EDGE('',*,*,#6928,.F.);
#8586=ORIENTED_EDGE('',*,*,#6929,.F.);
#8587=ORIENTED_EDGE('',*,*,#6930,.F.);
#8588=ORIENTED_EDGE('',*,*,#6931,.F.);
#8589=ORIENTED_EDGE('',*,*,#6932,.F.);
#8590=ORIENTED_EDGE('',*,*,#6933,.F.);
#8591=ORIENTED_EDGE('',*,*,#6934,.F.);
#8592=ORIENTED_EDGE('',*,*,#6935,.F.);
#8593=ORIENTED_EDGE('',*,*,#6936,.F.);
#8594=ORIENTED_EDGE('',*,*,#6937,.F.);
#8595=ORIENTED_EDGE('',*,*,#6938,.F.);
#8596=ORIENTED_EDGE('',*,*,#6939,.F.);
#8597=ORIENTED_EDGE('',*,*,#6940,.F.);
#8598=ORIENTED_EDGE('',*,*,#6941,.F.);
#8599=ORIENTED_EDGE('',*,*,#6942,.F.);
#8600=ORIENTED_EDGE('',*,*,#6943,.F.);
#8601=ORIENTED_EDGE('',*,*,#6944,.F.);
#8602=ORIENTED_EDGE('',*,*,#6945,.F.);
#8603=ORIENTED_EDGE('',*,*,#6946,.F.);
#8604=ORIENTED_EDGE('',*,*,#6947,.F.);
#8605=ORIENTED_EDGE('',*,*,#6948,.F.);
#8606=ORIENTED_EDGE('',*,*,#6949,.F.);
#8607=ORIENTED_EDGE('',*,*,#6950,.F.);
#8608=ORIENTED_EDGE('',*,*,#6951,.F.);
#8609=ORIENTED_EDGE('',*,*,#6952,.F.);
#8610=ORIENTED_EDGE('',*,*,#6953,.F.);
#8611=ORIENTED_EDGE('',*,*,#6954,.F.);
#8612=ORIENTED_EDGE('',*,*,#6955,.F.);
#8613=ORIENTED_EDGE('',*,*,#6956,.F.);
#8614=ORIENTED_EDGE('',*,*,#6957,.F.);
#8615=ORIENTED_EDGE('',*,*,#6958,.F.);
#8616=ORIENTED_EDGE('',*,*,#6959,.F.);
#8617=ORIENTED_EDGE('',*,*,#6960,.F.);
#8618=ORIENTED_EDGE('',*,*,#6961,.F.);
#8619=ORIENTED_EDGE('',*,*,#6962,.F.);
#8620=ORIENTED_EDGE('',*,*,#6963,.F.);
#8621=ORIENTED_EDGE('',*,*,#6964,.F.);
#8622=ORIENTED_EDGE('',*,*,#6965,.F.);
#8623=ORIENTED_EDGE('',*,*,#6562,.T.);
#8624=ORIENTED_EDGE('',*,*,#6966,.T.);
#8625=ORIENTED_EDGE('',*,*,#5925,.T.);
#8626=ORIENTED_EDGE('',*,*,#6967,.T.);
#8627=ORIENTED_EDGE('',*,*,#6966,.F.);
#8628=ORIENTED_EDGE('',*,*,#6561,.T.);
#8629=ORIENTED_EDGE('',*,*,#6968,.F.);
#8630=ORIENTED_EDGE('',*,*,#5926,.F.);
#8631=ORIENTED_EDGE('',*,*,#6560,.T.);
#8632=ORIENTED_EDGE('',*,*,#6969,.T.);
#8633=ORIENTED_EDGE('',*,*,#5927,.T.);
#8634=ORIENTED_EDGE('',*,*,#6968,.T.);
#8635=ORIENTED_EDGE('',*,*,#6969,.F.);
#8636=ORIENTED_EDGE('',*,*,#6559,.T.);
#8637=ORIENTED_EDGE('',*,*,#6970,.T.);
#8638=ORIENTED_EDGE('',*,*,#5928,.F.);
#8639=ORIENTED_EDGE('',*,*,#6601,.T.);
#8640=ORIENTED_EDGE('',*,*,#6971,.T.);
#8641=ORIENTED_EDGE('',*,*,#6418,.T.);
#8642=ORIENTED_EDGE('',*,*,#6972,.T.);
#8643=ORIENTED_EDGE('',*,*,#6971,.F.);
#8644=ORIENTED_EDGE('',*,*,#6600,.T.);
#8645=ORIENTED_EDGE('',*,*,#6973,.F.);
#8646=ORIENTED_EDGE('',*,*,#6409,.F.);
#8647=ORIENTED_EDGE('',*,*,#6410,.T.);
#8648=ORIENTED_EDGE('',*,*,#6973,.T.);
#8649=ORIENTED_EDGE('',*,*,#6599,.T.);
#8650=ORIENTED_EDGE('',*,*,#6974,.T.);
#8651=ORIENTED_EDGE('',*,*,#6566,.T.);
#8652=ORIENTED_EDGE('',*,*,#6975,.T.);
#8653=ORIENTED_EDGE('',*,*,#5921,.T.);
#8654=ORIENTED_EDGE('',*,*,#6976,.T.);
#8655=ORIENTED_EDGE('',*,*,#6975,.F.);
#8656=ORIENTED_EDGE('',*,*,#6565,.F.);
#8657=ORIENTED_EDGE('',*,*,#6977,.T.);
#8658=ORIENTED_EDGE('',*,*,#5922,.F.);
#8659=ORIENTED_EDGE('',*,*,#6596,.T.);
#8660=ORIENTED_EDGE('',*,*,#6978,.T.);
#8661=ORIENTED_EDGE('',*,*,#6413,.T.);
#8662=ORIENTED_EDGE('',*,*,#6979,.T.);
#8663=ORIENTED_EDGE('',*,*,#6978,.F.);
#8664=ORIENTED_EDGE('',*,*,#6595,.T.);
#8665=ORIENTED_EDGE('',*,*,#6980,.F.);
#8666=ORIENTED_EDGE('',*,*,#6414,.F.);
#8667=ORIENTED_EDGE('',*,*,#6594,.T.);
#8668=ORIENTED_EDGE('',*,*,#6981,.T.);
#8669=ORIENTED_EDGE('',*,*,#6415,.T.);
#8670=ORIENTED_EDGE('',*,*,#6980,.T.);
#8671=ORIENTED_EDGE('',*,*,#6981,.F.);
#8672=ORIENTED_EDGE('',*,*,#6593,.T.);
#8673=ORIENTED_EDGE('',*,*,#6982,.T.);
#8674=ORIENTED_EDGE('',*,*,#6416,.F.);
#8675=ORIENTED_EDGE('',*,*,#6556,.T.);
#8676=ORIENTED_EDGE('',*,*,#6983,.T.);
#8677=ORIENTED_EDGE('',*,*,#5931,.T.);
#8678=ORIENTED_EDGE('',*,*,#6984,.T.);
#8679=ORIENTED_EDGE('',*,*,#5901,.F.);
#8680=ORIENTED_EDGE('',*,*,#5932,.F.);
#8681=ORIENTED_EDGE('',*,*,#6983,.F.);
#8682=ORIENTED_EDGE('',*,*,#6555,.F.);
#8683=ORIENTED_EDGE('',*,*,#6492,.T.);
#8684=ORIENTED_EDGE('',*,*,#6985,.T.);
#8685=ORIENTED_EDGE('',*,*,#5995,.T.);
#8686=ORIENTED_EDGE('',*,*,#6986,.T.);
#8687=ORIENTED_EDGE('',*,*,#6985,.F.);
#8688=ORIENTED_EDGE('',*,*,#6491,.T.);
#8689=ORIENTED_EDGE('',*,*,#6987,.T.);
#8690=ORIENTED_EDGE('',*,*,#5996,.F.);
#8691=ORIENTED_EDGE('',*,*,#6591,.T.);
#8692=ORIENTED_EDGE('',*,*,#6988,.T.);
#8693=ORIENTED_EDGE('',*,*,#6428,.T.);
#8694=ORIENTED_EDGE('',*,*,#6989,.T.);
#8695=ORIENTED_EDGE('',*,*,#6988,.F.);
#8696=ORIENTED_EDGE('',*,*,#6590,.T.);
#8697=ORIENTED_EDGE('',*,*,#6990,.F.);
#8698=ORIENTED_EDGE('',*,*,#6419,.F.);
#8699=ORIENTED_EDGE('',*,*,#6420,.T.);
#8700=ORIENTED_EDGE('',*,*,#6990,.T.);
#8701=ORIENTED_EDGE('',*,*,#6589,.T.);
#8702=ORIENTED_EDGE('',*,*,#6991,.T.);
#8703=ORIENTED_EDGE('',*,*,#6494,.T.);
#8704=ORIENTED_EDGE('',*,*,#6992,.T.);
#8705=ORIENTED_EDGE('',*,*,#5993,.T.);
#8706=ORIENTED_EDGE('',*,*,#6993,.T.);
#8707=ORIENTED_EDGE('',*,*,#6986,.F.);
#8708=ORIENTED_EDGE('',*,*,#5994,.F.);
#8709=ORIENTED_EDGE('',*,*,#6992,.F.);
#8710=ORIENTED_EDGE('',*,*,#6493,.F.);
#8711=ORIENTED_EDGE('',*,*,#6498,.T.);
#8712=ORIENTED_EDGE('',*,*,#6994,.T.);
#8713=ORIENTED_EDGE('',*,*,#5989,.T.);
#8714=ORIENTED_EDGE('',*,*,#6995,.T.);
#8715=ORIENTED_EDGE('',*,*,#6994,.F.);
#8716=ORIENTED_EDGE('',*,*,#6497,.F.);
#8717=ORIENTED_EDGE('',*,*,#6996,.T.);
#8718=ORIENTED_EDGE('',*,*,#5990,.F.);
#8719=ORIENTED_EDGE('',*,*,#6488,.T.);
#8720=ORIENTED_EDGE('',*,*,#6997,.T.);
#8721=ORIENTED_EDGE('',*,*,#5999,.T.);
#8722=ORIENTED_EDGE('',*,*,#6998,.T.);
#8723=ORIENTED_EDGE('',*,*,#6997,.F.);
#8724=ORIENTED_EDGE('',*,*,#6487,.F.);
#8725=ORIENTED_EDGE('',*,*,#6999,.T.);
#8726=ORIENTED_EDGE('',*,*,#6000,.F.);
#8727=ORIENTED_EDGE('',*,*,#6584,.T.);
#8728=ORIENTED_EDGE('',*,*,#7000,.T.);
#8729=ORIENTED_EDGE('',*,*,#6425,.T.);
#8730=ORIENTED_EDGE('',*,*,#7001,.T.);
#8731=ORIENTED_EDGE('',*,*,#7000,.F.);
#8732=ORIENTED_EDGE('',*,*,#6583,.T.);
#8733=ORIENTED_EDGE('',*,*,#7002,.T.);
#8734=ORIENTED_EDGE('',*,*,#6426,.F.);
#8735=ORIENTED_EDGE('',*,*,#6586,.T.);
#8736=ORIENTED_EDGE('',*,*,#7003,.T.);
#8737=ORIENTED_EDGE('',*,*,#6423,.T.);
#8738=ORIENTED_EDGE('',*,*,#7004,.T.);
#8739=ORIENTED_EDGE('',*,*,#7001,.F.);
#8740=ORIENTED_EDGE('',*,*,#6424,.F.);
#8741=ORIENTED_EDGE('',*,*,#7003,.F.);
#8742=ORIENTED_EDGE('',*,*,#6585,.T.);
#8743=ORIENTED_EDGE('',*,*,#6510,.T.);
#8744=ORIENTED_EDGE('',*,*,#7005,.T.);
#8745=ORIENTED_EDGE('',*,*,#5977,.T.);
#8746=ORIENTED_EDGE('',*,*,#7006,.T.);
#8747=ORIENTED_EDGE('',*,*,#7005,.F.);
#8748=ORIENTED_EDGE('',*,*,#6509,.F.);
#8749=ORIENTED_EDGE('',*,*,#7007,.T.);
#8750=ORIENTED_EDGE('',*,*,#5978,.F.);
#8751=ORIENTED_EDGE('',*,*,#6576,.T.);
#8752=ORIENTED_EDGE('',*,*,#7008,.T.);
#8753=ORIENTED_EDGE('',*,*,#6433,.T.);
#8754=ORIENTED_EDGE('',*,*,#7009,.T.);
#8755=ORIENTED_EDGE('',*,*,#7008,.F.);
#8756=ORIENTED_EDGE('',*,*,#6575,.T.);
#8757=ORIENTED_EDGE('',*,*,#7010,.F.);
#8758=ORIENTED_EDGE('',*,*,#6434,.F.);
#8759=ORIENTED_EDGE('',*,*,#6500,.T.);
#8760=ORIENTED_EDGE('',*,*,#7011,.T.);
#8761=ORIENTED_EDGE('',*,*,#5987,.T.);
#8762=ORIENTED_EDGE('',*,*,#7012,.T.);
#8763=ORIENTED_EDGE('',*,*,#6995,.F.);
#8764=ORIENTED_EDGE('',*,*,#5988,.F.);
#8765=ORIENTED_EDGE('',*,*,#7011,.F.);
#8766=ORIENTED_EDGE('',*,*,#6499,.F.);
#8767=ORIENTED_EDGE('',*,*,#6574,.T.);
#8768=ORIENTED_EDGE('',*,*,#7013,.T.);
#8769=ORIENTED_EDGE('',*,*,#6435,.T.);
#8770=ORIENTED_EDGE('',*,*,#7010,.T.);
#8771=ORIENTED_EDGE('',*,*,#7013,.F.);
#8772=ORIENTED_EDGE('',*,*,#6573,.T.);
#8773=ORIENTED_EDGE('',*,*,#7014,.T.);
#8774=ORIENTED_EDGE('',*,*,#6436,.F.);
#8775=ORIENTED_EDGE('',*,*,#6581,.T.);
#8776=ORIENTED_EDGE('',*,*,#7015,.T.);
#8777=ORIENTED_EDGE('',*,*,#6438,.T.);
#8778=ORIENTED_EDGE('',*,*,#7016,.T.);
#8779=ORIENTED_EDGE('',*,*,#7015,.F.);
#8780=ORIENTED_EDGE('',*,*,#6580,.T.);
#8781=ORIENTED_EDGE('',*,*,#7017,.F.);
#8782=ORIENTED_EDGE('',*,*,#6429,.F.);
#8783=ORIENTED_EDGE('',*,*,#6430,.T.);
#8784=ORIENTED_EDGE('',*,*,#7017,.T.);
#8785=ORIENTED_EDGE('',*,*,#6579,.T.);
#8786=ORIENTED_EDGE('',*,*,#7018,.T.);
#8787=ORIENTED_EDGE('',*,*,#6506,.T.);
#8788=ORIENTED_EDGE('',*,*,#7019,.T.);
#8789=ORIENTED_EDGE('',*,*,#5981,.T.);
#8790=ORIENTED_EDGE('',*,*,#7020,.T.);
#8791=ORIENTED_EDGE('',*,*,#7019,.F.);
#8792=ORIENTED_EDGE('',*,*,#6505,.F.);
#8793=ORIENTED_EDGE('',*,*,#7021,.F.);
#8794=ORIENTED_EDGE('',*,*,#5982,.F.);
#8795=ORIENTED_EDGE('',*,*,#6504,.T.);
#8796=ORIENTED_EDGE('',*,*,#7022,.T.);
#8797=ORIENTED_EDGE('',*,*,#5983,.T.);
#8798=ORIENTED_EDGE('',*,*,#7021,.T.);
#8799=ORIENTED_EDGE('',*,*,#7022,.F.);
#8800=ORIENTED_EDGE('',*,*,#6503,.T.);
#8801=ORIENTED_EDGE('',*,*,#7023,.T.);
#8802=ORIENTED_EDGE('',*,*,#5984,.F.);
#8803=ORIENTED_EDGE('',*,*,#7009,.F.);
#8804=ORIENTED_EDGE('',*,*,#6432,.F.);
#8805=ORIENTED_EDGE('',*,*,#7024,.F.);
#8806=ORIENTED_EDGE('',*,*,#6577,.T.);
#8807=ORIENTED_EDGE('',*,*,#7018,.F.);
#8808=ORIENTED_EDGE('',*,*,#6578,.T.);
#8809=ORIENTED_EDGE('',*,*,#7024,.T.);
#8810=ORIENTED_EDGE('',*,*,#6431,.F.);
#8811=ORIENTED_EDGE('',*,*,#7016,.F.);
#8812=ORIENTED_EDGE('',*,*,#6437,.F.);
#8813=ORIENTED_EDGE('',*,*,#7014,.F.);
#8814=ORIENTED_EDGE('',*,*,#6572,.T.);
#8815=ORIENTED_EDGE('',*,*,#7004,.F.);
#8816=ORIENTED_EDGE('',*,*,#6422,.F.);
#8817=ORIENTED_EDGE('',*,*,#7025,.F.);
#8818=ORIENTED_EDGE('',*,*,#6587,.T.);
#8819=ORIENTED_EDGE('',*,*,#6991,.F.);
#8820=ORIENTED_EDGE('',*,*,#6588,.T.);
#8821=ORIENTED_EDGE('',*,*,#7025,.T.);
#8822=ORIENTED_EDGE('',*,*,#6421,.F.);
#8823=ORIENTED_EDGE('',*,*,#6989,.F.);
#8824=ORIENTED_EDGE('',*,*,#6427,.F.);
#8825=ORIENTED_EDGE('',*,*,#7002,.F.);
#8826=ORIENTED_EDGE('',*,*,#6582,.T.);
#8827=ORIENTED_EDGE('',*,*,#6965,.T.);
#8828=ORIENTED_EDGE('',*,*,#7026,.T.);
#8829=ORIENTED_EDGE('',*,*,#6408,.F.);
#8830=ORIENTED_EDGE('',*,*,#7026,.F.);
#8831=ORIENTED_EDGE('',*,*,#6946,.T.);
#8832=ORIENTED_EDGE('',*,*,#7027,.T.);
#8833=ORIENTED_EDGE('',*,*,#6407,.F.);
#8834=ORIENTED_EDGE('',*,*,#7028,.F.);
#8835=ORIENTED_EDGE('',*,*,#6947,.T.);
#8836=ORIENTED_EDGE('',*,*,#7028,.T.);
#8837=ORIENTED_EDGE('',*,*,#6406,.F.);
#8838=ORIENTED_EDGE('',*,*,#7029,.F.);
#8839=ORIENTED_EDGE('',*,*,#6948,.T.);
#8840=ORIENTED_EDGE('',*,*,#7029,.T.);
#8841=ORIENTED_EDGE('',*,*,#6405,.F.);
#8842=ORIENTED_EDGE('',*,*,#7030,.F.);
#8843=ORIENTED_EDGE('',*,*,#6949,.T.);
#8844=ORIENTED_EDGE('',*,*,#7030,.T.);
#8845=ORIENTED_EDGE('',*,*,#6404,.F.);
#8846=ORIENTED_EDGE('',*,*,#7031,.F.);
#8847=ORIENTED_EDGE('',*,*,#6950,.T.);
#8848=ORIENTED_EDGE('',*,*,#7031,.T.);
#8849=ORIENTED_EDGE('',*,*,#6403,.F.);
#8850=ORIENTED_EDGE('',*,*,#7032,.F.);
#8851=ORIENTED_EDGE('',*,*,#6951,.T.);
#8852=ORIENTED_EDGE('',*,*,#7032,.T.);
#8853=ORIENTED_EDGE('',*,*,#6402,.F.);
#8854=ORIENTED_EDGE('',*,*,#7033,.F.);
#8855=ORIENTED_EDGE('',*,*,#6952,.T.);
#8856=ORIENTED_EDGE('',*,*,#7033,.T.);
#8857=ORIENTED_EDGE('',*,*,#6401,.F.);
#8858=ORIENTED_EDGE('',*,*,#7034,.F.);
#8859=ORIENTED_EDGE('',*,*,#6953,.T.);
#8860=ORIENTED_EDGE('',*,*,#7034,.T.);
#8861=ORIENTED_EDGE('',*,*,#6400,.F.);
#8862=ORIENTED_EDGE('',*,*,#7035,.F.);
#8863=ORIENTED_EDGE('',*,*,#6954,.T.);
#8864=ORIENTED_EDGE('',*,*,#7035,.T.);
#8865=ORIENTED_EDGE('',*,*,#6399,.F.);
#8866=ORIENTED_EDGE('',*,*,#7036,.F.);
#8867=ORIENTED_EDGE('',*,*,#6955,.T.);
#8868=ORIENTED_EDGE('',*,*,#7036,.T.);
#8869=ORIENTED_EDGE('',*,*,#6398,.F.);
#8870=ORIENTED_EDGE('',*,*,#7037,.F.);
#8871=ORIENTED_EDGE('',*,*,#6956,.T.);
#8872=ORIENTED_EDGE('',*,*,#7037,.T.);
#8873=ORIENTED_EDGE('',*,*,#6397,.F.);
#8874=ORIENTED_EDGE('',*,*,#7038,.F.);
#8875=ORIENTED_EDGE('',*,*,#6957,.T.);
#8876=ORIENTED_EDGE('',*,*,#7038,.T.);
#8877=ORIENTED_EDGE('',*,*,#6396,.F.);
#8878=ORIENTED_EDGE('',*,*,#7039,.F.);
#8879=ORIENTED_EDGE('',*,*,#6958,.T.);
#8880=ORIENTED_EDGE('',*,*,#7039,.T.);
#8881=ORIENTED_EDGE('',*,*,#6395,.F.);
#8882=ORIENTED_EDGE('',*,*,#7040,.F.);
#8883=ORIENTED_EDGE('',*,*,#6959,.T.);
#8884=ORIENTED_EDGE('',*,*,#7040,.T.);
#8885=ORIENTED_EDGE('',*,*,#6394,.F.);
#8886=ORIENTED_EDGE('',*,*,#7041,.F.);
#8887=ORIENTED_EDGE('',*,*,#6960,.T.);
#8888=ORIENTED_EDGE('',*,*,#7041,.T.);
#8889=ORIENTED_EDGE('',*,*,#6393,.F.);
#8890=ORIENTED_EDGE('',*,*,#7042,.F.);
#8891=ORIENTED_EDGE('',*,*,#6961,.T.);
#8892=ORIENTED_EDGE('',*,*,#7042,.T.);
#8893=ORIENTED_EDGE('',*,*,#6392,.F.);
#8894=ORIENTED_EDGE('',*,*,#7043,.F.);
#8895=ORIENTED_EDGE('',*,*,#6962,.T.);
#8896=ORIENTED_EDGE('',*,*,#7043,.T.);
#8897=ORIENTED_EDGE('',*,*,#6391,.F.);
#8898=ORIENTED_EDGE('',*,*,#7044,.F.);
#8899=ORIENTED_EDGE('',*,*,#6963,.T.);
#8900=ORIENTED_EDGE('',*,*,#7044,.T.);
#8901=ORIENTED_EDGE('',*,*,#6390,.F.);
#8902=ORIENTED_EDGE('',*,*,#7045,.F.);
#8903=ORIENTED_EDGE('',*,*,#6964,.T.);
#8904=ORIENTED_EDGE('',*,*,#7045,.T.);
#8905=ORIENTED_EDGE('',*,*,#6389,.F.);
#8906=ORIENTED_EDGE('',*,*,#7046,.F.);
#8907=ORIENTED_EDGE('',*,*,#6945,.T.);
#8908=ORIENTED_EDGE('',*,*,#7046,.T.);
#8909=ORIENTED_EDGE('',*,*,#6388,.F.);
#8910=ORIENTED_EDGE('',*,*,#7027,.F.);
#8911=ORIENTED_EDGE('',*,*,#6926,.T.);
#8912=ORIENTED_EDGE('',*,*,#7047,.T.);
#8913=ORIENTED_EDGE('',*,*,#6387,.F.);
#8914=ORIENTED_EDGE('',*,*,#7048,.F.);
#8915=ORIENTED_EDGE('',*,*,#6927,.T.);
#8916=ORIENTED_EDGE('',*,*,#7048,.T.);
#8917=ORIENTED_EDGE('',*,*,#6386,.F.);
#8918=ORIENTED_EDGE('',*,*,#7049,.F.);
#8919=ORIENTED_EDGE('',*,*,#6928,.T.);
#8920=ORIENTED_EDGE('',*,*,#7049,.T.);
#8921=ORIENTED_EDGE('',*,*,#6385,.F.);
#8922=ORIENTED_EDGE('',*,*,#7050,.F.);
#8923=ORIENTED_EDGE('',*,*,#6929,.T.);
#8924=ORIENTED_EDGE('',*,*,#7050,.T.);
#8925=ORIENTED_EDGE('',*,*,#6384,.F.);
#8926=ORIENTED_EDGE('',*,*,#7051,.F.);
#8927=ORIENTED_EDGE('',*,*,#6930,.T.);
#8928=ORIENTED_EDGE('',*,*,#7051,.T.);
#8929=ORIENTED_EDGE('',*,*,#6383,.F.);
#8930=ORIENTED_EDGE('',*,*,#7052,.F.);
#8931=ORIENTED_EDGE('',*,*,#6931,.T.);
#8932=ORIENTED_EDGE('',*,*,#7052,.T.);
#8933=ORIENTED_EDGE('',*,*,#6382,.F.);
#8934=ORIENTED_EDGE('',*,*,#7053,.F.);
#8935=ORIENTED_EDGE('',*,*,#6932,.T.);
#8936=ORIENTED_EDGE('',*,*,#7053,.T.);
#8937=ORIENTED_EDGE('',*,*,#6381,.F.);
#8938=ORIENTED_EDGE('',*,*,#7054,.F.);
#8939=ORIENTED_EDGE('',*,*,#6933,.T.);
#8940=ORIENTED_EDGE('',*,*,#7054,.T.);
#8941=ORIENTED_EDGE('',*,*,#6380,.F.);
#8942=ORIENTED_EDGE('',*,*,#7055,.F.);
#8943=ORIENTED_EDGE('',*,*,#6934,.T.);
#8944=ORIENTED_EDGE('',*,*,#7055,.T.);
#8945=ORIENTED_EDGE('',*,*,#6379,.F.);
#8946=ORIENTED_EDGE('',*,*,#7056,.F.);
#8947=ORIENTED_EDGE('',*,*,#6935,.T.);
#8948=ORIENTED_EDGE('',*,*,#7056,.T.);
#8949=ORIENTED_EDGE('',*,*,#6378,.F.);
#8950=ORIENTED_EDGE('',*,*,#7057,.F.);
#8951=ORIENTED_EDGE('',*,*,#6936,.T.);
#8952=ORIENTED_EDGE('',*,*,#7057,.T.);
#8953=ORIENTED_EDGE('',*,*,#6377,.F.);
#8954=ORIENTED_EDGE('',*,*,#7058,.F.);
#8955=ORIENTED_EDGE('',*,*,#6937,.T.);
#8956=ORIENTED_EDGE('',*,*,#7058,.T.);
#8957=ORIENTED_EDGE('',*,*,#6376,.F.);
#8958=ORIENTED_EDGE('',*,*,#7059,.F.);
#8959=ORIENTED_EDGE('',*,*,#6938,.T.);
#8960=ORIENTED_EDGE('',*,*,#7059,.T.);
#8961=ORIENTED_EDGE('',*,*,#6375,.F.);
#8962=ORIENTED_EDGE('',*,*,#7060,.F.);
#8963=ORIENTED_EDGE('',*,*,#6939,.T.);
#8964=ORIENTED_EDGE('',*,*,#7060,.T.);
#8965=ORIENTED_EDGE('',*,*,#6374,.F.);
#8966=ORIENTED_EDGE('',*,*,#7061,.F.);
#8967=ORIENTED_EDGE('',*,*,#6940,.T.);
#8968=ORIENTED_EDGE('',*,*,#7061,.T.);
#8969=ORIENTED_EDGE('',*,*,#6373,.F.);
#8970=ORIENTED_EDGE('',*,*,#7062,.F.);
#8971=ORIENTED_EDGE('',*,*,#6941,.T.);
#8972=ORIENTED_EDGE('',*,*,#7062,.T.);
#8973=ORIENTED_EDGE('',*,*,#6372,.F.);
#8974=ORIENTED_EDGE('',*,*,#7063,.F.);
#8975=ORIENTED_EDGE('',*,*,#6942,.T.);
#8976=ORIENTED_EDGE('',*,*,#7063,.T.);
#8977=ORIENTED_EDGE('',*,*,#6371,.F.);
#8978=ORIENTED_EDGE('',*,*,#7064,.F.);
#8979=ORIENTED_EDGE('',*,*,#6943,.T.);
#8980=ORIENTED_EDGE('',*,*,#7064,.T.);
#8981=ORIENTED_EDGE('',*,*,#6370,.F.);
#8982=ORIENTED_EDGE('',*,*,#7065,.F.);
#8983=ORIENTED_EDGE('',*,*,#6944,.T.);
#8984=ORIENTED_EDGE('',*,*,#7065,.T.);
#8985=ORIENTED_EDGE('',*,*,#6369,.F.);
#8986=ORIENTED_EDGE('',*,*,#7066,.F.);
#8987=ORIENTED_EDGE('',*,*,#6925,.T.);
#8988=ORIENTED_EDGE('',*,*,#7066,.T.);
#8989=ORIENTED_EDGE('',*,*,#6368,.F.);
#8990=ORIENTED_EDGE('',*,*,#7047,.F.);
#8991=ORIENTED_EDGE('',*,*,#6906,.T.);
#8992=ORIENTED_EDGE('',*,*,#7067,.T.);
#8993=ORIENTED_EDGE('',*,*,#6367,.F.);
#8994=ORIENTED_EDGE('',*,*,#7068,.F.);
#8995=ORIENTED_EDGE('',*,*,#6907,.T.);
#8996=ORIENTED_EDGE('',*,*,#7068,.T.);
#8997=ORIENTED_EDGE('',*,*,#6366,.F.);
#8998=ORIENTED_EDGE('',*,*,#7069,.F.);
#8999=ORIENTED_EDGE('',*,*,#6908,.T.);
#9000=ORIENTED_EDGE('',*,*,#7069,.T.);
#9001=ORIENTED_EDGE('',*,*,#6365,.F.);
#9002=ORIENTED_EDGE('',*,*,#7070,.F.);
#9003=ORIENTED_EDGE('',*,*,#6909,.T.);
#9004=ORIENTED_EDGE('',*,*,#7070,.T.);
#9005=ORIENTED_EDGE('',*,*,#6364,.F.);
#9006=ORIENTED_EDGE('',*,*,#7071,.F.);
#9007=ORIENTED_EDGE('',*,*,#6910,.T.);
#9008=ORIENTED_EDGE('',*,*,#7071,.T.);
#9009=ORIENTED_EDGE('',*,*,#6363,.F.);
#9010=ORIENTED_EDGE('',*,*,#7072,.F.);
#9011=ORIENTED_EDGE('',*,*,#6911,.T.);
#9012=ORIENTED_EDGE('',*,*,#7072,.T.);
#9013=ORIENTED_EDGE('',*,*,#6362,.F.);
#9014=ORIENTED_EDGE('',*,*,#7073,.F.);
#9015=ORIENTED_EDGE('',*,*,#6912,.T.);
#9016=ORIENTED_EDGE('',*,*,#7073,.T.);
#9017=ORIENTED_EDGE('',*,*,#6361,.F.);
#9018=ORIENTED_EDGE('',*,*,#7074,.F.);
#9019=ORIENTED_EDGE('',*,*,#6913,.T.);
#9020=ORIENTED_EDGE('',*,*,#7074,.T.);
#9021=ORIENTED_EDGE('',*,*,#6360,.F.);
#9022=ORIENTED_EDGE('',*,*,#7075,.F.);
#9023=ORIENTED_EDGE('',*,*,#6914,.T.);
#9024=ORIENTED_EDGE('',*,*,#7075,.T.);
#9025=ORIENTED_EDGE('',*,*,#6359,.F.);
#9026=ORIENTED_EDGE('',*,*,#7076,.F.);
#9027=ORIENTED_EDGE('',*,*,#6915,.T.);
#9028=ORIENTED_EDGE('',*,*,#7076,.T.);
#9029=ORIENTED_EDGE('',*,*,#6358,.F.);
#9030=ORIENTED_EDGE('',*,*,#7077,.F.);
#9031=ORIENTED_EDGE('',*,*,#6916,.T.);
#9032=ORIENTED_EDGE('',*,*,#7077,.T.);
#9033=ORIENTED_EDGE('',*,*,#6357,.F.);
#9034=ORIENTED_EDGE('',*,*,#7078,.F.);
#9035=ORIENTED_EDGE('',*,*,#6917,.T.);
#9036=ORIENTED_EDGE('',*,*,#7078,.T.);
#9037=ORIENTED_EDGE('',*,*,#6356,.F.);
#9038=ORIENTED_EDGE('',*,*,#7079,.F.);
#9039=ORIENTED_EDGE('',*,*,#6918,.T.);
#9040=ORIENTED_EDGE('',*,*,#7079,.T.);
#9041=ORIENTED_EDGE('',*,*,#6355,.F.);
#9042=ORIENTED_EDGE('',*,*,#7080,.F.);
#9043=ORIENTED_EDGE('',*,*,#6919,.T.);
#9044=ORIENTED_EDGE('',*,*,#7080,.T.);
#9045=ORIENTED_EDGE('',*,*,#6354,.F.);
#9046=ORIENTED_EDGE('',*,*,#7081,.F.);
#9047=ORIENTED_EDGE('',*,*,#6920,.T.);
#9048=ORIENTED_EDGE('',*,*,#7081,.T.);
#9049=ORIENTED_EDGE('',*,*,#6353,.F.);
#9050=ORIENTED_EDGE('',*,*,#7082,.F.);
#9051=ORIENTED_EDGE('',*,*,#6921,.T.);
#9052=ORIENTED_EDGE('',*,*,#7082,.T.);
#9053=ORIENTED_EDGE('',*,*,#6352,.F.);
#9054=ORIENTED_EDGE('',*,*,#7083,.F.);
#9055=ORIENTED_EDGE('',*,*,#6922,.T.);
#9056=ORIENTED_EDGE('',*,*,#7083,.T.);
#9057=ORIENTED_EDGE('',*,*,#6351,.F.);
#9058=ORIENTED_EDGE('',*,*,#7084,.F.);
#9059=ORIENTED_EDGE('',*,*,#6923,.T.);
#9060=ORIENTED_EDGE('',*,*,#7084,.T.);
#9061=ORIENTED_EDGE('',*,*,#6350,.F.);
#9062=ORIENTED_EDGE('',*,*,#7085,.F.);
#9063=ORIENTED_EDGE('',*,*,#6924,.T.);
#9064=ORIENTED_EDGE('',*,*,#7085,.T.);
#9065=ORIENTED_EDGE('',*,*,#6349,.F.);
#9066=ORIENTED_EDGE('',*,*,#7086,.F.);
#9067=ORIENTED_EDGE('',*,*,#6905,.T.);
#9068=ORIENTED_EDGE('',*,*,#7086,.T.);
#9069=ORIENTED_EDGE('',*,*,#6348,.F.);
#9070=ORIENTED_EDGE('',*,*,#7067,.F.);
#9071=ORIENTED_EDGE('',*,*,#6886,.T.);
#9072=ORIENTED_EDGE('',*,*,#7087,.T.);
#9073=ORIENTED_EDGE('',*,*,#6347,.F.);
#9074=ORIENTED_EDGE('',*,*,#7088,.F.);
#9075=ORIENTED_EDGE('',*,*,#6887,.T.);
#9076=ORIENTED_EDGE('',*,*,#7088,.T.);
#9077=ORIENTED_EDGE('',*,*,#6346,.F.);
#9078=ORIENTED_EDGE('',*,*,#7089,.F.);
#9079=ORIENTED_EDGE('',*,*,#6888,.T.);
#9080=ORIENTED_EDGE('',*,*,#7089,.T.);
#9081=ORIENTED_EDGE('',*,*,#6345,.F.);
#9082=ORIENTED_EDGE('',*,*,#7090,.F.);
#9083=ORIENTED_EDGE('',*,*,#6889,.T.);
#9084=ORIENTED_EDGE('',*,*,#7090,.T.);
#9085=ORIENTED_EDGE('',*,*,#6344,.F.);
#9086=ORIENTED_EDGE('',*,*,#7091,.F.);
#9087=ORIENTED_EDGE('',*,*,#6890,.T.);
#9088=ORIENTED_EDGE('',*,*,#7091,.T.);
#9089=ORIENTED_EDGE('',*,*,#6343,.F.);
#9090=ORIENTED_EDGE('',*,*,#7092,.F.);
#9091=ORIENTED_EDGE('',*,*,#6891,.T.);
#9092=ORIENTED_EDGE('',*,*,#7092,.T.);
#9093=ORIENTED_EDGE('',*,*,#6342,.F.);
#9094=ORIENTED_EDGE('',*,*,#7093,.F.);
#9095=ORIENTED_EDGE('',*,*,#6892,.T.);
#9096=ORIENTED_EDGE('',*,*,#7093,.T.);
#9097=ORIENTED_EDGE('',*,*,#6341,.F.);
#9098=ORIENTED_EDGE('',*,*,#7094,.F.);
#9099=ORIENTED_EDGE('',*,*,#6893,.T.);
#9100=ORIENTED_EDGE('',*,*,#7094,.T.);
#9101=ORIENTED_EDGE('',*,*,#6340,.F.);
#9102=ORIENTED_EDGE('',*,*,#7095,.F.);
#9103=ORIENTED_EDGE('',*,*,#6894,.T.);
#9104=ORIENTED_EDGE('',*,*,#7095,.T.);
#9105=ORIENTED_EDGE('',*,*,#6339,.F.);
#9106=ORIENTED_EDGE('',*,*,#7096,.F.);
#9107=ORIENTED_EDGE('',*,*,#6895,.T.);
#9108=ORIENTED_EDGE('',*,*,#7096,.T.);
#9109=ORIENTED_EDGE('',*,*,#6338,.F.);
#9110=ORIENTED_EDGE('',*,*,#7097,.F.);
#9111=ORIENTED_EDGE('',*,*,#6896,.T.);
#9112=ORIENTED_EDGE('',*,*,#7097,.T.);
#9113=ORIENTED_EDGE('',*,*,#6337,.F.);
#9114=ORIENTED_EDGE('',*,*,#7098,.F.);
#9115=ORIENTED_EDGE('',*,*,#6897,.T.);
#9116=ORIENTED_EDGE('',*,*,#7098,.T.);
#9117=ORIENTED_EDGE('',*,*,#6336,.F.);
#9118=ORIENTED_EDGE('',*,*,#7099,.F.);
#9119=ORIENTED_EDGE('',*,*,#6898,.T.);
#9120=ORIENTED_EDGE('',*,*,#7099,.T.);
#9121=ORIENTED_EDGE('',*,*,#6335,.F.);
#9122=ORIENTED_EDGE('',*,*,#7100,.F.);
#9123=ORIENTED_EDGE('',*,*,#6899,.T.);
#9124=ORIENTED_EDGE('',*,*,#7100,.T.);
#9125=ORIENTED_EDGE('',*,*,#6334,.F.);
#9126=ORIENTED_EDGE('',*,*,#7101,.F.);
#9127=ORIENTED_EDGE('',*,*,#6900,.T.);
#9128=ORIENTED_EDGE('',*,*,#7101,.T.);
#9129=ORIENTED_EDGE('',*,*,#6333,.F.);
#9130=ORIENTED_EDGE('',*,*,#7102,.F.);
#9131=ORIENTED_EDGE('',*,*,#6901,.T.);
#9132=ORIENTED_EDGE('',*,*,#7102,.T.);
#9133=ORIENTED_EDGE('',*,*,#6332,.F.);
#9134=ORIENTED_EDGE('',*,*,#7103,.F.);
#9135=ORIENTED_EDGE('',*,*,#6902,.T.);
#9136=ORIENTED_EDGE('',*,*,#7103,.T.);
#9137=ORIENTED_EDGE('',*,*,#6331,.F.);
#9138=ORIENTED_EDGE('',*,*,#7104,.F.);
#9139=ORIENTED_EDGE('',*,*,#6903,.T.);
#9140=ORIENTED_EDGE('',*,*,#7104,.T.);
#9141=ORIENTED_EDGE('',*,*,#6330,.F.);
#9142=ORIENTED_EDGE('',*,*,#7105,.F.);
#9143=ORIENTED_EDGE('',*,*,#6904,.T.);
#9144=ORIENTED_EDGE('',*,*,#7105,.T.);
#9145=ORIENTED_EDGE('',*,*,#6329,.F.);
#9146=ORIENTED_EDGE('',*,*,#7106,.F.);
#9147=ORIENTED_EDGE('',*,*,#6885,.T.);
#9148=ORIENTED_EDGE('',*,*,#7106,.T.);
#9149=ORIENTED_EDGE('',*,*,#6328,.F.);
#9150=ORIENTED_EDGE('',*,*,#7087,.F.);
#9151=ORIENTED_EDGE('',*,*,#6974,.F.);
#9152=ORIENTED_EDGE('',*,*,#6598,.T.);
#9153=ORIENTED_EDGE('',*,*,#7107,.T.);
#9154=ORIENTED_EDGE('',*,*,#6411,.F.);
#9155=ORIENTED_EDGE('',*,*,#6972,.F.);
#9156=ORIENTED_EDGE('',*,*,#6417,.F.);
#9157=ORIENTED_EDGE('',*,*,#6982,.F.);
#9158=ORIENTED_EDGE('',*,*,#6592,.T.);
#9159=ORIENTED_EDGE('',*,*,#6979,.F.);
#9160=ORIENTED_EDGE('',*,*,#6412,.F.);
#9161=ORIENTED_EDGE('',*,*,#7107,.F.);
#9162=ORIENTED_EDGE('',*,*,#6597,.T.);
#9163=ORIENTED_EDGE('',*,*,#6884,.T.);
#9164=ORIENTED_EDGE('',*,*,#7108,.T.);
#9165=ORIENTED_EDGE('',*,*,#6327,.F.);
#9166=ORIENTED_EDGE('',*,*,#7108,.F.);
#9167=ORIENTED_EDGE('',*,*,#6865,.T.);
#9168=ORIENTED_EDGE('',*,*,#7109,.T.);
#9169=ORIENTED_EDGE('',*,*,#6326,.F.);
#9170=ORIENTED_EDGE('',*,*,#7110,.F.);
#9171=ORIENTED_EDGE('',*,*,#6866,.T.);
#9172=ORIENTED_EDGE('',*,*,#7110,.T.);
#9173=ORIENTED_EDGE('',*,*,#6325,.F.);
#9174=ORIENTED_EDGE('',*,*,#7111,.F.);
#9175=ORIENTED_EDGE('',*,*,#6867,.T.);
#9176=ORIENTED_EDGE('',*,*,#7111,.T.);
#9177=ORIENTED_EDGE('',*,*,#6324,.F.);
#9178=ORIENTED_EDGE('',*,*,#7112,.F.);
#9179=ORIENTED_EDGE('',*,*,#6868,.T.);
#9180=ORIENTED_EDGE('',*,*,#7112,.T.);
#9181=ORIENTED_EDGE('',*,*,#6323,.F.);
#9182=ORIENTED_EDGE('',*,*,#7113,.F.);
#9183=ORIENTED_EDGE('',*,*,#6869,.T.);
#9184=ORIENTED_EDGE('',*,*,#7113,.T.);
#9185=ORIENTED_EDGE('',*,*,#6322,.F.);
#9186=ORIENTED_EDGE('',*,*,#7114,.F.);
#9187=ORIENTED_EDGE('',*,*,#6870,.T.);
#9188=ORIENTED_EDGE('',*,*,#7114,.T.);
#9189=ORIENTED_EDGE('',*,*,#6321,.F.);
#9190=ORIENTED_EDGE('',*,*,#7115,.F.);
#9191=ORIENTED_EDGE('',*,*,#6871,.T.);
#9192=ORIENTED_EDGE('',*,*,#7115,.T.);
#9193=ORIENTED_EDGE('',*,*,#6320,.F.);
#9194=ORIENTED_EDGE('',*,*,#7116,.F.);
#9195=ORIENTED_EDGE('',*,*,#6872,.T.);
#9196=ORIENTED_EDGE('',*,*,#7116,.T.);
#9197=ORIENTED_EDGE('',*,*,#6319,.F.);
#9198=ORIENTED_EDGE('',*,*,#7117,.F.);
#9199=ORIENTED_EDGE('',*,*,#6873,.T.);
#9200=ORIENTED_EDGE('',*,*,#7117,.T.);
#9201=ORIENTED_EDGE('',*,*,#6318,.F.);
#9202=ORIENTED_EDGE('',*,*,#7118,.F.);
#9203=ORIENTED_EDGE('',*,*,#6874,.T.);
#9204=ORIENTED_EDGE('',*,*,#7118,.T.);
#9205=ORIENTED_EDGE('',*,*,#6317,.F.);
#9206=ORIENTED_EDGE('',*,*,#7119,.F.);
#9207=ORIENTED_EDGE('',*,*,#6875,.T.);
#9208=ORIENTED_EDGE('',*,*,#7119,.T.);
#9209=ORIENTED_EDGE('',*,*,#6316,.F.);
#9210=ORIENTED_EDGE('',*,*,#7120,.F.);
#9211=ORIENTED_EDGE('',*,*,#6876,.T.);
#9212=ORIENTED_EDGE('',*,*,#7120,.T.);
#9213=ORIENTED_EDGE('',*,*,#6315,.F.);
#9214=ORIENTED_EDGE('',*,*,#7121,.F.);
#9215=ORIENTED_EDGE('',*,*,#6877,.T.);
#9216=ORIENTED_EDGE('',*,*,#7121,.T.);
#9217=ORIENTED_EDGE('',*,*,#6314,.F.);
#9218=ORIENTED_EDGE('',*,*,#7122,.F.);
#9219=ORIENTED_EDGE('',*,*,#6878,.T.);
#9220=ORIENTED_EDGE('',*,*,#7122,.T.);
#9221=ORIENTED_EDGE('',*,*,#6313,.F.);
#9222=ORIENTED_EDGE('',*,*,#7123,.F.);
#9223=ORIENTED_EDGE('',*,*,#6879,.T.);
#9224=ORIENTED_EDGE('',*,*,#7123,.T.);
#9225=ORIENTED_EDGE('',*,*,#6312,.F.);
#9226=ORIENTED_EDGE('',*,*,#7124,.F.);
#9227=ORIENTED_EDGE('',*,*,#6880,.T.);
#9228=ORIENTED_EDGE('',*,*,#7124,.T.);
#9229=ORIENTED_EDGE('',*,*,#6311,.F.);
#9230=ORIENTED_EDGE('',*,*,#7125,.F.);
#9231=ORIENTED_EDGE('',*,*,#6881,.T.);
#9232=ORIENTED_EDGE('',*,*,#7125,.T.);
#9233=ORIENTED_EDGE('',*,*,#6310,.F.);
#9234=ORIENTED_EDGE('',*,*,#7126,.F.);
#9235=ORIENTED_EDGE('',*,*,#6882,.T.);
#9236=ORIENTED_EDGE('',*,*,#7126,.T.);
#9237=ORIENTED_EDGE('',*,*,#6309,.F.);
#9238=ORIENTED_EDGE('',*,*,#7127,.F.);
#9239=ORIENTED_EDGE('',*,*,#6883,.T.);
#9240=ORIENTED_EDGE('',*,*,#7127,.T.);
#9241=ORIENTED_EDGE('',*,*,#6308,.F.);
#9242=ORIENTED_EDGE('',*,*,#7128,.F.);
#9243=ORIENTED_EDGE('',*,*,#6864,.T.);
#9244=ORIENTED_EDGE('',*,*,#7128,.T.);
#9245=ORIENTED_EDGE('',*,*,#6307,.F.);
#9246=ORIENTED_EDGE('',*,*,#7109,.F.);
#9247=ORIENTED_EDGE('',*,*,#5908,.F.);
#9248=ORIENTED_EDGE('',*,*,#6440,.F.);
#9249=ORIENTED_EDGE('',*,*,#7129,.F.);
#9250=ORIENTED_EDGE('',*,*,#6570,.T.);
#9251=ORIENTED_EDGE('',*,*,#5884,.F.);
#9252=ORIENTED_EDGE('',*,*,#6571,.T.);
#9253=ORIENTED_EDGE('',*,*,#7129,.T.);
#9254=ORIENTED_EDGE('',*,*,#6439,.F.);
#9255=ORIENTED_EDGE('',*,*,#5890,.F.);
#9256=ORIENTED_EDGE('',*,*,#6441,.F.);
#9257=ORIENTED_EDGE('',*,*,#5916,.F.);
#9258=ORIENTED_EDGE('',*,*,#6569,.T.);
#9259=ORIENTED_EDGE('',*,*,#6845,.T.);
#9260=ORIENTED_EDGE('',*,*,#7130,.T.);
#9261=ORIENTED_EDGE('',*,*,#6306,.F.);
#9262=ORIENTED_EDGE('',*,*,#7131,.F.);
#9263=ORIENTED_EDGE('',*,*,#6846,.T.);
#9264=ORIENTED_EDGE('',*,*,#7131,.T.);
#9265=ORIENTED_EDGE('',*,*,#6305,.F.);
#9266=ORIENTED_EDGE('',*,*,#7132,.F.);
#9267=ORIENTED_EDGE('',*,*,#6847,.T.);
#9268=ORIENTED_EDGE('',*,*,#7132,.T.);
#9269=ORIENTED_EDGE('',*,*,#6304,.F.);
#9270=ORIENTED_EDGE('',*,*,#7133,.F.);
#9271=ORIENTED_EDGE('',*,*,#6848,.T.);
#9272=ORIENTED_EDGE('',*,*,#7133,.T.);
#9273=ORIENTED_EDGE('',*,*,#6303,.F.);
#9274=ORIENTED_EDGE('',*,*,#7134,.F.);
#9275=ORIENTED_EDGE('',*,*,#6849,.T.);
#9276=ORIENTED_EDGE('',*,*,#7134,.T.);
#9277=ORIENTED_EDGE('',*,*,#6302,.F.);
#9278=ORIENTED_EDGE('',*,*,#7135,.F.);
#9279=ORIENTED_EDGE('',*,*,#6850,.T.);
#9280=ORIENTED_EDGE('',*,*,#7135,.T.);
#9281=ORIENTED_EDGE('',*,*,#6301,.F.);
#9282=ORIENTED_EDGE('',*,*,#7136,.F.);
#9283=ORIENTED_EDGE('',*,*,#6851,.T.);
#9284=ORIENTED_EDGE('',*,*,#7136,.T.);
#9285=ORIENTED_EDGE('',*,*,#6300,.F.);
#9286=ORIENTED_EDGE('',*,*,#7137,.F.);
#9287=ORIENTED_EDGE('',*,*,#6852,.T.);
#9288=ORIENTED_EDGE('',*,*,#7137,.T.);
#9289=ORIENTED_EDGE('',*,*,#6299,.F.);
#9290=ORIENTED_EDGE('',*,*,#7138,.F.);
#9291=ORIENTED_EDGE('',*,*,#6853,.T.);
#9292=ORIENTED_EDGE('',*,*,#7138,.T.);
#9293=ORIENTED_EDGE('',*,*,#6298,.F.);
#9294=ORIENTED_EDGE('',*,*,#7139,.F.);
#9295=ORIENTED_EDGE('',*,*,#6854,.T.);
#9296=ORIENTED_EDGE('',*,*,#7139,.T.);
#9297=ORIENTED_EDGE('',*,*,#6297,.F.);
#9298=ORIENTED_EDGE('',*,*,#7140,.F.);
#9299=ORIENTED_EDGE('',*,*,#6855,.T.);
#9300=ORIENTED_EDGE('',*,*,#7140,.T.);
#9301=ORIENTED_EDGE('',*,*,#6296,.F.);
#9302=ORIENTED_EDGE('',*,*,#7141,.F.);
#9303=ORIENTED_EDGE('',*,*,#6856,.T.);
#9304=ORIENTED_EDGE('',*,*,#7141,.T.);
#9305=ORIENTED_EDGE('',*,*,#6295,.F.);
#9306=ORIENTED_EDGE('',*,*,#7142,.F.);
#9307=ORIENTED_EDGE('',*,*,#6857,.T.);
#9308=ORIENTED_EDGE('',*,*,#7142,.T.);
#9309=ORIENTED_EDGE('',*,*,#6294,.F.);
#9310=ORIENTED_EDGE('',*,*,#7143,.F.);
#9311=ORIENTED_EDGE('',*,*,#6858,.T.);
#9312=ORIENTED_EDGE('',*,*,#7143,.T.);
#9313=ORIENTED_EDGE('',*,*,#6293,.F.);
#9314=ORIENTED_EDGE('',*,*,#7144,.F.);
#9315=ORIENTED_EDGE('',*,*,#6859,.T.);
#9316=ORIENTED_EDGE('',*,*,#7144,.T.);
#9317=ORIENTED_EDGE('',*,*,#6292,.F.);
#9318=ORIENTED_EDGE('',*,*,#7145,.F.);
#9319=ORIENTED_EDGE('',*,*,#6860,.T.);
#9320=ORIENTED_EDGE('',*,*,#7145,.T.);
#9321=ORIENTED_EDGE('',*,*,#6291,.F.);
#9322=ORIENTED_EDGE('',*,*,#7146,.F.);
#9323=ORIENTED_EDGE('',*,*,#6861,.T.);
#9324=ORIENTED_EDGE('',*,*,#7146,.T.);
#9325=ORIENTED_EDGE('',*,*,#6290,.F.);
#9326=ORIENTED_EDGE('',*,*,#7147,.F.);
#9327=ORIENTED_EDGE('',*,*,#6862,.T.);
#9328=ORIENTED_EDGE('',*,*,#7147,.T.);
#9329=ORIENTED_EDGE('',*,*,#6289,.F.);
#9330=ORIENTED_EDGE('',*,*,#7148,.F.);
#9331=ORIENTED_EDGE('',*,*,#6863,.T.);
#9332=ORIENTED_EDGE('',*,*,#7148,.T.);
#9333=ORIENTED_EDGE('',*,*,#6288,.F.);
#9334=ORIENTED_EDGE('',*,*,#7149,.F.);
#9335=ORIENTED_EDGE('',*,*,#6844,.T.);
#9336=ORIENTED_EDGE('',*,*,#7149,.T.);
#9337=ORIENTED_EDGE('',*,*,#6287,.F.);
#9338=ORIENTED_EDGE('',*,*,#7130,.F.);
#9339=ORIENTED_EDGE('',*,*,#6825,.T.);
#9340=ORIENTED_EDGE('',*,*,#7150,.T.);
#9341=ORIENTED_EDGE('',*,*,#6286,.F.);
#9342=ORIENTED_EDGE('',*,*,#7151,.F.);
#9343=ORIENTED_EDGE('',*,*,#6826,.T.);
#9344=ORIENTED_EDGE('',*,*,#7151,.T.);
#9345=ORIENTED_EDGE('',*,*,#6285,.F.);
#9346=ORIENTED_EDGE('',*,*,#7152,.F.);
#9347=ORIENTED_EDGE('',*,*,#6827,.T.);
#9348=ORIENTED_EDGE('',*,*,#7152,.T.);
#9349=ORIENTED_EDGE('',*,*,#6284,.F.);
#9350=ORIENTED_EDGE('',*,*,#7153,.F.);
#9351=ORIENTED_EDGE('',*,*,#6828,.T.);
#9352=ORIENTED_EDGE('',*,*,#7153,.T.);
#9353=ORIENTED_EDGE('',*,*,#6283,.F.);
#9354=ORIENTED_EDGE('',*,*,#7154,.F.);
#9355=ORIENTED_EDGE('',*,*,#6829,.T.);
#9356=ORIENTED_EDGE('',*,*,#7154,.T.);
#9357=ORIENTED_EDGE('',*,*,#6282,.F.);
#9358=ORIENTED_EDGE('',*,*,#7155,.F.);
#9359=ORIENTED_EDGE('',*,*,#6830,.T.);
#9360=ORIENTED_EDGE('',*,*,#7155,.T.);
#9361=ORIENTED_EDGE('',*,*,#6281,.F.);
#9362=ORIENTED_EDGE('',*,*,#7156,.F.);
#9363=ORIENTED_EDGE('',*,*,#6831,.T.);
#9364=ORIENTED_EDGE('',*,*,#7156,.T.);
#9365=ORIENTED_EDGE('',*,*,#6280,.F.);
#9366=ORIENTED_EDGE('',*,*,#7157,.F.);
#9367=ORIENTED_EDGE('',*,*,#6832,.T.);
#9368=ORIENTED_EDGE('',*,*,#7157,.T.);
#9369=ORIENTED_EDGE('',*,*,#6279,.F.);
#9370=ORIENTED_EDGE('',*,*,#7158,.F.);
#9371=ORIENTED_EDGE('',*,*,#6833,.T.);
#9372=ORIENTED_EDGE('',*,*,#7158,.T.);
#9373=ORIENTED_EDGE('',*,*,#6278,.F.);
#9374=ORIENTED_EDGE('',*,*,#7159,.F.);
#9375=ORIENTED_EDGE('',*,*,#6834,.T.);
#9376=ORIENTED_EDGE('',*,*,#7159,.T.);
#9377=ORIENTED_EDGE('',*,*,#6277,.F.);
#9378=ORIENTED_EDGE('',*,*,#7160,.F.);
#9379=ORIENTED_EDGE('',*,*,#6835,.T.);
#9380=ORIENTED_EDGE('',*,*,#7160,.T.);
#9381=ORIENTED_EDGE('',*,*,#6276,.F.);
#9382=ORIENTED_EDGE('',*,*,#7161,.F.);
#9383=ORIENTED_EDGE('',*,*,#6836,.T.);
#9384=ORIENTED_EDGE('',*,*,#7161,.T.);
#9385=ORIENTED_EDGE('',*,*,#6275,.F.);
#9386=ORIENTED_EDGE('',*,*,#7162,.F.);
#9387=ORIENTED_EDGE('',*,*,#6837,.T.);
#9388=ORIENTED_EDGE('',*,*,#7162,.T.);
#9389=ORIENTED_EDGE('',*,*,#6274,.F.);
#9390=ORIENTED_EDGE('',*,*,#7163,.F.);
#9391=ORIENTED_EDGE('',*,*,#6838,.T.);
#9392=ORIENTED_EDGE('',*,*,#7163,.T.);
#9393=ORIENTED_EDGE('',*,*,#6273,.F.);
#9394=ORIENTED_EDGE('',*,*,#7164,.F.);
#9395=ORIENTED_EDGE('',*,*,#6839,.T.);
#9396=ORIENTED_EDGE('',*,*,#7164,.T.);
#9397=ORIENTED_EDGE('',*,*,#6272,.F.);
#9398=ORIENTED_EDGE('',*,*,#7165,.F.);
#9399=ORIENTED_EDGE('',*,*,#6840,.T.);
#9400=ORIENTED_EDGE('',*,*,#7165,.T.);
#9401=ORIENTED_EDGE('',*,*,#6271,.F.);
#9402=ORIENTED_EDGE('',*,*,#7166,.F.);
#9403=ORIENTED_EDGE('',*,*,#6841,.T.);
#9404=ORIENTED_EDGE('',*,*,#7166,.T.);
#9405=ORIENTED_EDGE('',*,*,#6270,.F.);
#9406=ORIENTED_EDGE('',*,*,#7167,.F.);
#9407=ORIENTED_EDGE('',*,*,#6842,.T.);
#9408=ORIENTED_EDGE('',*,*,#7167,.T.);
#9409=ORIENTED_EDGE('',*,*,#6269,.F.);
#9410=ORIENTED_EDGE('',*,*,#7168,.F.);
#9411=ORIENTED_EDGE('',*,*,#6843,.T.);
#9412=ORIENTED_EDGE('',*,*,#7168,.T.);
#9413=ORIENTED_EDGE('',*,*,#6268,.F.);
#9414=ORIENTED_EDGE('',*,*,#7169,.F.);
#9415=ORIENTED_EDGE('',*,*,#6824,.T.);
#9416=ORIENTED_EDGE('',*,*,#7169,.T.);
#9417=ORIENTED_EDGE('',*,*,#6267,.F.);
#9418=ORIENTED_EDGE('',*,*,#7150,.F.);
#9419=ORIENTED_EDGE('',*,*,#6805,.T.);
#9420=ORIENTED_EDGE('',*,*,#7170,.T.);
#9421=ORIENTED_EDGE('',*,*,#6266,.F.);
#9422=ORIENTED_EDGE('',*,*,#7171,.F.);
#9423=ORIENTED_EDGE('',*,*,#6806,.T.);
#9424=ORIENTED_EDGE('',*,*,#7171,.T.);
#9425=ORIENTED_EDGE('',*,*,#6265,.F.);
#9426=ORIENTED_EDGE('',*,*,#7172,.F.);
#9427=ORIENTED_EDGE('',*,*,#6807,.T.);
#9428=ORIENTED_EDGE('',*,*,#7172,.T.);
#9429=ORIENTED_EDGE('',*,*,#6264,.F.);
#9430=ORIENTED_EDGE('',*,*,#7173,.F.);
#9431=ORIENTED_EDGE('',*,*,#6808,.T.);
#9432=ORIENTED_EDGE('',*,*,#7173,.T.);
#9433=ORIENTED_EDGE('',*,*,#6263,.F.);
#9434=ORIENTED_EDGE('',*,*,#7174,.F.);
#9435=ORIENTED_EDGE('',*,*,#6809,.T.);
#9436=ORIENTED_EDGE('',*,*,#7174,.T.);
#9437=ORIENTED_EDGE('',*,*,#6262,.F.);
#9438=ORIENTED_EDGE('',*,*,#7175,.F.);
#9439=ORIENTED_EDGE('',*,*,#6810,.T.);
#9440=ORIENTED_EDGE('',*,*,#7175,.T.);
#9441=ORIENTED_EDGE('',*,*,#6261,.F.);
#9442=ORIENTED_EDGE('',*,*,#7176,.F.);
#9443=ORIENTED_EDGE('',*,*,#6811,.T.);
#9444=ORIENTED_EDGE('',*,*,#7176,.T.);
#9445=ORIENTED_EDGE('',*,*,#6260,.F.);
#9446=ORIENTED_EDGE('',*,*,#7177,.F.);
#9447=ORIENTED_EDGE('',*,*,#6812,.T.);
#9448=ORIENTED_EDGE('',*,*,#7177,.T.);
#9449=ORIENTED_EDGE('',*,*,#6259,.F.);
#9450=ORIENTED_EDGE('',*,*,#7178,.F.);
#9451=ORIENTED_EDGE('',*,*,#6813,.T.);
#9452=ORIENTED_EDGE('',*,*,#7178,.T.);
#9453=ORIENTED_EDGE('',*,*,#6258,.F.);
#9454=ORIENTED_EDGE('',*,*,#7179,.F.);
#9455=ORIENTED_EDGE('',*,*,#6814,.T.);
#9456=ORIENTED_EDGE('',*,*,#7179,.T.);
#9457=ORIENTED_EDGE('',*,*,#6257,.F.);
#9458=ORIENTED_EDGE('',*,*,#7180,.F.);
#9459=ORIENTED_EDGE('',*,*,#6815,.T.);
#9460=ORIENTED_EDGE('',*,*,#7180,.T.);
#9461=ORIENTED_EDGE('',*,*,#6256,.F.);
#9462=ORIENTED_EDGE('',*,*,#7181,.F.);
#9463=ORIENTED_EDGE('',*,*,#6816,.T.);
#9464=ORIENTED_EDGE('',*,*,#7181,.T.);
#9465=ORIENTED_EDGE('',*,*,#6255,.F.);
#9466=ORIENTED_EDGE('',*,*,#7182,.F.);
#9467=ORIENTED_EDGE('',*,*,#6817,.T.);
#9468=ORIENTED_EDGE('',*,*,#7182,.T.);
#9469=ORIENTED_EDGE('',*,*,#6254,.F.);
#9470=ORIENTED_EDGE('',*,*,#7183,.F.);
#9471=ORIENTED_EDGE('',*,*,#6818,.T.);
#9472=ORIENTED_EDGE('',*,*,#7183,.T.);
#9473=ORIENTED_EDGE('',*,*,#6253,.F.);
#9474=ORIENTED_EDGE('',*,*,#7184,.F.);
#9475=ORIENTED_EDGE('',*,*,#6819,.T.);
#9476=ORIENTED_EDGE('',*,*,#7184,.T.);
#9477=ORIENTED_EDGE('',*,*,#6252,.F.);
#9478=ORIENTED_EDGE('',*,*,#7185,.F.);
#9479=ORIENTED_EDGE('',*,*,#6820,.T.);
#9480=ORIENTED_EDGE('',*,*,#7185,.T.);
#9481=ORIENTED_EDGE('',*,*,#6251,.F.);
#9482=ORIENTED_EDGE('',*,*,#7186,.F.);
#9483=ORIENTED_EDGE('',*,*,#6821,.T.);
#9484=ORIENTED_EDGE('',*,*,#7186,.T.);
#9485=ORIENTED_EDGE('',*,*,#6250,.F.);
#9486=ORIENTED_EDGE('',*,*,#7187,.F.);
#9487=ORIENTED_EDGE('',*,*,#6822,.T.);
#9488=ORIENTED_EDGE('',*,*,#7187,.T.);
#9489=ORIENTED_EDGE('',*,*,#6249,.F.);
#9490=ORIENTED_EDGE('',*,*,#7188,.F.);
#9491=ORIENTED_EDGE('',*,*,#6823,.T.);
#9492=ORIENTED_EDGE('',*,*,#7188,.T.);
#9493=ORIENTED_EDGE('',*,*,#6248,.F.);
#9494=ORIENTED_EDGE('',*,*,#7189,.F.);
#9495=ORIENTED_EDGE('',*,*,#6804,.T.);
#9496=ORIENTED_EDGE('',*,*,#7189,.T.);
#9497=ORIENTED_EDGE('',*,*,#6247,.F.);
#9498=ORIENTED_EDGE('',*,*,#7170,.F.);
#9499=ORIENTED_EDGE('',*,*,#6785,.T.);
#9500=ORIENTED_EDGE('',*,*,#7190,.T.);
#9501=ORIENTED_EDGE('',*,*,#6246,.F.);
#9502=ORIENTED_EDGE('',*,*,#7191,.F.);
#9503=ORIENTED_EDGE('',*,*,#6786,.T.);
#9504=ORIENTED_EDGE('',*,*,#7191,.T.);
#9505=ORIENTED_EDGE('',*,*,#6245,.F.);
#9506=ORIENTED_EDGE('',*,*,#7192,.F.);
#9507=ORIENTED_EDGE('',*,*,#6787,.T.);
#9508=ORIENTED_EDGE('',*,*,#7192,.T.);
#9509=ORIENTED_EDGE('',*,*,#6244,.F.);
#9510=ORIENTED_EDGE('',*,*,#7193,.F.);
#9511=ORIENTED_EDGE('',*,*,#6788,.T.);
#9512=ORIENTED_EDGE('',*,*,#7193,.T.);
#9513=ORIENTED_EDGE('',*,*,#6243,.F.);
#9514=ORIENTED_EDGE('',*,*,#7194,.F.);
#9515=ORIENTED_EDGE('',*,*,#6789,.T.);
#9516=ORIENTED_EDGE('',*,*,#7194,.T.);
#9517=ORIENTED_EDGE('',*,*,#6242,.F.);
#9518=ORIENTED_EDGE('',*,*,#7195,.F.);
#9519=ORIENTED_EDGE('',*,*,#6790,.T.);
#9520=ORIENTED_EDGE('',*,*,#7195,.T.);
#9521=ORIENTED_EDGE('',*,*,#6241,.F.);
#9522=ORIENTED_EDGE('',*,*,#7196,.F.);
#9523=ORIENTED_EDGE('',*,*,#6791,.T.);
#9524=ORIENTED_EDGE('',*,*,#7196,.T.);
#9525=ORIENTED_EDGE('',*,*,#6240,.F.);
#9526=ORIENTED_EDGE('',*,*,#7197,.F.);
#9527=ORIENTED_EDGE('',*,*,#6792,.T.);
#9528=ORIENTED_EDGE('',*,*,#7197,.T.);
#9529=ORIENTED_EDGE('',*,*,#6239,.F.);
#9530=ORIENTED_EDGE('',*,*,#7198,.F.);
#9531=ORIENTED_EDGE('',*,*,#6793,.T.);
#9532=ORIENTED_EDGE('',*,*,#7198,.T.);
#9533=ORIENTED_EDGE('',*,*,#6238,.F.);
#9534=ORIENTED_EDGE('',*,*,#7199,.F.);
#9535=ORIENTED_EDGE('',*,*,#6794,.T.);
#9536=ORIENTED_EDGE('',*,*,#7199,.T.);
#9537=ORIENTED_EDGE('',*,*,#6237,.F.);
#9538=ORIENTED_EDGE('',*,*,#7200,.F.);
#9539=ORIENTED_EDGE('',*,*,#6795,.T.);
#9540=ORIENTED_EDGE('',*,*,#7200,.T.);
#9541=ORIENTED_EDGE('',*,*,#6236,.F.);
#9542=ORIENTED_EDGE('',*,*,#7201,.F.);
#9543=ORIENTED_EDGE('',*,*,#6796,.T.);
#9544=ORIENTED_EDGE('',*,*,#7201,.T.);
#9545=ORIENTED_EDGE('',*,*,#6235,.F.);
#9546=ORIENTED_EDGE('',*,*,#7202,.F.);
#9547=ORIENTED_EDGE('',*,*,#6797,.T.);
#9548=ORIENTED_EDGE('',*,*,#7202,.T.);
#9549=ORIENTED_EDGE('',*,*,#6234,.F.);
#9550=ORIENTED_EDGE('',*,*,#7203,.F.);
#9551=ORIENTED_EDGE('',*,*,#6798,.T.);
#9552=ORIENTED_EDGE('',*,*,#7203,.T.);
#9553=ORIENTED_EDGE('',*,*,#6233,.F.);
#9554=ORIENTED_EDGE('',*,*,#7204,.F.);
#9555=ORIENTED_EDGE('',*,*,#6799,.T.);
#9556=ORIENTED_EDGE('',*,*,#7204,.T.);
#9557=ORIENTED_EDGE('',*,*,#6232,.F.);
#9558=ORIENTED_EDGE('',*,*,#7205,.F.);
#9559=ORIENTED_EDGE('',*,*,#6800,.T.);
#9560=ORIENTED_EDGE('',*,*,#7205,.T.);
#9561=ORIENTED_EDGE('',*,*,#6231,.F.);
#9562=ORIENTED_EDGE('',*,*,#7206,.F.);
#9563=ORIENTED_EDGE('',*,*,#6801,.T.);
#9564=ORIENTED_EDGE('',*,*,#7206,.T.);
#9565=ORIENTED_EDGE('',*,*,#6230,.F.);
#9566=ORIENTED_EDGE('',*,*,#7207,.F.);
#9567=ORIENTED_EDGE('',*,*,#6802,.T.);
#9568=ORIENTED_EDGE('',*,*,#7207,.T.);
#9569=ORIENTED_EDGE('',*,*,#6229,.F.);
#9570=ORIENTED_EDGE('',*,*,#7208,.F.);
#9571=ORIENTED_EDGE('',*,*,#6803,.T.);
#9572=ORIENTED_EDGE('',*,*,#7208,.T.);
#9573=ORIENTED_EDGE('',*,*,#6228,.F.);
#9574=ORIENTED_EDGE('',*,*,#7209,.F.);
#9575=ORIENTED_EDGE('',*,*,#6784,.T.);
#9576=ORIENTED_EDGE('',*,*,#7209,.T.);
#9577=ORIENTED_EDGE('',*,*,#6227,.F.);
#9578=ORIENTED_EDGE('',*,*,#7190,.F.);
#9579=ORIENTED_EDGE('',*,*,#6765,.T.);
#9580=ORIENTED_EDGE('',*,*,#7210,.T.);
#9581=ORIENTED_EDGE('',*,*,#6226,.F.);
#9582=ORIENTED_EDGE('',*,*,#7211,.F.);
#9583=ORIENTED_EDGE('',*,*,#6766,.T.);
#9584=ORIENTED_EDGE('',*,*,#7211,.T.);
#9585=ORIENTED_EDGE('',*,*,#6225,.F.);
#9586=ORIENTED_EDGE('',*,*,#7212,.F.);
#9587=ORIENTED_EDGE('',*,*,#6767,.T.);
#9588=ORIENTED_EDGE('',*,*,#7212,.T.);
#9589=ORIENTED_EDGE('',*,*,#6224,.F.);
#9590=ORIENTED_EDGE('',*,*,#7213,.F.);
#9591=ORIENTED_EDGE('',*,*,#6768,.T.);
#9592=ORIENTED_EDGE('',*,*,#7213,.T.);
#9593=ORIENTED_EDGE('',*,*,#6223,.F.);
#9594=ORIENTED_EDGE('',*,*,#7214,.F.);
#9595=ORIENTED_EDGE('',*,*,#6769,.T.);
#9596=ORIENTED_EDGE('',*,*,#7214,.T.);
#9597=ORIENTED_EDGE('',*,*,#6222,.F.);
#9598=ORIENTED_EDGE('',*,*,#7215,.F.);
#9599=ORIENTED_EDGE('',*,*,#6770,.T.);
#9600=ORIENTED_EDGE('',*,*,#7215,.T.);
#9601=ORIENTED_EDGE('',*,*,#6221,.F.);
#9602=ORIENTED_EDGE('',*,*,#7216,.F.);
#9603=ORIENTED_EDGE('',*,*,#6771,.T.);
#9604=ORIENTED_EDGE('',*,*,#7216,.T.);
#9605=ORIENTED_EDGE('',*,*,#6220,.F.);
#9606=ORIENTED_EDGE('',*,*,#7217,.F.);
#9607=ORIENTED_EDGE('',*,*,#6772,.T.);
#9608=ORIENTED_EDGE('',*,*,#7217,.T.);
#9609=ORIENTED_EDGE('',*,*,#6219,.F.);
#9610=ORIENTED_EDGE('',*,*,#7218,.F.);
#9611=ORIENTED_EDGE('',*,*,#6773,.T.);
#9612=ORIENTED_EDGE('',*,*,#7218,.T.);
#9613=ORIENTED_EDGE('',*,*,#6218,.F.);
#9614=ORIENTED_EDGE('',*,*,#7219,.F.);
#9615=ORIENTED_EDGE('',*,*,#6774,.T.);
#9616=ORIENTED_EDGE('',*,*,#7219,.T.);
#9617=ORIENTED_EDGE('',*,*,#6217,.F.);
#9618=ORIENTED_EDGE('',*,*,#7220,.F.);
#9619=ORIENTED_EDGE('',*,*,#6775,.T.);
#9620=ORIENTED_EDGE('',*,*,#7220,.T.);
#9621=ORIENTED_EDGE('',*,*,#6216,.F.);
#9622=ORIENTED_EDGE('',*,*,#7221,.F.);
#9623=ORIENTED_EDGE('',*,*,#6776,.T.);
#9624=ORIENTED_EDGE('',*,*,#7221,.T.);
#9625=ORIENTED_EDGE('',*,*,#6215,.F.);
#9626=ORIENTED_EDGE('',*,*,#7222,.F.);
#9627=ORIENTED_EDGE('',*,*,#6777,.T.);
#9628=ORIENTED_EDGE('',*,*,#7222,.T.);
#9629=ORIENTED_EDGE('',*,*,#6214,.F.);
#9630=ORIENTED_EDGE('',*,*,#7223,.F.);
#9631=ORIENTED_EDGE('',*,*,#6778,.T.);
#9632=ORIENTED_EDGE('',*,*,#7223,.T.);
#9633=ORIENTED_EDGE('',*,*,#6213,.F.);
#9634=ORIENTED_EDGE('',*,*,#7224,.F.);
#9635=ORIENTED_EDGE('',*,*,#6779,.T.);
#9636=ORIENTED_EDGE('',*,*,#7224,.T.);
#9637=ORIENTED_EDGE('',*,*,#6212,.F.);
#9638=ORIENTED_EDGE('',*,*,#7225,.F.);
#9639=ORIENTED_EDGE('',*,*,#6780,.T.);
#9640=ORIENTED_EDGE('',*,*,#7225,.T.);
#9641=ORIENTED_EDGE('',*,*,#6211,.F.);
#9642=ORIENTED_EDGE('',*,*,#7226,.F.);
#9643=ORIENTED_EDGE('',*,*,#6781,.T.);
#9644=ORIENTED_EDGE('',*,*,#7226,.T.);
#9645=ORIENTED_EDGE('',*,*,#6210,.F.);
#9646=ORIENTED_EDGE('',*,*,#7227,.F.);
#9647=ORIENTED_EDGE('',*,*,#6782,.T.);
#9648=ORIENTED_EDGE('',*,*,#7227,.T.);
#9649=ORIENTED_EDGE('',*,*,#6209,.F.);
#9650=ORIENTED_EDGE('',*,*,#7228,.F.);
#9651=ORIENTED_EDGE('',*,*,#6783,.T.);
#9652=ORIENTED_EDGE('',*,*,#7228,.T.);
#9653=ORIENTED_EDGE('',*,*,#6208,.F.);
#9654=ORIENTED_EDGE('',*,*,#7229,.F.);
#9655=ORIENTED_EDGE('',*,*,#6764,.T.);
#9656=ORIENTED_EDGE('',*,*,#7229,.T.);
#9657=ORIENTED_EDGE('',*,*,#6207,.F.);
#9658=ORIENTED_EDGE('',*,*,#7210,.F.);
#9659=ORIENTED_EDGE('',*,*,#6745,.T.);
#9660=ORIENTED_EDGE('',*,*,#7230,.T.);
#9661=ORIENTED_EDGE('',*,*,#6206,.F.);
#9662=ORIENTED_EDGE('',*,*,#7231,.F.);
#9663=ORIENTED_EDGE('',*,*,#6746,.T.);
#9664=ORIENTED_EDGE('',*,*,#7231,.T.);
#9665=ORIENTED_EDGE('',*,*,#6205,.F.);
#9666=ORIENTED_EDGE('',*,*,#7232,.F.);
#9667=ORIENTED_EDGE('',*,*,#6747,.T.);
#9668=ORIENTED_EDGE('',*,*,#7232,.T.);
#9669=ORIENTED_EDGE('',*,*,#6204,.F.);
#9670=ORIENTED_EDGE('',*,*,#7233,.F.);
#9671=ORIENTED_EDGE('',*,*,#6748,.T.);
#9672=ORIENTED_EDGE('',*,*,#7233,.T.);
#9673=ORIENTED_EDGE('',*,*,#6203,.F.);
#9674=ORIENTED_EDGE('',*,*,#7234,.F.);
#9675=ORIENTED_EDGE('',*,*,#6749,.T.);
#9676=ORIENTED_EDGE('',*,*,#7234,.T.);
#9677=ORIENTED_EDGE('',*,*,#6202,.F.);
#9678=ORIENTED_EDGE('',*,*,#7235,.F.);
#9679=ORIENTED_EDGE('',*,*,#6750,.T.);
#9680=ORIENTED_EDGE('',*,*,#7235,.T.);
#9681=ORIENTED_EDGE('',*,*,#6201,.F.);
#9682=ORIENTED_EDGE('',*,*,#7236,.F.);
#9683=ORIENTED_EDGE('',*,*,#6751,.T.);
#9684=ORIENTED_EDGE('',*,*,#7236,.T.);
#9685=ORIENTED_EDGE('',*,*,#6200,.F.);
#9686=ORIENTED_EDGE('',*,*,#7237,.F.);
#9687=ORIENTED_EDGE('',*,*,#6752,.T.);
#9688=ORIENTED_EDGE('',*,*,#7237,.T.);
#9689=ORIENTED_EDGE('',*,*,#6199,.F.);
#9690=ORIENTED_EDGE('',*,*,#7238,.F.);
#9691=ORIENTED_EDGE('',*,*,#6753,.T.);
#9692=ORIENTED_EDGE('',*,*,#7238,.T.);
#9693=ORIENTED_EDGE('',*,*,#6198,.F.);
#9694=ORIENTED_EDGE('',*,*,#7239,.F.);
#9695=ORIENTED_EDGE('',*,*,#6754,.T.);
#9696=ORIENTED_EDGE('',*,*,#7239,.T.);
#9697=ORIENTED_EDGE('',*,*,#6197,.F.);
#9698=ORIENTED_EDGE('',*,*,#7240,.F.);
#9699=ORIENTED_EDGE('',*,*,#6755,.T.);
#9700=ORIENTED_EDGE('',*,*,#7240,.T.);
#9701=ORIENTED_EDGE('',*,*,#6196,.F.);
#9702=ORIENTED_EDGE('',*,*,#7241,.F.);
#9703=ORIENTED_EDGE('',*,*,#6756,.T.);
#9704=ORIENTED_EDGE('',*,*,#7241,.T.);
#9705=ORIENTED_EDGE('',*,*,#6195,.F.);
#9706=ORIENTED_EDGE('',*,*,#7242,.F.);
#9707=ORIENTED_EDGE('',*,*,#6757,.T.);
#9708=ORIENTED_EDGE('',*,*,#7242,.T.);
#9709=ORIENTED_EDGE('',*,*,#6194,.F.);
#9710=ORIENTED_EDGE('',*,*,#7243,.F.);
#9711=ORIENTED_EDGE('',*,*,#6758,.T.);
#9712=ORIENTED_EDGE('',*,*,#7243,.T.);
#9713=ORIENTED_EDGE('',*,*,#6193,.F.);
#9714=ORIENTED_EDGE('',*,*,#7244,.F.);
#9715=ORIENTED_EDGE('',*,*,#6759,.T.);
#9716=ORIENTED_EDGE('',*,*,#7244,.T.);
#9717=ORIENTED_EDGE('',*,*,#6192,.F.);
#9718=ORIENTED_EDGE('',*,*,#7245,.F.);
#9719=ORIENTED_EDGE('',*,*,#6760,.T.);
#9720=ORIENTED_EDGE('',*,*,#7245,.T.);
#9721=ORIENTED_EDGE('',*,*,#6191,.F.);
#9722=ORIENTED_EDGE('',*,*,#7246,.F.);
#9723=ORIENTED_EDGE('',*,*,#6761,.T.);
#9724=ORIENTED_EDGE('',*,*,#7246,.T.);
#9725=ORIENTED_EDGE('',*,*,#6190,.F.);
#9726=ORIENTED_EDGE('',*,*,#7247,.F.);
#9727=ORIENTED_EDGE('',*,*,#6762,.T.);
#9728=ORIENTED_EDGE('',*,*,#7247,.T.);
#9729=ORIENTED_EDGE('',*,*,#6189,.F.);
#9730=ORIENTED_EDGE('',*,*,#7248,.F.);
#9731=ORIENTED_EDGE('',*,*,#6763,.T.);
#9732=ORIENTED_EDGE('',*,*,#7248,.T.);
#9733=ORIENTED_EDGE('',*,*,#6188,.F.);
#9734=ORIENTED_EDGE('',*,*,#7249,.F.);
#9735=ORIENTED_EDGE('',*,*,#6744,.T.);
#9736=ORIENTED_EDGE('',*,*,#7249,.T.);
#9737=ORIENTED_EDGE('',*,*,#6187,.F.);
#9738=ORIENTED_EDGE('',*,*,#7230,.F.);
#9739=ORIENTED_EDGE('',*,*,#6725,.T.);
#9740=ORIENTED_EDGE('',*,*,#7250,.T.);
#9741=ORIENTED_EDGE('',*,*,#6186,.F.);
#9742=ORIENTED_EDGE('',*,*,#7251,.F.);
#9743=ORIENTED_EDGE('',*,*,#6726,.T.);
#9744=ORIENTED_EDGE('',*,*,#7251,.T.);
#9745=ORIENTED_EDGE('',*,*,#6185,.F.);
#9746=ORIENTED_EDGE('',*,*,#7252,.F.);
#9747=ORIENTED_EDGE('',*,*,#6727,.T.);
#9748=ORIENTED_EDGE('',*,*,#7252,.T.);
#9749=ORIENTED_EDGE('',*,*,#6184,.F.);
#9750=ORIENTED_EDGE('',*,*,#7253,.F.);
#9751=ORIENTED_EDGE('',*,*,#6728,.T.);
#9752=ORIENTED_EDGE('',*,*,#7253,.T.);
#9753=ORIENTED_EDGE('',*,*,#6183,.F.);
#9754=ORIENTED_EDGE('',*,*,#7254,.F.);
#9755=ORIENTED_EDGE('',*,*,#6729,.T.);
#9756=ORIENTED_EDGE('',*,*,#7254,.T.);
#9757=ORIENTED_EDGE('',*,*,#6182,.F.);
#9758=ORIENTED_EDGE('',*,*,#7255,.F.);
#9759=ORIENTED_EDGE('',*,*,#6730,.T.);
#9760=ORIENTED_EDGE('',*,*,#7255,.T.);
#9761=ORIENTED_EDGE('',*,*,#6181,.F.);
#9762=ORIENTED_EDGE('',*,*,#7256,.F.);
#9763=ORIENTED_EDGE('',*,*,#6731,.T.);
#9764=ORIENTED_EDGE('',*,*,#7256,.T.);
#9765=ORIENTED_EDGE('',*,*,#6180,.F.);
#9766=ORIENTED_EDGE('',*,*,#7257,.F.);
#9767=ORIENTED_EDGE('',*,*,#6732,.T.);
#9768=ORIENTED_EDGE('',*,*,#7257,.T.);
#9769=ORIENTED_EDGE('',*,*,#6179,.F.);
#9770=ORIENTED_EDGE('',*,*,#7258,.F.);
#9771=ORIENTED_EDGE('',*,*,#6733,.T.);
#9772=ORIENTED_EDGE('',*,*,#7258,.T.);
#9773=ORIENTED_EDGE('',*,*,#6178,.F.);
#9774=ORIENTED_EDGE('',*,*,#7259,.F.);
#9775=ORIENTED_EDGE('',*,*,#6734,.T.);
#9776=ORIENTED_EDGE('',*,*,#7259,.T.);
#9777=ORIENTED_EDGE('',*,*,#6177,.F.);
#9778=ORIENTED_EDGE('',*,*,#7260,.F.);
#9779=ORIENTED_EDGE('',*,*,#6735,.T.);
#9780=ORIENTED_EDGE('',*,*,#7260,.T.);
#9781=ORIENTED_EDGE('',*,*,#6176,.F.);
#9782=ORIENTED_EDGE('',*,*,#7261,.F.);
#9783=ORIENTED_EDGE('',*,*,#6736,.T.);
#9784=ORIENTED_EDGE('',*,*,#7261,.T.);
#9785=ORIENTED_EDGE('',*,*,#6175,.F.);
#9786=ORIENTED_EDGE('',*,*,#7262,.F.);
#9787=ORIENTED_EDGE('',*,*,#6737,.T.);
#9788=ORIENTED_EDGE('',*,*,#7262,.T.);
#9789=ORIENTED_EDGE('',*,*,#6174,.F.);
#9790=ORIENTED_EDGE('',*,*,#7263,.F.);
#9791=ORIENTED_EDGE('',*,*,#6738,.T.);
#9792=ORIENTED_EDGE('',*,*,#7263,.T.);
#9793=ORIENTED_EDGE('',*,*,#6173,.F.);
#9794=ORIENTED_EDGE('',*,*,#7264,.F.);
#9795=ORIENTED_EDGE('',*,*,#6739,.T.);
#9796=ORIENTED_EDGE('',*,*,#7264,.T.);
#9797=ORIENTED_EDGE('',*,*,#6172,.F.);
#9798=ORIENTED_EDGE('',*,*,#7265,.F.);
#9799=ORIENTED_EDGE('',*,*,#6740,.T.);
#9800=ORIENTED_EDGE('',*,*,#7265,.T.);
#9801=ORIENTED_EDGE('',*,*,#6171,.F.);
#9802=ORIENTED_EDGE('',*,*,#7266,.F.);
#9803=ORIENTED_EDGE('',*,*,#6741,.T.);
#9804=ORIENTED_EDGE('',*,*,#7266,.T.);
#9805=ORIENTED_EDGE('',*,*,#6170,.F.);
#9806=ORIENTED_EDGE('',*,*,#7267,.F.);
#9807=ORIENTED_EDGE('',*,*,#6742,.T.);
#9808=ORIENTED_EDGE('',*,*,#7267,.T.);
#9809=ORIENTED_EDGE('',*,*,#6169,.F.);
#9810=ORIENTED_EDGE('',*,*,#7268,.F.);
#9811=ORIENTED_EDGE('',*,*,#6743,.T.);
#9812=ORIENTED_EDGE('',*,*,#7268,.T.);
#9813=ORIENTED_EDGE('',*,*,#6168,.F.);
#9814=ORIENTED_EDGE('',*,*,#7269,.F.);
#9815=ORIENTED_EDGE('',*,*,#6724,.T.);
#9816=ORIENTED_EDGE('',*,*,#7269,.T.);
#9817=ORIENTED_EDGE('',*,*,#6167,.F.);
#9818=ORIENTED_EDGE('',*,*,#7250,.F.);
#9819=ORIENTED_EDGE('',*,*,#6723,.T.);
#9820=ORIENTED_EDGE('',*,*,#7270,.T.);
#9821=ORIENTED_EDGE('',*,*,#6166,.F.);
#9822=ORIENTED_EDGE('',*,*,#7270,.F.);
#9823=ORIENTED_EDGE('',*,*,#6704,.T.);
#9824=ORIENTED_EDGE('',*,*,#7271,.T.);
#9825=ORIENTED_EDGE('',*,*,#6165,.F.);
#9826=ORIENTED_EDGE('',*,*,#7272,.F.);
#9827=ORIENTED_EDGE('',*,*,#6705,.T.);
#9828=ORIENTED_EDGE('',*,*,#7272,.T.);
#9829=ORIENTED_EDGE('',*,*,#6164,.F.);
#9830=ORIENTED_EDGE('',*,*,#7273,.F.);
#9831=ORIENTED_EDGE('',*,*,#6706,.T.);
#9832=ORIENTED_EDGE('',*,*,#7273,.T.);
#9833=ORIENTED_EDGE('',*,*,#6163,.F.);
#9834=ORIENTED_EDGE('',*,*,#7274,.F.);
#9835=ORIENTED_EDGE('',*,*,#6707,.T.);
#9836=ORIENTED_EDGE('',*,*,#7274,.T.);
#9837=ORIENTED_EDGE('',*,*,#6162,.F.);
#9838=ORIENTED_EDGE('',*,*,#7275,.F.);
#9839=ORIENTED_EDGE('',*,*,#6708,.T.);
#9840=ORIENTED_EDGE('',*,*,#7275,.T.);
#9841=ORIENTED_EDGE('',*,*,#6161,.F.);
#9842=ORIENTED_EDGE('',*,*,#7276,.F.);
#9843=ORIENTED_EDGE('',*,*,#6709,.T.);
#9844=ORIENTED_EDGE('',*,*,#7276,.T.);
#9845=ORIENTED_EDGE('',*,*,#6160,.F.);
#9846=ORIENTED_EDGE('',*,*,#7277,.F.);
#9847=ORIENTED_EDGE('',*,*,#6710,.T.);
#9848=ORIENTED_EDGE('',*,*,#7277,.T.);
#9849=ORIENTED_EDGE('',*,*,#6159,.F.);
#9850=ORIENTED_EDGE('',*,*,#7278,.F.);
#9851=ORIENTED_EDGE('',*,*,#6711,.T.);
#9852=ORIENTED_EDGE('',*,*,#7278,.T.);
#9853=ORIENTED_EDGE('',*,*,#6158,.F.);
#9854=ORIENTED_EDGE('',*,*,#7279,.F.);
#9855=ORIENTED_EDGE('',*,*,#6712,.T.);
#9856=ORIENTED_EDGE('',*,*,#7279,.T.);
#9857=ORIENTED_EDGE('',*,*,#6157,.F.);
#9858=ORIENTED_EDGE('',*,*,#7280,.F.);
#9859=ORIENTED_EDGE('',*,*,#6713,.T.);
#9860=ORIENTED_EDGE('',*,*,#7280,.T.);
#9861=ORIENTED_EDGE('',*,*,#6156,.F.);
#9862=ORIENTED_EDGE('',*,*,#7281,.F.);
#9863=ORIENTED_EDGE('',*,*,#6714,.T.);
#9864=ORIENTED_EDGE('',*,*,#7281,.T.);
#9865=ORIENTED_EDGE('',*,*,#6155,.F.);
#9866=ORIENTED_EDGE('',*,*,#7282,.F.);
#9867=ORIENTED_EDGE('',*,*,#6715,.T.);
#9868=ORIENTED_EDGE('',*,*,#7282,.T.);
#9869=ORIENTED_EDGE('',*,*,#6154,.F.);
#9870=ORIENTED_EDGE('',*,*,#7283,.F.);
#9871=ORIENTED_EDGE('',*,*,#6716,.T.);
#9872=ORIENTED_EDGE('',*,*,#7283,.T.);
#9873=ORIENTED_EDGE('',*,*,#6153,.F.);
#9874=ORIENTED_EDGE('',*,*,#7284,.F.);
#9875=ORIENTED_EDGE('',*,*,#6717,.T.);
#9876=ORIENTED_EDGE('',*,*,#7284,.T.);
#9877=ORIENTED_EDGE('',*,*,#6152,.F.);
#9878=ORIENTED_EDGE('',*,*,#7285,.F.);
#9879=ORIENTED_EDGE('',*,*,#6718,.T.);
#9880=ORIENTED_EDGE('',*,*,#7285,.T.);
#9881=ORIENTED_EDGE('',*,*,#6151,.F.);
#9882=ORIENTED_EDGE('',*,*,#7286,.F.);
#9883=ORIENTED_EDGE('',*,*,#6719,.T.);
#9884=ORIENTED_EDGE('',*,*,#7286,.T.);
#9885=ORIENTED_EDGE('',*,*,#6150,.F.);
#9886=ORIENTED_EDGE('',*,*,#7287,.F.);
#9887=ORIENTED_EDGE('',*,*,#6720,.T.);
#9888=ORIENTED_EDGE('',*,*,#7287,.T.);
#9889=ORIENTED_EDGE('',*,*,#6149,.F.);
#9890=ORIENTED_EDGE('',*,*,#7288,.F.);
#9891=ORIENTED_EDGE('',*,*,#6721,.T.);
#9892=ORIENTED_EDGE('',*,*,#7288,.T.);
#9893=ORIENTED_EDGE('',*,*,#6148,.F.);
#9894=ORIENTED_EDGE('',*,*,#7289,.F.);
#9895=ORIENTED_EDGE('',*,*,#6722,.T.);
#9896=ORIENTED_EDGE('',*,*,#7289,.T.);
#9897=ORIENTED_EDGE('',*,*,#6147,.F.);
#9898=ORIENTED_EDGE('',*,*,#7290,.F.);
#9899=ORIENTED_EDGE('',*,*,#6703,.T.);
#9900=ORIENTED_EDGE('',*,*,#7290,.T.);
#9901=ORIENTED_EDGE('',*,*,#6146,.F.);
#9902=ORIENTED_EDGE('',*,*,#7271,.F.);
#9903=ORIENTED_EDGE('',*,*,#6702,.T.);
#9904=ORIENTED_EDGE('',*,*,#7291,.T.);
#9905=ORIENTED_EDGE('',*,*,#6145,.F.);
#9906=ORIENTED_EDGE('',*,*,#7291,.F.);
#9907=ORIENTED_EDGE('',*,*,#6683,.T.);
#9908=ORIENTED_EDGE('',*,*,#7292,.T.);
#9909=ORIENTED_EDGE('',*,*,#6144,.F.);
#9910=ORIENTED_EDGE('',*,*,#7293,.F.);
#9911=ORIENTED_EDGE('',*,*,#6684,.T.);
#9912=ORIENTED_EDGE('',*,*,#7293,.T.);
#9913=ORIENTED_EDGE('',*,*,#6143,.F.);
#9914=ORIENTED_EDGE('',*,*,#7294,.F.);
#9915=ORIENTED_EDGE('',*,*,#6685,.T.);
#9916=ORIENTED_EDGE('',*,*,#7294,.T.);
#9917=ORIENTED_EDGE('',*,*,#6142,.F.);
#9918=ORIENTED_EDGE('',*,*,#7295,.F.);
#9919=ORIENTED_EDGE('',*,*,#6686,.T.);
#9920=ORIENTED_EDGE('',*,*,#7295,.T.);
#9921=ORIENTED_EDGE('',*,*,#6141,.F.);
#9922=ORIENTED_EDGE('',*,*,#7296,.F.);
#9923=ORIENTED_EDGE('',*,*,#6687,.T.);
#9924=ORIENTED_EDGE('',*,*,#7296,.T.);
#9925=ORIENTED_EDGE('',*,*,#6140,.F.);
#9926=ORIENTED_EDGE('',*,*,#7297,.F.);
#9927=ORIENTED_EDGE('',*,*,#6688,.T.);
#9928=ORIENTED_EDGE('',*,*,#7297,.T.);
#9929=ORIENTED_EDGE('',*,*,#6139,.F.);
#9930=ORIENTED_EDGE('',*,*,#7298,.F.);
#9931=ORIENTED_EDGE('',*,*,#6689,.T.);
#9932=ORIENTED_EDGE('',*,*,#7298,.T.);
#9933=ORIENTED_EDGE('',*,*,#6138,.F.);
#9934=ORIENTED_EDGE('',*,*,#7299,.F.);
#9935=ORIENTED_EDGE('',*,*,#6690,.T.);
#9936=ORIENTED_EDGE('',*,*,#7299,.T.);
#9937=ORIENTED_EDGE('',*,*,#6137,.F.);
#9938=ORIENTED_EDGE('',*,*,#7300,.F.);
#9939=ORIENTED_EDGE('',*,*,#6691,.T.);
#9940=ORIENTED_EDGE('',*,*,#7300,.T.);
#9941=ORIENTED_EDGE('',*,*,#6136,.F.);
#9942=ORIENTED_EDGE('',*,*,#7301,.F.);
#9943=ORIENTED_EDGE('',*,*,#6692,.T.);
#9944=ORIENTED_EDGE('',*,*,#7301,.T.);
#9945=ORIENTED_EDGE('',*,*,#6135,.F.);
#9946=ORIENTED_EDGE('',*,*,#7302,.F.);
#9947=ORIENTED_EDGE('',*,*,#6693,.T.);
#9948=ORIENTED_EDGE('',*,*,#7302,.T.);
#9949=ORIENTED_EDGE('',*,*,#6134,.F.);
#9950=ORIENTED_EDGE('',*,*,#7303,.F.);
#9951=ORIENTED_EDGE('',*,*,#6694,.T.);
#9952=ORIENTED_EDGE('',*,*,#7303,.T.);
#9953=ORIENTED_EDGE('',*,*,#6133,.F.);
#9954=ORIENTED_EDGE('',*,*,#7304,.F.);
#9955=ORIENTED_EDGE('',*,*,#6695,.T.);
#9956=ORIENTED_EDGE('',*,*,#7304,.T.);
#9957=ORIENTED_EDGE('',*,*,#6132,.F.);
#9958=ORIENTED_EDGE('',*,*,#7305,.F.);
#9959=ORIENTED_EDGE('',*,*,#6696,.T.);
#9960=ORIENTED_EDGE('',*,*,#7305,.T.);
#9961=ORIENTED_EDGE('',*,*,#6131,.F.);
#9962=ORIENTED_EDGE('',*,*,#7306,.F.);
#9963=ORIENTED_EDGE('',*,*,#6697,.T.);
#9964=ORIENTED_EDGE('',*,*,#7306,.T.);
#9965=ORIENTED_EDGE('',*,*,#6130,.F.);
#9966=ORIENTED_EDGE('',*,*,#7307,.F.);
#9967=ORIENTED_EDGE('',*,*,#6698,.T.);
#9968=ORIENTED_EDGE('',*,*,#7307,.T.);
#9969=ORIENTED_EDGE('',*,*,#6129,.F.);
#9970=ORIENTED_EDGE('',*,*,#7308,.F.);
#9971=ORIENTED_EDGE('',*,*,#6699,.T.);
#9972=ORIENTED_EDGE('',*,*,#7308,.T.);
#9973=ORIENTED_EDGE('',*,*,#6128,.F.);
#9974=ORIENTED_EDGE('',*,*,#7309,.F.);
#9975=ORIENTED_EDGE('',*,*,#6700,.T.);
#9976=ORIENTED_EDGE('',*,*,#7309,.T.);
#9977=ORIENTED_EDGE('',*,*,#6127,.F.);
#9978=ORIENTED_EDGE('',*,*,#7310,.F.);
#9979=ORIENTED_EDGE('',*,*,#6701,.T.);
#9980=ORIENTED_EDGE('',*,*,#7310,.T.);
#9981=ORIENTED_EDGE('',*,*,#6126,.F.);
#9982=ORIENTED_EDGE('',*,*,#7311,.F.);
#9983=ORIENTED_EDGE('',*,*,#6682,.T.);
#9984=ORIENTED_EDGE('',*,*,#7311,.T.);
#9985=ORIENTED_EDGE('',*,*,#6125,.F.);
#9986=ORIENTED_EDGE('',*,*,#7292,.F.);
#9987=ORIENTED_EDGE('',*,*,#6663,.T.);
#9988=ORIENTED_EDGE('',*,*,#7312,.T.);
#9989=ORIENTED_EDGE('',*,*,#6124,.F.);
#9990=ORIENTED_EDGE('',*,*,#7313,.F.);
#9991=ORIENTED_EDGE('',*,*,#6664,.T.);
#9992=ORIENTED_EDGE('',*,*,#7313,.T.);
#9993=ORIENTED_EDGE('',*,*,#6123,.F.);
#9994=ORIENTED_EDGE('',*,*,#7314,.F.);
#9995=ORIENTED_EDGE('',*,*,#6665,.T.);
#9996=ORIENTED_EDGE('',*,*,#7314,.T.);
#9997=ORIENTED_EDGE('',*,*,#6122,.F.);
#9998=ORIENTED_EDGE('',*,*,#7315,.F.);
#9999=ORIENTED_EDGE('',*,*,#6666,.T.);
#10000=ORIENTED_EDGE('',*,*,#7315,.T.);
#10001=ORIENTED_EDGE('',*,*,#6121,.F.);
#10002=ORIENTED_EDGE('',*,*,#7316,.F.);
#10003=ORIENTED_EDGE('',*,*,#6667,.T.);
#10004=ORIENTED_EDGE('',*,*,#7316,.T.);
#10005=ORIENTED_EDGE('',*,*,#6120,.F.);
#10006=ORIENTED_EDGE('',*,*,#7317,.F.);
#10007=ORIENTED_EDGE('',*,*,#6668,.T.);
#10008=ORIENTED_EDGE('',*,*,#7317,.T.);
#10009=ORIENTED_EDGE('',*,*,#6119,.F.);
#10010=ORIENTED_EDGE('',*,*,#7318,.F.);
#10011=ORIENTED_EDGE('',*,*,#6669,.T.);
#10012=ORIENTED_EDGE('',*,*,#7318,.T.);
#10013=ORIENTED_EDGE('',*,*,#6118,.F.);
#10014=ORIENTED_EDGE('',*,*,#7319,.F.);
#10015=ORIENTED_EDGE('',*,*,#6670,.T.);
#10016=ORIENTED_EDGE('',*,*,#7319,.T.);
#10017=ORIENTED_EDGE('',*,*,#6117,.F.);
#10018=ORIENTED_EDGE('',*,*,#7320,.F.);
#10019=ORIENTED_EDGE('',*,*,#6671,.T.);
#10020=ORIENTED_EDGE('',*,*,#7320,.T.);
#10021=ORIENTED_EDGE('',*,*,#6116,.F.);
#10022=ORIENTED_EDGE('',*,*,#7321,.F.);
#10023=ORIENTED_EDGE('',*,*,#6672,.T.);
#10024=ORIENTED_EDGE('',*,*,#7321,.T.);
#10025=ORIENTED_EDGE('',*,*,#6115,.F.);
#10026=ORIENTED_EDGE('',*,*,#7322,.F.);
#10027=ORIENTED_EDGE('',*,*,#6673,.T.);
#10028=ORIENTED_EDGE('',*,*,#7322,.T.);
#10029=ORIENTED_EDGE('',*,*,#6114,.F.);
#10030=ORIENTED_EDGE('',*,*,#7323,.F.);
#10031=ORIENTED_EDGE('',*,*,#6674,.T.);
#10032=ORIENTED_EDGE('',*,*,#7323,.T.);
#10033=ORIENTED_EDGE('',*,*,#6113,.F.);
#10034=ORIENTED_EDGE('',*,*,#7324,.F.);
#10035=ORIENTED_EDGE('',*,*,#6675,.T.);
#10036=ORIENTED_EDGE('',*,*,#7324,.T.);
#10037=ORIENTED_EDGE('',*,*,#6112,.F.);
#10038=ORIENTED_EDGE('',*,*,#7325,.F.);
#10039=ORIENTED_EDGE('',*,*,#6676,.T.);
#10040=ORIENTED_EDGE('',*,*,#7325,.T.);
#10041=ORIENTED_EDGE('',*,*,#6111,.F.);
#10042=ORIENTED_EDGE('',*,*,#7326,.F.);
#10043=ORIENTED_EDGE('',*,*,#6677,.T.);
#10044=ORIENTED_EDGE('',*,*,#7326,.T.);
#10045=ORIENTED_EDGE('',*,*,#6110,.F.);
#10046=ORIENTED_EDGE('',*,*,#7327,.F.);
#10047=ORIENTED_EDGE('',*,*,#6678,.T.);
#10048=ORIENTED_EDGE('',*,*,#7327,.T.);
#10049=ORIENTED_EDGE('',*,*,#6109,.F.);
#10050=ORIENTED_EDGE('',*,*,#7328,.F.);
#10051=ORIENTED_EDGE('',*,*,#6679,.T.);
#10052=ORIENTED_EDGE('',*,*,#7328,.T.);
#10053=ORIENTED_EDGE('',*,*,#6108,.F.);
#10054=ORIENTED_EDGE('',*,*,#7329,.F.);
#10055=ORIENTED_EDGE('',*,*,#6680,.T.);
#10056=ORIENTED_EDGE('',*,*,#7329,.T.);
#10057=ORIENTED_EDGE('',*,*,#6107,.F.);
#10058=ORIENTED_EDGE('',*,*,#7330,.F.);
#10059=ORIENTED_EDGE('',*,*,#6681,.T.);
#10060=ORIENTED_EDGE('',*,*,#7330,.T.);
#10061=ORIENTED_EDGE('',*,*,#6106,.F.);
#10062=ORIENTED_EDGE('',*,*,#7331,.F.);
#10063=ORIENTED_EDGE('',*,*,#6662,.T.);
#10064=ORIENTED_EDGE('',*,*,#7331,.T.);
#10065=ORIENTED_EDGE('',*,*,#6105,.F.);
#10066=ORIENTED_EDGE('',*,*,#7312,.F.);
#10067=ORIENTED_EDGE('',*,*,#6643,.T.);
#10068=ORIENTED_EDGE('',*,*,#7332,.T.);
#10069=ORIENTED_EDGE('',*,*,#6104,.F.);
#10070=ORIENTED_EDGE('',*,*,#7333,.F.);
#10071=ORIENTED_EDGE('',*,*,#6644,.T.);
#10072=ORIENTED_EDGE('',*,*,#7333,.T.);
#10073=ORIENTED_EDGE('',*,*,#6103,.F.);
#10074=ORIENTED_EDGE('',*,*,#7334,.F.);
#10075=ORIENTED_EDGE('',*,*,#6645,.T.);
#10076=ORIENTED_EDGE('',*,*,#7334,.T.);
#10077=ORIENTED_EDGE('',*,*,#6102,.F.);
#10078=ORIENTED_EDGE('',*,*,#7335,.F.);
#10079=ORIENTED_EDGE('',*,*,#6646,.T.);
#10080=ORIENTED_EDGE('',*,*,#7335,.T.);
#10081=ORIENTED_EDGE('',*,*,#6101,.F.);
#10082=ORIENTED_EDGE('',*,*,#7336,.F.);
#10083=ORIENTED_EDGE('',*,*,#6647,.T.);
#10084=ORIENTED_EDGE('',*,*,#7336,.T.);
#10085=ORIENTED_EDGE('',*,*,#6100,.F.);
#10086=ORIENTED_EDGE('',*,*,#7337,.F.);
#10087=ORIENTED_EDGE('',*,*,#6648,.T.);
#10088=ORIENTED_EDGE('',*,*,#7337,.T.);
#10089=ORIENTED_EDGE('',*,*,#6099,.F.);
#10090=ORIENTED_EDGE('',*,*,#7338,.F.);
#10091=ORIENTED_EDGE('',*,*,#6649,.T.);
#10092=ORIENTED_EDGE('',*,*,#7338,.T.);
#10093=ORIENTED_EDGE('',*,*,#6098,.F.);
#10094=ORIENTED_EDGE('',*,*,#7339,.F.);
#10095=ORIENTED_EDGE('',*,*,#6650,.T.);
#10096=ORIENTED_EDGE('',*,*,#7339,.T.);
#10097=ORIENTED_EDGE('',*,*,#6097,.F.);
#10098=ORIENTED_EDGE('',*,*,#7340,.F.);
#10099=ORIENTED_EDGE('',*,*,#6651,.T.);
#10100=ORIENTED_EDGE('',*,*,#7340,.T.);
#10101=ORIENTED_EDGE('',*,*,#6096,.F.);
#10102=ORIENTED_EDGE('',*,*,#7341,.F.);
#10103=ORIENTED_EDGE('',*,*,#6652,.T.);
#10104=ORIENTED_EDGE('',*,*,#7341,.T.);
#10105=ORIENTED_EDGE('',*,*,#6095,.F.);
#10106=ORIENTED_EDGE('',*,*,#7342,.F.);
#10107=ORIENTED_EDGE('',*,*,#6653,.T.);
#10108=ORIENTED_EDGE('',*,*,#7342,.T.);
#10109=ORIENTED_EDGE('',*,*,#6094,.F.);
#10110=ORIENTED_EDGE('',*,*,#7343,.F.);
#10111=ORIENTED_EDGE('',*,*,#6654,.T.);
#10112=ORIENTED_EDGE('',*,*,#7343,.T.);
#10113=ORIENTED_EDGE('',*,*,#6093,.F.);
#10114=ORIENTED_EDGE('',*,*,#7344,.F.);
#10115=ORIENTED_EDGE('',*,*,#6655,.T.);
#10116=ORIENTED_EDGE('',*,*,#7344,.T.);
#10117=ORIENTED_EDGE('',*,*,#6092,.F.);
#10118=ORIENTED_EDGE('',*,*,#7345,.F.);
#10119=ORIENTED_EDGE('',*,*,#6656,.T.);
#10120=ORIENTED_EDGE('',*,*,#7345,.T.);
#10121=ORIENTED_EDGE('',*,*,#6091,.F.);
#10122=ORIENTED_EDGE('',*,*,#7346,.F.);
#10123=ORIENTED_EDGE('',*,*,#6657,.T.);
#10124=ORIENTED_EDGE('',*,*,#7346,.T.);
#10125=ORIENTED_EDGE('',*,*,#6090,.F.);
#10126=ORIENTED_EDGE('',*,*,#7347,.F.);
#10127=ORIENTED_EDGE('',*,*,#6658,.T.);
#10128=ORIENTED_EDGE('',*,*,#7347,.T.);
#10129=ORIENTED_EDGE('',*,*,#6089,.F.);
#10130=ORIENTED_EDGE('',*,*,#7348,.F.);
#10131=ORIENTED_EDGE('',*,*,#6659,.T.);
#10132=ORIENTED_EDGE('',*,*,#7348,.T.);
#10133=ORIENTED_EDGE('',*,*,#6088,.F.);
#10134=ORIENTED_EDGE('',*,*,#7349,.F.);
#10135=ORIENTED_EDGE('',*,*,#6660,.T.);
#10136=ORIENTED_EDGE('',*,*,#7349,.T.);
#10137=ORIENTED_EDGE('',*,*,#6087,.F.);
#10138=ORIENTED_EDGE('',*,*,#7350,.F.);
#10139=ORIENTED_EDGE('',*,*,#6661,.T.);
#10140=ORIENTED_EDGE('',*,*,#7350,.T.);
#10141=ORIENTED_EDGE('',*,*,#6086,.F.);
#10142=ORIENTED_EDGE('',*,*,#7351,.F.);
#10143=ORIENTED_EDGE('',*,*,#6642,.T.);
#10144=ORIENTED_EDGE('',*,*,#7351,.T.);
#10145=ORIENTED_EDGE('',*,*,#6085,.F.);
#10146=ORIENTED_EDGE('',*,*,#7332,.F.);
#10147=ORIENTED_EDGE('',*,*,#6623,.T.);
#10148=ORIENTED_EDGE('',*,*,#7352,.T.);
#10149=ORIENTED_EDGE('',*,*,#6084,.F.);
#10150=ORIENTED_EDGE('',*,*,#7353,.F.);
#10151=ORIENTED_EDGE('',*,*,#6624,.T.);
#10152=ORIENTED_EDGE('',*,*,#7353,.T.);
#10153=ORIENTED_EDGE('',*,*,#6083,.F.);
#10154=ORIENTED_EDGE('',*,*,#7354,.F.);
#10155=ORIENTED_EDGE('',*,*,#6625,.T.);
#10156=ORIENTED_EDGE('',*,*,#7354,.T.);
#10157=ORIENTED_EDGE('',*,*,#6082,.F.);
#10158=ORIENTED_EDGE('',*,*,#7355,.F.);
#10159=ORIENTED_EDGE('',*,*,#6626,.T.);
#10160=ORIENTED_EDGE('',*,*,#7355,.T.);
#10161=ORIENTED_EDGE('',*,*,#6081,.F.);
#10162=ORIENTED_EDGE('',*,*,#7356,.F.);
#10163=ORIENTED_EDGE('',*,*,#6627,.T.);
#10164=ORIENTED_EDGE('',*,*,#7356,.T.);
#10165=ORIENTED_EDGE('',*,*,#6080,.F.);
#10166=ORIENTED_EDGE('',*,*,#7357,.F.);
#10167=ORIENTED_EDGE('',*,*,#6628,.T.);
#10168=ORIENTED_EDGE('',*,*,#7357,.T.);
#10169=ORIENTED_EDGE('',*,*,#6079,.F.);
#10170=ORIENTED_EDGE('',*,*,#7358,.F.);
#10171=ORIENTED_EDGE('',*,*,#6629,.T.);
#10172=ORIENTED_EDGE('',*,*,#7358,.T.);
#10173=ORIENTED_EDGE('',*,*,#6078,.F.);
#10174=ORIENTED_EDGE('',*,*,#7359,.F.);
#10175=ORIENTED_EDGE('',*,*,#6630,.T.);
#10176=ORIENTED_EDGE('',*,*,#7359,.T.);
#10177=ORIENTED_EDGE('',*,*,#6077,.F.);
#10178=ORIENTED_EDGE('',*,*,#7360,.F.);
#10179=ORIENTED_EDGE('',*,*,#6631,.T.);
#10180=ORIENTED_EDGE('',*,*,#7360,.T.);
#10181=ORIENTED_EDGE('',*,*,#6076,.F.);
#10182=ORIENTED_EDGE('',*,*,#7361,.F.);
#10183=ORIENTED_EDGE('',*,*,#6632,.T.);
#10184=ORIENTED_EDGE('',*,*,#7361,.T.);
#10185=ORIENTED_EDGE('',*,*,#6075,.F.);
#10186=ORIENTED_EDGE('',*,*,#7362,.F.);
#10187=ORIENTED_EDGE('',*,*,#6633,.T.);
#10188=ORIENTED_EDGE('',*,*,#7362,.T.);
#10189=ORIENTED_EDGE('',*,*,#6074,.F.);
#10190=ORIENTED_EDGE('',*,*,#7363,.F.);
#10191=ORIENTED_EDGE('',*,*,#6634,.T.);
#10192=ORIENTED_EDGE('',*,*,#7363,.T.);
#10193=ORIENTED_EDGE('',*,*,#6073,.F.);
#10194=ORIENTED_EDGE('',*,*,#7364,.F.);
#10195=ORIENTED_EDGE('',*,*,#6635,.T.);
#10196=ORIENTED_EDGE('',*,*,#7364,.T.);
#10197=ORIENTED_EDGE('',*,*,#6072,.F.);
#10198=ORIENTED_EDGE('',*,*,#7365,.F.);
#10199=ORIENTED_EDGE('',*,*,#6636,.T.);
#10200=ORIENTED_EDGE('',*,*,#7365,.T.);
#10201=ORIENTED_EDGE('',*,*,#6071,.F.);
#10202=ORIENTED_EDGE('',*,*,#7366,.F.);
#10203=ORIENTED_EDGE('',*,*,#6637,.T.);
#10204=ORIENTED_EDGE('',*,*,#7366,.T.);
#10205=ORIENTED_EDGE('',*,*,#6070,.F.);
#10206=ORIENTED_EDGE('',*,*,#7367,.F.);
#10207=ORIENTED_EDGE('',*,*,#6638,.T.);
#10208=ORIENTED_EDGE('',*,*,#7367,.T.);
#10209=ORIENTED_EDGE('',*,*,#6069,.F.);
#10210=ORIENTED_EDGE('',*,*,#7368,.F.);
#10211=ORIENTED_EDGE('',*,*,#6639,.T.);
#10212=ORIENTED_EDGE('',*,*,#7368,.T.);
#10213=ORIENTED_EDGE('',*,*,#6068,.F.);
#10214=ORIENTED_EDGE('',*,*,#7369,.F.);
#10215=ORIENTED_EDGE('',*,*,#6640,.T.);
#10216=ORIENTED_EDGE('',*,*,#7369,.T.);
#10217=ORIENTED_EDGE('',*,*,#6067,.F.);
#10218=ORIENTED_EDGE('',*,*,#7370,.F.);
#10219=ORIENTED_EDGE('',*,*,#6641,.T.);
#10220=ORIENTED_EDGE('',*,*,#7370,.T.);
#10221=ORIENTED_EDGE('',*,*,#6066,.F.);
#10222=ORIENTED_EDGE('',*,*,#7371,.F.);
#10223=ORIENTED_EDGE('',*,*,#6622,.T.);
#10224=ORIENTED_EDGE('',*,*,#7371,.T.);
#10225=ORIENTED_EDGE('',*,*,#6065,.F.);
#10226=ORIENTED_EDGE('',*,*,#7352,.F.);
#10227=ORIENTED_EDGE('',*,*,#6603,.T.);
#10228=ORIENTED_EDGE('',*,*,#7372,.T.);
#10229=ORIENTED_EDGE('',*,*,#6064,.F.);
#10230=ORIENTED_EDGE('',*,*,#7373,.F.);
#10231=ORIENTED_EDGE('',*,*,#6604,.T.);
#10232=ORIENTED_EDGE('',*,*,#7373,.T.);
#10233=ORIENTED_EDGE('',*,*,#6063,.F.);
#10234=ORIENTED_EDGE('',*,*,#7374,.F.);
#10235=ORIENTED_EDGE('',*,*,#6605,.T.);
#10236=ORIENTED_EDGE('',*,*,#7374,.T.);
#10237=ORIENTED_EDGE('',*,*,#6062,.F.);
#10238=ORIENTED_EDGE('',*,*,#7375,.F.);
#10239=ORIENTED_EDGE('',*,*,#6606,.T.);
#10240=ORIENTED_EDGE('',*,*,#7375,.T.);
#10241=ORIENTED_EDGE('',*,*,#6061,.F.);
#10242=ORIENTED_EDGE('',*,*,#7376,.F.);
#10243=ORIENTED_EDGE('',*,*,#6607,.T.);
#10244=ORIENTED_EDGE('',*,*,#7376,.T.);
#10245=ORIENTED_EDGE('',*,*,#6060,.F.);
#10246=ORIENTED_EDGE('',*,*,#7377,.F.);
#10247=ORIENTED_EDGE('',*,*,#6608,.T.);
#10248=ORIENTED_EDGE('',*,*,#7377,.T.);
#10249=ORIENTED_EDGE('',*,*,#6059,.F.);
#10250=ORIENTED_EDGE('',*,*,#7378,.F.);
#10251=ORIENTED_EDGE('',*,*,#6609,.T.);
#10252=ORIENTED_EDGE('',*,*,#7378,.T.);
#10253=ORIENTED_EDGE('',*,*,#6058,.F.);
#10254=ORIENTED_EDGE('',*,*,#7379,.F.);
#10255=ORIENTED_EDGE('',*,*,#6610,.T.);
#10256=ORIENTED_EDGE('',*,*,#7379,.T.);
#10257=ORIENTED_EDGE('',*,*,#6057,.F.);
#10258=ORIENTED_EDGE('',*,*,#7380,.F.);
#10259=ORIENTED_EDGE('',*,*,#6611,.T.);
#10260=ORIENTED_EDGE('',*,*,#7380,.T.);
#10261=ORIENTED_EDGE('',*,*,#6056,.F.);
#10262=ORIENTED_EDGE('',*,*,#7381,.F.);
#10263=ORIENTED_EDGE('',*,*,#6612,.T.);
#10264=ORIENTED_EDGE('',*,*,#7381,.T.);
#10265=ORIENTED_EDGE('',*,*,#6055,.F.);
#10266=ORIENTED_EDGE('',*,*,#7382,.F.);
#10267=ORIENTED_EDGE('',*,*,#6613,.T.);
#10268=ORIENTED_EDGE('',*,*,#7382,.T.);
#10269=ORIENTED_EDGE('',*,*,#6054,.F.);
#10270=ORIENTED_EDGE('',*,*,#7383,.F.);
#10271=ORIENTED_EDGE('',*,*,#6614,.T.);
#10272=ORIENTED_EDGE('',*,*,#7383,.T.);
#10273=ORIENTED_EDGE('',*,*,#6053,.F.);
#10274=ORIENTED_EDGE('',*,*,#7384,.F.);
#10275=ORIENTED_EDGE('',*,*,#6615,.T.);
#10276=ORIENTED_EDGE('',*,*,#7384,.T.);
#10277=ORIENTED_EDGE('',*,*,#6052,.F.);
#10278=ORIENTED_EDGE('',*,*,#7385,.F.);
#10279=ORIENTED_EDGE('',*,*,#6616,.T.);
#10280=ORIENTED_EDGE('',*,*,#7385,.T.);
#10281=ORIENTED_EDGE('',*,*,#6051,.F.);
#10282=ORIENTED_EDGE('',*,*,#7386,.F.);
#10283=ORIENTED_EDGE('',*,*,#6617,.T.);
#10284=ORIENTED_EDGE('',*,*,#7386,.T.);
#10285=ORIENTED_EDGE('',*,*,#6050,.F.);
#10286=ORIENTED_EDGE('',*,*,#7387,.F.);
#10287=ORIENTED_EDGE('',*,*,#6618,.T.);
#10288=ORIENTED_EDGE('',*,*,#7387,.T.);
#10289=ORIENTED_EDGE('',*,*,#6049,.F.);
#10290=ORIENTED_EDGE('',*,*,#7388,.F.);
#10291=ORIENTED_EDGE('',*,*,#6619,.T.);
#10292=ORIENTED_EDGE('',*,*,#7388,.T.);
#10293=ORIENTED_EDGE('',*,*,#6048,.F.);
#10294=ORIENTED_EDGE('',*,*,#7389,.F.);
#10295=ORIENTED_EDGE('',*,*,#6620,.T.);
#10296=ORIENTED_EDGE('',*,*,#7389,.T.);
#10297=ORIENTED_EDGE('',*,*,#6047,.F.);
#10298=ORIENTED_EDGE('',*,*,#7390,.F.);
#10299=ORIENTED_EDGE('',*,*,#6621,.T.);
#10300=ORIENTED_EDGE('',*,*,#7390,.T.);
#10301=ORIENTED_EDGE('',*,*,#6046,.F.);
#10302=ORIENTED_EDGE('',*,*,#7391,.F.);
#10303=ORIENTED_EDGE('',*,*,#6602,.T.);
#10304=ORIENTED_EDGE('',*,*,#7391,.T.);
#10305=ORIENTED_EDGE('',*,*,#6045,.F.);
#10306=ORIENTED_EDGE('',*,*,#7372,.F.);
#10307=ORIENTED_EDGE('',*,*,#6443,.F.);
#10308=ORIENTED_EDGE('',*,*,#7392,.T.);
#10309=ORIENTED_EDGE('',*,*,#6044,.F.);
#10310=ORIENTED_EDGE('',*,*,#7393,.F.);
#10311=ORIENTED_EDGE('',*,*,#6444,.T.);
#10312=ORIENTED_EDGE('',*,*,#7393,.T.);
#10313=ORIENTED_EDGE('',*,*,#6043,.F.);
#10314=ORIENTED_EDGE('',*,*,#7394,.F.);
#10315=ORIENTED_EDGE('',*,*,#6445,.F.);
#10316=ORIENTED_EDGE('',*,*,#7394,.T.);
#10317=ORIENTED_EDGE('',*,*,#6042,.F.);
#10318=ORIENTED_EDGE('',*,*,#7395,.F.);
#10319=ORIENTED_EDGE('',*,*,#6446,.F.);
#10320=ORIENTED_EDGE('',*,*,#7395,.T.);
#10321=ORIENTED_EDGE('',*,*,#6041,.F.);
#10322=ORIENTED_EDGE('',*,*,#7396,.F.);
#10323=ORIENTED_EDGE('',*,*,#6447,.F.);
#10324=ORIENTED_EDGE('',*,*,#7396,.T.);
#10325=ORIENTED_EDGE('',*,*,#6040,.F.);
#10326=ORIENTED_EDGE('',*,*,#7397,.F.);
#10327=ORIENTED_EDGE('',*,*,#6448,.F.);
#10328=ORIENTED_EDGE('',*,*,#7397,.T.);
#10329=ORIENTED_EDGE('',*,*,#6039,.F.);
#10330=ORIENTED_EDGE('',*,*,#7398,.F.);
#10331=ORIENTED_EDGE('',*,*,#6449,.F.);
#10332=ORIENTED_EDGE('',*,*,#7398,.T.);
#10333=ORIENTED_EDGE('',*,*,#6038,.F.);
#10334=ORIENTED_EDGE('',*,*,#7399,.F.);
#10335=ORIENTED_EDGE('',*,*,#6450,.F.);
#10336=ORIENTED_EDGE('',*,*,#7399,.T.);
#10337=ORIENTED_EDGE('',*,*,#6037,.F.);
#10338=ORIENTED_EDGE('',*,*,#7400,.F.);
#10339=ORIENTED_EDGE('',*,*,#6451,.F.);
#10340=ORIENTED_EDGE('',*,*,#7400,.T.);
#10341=ORIENTED_EDGE('',*,*,#6036,.F.);
#10342=ORIENTED_EDGE('',*,*,#7401,.F.);
#10343=ORIENTED_EDGE('',*,*,#6452,.F.);
#10344=ORIENTED_EDGE('',*,*,#7401,.T.);
#10345=ORIENTED_EDGE('',*,*,#6035,.F.);
#10346=ORIENTED_EDGE('',*,*,#7402,.F.);
#10347=ORIENTED_EDGE('',*,*,#6453,.F.);
#10348=ORIENTED_EDGE('',*,*,#7402,.T.);
#10349=ORIENTED_EDGE('',*,*,#6034,.F.);
#10350=ORIENTED_EDGE('',*,*,#7403,.F.);
#10351=ORIENTED_EDGE('',*,*,#6454,.F.);
#10352=ORIENTED_EDGE('',*,*,#7403,.T.);
#10353=ORIENTED_EDGE('',*,*,#6033,.F.);
#10354=ORIENTED_EDGE('',*,*,#7404,.F.);
#10355=ORIENTED_EDGE('',*,*,#6455,.F.);
#10356=ORIENTED_EDGE('',*,*,#7404,.T.);
#10357=ORIENTED_EDGE('',*,*,#6032,.F.);
#10358=ORIENTED_EDGE('',*,*,#7405,.F.);
#10359=ORIENTED_EDGE('',*,*,#6456,.F.);
#10360=ORIENTED_EDGE('',*,*,#7405,.T.);
#10361=ORIENTED_EDGE('',*,*,#6031,.F.);
#10362=ORIENTED_EDGE('',*,*,#7406,.F.);
#10363=ORIENTED_EDGE('',*,*,#6457,.F.);
#10364=ORIENTED_EDGE('',*,*,#7406,.T.);
#10365=ORIENTED_EDGE('',*,*,#6030,.F.);
#10366=ORIENTED_EDGE('',*,*,#7407,.F.);
#10367=ORIENTED_EDGE('',*,*,#6458,.F.);
#10368=ORIENTED_EDGE('',*,*,#7407,.T.);
#10369=ORIENTED_EDGE('',*,*,#6029,.F.);
#10370=ORIENTED_EDGE('',*,*,#7408,.F.);
#10371=ORIENTED_EDGE('',*,*,#6459,.F.);
#10372=ORIENTED_EDGE('',*,*,#7408,.T.);
#10373=ORIENTED_EDGE('',*,*,#6028,.F.);
#10374=ORIENTED_EDGE('',*,*,#7409,.F.);
#10375=ORIENTED_EDGE('',*,*,#6460,.F.);
#10376=ORIENTED_EDGE('',*,*,#7409,.T.);
#10377=ORIENTED_EDGE('',*,*,#6027,.F.);
#10378=ORIENTED_EDGE('',*,*,#7410,.F.);
#10379=ORIENTED_EDGE('',*,*,#6461,.F.);
#10380=ORIENTED_EDGE('',*,*,#7410,.T.);
#10381=ORIENTED_EDGE('',*,*,#6026,.F.);
#10382=ORIENTED_EDGE('',*,*,#7411,.F.);
#10383=ORIENTED_EDGE('',*,*,#6462,.F.);
#10384=ORIENTED_EDGE('',*,*,#7411,.T.);
#10385=ORIENTED_EDGE('',*,*,#6025,.F.);
#10386=ORIENTED_EDGE('',*,*,#7412,.F.);
#10387=ORIENTED_EDGE('',*,*,#6463,.F.);
#10388=ORIENTED_EDGE('',*,*,#7412,.T.);
#10389=ORIENTED_EDGE('',*,*,#6024,.F.);
#10390=ORIENTED_EDGE('',*,*,#7413,.F.);
#10391=ORIENTED_EDGE('',*,*,#6464,.F.);
#10392=ORIENTED_EDGE('',*,*,#7413,.T.);
#10393=ORIENTED_EDGE('',*,*,#6023,.F.);
#10394=ORIENTED_EDGE('',*,*,#7414,.F.);
#10395=ORIENTED_EDGE('',*,*,#6465,.F.);
#10396=ORIENTED_EDGE('',*,*,#7414,.T.);
#10397=ORIENTED_EDGE('',*,*,#6022,.F.);
#10398=ORIENTED_EDGE('',*,*,#7415,.F.);
#10399=ORIENTED_EDGE('',*,*,#6466,.F.);
#10400=ORIENTED_EDGE('',*,*,#7415,.T.);
#10401=ORIENTED_EDGE('',*,*,#6021,.F.);
#10402=ORIENTED_EDGE('',*,*,#7416,.F.);
#10403=ORIENTED_EDGE('',*,*,#6467,.F.);
#10404=ORIENTED_EDGE('',*,*,#7416,.T.);
#10405=ORIENTED_EDGE('',*,*,#6020,.F.);
#10406=ORIENTED_EDGE('',*,*,#7417,.F.);
#10407=ORIENTED_EDGE('',*,*,#6468,.F.);
#10408=ORIENTED_EDGE('',*,*,#7417,.T.);
#10409=ORIENTED_EDGE('',*,*,#6019,.F.);
#10410=ORIENTED_EDGE('',*,*,#7418,.F.);
#10411=ORIENTED_EDGE('',*,*,#6469,.F.);
#10412=ORIENTED_EDGE('',*,*,#7418,.T.);
#10413=ORIENTED_EDGE('',*,*,#6018,.F.);
#10414=ORIENTED_EDGE('',*,*,#7419,.F.);
#10415=ORIENTED_EDGE('',*,*,#6470,.F.);
#10416=ORIENTED_EDGE('',*,*,#7419,.T.);
#10417=ORIENTED_EDGE('',*,*,#6017,.F.);
#10418=ORIENTED_EDGE('',*,*,#7420,.F.);
#10419=ORIENTED_EDGE('',*,*,#6471,.F.);
#10420=ORIENTED_EDGE('',*,*,#7420,.T.);
#10421=ORIENTED_EDGE('',*,*,#6016,.F.);
#10422=ORIENTED_EDGE('',*,*,#7421,.F.);
#10423=ORIENTED_EDGE('',*,*,#6472,.F.);
#10424=ORIENTED_EDGE('',*,*,#7421,.T.);
#10425=ORIENTED_EDGE('',*,*,#6015,.F.);
#10426=ORIENTED_EDGE('',*,*,#7422,.F.);
#10427=ORIENTED_EDGE('',*,*,#6473,.F.);
#10428=ORIENTED_EDGE('',*,*,#7422,.T.);
#10429=ORIENTED_EDGE('',*,*,#6014,.F.);
#10430=ORIENTED_EDGE('',*,*,#7423,.F.);
#10431=ORIENTED_EDGE('',*,*,#6474,.F.);
#10432=ORIENTED_EDGE('',*,*,#7423,.T.);
#10433=ORIENTED_EDGE('',*,*,#6013,.F.);
#10434=ORIENTED_EDGE('',*,*,#7424,.F.);
#10435=ORIENTED_EDGE('',*,*,#6475,.F.);
#10436=ORIENTED_EDGE('',*,*,#7424,.T.);
#10437=ORIENTED_EDGE('',*,*,#6012,.F.);
#10438=ORIENTED_EDGE('',*,*,#7425,.F.);
#10439=ORIENTED_EDGE('',*,*,#6476,.F.);
#10440=ORIENTED_EDGE('',*,*,#7425,.T.);
#10441=ORIENTED_EDGE('',*,*,#6011,.F.);
#10442=ORIENTED_EDGE('',*,*,#7426,.F.);
#10443=ORIENTED_EDGE('',*,*,#6477,.F.);
#10444=ORIENTED_EDGE('',*,*,#7426,.T.);
#10445=ORIENTED_EDGE('',*,*,#6010,.F.);
#10446=ORIENTED_EDGE('',*,*,#7427,.F.);
#10447=ORIENTED_EDGE('',*,*,#6478,.F.);
#10448=ORIENTED_EDGE('',*,*,#7427,.T.);
#10449=ORIENTED_EDGE('',*,*,#6009,.F.);
#10450=ORIENTED_EDGE('',*,*,#7428,.F.);
#10451=ORIENTED_EDGE('',*,*,#6479,.F.);
#10452=ORIENTED_EDGE('',*,*,#7428,.T.);
#10453=ORIENTED_EDGE('',*,*,#6008,.F.);
#10454=ORIENTED_EDGE('',*,*,#7429,.F.);
#10455=ORIENTED_EDGE('',*,*,#6480,.F.);
#10456=ORIENTED_EDGE('',*,*,#7429,.T.);
#10457=ORIENTED_EDGE('',*,*,#6007,.F.);
#10458=ORIENTED_EDGE('',*,*,#7430,.F.);
#10459=ORIENTED_EDGE('',*,*,#6481,.F.);
#10460=ORIENTED_EDGE('',*,*,#7430,.T.);
#10461=ORIENTED_EDGE('',*,*,#6006,.F.);
#10462=ORIENTED_EDGE('',*,*,#7431,.F.);
#10463=ORIENTED_EDGE('',*,*,#6482,.F.);
#10464=ORIENTED_EDGE('',*,*,#7431,.T.);
#10465=ORIENTED_EDGE('',*,*,#6005,.F.);
#10466=ORIENTED_EDGE('',*,*,#7432,.F.);
#10467=ORIENTED_EDGE('',*,*,#6483,.F.);
#10468=ORIENTED_EDGE('',*,*,#7432,.T.);
#10469=ORIENTED_EDGE('',*,*,#6004,.F.);
#10470=ORIENTED_EDGE('',*,*,#7433,.F.);
#10471=ORIENTED_EDGE('',*,*,#6484,.F.);
#10472=ORIENTED_EDGE('',*,*,#7433,.T.);
#10473=ORIENTED_EDGE('',*,*,#6003,.F.);
#10474=ORIENTED_EDGE('',*,*,#7434,.F.);
#10475=ORIENTED_EDGE('',*,*,#6485,.F.);
#10476=ORIENTED_EDGE('',*,*,#7434,.T.);
#10477=ORIENTED_EDGE('',*,*,#6002,.F.);
#10478=ORIENTED_EDGE('',*,*,#7435,.F.);
#10479=ORIENTED_EDGE('',*,*,#6486,.F.);
#10480=ORIENTED_EDGE('',*,*,#7435,.T.);
#10481=ORIENTED_EDGE('',*,*,#6001,.F.);
#10482=ORIENTED_EDGE('',*,*,#6999,.F.);
#10483=ORIENTED_EDGE('',*,*,#6998,.F.);
#10484=ORIENTED_EDGE('',*,*,#5998,.F.);
#10485=ORIENTED_EDGE('',*,*,#7436,.F.);
#10486=ORIENTED_EDGE('',*,*,#6489,.T.);
#10487=ORIENTED_EDGE('',*,*,#6490,.T.);
#10488=ORIENTED_EDGE('',*,*,#7436,.T.);
#10489=ORIENTED_EDGE('',*,*,#5997,.F.);
#10490=ORIENTED_EDGE('',*,*,#6987,.F.);
#10491=ORIENTED_EDGE('',*,*,#6993,.F.);
#10492=ORIENTED_EDGE('',*,*,#5992,.F.);
#10493=ORIENTED_EDGE('',*,*,#7437,.F.);
#10494=ORIENTED_EDGE('',*,*,#6495,.F.);
#10495=ORIENTED_EDGE('',*,*,#6496,.T.);
#10496=ORIENTED_EDGE('',*,*,#7437,.T.);
#10497=ORIENTED_EDGE('',*,*,#5991,.F.);
#10498=ORIENTED_EDGE('',*,*,#6996,.F.);
#10499=ORIENTED_EDGE('',*,*,#7012,.F.);
#10500=ORIENTED_EDGE('',*,*,#5986,.F.);
#10501=ORIENTED_EDGE('',*,*,#7438,.F.);
#10502=ORIENTED_EDGE('',*,*,#6501,.T.);
#10503=ORIENTED_EDGE('',*,*,#6502,.T.);
#10504=ORIENTED_EDGE('',*,*,#7438,.T.);
#10505=ORIENTED_EDGE('',*,*,#5985,.F.);
#10506=ORIENTED_EDGE('',*,*,#7023,.F.);
#10507=ORIENTED_EDGE('',*,*,#7020,.F.);
#10508=ORIENTED_EDGE('',*,*,#5980,.F.);
#10509=ORIENTED_EDGE('',*,*,#7439,.F.);
#10510=ORIENTED_EDGE('',*,*,#6507,.F.);
#10511=ORIENTED_EDGE('',*,*,#6508,.T.);
#10512=ORIENTED_EDGE('',*,*,#7439,.T.);
#10513=ORIENTED_EDGE('',*,*,#5979,.F.);
#10514=ORIENTED_EDGE('',*,*,#7007,.F.);
#10515=ORIENTED_EDGE('',*,*,#7006,.F.);
#10516=ORIENTED_EDGE('',*,*,#5976,.F.);
#10517=ORIENTED_EDGE('',*,*,#7440,.F.);
#10518=ORIENTED_EDGE('',*,*,#6511,.F.);
#10519=ORIENTED_EDGE('',*,*,#6512,.F.);
#10520=ORIENTED_EDGE('',*,*,#7440,.T.);
#10521=ORIENTED_EDGE('',*,*,#5975,.F.);
#10522=ORIENTED_EDGE('',*,*,#7441,.F.);
#10523=ORIENTED_EDGE('',*,*,#6513,.F.);
#10524=ORIENTED_EDGE('',*,*,#7441,.T.);
#10525=ORIENTED_EDGE('',*,*,#5974,.F.);
#10526=ORIENTED_EDGE('',*,*,#7442,.F.);
#10527=ORIENTED_EDGE('',*,*,#6514,.F.);
#10528=ORIENTED_EDGE('',*,*,#7442,.T.);
#10529=ORIENTED_EDGE('',*,*,#5973,.F.);
#10530=ORIENTED_EDGE('',*,*,#7443,.F.);
#10531=ORIENTED_EDGE('',*,*,#6515,.F.);
#10532=ORIENTED_EDGE('',*,*,#7443,.T.);
#10533=ORIENTED_EDGE('',*,*,#5972,.F.);
#10534=ORIENTED_EDGE('',*,*,#7444,.F.);
#10535=ORIENTED_EDGE('',*,*,#6516,.F.);
#10536=ORIENTED_EDGE('',*,*,#7444,.T.);
#10537=ORIENTED_EDGE('',*,*,#5971,.F.);
#10538=ORIENTED_EDGE('',*,*,#7445,.F.);
#10539=ORIENTED_EDGE('',*,*,#6517,.F.);
#10540=ORIENTED_EDGE('',*,*,#7445,.T.);
#10541=ORIENTED_EDGE('',*,*,#5970,.F.);
#10542=ORIENTED_EDGE('',*,*,#7446,.F.);
#10543=ORIENTED_EDGE('',*,*,#6518,.F.);
#10544=ORIENTED_EDGE('',*,*,#7446,.T.);
#10545=ORIENTED_EDGE('',*,*,#5969,.F.);
#10546=ORIENTED_EDGE('',*,*,#7447,.F.);
#10547=ORIENTED_EDGE('',*,*,#6519,.F.);
#10548=ORIENTED_EDGE('',*,*,#7447,.T.);
#10549=ORIENTED_EDGE('',*,*,#5968,.F.);
#10550=ORIENTED_EDGE('',*,*,#7448,.F.);
#10551=ORIENTED_EDGE('',*,*,#6520,.F.);
#10552=ORIENTED_EDGE('',*,*,#7448,.T.);
#10553=ORIENTED_EDGE('',*,*,#5967,.F.);
#10554=ORIENTED_EDGE('',*,*,#7449,.F.);
#10555=ORIENTED_EDGE('',*,*,#6521,.F.);
#10556=ORIENTED_EDGE('',*,*,#7449,.T.);
#10557=ORIENTED_EDGE('',*,*,#5966,.F.);
#10558=ORIENTED_EDGE('',*,*,#7450,.F.);
#10559=ORIENTED_EDGE('',*,*,#6522,.F.);
#10560=ORIENTED_EDGE('',*,*,#7450,.T.);
#10561=ORIENTED_EDGE('',*,*,#5965,.F.);
#10562=ORIENTED_EDGE('',*,*,#7451,.F.);
#10563=ORIENTED_EDGE('',*,*,#6523,.F.);
#10564=ORIENTED_EDGE('',*,*,#7451,.T.);
#10565=ORIENTED_EDGE('',*,*,#5964,.F.);
#10566=ORIENTED_EDGE('',*,*,#7452,.F.);
#10567=ORIENTED_EDGE('',*,*,#6524,.F.);
#10568=ORIENTED_EDGE('',*,*,#7452,.T.);
#10569=ORIENTED_EDGE('',*,*,#5963,.F.);
#10570=ORIENTED_EDGE('',*,*,#7453,.F.);
#10571=ORIENTED_EDGE('',*,*,#6525,.F.);
#10572=ORIENTED_EDGE('',*,*,#7453,.T.);
#10573=ORIENTED_EDGE('',*,*,#5962,.F.);
#10574=ORIENTED_EDGE('',*,*,#7454,.F.);
#10575=ORIENTED_EDGE('',*,*,#6526,.F.);
#10576=ORIENTED_EDGE('',*,*,#7454,.T.);
#10577=ORIENTED_EDGE('',*,*,#5961,.F.);
#10578=ORIENTED_EDGE('',*,*,#7455,.F.);
#10579=ORIENTED_EDGE('',*,*,#6527,.F.);
#10580=ORIENTED_EDGE('',*,*,#7455,.T.);
#10581=ORIENTED_EDGE('',*,*,#5960,.F.);
#10582=ORIENTED_EDGE('',*,*,#7456,.F.);
#10583=ORIENTED_EDGE('',*,*,#6528,.F.);
#10584=ORIENTED_EDGE('',*,*,#7456,.T.);
#10585=ORIENTED_EDGE('',*,*,#5959,.F.);
#10586=ORIENTED_EDGE('',*,*,#7457,.F.);
#10587=ORIENTED_EDGE('',*,*,#6529,.F.);
#10588=ORIENTED_EDGE('',*,*,#7457,.T.);
#10589=ORIENTED_EDGE('',*,*,#5958,.F.);
#10590=ORIENTED_EDGE('',*,*,#7458,.F.);
#10591=ORIENTED_EDGE('',*,*,#6530,.F.);
#10592=ORIENTED_EDGE('',*,*,#7458,.T.);
#10593=ORIENTED_EDGE('',*,*,#5957,.F.);
#10594=ORIENTED_EDGE('',*,*,#7459,.F.);
#10595=ORIENTED_EDGE('',*,*,#6531,.F.);
#10596=ORIENTED_EDGE('',*,*,#7459,.T.);
#10597=ORIENTED_EDGE('',*,*,#5956,.F.);
#10598=ORIENTED_EDGE('',*,*,#7460,.F.);
#10599=ORIENTED_EDGE('',*,*,#6532,.F.);
#10600=ORIENTED_EDGE('',*,*,#7460,.T.);
#10601=ORIENTED_EDGE('',*,*,#5955,.F.);
#10602=ORIENTED_EDGE('',*,*,#7461,.F.);
#10603=ORIENTED_EDGE('',*,*,#6533,.F.);
#10604=ORIENTED_EDGE('',*,*,#7461,.T.);
#10605=ORIENTED_EDGE('',*,*,#5954,.F.);
#10606=ORIENTED_EDGE('',*,*,#7462,.F.);
#10607=ORIENTED_EDGE('',*,*,#6534,.F.);
#10608=ORIENTED_EDGE('',*,*,#7462,.T.);
#10609=ORIENTED_EDGE('',*,*,#5953,.F.);
#10610=ORIENTED_EDGE('',*,*,#7463,.F.);
#10611=ORIENTED_EDGE('',*,*,#6535,.F.);
#10612=ORIENTED_EDGE('',*,*,#7463,.T.);
#10613=ORIENTED_EDGE('',*,*,#5952,.F.);
#10614=ORIENTED_EDGE('',*,*,#7464,.F.);
#10615=ORIENTED_EDGE('',*,*,#6536,.F.);
#10616=ORIENTED_EDGE('',*,*,#7464,.T.);
#10617=ORIENTED_EDGE('',*,*,#5951,.F.);
#10618=ORIENTED_EDGE('',*,*,#7465,.F.);
#10619=ORIENTED_EDGE('',*,*,#6537,.F.);
#10620=ORIENTED_EDGE('',*,*,#7465,.T.);
#10621=ORIENTED_EDGE('',*,*,#5950,.F.);
#10622=ORIENTED_EDGE('',*,*,#7466,.F.);
#10623=ORIENTED_EDGE('',*,*,#6538,.F.);
#10624=ORIENTED_EDGE('',*,*,#7466,.T.);
#10625=ORIENTED_EDGE('',*,*,#5949,.F.);
#10626=ORIENTED_EDGE('',*,*,#7467,.F.);
#10627=ORIENTED_EDGE('',*,*,#6539,.F.);
#10628=ORIENTED_EDGE('',*,*,#7467,.T.);
#10629=ORIENTED_EDGE('',*,*,#5948,.F.);
#10630=ORIENTED_EDGE('',*,*,#7468,.F.);
#10631=ORIENTED_EDGE('',*,*,#6540,.F.);
#10632=ORIENTED_EDGE('',*,*,#7468,.T.);
#10633=ORIENTED_EDGE('',*,*,#5947,.F.);
#10634=ORIENTED_EDGE('',*,*,#7469,.F.);
#10635=ORIENTED_EDGE('',*,*,#6541,.F.);
#10636=ORIENTED_EDGE('',*,*,#7469,.T.);
#10637=ORIENTED_EDGE('',*,*,#5946,.F.);
#10638=ORIENTED_EDGE('',*,*,#7470,.F.);
#10639=ORIENTED_EDGE('',*,*,#6542,.F.);
#10640=ORIENTED_EDGE('',*,*,#7470,.T.);
#10641=ORIENTED_EDGE('',*,*,#5945,.F.);
#10642=ORIENTED_EDGE('',*,*,#7471,.F.);
#10643=ORIENTED_EDGE('',*,*,#6543,.F.);
#10644=ORIENTED_EDGE('',*,*,#7471,.T.);
#10645=ORIENTED_EDGE('',*,*,#5944,.F.);
#10646=ORIENTED_EDGE('',*,*,#7472,.F.);
#10647=ORIENTED_EDGE('',*,*,#6544,.F.);
#10648=ORIENTED_EDGE('',*,*,#7472,.T.);
#10649=ORIENTED_EDGE('',*,*,#5943,.F.);
#10650=ORIENTED_EDGE('',*,*,#7473,.F.);
#10651=ORIENTED_EDGE('',*,*,#6545,.F.);
#10652=ORIENTED_EDGE('',*,*,#7473,.T.);
#10653=ORIENTED_EDGE('',*,*,#5942,.F.);
#10654=ORIENTED_EDGE('',*,*,#7474,.F.);
#10655=ORIENTED_EDGE('',*,*,#6546,.F.);
#10656=ORIENTED_EDGE('',*,*,#7474,.T.);
#10657=ORIENTED_EDGE('',*,*,#5941,.F.);
#10658=ORIENTED_EDGE('',*,*,#7475,.F.);
#10659=ORIENTED_EDGE('',*,*,#6547,.F.);
#10660=ORIENTED_EDGE('',*,*,#7475,.T.);
#10661=ORIENTED_EDGE('',*,*,#5940,.F.);
#10662=ORIENTED_EDGE('',*,*,#7476,.F.);
#10663=ORIENTED_EDGE('',*,*,#6548,.F.);
#10664=ORIENTED_EDGE('',*,*,#7476,.T.);
#10665=ORIENTED_EDGE('',*,*,#5939,.F.);
#10666=ORIENTED_EDGE('',*,*,#7477,.F.);
#10667=ORIENTED_EDGE('',*,*,#6549,.F.);
#10668=ORIENTED_EDGE('',*,*,#7477,.T.);
#10669=ORIENTED_EDGE('',*,*,#5938,.F.);
#10670=ORIENTED_EDGE('',*,*,#7478,.F.);
#10671=ORIENTED_EDGE('',*,*,#6550,.F.);
#10672=ORIENTED_EDGE('',*,*,#7478,.T.);
#10673=ORIENTED_EDGE('',*,*,#5937,.F.);
#10674=ORIENTED_EDGE('',*,*,#5896,.F.);
#10675=ORIENTED_EDGE('',*,*,#5894,.F.);
#10676=ORIENTED_EDGE('',*,*,#5936,.F.);
#10677=ORIENTED_EDGE('',*,*,#7479,.F.);
#10678=ORIENTED_EDGE('',*,*,#6551,.T.);
#10679=ORIENTED_EDGE('',*,*,#6552,.T.);
#10680=ORIENTED_EDGE('',*,*,#7479,.T.);
#10681=ORIENTED_EDGE('',*,*,#5935,.F.);
#10682=ORIENTED_EDGE('',*,*,#5873,.F.);
#10683=ORIENTED_EDGE('',*,*,#5878,.F.);
#10684=ORIENTED_EDGE('',*,*,#5934,.F.);
#10685=ORIENTED_EDGE('',*,*,#7480,.F.);
#10686=ORIENTED_EDGE('',*,*,#6553,.F.);
#10687=ORIENTED_EDGE('',*,*,#6554,.T.);
#10688=ORIENTED_EDGE('',*,*,#7480,.T.);
#10689=ORIENTED_EDGE('',*,*,#5933,.F.);
#10690=ORIENTED_EDGE('',*,*,#5903,.F.);
#10691=ORIENTED_EDGE('',*,*,#6984,.F.);
#10692=ORIENTED_EDGE('',*,*,#5930,.F.);
#10693=ORIENTED_EDGE('',*,*,#7481,.F.);
#10694=ORIENTED_EDGE('',*,*,#6557,.T.);
#10695=ORIENTED_EDGE('',*,*,#6558,.T.);
#10696=ORIENTED_EDGE('',*,*,#7481,.T.);
#10697=ORIENTED_EDGE('',*,*,#5929,.F.);
#10698=ORIENTED_EDGE('',*,*,#6970,.F.);
#10699=ORIENTED_EDGE('',*,*,#6967,.F.);
#10700=ORIENTED_EDGE('',*,*,#5924,.F.);
#10701=ORIENTED_EDGE('',*,*,#7482,.F.);
#10702=ORIENTED_EDGE('',*,*,#6563,.F.);
#10703=ORIENTED_EDGE('',*,*,#6564,.T.);
#10704=ORIENTED_EDGE('',*,*,#7482,.T.);
#10705=ORIENTED_EDGE('',*,*,#5923,.F.);
#10706=ORIENTED_EDGE('',*,*,#6977,.F.);
#10707=ORIENTED_EDGE('',*,*,#6976,.F.);
#10708=ORIENTED_EDGE('',*,*,#5920,.F.);
#10709=ORIENTED_EDGE('',*,*,#7483,.F.);
#10710=ORIENTED_EDGE('',*,*,#6567,.F.);
#10711=ORIENTED_EDGE('',*,*,#6568,.T.);
#10712=ORIENTED_EDGE('',*,*,#7483,.T.);
#10713=ORIENTED_EDGE('',*,*,#5919,.F.);
#10714=ORIENTED_EDGE('',*,*,#7484,.F.);
#10715=ORIENTED_EDGE('',*,*,#6442,.T.);
#10716=ORIENTED_EDGE('',*,*,#7484,.T.);
#10717=ORIENTED_EDGE('',*,*,#5918,.F.);
#10718=ORIENTED_EDGE('',*,*,#7392,.F.);
#10719=CYLINDRICAL_SURFACE('',#11336,0.75);
#10720=CYLINDRICAL_SURFACE('',#11340,0.75);
#10721=CYLINDRICAL_SURFACE('',#11343,2.26433946398614);
#10722=CYLINDRICAL_SURFACE('',#11346,0.75);
#10723=CYLINDRICAL_SURFACE('',#11349,2.26433946398614);
#10724=CYLINDRICAL_SURFACE('',#11352,0.75);
#10725=CYLINDRICAL_SURFACE('',#11355,0.75);
#10726=CYLINDRICAL_SURFACE('',#11359,0.75);
#10727=CYLINDRICAL_SURFACE('',#11363,0.75);
#10728=CYLINDRICAL_SURFACE('',#11367,0.75);
#10729=CYLINDRICAL_SURFACE('',#11477,0.75);
#10730=CYLINDRICAL_SURFACE('',#11478,2.26433946398615);
#10731=CYLINDRICAL_SURFACE('',#11479,0.75);
#10732=CYLINDRICAL_SURFACE('',#11481,0.75);
#10733=CYLINDRICAL_SURFACE('',#11482,2.26433946398615);
#10734=CYLINDRICAL_SURFACE('',#11483,0.75);
#10735=CYLINDRICAL_SURFACE('',#11484,0.75);
#10736=CYLINDRICAL_SURFACE('',#11486,0.75);
#10737=CYLINDRICAL_SURFACE('',#11488,0.75);
#10738=CYLINDRICAL_SURFACE('',#11490,0.75);
#10739=CYLINDRICAL_SURFACE('',#11492,0.75);
#10740=CYLINDRICAL_SURFACE('',#11494,0.75);
#10741=CYLINDRICAL_SURFACE('',#11495,2.26433946398615);
#10742=CYLINDRICAL_SURFACE('',#11496,0.75);
#10743=CYLINDRICAL_SURFACE('',#11497,0.75);
#10744=CYLINDRICAL_SURFACE('',#11498,2.26433946398615);
#10745=CYLINDRICAL_SURFACE('',#11499,0.75);
#10746=CYLINDRICAL_SURFACE('',#11501,0.75);
#10747=CYLINDRICAL_SURFACE('',#11503,0.75);
#10748=CYLINDRICAL_SURFACE('',#11505,0.75);
#10749=CYLINDRICAL_SURFACE('',#11507,0.75);
#10750=CYLINDRICAL_SURFACE('',#11509,0.75);
#10751=CYLINDRICAL_SURFACE('',#11511,0.75);
#10752=CYLINDRICAL_SURFACE('',#11513,0.75);
#10753=CYLINDRICAL_SURFACE('',#11515,0.75);
#10754=CYLINDRICAL_SURFACE('',#11516,2.26433946398614);
#10755=CYLINDRICAL_SURFACE('',#11517,0.75);
#10756=CYLINDRICAL_SURFACE('',#11518,0.75);
#10757=CYLINDRICAL_SURFACE('',#11519,2.26433946398614);
#10758=CYLINDRICAL_SURFACE('',#11520,0.75);
#10759=CYLINDRICAL_SURFACE('',#11523,1.2);
#10760=CYLINDRICAL_SURFACE('',#11524,1.2);
#10761=CYLINDRICAL_SURFACE('',#11526,1.2);
#10762=CYLINDRICAL_SURFACE('',#11527,1.2);
#10763=CYLINDRICAL_SURFACE('',#11528,1.06220378895878);
#10764=CYLINDRICAL_SURFACE('',#11609,1.20000000000002);
#10765=CYLINDRICAL_SURFACE('',#11610,1.2);
#10766=CYLINDRICAL_SURFACE('',#11612,1.06220378895878);
#10767=CYLINDRICAL_SURFACE('',#11634,1.2);
#10768=CYLINDRICAL_SURFACE('',#11635,1.2);
#10769=CYLINDRICAL_SURFACE('',#11776,1.06220378895878);
#10770=CYLINDRICAL_SURFACE('',#11797,1.06220378895878);
#10771=CYLINDRICAL_SURFACE('',#11898,1.99999999999998);
#10772=CYLINDRICAL_SURFACE('',#11943,1.2);
#10773=CYLINDRICAL_SURFACE('',#11945,1.2);
#10774=CYLINDRICAL_SURFACE('',#11947,1.2);
#10775=CYLINDRICAL_SURFACE('',#11949,1.2);
#10776=CYLINDRICAL_SURFACE('',#11991,1.2);
#10777=CYLINDRICAL_SURFACE('',#11993,1.20000000000002);
#10778=CYLINDRICAL_SURFACE('',#11995,1.2);
#10779=CYLINDRICAL_SURFACE('',#11997,1.20000000000002);
#10780=CYLINDRICAL_SURFACE('',#11999,1.99999999999996);
#10781=ADVANCED_FACE('',(#546),#10719,.F.);
#10782=ADVANCED_FACE('',(#547),#67,.T.);
#10783=ADVANCED_FACE('',(#548),#10720,.F.);
#10784=ADVANCED_FACE('',(#549),#10721,.T.);
#10785=ADVANCED_FACE('',(#550),#10722,.F.);
#10786=ADVANCED_FACE('',(#551),#10723,.T.);
#10787=ADVANCED_FACE('',(#552),#10724,.F.);
#10788=ADVANCED_FACE('',(#553),#10725,.F.);
#10789=ADVANCED_FACE('',(#554),#68,.T.);
#10790=ADVANCED_FACE('',(#555),#10726,.F.);
#10791=ADVANCED_FACE('',(#556),#69,.T.);
#10792=ADVANCED_FACE('',(#557),#10727,.F.);
#10793=ADVANCED_FACE('',(#558),#70,.T.);
#10794=ADVANCED_FACE('',(#559),#10728,.F.);
#10795=ADVANCED_FACE('',(#560),#71,.T.);
#10796=ADVANCED_FACE('',(#561,#15,#16,#17,#18,#19,#20,#21,#22,#23,#24,#25,
#26,#27,#28,#29,#30,#31,#32,#33,#34,#35,#36,#37,#38,#39,#40),#72,.T.);
#10797=ADVANCED_FACE('',(#562,#41,#42,#43,#44,#45,#46,#47,#48,#49,#50,#51,
#52,#53,#54,#55,#56,#57,#58,#59,#60,#61,#62,#63,#64,#65,#66),#73,.F.);
#10798=ADVANCED_FACE('',(#563),#10729,.F.);
#10799=ADVANCED_FACE('',(#564),#10730,.T.);
#10800=ADVANCED_FACE('',(#565),#10731,.F.);
#10801=ADVANCED_FACE('',(#566),#74,.T.);
#10802=ADVANCED_FACE('',(#567),#10732,.F.);
#10803=ADVANCED_FACE('',(#568),#10733,.T.);
#10804=ADVANCED_FACE('',(#569),#10734,.F.);
#10805=ADVANCED_FACE('',(#570),#10735,.F.);
#10806=ADVANCED_FACE('',(#571),#75,.T.);
#10807=ADVANCED_FACE('',(#572),#10736,.F.);
#10808=ADVANCED_FACE('',(#573),#76,.T.);
#10809=ADVANCED_FACE('',(#574),#10737,.F.);
#10810=ADVANCED_FACE('',(#575),#77,.T.);
#10811=ADVANCED_FACE('',(#576),#10738,.F.);
#10812=ADVANCED_FACE('',(#577),#78,.T.);
#10813=ADVANCED_FACE('',(#578),#10739,.F.);
#10814=ADVANCED_FACE('',(#579),#79,.T.);
#10815=ADVANCED_FACE('',(#580),#10740,.F.);
#10816=ADVANCED_FACE('',(#581),#10741,.T.);
#10817=ADVANCED_FACE('',(#582),#10742,.F.);
#10818=ADVANCED_FACE('',(#583),#10743,.F.);
#10819=ADVANCED_FACE('',(#584),#10744,.T.);
#10820=ADVANCED_FACE('',(#585),#10745,.F.);
#10821=ADVANCED_FACE('',(#586),#80,.T.);
#10822=ADVANCED_FACE('',(#587),#10746,.F.);
#10823=ADVANCED_FACE('',(#588),#81,.T.);
#10824=ADVANCED_FACE('',(#589),#10747,.F.);
#10825=ADVANCED_FACE('',(#590),#82,.T.);
#10826=ADVANCED_FACE('',(#591),#10748,.F.);
#10827=ADVANCED_FACE('',(#592),#83,.T.);
#10828=ADVANCED_FACE('',(#593),#10749,.F.);
#10829=ADVANCED_FACE('',(#594),#84,.T.);
#10830=ADVANCED_FACE('',(#595),#10750,.F.);
#10831=ADVANCED_FACE('',(#596),#85,.T.);
#10832=ADVANCED_FACE('',(#597),#10751,.F.);
#10833=ADVANCED_FACE('',(#598),#86,.T.);
#10834=ADVANCED_FACE('',(#599),#10752,.F.);
#10835=ADVANCED_FACE('',(#600),#87,.T.);
#10836=ADVANCED_FACE('',(#601),#10753,.F.);
#10837=ADVANCED_FACE('',(#602),#10754,.T.);
#10838=ADVANCED_FACE('',(#603),#10755,.F.);
#10839=ADVANCED_FACE('',(#604),#10756,.F.);
#10840=ADVANCED_FACE('',(#605),#10757,.T.);
#10841=ADVANCED_FACE('',(#606),#10758,.F.);
#10842=ADVANCED_FACE('',(#607),#88,.T.);
#10843=ADVANCED_FACE('',(#608),#89,.T.);
#10844=ADVANCED_FACE('',(#609),#10759,.F.);
#10845=ADVANCED_FACE('',(#610),#10760,.F.);
#10846=ADVANCED_FACE('',(#611),#90,.T.);
#10847=ADVANCED_FACE('',(#612),#10761,.F.);
#10848=ADVANCED_FACE('',(#613),#10762,.F.);
#10849=ADVANCED_FACE('',(#614),#10763,.F.);
#10850=ADVANCED_FACE('',(#615),#91,.T.);
#10851=ADVANCED_FACE('',(#616),#92,.T.);
#10852=ADVANCED_FACE('',(#617),#93,.T.);
#10853=ADVANCED_FACE('',(#618),#94,.T.);
#10854=ADVANCED_FACE('',(#619),#95,.T.);
#10855=ADVANCED_FACE('',(#620),#96,.T.);
#10856=ADVANCED_FACE('',(#621),#97,.T.);
#10857=ADVANCED_FACE('',(#622),#98,.T.);
#10858=ADVANCED_FACE('',(#623),#99,.T.);
#10859=ADVANCED_FACE('',(#624),#100,.T.);
#10860=ADVANCED_FACE('',(#625),#101,.T.);
#10861=ADVANCED_FACE('',(#626),#102,.T.);
#10862=ADVANCED_FACE('',(#627),#103,.T.);
#10863=ADVANCED_FACE('',(#628),#104,.T.);
#10864=ADVANCED_FACE('',(#629),#105,.T.);
#10865=ADVANCED_FACE('',(#630),#106,.T.);
#10866=ADVANCED_FACE('',(#631),#107,.T.);
#10867=ADVANCED_FACE('',(#632),#108,.T.);
#10868=ADVANCED_FACE('',(#633),#109,.T.);
#10869=ADVANCED_FACE('',(#634),#110,.T.);
#10870=ADVANCED_FACE('',(#635),#111,.T.);
#10871=ADVANCED_FACE('',(#636),#112,.T.);
#10872=ADVANCED_FACE('',(#637),#113,.T.);
#10873=ADVANCED_FACE('',(#638),#114,.T.);
#10874=ADVANCED_FACE('',(#639),#115,.T.);
#10875=ADVANCED_FACE('',(#640),#116,.T.);
#10876=ADVANCED_FACE('',(#641),#117,.T.);
#10877=ADVANCED_FACE('',(#642),#118,.T.);
#10878=ADVANCED_FACE('',(#643),#119,.T.);
#10879=ADVANCED_FACE('',(#644),#120,.T.);
#10880=ADVANCED_FACE('',(#645),#121,.T.);
#10881=ADVANCED_FACE('',(#646),#122,.T.);
#10882=ADVANCED_FACE('',(#647),#123,.T.);
#10883=ADVANCED_FACE('',(#648),#124,.T.);
#10884=ADVANCED_FACE('',(#649),#125,.T.);
#10885=ADVANCED_FACE('',(#650),#126,.T.);
#10886=ADVANCED_FACE('',(#651),#127,.T.);
#10887=ADVANCED_FACE('',(#652),#128,.T.);
#10888=ADVANCED_FACE('',(#653),#129,.T.);
#10889=ADVANCED_FACE('',(#654),#130,.T.);
#10890=ADVANCED_FACE('',(#655),#131,.T.);
#10891=ADVANCED_FACE('',(#656),#132,.T.);
#10892=ADVANCED_FACE('',(#657),#133,.T.);
#10893=ADVANCED_FACE('',(#658),#134,.T.);
#10894=ADVANCED_FACE('',(#659),#135,.T.);
#10895=ADVANCED_FACE('',(#660),#136,.T.);
#10896=ADVANCED_FACE('',(#661),#137,.T.);
#10897=ADVANCED_FACE('',(#662),#138,.T.);
#10898=ADVANCED_FACE('',(#663),#139,.T.);
#10899=ADVANCED_FACE('',(#664),#140,.T.);
#10900=ADVANCED_FACE('',(#665),#141,.T.);
#10901=ADVANCED_FACE('',(#666),#142,.T.);
#10902=ADVANCED_FACE('',(#667),#143,.T.);
#10903=ADVANCED_FACE('',(#668),#144,.T.);
#10904=ADVANCED_FACE('',(#669),#145,.T.);
#10905=ADVANCED_FACE('',(#670),#146,.T.);
#10906=ADVANCED_FACE('',(#671),#147,.T.);
#10907=ADVANCED_FACE('',(#672),#148,.T.);
#10908=ADVANCED_FACE('',(#673),#149,.T.);
#10909=ADVANCED_FACE('',(#674),#150,.T.);
#10910=ADVANCED_FACE('',(#675),#151,.T.);
#10911=ADVANCED_FACE('',(#676),#152,.T.);
#10912=ADVANCED_FACE('',(#677),#153,.T.);
#10913=ADVANCED_FACE('',(#678),#154,.T.);
#10914=ADVANCED_FACE('',(#679),#155,.T.);
#10915=ADVANCED_FACE('',(#680),#156,.T.);
#10916=ADVANCED_FACE('',(#681),#157,.T.);
#10917=ADVANCED_FACE('',(#682),#158,.T.);
#10918=ADVANCED_FACE('',(#683),#159,.T.);
#10919=ADVANCED_FACE('',(#684),#160,.T.);
#10920=ADVANCED_FACE('',(#685),#161,.T.);
#10921=ADVANCED_FACE('',(#686),#162,.T.);
#10922=ADVANCED_FACE('',(#687),#163,.T.);
#10923=ADVANCED_FACE('',(#688),#164,.T.);
#10924=ADVANCED_FACE('',(#689),#165,.T.);
#10925=ADVANCED_FACE('',(#690),#166,.T.);
#10926=ADVANCED_FACE('',(#691),#167,.T.);
#10927=ADVANCED_FACE('',(#692),#168,.T.);
#10928=ADVANCED_FACE('',(#693),#169,.T.);
#10929=ADVANCED_FACE('',(#694),#170,.T.);
#10930=ADVANCED_FACE('',(#695),#10764,.F.);
#10931=ADVANCED_FACE('',(#696),#10765,.F.);
#10932=ADVANCED_FACE('',(#697),#171,.T.);
#10933=ADVANCED_FACE('',(#698),#10766,.F.);
#10934=ADVANCED_FACE('',(#699),#172,.T.);
#10935=ADVANCED_FACE('',(#700),#173,.T.);
#10936=ADVANCED_FACE('',(#701),#174,.T.);
#10937=ADVANCED_FACE('',(#702),#175,.T.);
#10938=ADVANCED_FACE('',(#703),#176,.T.);
#10939=ADVANCED_FACE('',(#704),#177,.T.);
#10940=ADVANCED_FACE('',(#705),#178,.T.);
#10941=ADVANCED_FACE('',(#706),#179,.T.);
#10942=ADVANCED_FACE('',(#707),#180,.T.);
#10943=ADVANCED_FACE('',(#708),#181,.T.);
#10944=ADVANCED_FACE('',(#709),#182,.T.);
#10945=ADVANCED_FACE('',(#710),#183,.T.);
#10946=ADVANCED_FACE('',(#711),#184,.T.);
#10947=ADVANCED_FACE('',(#712),#185,.T.);
#10948=ADVANCED_FACE('',(#713),#186,.T.);
#10949=ADVANCED_FACE('',(#714),#187,.T.);
#10950=ADVANCED_FACE('',(#715),#188,.T.);
#10951=ADVANCED_FACE('',(#716),#189,.T.);
#10952=ADVANCED_FACE('',(#717),#190,.T.);
#10953=ADVANCED_FACE('',(#718),#191,.T.);
#10954=ADVANCED_FACE('',(#719),#192,.T.);
#10955=ADVANCED_FACE('',(#720),#10767,.F.);
#10956=ADVANCED_FACE('',(#721),#10768,.F.);
#10957=ADVANCED_FACE('',(#722),#193,.T.);
#10958=ADVANCED_FACE('',(#723),#194,.T.);
#10959=ADVANCED_FACE('',(#724),#195,.T.);
#10960=ADVANCED_FACE('',(#725),#196,.T.);
#10961=ADVANCED_FACE('',(#726),#197,.T.);
#10962=ADVANCED_FACE('',(#727),#198,.T.);
#10963=ADVANCED_FACE('',(#728),#199,.T.);
#10964=ADVANCED_FACE('',(#729),#200,.T.);
#10965=ADVANCED_FACE('',(#730),#201,.T.);
#10966=ADVANCED_FACE('',(#731),#202,.T.);
#10967=ADVANCED_FACE('',(#732),#203,.T.);
#10968=ADVANCED_FACE('',(#733),#204,.T.);
#10969=ADVANCED_FACE('',(#734),#205,.T.);
#10970=ADVANCED_FACE('',(#735),#206,.T.);
#10971=ADVANCED_FACE('',(#736),#207,.T.);
#10972=ADVANCED_FACE('',(#737),#208,.T.);
#10973=ADVANCED_FACE('',(#738),#209,.T.);
#10974=ADVANCED_FACE('',(#739),#210,.T.);
#10975=ADVANCED_FACE('',(#740),#211,.T.);
#10976=ADVANCED_FACE('',(#741),#212,.T.);
#10977=ADVANCED_FACE('',(#742),#213,.T.);
#10978=ADVANCED_FACE('',(#743),#214,.T.);
#10979=ADVANCED_FACE('',(#744),#215,.T.);
#10980=ADVANCED_FACE('',(#745),#216,.T.);
#10981=ADVANCED_FACE('',(#746),#217,.T.);
#10982=ADVANCED_FACE('',(#747),#218,.T.);
#10983=ADVANCED_FACE('',(#748),#219,.T.);
#10984=ADVANCED_FACE('',(#749),#220,.T.);
#10985=ADVANCED_FACE('',(#750),#221,.T.);
#10986=ADVANCED_FACE('',(#751),#222,.T.);
#10987=ADVANCED_FACE('',(#752),#223,.T.);
#10988=ADVANCED_FACE('',(#753),#224,.T.);
#10989=ADVANCED_FACE('',(#754),#225,.T.);
#10990=ADVANCED_FACE('',(#755),#226,.T.);
#10991=ADVANCED_FACE('',(#756),#227,.T.);
#10992=ADVANCED_FACE('',(#757),#228,.T.);
#10993=ADVANCED_FACE('',(#758),#229,.T.);
#10994=ADVANCED_FACE('',(#759),#230,.T.);
#10995=ADVANCED_FACE('',(#760),#231,.T.);
#10996=ADVANCED_FACE('',(#761),#232,.T.);
#10997=ADVANCED_FACE('',(#762),#233,.T.);
#10998=ADVANCED_FACE('',(#763),#234,.T.);
#10999=ADVANCED_FACE('',(#764),#235,.T.);
#11000=ADVANCED_FACE('',(#765),#236,.T.);
#11001=ADVANCED_FACE('',(#766),#237,.T.);
#11002=ADVANCED_FACE('',(#767),#238,.T.);
#11003=ADVANCED_FACE('',(#768),#239,.T.);
#11004=ADVANCED_FACE('',(#769),#240,.T.);
#11005=ADVANCED_FACE('',(#770),#241,.T.);
#11006=ADVANCED_FACE('',(#771),#242,.T.);
#11007=ADVANCED_FACE('',(#772),#243,.T.);
#11008=ADVANCED_FACE('',(#773),#244,.T.);
#11009=ADVANCED_FACE('',(#774),#245,.T.);
#11010=ADVANCED_FACE('',(#775),#246,.T.);
#11011=ADVANCED_FACE('',(#776),#247,.T.);
#11012=ADVANCED_FACE('',(#777),#248,.T.);
#11013=ADVANCED_FACE('',(#778),#249,.T.);
#11014=ADVANCED_FACE('',(#779),#250,.T.);
#11015=ADVANCED_FACE('',(#780),#251,.T.);
#11016=ADVANCED_FACE('',(#781),#252,.T.);
#11017=ADVANCED_FACE('',(#782),#253,.T.);
#11018=ADVANCED_FACE('',(#783),#254,.T.);
#11019=ADVANCED_FACE('',(#784),#255,.T.);
#11020=ADVANCED_FACE('',(#785),#256,.T.);
#11021=ADVANCED_FACE('',(#786),#257,.T.);
#11022=ADVANCED_FACE('',(#787),#258,.T.);
#11023=ADVANCED_FACE('',(#788),#259,.T.);
#11024=ADVANCED_FACE('',(#789),#260,.T.);
#11025=ADVANCED_FACE('',(#790),#261,.T.);
#11026=ADVANCED_FACE('',(#791),#262,.T.);
#11027=ADVANCED_FACE('',(#792),#263,.T.);
#11028=ADVANCED_FACE('',(#793),#264,.T.);
#11029=ADVANCED_FACE('',(#794),#265,.T.);
#11030=ADVANCED_FACE('',(#795),#266,.T.);
#11031=ADVANCED_FACE('',(#796),#267,.T.);
#11032=ADVANCED_FACE('',(#797),#268,.T.);
#11033=ADVANCED_FACE('',(#798),#269,.T.);
#11034=ADVANCED_FACE('',(#799),#270,.T.);
#11035=ADVANCED_FACE('',(#800),#271,.T.);
#11036=ADVANCED_FACE('',(#801),#272,.T.);
#11037=ADVANCED_FACE('',(#802),#273,.T.);
#11038=ADVANCED_FACE('',(#803),#274,.T.);
#11039=ADVANCED_FACE('',(#804),#275,.T.);
#11040=ADVANCED_FACE('',(#805),#276,.T.);
#11041=ADVANCED_FACE('',(#806),#277,.T.);
#11042=ADVANCED_FACE('',(#807),#278,.T.);
#11043=ADVANCED_FACE('',(#808),#279,.T.);
#11044=ADVANCED_FACE('',(#809),#280,.T.);
#11045=ADVANCED_FACE('',(#810),#281,.T.);
#11046=ADVANCED_FACE('',(#811),#282,.T.);
#11047=ADVANCED_FACE('',(#812),#283,.T.);
#11048=ADVANCED_FACE('',(#813),#284,.T.);
#11049=ADVANCED_FACE('',(#814),#285,.T.);
#11050=ADVANCED_FACE('',(#815),#286,.T.);
#11051=ADVANCED_FACE('',(#816),#287,.T.);
#11052=ADVANCED_FACE('',(#817),#288,.T.);
#11053=ADVANCED_FACE('',(#818),#289,.T.);
#11054=ADVANCED_FACE('',(#819),#290,.T.);
#11055=ADVANCED_FACE('',(#820),#291,.T.);
#11056=ADVANCED_FACE('',(#821),#292,.T.);
#11057=ADVANCED_FACE('',(#822),#293,.T.);
#11058=ADVANCED_FACE('',(#823),#294,.T.);
#11059=ADVANCED_FACE('',(#824),#295,.T.);
#11060=ADVANCED_FACE('',(#825),#296,.T.);
#11061=ADVANCED_FACE('',(#826),#297,.T.);
#11062=ADVANCED_FACE('',(#827),#298,.T.);
#11063=ADVANCED_FACE('',(#828),#299,.T.);
#11064=ADVANCED_FACE('',(#829),#300,.T.);
#11065=ADVANCED_FACE('',(#830),#301,.T.);
#11066=ADVANCED_FACE('',(#831),#302,.T.);
#11067=ADVANCED_FACE('',(#832),#303,.T.);
#11068=ADVANCED_FACE('',(#833),#304,.T.);
#11069=ADVANCED_FACE('',(#834),#305,.T.);
#11070=ADVANCED_FACE('',(#835),#306,.T.);
#11071=ADVANCED_FACE('',(#836),#307,.T.);
#11072=ADVANCED_FACE('',(#837),#308,.T.);
#11073=ADVANCED_FACE('',(#838),#309,.T.);
#11074=ADVANCED_FACE('',(#839),#310,.T.);
#11075=ADVANCED_FACE('',(#840),#311,.T.);
#11076=ADVANCED_FACE('',(#841),#312,.T.);
#11077=ADVANCED_FACE('',(#842),#313,.T.);
#11078=ADVANCED_FACE('',(#843),#314,.T.);
#11079=ADVANCED_FACE('',(#844),#315,.T.);
#11080=ADVANCED_FACE('',(#845),#316,.T.);
#11081=ADVANCED_FACE('',(#846),#317,.T.);
#11082=ADVANCED_FACE('',(#847),#318,.T.);
#11083=ADVANCED_FACE('',(#848),#319,.T.);
#11084=ADVANCED_FACE('',(#849),#320,.T.);
#11085=ADVANCED_FACE('',(#850),#321,.T.);
#11086=ADVANCED_FACE('',(#851),#322,.T.);
#11087=ADVANCED_FACE('',(#852),#323,.T.);
#11088=ADVANCED_FACE('',(#853),#324,.T.);
#11089=ADVANCED_FACE('',(#854),#325,.T.);
#11090=ADVANCED_FACE('',(#855),#326,.T.);
#11091=ADVANCED_FACE('',(#856),#327,.T.);
#11092=ADVANCED_FACE('',(#857),#328,.T.);
#11093=ADVANCED_FACE('',(#858),#329,.T.);
#11094=ADVANCED_FACE('',(#859),#330,.T.);
#11095=ADVANCED_FACE('',(#860),#331,.T.);
#11096=ADVANCED_FACE('',(#861),#332,.T.);
#11097=ADVANCED_FACE('',(#862),#10769,.F.);
#11098=ADVANCED_FACE('',(#863),#333,.T.);
#11099=ADVANCED_FACE('',(#864),#334,.T.);
#11100=ADVANCED_FACE('',(#865),#335,.T.);
#11101=ADVANCED_FACE('',(#866),#336,.T.);
#11102=ADVANCED_FACE('',(#867),#337,.T.);
#11103=ADVANCED_FACE('',(#868),#338,.T.);
#11104=ADVANCED_FACE('',(#869),#339,.T.);
#11105=ADVANCED_FACE('',(#870),#340,.T.);
#11106=ADVANCED_FACE('',(#871),#341,.T.);
#11107=ADVANCED_FACE('',(#872),#342,.T.);
#11108=ADVANCED_FACE('',(#873),#343,.T.);
#11109=ADVANCED_FACE('',(#874),#344,.T.);
#11110=ADVANCED_FACE('',(#875),#345,.T.);
#11111=ADVANCED_FACE('',(#876),#346,.T.);
#11112=ADVANCED_FACE('',(#877),#347,.T.);
#11113=ADVANCED_FACE('',(#878),#348,.T.);
#11114=ADVANCED_FACE('',(#879),#349,.T.);
#11115=ADVANCED_FACE('',(#880),#350,.T.);
#11116=ADVANCED_FACE('',(#881),#351,.T.);
#11117=ADVANCED_FACE('',(#882),#352,.T.);
#11118=ADVANCED_FACE('',(#883),#10770,.F.);
#11119=ADVANCED_FACE('',(#884),#353,.T.);
#11120=ADVANCED_FACE('',(#885),#354,.T.);
#11121=ADVANCED_FACE('',(#886),#355,.T.);
#11122=ADVANCED_FACE('',(#887),#356,.T.);
#11123=ADVANCED_FACE('',(#888),#357,.T.);
#11124=ADVANCED_FACE('',(#889),#358,.T.);
#11125=ADVANCED_FACE('',(#890),#359,.T.);
#11126=ADVANCED_FACE('',(#891),#360,.T.);
#11127=ADVANCED_FACE('',(#892),#361,.T.);
#11128=ADVANCED_FACE('',(#893),#362,.T.);
#11129=ADVANCED_FACE('',(#894),#363,.T.);
#11130=ADVANCED_FACE('',(#895),#364,.T.);
#11131=ADVANCED_FACE('',(#896),#365,.T.);
#11132=ADVANCED_FACE('',(#897),#366,.T.);
#11133=ADVANCED_FACE('',(#898),#367,.T.);
#11134=ADVANCED_FACE('',(#899),#368,.T.);
#11135=ADVANCED_FACE('',(#900),#369,.T.);
#11136=ADVANCED_FACE('',(#901),#370,.T.);
#11137=ADVANCED_FACE('',(#902),#371,.T.);
#11138=ADVANCED_FACE('',(#903),#372,.T.);
#11139=ADVANCED_FACE('',(#904),#373,.T.);
#11140=ADVANCED_FACE('',(#905),#374,.T.);
#11141=ADVANCED_FACE('',(#906),#375,.T.);
#11142=ADVANCED_FACE('',(#907),#376,.T.);
#11143=ADVANCED_FACE('',(#908),#377,.T.);
#11144=ADVANCED_FACE('',(#909),#378,.T.);
#11145=ADVANCED_FACE('',(#910),#379,.T.);
#11146=ADVANCED_FACE('',(#911),#380,.T.);
#11147=ADVANCED_FACE('',(#912),#381,.T.);
#11148=ADVANCED_FACE('',(#913),#382,.T.);
#11149=ADVANCED_FACE('',(#914),#383,.T.);
#11150=ADVANCED_FACE('',(#915),#384,.T.);
#11151=ADVANCED_FACE('',(#916),#385,.T.);
#11152=ADVANCED_FACE('',(#917),#386,.T.);
#11153=ADVANCED_FACE('',(#918),#387,.T.);
#11154=ADVANCED_FACE('',(#919),#388,.T.);
#11155=ADVANCED_FACE('',(#920),#389,.T.);
#11156=ADVANCED_FACE('',(#921),#390,.T.);
#11157=ADVANCED_FACE('',(#922),#391,.T.);
#11158=ADVANCED_FACE('',(#923),#392,.T.);
#11159=ADVANCED_FACE('',(#924),#393,.T.);
#11160=ADVANCED_FACE('',(#925),#394,.T.);
#11161=ADVANCED_FACE('',(#926),#395,.T.);
#11162=ADVANCED_FACE('',(#927),#396,.T.);
#11163=ADVANCED_FACE('',(#928),#397,.T.);
#11164=ADVANCED_FACE('',(#929),#398,.T.);
#11165=ADVANCED_FACE('',(#930),#399,.T.);
#11166=ADVANCED_FACE('',(#931),#400,.T.);
#11167=ADVANCED_FACE('',(#932),#401,.T.);
#11168=ADVANCED_FACE('',(#933),#402,.T.);
#11169=ADVANCED_FACE('',(#934),#403,.T.);
#11170=ADVANCED_FACE('',(#935),#404,.T.);
#11171=ADVANCED_FACE('',(#936),#405,.T.);
#11172=ADVANCED_FACE('',(#937),#406,.T.);
#11173=ADVANCED_FACE('',(#938),#407,.T.);
#11174=ADVANCED_FACE('',(#939),#408,.T.);
#11175=ADVANCED_FACE('',(#940),#409,.T.);
#11176=ADVANCED_FACE('',(#941),#410,.T.);
#11177=ADVANCED_FACE('',(#942),#411,.T.);
#11178=ADVANCED_FACE('',(#943),#412,.T.);
#11179=ADVANCED_FACE('',(#944),#413,.T.);
#11180=ADVANCED_FACE('',(#945),#414,.T.);
#11181=ADVANCED_FACE('',(#946),#415,.T.);
#11182=ADVANCED_FACE('',(#947),#416,.T.);
#11183=ADVANCED_FACE('',(#948),#417,.T.);
#11184=ADVANCED_FACE('',(#949),#418,.T.);
#11185=ADVANCED_FACE('',(#950),#419,.T.);
#11186=ADVANCED_FACE('',(#951),#420,.T.);
#11187=ADVANCED_FACE('',(#952),#421,.T.);
#11188=ADVANCED_FACE('',(#953),#422,.T.);
#11189=ADVANCED_FACE('',(#954),#423,.T.);
#11190=ADVANCED_FACE('',(#955),#424,.T.);
#11191=ADVANCED_FACE('',(#956),#425,.T.);
#11192=ADVANCED_FACE('',(#957),#426,.T.);
#11193=ADVANCED_FACE('',(#958),#427,.T.);
#11194=ADVANCED_FACE('',(#959),#428,.T.);
#11195=ADVANCED_FACE('',(#960),#429,.T.);
#11196=ADVANCED_FACE('',(#961),#430,.T.);
#11197=ADVANCED_FACE('',(#962),#431,.T.);
#11198=ADVANCED_FACE('',(#963),#432,.T.);
#11199=ADVANCED_FACE('',(#964),#433,.T.);
#11200=ADVANCED_FACE('',(#965),#434,.T.);
#11201=ADVANCED_FACE('',(#966),#435,.T.);
#11202=ADVANCED_FACE('',(#967),#436,.T.);
#11203=ADVANCED_FACE('',(#968),#437,.T.);
#11204=ADVANCED_FACE('',(#969),#438,.T.);
#11205=ADVANCED_FACE('',(#970),#439,.T.);
#11206=ADVANCED_FACE('',(#971),#440,.T.);
#11207=ADVANCED_FACE('',(#972),#441,.T.);
#11208=ADVANCED_FACE('',(#973),#442,.T.);
#11209=ADVANCED_FACE('',(#974),#443,.T.);
#11210=ADVANCED_FACE('',(#975),#444,.T.);
#11211=ADVANCED_FACE('',(#976),#445,.T.);
#11212=ADVANCED_FACE('',(#977),#446,.T.);
#11213=ADVANCED_FACE('',(#978),#447,.T.);
#11214=ADVANCED_FACE('',(#979),#448,.T.);
#11215=ADVANCED_FACE('',(#980),#449,.T.);
#11216=ADVANCED_FACE('',(#981),#450,.T.);
#11217=ADVANCED_FACE('',(#982),#451,.T.);
#11218=ADVANCED_FACE('',(#983),#452,.T.);
#11219=ADVANCED_FACE('',(#984),#10771,.F.);
#11220=ADVANCED_FACE('',(#985),#453,.T.);
#11221=ADVANCED_FACE('',(#986),#454,.T.);
#11222=ADVANCED_FACE('',(#987),#455,.T.);
#11223=ADVANCED_FACE('',(#988),#456,.T.);
#11224=ADVANCED_FACE('',(#989),#457,.T.);
#11225=ADVANCED_FACE('',(#990),#458,.T.);
#11226=ADVANCED_FACE('',(#991),#459,.T.);
#11227=ADVANCED_FACE('',(#992),#460,.T.);
#11228=ADVANCED_FACE('',(#993),#461,.T.);
#11229=ADVANCED_FACE('',(#994),#462,.T.);
#11230=ADVANCED_FACE('',(#995),#463,.T.);
#11231=ADVANCED_FACE('',(#996),#464,.T.);
#11232=ADVANCED_FACE('',(#997),#465,.T.);
#11233=ADVANCED_FACE('',(#998),#466,.T.);
#11234=ADVANCED_FACE('',(#999),#467,.T.);
#11235=ADVANCED_FACE('',(#1000),#468,.T.);
#11236=ADVANCED_FACE('',(#1001),#469,.T.);
#11237=ADVANCED_FACE('',(#1002),#470,.T.);
#11238=ADVANCED_FACE('',(#1003),#471,.T.);
#11239=ADVANCED_FACE('',(#1004),#472,.T.);
#11240=ADVANCED_FACE('',(#1005),#473,.T.);
#11241=ADVANCED_FACE('',(#1006),#474,.T.);
#11242=ADVANCED_FACE('',(#1007),#475,.T.);
#11243=ADVANCED_FACE('',(#1008),#476,.T.);
#11244=ADVANCED_FACE('',(#1009),#477,.T.);
#11245=ADVANCED_FACE('',(#1010),#478,.T.);
#11246=ADVANCED_FACE('',(#1011),#479,.T.);
#11247=ADVANCED_FACE('',(#1012),#480,.T.);
#11248=ADVANCED_FACE('',(#1013),#481,.T.);
#11249=ADVANCED_FACE('',(#1014),#482,.T.);
#11250=ADVANCED_FACE('',(#1015),#483,.T.);
#11251=ADVANCED_FACE('',(#1016),#484,.T.);
#11252=ADVANCED_FACE('',(#1017),#485,.T.);
#11253=ADVANCED_FACE('',(#1018),#486,.T.);
#11254=ADVANCED_FACE('',(#1019),#487,.T.);
#11255=ADVANCED_FACE('',(#1020),#488,.T.);
#11256=ADVANCED_FACE('',(#1021),#489,.T.);
#11257=ADVANCED_FACE('',(#1022),#490,.T.);
#11258=ADVANCED_FACE('',(#1023),#491,.T.);
#11259=ADVANCED_FACE('',(#1024),#492,.T.);
#11260=ADVANCED_FACE('',(#1025),#493,.T.);
#11261=ADVANCED_FACE('',(#1026),#494,.T.);
#11262=ADVANCED_FACE('',(#1027),#495,.T.);
#11263=ADVANCED_FACE('',(#1028),#496,.T.);
#11264=ADVANCED_FACE('',(#1029),#10772,.T.);
#11265=ADVANCED_FACE('',(#1030),#497,.T.);
#11266=ADVANCED_FACE('',(#1031),#10773,.T.);
#11267=ADVANCED_FACE('',(#1032),#498,.T.);
#11268=ADVANCED_FACE('',(#1033),#10774,.T.);
#11269=ADVANCED_FACE('',(#1034),#499,.T.);
#11270=ADVANCED_FACE('',(#1035),#10775,.T.);
#11271=ADVANCED_FACE('',(#1036),#500,.T.);
#11272=ADVANCED_FACE('',(#1037),#501,.T.);
#11273=ADVANCED_FACE('',(#1038),#502,.T.);
#11274=ADVANCED_FACE('',(#1039),#503,.T.);
#11275=ADVANCED_FACE('',(#1040),#504,.T.);
#11276=ADVANCED_FACE('',(#1041),#505,.T.);
#11277=ADVANCED_FACE('',(#1042),#506,.T.);
#11278=ADVANCED_FACE('',(#1043),#507,.T.);
#11279=ADVANCED_FACE('',(#1044),#508,.T.);
#11280=ADVANCED_FACE('',(#1045),#509,.T.);
#11281=ADVANCED_FACE('',(#1046),#510,.T.);
#11282=ADVANCED_FACE('',(#1047),#511,.T.);
#11283=ADVANCED_FACE('',(#1048),#512,.T.);
#11284=ADVANCED_FACE('',(#1049),#513,.T.);
#11285=ADVANCED_FACE('',(#1050),#514,.T.);
#11286=ADVANCED_FACE('',(#1051),#515,.T.);
#11287=ADVANCED_FACE('',(#1052),#516,.T.);
#11288=ADVANCED_FACE('',(#1053),#517,.T.);
#11289=ADVANCED_FACE('',(#1054),#518,.T.);
#11290=ADVANCED_FACE('',(#1055),#519,.T.);
#11291=ADVANCED_FACE('',(#1056),#520,.T.);
#11292=ADVANCED_FACE('',(#1057),#521,.T.);
#11293=ADVANCED_FACE('',(#1058),#522,.T.);
#11294=ADVANCED_FACE('',(#1059),#523,.T.);
#11295=ADVANCED_FACE('',(#1060),#524,.T.);
#11296=ADVANCED_FACE('',(#1061),#525,.T.);
#11297=ADVANCED_FACE('',(#1062),#526,.T.);
#11298=ADVANCED_FACE('',(#1063),#527,.T.);
#11299=ADVANCED_FACE('',(#1064),#528,.T.);
#11300=ADVANCED_FACE('',(#1065),#529,.T.);
#11301=ADVANCED_FACE('',(#1066),#530,.T.);
#11302=ADVANCED_FACE('',(#1067),#531,.T.);
#11303=ADVANCED_FACE('',(#1068),#532,.T.);
#11304=ADVANCED_FACE('',(#1069),#533,.T.);
#11305=ADVANCED_FACE('',(#1070),#534,.T.);
#11306=ADVANCED_FACE('',(#1071),#535,.T.);
#11307=ADVANCED_FACE('',(#1072),#536,.T.);
#11308=ADVANCED_FACE('',(#1073),#537,.T.);
#11309=ADVANCED_FACE('',(#1074),#538,.T.);
#11310=ADVANCED_FACE('',(#1075),#539,.T.);
#11311=ADVANCED_FACE('',(#1076),#540,.T.);
#11312=ADVANCED_FACE('',(#1077),#10776,.T.);
#11313=ADVANCED_FACE('',(#1078),#541,.T.);
#11314=ADVANCED_FACE('',(#1079),#10777,.T.);
#11315=ADVANCED_FACE('',(#1080),#542,.T.);
#11316=ADVANCED_FACE('',(#1081),#10778,.T.);
#11317=ADVANCED_FACE('',(#1082),#543,.T.);
#11318=ADVANCED_FACE('',(#1083),#10779,.T.);
#11319=ADVANCED_FACE('',(#1084),#544,.T.);
#11320=ADVANCED_FACE('',(#1085),#10780,.T.);
#11321=ADVANCED_FACE('',(#1086),#545,.T.);
#11322=CLOSED_SHELL('',(#10781,#10782,#10783,#10784,#10785,#10786,#10787,
#10788,#10789,#10790,#10791,#10792,#10793,#10794,#10795,#10796,#10797,#10798,
#10799,#10800,#10801,#10802,#10803,#10804,#10805,#10806,#10807,#10808,#10809,
#10810,#10811,#10812,#10813,#10814,#10815,#10816,#10817,#10818,#10819,#10820,
#10821,#10822,#10823,#10824,#10825,#10826,#10827,#10828,#10829,#10830,#10831,
#10832,#10833,#10834,#10835,#10836,#10837,#10838,#10839,#10840,#10841,#10842,
#10843,#10844,#10845,#10846,#10847,#10848,#10849,#10850,#10851,#10852,#10853,
#10854,#10855,#10856,#10857,#10858,#10859,#10860,#10861,#10862,#10863,#10864,
#10865,#10866,#10867,#10868,#10869,#10870,#10871,#10872,#10873,#10874,#10875,
#10876,#10877,#10878,#10879,#10880,#10881,#10882,#10883,#10884,#10885,#10886,
#10887,#10888,#10889,#10890,#10891,#10892,#10893,#10894,#10895,#10896,#10897,
#10898,#10899,#10900,#10901,#10902,#10903,#10904,#10905,#10906,#10907,#10908,
#10909,#10910,#10911,#10912,#10913,#10914,#10915,#10916,#10917,#10918,#10919,
#10920,#10921,#10922,#10923,#10924,#10925,#10926,#10927,#10928,#10929,#10930,
#10931,#10932,#10933,#10934,#10935,#10936,#10937,#10938,#10939,#10940,#10941,
#10942,#10943,#10944,#10945,#10946,#10947,#10948,#10949,#10950,#10951,#10952,
#10953,#10954,#10955,#10956,#10957,#10958,#10959,#10960,#10961,#10962,#10963,
#10964,#10965,#10966,#10967,#10968,#10969,#10970,#10971,#10972,#10973,#10974,
#10975,#10976,#10977,#10978,#10979,#10980,#10981,#10982,#10983,#10984,#10985,
#10986,#10987,#10988,#10989,#10990,#10991,#10992,#10993,#10994,#10995,#10996,
#10997,#10998,#10999,#11000,#11001,#11002,#11003,#11004,#11005,#11006,#11007,
#11008,#11009,#11010,#11011,#11012,#11013,#11014,#11015,#11016,#11017,#11018,
#11019,#11020,#11021,#11022,#11023,#11024,#11025,#11026,#11027,#11028,#11029,
#11030,#11031,#11032,#11033,#11034,#11035,#11036,#11037,#11038,#11039,#11040,
#11041,#11042,#11043,#11044,#11045,#11046,#11047,#11048,#11049,#11050,#11051,
#11052,#11053,#11054,#11055,#11056,#11057,#11058,#11059,#11060,#11061,#11062,
#11063,#11064,#11065,#11066,#11067,#11068,#11069,#11070,#11071,#11072,#11073,
#11074,#11075,#11076,#11077,#11078,#11079,#11080,#11081,#11082,#11083,#11084,
#11085,#11086,#11087,#11088,#11089,#11090,#11091,#11092,#11093,#11094,#11095,
#11096,#11097,#11098,#11099,#11100,#11101,#11102,#11103,#11104,#11105,#11106,
#11107,#11108,#11109,#11110,#11111,#11112,#11113,#11114,#11115,#11116,#11117,
#11118,#11119,#11120,#11121,#11122,#11123,#11124,#11125,#11126,#11127,#11128,
#11129,#11130,#11131,#11132,#11133,#11134,#11135,#11136,#11137,#11138,#11139,
#11140,#11141,#11142,#11143,#11144,#11145,#11146,#11147,#11148,#11149,#11150,
#11151,#11152,#11153,#11154,#11155,#11156,#11157,#11158,#11159,#11160,#11161,
#11162,#11163,#11164,#11165,#11166,#11167,#11168,#11169,#11170,#11171,#11172,
#11173,#11174,#11175,#11176,#11177,#11178,#11179,#11180,#11181,#11182,#11183,
#11184,#11185,#11186,#11187,#11188,#11189,#11190,#11191,#11192,#11193,#11194,
#11195,#11196,#11197,#11198,#11199,#11200,#11201,#11202,#11203,#11204,#11205,
#11206,#11207,#11208,#11209,#11210,#11211,#11212,#11213,#11214,#11215,#11216,
#11217,#11218,#11219,#11220,#11221,#11222,#11223,#11224,#11225,#11226,#11227,
#11228,#11229,#11230,#11231,#11232,#11233,#11234,#11235,#11236,#11237,#11238,
#11239,#11240,#11241,#11242,#11243,#11244,#11245,#11246,#11247,#11248,#11249,
#11250,#11251,#11252,#11253,#11254,#11255,#11256,#11257,#11258,#11259,#11260,
#11261,#11262,#11263,#11264,#11265,#11266,#11267,#11268,#11269,#11270,#11271,
#11272,#11273,#11274,#11275,#11276,#11277,#11278,#11279,#11280,#11281,#11282,
#11283,#11284,#11285,#11286,#11287,#11288,#11289,#11290,#11291,#11292,#11293,
#11294,#11295,#11296,#11297,#11298,#11299,#11300,#11301,#11302,#11303,#11304,
#11305,#11306,#11307,#11308,#11309,#11310,#11311,#11312,#11313,#11314,#11315,
#11316,#11317,#11318,#11319,#11320,#11321));
#11323=DERIVED_UNIT_ELEMENT(#11325,1.);
#11324=DERIVED_UNIT_ELEMENT(#18068,-3.);
#11325=(
MASS_UNIT()
NAMED_UNIT(*)
SI_UNIT(.KILO.,.GRAM.)
);
#11326=DERIVED_UNIT((#11323,#11324));
#11327=MEASURE_REPRESENTATION_ITEM('density measure',
POSITIVE_RATIO_MEASURE(7850.),#11326);
#11328=PROPERTY_DEFINITION_REPRESENTATION(#11333,#11330);
#11329=PROPERTY_DEFINITION_REPRESENTATION(#11334,#11331);
#11330=REPRESENTATION('material name',(#11332),#18065);
#11331=REPRESENTATION('density',(#11327),#18065);
#11332=DESCRIPTIVE_REPRESENTATION_ITEM('Steel','Steel');
#11333=PROPERTY_DEFINITION('material property','material name',#18075);
#11334=PROPERTY_DEFINITION('material property','density of part',#18075);
#11335=AXIS2_PLACEMENT_3D('',#14826,#12001,#12002);
#11336=AXIS2_PLACEMENT_3D('',#14827,#12003,#12004);
#11337=AXIS2_PLACEMENT_3D('',#14830,#12005,#12006);
#11338=AXIS2_PLACEMENT_3D('',#14834,#12008,#12009);
#11339=AXIS2_PLACEMENT_3D('',#14836,#12011,#12012);
#11340=AXIS2_PLACEMENT_3D('',#14842,#12016,#12017);
#11341=AXIS2_PLACEMENT_3D('',#14845,#12018,#12019);
#11342=AXIS2_PLACEMENT_3D('',#14849,#12021,#12022);
#11343=AXIS2_PLACEMENT_3D('',#14851,#12024,#12025);
#11344=AXIS2_PLACEMENT_3D('',#14852,#12026,#12027);
#11345=AXIS2_PLACEMENT_3D('',#14853,#12028,#12029);
#11346=AXIS2_PLACEMENT_3D('',#14854,#12030,#12031);
#11347=AXIS2_PLACEMENT_3D('',#14857,#12032,#12033);
#11348=AXIS2_PLACEMENT_3D('',#14861,#12035,#12036);
#11349=AXIS2_PLACEMENT_3D('',#14863,#12038,#12039);
#11350=AXIS2_PLACEMENT_3D('',#14865,#12040,#12041);
#11351=AXIS2_PLACEMENT_3D('',#14868,#12043,#12044);
#11352=AXIS2_PLACEMENT_3D('',#14869,#12045,#12046);
#11353=AXIS2_PLACEMENT_3D('',#14871,#12047,#12048);
#11354=AXIS2_PLACEMENT_3D('',#14873,#12049,#12050);
#11355=AXIS2_PLACEMENT_3D('',#14875,#12052,#12053);
#11356=AXIS2_PLACEMENT_3D('',#14878,#12054,#12055);
#11357=AXIS2_PLACEMENT_3D('',#14882,#12057,#12058);
#11358=AXIS2_PLACEMENT_3D('',#14884,#12060,#12061);
#11359=AXIS2_PLACEMENT_3D('',#14890,#12065,#12066);
#11360=AXIS2_PLACEMENT_3D('',#14893,#12067,#12068);
#11361=AXIS2_PLACEMENT_3D('',#14897,#12070,#12071);
#11362=AXIS2_PLACEMENT_3D('',#14899,#12073,#12074);
#11363=AXIS2_PLACEMENT_3D('',#14905,#12078,#12079);
#11364=AXIS2_PLACEMENT_3D('',#14908,#12080,#12081);
#11365=AXIS2_PLACEMENT_3D('',#14912,#12083,#12084);
#11366=AXIS2_PLACEMENT_3D('',#14914,#12086,#12087);
#11367=AXIS2_PLACEMENT_3D('',#14920,#12091,#12092);
#11368=AXIS2_PLACEMENT_3D('',#14922,#12093,#12094);
#11369=AXIS2_PLACEMENT_3D('',#14925,#12096,#12097);
#11370=AXIS2_PLACEMENT_3D('',#14926,#12098,#12099);
#11371=AXIS2_PLACEMENT_3D('',#14932,#12103,#12104);
#11372=AXIS2_PLACEMENT_3D('',#14937,#12106,#12107);
#11373=AXIS2_PLACEMENT_3D('',#14941,#12109,#12110);
#11374=AXIS2_PLACEMENT_3D('',#14945,#12112,#12113);
#11375=AXIS2_PLACEMENT_3D('',#14949,#12115,#12116);
#11376=AXIS2_PLACEMENT_3D('',#14951,#12117,#12118);
#11377=AXIS2_PLACEMENT_3D('',#14953,#12119,#12120);
#11378=AXIS2_PLACEMENT_3D('',#14957,#12122,#12123);
#11379=AXIS2_PLACEMENT_3D('',#14961,#12125,#12126);
#11380=AXIS2_PLACEMENT_3D('',#14964,#12128,#12129);
#11381=AXIS2_PLACEMENT_3D('',#14967,#12131,#12132);
#11382=AXIS2_PLACEMENT_3D('',#15050,#12174,#12175);
#11383=AXIS2_PLACEMENT_3D('',#15054,#12177,#12178);
#11384=AXIS2_PLACEMENT_3D('',#15058,#12180,#12181);
#11385=AXIS2_PLACEMENT_3D('',#15060,#12182,#12183);
#11386=AXIS2_PLACEMENT_3D('',#15062,#12184,#12185);
#11387=AXIS2_PLACEMENT_3D('',#15066,#12187,#12188);
#11388=AXIS2_PLACEMENT_3D('',#15070,#12190,#12191);
#11389=AXIS2_PLACEMENT_3D('',#15074,#12193,#12194);
#11390=AXIS2_PLACEMENT_3D('',#15078,#12196,#12197);
#11391=AXIS2_PLACEMENT_3D('',#15082,#12199,#12200);
#11392=AXIS2_PLACEMENT_3D('',#15084,#12201,#12202);
#11393=AXIS2_PLACEMENT_3D('',#15086,#12203,#12204);
#11394=AXIS2_PLACEMENT_3D('',#15090,#12206,#12207);
#11395=AXIS2_PLACEMENT_3D('',#15094,#12209,#12210);
#11396=AXIS2_PLACEMENT_3D('',#15183,#12255,#12256);
#11397=AXIS2_PLACEMENT_3D('',#15385,#12357,#12358);
#11398=AXIS2_PLACEMENT_3D('',#15427,#12379,#12380);
#11399=AXIS2_PLACEMENT_3D('',#15749,#12541,#12542);
#11400=AXIS2_PLACEMENT_3D('',#15911,#12623,#12624);
#11401=AXIS2_PLACEMENT_3D('',#15914,#12625,#12626);
#11402=AXIS2_PLACEMENT_3D('',#15916,#12627,#12628);
#11403=AXIS2_PLACEMENT_3D('',#15918,#12629,#12630);
#11404=AXIS2_PLACEMENT_3D('',#15922,#12632,#12633);
#11405=AXIS2_PLACEMENT_3D('',#15926,#12635,#12636);
#11406=AXIS2_PLACEMENT_3D('',#15930,#12638,#12639);
#11407=AXIS2_PLACEMENT_3D('',#15931,#12640,#12641);
#11408=AXIS2_PLACEMENT_3D('',#15934,#12642,#12643);
#11409=AXIS2_PLACEMENT_3D('',#15936,#12644,#12645);
#11410=AXIS2_PLACEMENT_3D('',#15938,#12646,#12647);
#11411=AXIS2_PLACEMENT_3D('',#15942,#12649,#12650);
#11412=AXIS2_PLACEMENT_3D('',#15946,#12652,#12653);
#11413=AXIS2_PLACEMENT_3D('',#15950,#12655,#12656);
#11414=AXIS2_PLACEMENT_3D('',#15951,#12657,#12658);
#11415=AXIS2_PLACEMENT_3D('',#15954,#12659,#12660);
#11416=AXIS2_PLACEMENT_3D('',#15956,#12661,#12662);
#11417=AXIS2_PLACEMENT_3D('',#15958,#12663,#12664);
#11418=AXIS2_PLACEMENT_3D('',#15962,#12666,#12667);
#11419=AXIS2_PLACEMENT_3D('',#15966,#12669,#12670);
#11420=AXIS2_PLACEMENT_3D('',#15970,#12672,#12673);
#11421=AXIS2_PLACEMENT_3D('',#15971,#12674,#12675);
#11422=AXIS2_PLACEMENT_3D('',#15973,#12676,#12677);
#11423=AXIS2_PLACEMENT_3D('',#15975,#12679,#12680);
#11424=AXIS2_PLACEMENT_3D('',#15976,#12681,#12682);
#11425=AXIS2_PLACEMENT_3D('',#15981,#12684,#12685);
#11426=AXIS2_PLACEMENT_3D('',#16071,#12730,#12731);
#11427=AXIS2_PLACEMENT_3D('',#16075,#12733,#12734);
#11428=AXIS2_PLACEMENT_3D('',#16079,#12736,#12737);
#11429=AXIS2_PLACEMENT_3D('',#16081,#12738,#12739);
#11430=AXIS2_PLACEMENT_3D('',#16083,#12740,#12741);
#11431=AXIS2_PLACEMENT_3D('',#16087,#12743,#12744);
#11432=AXIS2_PLACEMENT_3D('',#16091,#12746,#12747);
#11433=AXIS2_PLACEMENT_3D('',#16095,#12749,#12750);
#11434=AXIS2_PLACEMENT_3D('',#16099,#12752,#12753);
#11435=AXIS2_PLACEMENT_3D('',#16103,#12755,#12756);
#11436=AXIS2_PLACEMENT_3D('',#16105,#12757,#12758);
#11437=AXIS2_PLACEMENT_3D('',#16107,#12759,#12760);
#11438=AXIS2_PLACEMENT_3D('',#16111,#12762,#12763);
#11439=AXIS2_PLACEMENT_3D('',#16115,#12765,#12766);
#11440=AXIS2_PLACEMENT_3D('',#16197,#12808,#12809);
#11441=AXIS2_PLACEMENT_3D('',#16200,#12811,#12812);
#11442=AXIS2_PLACEMENT_3D('',#16204,#12814,#12815);
#11443=AXIS2_PLACEMENT_3D('',#16208,#12817,#12818);
#11444=AXIS2_PLACEMENT_3D('',#16212,#12820,#12821);
#11445=AXIS2_PLACEMENT_3D('',#16214,#12822,#12823);
#11446=AXIS2_PLACEMENT_3D('',#16216,#12824,#12825);
#11447=AXIS2_PLACEMENT_3D('',#16220,#12827,#12828);
#11448=AXIS2_PLACEMENT_3D('',#16224,#12830,#12831);
#11449=AXIS2_PLACEMENT_3D('',#16227,#12833,#12834);
#11450=AXIS2_PLACEMENT_3D('',#16228,#12835,#12836);
#11451=AXIS2_PLACEMENT_3D('',#16231,#12838,#12839);
#11452=AXIS2_PLACEMENT_3D('',#16234,#12840,#12841);
#11453=AXIS2_PLACEMENT_3D('',#16238,#12843,#12844);
#11454=AXIS2_PLACEMENT_3D('',#16242,#12846,#12847);
#11455=AXIS2_PLACEMENT_3D('',#16246,#12849,#12850);
#11456=AXIS2_PLACEMENT_3D('',#16248,#12851,#12852);
#11457=AXIS2_PLACEMENT_3D('',#16250,#12853,#12854);
#11458=AXIS2_PLACEMENT_3D('',#16251,#12855,#12856);
#11459=AXIS2_PLACEMENT_3D('',#16254,#12857,#12858);
#11460=AXIS2_PLACEMENT_3D('',#16258,#12860,#12861);
#11461=AXIS2_PLACEMENT_3D('',#16262,#12863,#12864);
#11462=AXIS2_PLACEMENT_3D('',#16266,#12866,#12867);
#11463=AXIS2_PLACEMENT_3D('',#16268,#12868,#12869);
#11464=AXIS2_PLACEMENT_3D('',#16270,#12870,#12871);
#11465=AXIS2_PLACEMENT_3D('',#16271,#12872,#12873);
#11466=AXIS2_PLACEMENT_3D('',#16274,#12874,#12875);
#11467=AXIS2_PLACEMENT_3D('',#16278,#12877,#12878);
#11468=AXIS2_PLACEMENT_3D('',#16282,#12880,#12881);
#11469=AXIS2_PLACEMENT_3D('',#16286,#12883,#12884);
#11470=AXIS2_PLACEMENT_3D('',#16288,#12885,#12886);
#11471=AXIS2_PLACEMENT_3D('',#16290,#12887,#12888);
#11472=AXIS2_PLACEMENT_3D('',#16291,#12889,#12890);
#11473=AXIS2_PLACEMENT_3D('',#16493,#12991,#12992);
#11474=AXIS2_PLACEMENT_3D('',#16535,#13013,#13014);
#11475=AXIS2_PLACEMENT_3D('',#16857,#13175,#13176);
#11476=AXIS2_PLACEMENT_3D('',#17019,#13257,#13258);
#11477=AXIS2_PLACEMENT_3D('',#17020,#13259,#13260);
#11478=AXIS2_PLACEMENT_3D('',#17023,#13263,#13264);
#11479=AXIS2_PLACEMENT_3D('',#17025,#13266,#13267);
#11480=AXIS2_PLACEMENT_3D('',#17027,#13269,#13270);
#11481=AXIS2_PLACEMENT_3D('',#17029,#13272,#13273);
#11482=AXIS2_PLACEMENT_3D('',#17032,#13276,#13277);
#11483=AXIS2_PLACEMENT_3D('',#17034,#13279,#13280);
#11484=AXIS2_PLACEMENT_3D('',#17036,#13282,#13283);
#11485=AXIS2_PLACEMENT_3D('',#17039,#13286,#13287);
#11486=AXIS2_PLACEMENT_3D('',#17041,#13289,#13290);
#11487=AXIS2_PLACEMENT_3D('',#17044,#13293,#13294);
#11488=AXIS2_PLACEMENT_3D('',#17046,#13296,#13297);
#11489=AXIS2_PLACEMENT_3D('',#17048,#13299,#13300);
#11490=AXIS2_PLACEMENT_3D('',#17050,#13302,#13303);
#11491=AXIS2_PLACEMENT_3D('',#17053,#13306,#13307);
#11492=AXIS2_PLACEMENT_3D('',#17054,#13308,#13309);
#11493=AXIS2_PLACEMENT_3D('',#17057,#13312,#13313);
#11494=AXIS2_PLACEMENT_3D('',#17059,#13315,#13316);
#11495=AXIS2_PLACEMENT_3D('',#17062,#13319,#13320);
#11496=AXIS2_PLACEMENT_3D('',#17064,#13322,#13323);
#11497=AXIS2_PLACEMENT_3D('',#17066,#13325,#13326);
#11498=AXIS2_PLACEMENT_3D('',#17069,#13329,#13330);
#11499=AXIS2_PLACEMENT_3D('',#17070,#13331,#13332);
#11500=AXIS2_PLACEMENT_3D('',#17073,#13335,#13336);
#11501=AXIS2_PLACEMENT_3D('',#17075,#13338,#13339);
#11502=AXIS2_PLACEMENT_3D('',#17078,#13342,#13343);
#11503=AXIS2_PLACEMENT_3D('',#17080,#13345,#13346);
#11504=AXIS2_PLACEMENT_3D('',#17083,#13349,#13350);
#11505=AXIS2_PLACEMENT_3D('',#17085,#13352,#13353);
#11506=AXIS2_PLACEMENT_3D('',#17088,#13356,#13357);
#11507=AXIS2_PLACEMENT_3D('',#17089,#13358,#13359);
#11508=AXIS2_PLACEMENT_3D('',#17092,#13362,#13363);
#11509=AXIS2_PLACEMENT_3D('',#17094,#13365,#13366);
#11510=AXIS2_PLACEMENT_3D('',#17097,#13369,#13370);
#11511=AXIS2_PLACEMENT_3D('',#17099,#13372,#13373);
#11512=AXIS2_PLACEMENT_3D('',#17102,#13376,#13377);
#11513=AXIS2_PLACEMENT_3D('',#17103,#13378,#13379);
#11514=AXIS2_PLACEMENT_3D('',#17105,#13381,#13382);
#11515=AXIS2_PLACEMENT_3D('',#17107,#13384,#13385);
#11516=AXIS2_PLACEMENT_3D('',#17110,#13388,#13389);
#11517=AXIS2_PLACEMENT_3D('',#17112,#13391,#13392);
#11518=AXIS2_PLACEMENT_3D('',#17114,#13394,#13395);
#11519=AXIS2_PLACEMENT_3D('',#17117,#13398,#13399);
#11520=AXIS2_PLACEMENT_3D('',#17119,#13401,#13402);
#11521=AXIS2_PLACEMENT_3D('',#17121,#13404,#13405);
#11522=AXIS2_PLACEMENT_3D('',#17123,#13407,#13408);
#11523=AXIS2_PLACEMENT_3D('',#17125,#13410,#13411);
#11524=AXIS2_PLACEMENT_3D('',#17126,#13412,#13413);
#11525=AXIS2_PLACEMENT_3D('',#17127,#13414,#13415);
#11526=AXIS2_PLACEMENT_3D('',#17129,#13417,#13418);
#11527=AXIS2_PLACEMENT_3D('',#17130,#13419,#13420);
#11528=AXIS2_PLACEMENT_3D('',#17131,#13421,#13422);
#11529=AXIS2_PLACEMENT_3D('',#17133,#13424,#13425);
#11530=AXIS2_PLACEMENT_3D('',#17136,#13428,#13429);
#11531=AXIS2_PLACEMENT_3D('',#17138,#13431,#13432);
#11532=AXIS2_PLACEMENT_3D('',#17140,#13434,#13435);
#11533=AXIS2_PLACEMENT_3D('',#17142,#13437,#13438);
#11534=AXIS2_PLACEMENT_3D('',#17144,#13440,#13441);
#11535=AXIS2_PLACEMENT_3D('',#17146,#13443,#13444);
#11536=AXIS2_PLACEMENT_3D('',#17148,#13446,#13447);
#11537=AXIS2_PLACEMENT_3D('',#17150,#13449,#13450);
#11538=AXIS2_PLACEMENT_3D('',#17152,#13452,#13453);
#11539=AXIS2_PLACEMENT_3D('',#17154,#13455,#13456);
#11540=AXIS2_PLACEMENT_3D('',#17156,#13458,#13459);
#11541=AXIS2_PLACEMENT_3D('',#17158,#13461,#13462);
#11542=AXIS2_PLACEMENT_3D('',#17160,#13464,#13465);
#11543=AXIS2_PLACEMENT_3D('',#17162,#13467,#13468);
#11544=AXIS2_PLACEMENT_3D('',#17164,#13470,#13471);
#11545=AXIS2_PLACEMENT_3D('',#17166,#13473,#13474);
#11546=AXIS2_PLACEMENT_3D('',#17168,#13476,#13477);
#11547=AXIS2_PLACEMENT_3D('',#17170,#13479,#13480);
#11548=AXIS2_PLACEMENT_3D('',#17172,#13482,#13483);
#11549=AXIS2_PLACEMENT_3D('',#17173,#13484,#13485);
#11550=AXIS2_PLACEMENT_3D('',#17176,#13488,#13489);
#11551=AXIS2_PLACEMENT_3D('',#17178,#13491,#13492);
#11552=AXIS2_PLACEMENT_3D('',#17180,#13494,#13495);
#11553=AXIS2_PLACEMENT_3D('',#17182,#13497,#13498);
#11554=AXIS2_PLACEMENT_3D('',#17184,#13500,#13501);
#11555=AXIS2_PLACEMENT_3D('',#17186,#13503,#13504);
#11556=AXIS2_PLACEMENT_3D('',#17188,#13506,#13507);
#11557=AXIS2_PLACEMENT_3D('',#17190,#13509,#13510);
#11558=AXIS2_PLACEMENT_3D('',#17192,#13512,#13513);
#11559=AXIS2_PLACEMENT_3D('',#17194,#13515,#13516);
#11560=AXIS2_PLACEMENT_3D('',#17196,#13518,#13519);
#11561=AXIS2_PLACEMENT_3D('',#17198,#13521,#13522);
#11562=AXIS2_PLACEMENT_3D('',#17200,#13524,#13525);
#11563=AXIS2_PLACEMENT_3D('',#17202,#13527,#13528);
#11564=AXIS2_PLACEMENT_3D('',#17204,#13530,#13531);
#11565=AXIS2_PLACEMENT_3D('',#17206,#13533,#13534);
#11566=AXIS2_PLACEMENT_3D('',#17208,#13536,#13537);
#11567=AXIS2_PLACEMENT_3D('',#17210,#13539,#13540);
#11568=AXIS2_PLACEMENT_3D('',#17212,#13542,#13543);
#11569=AXIS2_PLACEMENT_3D('',#17213,#13544,#13545);
#11570=AXIS2_PLACEMENT_3D('',#17216,#13548,#13549);
#11571=AXIS2_PLACEMENT_3D('',#17218,#13551,#13552);
#11572=AXIS2_PLACEMENT_3D('',#17220,#13554,#13555);
#11573=AXIS2_PLACEMENT_3D('',#17222,#13557,#13558);
#11574=AXIS2_PLACEMENT_3D('',#17224,#13560,#13561);
#11575=AXIS2_PLACEMENT_3D('',#17226,#13563,#13564);
#11576=AXIS2_PLACEMENT_3D('',#17228,#13566,#13567);
#11577=AXIS2_PLACEMENT_3D('',#17230,#13569,#13570);
#11578=AXIS2_PLACEMENT_3D('',#17232,#13572,#13573);
#11579=AXIS2_PLACEMENT_3D('',#17234,#13575,#13576);
#11580=AXIS2_PLACEMENT_3D('',#17236,#13578,#13579);
#11581=AXIS2_PLACEMENT_3D('',#17238,#13581,#13582);
#11582=AXIS2_PLACEMENT_3D('',#17240,#13584,#13585);
#11583=AXIS2_PLACEMENT_3D('',#17242,#13587,#13588);
#11584=AXIS2_PLACEMENT_3D('',#17244,#13590,#13591);
#11585=AXIS2_PLACEMENT_3D('',#17246,#13593,#13594);
#11586=AXIS2_PLACEMENT_3D('',#17248,#13596,#13597);
#11587=AXIS2_PLACEMENT_3D('',#17250,#13599,#13600);
#11588=AXIS2_PLACEMENT_3D('',#17252,#13602,#13603);
#11589=AXIS2_PLACEMENT_3D('',#17253,#13604,#13605);
#11590=AXIS2_PLACEMENT_3D('',#17256,#13608,#13609);
#11591=AXIS2_PLACEMENT_3D('',#17258,#13611,#13612);
#11592=AXIS2_PLACEMENT_3D('',#17260,#13614,#13615);
#11593=AXIS2_PLACEMENT_3D('',#17262,#13617,#13618);
#11594=AXIS2_PLACEMENT_3D('',#17264,#13620,#13621);
#11595=AXIS2_PLACEMENT_3D('',#17266,#13623,#13624);
#11596=AXIS2_PLACEMENT_3D('',#17268,#13626,#13627);
#11597=AXIS2_PLACEMENT_3D('',#17270,#13629,#13630);
#11598=AXIS2_PLACEMENT_3D('',#17272,#13632,#13633);
#11599=AXIS2_PLACEMENT_3D('',#17274,#13635,#13636);
#11600=AXIS2_PLACEMENT_3D('',#17276,#13638,#13639);
#11601=AXIS2_PLACEMENT_3D('',#17278,#13641,#13642);
#11602=AXIS2_PLACEMENT_3D('',#17280,#13644,#13645);
#11603=AXIS2_PLACEMENT_3D('',#17282,#13647,#13648);
#11604=AXIS2_PLACEMENT_3D('',#17284,#13650,#13651);
#11605=AXIS2_PLACEMENT_3D('',#17286,#13653,#13654);
#11606=AXIS2_PLACEMENT_3D('',#17288,#13656,#13657);
#11607=AXIS2_PLACEMENT_3D('',#17290,#13659,#13660);
#11608=AXIS2_PLACEMENT_3D('',#17292,#13662,#13663);
#11609=AXIS2_PLACEMENT_3D('',#17293,#13664,#13665);
#11610=AXIS2_PLACEMENT_3D('',#17295,#13667,#13668);
#11611=AXIS2_PLACEMENT_3D('',#17296,#13669,#13670);
#11612=AXIS2_PLACEMENT_3D('',#17297,#13671,#13672);
#11613=AXIS2_PLACEMENT_3D('',#17299,#13674,#13675);
#11614=AXIS2_PLACEMENT_3D('',#17302,#13678,#13679);
#11615=AXIS2_PLACEMENT_3D('',#17304,#13681,#13682);
#11616=AXIS2_PLACEMENT_3D('',#17306,#13684,#13685);
#11617=AXIS2_PLACEMENT_3D('',#17308,#13687,#13688);
#11618=AXIS2_PLACEMENT_3D('',#17310,#13690,#13691);
#11619=AXIS2_PLACEMENT_3D('',#17312,#13693,#13694);
#11620=AXIS2_PLACEMENT_3D('',#17314,#13696,#13697);
#11621=AXIS2_PLACEMENT_3D('',#17316,#13699,#13700);
#11622=AXIS2_PLACEMENT_3D('',#17318,#13702,#13703);
#11623=AXIS2_PLACEMENT_3D('',#17320,#13705,#13706);
#11624=AXIS2_PLACEMENT_3D('',#17322,#13708,#13709);
#11625=AXIS2_PLACEMENT_3D('',#17324,#13711,#13712);
#11626=AXIS2_PLACEMENT_3D('',#17326,#13714,#13715);
#11627=AXIS2_PLACEMENT_3D('',#17328,#13717,#13718);
#11628=AXIS2_PLACEMENT_3D('',#17330,#13720,#13721);
#11629=AXIS2_PLACEMENT_3D('',#17332,#13723,#13724);
#11630=AXIS2_PLACEMENT_3D('',#17334,#13726,#13727);
#11631=AXIS2_PLACEMENT_3D('',#17336,#13729,#13730);
#11632=AXIS2_PLACEMENT_3D('',#17338,#13732,#13733);
#11633=AXIS2_PLACEMENT_3D('',#17339,#13734,#13735);
#11634=AXIS2_PLACEMENT_3D('',#17341,#13737,#13738);
#11635=AXIS2_PLACEMENT_3D('',#17342,#13739,#13740);
#11636=AXIS2_PLACEMENT_3D('',#17343,#13741,#13742);
#11637=AXIS2_PLACEMENT_3D('',#17346,#13745,#13746);
#11638=AXIS2_PLACEMENT_3D('',#17348,#13748,#13749);
#11639=AXIS2_PLACEMENT_3D('',#17350,#13751,#13752);
#11640=AXIS2_PLACEMENT_3D('',#17352,#13754,#13755);
#11641=AXIS2_PLACEMENT_3D('',#17354,#13757,#13758);
#11642=AXIS2_PLACEMENT_3D('',#17356,#13760,#13761);
#11643=AXIS2_PLACEMENT_3D('',#17358,#13763,#13764);
#11644=AXIS2_PLACEMENT_3D('',#17360,#13766,#13767);
#11645=AXIS2_PLACEMENT_3D('',#17362,#13769,#13770);
#11646=AXIS2_PLACEMENT_3D('',#17364,#13772,#13773);
#11647=AXIS2_PLACEMENT_3D('',#17366,#13775,#13776);
#11648=AXIS2_PLACEMENT_3D('',#17368,#13778,#13779);
#11649=AXIS2_PLACEMENT_3D('',#17370,#13781,#13782);
#11650=AXIS2_PLACEMENT_3D('',#17372,#13784,#13785);
#11651=AXIS2_PLACEMENT_3D('',#17374,#13787,#13788);
#11652=AXIS2_PLACEMENT_3D('',#17376,#13790,#13791);
#11653=AXIS2_PLACEMENT_3D('',#17378,#13793,#13794);
#11654=AXIS2_PLACEMENT_3D('',#17380,#13796,#13797);
#11655=AXIS2_PLACEMENT_3D('',#17382,#13799,#13800);
#11656=AXIS2_PLACEMENT_3D('',#17383,#13801,#13802);
#11657=AXIS2_PLACEMENT_3D('',#17386,#13805,#13806);
#11658=AXIS2_PLACEMENT_3D('',#17388,#13808,#13809);
#11659=AXIS2_PLACEMENT_3D('',#17390,#13811,#13812);
#11660=AXIS2_PLACEMENT_3D('',#17392,#13814,#13815);
#11661=AXIS2_PLACEMENT_3D('',#17394,#13817,#13818);
#11662=AXIS2_PLACEMENT_3D('',#17396,#13820,#13821);
#11663=AXIS2_PLACEMENT_3D('',#17398,#13823,#13824);
#11664=AXIS2_PLACEMENT_3D('',#17400,#13826,#13827);
#11665=AXIS2_PLACEMENT_3D('',#17402,#13829,#13830);
#11666=AXIS2_PLACEMENT_3D('',#17404,#13832,#13833);
#11667=AXIS2_PLACEMENT_3D('',#17406,#13835,#13836);
#11668=AXIS2_PLACEMENT_3D('',#17408,#13838,#13839);
#11669=AXIS2_PLACEMENT_3D('',#17410,#13841,#13842);
#11670=AXIS2_PLACEMENT_3D('',#17412,#13844,#13845);
#11671=AXIS2_PLACEMENT_3D('',#17414,#13847,#13848);
#11672=AXIS2_PLACEMENT_3D('',#17416,#13850,#13851);
#11673=AXIS2_PLACEMENT_3D('',#17418,#13853,#13854);
#11674=AXIS2_PLACEMENT_3D('',#17420,#13856,#13857);
#11675=AXIS2_PLACEMENT_3D('',#17422,#13859,#13860);
#11676=AXIS2_PLACEMENT_3D('',#17423,#13861,#13862);
#11677=AXIS2_PLACEMENT_3D('',#17426,#13865,#13866);
#11678=AXIS2_PLACEMENT_3D('',#17428,#13868,#13869);
#11679=AXIS2_PLACEMENT_3D('',#17430,#13871,#13872);
#11680=AXIS2_PLACEMENT_3D('',#17432,#13874,#13875);
#11681=AXIS2_PLACEMENT_3D('',#17434,#13877,#13878);
#11682=AXIS2_PLACEMENT_3D('',#17436,#13880,#13881);
#11683=AXIS2_PLACEMENT_3D('',#17438,#13883,#13884);
#11684=AXIS2_PLACEMENT_3D('',#17440,#13886,#13887);
#11685=AXIS2_PLACEMENT_3D('',#17442,#13889,#13890);
#11686=AXIS2_PLACEMENT_3D('',#17444,#13892,#13893);
#11687=AXIS2_PLACEMENT_3D('',#17446,#13895,#13896);
#11688=AXIS2_PLACEMENT_3D('',#17448,#13898,#13899);
#11689=AXIS2_PLACEMENT_3D('',#17450,#13901,#13902);
#11690=AXIS2_PLACEMENT_3D('',#17452,#13904,#13905);
#11691=AXIS2_PLACEMENT_3D('',#17454,#13907,#13908);
#11692=AXIS2_PLACEMENT_3D('',#17456,#13910,#13911);
#11693=AXIS2_PLACEMENT_3D('',#17458,#13913,#13914);
#11694=AXIS2_PLACEMENT_3D('',#17460,#13916,#13917);
#11695=AXIS2_PLACEMENT_3D('',#17462,#13919,#13920);
#11696=AXIS2_PLACEMENT_3D('',#17463,#13921,#13922);
#11697=AXIS2_PLACEMENT_3D('',#17466,#13925,#13926);
#11698=AXIS2_PLACEMENT_3D('',#17468,#13928,#13929);
#11699=AXIS2_PLACEMENT_3D('',#17470,#13931,#13932);
#11700=AXIS2_PLACEMENT_3D('',#17472,#13934,#13935);
#11701=AXIS2_PLACEMENT_3D('',#17474,#13937,#13938);
#11702=AXIS2_PLACEMENT_3D('',#17476,#13940,#13941);
#11703=AXIS2_PLACEMENT_3D('',#17478,#13943,#13944);
#11704=AXIS2_PLACEMENT_3D('',#17480,#13946,#13947);
#11705=AXIS2_PLACEMENT_3D('',#17482,#13949,#13950);
#11706=AXIS2_PLACEMENT_3D('',#17484,#13952,#13953);
#11707=AXIS2_PLACEMENT_3D('',#17486,#13955,#13956);
#11708=AXIS2_PLACEMENT_3D('',#17488,#13958,#13959);
#11709=AXIS2_PLACEMENT_3D('',#17490,#13961,#13962);
#11710=AXIS2_PLACEMENT_3D('',#17492,#13964,#13965);
#11711=AXIS2_PLACEMENT_3D('',#17494,#13967,#13968);
#11712=AXIS2_PLACEMENT_3D('',#17496,#13970,#13971);
#11713=AXIS2_PLACEMENT_3D('',#17498,#13973,#13974);
#11714=AXIS2_PLACEMENT_3D('',#17500,#13976,#13977);
#11715=AXIS2_PLACEMENT_3D('',#17502,#13979,#13980);
#11716=AXIS2_PLACEMENT_3D('',#17503,#13981,#13982);
#11717=AXIS2_PLACEMENT_3D('',#17506,#13985,#13986);
#11718=AXIS2_PLACEMENT_3D('',#17508,#13988,#13989);
#11719=AXIS2_PLACEMENT_3D('',#17510,#13991,#13992);
#11720=AXIS2_PLACEMENT_3D('',#17512,#13994,#13995);
#11721=AXIS2_PLACEMENT_3D('',#17514,#13997,#13998);
#11722=AXIS2_PLACEMENT_3D('',#17516,#14000,#14001);
#11723=AXIS2_PLACEMENT_3D('',#17518,#14003,#14004);
#11724=AXIS2_PLACEMENT_3D('',#17520,#14006,#14007);
#11725=AXIS2_PLACEMENT_3D('',#17522,#14009,#14010);
#11726=AXIS2_PLACEMENT_3D('',#17524,#14012,#14013);
#11727=AXIS2_PLACEMENT_3D('',#17526,#14015,#14016);
#11728=AXIS2_PLACEMENT_3D('',#17528,#14018,#14019);
#11729=AXIS2_PLACEMENT_3D('',#17530,#14021,#14022);
#11730=AXIS2_PLACEMENT_3D('',#17532,#14024,#14025);
#11731=AXIS2_PLACEMENT_3D('',#17534,#14027,#14028);
#11732=AXIS2_PLACEMENT_3D('',#17536,#14030,#14031);
#11733=AXIS2_PLACEMENT_3D('',#17538,#14033,#14034);
#11734=AXIS2_PLACEMENT_3D('',#17540,#14036,#14037);
#11735=AXIS2_PLACEMENT_3D('',#17542,#14039,#14040);
#11736=AXIS2_PLACEMENT_3D('',#17543,#14041,#14042);
#11737=AXIS2_PLACEMENT_3D('',#17546,#14045,#14046);
#11738=AXIS2_PLACEMENT_3D('',#17548,#14048,#14049);
#11739=AXIS2_PLACEMENT_3D('',#17550,#14051,#14052);
#11740=AXIS2_PLACEMENT_3D('',#17552,#14054,#14055);
#11741=AXIS2_PLACEMENT_3D('',#17554,#14057,#14058);
#11742=AXIS2_PLACEMENT_3D('',#17556,#14060,#14061);
#11743=AXIS2_PLACEMENT_3D('',#17558,#14063,#14064);
#11744=AXIS2_PLACEMENT_3D('',#17560,#14066,#14067);
#11745=AXIS2_PLACEMENT_3D('',#17562,#14069,#14070);
#11746=AXIS2_PLACEMENT_3D('',#17564,#14072,#14073);
#11747=AXIS2_PLACEMENT_3D('',#17566,#14075,#14076);
#11748=AXIS2_PLACEMENT_3D('',#17568,#14078,#14079);
#11749=AXIS2_PLACEMENT_3D('',#17570,#14081,#14082);
#11750=AXIS2_PLACEMENT_3D('',#17572,#14084,#14085);
#11751=AXIS2_PLACEMENT_3D('',#17574,#14087,#14088);
#11752=AXIS2_PLACEMENT_3D('',#17576,#14090,#14091);
#11753=AXIS2_PLACEMENT_3D('',#17578,#14093,#14094);
#11754=AXIS2_PLACEMENT_3D('',#17580,#14096,#14097);
#11755=AXIS2_PLACEMENT_3D('',#17582,#14099,#14100);
#11756=AXIS2_PLACEMENT_3D('',#17583,#14101,#14102);
#11757=AXIS2_PLACEMENT_3D('',#17586,#14105,#14106);
#11758=AXIS2_PLACEMENT_3D('',#17588,#14108,#14109);
#11759=AXIS2_PLACEMENT_3D('',#17590,#14111,#14112);
#11760=AXIS2_PLACEMENT_3D('',#17592,#14114,#14115);
#11761=AXIS2_PLACEMENT_3D('',#17594,#14117,#14118);
#11762=AXIS2_PLACEMENT_3D('',#17596,#14120,#14121);
#11763=AXIS2_PLACEMENT_3D('',#17598,#14123,#14124);
#11764=AXIS2_PLACEMENT_3D('',#17600,#14126,#14127);
#11765=AXIS2_PLACEMENT_3D('',#17602,#14129,#14130);
#11766=AXIS2_PLACEMENT_3D('',#17604,#14132,#14133);
#11767=AXIS2_PLACEMENT_3D('',#17606,#14135,#14136);
#11768=AXIS2_PLACEMENT_3D('',#17608,#14138,#14139);
#11769=AXIS2_PLACEMENT_3D('',#17610,#14141,#14142);
#11770=AXIS2_PLACEMENT_3D('',#17612,#14144,#14145);
#11771=AXIS2_PLACEMENT_3D('',#17614,#14147,#14148);
#11772=AXIS2_PLACEMENT_3D('',#17616,#14150,#14151);
#11773=AXIS2_PLACEMENT_3D('',#17618,#14153,#14154);
#11774=AXIS2_PLACEMENT_3D('',#17620,#14156,#14157);
#11775=AXIS2_PLACEMENT_3D('',#17622,#14159,#14160);
#11776=AXIS2_PLACEMENT_3D('',#17623,#14161,#14162);
#11777=AXIS2_PLACEMENT_3D('',#17625,#14164,#14165);
#11778=AXIS2_PLACEMENT_3D('',#17628,#14168,#14169);
#11779=AXIS2_PLACEMENT_3D('',#17630,#14171,#14172);
#11780=AXIS2_PLACEMENT_3D('',#17632,#14174,#14175);
#11781=AXIS2_PLACEMENT_3D('',#17634,#14177,#14178);
#11782=AXIS2_PLACEMENT_3D('',#17636,#14180,#14181);
#11783=AXIS2_PLACEMENT_3D('',#17638,#14183,#14184);
#11784=AXIS2_PLACEMENT_3D('',#17640,#14186,#14187);
#11785=AXIS2_PLACEMENT_3D('',#17642,#14189,#14190);
#11786=AXIS2_PLACEMENT_3D('',#17644,#14192,#14193);
#11787=AXIS2_PLACEMENT_3D('',#17646,#14195,#14196);
#11788=AXIS2_PLACEMENT_3D('',#17648,#14198,#14199);
#11789=AXIS2_PLACEMENT_3D('',#17650,#14201,#14202);
#11790=AXIS2_PLACEMENT_3D('',#17652,#14204,#14205);
#11791=AXIS2_PLACEMENT_3D('',#17654,#14207,#14208);
#11792=AXIS2_PLACEMENT_3D('',#17656,#14210,#14211);
#11793=AXIS2_PLACEMENT_3D('',#17658,#14213,#14214);
#11794=AXIS2_PLACEMENT_3D('',#17660,#14216,#14217);
#11795=AXIS2_PLACEMENT_3D('',#17662,#14219,#14220);
#11796=AXIS2_PLACEMENT_3D('',#17664,#14222,#14223);
#11797=AXIS2_PLACEMENT_3D('',#17665,#14224,#14225);
#11798=AXIS2_PLACEMENT_3D('',#17667,#14227,#14228);
#11799=AXIS2_PLACEMENT_3D('',#17670,#14231,#14232);
#11800=AXIS2_PLACEMENT_3D('',#17672,#14234,#14235);
#11801=AXIS2_PLACEMENT_3D('',#17674,#14237,#14238);
#11802=AXIS2_PLACEMENT_3D('',#17676,#14240,#14241);
#11803=AXIS2_PLACEMENT_3D('',#17678,#14243,#14244);
#11804=AXIS2_PLACEMENT_3D('',#17680,#14246,#14247);
#11805=AXIS2_PLACEMENT_3D('',#17682,#14249,#14250);
#11806=AXIS2_PLACEMENT_3D('',#17684,#14252,#14253);
#11807=AXIS2_PLACEMENT_3D('',#17686,#14255,#14256);
#11808=AXIS2_PLACEMENT_3D('',#17688,#14258,#14259);
#11809=AXIS2_PLACEMENT_3D('',#17690,#14261,#14262);
#11810=AXIS2_PLACEMENT_3D('',#17692,#14264,#14265);
#11811=AXIS2_PLACEMENT_3D('',#17694,#14267,#14268);
#11812=AXIS2_PLACEMENT_3D('',#17696,#14270,#14271);
#11813=AXIS2_PLACEMENT_3D('',#17698,#14273,#14274);
#11814=AXIS2_PLACEMENT_3D('',#17700,#14276,#14277);
#11815=AXIS2_PLACEMENT_3D('',#17702,#14279,#14280);
#11816=AXIS2_PLACEMENT_3D('',#17704,#14282,#14283);
#11817=AXIS2_PLACEMENT_3D('',#17706,#14285,#14286);
#11818=AXIS2_PLACEMENT_3D('',#17707,#14287,#14288);
#11819=AXIS2_PLACEMENT_3D('',#17710,#14291,#14292);
#11820=AXIS2_PLACEMENT_3D('',#17712,#14294,#14295);
#11821=AXIS2_PLACEMENT_3D('',#17714,#14297,#14298);
#11822=AXIS2_PLACEMENT_3D('',#17716,#14300,#14301);
#11823=AXIS2_PLACEMENT_3D('',#17718,#14303,#14304);
#11824=AXIS2_PLACEMENT_3D('',#17720,#14306,#14307);
#11825=AXIS2_PLACEMENT_3D('',#17722,#14309,#14310);
#11826=AXIS2_PLACEMENT_3D('',#17724,#14312,#14313);
#11827=AXIS2_PLACEMENT_3D('',#17726,#14315,#14316);
#11828=AXIS2_PLACEMENT_3D('',#17728,#14318,#14319);
#11829=AXIS2_PLACEMENT_3D('',#17730,#14321,#14322);
#11830=AXIS2_PLACEMENT_3D('',#17732,#14324,#14325);
#11831=AXIS2_PLACEMENT_3D('',#17734,#14327,#14328);
#11832=AXIS2_PLACEMENT_3D('',#17736,#14330,#14331);
#11833=AXIS2_PLACEMENT_3D('',#17738,#14333,#14334);
#11834=AXIS2_PLACEMENT_3D('',#17740,#14336,#14337);
#11835=AXIS2_PLACEMENT_3D('',#17742,#14339,#14340);
#11836=AXIS2_PLACEMENT_3D('',#17744,#14342,#14343);
#11837=AXIS2_PLACEMENT_3D('',#17746,#14345,#14346);
#11838=AXIS2_PLACEMENT_3D('',#17747,#14347,#14348);
#11839=AXIS2_PLACEMENT_3D('',#17750,#14351,#14352);
#11840=AXIS2_PLACEMENT_3D('',#17752,#14354,#14355);
#11841=AXIS2_PLACEMENT_3D('',#17754,#14357,#14358);
#11842=AXIS2_PLACEMENT_3D('',#17756,#14360,#14361);
#11843=AXIS2_PLACEMENT_3D('',#17758,#14363,#14364);
#11844=AXIS2_PLACEMENT_3D('',#17760,#14366,#14367);
#11845=AXIS2_PLACEMENT_3D('',#17762,#14369,#14370);
#11846=AXIS2_PLACEMENT_3D('',#17764,#14372,#14373);
#11847=AXIS2_PLACEMENT_3D('',#17766,#14375,#14376);
#11848=AXIS2_PLACEMENT_3D('',#17768,#14378,#14379);
#11849=AXIS2_PLACEMENT_3D('',#17770,#14381,#14382);
#11850=AXIS2_PLACEMENT_3D('',#17772,#14384,#14385);
#11851=AXIS2_PLACEMENT_3D('',#17774,#14387,#14388);
#11852=AXIS2_PLACEMENT_3D('',#17776,#14390,#14391);
#11853=AXIS2_PLACEMENT_3D('',#17778,#14393,#14394);
#11854=AXIS2_PLACEMENT_3D('',#17780,#14396,#14397);
#11855=AXIS2_PLACEMENT_3D('',#17782,#14399,#14400);
#11856=AXIS2_PLACEMENT_3D('',#17784,#14402,#14403);
#11857=AXIS2_PLACEMENT_3D('',#17786,#14405,#14406);
#11858=AXIS2_PLACEMENT_3D('',#17787,#14407,#14408);
#11859=AXIS2_PLACEMENT_3D('',#17790,#14411,#14412);
#11860=AXIS2_PLACEMENT_3D('',#17792,#14414,#14415);
#11861=AXIS2_PLACEMENT_3D('',#17794,#14417,#14418);
#11862=AXIS2_PLACEMENT_3D('',#17796,#14420,#14421);
#11863=AXIS2_PLACEMENT_3D('',#17798,#14423,#14424);
#11864=AXIS2_PLACEMENT_3D('',#17800,#14426,#14427);
#11865=AXIS2_PLACEMENT_3D('',#17802,#14429,#14430);
#11866=AXIS2_PLACEMENT_3D('',#17804,#14432,#14433);
#11867=AXIS2_PLACEMENT_3D('',#17806,#14435,#14436);
#11868=AXIS2_PLACEMENT_3D('',#17808,#14438,#14439);
#11869=AXIS2_PLACEMENT_3D('',#17810,#14441,#14442);
#11870=AXIS2_PLACEMENT_3D('',#17812,#14444,#14445);
#11871=AXIS2_PLACEMENT_3D('',#17814,#14447,#14448);
#11872=AXIS2_PLACEMENT_3D('',#17816,#14450,#14451);
#11873=AXIS2_PLACEMENT_3D('',#17818,#14453,#14454);
#11874=AXIS2_PLACEMENT_3D('',#17820,#14456,#14457);
#11875=AXIS2_PLACEMENT_3D('',#17822,#14459,#14460);
#11876=AXIS2_PLACEMENT_3D('',#17824,#14462,#14463);
#11877=AXIS2_PLACEMENT_3D('',#17826,#14465,#14466);
#11878=AXIS2_PLACEMENT_3D('',#17827,#14467,#14468);
#11879=AXIS2_PLACEMENT_3D('',#17830,#14471,#14472);
#11880=AXIS2_PLACEMENT_3D('',#17832,#14474,#14475);
#11881=AXIS2_PLACEMENT_3D('',#17834,#14477,#14478);
#11882=AXIS2_PLACEMENT_3D('',#17836,#14480,#14481);
#11883=AXIS2_PLACEMENT_3D('',#17838,#14483,#14484);
#11884=AXIS2_PLACEMENT_3D('',#17840,#14486,#14487);
#11885=AXIS2_PLACEMENT_3D('',#17842,#14489,#14490);
#11886=AXIS2_PLACEMENT_3D('',#17844,#14492,#14493);
#11887=AXIS2_PLACEMENT_3D('',#17846,#14495,#14496);
#11888=AXIS2_PLACEMENT_3D('',#17848,#14498,#14499);
#11889=AXIS2_PLACEMENT_3D('',#17850,#14501,#14502);
#11890=AXIS2_PLACEMENT_3D('',#17852,#14504,#14505);
#11891=AXIS2_PLACEMENT_3D('',#17854,#14507,#14508);
#11892=AXIS2_PLACEMENT_3D('',#17856,#14510,#14511);
#11893=AXIS2_PLACEMENT_3D('',#17858,#14513,#14514);
#11894=AXIS2_PLACEMENT_3D('',#17860,#14516,#14517);
#11895=AXIS2_PLACEMENT_3D('',#17862,#14519,#14520);
#11896=AXIS2_PLACEMENT_3D('',#17864,#14522,#14523);
#11897=AXIS2_PLACEMENT_3D('',#17866,#14525,#14526);
#11898=AXIS2_PLACEMENT_3D('',#17867,#14527,#14528);
#11899=AXIS2_PLACEMENT_3D('',#17870,#14531,#14532);
#11900=AXIS2_PLACEMENT_3D('',#17872,#14534,#14535);
#11901=AXIS2_PLACEMENT_3D('',#17874,#14537,#14538);
#11902=AXIS2_PLACEMENT_3D('',#17876,#14540,#14541);
#11903=AXIS2_PLACEMENT_3D('',#17878,#14543,#14544);
#11904=AXIS2_PLACEMENT_3D('',#17880,#14546,#14547);
#11905=AXIS2_PLACEMENT_3D('',#17882,#14549,#14550);
#11906=AXIS2_PLACEMENT_3D('',#17884,#14552,#14553);
#11907=AXIS2_PLACEMENT_3D('',#17886,#14555,#14556);
#11908=AXIS2_PLACEMENT_3D('',#17888,#14558,#14559);
#11909=AXIS2_PLACEMENT_3D('',#17890,#14561,#14562);
#11910=AXIS2_PLACEMENT_3D('',#17892,#14564,#14565);
#11911=AXIS2_PLACEMENT_3D('',#17894,#14567,#14568);
#11912=AXIS2_PLACEMENT_3D('',#17896,#14570,#14571);
#11913=AXIS2_PLACEMENT_3D('',#17898,#14573,#14574);
#11914=AXIS2_PLACEMENT_3D('',#17900,#14576,#14577);
#11915=AXIS2_PLACEMENT_3D('',#17902,#14579,#14580);
#11916=AXIS2_PLACEMENT_3D('',#17904,#14582,#14583);
#11917=AXIS2_PLACEMENT_3D('',#17906,#14585,#14586);
#11918=AXIS2_PLACEMENT_3D('',#17908,#14588,#14589);
#11919=AXIS2_PLACEMENT_3D('',#17910,#14591,#14592);
#11920=AXIS2_PLACEMENT_3D('',#17912,#14594,#14595);
#11921=AXIS2_PLACEMENT_3D('',#17914,#14597,#14598);
#11922=AXIS2_PLACEMENT_3D('',#17916,#14600,#14601);
#11923=AXIS2_PLACEMENT_3D('',#17918,#14603,#14604);
#11924=AXIS2_PLACEMENT_3D('',#17920,#14606,#14607);
#11925=AXIS2_PLACEMENT_3D('',#17922,#14609,#14610);
#11926=AXIS2_PLACEMENT_3D('',#17924,#14612,#14613);
#11927=AXIS2_PLACEMENT_3D('',#17926,#14615,#14616);
#11928=AXIS2_PLACEMENT_3D('',#17928,#14618,#14619);
#11929=AXIS2_PLACEMENT_3D('',#17930,#14621,#14622);
#11930=AXIS2_PLACEMENT_3D('',#17932,#14624,#14625);
#11931=AXIS2_PLACEMENT_3D('',#17934,#14627,#14628);
#11932=AXIS2_PLACEMENT_3D('',#17936,#14630,#14631);
#11933=AXIS2_PLACEMENT_3D('',#17938,#14633,#14634);
#11934=AXIS2_PLACEMENT_3D('',#17940,#14636,#14637);
#11935=AXIS2_PLACEMENT_3D('',#17942,#14639,#14640);
#11936=AXIS2_PLACEMENT_3D('',#17944,#14642,#14643);
#11937=AXIS2_PLACEMENT_3D('',#17946,#14645,#14646);
#11938=AXIS2_PLACEMENT_3D('',#17948,#14648,#14649);
#11939=AXIS2_PLACEMENT_3D('',#17950,#14651,#14652);
#11940=AXIS2_PLACEMENT_3D('',#17952,#14654,#14655);
#11941=AXIS2_PLACEMENT_3D('',#17954,#14657,#14658);
#11942=AXIS2_PLACEMENT_3D('',#17955,#14659,#14660);
#11943=AXIS2_PLACEMENT_3D('',#17957,#14662,#14663);
#11944=AXIS2_PLACEMENT_3D('',#17958,#14664,#14665);
#11945=AXIS2_PLACEMENT_3D('',#17960,#14667,#14668);
#11946=AXIS2_PLACEMENT_3D('',#17961,#14669,#14670);
#11947=AXIS2_PLACEMENT_3D('',#17963,#14672,#14673);
#11948=AXIS2_PLACEMENT_3D('',#17964,#14674,#14675);
#11949=AXIS2_PLACEMENT_3D('',#17966,#14677,#14678);
#11950=AXIS2_PLACEMENT_3D('',#17967,#14679,#14680);
#11951=AXIS2_PLACEMENT_3D('',#17969,#14682,#14683);
#11952=AXIS2_PLACEMENT_3D('',#17971,#14685,#14686);
#11953=AXIS2_PLACEMENT_3D('',#17973,#14688,#14689);
#11954=AXIS2_PLACEMENT_3D('',#17975,#14691,#14692);
#11955=AXIS2_PLACEMENT_3D('',#17977,#14694,#14695);
#11956=AXIS2_PLACEMENT_3D('',#17979,#14697,#14698);
#11957=AXIS2_PLACEMENT_3D('',#17981,#14700,#14701);
#11958=AXIS2_PLACEMENT_3D('',#17983,#14703,#14704);
#11959=AXIS2_PLACEMENT_3D('',#17985,#14706,#14707);
#11960=AXIS2_PLACEMENT_3D('',#17987,#14709,#14710);
#11961=AXIS2_PLACEMENT_3D('',#17989,#14712,#14713);
#11962=AXIS2_PLACEMENT_3D('',#17991,#14715,#14716);
#11963=AXIS2_PLACEMENT_3D('',#17993,#14718,#14719);
#11964=AXIS2_PLACEMENT_3D('',#17995,#14721,#14722);
#11965=AXIS2_PLACEMENT_3D('',#17997,#14724,#14725);
#11966=AXIS2_PLACEMENT_3D('',#17999,#14727,#14728);
#11967=AXIS2_PLACEMENT_3D('',#18001,#14730,#14731);
#11968=AXIS2_PLACEMENT_3D('',#18003,#14733,#14734);
#11969=AXIS2_PLACEMENT_3D('',#18005,#14736,#14737);
#11970=AXIS2_PLACEMENT_3D('',#18007,#14739,#14740);
#11971=AXIS2_PLACEMENT_3D('',#18009,#14742,#14743);
#11972=AXIS2_PLACEMENT_3D('',#18011,#14745,#14746);
#11973=AXIS2_PLACEMENT_3D('',#18013,#14748,#14749);
#11974=AXIS2_PLACEMENT_3D('',#18015,#14751,#14752);
#11975=AXIS2_PLACEMENT_3D('',#18017,#14754,#14755);
#11976=AXIS2_PLACEMENT_3D('',#18019,#14757,#14758);
#11977=AXIS2_PLACEMENT_3D('',#18021,#14760,#14761);
#11978=AXIS2_PLACEMENT_3D('',#18023,#14763,#14764);
#11979=AXIS2_PLACEMENT_3D('',#18025,#14766,#14767);
#11980=AXIS2_PLACEMENT_3D('',#18027,#14769,#14770);
#11981=AXIS2_PLACEMENT_3D('',#18029,#14772,#14773);
#11982=AXIS2_PLACEMENT_3D('',#18031,#14775,#14776);
#11983=AXIS2_PLACEMENT_3D('',#18033,#14778,#14779);
#11984=AXIS2_PLACEMENT_3D('',#18035,#14781,#14782);
#11985=AXIS2_PLACEMENT_3D('',#18037,#14784,#14785);
#11986=AXIS2_PLACEMENT_3D('',#18039,#14787,#14788);
#11987=AXIS2_PLACEMENT_3D('',#18041,#14790,#14791);
#11988=AXIS2_PLACEMENT_3D('',#18043,#14793,#14794);
#11989=AXIS2_PLACEMENT_3D('',#18045,#14796,#14797);
#11990=AXIS2_PLACEMENT_3D('',#18046,#14798,#14799);
#11991=AXIS2_PLACEMENT_3D('',#18048,#14801,#14802);
#11992=AXIS2_PLACEMENT_3D('',#18049,#14803,#14804);
#11993=AXIS2_PLACEMENT_3D('',#18051,#14806,#14807);
#11994=AXIS2_PLACEMENT_3D('',#18052,#14808,#14809);
#11995=AXIS2_PLACEMENT_3D('',#18054,#14811,#14812);
#11996=AXIS2_PLACEMENT_3D('',#18055,#14813,#14814);
#11997=AXIS2_PLACEMENT_3D('',#18057,#14816,#14817);
#11998=AXIS2_PLACEMENT_3D('',#18058,#14818,#14819);
#11999=AXIS2_PLACEMENT_3D('',#18060,#14821,#14822);
#12000=AXIS2_PLACEMENT_3D('',#18062,#14824,#14825);
#12001=DIRECTION('axis',(0.,0.,1.));
#12002=DIRECTION('refdir',(1.,0.,0.));
#12003=DIRECTION('center_axis',(-1.499759782662E-32,-1.224646799147E-16,
1.));
#12004=DIRECTION('ref_axis',(0.533003808584662,-0.846112841194509,-1.03618938268603E-16));
#12005=DIRECTION('center_axis',(4.46116503290909E-46,-1.99680416634069E-30,
-1.));
#12006=DIRECTION('ref_axis',(0.533003808584662,-0.846112841194509,1.70508997743083E-30));
#12007=DIRECTION('',(-1.499759782662E-32,-1.224646799147E-16,1.));
#12008=DIRECTION('center_axis',(-4.46116503290909E-46,1.99680416634069E-30,
1.));
#12009=DIRECTION('ref_axis',(0.533003808584662,-0.846112841194509,1.70508997743083E-30));
#12010=DIRECTION('',(1.499759782662E-32,1.224646799147E-16,-1.));
#12011=DIRECTION('center_axis',(2.2204460492503E-16,1.,1.224646799147E-16));
#12012=DIRECTION('ref_axis',(-1.,2.2204460492503E-16,-9.57918872097043E-46));
#12013=DIRECTION('',(-1.,2.2204460492503E-16,-9.5928732762861E-46));
#12014=DIRECTION('',(-1.499759782662E-32,-1.224646799147E-16,1.));
#12015=DIRECTION('',(-1.,2.2204460492503E-16,-9.5928732762861E-46));
#12016=DIRECTION('center_axis',(-1.499759782662E-32,-1.224646799147E-16,
1.));
#12017=DIRECTION('ref_axis',(-0.533003808584662,-0.846112841194509,-1.03618938268603E-16));
#12018=DIRECTION('center_axis',(4.46116503290909E-46,-1.99680416634069E-30,
-1.));
#12019=DIRECTION('ref_axis',(-0.533003808584662,-0.846112841194509,1.70508997743083E-30));
#12020=DIRECTION('',(-1.499759782662E-32,-1.224646799147E-16,1.));
#12021=DIRECTION('center_axis',(-4.46116503290909E-46,1.99680416634069E-30,
1.));
#12022=DIRECTION('ref_axis',(-0.533003808584662,-0.846112841194509,1.70508997743083E-30));
#12023=DIRECTION('',(1.499759782662E-32,1.224646799147E-16,-1.));
#12024=DIRECTION('center_axis',(-1.499759782662E-32,-1.224646799147E-16,
1.));
#12025=DIRECTION('ref_axis',(1.,-2.2204460492503E-16,-1.21950236423098E-32));
#12026=DIRECTION('center_axis',(4.46116503290909E-46,-1.99680416634069E-30,
-1.));
#12027=DIRECTION('ref_axis',(1.,-2.2204460492503E-16,8.88395783140449E-46));
#12028=DIRECTION('center_axis',(4.46116503290909E-46,-1.99680416634069E-30,
-1.));
#12029=DIRECTION('ref_axis',(1.,-2.2204460492503E-16,8.88395783140449E-46));
#12030=DIRECTION('center_axis',(1.499759782662E-32,1.224646799147E-16,-1.));
#12031=DIRECTION('ref_axis',(0.254135089275138,0.967168732124399,1.18444009203121E-16));
#12032=DIRECTION('center_axis',(-4.46116503290909E-46,1.99680416634069E-30,
1.));
#12033=DIRECTION('ref_axis',(0.254135089275138,0.967168732124399,-1.97215226305253E-30));
#12034=DIRECTION('',(1.499759782662E-32,1.224646799147E-16,-1.));
#12035=DIRECTION('center_axis',(4.46116503290909E-46,-1.99680416634069E-30,
-1.));
#12036=DIRECTION('ref_axis',(0.254135089275138,0.967168732124399,-1.97215226305253E-30));
#12037=DIRECTION('',(-1.499759782662E-32,-1.224646799147E-16,1.));
#12038=DIRECTION('center_axis',(-1.499759782662E-32,-1.224646799147E-16,
1.));
#12039=DIRECTION('ref_axis',(1.,-2.2204460492503E-16,-1.21950236423098E-32));
#12040=DIRECTION('center_axis',(4.46116503290909E-46,-1.99680416634069E-30,
-1.));
#12041=DIRECTION('ref_axis',(1.,-2.2204460492503E-16,8.88395783140449E-46));
#12042=DIRECTION('',(-1.499759782662E-32,-1.224646799147E-16,1.));
#12043=DIRECTION('center_axis',(4.46116503290909E-46,-1.99680416634069E-30,
-1.));
#12044=DIRECTION('ref_axis',(1.,-2.2204460492503E-16,8.88395783140449E-46));
#12045=DIRECTION('center_axis',(-1.499759782662E-32,-1.224646799147E-16,
1.));
#12046=DIRECTION('ref_axis',(-0.250863974471772,0.968022348043797,1.1854854700346E-16));
#12047=DIRECTION('center_axis',(4.46116503290909E-46,-1.99680416634069E-30,
-1.));
#12048=DIRECTION('ref_axis',(-0.250863974471772,0.968022348043797,-1.93106575757227E-30));
#12049=DIRECTION('center_axis',(-4.46116503290909E-46,1.99680416634069E-30,
1.));
#12050=DIRECTION('ref_axis',(-0.250863974471772,0.968022348043797,-1.93106575757227E-30));
#12051=DIRECTION('',(1.499759782662E-32,1.224646799147E-16,-1.));
#12052=DIRECTION('center_axis',(-1.499759782662E-32,-1.224646799147E-16,
1.));
#12053=DIRECTION('ref_axis',(0.707106781186558,-0.707106781186537,-8.65956056235231E-17));
#12054=DIRECTION('center_axis',(4.46116503290909E-46,-1.99680416634069E-30,
-1.));
#12055=DIRECTION('ref_axis',(0.707106781186558,-0.707106781186537,1.41748443906901E-30));
#12056=DIRECTION('',(-1.499759782662E-32,-1.224646799147E-16,1.));
#12057=DIRECTION('center_axis',(-4.46116503290909E-46,1.99680416634069E-30,
1.));
#12058=DIRECTION('ref_axis',(0.707106781186558,-0.707106781186537,1.41748443906901E-30));
#12059=DIRECTION('',(1.499759782662E-32,1.224646799147E-16,-1.));
#12060=DIRECTION('center_axis',(7.71076169881506E-15,1.,1.224646799147E-16));
#12061=DIRECTION('ref_axis',(-1.,7.71076169881506E-15,-1.82825659017378E-44));
#12062=DIRECTION('',(1.,-7.71076169881506E-15,1.83920423442632E-44));
#12063=DIRECTION('',(-1.499759782662E-32,-1.224646799147E-16,1.));
#12064=DIRECTION('',(-1.,7.71076169881506E-15,-1.83920423442632E-44));
#12065=DIRECTION('center_axis',(-1.499759782662E-32,-1.224646799147E-16,
1.));
#12066=DIRECTION('ref_axis',(-0.707106781186543,-0.707106781186552,-8.65956056235249E-17));
#12067=DIRECTION('center_axis',(4.46116503290909E-46,-1.99680416634069E-30,
-1.));
#12068=DIRECTION('ref_axis',(-0.707106781186543,-0.707106781186552,1.40721281269894E-30));
#12069=DIRECTION('',(-1.499759782662E-32,-1.224646799147E-16,1.));
#12070=DIRECTION('center_axis',(-4.46116503290909E-46,1.99680416634069E-30,
1.));
#12071=DIRECTION('ref_axis',(-0.707106781186543,-0.707106781186552,1.40721281269894E-30));
#12072=DIRECTION('',(1.499759782662E-32,1.224646799147E-16,-1.));
#12073=DIRECTION('center_axis',(1.,5.04847507321694E-15,6.33257481725474E-31));
#12074=DIRECTION('ref_axis',(-5.04847507321694E-15,1.,-3.00445071324409E-30));
#12075=DIRECTION('',(5.04847507321694E-15,-1.,3.00753220115511E-30));
#12076=DIRECTION('',(-1.499759782662E-32,-1.224646799147E-16,1.));
#12077=DIRECTION('',(-5.04847507321694E-15,1.,-3.00753220115511E-30));
#12078=DIRECTION('center_axis',(-1.499759782662E-32,-1.224646799147E-16,
1.));
#12079=DIRECTION('ref_axis',(0.707106781186546,-0.707106781186549,-8.65956056235245E-17));
#12080=DIRECTION('center_axis',(4.46116503290909E-46,-1.99680416634069E-30,
-1.));
#12081=DIRECTION('ref_axis',(0.707106781186546,-0.707106781186549,1.40721281269894E-30));
#12082=DIRECTION('',(-1.499759782662E-32,-1.224646799147E-16,1.));
#12083=DIRECTION('center_axis',(-4.46116503290909E-46,1.99680416634069E-30,
1.));
#12084=DIRECTION('ref_axis',(0.707106781186546,-0.707106781186549,1.40721281269894E-30));
#12085=DIRECTION('',(1.499759782662E-32,1.224646799147E-16,-1.));
#12086=DIRECTION('center_axis',(7.71076169881506E-15,1.,1.224646799147E-16));
#12087=DIRECTION('ref_axis',(-1.,7.71076169881506E-15,-1.82825659017378E-44));
#12088=DIRECTION('',(-1.,7.71076169881506E-15,-1.83920423442632E-44));
#12089=DIRECTION('',(1.499759782662E-32,1.224646799147E-16,-1.));
#12090=DIRECTION('',(-1.,7.71076169881506E-15,-1.83920423442632E-44));
#12091=DIRECTION('center_axis',(-1.499759782662E-32,-1.224646799147E-16,
1.));
#12092=DIRECTION('ref_axis',(-0.707106781186545,-0.70710678118655,-8.65956056235247E-17));
#12093=DIRECTION('center_axis',(4.46116503290909E-46,-1.99680416634069E-30,
-1.));
#12094=DIRECTION('ref_axis',(-0.707106781186545,-0.70710678118655,1.40721281269894E-30));
#12095=DIRECTION('',(-1.499759782662E-32,-1.224646799147E-16,1.));
#12096=DIRECTION('center_axis',(-4.46116503290909E-46,1.99680416634069E-30,
1.));
#12097=DIRECTION('ref_axis',(-0.707106781186545,-0.70710678118655,1.40721281269894E-30));
#12098=DIRECTION('center_axis',(1.,-6.66257423446449E-15,-8.00932423205001E-31));
#12099=DIRECTION('ref_axis',(6.66257423446449E-15,1.,-2.00296714216273E-30));
#12100=DIRECTION('',(6.66257423446449E-15,1.,-1.99680416634069E-30));
#12101=DIRECTION('',(-1.499759782662E-32,-1.224646799147E-16,1.));
#12102=DIRECTION('',(6.66257423446449E-15,1.,-1.99680416634069E-30));
#12103=DIRECTION('center_axis',(-4.46116503290909E-46,1.99680416634069E-30,
1.));
#12104=DIRECTION('ref_axis',(1.,-2.2204460492503E-16,8.87785526104224E-46));
#12105=DIRECTION('',(7.57461552048063E-15,1.,-1.99680416634069E-30));
#12106=DIRECTION('center_axis',(-4.46116503290909E-46,1.99680416634069E-30,
1.));
#12107=DIRECTION('ref_axis',(1.,-3.57491813929308E-14,7.26923578368513E-44));
#12108=DIRECTION('',(-1.,7.71076169881506E-15,-1.83920423442632E-44));
#12109=DIRECTION('center_axis',(-4.46116503290909E-46,1.99680416634069E-30,
1.));
#12110=DIRECTION('ref_axis',(-0.707106781186551,-0.707106781186544,1.39694118632887E-30));
#12111=DIRECTION('',(-5.04847507321694E-15,1.,-3.00753220115511E-30));
#12112=DIRECTION('center_axis',(-1.22464679914736E-16,1.03537993810258E-30,
1.));
#12113=DIRECTION('ref_axis',(1.,2.19824158875778E-14,1.22464679914736E-16));
#12114=DIRECTION('',(-1.,2.2204460492503E-16,-1.22464679914735E-16));
#12115=DIRECTION('center_axis',(-4.46116503290909E-46,1.99680416634069E-30,
1.));
#12116=DIRECTION('ref_axis',(-0.533003808584662,-0.846112841194509,1.70508997743083E-30));
#12117=DIRECTION('center_axis',(4.46116503290909E-46,-1.99680416634069E-30,
-1.));
#12118=DIRECTION('ref_axis',(1.,-2.2204460492503E-16,8.89906660322656E-46));
#12119=DIRECTION('center_axis',(-4.46116503290909E-46,1.99680416634069E-30,
1.));
#12120=DIRECTION('ref_axis',(0.533003808584662,-0.846112841194509,1.70508997743083E-30));
#12121=DIRECTION('',(-1.,2.2204460492503E-16,-9.5928732762861E-46));
#12122=DIRECTION('center_axis',(-4.46116503290909E-46,1.99680416634069E-30,
1.));
#12123=DIRECTION('ref_axis',(2.2204460492503E-16,1.,-2.00296714216273E-30));
#12124=DIRECTION('',(-1.07630839612089E-14,-1.,1.99680416634069E-30));
#12125=DIRECTION('center_axis',(-4.46116503290909E-46,1.99680416634069E-30,
1.));
#12126=DIRECTION('ref_axis',(0.707106781186548,-0.707106781186547,1.41748443906901E-30));
#12127=DIRECTION('',(-1.,7.71076169881506E-15,-1.83920423442632E-44));
#12128=DIRECTION('center_axis',(-1.22464679914736E-16,1.03537993810258E-30,
1.));
#12129=DIRECTION('ref_axis',(1.,2.19824158875778E-14,1.22464679914736E-16));
#12130=DIRECTION('',(-1.,2.2204460492503E-16,-1.22464679914735E-16));
#12131=DIRECTION('center_axis',(-4.46116503290909E-46,1.99680416634069E-30,
1.));
#12132=DIRECTION('ref_axis',(2.2204460492503E-16,1.,-2.00296714216273E-30));
#12133=DIRECTION('',(-8.12782412213793E-15,-1.,1.99680416634069E-30));
#12134=DIRECTION('',(-0.980939139592843,-0.194315219205425,4.65304674563956E-31));
#12135=DIRECTION('',(-0.963174307921432,-0.268877765090514,6.10134606381876E-31));
#12136=DIRECTION('',(-0.935857031406786,-0.352379932411706,7.95023881043051E-31));
#12137=DIRECTION('',(-0.909442631437268,-0.41582941228881,9.73750179882187E-31));
#12138=DIRECTION('',(-0.87324410533989,-0.487283010671555,1.18329135783152E-30));
#12139=DIRECTION('',(-0.832261502130613,-0.554383253779635,1.3065508742723E-30));
#12140=DIRECTION('',(-0.782166239404084,-0.623069798607246,1.42981039071308E-30));
#12141=DIRECTION('',(-0.736858913569819,-0.676046552755582,1.49144014893348E-30));
#12142=DIRECTION('',(-0.675899984992798,-0.736993358373557,1.7626110851032E-30));
#12143=DIRECTION('',(-0.624395377430427,-0.781108451268781,1.88587060154398E-30));
#12144=DIRECTION('',(-0.551829196019518,-0.833957156225937,2.1570415377137E-30));
#12145=DIRECTION('',(-0.48915336753259,-0.872197788939829,1.7626110851032E-30));
#12146=DIRECTION('',(-0.414501012405595,-0.910048850729859,2.24332319922225E-30));
#12147=DIRECTION('',(-0.353212397334949,-0.935543159009192,1.99680416634069E-30));
#12148=DIRECTION('',(-0.269250005563681,-0.963070316489901,2.4405384255275E-30));
#12149=DIRECTION('',(-0.194249047803566,-0.98095224523287,2.26797510251041E-30));
#12150=DIRECTION('',(-0.113366325236869,-0.993553257909353,2.68705745840907E-30));
#12151=DIRECTION('',(-0.0438456917663429,-0.999038315237975,2.2186712959341E-30));
#12152=DIRECTION('',(-2.2204460492503E-16,-1.,1.99680416634069E-30));
#12153=DIRECTION('',(0.044205396760869,-0.999022463659959,2.12006368278147E-30));
#12154=DIRECTION('',(0.114286060729737,-0.993447883043131,2.63775365183276E-30));
#12155=DIRECTION('',(0.192746615783714,-0.981248562854451,2.29262700579857E-30));
#12156=DIRECTION('',(0.271258213699202,-0.962506613743884,2.44053842552751E-30));
#12157=DIRECTION('',(0.350166716996426,-0.936687391987287,1.77493703674728E-30));
#12158=DIRECTION('',(0.415129531488663,-0.909762316259584,1.94750035976437E-30));
#12159=DIRECTION('',(0.492334728685067,-0.870405948354331,1.95982631140845E-30));
#12160=DIRECTION('',(0.552678528681464,-0.833394530780285,1.79958894003543E-30));
#12161=DIRECTION('',(0.619365526370028,-0.785102760627154,1.84889274661175E-30));
#12162=DIRECTION('',(0.675731837858778,-0.737147531572885,1.73795918181504E-30));
#12163=DIRECTION('',(0.737147531572885,-0.675731837858778,1.5900477620861E-30));
#12164=DIRECTION('',(0.781721852330792,-0.623627248914378,1.46678824564532E-30));
#12165=DIRECTION('',(0.833390641583511,-0.552684393230914,1.33120277756046E-30));
#12166=DIRECTION('',(0.872515732502418,-0.488586017540176,1.06003184139073E-30));
#12167=DIRECTION('',(0.909767157553758,-0.415118921559298,1.00456505899238E-30));
#12168=DIRECTION('',(0.935599084213762,-0.353064234408373,8.0118685686509E-31));
#12169=DIRECTION('',(0.965361073012076,-0.260917609051158,6.03971630559837E-31));
#12170=DIRECTION('',(0.979199278096329,-0.202900896438698,4.62223186652937E-31));
#12171=DIRECTION('',(0.993560671483287,-0.113301333097537,2.28030105415449E-31));
#12172=DIRECTION('',(0.999039648731248,-0.0438152971340442,1.07852076885685E-31));
#12173=DIRECTION('',(0.999999999906512,1.36738906073747E-5,-3.25376836307609E-35));
#12174=DIRECTION('center_axis',(-4.46116503290909E-46,1.99680416634069E-30,
1.));
#12175=DIRECTION('ref_axis',(0.707101946719633,0.707111615620409,-1.42775606543907E-30));
#12176=DIRECTION('',(7.68373491228795E-15,-1.,1.22464679914738E-16));
#12177=DIRECTION('center_axis',(2.9800142951256E-33,1.22464679914738E-16,
1.));
#12178=DIRECTION('ref_axis',(-1.,-3.01610588356502E-15,3.72346455914874E-31));
#12179=DIRECTION('',(1.,-2.2204460492503E-16,1.81819035851112E-32));
#12180=DIRECTION('center_axis',(-4.46116503290909E-46,1.99680416634069E-30,
1.));
#12181=DIRECTION('ref_axis',(0.533003808584662,0.846112841194509,-1.70508997743083E-30));
#12182=DIRECTION('center_axis',(4.46116503290909E-46,-1.99680416634069E-30,
-1.));
#12183=DIRECTION('ref_axis',(1.,-2.2204460492503E-16,8.88395783140449E-46));
#12184=DIRECTION('center_axis',(-4.46116503290909E-46,1.99680416634069E-30,
1.));
#12185=DIRECTION('ref_axis',(-0.533003808584662,0.846112841194509,-1.70508997743083E-30));
#12186=DIRECTION('',(1.,-2.2204460492503E-16,-1.73048084927909E-16));
#12187=DIRECTION('center_axis',(1.22577819338174E-16,5.0987393120049E-17,
1.));
#12188=DIRECTION('ref_axis',(-2.2204460492503E-16,-1.,5.0987393120049E-17));
#12189=DIRECTION('',(-2.73473167833426E-5,0.999999999626062,-1.47895035995241E-16));
#12190=DIRECTION('center_axis',(-4.46116503290909E-46,1.99680416634069E-30,
1.));
#12191=DIRECTION('ref_axis',(-0.707121284224753,0.707092277850873,-1.42775606543907E-30));
#12192=DIRECTION('',(0.999999999906512,1.36738906073747E-5,-3.25376836307609E-35));
#12193=DIRECTION('center_axis',(-4.46116503290909E-46,1.99680416634069E-30,
1.));
#12194=DIRECTION('ref_axis',(0.707097112219669,0.707116450021215,-1.40721281269894E-30));
#12195=DIRECTION('',(1.36738906068652E-5,-0.999999999906512,1.22450304471498E-16));
#12196=DIRECTION('center_axis',(-5.7311122986318E-32,1.22450304482945E-16,
1.));
#12197=DIRECTION('ref_axis',(-0.999999999906512,-1.36738906075425E-5,1.67437206830275E-21));
#12198=DIRECTION('',(1.,-2.2204460492503E-16,9.5928732762861E-46));
#12199=DIRECTION('center_axis',(-4.46116503290909E-46,1.99680416634069E-30,
1.));
#12200=DIRECTION('ref_axis',(0.533003808584662,0.846112841194509,-1.70508997743083E-30));
#12201=DIRECTION('center_axis',(4.46116503290909E-46,-1.99680416634069E-30,
-1.));
#12202=DIRECTION('ref_axis',(1.,-2.2204460492503E-16,8.89906660322656E-46));
#12203=DIRECTION('center_axis',(-4.46116503290909E-46,1.99680416634069E-30,
1.));
#12204=DIRECTION('ref_axis',(-0.533003808584662,0.846112841194509,-1.70508997743083E-30));
#12205=DIRECTION('',(1.,-2.2204460492503E-16,-1.58594839637792E-16));
#12206=DIRECTION('center_axis',(1.22464679914734E-16,7.1428368709571E-17,
1.));
#12207=DIRECTION('ref_axis',(-2.2204460492503E-16,-1.,7.1428368709571E-17));
#12208=DIRECTION('',(-1.36738906066459E-5,0.999999999906512,-1.40608973424559E-16));
#12209=DIRECTION('center_axis',(-4.46116503290909E-46,1.99680416634069E-30,
1.));
#12210=DIRECTION('ref_axis',(-0.707116450021215,0.707097112219669,-1.38666955995881E-30));
#12211=DIRECTION('',(0.999999999906512,1.36738906073747E-5,-3.25376836307609E-35));
#12212=DIRECTION('',(0.999376361650439,0.0353112981116547,-7.39557098644699E-32));
#12213=DIRECTION('',(0.993386743262956,0.114816280680996,-2.71170936169723E-31));
#12214=DIRECTION('',(0.979726776228699,0.200338323693999,-4.52978722919878E-31));
#12215=DIRECTION('',(0.964503628033036,0.264069595961198,-6.28623533847994E-31));
#12216=DIRECTION('',(0.937113710385511,0.349024202323422,-8.38164711797325E-31));
#12217=DIRECTION('',(0.909833393521203,0.41497372932957,-9.61424228238108E-31));
#12218=DIRECTION('',(0.869738590663366,0.49351269883449,-1.14631350289928E-30));
#12219=DIRECTION('',(0.833569416569557,0.552414724423497,-1.23259516440783E-30));
#12220=DIRECTION('',(0.785042040555044,0.61944248688734,-1.45446229400124E-30));
#12221=DIRECTION('',(0.737864521065068,0.674948848842205,-1.62702561701834E-30));
#12222=DIRECTION('',(0.675354384688565,0.737493359347682,-1.72563323017096E-30));
#12223=DIRECTION('',(0.619977551065403,0.784619548682638,-1.75028513345912E-30));
#12224=DIRECTION('',(0.553495725683392,0.83285201665735,-2.24332319922225E-30));
#12225=DIRECTION('',(0.491512386893244,0.870870583686523,-2.00913011798477E-30));
#12226=DIRECTION('',(0.416359133682868,0.909200237460842,-1.77493703674728E-30));
#12227=DIRECTION('',(0.349486455669399,0.936941416153455,-2.51449413539198E-30));
#12228=DIRECTION('',(0.261101500433018,0.965311352088862,-2.24332319922225E-30));
#12229=DIRECTION('',(0.203016770369627,0.979175260588566,-2.31727890908672E-30));
#12230=DIRECTION('',(0.114827498328925,0.993385446655789,-2.51449413539197E-30));
#12231=DIRECTION('',(0.0385021263128963,0.999258518237091,-2.24332319922225E-30));
#12232=DIRECTION('',(-6.63964330368786E-5,0.999999997795757,-1.92284845647622E-30));
#12233=DIRECTION('',(-0.0318309957156277,0.999493265465932,-2.36658271566304E-30));
#12234=DIRECTION('',(-0.113903520282972,0.993491815802801,-1.89819655318806E-30));
#12235=DIRECTION('',(-0.204592498507149,0.978847235044674,-1.8735446498999E-30));
#12236=DIRECTION('',(-0.259157329271979,0.965835119823573,-2.19401939264594E-30));
#12237=DIRECTION('',(-0.352527889774031,0.935801307399957,-2.48984223210382E-30));
#12238=DIRECTION('',(-0.415729529874389,0.909488294586808,-2.16936748935778E-30));
#12239=DIRECTION('',(-0.488332980630121,0.872657378373037,-1.77493703674728E-30));
#12240=DIRECTION('',(-0.552646241694129,0.833415941497014,-1.86121869825582E-30));
#12241=DIRECTION('',(-0.625006101062792,0.780619865001069,-1.8735446498999E-30));
#12242=DIRECTION('',(-0.675522595676211,0.737339286035184,-1.68865537523873E-30));
#12243=DIRECTION('',(-0.737576291066406,0.675263811303941,-1.57772181044202E-30));
#12244=DIRECTION('',(-0.785482340811865,0.618884070139726,-1.51609205222163E-30));
#12245=DIRECTION('',(-0.832441134502311,0.554113488004493,-1.22026921276375E-30));
#12246=DIRECTION('',(-0.870479380196706,0.492204884831874,-1.07235779303481E-30));
#12247=DIRECTION('',(-0.909509070645804,0.415684075245861,-9.61424228238108E-31));
#12248=DIRECTION('',(-0.937366193801995,0.348345544993992,-8.38164711797325E-31));
#12249=DIRECTION('',(-0.962265884053962,0.272110948669558,-6.16297582203915E-31));
#12250=DIRECTION('',(-0.981423767625986,0.191852517155273,-4.06756404254584E-31));
#12251=DIRECTION('',(-0.993324467989349,0.11535380918581,-2.98904327368899E-31));
#12252=DIRECTION('',(-0.999078977800494,0.0429091612260225,-9.01335213973226E-32));
#12253=DIRECTION('',(-0.999997202668868,-0.0023653021876508,5.39260384428426E-33));
#12254=DIRECTION('',(-1.,7.21102621033723E-15,-1.82168800362226E-44));
#12255=DIRECTION('center_axis',(4.46116503290909E-46,-1.99680416634069E-30,
-1.));
#12256=DIRECTION('ref_axis',(-1.,2.02060590481781E-14,-4.07252366194404E-44));
#12257=DIRECTION('',(1.,-2.2204460492503E-16,9.5928732762861E-46));
#12258=DIRECTION('',(-2.2204460492503E-16,-1.,1.99680416634069E-30));
#12259=DIRECTION('',(1.,-2.2204460492503E-16,9.5928732762861E-46));
#12260=DIRECTION('',(-2.2204460492503E-16,-1.,1.99680416634069E-30));
#12261=DIRECTION('',(-1.,2.2204460492503E-16,-9.5928732762861E-46));
#12262=DIRECTION('',(-2.2204460492503E-16,-1.,1.99680416634069E-30));
#12263=DIRECTION('',(1.,-2.2204460492503E-16,9.5928732762861E-46));
#12264=DIRECTION('',(-2.2204460492503E-16,-1.,1.99680416634069E-30));
#12265=DIRECTION('',(-1.,2.2204460492503E-16,-9.5928732762861E-46));
#12266=DIRECTION('',(-2.2204460492503E-16,-1.,1.99680416634069E-30));
#12267=DIRECTION('',(-1.,2.2204460492503E-16,-9.5928732762861E-46));
#12268=DIRECTION('',(2.2204460492503E-16,1.,-1.99680416634069E-30));
#12269=DIRECTION('',(-1.,2.2204460492503E-16,-9.5928732762861E-46));
#12270=DIRECTION('',(2.2204460492503E-16,1.,-1.99680416634069E-30));
#12271=DIRECTION('',(1.,-2.2204460492503E-16,9.5928732762861E-46));
#12272=DIRECTION('',(2.2204460492503E-16,1.,-1.99680416634069E-30));
#12273=DIRECTION('',(-1.,2.2204460492503E-16,-9.5928732762861E-46));
#12274=DIRECTION('',(2.2204460492503E-16,1.,-1.99680416634069E-30));
#12275=DIRECTION('',(1.,-2.2204460492503E-16,9.5928732762861E-46));
#12276=DIRECTION('',(2.2204460492503E-16,1.,-1.99680416634069E-30));
#12277=DIRECTION('',(1.,-2.2204460492503E-16,9.5928732762861E-46));
#12278=DIRECTION('',(-2.2204460492503E-16,-1.,1.99680416634069E-30));
#12279=DIRECTION('',(1.,-2.2204460492503E-16,9.5928732762861E-46));
#12280=DIRECTION('',(-2.2204460492503E-16,-1.,1.99680416634069E-30));
#12281=DIRECTION('',(-1.,2.2204460492503E-16,-9.5928732762861E-46));
#12282=DIRECTION('',(-2.2204460492503E-16,-1.,1.99680416634069E-30));
#12283=DIRECTION('',(1.,-2.2204460492503E-16,9.5928732762861E-46));
#12284=DIRECTION('',(-2.2204460492503E-16,-1.,1.99680416634069E-30));
#12285=DIRECTION('',(-1.,2.2204460492503E-16,-9.5928732762861E-46));
#12286=DIRECTION('',(-2.2204460492503E-16,-1.,1.99680416634069E-30));
#12287=DIRECTION('',(-1.,2.2204460492503E-16,-9.5928732762861E-46));
#12288=DIRECTION('',(2.2204460492503E-16,1.,-1.99680416634069E-30));
#12289=DIRECTION('',(-1.,2.2204460492503E-16,-9.5928732762861E-46));
#12290=DIRECTION('',(2.2204460492503E-16,1.,-1.99680416634069E-30));
#12291=DIRECTION('',(1.,-2.2204460492503E-16,9.5928732762861E-46));
#12292=DIRECTION('',(2.2204460492503E-16,1.,-1.99680416634069E-30));
#12293=DIRECTION('',(-1.,2.2204460492503E-16,-9.5928732762861E-46));
#12294=DIRECTION('',(2.2204460492503E-16,1.,-1.99680416634069E-30));
#12295=DIRECTION('',(1.,-2.2204460492503E-16,9.5928732762861E-46));
#12296=DIRECTION('',(2.2204460492503E-16,1.,-1.99680416634069E-30));
#12297=DIRECTION('',(1.,-2.2204460492503E-16,9.5928732762861E-46));
#12298=DIRECTION('',(-2.2204460492503E-16,-1.,1.99680416634069E-30));
#12299=DIRECTION('',(1.,-2.2204460492503E-16,9.5928732762861E-46));
#12300=DIRECTION('',(-2.2204460492503E-16,-1.,1.99680416634069E-30));
#12301=DIRECTION('',(-1.,2.2204460492503E-16,-9.5928732762861E-46));
#12302=DIRECTION('',(-2.2204460492503E-16,-1.,1.99680416634069E-30));
#12303=DIRECTION('',(1.,-2.2204460492503E-16,9.5928732762861E-46));
#12304=DIRECTION('',(-2.2204460492503E-16,-1.,1.99680416634069E-30));
#12305=DIRECTION('',(-1.,2.2204460492503E-16,-9.5928732762861E-46));
#12306=DIRECTION('',(-2.2204460492503E-16,-1.,1.99680416634069E-30));
#12307=DIRECTION('',(-1.,2.2204460492503E-16,-9.5928732762861E-46));
#12308=DIRECTION('',(2.2204460492503E-16,1.,-1.99680416634069E-30));
#12309=DIRECTION('',(-1.,2.2204460492503E-16,-9.5928732762861E-46));
#12310=DIRECTION('',(2.2204460492503E-16,1.,-1.99680416634069E-30));
#12311=DIRECTION('',(1.,-2.2204460492503E-16,9.5928732762861E-46));
#12312=DIRECTION('',(2.2204460492503E-16,1.,-1.99680416634069E-30));
#12313=DIRECTION('',(-1.,2.2204460492503E-16,-9.5928732762861E-46));
#12314=DIRECTION('',(2.2204460492503E-16,1.,-1.99680416634069E-30));
#12315=DIRECTION('',(1.,-2.2204460492503E-16,9.5928732762861E-46));
#12316=DIRECTION('',(2.2204460492503E-16,1.,-1.99680416634069E-30));
#12317=DIRECTION('',(1.,-2.2204460492503E-16,9.5928732762861E-46));
#12318=DIRECTION('',(-2.2204460492503E-16,-1.,1.99680416634069E-30));
#12319=DIRECTION('',(1.,-2.2204460492503E-16,9.5928732762861E-46));
#12320=DIRECTION('',(-2.2204460492503E-16,-1.,1.99680416634069E-30));
#12321=DIRECTION('',(-1.,2.2204460492503E-16,-9.5928732762861E-46));
#12322=DIRECTION('',(-2.2204460492503E-16,-1.,1.99680416634069E-30));
#12323=DIRECTION('',(1.,-2.2204460492503E-16,9.5928732762861E-46));
#12324=DIRECTION('',(-2.2204460492503E-16,-1.,1.99680416634069E-30));
#12325=DIRECTION('',(-1.,2.2204460492503E-16,-9.5928732762861E-46));
#12326=DIRECTION('',(-2.2204460492503E-16,-1.,1.99680416634069E-30));
#12327=DIRECTION('',(-1.,2.2204460492503E-16,-9.5928732762861E-46));
#12328=DIRECTION('',(2.2204460492503E-16,1.,-1.99680416634069E-30));
#12329=DIRECTION('',(-1.,2.2204460492503E-16,-9.5928732762861E-46));
#12330=DIRECTION('',(2.2204460492503E-16,1.,-1.99680416634069E-30));
#12331=DIRECTION('',(1.,-2.2204460492503E-16,9.5928732762861E-46));
#12332=DIRECTION('',(2.2204460492503E-16,1.,-1.99680416634069E-30));
#12333=DIRECTION('',(-1.,2.2204460492503E-16,-9.5928732762861E-46));
#12334=DIRECTION('',(2.2204460492503E-16,1.,-1.99680416634069E-30));
#12335=DIRECTION('',(1.,-2.2204460492503E-16,9.5928732762861E-46));
#12336=DIRECTION('',(2.2204460492503E-16,1.,-1.99680416634069E-30));
#12337=DIRECTION('',(1.,-2.2204460492503E-16,9.5928732762861E-46));
#12338=DIRECTION('',(-2.2204460492503E-16,-1.,1.99680416634069E-30));
#12339=DIRECTION('',(1.,-2.2204460492503E-16,9.5928732762861E-46));
#12340=DIRECTION('',(-2.2204460492503E-16,-1.,1.99680416634069E-30));
#12341=DIRECTION('',(-1.,2.2204460492503E-16,-9.5928732762861E-46));
#12342=DIRECTION('',(-2.2204460492503E-16,-1.,1.99680416634069E-30));
#12343=DIRECTION('',(1.,-2.2204460492503E-16,9.5928732762861E-46));
#12344=DIRECTION('',(-2.2204460492503E-16,-1.,1.99680416634069E-30));
#12345=DIRECTION('',(-1.,2.2204460492503E-16,-9.5928732762861E-46));
#12346=DIRECTION('',(-2.2204460492503E-16,-1.,1.99680416634069E-30));
#12347=DIRECTION('',(-1.,2.2204460492503E-16,-9.5928732762861E-46));
#12348=DIRECTION('',(2.2204460492503E-16,1.,-1.99680416634069E-30));
#12349=DIRECTION('',(-1.,2.2204460492503E-16,-9.5928732762861E-46));
#12350=DIRECTION('',(2.2204460492503E-16,1.,-1.99680416634069E-30));
#12351=DIRECTION('',(1.,-2.2204460492503E-16,9.5928732762861E-46));
#12352=DIRECTION('',(2.2204460492503E-16,1.,-1.99680416634069E-30));
#12353=DIRECTION('',(-1.,2.2204460492503E-16,-9.5928732762861E-46));
#12354=DIRECTION('',(2.2204460492503E-16,1.,-1.99680416634069E-30));
#12355=DIRECTION('',(1.,-2.2204460492503E-16,9.5928732762861E-46));
#12356=DIRECTION('',(2.2204460492503E-16,1.,-1.99680416634069E-30));
#12357=DIRECTION('center_axis',(4.46116503290909E-46,-1.99680416634069E-30,
-1.));
#12358=DIRECTION('ref_axis',(1.,-2.2204460492503E-16,8.87328549534563E-46));
#12359=DIRECTION('',(1.,-2.2204460492503E-16,9.5928732762861E-46));
#12360=DIRECTION('',(-2.2204460492503E-16,-1.,1.99680416634069E-30));
#12361=DIRECTION('',(1.,-2.2204460492503E-16,9.5928732762861E-46));
#12362=DIRECTION('',(-2.2204460492503E-16,-1.,1.99680416634069E-30));
#12363=DIRECTION('',(-1.,2.2204460492503E-16,-9.5928732762861E-46));
#12364=DIRECTION('',(-2.2204460492503E-16,-1.,1.99680416634069E-30));
#12365=DIRECTION('',(1.,-2.2204460492503E-16,9.5928732762861E-46));
#12366=DIRECTION('',(-2.2204460492503E-16,-1.,1.99680416634069E-30));
#12367=DIRECTION('',(-1.,2.2204460492503E-16,-9.5928732762861E-46));
#12368=DIRECTION('',(-2.2204460492503E-16,-1.,1.99680416634069E-30));
#12369=DIRECTION('',(-1.,2.2204460492503E-16,-9.5928732762861E-46));
#12370=DIRECTION('',(2.2204460492503E-16,1.,-1.99680416634069E-30));
#12371=DIRECTION('',(-1.,2.2204460492503E-16,-9.5928732762861E-46));
#12372=DIRECTION('',(2.2204460492503E-16,1.,-1.99680416634069E-30));
#12373=DIRECTION('',(1.,-2.2204460492503E-16,9.5928732762861E-46));
#12374=DIRECTION('',(2.2204460492503E-16,1.,-1.99680416634069E-30));
#12375=DIRECTION('',(-1.,2.2204460492503E-16,-9.5928732762861E-46));
#12376=DIRECTION('',(2.2204460492503E-16,1.,-1.99680416634069E-30));
#12377=DIRECTION('',(1.,-2.2204460492503E-16,9.5928732762861E-46));
#12378=DIRECTION('',(2.2204460492503E-16,1.,-1.99680416634069E-30));
#12379=DIRECTION('center_axis',(-2.71926214689373E-32,-1.22464679914738E-16,
-1.));
#12380=DIRECTION('ref_axis',(1.,-2.2204460492503E-16,9.75900364823857E-46));
#12381=DIRECTION('',(1.,-2.2204460492503E-16,9.5928732762861E-46));
#12382=DIRECTION('',(-2.2204460492503E-16,-1.,1.99680416634069E-30));
#12383=DIRECTION('',(1.,-2.2204460492503E-16,9.5928732762861E-46));
#12384=DIRECTION('',(-2.2204460492503E-16,-1.,1.99680416634069E-30));
#12385=DIRECTION('',(-1.,2.2204460492503E-16,-9.5928732762861E-46));
#12386=DIRECTION('',(-2.2204460492503E-16,-1.,1.99680416634069E-30));
#12387=DIRECTION('',(1.,-2.2204460492503E-16,9.5928732762861E-46));
#12388=DIRECTION('',(-2.2204460492503E-16,-1.,1.99680416634069E-30));
#12389=DIRECTION('',(-1.,2.2204460492503E-16,-9.5928732762861E-46));
#12390=DIRECTION('',(-2.2204460492503E-16,-1.,1.99680416634069E-30));
#12391=DIRECTION('',(-1.,2.2204460492503E-16,-9.5928732762861E-46));
#12392=DIRECTION('',(2.2204460492503E-16,1.,-1.99680416634069E-30));
#12393=DIRECTION('',(-1.,2.2204460492503E-16,-9.5928732762861E-46));
#12394=DIRECTION('',(2.2204460492503E-16,1.,-1.99680416634069E-30));
#12395=DIRECTION('',(1.,-2.2204460492503E-16,9.5928732762861E-46));
#12396=DIRECTION('',(2.2204460492503E-16,1.,-1.99680416634069E-30));
#12397=DIRECTION('',(-1.,2.2204460492503E-16,-9.5928732762861E-46));
#12398=DIRECTION('',(2.2204460492503E-16,1.,-1.99680416634069E-30));
#12399=DIRECTION('',(1.,-2.2204460492503E-16,9.5928732762861E-46));
#12400=DIRECTION('',(2.2204460492503E-16,1.,-1.99680416634069E-30));
#12401=DIRECTION('',(1.,-2.2204460492503E-16,9.5928732762861E-46));
#12402=DIRECTION('',(-2.2204460492503E-16,-1.,1.99680416634069E-30));
#12403=DIRECTION('',(1.,-2.2204460492503E-16,9.5928732762861E-46));
#12404=DIRECTION('',(-2.2204460492503E-16,-1.,1.99680416634069E-30));
#12405=DIRECTION('',(-1.,2.2204460492503E-16,-9.5928732762861E-46));
#12406=DIRECTION('',(-2.2204460492503E-16,-1.,1.99680416634069E-30));
#12407=DIRECTION('',(1.,-2.2204460492503E-16,9.5928732762861E-46));
#12408=DIRECTION('',(-2.2204460492503E-16,-1.,1.99680416634069E-30));
#12409=DIRECTION('',(-1.,2.2204460492503E-16,-9.5928732762861E-46));
#12410=DIRECTION('',(-2.2204460492503E-16,-1.,1.99680416634069E-30));
#12411=DIRECTION('',(-1.,2.2204460492503E-16,-9.5928732762861E-46));
#12412=DIRECTION('',(2.2204460492503E-16,1.,-1.99680416634069E-30));
#12413=DIRECTION('',(-1.,2.2204460492503E-16,-9.5928732762861E-46));
#12414=DIRECTION('',(2.2204460492503E-16,1.,-1.99680416634069E-30));
#12415=DIRECTION('',(1.,-2.2204460492503E-16,9.5928732762861E-46));
#12416=DIRECTION('',(2.2204460492503E-16,1.,-1.99680416634069E-30));
#12417=DIRECTION('',(-1.,2.2204460492503E-16,-9.5928732762861E-46));
#12418=DIRECTION('',(2.2204460492503E-16,1.,-1.99680416634069E-30));
#12419=DIRECTION('',(1.,-2.2204460492503E-16,9.5928732762861E-46));
#12420=DIRECTION('',(2.2204460492503E-16,1.,-1.99680416634069E-30));
#12421=DIRECTION('',(1.,-2.2204460492503E-16,9.5928732762861E-46));
#12422=DIRECTION('',(-2.2204460492503E-16,-1.,1.99680416634069E-30));
#12423=DIRECTION('',(1.,-2.2204460492503E-16,9.5928732762861E-46));
#12424=DIRECTION('',(-2.2204460492503E-16,-1.,1.99680416634069E-30));
#12425=DIRECTION('',(-1.,2.2204460492503E-16,-9.5928732762861E-46));
#12426=DIRECTION('',(-2.2204460492503E-16,-1.,1.99680416634069E-30));
#12427=DIRECTION('',(1.,-2.2204460492503E-16,9.5928732762861E-46));
#12428=DIRECTION('',(-2.2204460492503E-16,-1.,1.99680416634069E-30));
#12429=DIRECTION('',(-1.,2.2204460492503E-16,-9.5928732762861E-46));
#12430=DIRECTION('',(-2.2204460492503E-16,-1.,1.99680416634069E-30));
#12431=DIRECTION('',(-1.,2.2204460492503E-16,-9.5928732762861E-46));
#12432=DIRECTION('',(2.2204460492503E-16,1.,-1.99680416634069E-30));
#12433=DIRECTION('',(-1.,2.2204460492503E-16,-9.5928732762861E-46));
#12434=DIRECTION('',(2.2204460492503E-16,1.,-1.99680416634069E-30));
#12435=DIRECTION('',(1.,-2.2204460492503E-16,9.5928732762861E-46));
#12436=DIRECTION('',(2.2204460492503E-16,1.,-1.99680416634069E-30));
#12437=DIRECTION('',(-1.,2.2204460492503E-16,-9.5928732762861E-46));
#12438=DIRECTION('',(2.2204460492503E-16,1.,-1.99680416634069E-30));
#12439=DIRECTION('',(1.,-2.2204460492503E-16,9.5928732762861E-46));
#12440=DIRECTION('',(2.2204460492503E-16,1.,-1.99680416634069E-30));
#12441=DIRECTION('',(1.,-2.2204460492503E-16,9.5928732762861E-46));
#12442=DIRECTION('',(-2.2204460492503E-16,-1.,1.99680416634069E-30));
#12443=DIRECTION('',(1.,-2.2204460492503E-16,9.5928732762861E-46));
#12444=DIRECTION('',(-2.2204460492503E-16,-1.,1.99680416634069E-30));
#12445=DIRECTION('',(-1.,2.2204460492503E-16,-9.5928732762861E-46));
#12446=DIRECTION('',(-2.2204460492503E-16,-1.,1.99680416634069E-30));
#12447=DIRECTION('',(1.,-2.2204460492503E-16,9.5928732762861E-46));
#12448=DIRECTION('',(-2.2204460492503E-16,-1.,1.99680416634069E-30));
#12449=DIRECTION('',(-1.,2.2204460492503E-16,-9.5928732762861E-46));
#12450=DIRECTION('',(-2.2204460492503E-16,-1.,1.99680416634069E-30));
#12451=DIRECTION('',(-1.,2.2204460492503E-16,-9.5928732762861E-46));
#12452=DIRECTION('',(2.2204460492503E-16,1.,-1.99680416634069E-30));
#12453=DIRECTION('',(-1.,2.2204460492503E-16,-9.5928732762861E-46));
#12454=DIRECTION('',(2.2204460492503E-16,1.,-1.99680416634069E-30));
#12455=DIRECTION('',(1.,-2.2204460492503E-16,9.5928732762861E-46));
#12456=DIRECTION('',(2.2204460492503E-16,1.,-1.99680416634069E-30));
#12457=DIRECTION('',(-1.,2.2204460492503E-16,-9.5928732762861E-46));
#12458=DIRECTION('',(2.2204460492503E-16,1.,-1.99680416634069E-30));
#12459=DIRECTION('',(1.,-2.2204460492503E-16,9.5928732762861E-46));
#12460=DIRECTION('',(2.2204460492503E-16,1.,-1.99680416634069E-30));
#12461=DIRECTION('',(1.,-2.2204460492503E-16,9.5928732762861E-46));
#12462=DIRECTION('',(-2.2204460492503E-16,-1.,1.99680416634069E-30));
#12463=DIRECTION('',(1.,-2.2204460492503E-16,9.5928732762861E-46));
#12464=DIRECTION('',(-2.2204460492503E-16,-1.,1.99680416634069E-30));
#12465=DIRECTION('',(-1.,2.2204460492503E-16,-9.5928732762861E-46));
#12466=DIRECTION('',(-2.2204460492503E-16,-1.,1.99680416634069E-30));
#12467=DIRECTION('',(1.,-2.2204460492503E-16,9.5928732762861E-46));
#12468=DIRECTION('',(-2.2204460492503E-16,-1.,1.99680416634069E-30));
#12469=DIRECTION('',(-1.,2.2204460492503E-16,-9.5928732762861E-46));
#12470=DIRECTION('',(-2.2204460492503E-16,-1.,1.99680416634069E-30));
#12471=DIRECTION('',(-1.,2.2204460492503E-16,-9.5928732762861E-46));
#12472=DIRECTION('',(2.2204460492503E-16,1.,-1.99680416634069E-30));
#12473=DIRECTION('',(-1.,2.2204460492503E-16,-9.5928732762861E-46));
#12474=DIRECTION('',(2.2204460492503E-16,1.,-1.99680416634069E-30));
#12475=DIRECTION('',(1.,-2.2204460492503E-16,9.5928732762861E-46));
#12476=DIRECTION('',(2.2204460492503E-16,1.,-1.99680416634069E-30));
#12477=DIRECTION('',(-1.,2.2204460492503E-16,-9.5928732762861E-46));
#12478=DIRECTION('',(2.2204460492503E-16,1.,-1.99680416634069E-30));
#12479=DIRECTION('',(1.,-2.2204460492503E-16,9.5928732762861E-46));
#12480=DIRECTION('',(2.2204460492503E-16,1.,-1.99680416634069E-30));
#12481=DIRECTION('',(1.,-2.2204460492503E-16,9.5928732762861E-46));
#12482=DIRECTION('',(-2.2204460492503E-16,-1.,1.99680416634069E-30));
#12483=DIRECTION('',(1.,-2.2204460492503E-16,9.5928732762861E-46));
#12484=DIRECTION('',(-2.2204460492503E-16,-1.,1.99680416634069E-30));
#12485=DIRECTION('',(-1.,2.2204460492503E-16,-9.5928732762861E-46));
#12486=DIRECTION('',(-2.2204460492503E-16,-1.,1.99680416634069E-30));
#12487=DIRECTION('',(1.,-2.2204460492503E-16,9.5928732762861E-46));
#12488=DIRECTION('',(-2.2204460492503E-16,-1.,1.99680416634069E-30));
#12489=DIRECTION('',(-1.,2.2204460492503E-16,-9.5928732762861E-46));
#12490=DIRECTION('',(-2.2204460492503E-16,-1.,1.99680416634069E-30));
#12491=DIRECTION('',(-1.,2.2204460492503E-16,-9.5928732762861E-46));
#12492=DIRECTION('',(2.2204460492503E-16,1.,-1.99680416634069E-30));
#12493=DIRECTION('',(-1.,2.2204460492503E-16,-9.5928732762861E-46));
#12494=DIRECTION('',(2.2204460492503E-16,1.,-1.99680416634069E-30));
#12495=DIRECTION('',(1.,-2.2204460492503E-16,9.5928732762861E-46));
#12496=DIRECTION('',(2.2204460492503E-16,1.,-1.99680416634069E-30));
#12497=DIRECTION('',(-1.,2.2204460492503E-16,-9.5928732762861E-46));
#12498=DIRECTION('',(2.2204460492503E-16,1.,-1.99680416634069E-30));
#12499=DIRECTION('',(1.,-2.2204460492503E-16,9.5928732762861E-46));
#12500=DIRECTION('',(2.2204460492503E-16,1.,-1.99680416634069E-30));
#12501=DIRECTION('',(1.,-2.2204460492503E-16,9.5928732762861E-46));
#12502=DIRECTION('',(-2.2204460492503E-16,-1.,1.99680416634069E-30));
#12503=DIRECTION('',(1.,-2.2204460492503E-16,9.5928732762861E-46));
#12504=DIRECTION('',(-2.2204460492503E-16,-1.,1.99680416634069E-30));
#12505=DIRECTION('',(-1.,2.2204460492503E-16,-9.5928732762861E-46));
#12506=DIRECTION('',(-2.2204460492503E-16,-1.,1.99680416634069E-30));
#12507=DIRECTION('',(1.,-2.2204460492503E-16,9.5928732762861E-46));
#12508=DIRECTION('',(-2.2204460492503E-16,-1.,1.99680416634069E-30));
#12509=DIRECTION('',(-1.,2.2204460492503E-16,-9.5928732762861E-46));
#12510=DIRECTION('',(-2.2204460492503E-16,-1.,1.99680416634069E-30));
#12511=DIRECTION('',(-1.,2.2204460492503E-16,-9.5928732762861E-46));
#12512=DIRECTION('',(2.2204460492503E-16,1.,-1.99680416634069E-30));
#12513=DIRECTION('',(-1.,2.2204460492503E-16,-9.5928732762861E-46));
#12514=DIRECTION('',(2.2204460492503E-16,1.,-1.99680416634069E-30));
#12515=DIRECTION('',(1.,-2.2204460492503E-16,9.5928732762861E-46));
#12516=DIRECTION('',(2.2204460492503E-16,1.,-1.99680416634069E-30));
#12517=DIRECTION('',(-1.,2.2204460492503E-16,-9.5928732762861E-46));
#12518=DIRECTION('',(2.2204460492503E-16,1.,-1.99680416634069E-30));
#12519=DIRECTION('',(1.,-2.2204460492503E-16,9.5928732762861E-46));
#12520=DIRECTION('',(2.2204460492503E-16,1.,-1.99680416634069E-30));
#12521=DIRECTION('',(1.,-2.2204460492503E-16,9.5928732762861E-46));
#12522=DIRECTION('',(-2.2204460492503E-16,-1.,1.99680416634069E-30));
#12523=DIRECTION('',(1.,-2.2204460492503E-16,9.5928732762861E-46));
#12524=DIRECTION('',(-2.2204460492503E-16,-1.,1.99680416634069E-30));
#12525=DIRECTION('',(-1.,2.2204460492503E-16,-9.5928732762861E-46));
#12526=DIRECTION('',(-2.2204460492503E-16,-1.,1.99680416634069E-30));
#12527=DIRECTION('',(1.,-2.2204460492503E-16,9.5928732762861E-46));
#12528=DIRECTION('',(-2.2204460492503E-16,-1.,1.99680416634069E-30));
#12529=DIRECTION('',(-1.,2.2204460492503E-16,-9.5928732762861E-46));
#12530=DIRECTION('',(-2.2204460492503E-16,-1.,1.99680416634069E-30));
#12531=DIRECTION('',(-1.,2.2204460492503E-16,-9.5928732762861E-46));
#12532=DIRECTION('',(2.2204460492503E-16,1.,-1.99680416634069E-30));
#12533=DIRECTION('',(-1.,2.2204460492503E-16,-9.5928732762861E-46));
#12534=DIRECTION('',(2.2204460492503E-16,1.,-1.99680416634069E-30));
#12535=DIRECTION('',(1.,-2.2204460492503E-16,9.5928732762861E-46));
#12536=DIRECTION('',(2.2204460492503E-16,1.,-1.99680416634069E-30));
#12537=DIRECTION('',(-1.,2.2204460492503E-16,-9.5928732762861E-46));
#12538=DIRECTION('',(2.2204460492503E-16,1.,-1.99680416634069E-30));
#12539=DIRECTION('',(1.,-2.2204460492503E-16,9.5928732762861E-46));
#12540=DIRECTION('',(2.2204460492503E-16,1.,-1.99680416634069E-30));
#12541=DIRECTION('center_axis',(4.46116503290909E-46,-1.99680416634069E-30,
-1.));
#12542=DIRECTION('ref_axis',(1.,-2.2204460492503E-16,8.87328549534563E-46));
#12543=DIRECTION('',(1.,-2.2204460492503E-16,9.5928732762861E-46));
#12544=DIRECTION('',(-2.2204460492503E-16,-1.,1.99680416634069E-30));
#12545=DIRECTION('',(1.,-2.2204460492503E-16,9.5928732762861E-46));
#12546=DIRECTION('',(-2.2204460492503E-16,-1.,1.99680416634069E-30));
#12547=DIRECTION('',(-1.,2.2204460492503E-16,-9.5928732762861E-46));
#12548=DIRECTION('',(-2.2204460492503E-16,-1.,1.99680416634069E-30));
#12549=DIRECTION('',(1.,-2.2204460492503E-16,9.5928732762861E-46));
#12550=DIRECTION('',(-2.2204460492503E-16,-1.,1.99680416634069E-30));
#12551=DIRECTION('',(-1.,2.2204460492503E-16,-9.5928732762861E-46));
#12552=DIRECTION('',(-2.2204460492503E-16,-1.,1.99680416634069E-30));
#12553=DIRECTION('',(-1.,2.2204460492503E-16,-9.5928732762861E-46));
#12554=DIRECTION('',(2.2204460492503E-16,1.,-1.99680416634069E-30));
#12555=DIRECTION('',(-1.,2.2204460492503E-16,-9.5928732762861E-46));
#12556=DIRECTION('',(2.2204460492503E-16,1.,-1.99680416634069E-30));
#12557=DIRECTION('',(1.,-2.2204460492503E-16,9.5928732762861E-46));
#12558=DIRECTION('',(2.2204460492503E-16,1.,-1.99680416634069E-30));
#12559=DIRECTION('',(-1.,2.2204460492503E-16,-9.5928732762861E-46));
#12560=DIRECTION('',(2.2204460492503E-16,1.,-1.99680416634069E-30));
#12561=DIRECTION('',(1.,-2.2204460492503E-16,9.5928732762861E-46));
#12562=DIRECTION('',(2.2204460492503E-16,1.,-1.99680416634069E-30));
#12563=DIRECTION('',(1.,-2.2204460492503E-16,9.5928732762861E-46));
#12564=DIRECTION('',(-2.2204460492503E-16,-1.,1.99680416634069E-30));
#12565=DIRECTION('',(1.,-2.2204460492503E-16,9.5928732762861E-46));
#12566=DIRECTION('',(-2.2204460492503E-16,-1.,1.99680416634069E-30));
#12567=DIRECTION('',(-1.,2.2204460492503E-16,-9.5928732762861E-46));
#12568=DIRECTION('',(-2.2204460492503E-16,-1.,1.99680416634069E-30));
#12569=DIRECTION('',(1.,-2.2204460492503E-16,9.5928732762861E-46));
#12570=DIRECTION('',(-2.2204460492503E-16,-1.,1.99680416634069E-30));
#12571=DIRECTION('',(-1.,2.2204460492503E-16,-9.5928732762861E-46));
#12572=DIRECTION('',(-2.2204460492503E-16,-1.,1.99680416634069E-30));
#12573=DIRECTION('',(-1.,2.2204460492503E-16,-9.5928732762861E-46));
#12574=DIRECTION('',(2.2204460492503E-16,1.,-1.99680416634069E-30));
#12575=DIRECTION('',(-1.,2.2204460492503E-16,-9.5928732762861E-46));
#12576=DIRECTION('',(2.2204460492503E-16,1.,-1.99680416634069E-30));
#12577=DIRECTION('',(1.,-2.2204460492503E-16,9.5928732762861E-46));
#12578=DIRECTION('',(2.2204460492503E-16,1.,-1.99680416634069E-30));
#12579=DIRECTION('',(-1.,2.2204460492503E-16,-9.5928732762861E-46));
#12580=DIRECTION('',(2.2204460492503E-16,1.,-1.99680416634069E-30));
#12581=DIRECTION('',(1.,-2.2204460492503E-16,9.5928732762861E-46));
#12582=DIRECTION('',(2.2204460492503E-16,1.,-1.99680416634069E-30));
#12583=DIRECTION('',(1.,-2.2204460492503E-16,9.5928732762861E-46));
#12584=DIRECTION('',(-2.2204460492503E-16,-1.,1.99680416634069E-30));
#12585=DIRECTION('',(1.,-2.2204460492503E-16,9.5928732762861E-46));
#12586=DIRECTION('',(-2.2204460492503E-16,-1.,1.99680416634069E-30));
#12587=DIRECTION('',(-1.,2.2204460492503E-16,-9.5928732762861E-46));
#12588=DIRECTION('',(-2.2204460492503E-16,-1.,1.99680416634069E-30));
#12589=DIRECTION('',(1.,-2.2204460492503E-16,9.5928732762861E-46));
#12590=DIRECTION('',(-2.2204460492503E-16,-1.,1.99680416634069E-30));
#12591=DIRECTION('',(-1.,2.2204460492503E-16,-9.5928732762861E-46));
#12592=DIRECTION('',(-2.2204460492503E-16,-1.,1.99680416634069E-30));
#12593=DIRECTION('',(-1.,2.2204460492503E-16,-9.5928732762861E-46));
#12594=DIRECTION('',(2.2204460492503E-16,1.,-1.99680416634069E-30));
#12595=DIRECTION('',(-1.,2.2204460492503E-16,-9.5928732762861E-46));
#12596=DIRECTION('',(2.2204460492503E-16,1.,-1.99680416634069E-30));
#12597=DIRECTION('',(1.,-2.2204460492503E-16,9.5928732762861E-46));
#12598=DIRECTION('',(2.2204460492503E-16,1.,-1.99680416634069E-30));
#12599=DIRECTION('',(-1.,2.2204460492503E-16,-9.5928732762861E-46));
#12600=DIRECTION('',(2.2204460492503E-16,1.,-1.99680416634069E-30));
#12601=DIRECTION('',(1.,-2.2204460492503E-16,9.5928732762861E-46));
#12602=DIRECTION('',(2.2204460492503E-16,1.,-1.99680416634069E-30));
#12603=DIRECTION('',(1.,-2.2204460492503E-16,9.5928732762861E-46));
#12604=DIRECTION('',(-2.2204460492503E-16,-1.,1.99680416634069E-30));
#12605=DIRECTION('',(1.,-2.2204460492503E-16,9.5928732762861E-46));
#12606=DIRECTION('',(-2.2204460492503E-16,-1.,1.99680416634069E-30));
#12607=DIRECTION('',(-1.,2.2204460492503E-16,-9.5928732762861E-46));
#12608=DIRECTION('',(-2.2204460492503E-16,-1.,1.99680416634069E-30));
#12609=DIRECTION('',(1.,-2.2204460492503E-16,9.5928732762861E-46));
#12610=DIRECTION('',(-2.2204460492503E-16,-1.,1.99680416634069E-30));
#12611=DIRECTION('',(-1.,2.2204460492503E-16,-9.5928732762861E-46));
#12612=DIRECTION('',(-2.2204460492503E-16,-1.,1.99680416634069E-30));
#12613=DIRECTION('',(-1.,2.2204460492503E-16,-9.5928732762861E-46));
#12614=DIRECTION('',(2.2204460492503E-16,1.,-1.99680416634069E-30));
#12615=DIRECTION('',(-1.,2.2204460492503E-16,-9.5928732762861E-46));
#12616=DIRECTION('',(2.2204460492503E-16,1.,-1.99680416634069E-30));
#12617=DIRECTION('',(1.,-2.2204460492503E-16,9.5928732762861E-46));
#12618=DIRECTION('',(2.2204460492503E-16,1.,-1.99680416634069E-30));
#12619=DIRECTION('',(-1.,2.2204460492503E-16,-9.5928732762861E-46));
#12620=DIRECTION('',(2.2204460492503E-16,1.,-1.99680416634069E-30));
#12621=DIRECTION('',(1.,-2.2204460492503E-16,9.5928732762861E-46));
#12622=DIRECTION('',(2.2204460492503E-16,1.,-1.99680416634069E-30));
#12623=DIRECTION('center_axis',(-2.71926214689373E-32,-1.22464679914738E-16,
-1.));
#12624=DIRECTION('ref_axis',(1.,-2.2204460492503E-16,9.75900364823857E-46));
#12625=DIRECTION('center_axis',(4.46116503290909E-46,-1.99680416634069E-30,
-1.));
#12626=DIRECTION('ref_axis',(1.,-2.2204460492503E-16,8.89906660322656E-46));
#12627=DIRECTION('center_axis',(-4.46116503290909E-46,1.99680416634069E-30,
1.));
#12628=DIRECTION('ref_axis',(0.254135089275113,0.967168732124406,-1.93106575757227E-30));
#12629=DIRECTION('center_axis',(1.02053899928943E-16,-3.03218410444326E-30,
-1.));
#12630=DIRECTION('ref_axis',(1.,2.19824158875778E-14,1.02053899928943E-16));
#12631=DIRECTION('',(-6.66257423446444E-15,-1.,3.00753220115511E-30));
#12632=DIRECTION('center_axis',(-4.46116503290909E-46,1.99680416634069E-30,
1.));
#12633=DIRECTION('ref_axis',(0.707106781186551,-0.707106781186544,1.39694118632888E-30));
#12634=DIRECTION('',(-1.,7.71076169881506E-15,-1.83920423442632E-44));
#12635=DIRECTION('center_axis',(-4.46116503290909E-46,1.99680416634069E-30,
1.));
#12636=DIRECTION('ref_axis',(-0.707106781186554,-0.707106781186541,1.39694118632887E-30));
#12637=DIRECTION('',(6.66257423446449E-15,1.,-1.99680416634069E-30));
#12638=DIRECTION('center_axis',(4.46116503290909E-46,-1.99680416634069E-30,
-1.));
#12639=DIRECTION('ref_axis',(7.6235314357594E-15,1.,-2.00296714216273E-30));
#12640=DIRECTION('center_axis',(-4.46116503290909E-46,1.99680416634069E-30,
1.));
#12641=DIRECTION('ref_axis',(-0.25086397447181,0.968022348043787,-1.93106575757227E-30));
#12642=DIRECTION('center_axis',(4.46116503290909E-46,-1.99680416634069E-30,
-1.));
#12643=DIRECTION('ref_axis',(1.,-2.2204460492503E-16,8.89906660322656E-46));
#12644=DIRECTION('center_axis',(-4.46116503290909E-46,1.99680416634069E-30,
1.));
#12645=DIRECTION('ref_axis',(-0.250780904818332,-0.96804387182529,1.9516090103124E-30));
#12646=DIRECTION('center_axis',(-6.39918711412379E-24,-1.22437893418812E-16,
-1.));
#12647=DIRECTION('ref_axis',(-0.999999999999999,5.22645385211035E-8,2.71170935197797E-29));
#12648=DIRECTION('',(5.22645388953818E-8,0.999999999999999,-1.66812002956725E-16));
#12649=DIRECTION('center_axis',(-4.46116503290909E-46,1.99680416634069E-30,
1.));
#12650=DIRECTION('ref_axis',(-0.707111597142236,0.707101965198058,-1.41748443906901E-30));
#12651=DIRECTION('',(0.999999999906512,1.36738906073747E-5,-3.25376836307609E-35));
#12652=DIRECTION('center_axis',(-4.46116503290909E-46,1.99680416634069E-30,
1.));
#12653=DIRECTION('ref_axis',(0.707101964219903,0.707111598120378,-1.40721281269894E-30));
#12654=DIRECTION('',(-4.94978752317742E-8,-0.999999999999999,1.66805248517083E-16));
#12655=DIRECTION('center_axis',(-1.22473109762458E-16,-7.1420171984974E-17,
-1.));
#12656=DIRECTION('ref_axis',(-4.94982353623404E-8,-0.999999999999999,7.14201780471767E-17));
#12657=DIRECTION('center_axis',(-4.46116503290909E-46,1.99680416634069E-30,
1.));
#12658=DIRECTION('ref_axis',(0.25421807721817,-0.967146922248888,1.93106575757227E-30));
#12659=DIRECTION('center_axis',(4.46116503290909E-46,-1.99680416634069E-30,
-1.));
#12660=DIRECTION('ref_axis',(1.,-2.2204460492503E-16,8.88395783140449E-46));
#12661=DIRECTION('center_axis',(-4.46116503290909E-46,1.99680416634069E-30,
1.));
#12662=DIRECTION('ref_axis',(-0.250863974471812,-0.968022348043787,1.93106575757227E-30));
#12663=DIRECTION('center_axis',(-1.78906771645993E-31,-1.22464679914738E-16,
-1.));
#12664=DIRECTION('ref_axis',(-1.,-6.71684929898219E-15,1.00148357108138E-30));
#12665=DIRECTION('',(-6.21848502461435E-15,1.,-1.84627435443119E-16));
#12666=DIRECTION('center_axis',(-4.46116503290909E-46,1.99680416634069E-30,
1.));
#12667=DIRECTION('ref_axis',(-0.707111615620414,0.707101946719628,-1.40721281269894E-30));
#12668=DIRECTION('',(0.999999999906512,1.36738906073747E-5,-3.25376836307609E-35));
#12669=DIRECTION('center_axis',(-4.46116503290909E-46,1.99680416634069E-30,
1.));
#12670=DIRECTION('ref_axis',(0.707092277874151,0.707121284201476,-1.41748443906901E-30));
#12671=DIRECTION('',(2.73472508738264E-5,-0.999999999626064,1.84621199209227E-16));
#12672=DIRECTION('center_axis',(-1.22471154175221E-16,-5.1028772931912E-17,
-1.));
#12673=DIRECTION('ref_axis',(7.17944222590935E-15,-1.,5.10287729319111E-17));
#12674=DIRECTION('center_axis',(-4.46116503290909E-46,1.99680416634069E-30,
1.));
#12675=DIRECTION('ref_axis',(0.254160856985542,-0.967161960985012,1.9516090103124E-30));
#12676=DIRECTION('center_axis',(5.10269499644763E-17,-1.01072803481442E-30,
-1.));
#12677=DIRECTION('ref_axis',(1.,7.17944222590937E-15,5.10269499644763E-17));
#12678=DIRECTION('',(9.43874983938409E-15,-1.,3.99360833268137E-30));
#12679=DIRECTION('center_axis',(4.46116503290909E-46,-1.99680416634069E-30,
-1.));
#12680=DIRECTION('ref_axis',(1.13242748511766E-14,1.,-2.00296714216273E-30));
#12681=DIRECTION('center_axis',(-4.46116503290909E-46,1.99680416634069E-30,
1.));
#12682=DIRECTION('ref_axis',(1.,-2.2204460492503E-16,8.87785526104224E-46));
#12683=DIRECTION('',(7.57461552048063E-15,1.,-1.99680416634069E-30));
#12684=DIRECTION('center_axis',(-4.46116503290909E-46,1.99680416634069E-30,
1.));
#12685=DIRECTION('ref_axis',(-1.,2.02060590481781E-14,-4.07252366194404E-44));
#12686=DIRECTION('',(-1.,7.21102621033723E-15,-1.82168800362226E-44));
#12687=DIRECTION('',(0.999997202668868,0.0023653021876508,-5.39260384428426E-33));
#12688=DIRECTION('',(0.999078977800494,-0.0429091612260225,9.01335213973226E-32));
#12689=DIRECTION('',(0.993324467989349,-0.11535380918581,2.98904327368899E-31));
#12690=DIRECTION('',(0.981423767625986,-0.191852517155273,4.06756404254584E-31));
#12691=DIRECTION('',(0.962265884053962,-0.272110948669558,6.16297582203915E-31));
#12692=DIRECTION('',(0.937366193801995,-0.348345544993992,8.38164711797325E-31));
#12693=DIRECTION('',(0.909509070645804,-0.415684075245861,9.61424228238108E-31));
#12694=DIRECTION('',(0.870479380196706,-0.492204884831874,1.07235779303481E-30));
#12695=DIRECTION('',(0.832441134502311,-0.554113488004493,1.22026921276375E-30));
#12696=DIRECTION('',(0.785482340811865,-0.618884070139726,1.51609205222163E-30));
#12697=DIRECTION('',(0.737576291066406,-0.675263811303941,1.57772181044202E-30));
#12698=DIRECTION('',(0.675522595676211,-0.737339286035184,1.68865537523873E-30));
#12699=DIRECTION('',(0.625006101062792,-0.780619865001069,1.8735446498999E-30));
#12700=DIRECTION('',(0.552646241694129,-0.833415941497014,1.86121869825582E-30));
#12701=DIRECTION('',(0.488332980630121,-0.872657378373037,1.77493703674728E-30));
#12702=DIRECTION('',(0.415729529874389,-0.909488294586808,2.16936748935778E-30));
#12703=DIRECTION('',(0.352527889774031,-0.935801307399957,2.48984223210382E-30));
#12704=DIRECTION('',(0.259157329271979,-0.965835119823573,2.19401939264594E-30));
#12705=DIRECTION('',(0.204592498507149,-0.978847235044674,1.8735446498999E-30));
#12706=DIRECTION('',(0.113903520282972,-0.993491815802801,1.89819655318806E-30));
#12707=DIRECTION('',(0.0318309957156277,-0.999493265465932,2.36658271566304E-30));
#12708=DIRECTION('',(6.63964330368786E-5,-0.999999997795757,1.92284845647622E-30));
#12709=DIRECTION('',(-0.0385021263128963,-0.999258518237091,2.24332319922225E-30));
#12710=DIRECTION('',(-0.114827498328925,-0.993385446655789,2.51449413539197E-30));
#12711=DIRECTION('',(-0.203016770369627,-0.979175260588566,2.31727890908672E-30));
#12712=DIRECTION('',(-0.261101500433018,-0.965311352088862,2.24332319922225E-30));
#12713=DIRECTION('',(-0.349486455669399,-0.936941416153455,2.51449413539198E-30));
#12714=DIRECTION('',(-0.416359133682868,-0.909200237460842,1.77493703674728E-30));
#12715=DIRECTION('',(-0.491512386893244,-0.870870583686523,2.00913011798477E-30));
#12716=DIRECTION('',(-0.553495725683392,-0.83285201665735,2.24332319922225E-30));
#12717=DIRECTION('',(-0.619977551065403,-0.784619548682638,1.75028513345912E-30));
#12718=DIRECTION('',(-0.675354384688565,-0.737493359347682,1.72563323017096E-30));
#12719=DIRECTION('',(-0.737864521065068,-0.674948848842205,1.62702561701834E-30));
#12720=DIRECTION('',(-0.785042040555044,-0.61944248688734,1.45446229400124E-30));
#12721=DIRECTION('',(-0.833569416569557,-0.552414724423497,1.23259516440783E-30));
#12722=DIRECTION('',(-0.869738590663366,-0.49351269883449,1.14631350289928E-30));
#12723=DIRECTION('',(-0.909833393521203,-0.41497372932957,9.61424228238108E-31));
#12724=DIRECTION('',(-0.937113710385511,-0.349024202323422,8.38164711797325E-31));
#12725=DIRECTION('',(-0.964503628033036,-0.264069595961198,6.28623533847994E-31));
#12726=DIRECTION('',(-0.979726776228699,-0.200338323693999,4.52978722919878E-31));
#12727=DIRECTION('',(-0.993386743262956,-0.114816280680996,2.71170936169723E-31));
#12728=DIRECTION('',(-0.999376361650439,-0.0353112981116547,7.39557098644699E-32));
#12729=DIRECTION('',(-0.999999999906512,-1.36738906073747E-5,3.25376836307609E-35));
#12730=DIRECTION('center_axis',(4.46116503290909E-46,-1.99680416634069E-30,
-1.));
#12731=DIRECTION('ref_axis',(-0.707116450021215,0.707097112219669,-1.38666955995881E-30));
#12732=DIRECTION('',(-1.36738906066459E-5,0.999999999906512,-1.40608973424559E-16));
#12733=DIRECTION('center_axis',(1.22464679914734E-16,7.1428368709571E-17,
1.));
#12734=DIRECTION('ref_axis',(-2.2204460492503E-16,-1.,7.1428368709571E-17));
#12735=DIRECTION('',(1.,-2.2204460492503E-16,-1.58594839637792E-16));
#12736=DIRECTION('center_axis',(4.46116503290909E-46,-1.99680416634069E-30,
-1.));
#12737=DIRECTION('ref_axis',(-0.533003808584662,0.846112841194509,-1.70508997743083E-30));
#12738=DIRECTION('center_axis',(4.46116503290909E-46,-1.99680416634069E-30,
-1.));
#12739=DIRECTION('ref_axis',(1.,-2.2204460492503E-16,8.89906660322656E-46));
#12740=DIRECTION('center_axis',(4.46116503290909E-46,-1.99680416634069E-30,
-1.));
#12741=DIRECTION('ref_axis',(0.533003808584662,0.846112841194509,-1.70508997743083E-30));
#12742=DIRECTION('',(-1.,2.2204460492503E-16,-9.5928732762861E-46));
#12743=DIRECTION('center_axis',(-5.7311122986318E-32,1.22450304482945E-16,
1.));
#12744=DIRECTION('ref_axis',(-0.999999999906512,-1.36738906075425E-5,1.67437206830275E-21));
#12745=DIRECTION('',(-1.36738906068652E-5,0.999999999906512,-1.22450304471498E-16));
#12746=DIRECTION('center_axis',(4.46116503290909E-46,-1.99680416634069E-30,
-1.));
#12747=DIRECTION('ref_axis',(0.707097112219669,0.707116450021215,-1.40721281269894E-30));
#12748=DIRECTION('',(-0.999999999906512,-1.36738906073747E-5,3.25376836307609E-35));
#12749=DIRECTION('center_axis',(4.46116503290909E-46,-1.99680416634069E-30,
-1.));
#12750=DIRECTION('ref_axis',(-0.707121284224753,0.707092277850873,-1.42775606543907E-30));
#12751=DIRECTION('',(-2.73473167833426E-5,0.999999999626062,-1.47895035995241E-16));
#12752=DIRECTION('center_axis',(1.22577819338174E-16,5.0987393120049E-17,
1.));
#12753=DIRECTION('ref_axis',(-2.2204460492503E-16,-1.,5.0987393120049E-17));
#12754=DIRECTION('',(1.,-2.2204460492503E-16,-1.73048084927909E-16));
#12755=DIRECTION('center_axis',(4.46116503290909E-46,-1.99680416634069E-30,
-1.));
#12756=DIRECTION('ref_axis',(-0.533003808584662,0.846112841194509,-1.70508997743083E-30));
#12757=DIRECTION('center_axis',(4.46116503290909E-46,-1.99680416634069E-30,
-1.));
#12758=DIRECTION('ref_axis',(1.,-2.2204460492503E-16,8.88395783140449E-46));
#12759=DIRECTION('center_axis',(4.46116503290909E-46,-1.99680416634069E-30,
-1.));
#12760=DIRECTION('ref_axis',(0.533003808584662,0.846112841194509,-1.70508997743083E-30));
#12761=DIRECTION('',(-1.,2.2204460492503E-16,-1.81819035851112E-32));
#12762=DIRECTION('center_axis',(2.9800142951256E-33,1.22464679914738E-16,
1.));
#12763=DIRECTION('ref_axis',(-1.,-3.01610588356502E-15,3.72346455914874E-31));
#12764=DIRECTION('',(-7.68373491228795E-15,1.,-1.22464679914738E-16));
#12765=DIRECTION('center_axis',(4.46116503290909E-46,-1.99680416634069E-30,
-1.));
#12766=DIRECTION('ref_axis',(0.707101946719633,0.707111615620409,-1.42775606543907E-30));
#12767=DIRECTION('',(-0.999999999906512,-1.36738906073747E-5,3.25376836307609E-35));
#12768=DIRECTION('',(-0.999039648731248,0.0438152971340442,-1.07852076885685E-31));
#12769=DIRECTION('',(-0.993560671483287,0.113301333097537,-2.28030105415449E-31));
#12770=DIRECTION('',(-0.979199278096329,0.202900896438698,-4.62223186652937E-31));
#12771=DIRECTION('',(-0.965361073012076,0.260917609051158,-6.03971630559837E-31));
#12772=DIRECTION('',(-0.935599084213762,0.353064234408373,-8.0118685686509E-31));
#12773=DIRECTION('',(-0.909767157553759,0.415118921559298,-1.00456505899238E-30));
#12774=DIRECTION('',(-0.872515732502418,0.488586017540176,-1.06003184139073E-30));
#12775=DIRECTION('',(-0.833390641583511,0.552684393230914,-1.33120277756046E-30));
#12776=DIRECTION('',(-0.781721852330792,0.623627248914378,-1.46678824564532E-30));
#12777=DIRECTION('',(-0.737147531572885,0.675731837858778,-1.5900477620861E-30));
#12778=DIRECTION('',(-0.675731837858778,0.737147531572885,-1.73795918181504E-30));
#12779=DIRECTION('',(-0.619365526370028,0.785102760627154,-1.84889274661175E-30));
#12780=DIRECTION('',(-0.552678528681464,0.833394530780285,-1.79958894003543E-30));
#12781=DIRECTION('',(-0.492334728685067,0.870405948354331,-1.95982631140845E-30));
#12782=DIRECTION('',(-0.415129531488663,0.909762316259584,-1.94750035976437E-30));
#12783=DIRECTION('',(-0.350166716996426,0.936687391987287,-1.77493703674728E-30));
#12784=DIRECTION('',(-0.271258213699202,0.962506613743884,-2.44053842552751E-30));
#12785=DIRECTION('',(-0.192746615783714,0.981248562854451,-2.29262700579857E-30));
#12786=DIRECTION('',(-0.114286060729737,0.993447883043131,-2.63775365183276E-30));
#12787=DIRECTION('',(-0.044205396760869,0.999022463659959,-2.12006368278147E-30));
#12788=DIRECTION('',(2.2204460492503E-16,1.,-1.99680416634069E-30));
#12789=DIRECTION('',(0.0438456917663429,0.999038315237975,-2.2186712959341E-30));
#12790=DIRECTION('',(0.113366325236869,0.993553257909353,-2.68705745840907E-30));
#12791=DIRECTION('',(0.194249047803566,0.98095224523287,-2.26797510251041E-30));
#12792=DIRECTION('',(0.269250005563681,0.963070316489901,-2.4405384255275E-30));
#12793=DIRECTION('',(0.353212397334949,0.935543159009192,-1.99680416634069E-30));
#12794=DIRECTION('',(0.414501012405595,0.910048850729859,-2.24332319922225E-30));
#12795=DIRECTION('',(0.48915336753259,0.872197788939829,-1.7626110851032E-30));
#12796=DIRECTION('',(0.551829196019518,0.833957156225937,-2.1570415377137E-30));
#12797=DIRECTION('',(0.624395377430427,0.781108451268781,-1.88587060154398E-30));
#12798=DIRECTION('',(0.675899984992798,0.736993358373557,-1.7626110851032E-30));
#12799=DIRECTION('',(0.736858913569819,0.676046552755582,-1.49144014893348E-30));
#12800=DIRECTION('',(0.782166239404084,0.623069798607246,-1.42981039071308E-30));
#12801=DIRECTION('',(0.832261502130613,0.554383253779635,-1.3065508742723E-30));
#12802=DIRECTION('',(0.87324410533989,0.487283010671555,-1.18329135783152E-30));
#12803=DIRECTION('',(0.909442631437268,0.41582941228881,-9.73750179882187E-31));
#12804=DIRECTION('',(0.935857031406786,0.352379932411706,-7.95023881043051E-31));
#12805=DIRECTION('',(0.963174307921432,0.268877765090514,-6.10134606381876E-31));
#12806=DIRECTION('',(0.980939139592843,0.194315219205425,-4.65304674563956E-31));
#12807=DIRECTION('',(-8.12782412213793E-15,-1.,1.99680416634069E-30));
#12808=DIRECTION('center_axis',(-4.46116503290909E-46,1.99680416634069E-30,
1.));
#12809=DIRECTION('ref_axis',(2.2204460492503E-16,1.,-2.00296714216273E-30));
#12810=DIRECTION('',(1.,-2.2204460492503E-16,1.22464679914735E-16));
#12811=DIRECTION('center_axis',(-1.22464679914736E-16,1.03537993810258E-30,
1.));
#12812=DIRECTION('ref_axis',(1.,2.19824158875778E-14,1.22464679914736E-16));
#12813=DIRECTION('',(1.,-7.71076169881506E-15,1.83920423442632E-44));
#12814=DIRECTION('center_axis',(4.46116503290909E-46,-1.99680416634069E-30,
-1.));
#12815=DIRECTION('ref_axis',(0.707106781186548,-0.707106781186547,1.41748443906901E-30));
#12816=DIRECTION('',(-1.07630839612089E-14,-1.,1.99680416634069E-30));
#12817=DIRECTION('center_axis',(-4.46116503290909E-46,1.99680416634069E-30,
1.));
#12818=DIRECTION('ref_axis',(2.2204460492503E-16,1.,-2.00296714216273E-30));
#12819=DIRECTION('',(-1.,2.2204460492503E-16,-9.5928732762861E-46));
#12820=DIRECTION('center_axis',(4.46116503290909E-46,-1.99680416634069E-30,
-1.));
#12821=DIRECTION('ref_axis',(0.533003808584662,-0.846112841194509,1.70508997743083E-30));
#12822=DIRECTION('center_axis',(4.46116503290909E-46,-1.99680416634069E-30,
-1.));
#12823=DIRECTION('ref_axis',(1.,-2.2204460492503E-16,8.89906660322656E-46));
#12824=DIRECTION('center_axis',(4.46116503290909E-46,-1.99680416634069E-30,
-1.));
#12825=DIRECTION('ref_axis',(-0.533003808584662,-0.846112841194509,1.70508997743083E-30));
#12826=DIRECTION('',(1.,-2.2204460492503E-16,1.22464679914735E-16));
#12827=DIRECTION('center_axis',(-1.22464679914736E-16,1.03537993810258E-30,
1.));
#12828=DIRECTION('ref_axis',(1.,2.19824158875778E-14,1.22464679914736E-16));
#12829=DIRECTION('',(5.04847507321694E-15,-1.,3.00753220115511E-30));
#12830=DIRECTION('center_axis',(4.46116503290909E-46,-1.99680416634069E-30,
-1.));
#12831=DIRECTION('ref_axis',(-0.707106781186551,-0.707106781186544,1.39694118632887E-30));
#12832=DIRECTION('',(1.,-7.71076169881506E-15,1.83920423442632E-44));
#12833=DIRECTION('center_axis',(-4.46116503290909E-46,1.99680416634069E-30,
1.));
#12834=DIRECTION('ref_axis',(1.,-3.57491813929308E-14,7.26923578368513E-44));
#12835=DIRECTION('center_axis',(4.46116503290909E-46,-1.99680416634069E-30,
-1.));
#12836=DIRECTION('ref_axis',(1.13242748511766E-14,1.,-2.00296714216273E-30));
#12837=DIRECTION('',(9.43874983938409E-15,-1.,3.99360833268137E-30));
#12838=DIRECTION('center_axis',(5.10269499644763E-17,-1.01072803481442E-30,
-1.));
#12839=DIRECTION('ref_axis',(1.,7.17944222590937E-15,5.10269499644763E-17));
#12840=DIRECTION('center_axis',(-1.22471154175221E-16,-5.1028772931912E-17,
-1.));
#12841=DIRECTION('ref_axis',(7.17944222590935E-15,-1.,5.10287729319111E-17));
#12842=DIRECTION('',(2.73472508738264E-5,-0.999999999626064,1.84621199209227E-16));
#12843=DIRECTION('center_axis',(4.46116503290909E-46,-1.99680416634069E-30,
-1.));
#12844=DIRECTION('ref_axis',(0.707092277874151,0.707121284201476,-1.41748443906901E-30));
#12845=DIRECTION('',(0.999999999906512,1.36738906073747E-5,-3.25376836307609E-35));
#12846=DIRECTION('center_axis',(4.46116503290909E-46,-1.99680416634069E-30,
-1.));
#12847=DIRECTION('ref_axis',(-0.707111615620414,0.707101946719628,-1.40721281269894E-30));
#12848=DIRECTION('',(-6.21848502461435E-15,1.,-1.84627435443119E-16));
#12849=DIRECTION('center_axis',(-1.78906771645993E-31,-1.22464679914738E-16,
-1.));
#12850=DIRECTION('ref_axis',(-1.,-6.71684929898219E-15,1.00148357108138E-30));
#12851=DIRECTION('center_axis',(4.46116503290909E-46,-1.99680416634069E-30,
-1.));
#12852=DIRECTION('ref_axis',(-0.250863974471812,-0.968022348043787,1.93106575757227E-30));
#12853=DIRECTION('center_axis',(4.46116503290909E-46,-1.99680416634069E-30,
-1.));
#12854=DIRECTION('ref_axis',(1.,-2.2204460492503E-16,8.88395783140449E-46));
#12855=DIRECTION('center_axis',(4.46116503290909E-46,-1.99680416634069E-30,
-1.));
#12856=DIRECTION('ref_axis',(0.254160856985542,-0.967161960985012,1.9516090103124E-30));
#12857=DIRECTION('center_axis',(-1.22473109762458E-16,-7.1420171984974E-17,
-1.));
#12858=DIRECTION('ref_axis',(-4.94982353623404E-8,-0.999999999999999,7.14201780471767E-17));
#12859=DIRECTION('',(-4.94978752317742E-8,-0.999999999999999,1.66805248517083E-16));
#12860=DIRECTION('center_axis',(4.46116503290909E-46,-1.99680416634069E-30,
-1.));
#12861=DIRECTION('ref_axis',(0.707101964219903,0.707111598120378,-1.40721281269894E-30));
#12862=DIRECTION('',(0.999999999906512,1.36738906073747E-5,-3.25376836307609E-35));
#12863=DIRECTION('center_axis',(4.46116503290909E-46,-1.99680416634069E-30,
-1.));
#12864=DIRECTION('ref_axis',(-0.707111597142236,0.707101965198058,-1.41748443906901E-30));
#12865=DIRECTION('',(5.22645388953818E-8,0.999999999999999,-1.66812002956725E-16));
#12866=DIRECTION('center_axis',(-6.39918711412379E-24,-1.22437893418812E-16,
-1.));
#12867=DIRECTION('ref_axis',(-0.999999999999999,5.22645385211035E-8,2.71170935197797E-29));
#12868=DIRECTION('center_axis',(4.46116503290909E-46,-1.99680416634069E-30,
-1.));
#12869=DIRECTION('ref_axis',(-0.250780904818332,-0.96804387182529,1.9516090103124E-30));
#12870=DIRECTION('center_axis',(4.46116503290909E-46,-1.99680416634069E-30,
-1.));
#12871=DIRECTION('ref_axis',(1.,-2.2204460492503E-16,8.89906660322656E-46));
#12872=DIRECTION('center_axis',(4.46116503290909E-46,-1.99680416634069E-30,
-1.));
#12873=DIRECTION('ref_axis',(0.25421807721817,-0.967146922248888,1.93106575757227E-30));
#12874=DIRECTION('center_axis',(4.46116503290909E-46,-1.99680416634069E-30,
-1.));
#12875=DIRECTION('ref_axis',(7.6235314357594E-15,1.,-2.00296714216273E-30));
#12876=DIRECTION('',(6.66257423446449E-15,1.,-1.99680416634069E-30));
#12877=DIRECTION('center_axis',(4.46116503290909E-46,-1.99680416634069E-30,
-1.));
#12878=DIRECTION('ref_axis',(-0.707106781186554,-0.707106781186541,1.39694118632887E-30));
#12879=DIRECTION('',(-1.,7.71076169881506E-15,-1.83920423442632E-44));
#12880=DIRECTION('center_axis',(4.46116503290909E-46,-1.99680416634069E-30,
-1.));
#12881=DIRECTION('ref_axis',(0.707106781186551,-0.707106781186544,1.39694118632888E-30));
#12882=DIRECTION('',(-6.66257423446444E-15,-1.,3.00753220115511E-30));
#12883=DIRECTION('center_axis',(1.02053899928943E-16,-3.03218410444326E-30,
-1.));
#12884=DIRECTION('ref_axis',(1.,2.19824158875778E-14,1.02053899928943E-16));
#12885=DIRECTION('center_axis',(4.46116503290909E-46,-1.99680416634069E-30,
-1.));
#12886=DIRECTION('ref_axis',(0.254135089275113,0.967168732124406,-1.93106575757227E-30));
#12887=DIRECTION('center_axis',(4.46116503290909E-46,-1.99680416634069E-30,
-1.));
#12888=DIRECTION('ref_axis',(1.,-2.2204460492503E-16,8.89906660322656E-46));
#12889=DIRECTION('center_axis',(4.46116503290909E-46,-1.99680416634069E-30,
-1.));
#12890=DIRECTION('ref_axis',(-0.25086397447181,0.968022348043787,-1.93106575757227E-30));
#12891=DIRECTION('',(1.,-2.2204460492503E-16,9.5928732762861E-46));
#12892=DIRECTION('',(2.2204460492503E-16,1.,-1.99680416634069E-30));
#12893=DIRECTION('',(1.,-2.2204460492503E-16,9.5928732762861E-46));
#12894=DIRECTION('',(2.2204460492503E-16,1.,-1.99680416634069E-30));
#12895=DIRECTION('',(-1.,2.2204460492503E-16,-9.5928732762861E-46));
#12896=DIRECTION('',(2.2204460492503E-16,1.,-1.99680416634069E-30));
#12897=DIRECTION('',(1.,-2.2204460492503E-16,9.5928732762861E-46));
#12898=DIRECTION('',(2.2204460492503E-16,1.,-1.99680416634069E-30));
#12899=DIRECTION('',(-1.,2.2204460492503E-16,-9.5928732762861E-46));
#12900=DIRECTION('',(2.2204460492503E-16,1.,-1.99680416634069E-30));
#12901=DIRECTION('',(-1.,2.2204460492503E-16,-9.5928732762861E-46));
#12902=DIRECTION('',(-2.2204460492503E-16,-1.,1.99680416634069E-30));
#12903=DIRECTION('',(-1.,2.2204460492503E-16,-9.5928732762861E-46));
#12904=DIRECTION('',(-2.2204460492503E-16,-1.,1.99680416634069E-30));
#12905=DIRECTION('',(1.,-2.2204460492503E-16,9.5928732762861E-46));
#12906=DIRECTION('',(-2.2204460492503E-16,-1.,1.99680416634069E-30));
#12907=DIRECTION('',(-1.,2.2204460492503E-16,-9.5928732762861E-46));
#12908=DIRECTION('',(-2.2204460492503E-16,-1.,1.99680416634069E-30));
#12909=DIRECTION('',(1.,-2.2204460492503E-16,9.5928732762861E-46));
#12910=DIRECTION('',(-2.2204460492503E-16,-1.,1.99680416634069E-30));
#12911=DIRECTION('',(1.,-2.2204460492503E-16,9.5928732762861E-46));
#12912=DIRECTION('',(2.2204460492503E-16,1.,-1.99680416634069E-30));
#12913=DIRECTION('',(1.,-2.2204460492503E-16,9.5928732762861E-46));
#12914=DIRECTION('',(2.2204460492503E-16,1.,-1.99680416634069E-30));
#12915=DIRECTION('',(-1.,2.2204460492503E-16,-9.5928732762861E-46));
#12916=DIRECTION('',(2.2204460492503E-16,1.,-1.99680416634069E-30));
#12917=DIRECTION('',(1.,-2.2204460492503E-16,9.5928732762861E-46));
#12918=DIRECTION('',(2.2204460492503E-16,1.,-1.99680416634069E-30));
#12919=DIRECTION('',(-1.,2.2204460492503E-16,-9.5928732762861E-46));
#12920=DIRECTION('',(2.2204460492503E-16,1.,-1.99680416634069E-30));
#12921=DIRECTION('',(-1.,2.2204460492503E-16,-9.5928732762861E-46));
#12922=DIRECTION('',(-2.2204460492503E-16,-1.,1.99680416634069E-30));
#12923=DIRECTION('',(-1.,2.2204460492503E-16,-9.5928732762861E-46));
#12924=DIRECTION('',(-2.2204460492503E-16,-1.,1.99680416634069E-30));
#12925=DIRECTION('',(1.,-2.2204460492503E-16,9.5928732762861E-46));
#12926=DIRECTION('',(-2.2204460492503E-16,-1.,1.99680416634069E-30));
#12927=DIRECTION('',(-1.,2.2204460492503E-16,-9.5928732762861E-46));
#12928=DIRECTION('',(-2.2204460492503E-16,-1.,1.99680416634069E-30));
#12929=DIRECTION('',(1.,-2.2204460492503E-16,9.5928732762861E-46));
#12930=DIRECTION('',(-2.2204460492503E-16,-1.,1.99680416634069E-30));
#12931=DIRECTION('',(1.,-2.2204460492503E-16,9.5928732762861E-46));
#12932=DIRECTION('',(2.2204460492503E-16,1.,-1.99680416634069E-30));
#12933=DIRECTION('',(1.,-2.2204460492503E-16,9.5928732762861E-46));
#12934=DIRECTION('',(2.2204460492503E-16,1.,-1.99680416634069E-30));
#12935=DIRECTION('',(-1.,2.2204460492503E-16,-9.5928732762861E-46));
#12936=DIRECTION('',(2.2204460492503E-16,1.,-1.99680416634069E-30));
#12937=DIRECTION('',(1.,-2.2204460492503E-16,9.5928732762861E-46));
#12938=DIRECTION('',(2.2204460492503E-16,1.,-1.99680416634069E-30));
#12939=DIRECTION('',(-1.,2.2204460492503E-16,-9.5928732762861E-46));
#12940=DIRECTION('',(2.2204460492503E-16,1.,-1.99680416634069E-30));
#12941=DIRECTION('',(-1.,2.2204460492503E-16,-9.5928732762861E-46));
#12942=DIRECTION('',(-2.2204460492503E-16,-1.,1.99680416634069E-30));
#12943=DIRECTION('',(-1.,2.2204460492503E-16,-9.5928732762861E-46));
#12944=DIRECTION('',(-2.2204460492503E-16,-1.,1.99680416634069E-30));
#12945=DIRECTION('',(1.,-2.2204460492503E-16,9.5928732762861E-46));
#12946=DIRECTION('',(-2.2204460492503E-16,-1.,1.99680416634069E-30));
#12947=DIRECTION('',(-1.,2.2204460492503E-16,-9.5928732762861E-46));
#12948=DIRECTION('',(-2.2204460492503E-16,-1.,1.99680416634069E-30));
#12949=DIRECTION('',(1.,-2.2204460492503E-16,9.5928732762861E-46));
#12950=DIRECTION('',(-2.2204460492503E-16,-1.,1.99680416634069E-30));
#12951=DIRECTION('',(1.,-2.2204460492503E-16,9.5928732762861E-46));
#12952=DIRECTION('',(2.2204460492503E-16,1.,-1.99680416634069E-30));
#12953=DIRECTION('',(1.,-2.2204460492503E-16,9.5928732762861E-46));
#12954=DIRECTION('',(2.2204460492503E-16,1.,-1.99680416634069E-30));
#12955=DIRECTION('',(-1.,2.2204460492503E-16,-9.5928732762861E-46));
#12956=DIRECTION('',(2.2204460492503E-16,1.,-1.99680416634069E-30));
#12957=DIRECTION('',(1.,-2.2204460492503E-16,9.5928732762861E-46));
#12958=DIRECTION('',(2.2204460492503E-16,1.,-1.99680416634069E-30));
#12959=DIRECTION('',(-1.,2.2204460492503E-16,-9.5928732762861E-46));
#12960=DIRECTION('',(2.2204460492503E-16,1.,-1.99680416634069E-30));
#12961=DIRECTION('',(-1.,2.2204460492503E-16,-9.5928732762861E-46));
#12962=DIRECTION('',(-2.2204460492503E-16,-1.,1.99680416634069E-30));
#12963=DIRECTION('',(-1.,2.2204460492503E-16,-9.5928732762861E-46));
#12964=DIRECTION('',(-2.2204460492503E-16,-1.,1.99680416634069E-30));
#12965=DIRECTION('',(1.,-2.2204460492503E-16,9.5928732762861E-46));
#12966=DIRECTION('',(-2.2204460492503E-16,-1.,1.99680416634069E-30));
#12967=DIRECTION('',(-1.,2.2204460492503E-16,-9.5928732762861E-46));
#12968=DIRECTION('',(-2.2204460492503E-16,-1.,1.99680416634069E-30));
#12969=DIRECTION('',(1.,-2.2204460492503E-16,9.5928732762861E-46));
#12970=DIRECTION('',(-2.2204460492503E-16,-1.,1.99680416634069E-30));
#12971=DIRECTION('',(1.,-2.2204460492503E-16,9.5928732762861E-46));
#12972=DIRECTION('',(2.2204460492503E-16,1.,-1.99680416634069E-30));
#12973=DIRECTION('',(1.,-2.2204460492503E-16,9.5928732762861E-46));
#12974=DIRECTION('',(2.2204460492503E-16,1.,-1.99680416634069E-30));
#12975=DIRECTION('',(-1.,2.2204460492503E-16,-9.5928732762861E-46));
#12976=DIRECTION('',(2.2204460492503E-16,1.,-1.99680416634069E-30));
#12977=DIRECTION('',(1.,-2.2204460492503E-16,9.5928732762861E-46));
#12978=DIRECTION('',(2.2204460492503E-16,1.,-1.99680416634069E-30));
#12979=DIRECTION('',(-1.,2.2204460492503E-16,-9.5928732762861E-46));
#12980=DIRECTION('',(2.2204460492503E-16,1.,-1.99680416634069E-30));
#12981=DIRECTION('',(-1.,2.2204460492503E-16,-9.5928732762861E-46));
#12982=DIRECTION('',(-2.2204460492503E-16,-1.,1.99680416634069E-30));
#12983=DIRECTION('',(-1.,2.2204460492503E-16,-9.5928732762861E-46));
#12984=DIRECTION('',(-2.2204460492503E-16,-1.,1.99680416634069E-30));
#12985=DIRECTION('',(1.,-2.2204460492503E-16,9.5928732762861E-46));
#12986=DIRECTION('',(-2.2204460492503E-16,-1.,1.99680416634069E-30));
#12987=DIRECTION('',(-1.,2.2204460492503E-16,-9.5928732762861E-46));
#12988=DIRECTION('',(-2.2204460492503E-16,-1.,1.99680416634069E-30));
#12989=DIRECTION('',(1.,-2.2204460492503E-16,9.5928732762861E-46));
#12990=DIRECTION('',(-2.2204460492503E-16,-1.,1.99680416634069E-30));
#12991=DIRECTION('center_axis',(4.46116503290909E-46,-1.99680416634069E-30,
-1.));
#12992=DIRECTION('ref_axis',(1.,-2.2204460492503E-16,8.87328549534563E-46));
#12993=DIRECTION('',(1.,-2.2204460492503E-16,9.5928732762861E-46));
#12994=DIRECTION('',(2.2204460492503E-16,1.,-1.99680416634069E-30));
#12995=DIRECTION('',(1.,-2.2204460492503E-16,9.5928732762861E-46));
#12996=DIRECTION('',(2.2204460492503E-16,1.,-1.99680416634069E-30));
#12997=DIRECTION('',(-1.,2.2204460492503E-16,-9.5928732762861E-46));
#12998=DIRECTION('',(2.2204460492503E-16,1.,-1.99680416634069E-30));
#12999=DIRECTION('',(1.,-2.2204460492503E-16,9.5928732762861E-46));
#13000=DIRECTION('',(2.2204460492503E-16,1.,-1.99680416634069E-30));
#13001=DIRECTION('',(-1.,2.2204460492503E-16,-9.5928732762861E-46));
#13002=DIRECTION('',(2.2204460492503E-16,1.,-1.99680416634069E-30));
#13003=DIRECTION('',(-1.,2.2204460492503E-16,-9.5928732762861E-46));
#13004=DIRECTION('',(-2.2204460492503E-16,-1.,1.99680416634069E-30));
#13005=DIRECTION('',(-1.,2.2204460492503E-16,-9.5928732762861E-46));
#13006=DIRECTION('',(-2.2204460492503E-16,-1.,1.99680416634069E-30));
#13007=DIRECTION('',(1.,-2.2204460492503E-16,9.5928732762861E-46));
#13008=DIRECTION('',(-2.2204460492503E-16,-1.,1.99680416634069E-30));
#13009=DIRECTION('',(-1.,2.2204460492503E-16,-9.5928732762861E-46));
#13010=DIRECTION('',(-2.2204460492503E-16,-1.,1.99680416634069E-30));
#13011=DIRECTION('',(1.,-2.2204460492503E-16,9.5928732762861E-46));
#13012=DIRECTION('',(-2.2204460492503E-16,-1.,1.99680416634069E-30));
#13013=DIRECTION('center_axis',(-2.71926214689373E-32,-1.22464679914738E-16,
-1.));
#13014=DIRECTION('ref_axis',(1.,-2.2204460492503E-16,9.75900364823857E-46));
#13015=DIRECTION('',(1.,-2.2204460492503E-16,9.5928732762861E-46));
#13016=DIRECTION('',(2.2204460492503E-16,1.,-1.99680416634069E-30));
#13017=DIRECTION('',(1.,-2.2204460492503E-16,9.5928732762861E-46));
#13018=DIRECTION('',(2.2204460492503E-16,1.,-1.99680416634069E-30));
#13019=DIRECTION('',(-1.,2.2204460492503E-16,-9.5928732762861E-46));
#13020=DIRECTION('',(2.2204460492503E-16,1.,-1.99680416634069E-30));
#13021=DIRECTION('',(1.,-2.2204460492503E-16,9.5928732762861E-46));
#13022=DIRECTION('',(2.2204460492503E-16,1.,-1.99680416634069E-30));
#13023=DIRECTION('',(-1.,2.2204460492503E-16,-9.5928732762861E-46));
#13024=DIRECTION('',(2.2204460492503E-16,1.,-1.99680416634069E-30));
#13025=DIRECTION('',(-1.,2.2204460492503E-16,-9.5928732762861E-46));
#13026=DIRECTION('',(-2.2204460492503E-16,-1.,1.99680416634069E-30));
#13027=DIRECTION('',(-1.,2.2204460492503E-16,-9.5928732762861E-46));
#13028=DIRECTION('',(-2.2204460492503E-16,-1.,1.99680416634069E-30));
#13029=DIRECTION('',(1.,-2.2204460492503E-16,9.5928732762861E-46));
#13030=DIRECTION('',(-2.2204460492503E-16,-1.,1.99680416634069E-30));
#13031=DIRECTION('',(-1.,2.2204460492503E-16,-9.5928732762861E-46));
#13032=DIRECTION('',(-2.2204460492503E-16,-1.,1.99680416634069E-30));
#13033=DIRECTION('',(1.,-2.2204460492503E-16,9.5928732762861E-46));
#13034=DIRECTION('',(-2.2204460492503E-16,-1.,1.99680416634069E-30));
#13035=DIRECTION('',(1.,-2.2204460492503E-16,9.5928732762861E-46));
#13036=DIRECTION('',(2.2204460492503E-16,1.,-1.99680416634069E-30));
#13037=DIRECTION('',(1.,-2.2204460492503E-16,9.5928732762861E-46));
#13038=DIRECTION('',(2.2204460492503E-16,1.,-1.99680416634069E-30));
#13039=DIRECTION('',(-1.,2.2204460492503E-16,-9.5928732762861E-46));
#13040=DIRECTION('',(2.2204460492503E-16,1.,-1.99680416634069E-30));
#13041=DIRECTION('',(1.,-2.2204460492503E-16,9.5928732762861E-46));
#13042=DIRECTION('',(2.2204460492503E-16,1.,-1.99680416634069E-30));
#13043=DIRECTION('',(-1.,2.2204460492503E-16,-9.5928732762861E-46));
#13044=DIRECTION('',(2.2204460492503E-16,1.,-1.99680416634069E-30));
#13045=DIRECTION('',(-1.,2.2204460492503E-16,-9.5928732762861E-46));
#13046=DIRECTION('',(-2.2204460492503E-16,-1.,1.99680416634069E-30));
#13047=DIRECTION('',(-1.,2.2204460492503E-16,-9.5928732762861E-46));
#13048=DIRECTION('',(-2.2204460492503E-16,-1.,1.99680416634069E-30));
#13049=DIRECTION('',(1.,-2.2204460492503E-16,9.5928732762861E-46));
#13050=DIRECTION('',(-2.2204460492503E-16,-1.,1.99680416634069E-30));
#13051=DIRECTION('',(-1.,2.2204460492503E-16,-9.5928732762861E-46));
#13052=DIRECTION('',(-2.2204460492503E-16,-1.,1.99680416634069E-30));
#13053=DIRECTION('',(1.,-2.2204460492503E-16,9.5928732762861E-46));
#13054=DIRECTION('',(-2.2204460492503E-16,-1.,1.99680416634069E-30));
#13055=DIRECTION('',(1.,-2.2204460492503E-16,9.5928732762861E-46));
#13056=DIRECTION('',(2.2204460492503E-16,1.,-1.99680416634069E-30));
#13057=DIRECTION('',(1.,-2.2204460492503E-16,9.5928732762861E-46));
#13058=DIRECTION('',(2.2204460492503E-16,1.,-1.99680416634069E-30));
#13059=DIRECTION('',(-1.,2.2204460492503E-16,-9.5928732762861E-46));
#13060=DIRECTION('',(2.2204460492503E-16,1.,-1.99680416634069E-30));
#13061=DIRECTION('',(1.,-2.2204460492503E-16,9.5928732762861E-46));
#13062=DIRECTION('',(2.2204460492503E-16,1.,-1.99680416634069E-30));
#13063=DIRECTION('',(-1.,2.2204460492503E-16,-9.5928732762861E-46));
#13064=DIRECTION('',(2.2204460492503E-16,1.,-1.99680416634069E-30));
#13065=DIRECTION('',(-1.,2.2204460492503E-16,-9.5928732762861E-46));
#13066=DIRECTION('',(-2.2204460492503E-16,-1.,1.99680416634069E-30));
#13067=DIRECTION('',(-1.,2.2204460492503E-16,-9.5928732762861E-46));
#13068=DIRECTION('',(-2.2204460492503E-16,-1.,1.99680416634069E-30));
#13069=DIRECTION('',(1.,-2.2204460492503E-16,9.5928732762861E-46));
#13070=DIRECTION('',(-2.2204460492503E-16,-1.,1.99680416634069E-30));
#13071=DIRECTION('',(-1.,2.2204460492503E-16,-9.5928732762861E-46));
#13072=DIRECTION('',(-2.2204460492503E-16,-1.,1.99680416634069E-30));
#13073=DIRECTION('',(1.,-2.2204460492503E-16,9.5928732762861E-46));
#13074=DIRECTION('',(-2.2204460492503E-16,-1.,1.99680416634069E-30));
#13075=DIRECTION('',(1.,-2.2204460492503E-16,9.5928732762861E-46));
#13076=DIRECTION('',(2.2204460492503E-16,1.,-1.99680416634069E-30));
#13077=DIRECTION('',(1.,-2.2204460492503E-16,9.5928732762861E-46));
#13078=DIRECTION('',(2.2204460492503E-16,1.,-1.99680416634069E-30));
#13079=DIRECTION('',(-1.,2.2204460492503E-16,-9.5928732762861E-46));
#13080=DIRECTION('',(2.2204460492503E-16,1.,-1.99680416634069E-30));
#13081=DIRECTION('',(1.,-2.2204460492503E-16,9.5928732762861E-46));
#13082=DIRECTION('',(2.2204460492503E-16,1.,-1.99680416634069E-30));
#13083=DIRECTION('',(-1.,2.2204460492503E-16,-9.5928732762861E-46));
#13084=DIRECTION('',(2.2204460492503E-16,1.,-1.99680416634069E-30));
#13085=DIRECTION('',(-1.,2.2204460492503E-16,-9.5928732762861E-46));
#13086=DIRECTION('',(-2.2204460492503E-16,-1.,1.99680416634069E-30));
#13087=DIRECTION('',(-1.,2.2204460492503E-16,-9.5928732762861E-46));
#13088=DIRECTION('',(-2.2204460492503E-16,-1.,1.99680416634069E-30));
#13089=DIRECTION('',(1.,-2.2204460492503E-16,9.5928732762861E-46));
#13090=DIRECTION('',(-2.2204460492503E-16,-1.,1.99680416634069E-30));
#13091=DIRECTION('',(-1.,2.2204460492503E-16,-9.5928732762861E-46));
#13092=DIRECTION('',(-2.2204460492503E-16,-1.,1.99680416634069E-30));
#13093=DIRECTION('',(1.,-2.2204460492503E-16,9.5928732762861E-46));
#13094=DIRECTION('',(-2.2204460492503E-16,-1.,1.99680416634069E-30));
#13095=DIRECTION('',(1.,-2.2204460492503E-16,9.5928732762861E-46));
#13096=DIRECTION('',(2.2204460492503E-16,1.,-1.99680416634069E-30));
#13097=DIRECTION('',(1.,-2.2204460492503E-16,9.5928732762861E-46));
#13098=DIRECTION('',(2.2204460492503E-16,1.,-1.99680416634069E-30));
#13099=DIRECTION('',(-1.,2.2204460492503E-16,-9.5928732762861E-46));
#13100=DIRECTION('',(2.2204460492503E-16,1.,-1.99680416634069E-30));
#13101=DIRECTION('',(1.,-2.2204460492503E-16,9.5928732762861E-46));
#13102=DIRECTION('',(2.2204460492503E-16,1.,-1.99680416634069E-30));
#13103=DIRECTION('',(-1.,2.2204460492503E-16,-9.5928732762861E-46));
#13104=DIRECTION('',(2.2204460492503E-16,1.,-1.99680416634069E-30));
#13105=DIRECTION('',(-1.,2.2204460492503E-16,-9.5928732762861E-46));
#13106=DIRECTION('',(-2.2204460492503E-16,-1.,1.99680416634069E-30));
#13107=DIRECTION('',(-1.,2.2204460492503E-16,-9.5928732762861E-46));
#13108=DIRECTION('',(-2.2204460492503E-16,-1.,1.99680416634069E-30));
#13109=DIRECTION('',(1.,-2.2204460492503E-16,9.5928732762861E-46));
#13110=DIRECTION('',(-2.2204460492503E-16,-1.,1.99680416634069E-30));
#13111=DIRECTION('',(-1.,2.2204460492503E-16,-9.5928732762861E-46));
#13112=DIRECTION('',(-2.2204460492503E-16,-1.,1.99680416634069E-30));
#13113=DIRECTION('',(1.,-2.2204460492503E-16,9.5928732762861E-46));
#13114=DIRECTION('',(-2.2204460492503E-16,-1.,1.99680416634069E-30));
#13115=DIRECTION('',(1.,-2.2204460492503E-16,9.5928732762861E-46));
#13116=DIRECTION('',(2.2204460492503E-16,1.,-1.99680416634069E-30));
#13117=DIRECTION('',(1.,-2.2204460492503E-16,9.5928732762861E-46));
#13118=DIRECTION('',(2.2204460492503E-16,1.,-1.99680416634069E-30));
#13119=DIRECTION('',(-1.,2.2204460492503E-16,-9.5928732762861E-46));
#13120=DIRECTION('',(2.2204460492503E-16,1.,-1.99680416634069E-30));
#13121=DIRECTION('',(1.,-2.2204460492503E-16,9.5928732762861E-46));
#13122=DIRECTION('',(2.2204460492503E-16,1.,-1.99680416634069E-30));
#13123=DIRECTION('',(-1.,2.2204460492503E-16,-9.5928732762861E-46));
#13124=DIRECTION('',(2.2204460492503E-16,1.,-1.99680416634069E-30));
#13125=DIRECTION('',(-1.,2.2204460492503E-16,-9.5928732762861E-46));
#13126=DIRECTION('',(-2.2204460492503E-16,-1.,1.99680416634069E-30));
#13127=DIRECTION('',(-1.,2.2204460492503E-16,-9.5928732762861E-46));
#13128=DIRECTION('',(-2.2204460492503E-16,-1.,1.99680416634069E-30));
#13129=DIRECTION('',(1.,-2.2204460492503E-16,9.5928732762861E-46));
#13130=DIRECTION('',(-2.2204460492503E-16,-1.,1.99680416634069E-30));
#13131=DIRECTION('',(-1.,2.2204460492503E-16,-9.5928732762861E-46));
#13132=DIRECTION('',(-2.2204460492503E-16,-1.,1.99680416634069E-30));
#13133=DIRECTION('',(1.,-2.2204460492503E-16,9.5928732762861E-46));
#13134=DIRECTION('',(-2.2204460492503E-16,-1.,1.99680416634069E-30));
#13135=DIRECTION('',(1.,-2.2204460492503E-16,9.5928732762861E-46));
#13136=DIRECTION('',(2.2204460492503E-16,1.,-1.99680416634069E-30));
#13137=DIRECTION('',(1.,-2.2204460492503E-16,9.5928732762861E-46));
#13138=DIRECTION('',(2.2204460492503E-16,1.,-1.99680416634069E-30));
#13139=DIRECTION('',(-1.,2.2204460492503E-16,-9.5928732762861E-46));
#13140=DIRECTION('',(2.2204460492503E-16,1.,-1.99680416634069E-30));
#13141=DIRECTION('',(1.,-2.2204460492503E-16,9.5928732762861E-46));
#13142=DIRECTION('',(2.2204460492503E-16,1.,-1.99680416634069E-30));
#13143=DIRECTION('',(-1.,2.2204460492503E-16,-9.5928732762861E-46));
#13144=DIRECTION('',(2.2204460492503E-16,1.,-1.99680416634069E-30));
#13145=DIRECTION('',(-1.,2.2204460492503E-16,-9.5928732762861E-46));
#13146=DIRECTION('',(-2.2204460492503E-16,-1.,1.99680416634069E-30));
#13147=DIRECTION('',(-1.,2.2204460492503E-16,-9.5928732762861E-46));
#13148=DIRECTION('',(-2.2204460492503E-16,-1.,1.99680416634069E-30));
#13149=DIRECTION('',(1.,-2.2204460492503E-16,9.5928732762861E-46));
#13150=DIRECTION('',(-2.2204460492503E-16,-1.,1.99680416634069E-30));
#13151=DIRECTION('',(-1.,2.2204460492503E-16,-9.5928732762861E-46));
#13152=DIRECTION('',(-2.2204460492503E-16,-1.,1.99680416634069E-30));
#13153=DIRECTION('',(1.,-2.2204460492503E-16,9.5928732762861E-46));
#13154=DIRECTION('',(-2.2204460492503E-16,-1.,1.99680416634069E-30));
#13155=DIRECTION('',(1.,-2.2204460492503E-16,9.5928732762861E-46));
#13156=DIRECTION('',(2.2204460492503E-16,1.,-1.99680416634069E-30));
#13157=DIRECTION('',(1.,-2.2204460492503E-16,9.5928732762861E-46));
#13158=DIRECTION('',(2.2204460492503E-16,1.,-1.99680416634069E-30));
#13159=DIRECTION('',(-1.,2.2204460492503E-16,-9.5928732762861E-46));
#13160=DIRECTION('',(2.2204460492503E-16,1.,-1.99680416634069E-30));
#13161=DIRECTION('',(1.,-2.2204460492503E-16,9.5928732762861E-46));
#13162=DIRECTION('',(2.2204460492503E-16,1.,-1.99680416634069E-30));
#13163=DIRECTION('',(-1.,2.2204460492503E-16,-9.5928732762861E-46));
#13164=DIRECTION('',(2.2204460492503E-16,1.,-1.99680416634069E-30));
#13165=DIRECTION('',(-1.,2.2204460492503E-16,-9.5928732762861E-46));
#13166=DIRECTION('',(-2.2204460492503E-16,-1.,1.99680416634069E-30));
#13167=DIRECTION('',(-1.,2.2204460492503E-16,-9.5928732762861E-46));
#13168=DIRECTION('',(-2.2204460492503E-16,-1.,1.99680416634069E-30));
#13169=DIRECTION('',(1.,-2.2204460492503E-16,9.5928732762861E-46));
#13170=DIRECTION('',(-2.2204460492503E-16,-1.,1.99680416634069E-30));
#13171=DIRECTION('',(-1.,2.2204460492503E-16,-9.5928732762861E-46));
#13172=DIRECTION('',(-2.2204460492503E-16,-1.,1.99680416634069E-30));
#13173=DIRECTION('',(1.,-2.2204460492503E-16,9.5928732762861E-46));
#13174=DIRECTION('',(-2.2204460492503E-16,-1.,1.99680416634069E-30));
#13175=DIRECTION('center_axis',(4.46116503290909E-46,-1.99680416634069E-30,
-1.));
#13176=DIRECTION('ref_axis',(1.,-2.2204460492503E-16,8.87328549534563E-46));
#13177=DIRECTION('',(1.,-2.2204460492503E-16,9.5928732762861E-46));
#13178=DIRECTION('',(2.2204460492503E-16,1.,-1.99680416634069E-30));
#13179=DIRECTION('',(1.,-2.2204460492503E-16,9.5928732762861E-46));
#13180=DIRECTION('',(2.2204460492503E-16,1.,-1.99680416634069E-30));
#13181=DIRECTION('',(-1.,2.2204460492503E-16,-9.5928732762861E-46));
#13182=DIRECTION('',(2.2204460492503E-16,1.,-1.99680416634069E-30));
#13183=DIRECTION('',(1.,-2.2204460492503E-16,9.5928732762861E-46));
#13184=DIRECTION('',(2.2204460492503E-16,1.,-1.99680416634069E-30));
#13185=DIRECTION('',(-1.,2.2204460492503E-16,-9.5928732762861E-46));
#13186=DIRECTION('',(2.2204460492503E-16,1.,-1.99680416634069E-30));
#13187=DIRECTION('',(-1.,2.2204460492503E-16,-9.5928732762861E-46));
#13188=DIRECTION('',(-2.2204460492503E-16,-1.,1.99680416634069E-30));
#13189=DIRECTION('',(-1.,2.2204460492503E-16,-9.5928732762861E-46));
#13190=DIRECTION('',(-2.2204460492503E-16,-1.,1.99680416634069E-30));
#13191=DIRECTION('',(1.,-2.2204460492503E-16,9.5928732762861E-46));
#13192=DIRECTION('',(-2.2204460492503E-16,-1.,1.99680416634069E-30));
#13193=DIRECTION('',(-1.,2.2204460492503E-16,-9.5928732762861E-46));
#13194=DIRECTION('',(-2.2204460492503E-16,-1.,1.99680416634069E-30));
#13195=DIRECTION('',(1.,-2.2204460492503E-16,9.5928732762861E-46));
#13196=DIRECTION('',(-2.2204460492503E-16,-1.,1.99680416634069E-30));
#13197=DIRECTION('',(1.,-2.2204460492503E-16,9.5928732762861E-46));
#13198=DIRECTION('',(2.2204460492503E-16,1.,-1.99680416634069E-30));
#13199=DIRECTION('',(1.,-2.2204460492503E-16,9.5928732762861E-46));
#13200=DIRECTION('',(2.2204460492503E-16,1.,-1.99680416634069E-30));
#13201=DIRECTION('',(-1.,2.2204460492503E-16,-9.5928732762861E-46));
#13202=DIRECTION('',(2.2204460492503E-16,1.,-1.99680416634069E-30));
#13203=DIRECTION('',(1.,-2.2204460492503E-16,9.5928732762861E-46));
#13204=DIRECTION('',(2.2204460492503E-16,1.,-1.99680416634069E-30));
#13205=DIRECTION('',(-1.,2.2204460492503E-16,-9.5928732762861E-46));
#13206=DIRECTION('',(2.2204460492503E-16,1.,-1.99680416634069E-30));
#13207=DIRECTION('',(-1.,2.2204460492503E-16,-9.5928732762861E-46));
#13208=DIRECTION('',(-2.2204460492503E-16,-1.,1.99680416634069E-30));
#13209=DIRECTION('',(-1.,2.2204460492503E-16,-9.5928732762861E-46));
#13210=DIRECTION('',(-2.2204460492503E-16,-1.,1.99680416634069E-30));
#13211=DIRECTION('',(1.,-2.2204460492503E-16,9.5928732762861E-46));
#13212=DIRECTION('',(-2.2204460492503E-16,-1.,1.99680416634069E-30));
#13213=DIRECTION('',(-1.,2.2204460492503E-16,-9.5928732762861E-46));
#13214=DIRECTION('',(-2.2204460492503E-16,-1.,1.99680416634069E-30));
#13215=DIRECTION('',(1.,-2.2204460492503E-16,9.5928732762861E-46));
#13216=DIRECTION('',(-2.2204460492503E-16,-1.,1.99680416634069E-30));
#13217=DIRECTION('',(1.,-2.2204460492503E-16,9.5928732762861E-46));
#13218=DIRECTION('',(2.2204460492503E-16,1.,-1.99680416634069E-30));
#13219=DIRECTION('',(1.,-2.2204460492503E-16,9.5928732762861E-46));
#13220=DIRECTION('',(2.2204460492503E-16,1.,-1.99680416634069E-30));
#13221=DIRECTION('',(-1.,2.2204460492503E-16,-9.5928732762861E-46));
#13222=DIRECTION('',(2.2204460492503E-16,1.,-1.99680416634069E-30));
#13223=DIRECTION('',(1.,-2.2204460492503E-16,9.5928732762861E-46));
#13224=DIRECTION('',(2.2204460492503E-16,1.,-1.99680416634069E-30));
#13225=DIRECTION('',(-1.,2.2204460492503E-16,-9.5928732762861E-46));
#13226=DIRECTION('',(2.2204460492503E-16,1.,-1.99680416634069E-30));
#13227=DIRECTION('',(-1.,2.2204460492503E-16,-9.5928732762861E-46));
#13228=DIRECTION('',(-2.2204460492503E-16,-1.,1.99680416634069E-30));
#13229=DIRECTION('',(-1.,2.2204460492503E-16,-9.5928732762861E-46));
#13230=DIRECTION('',(-2.2204460492503E-16,-1.,1.99680416634069E-30));
#13231=DIRECTION('',(1.,-2.2204460492503E-16,9.5928732762861E-46));
#13232=DIRECTION('',(-2.2204460492503E-16,-1.,1.99680416634069E-30));
#13233=DIRECTION('',(-1.,2.2204460492503E-16,-9.5928732762861E-46));
#13234=DIRECTION('',(-2.2204460492503E-16,-1.,1.99680416634069E-30));
#13235=DIRECTION('',(1.,-2.2204460492503E-16,9.5928732762861E-46));
#13236=DIRECTION('',(-2.2204460492503E-16,-1.,1.99680416634069E-30));
#13237=DIRECTION('',(1.,-2.2204460492503E-16,9.5928732762861E-46));
#13238=DIRECTION('',(2.2204460492503E-16,1.,-1.99680416634069E-30));
#13239=DIRECTION('',(1.,-2.2204460492503E-16,9.5928732762861E-46));
#13240=DIRECTION('',(2.2204460492503E-16,1.,-1.99680416634069E-30));
#13241=DIRECTION('',(-1.,2.2204460492503E-16,-9.5928732762861E-46));
#13242=DIRECTION('',(2.2204460492503E-16,1.,-1.99680416634069E-30));
#13243=DIRECTION('',(1.,-2.2204460492503E-16,9.5928732762861E-46));
#13244=DIRECTION('',(2.2204460492503E-16,1.,-1.99680416634069E-30));
#13245=DIRECTION('',(-1.,2.2204460492503E-16,-9.5928732762861E-46));
#13246=DIRECTION('',(2.2204460492503E-16,1.,-1.99680416634069E-30));
#13247=DIRECTION('',(-1.,2.2204460492503E-16,-9.5928732762861E-46));
#13248=DIRECTION('',(-2.2204460492503E-16,-1.,1.99680416634069E-30));
#13249=DIRECTION('',(-1.,2.2204460492503E-16,-9.5928732762861E-46));
#13250=DIRECTION('',(-2.2204460492503E-16,-1.,1.99680416634069E-30));
#13251=DIRECTION('',(1.,-2.2204460492503E-16,9.5928732762861E-46));
#13252=DIRECTION('',(-2.2204460492503E-16,-1.,1.99680416634069E-30));
#13253=DIRECTION('',(-1.,2.2204460492503E-16,-9.5928732762861E-46));
#13254=DIRECTION('',(-2.2204460492503E-16,-1.,1.99680416634069E-30));
#13255=DIRECTION('',(1.,-2.2204460492503E-16,9.5928732762861E-46));
#13256=DIRECTION('',(-2.2204460492503E-16,-1.,1.99680416634069E-30));
#13257=DIRECTION('center_axis',(-2.71926214689373E-32,-1.22464679914738E-16,
-1.));
#13258=DIRECTION('ref_axis',(1.,-2.2204460492503E-16,9.75900364823857E-46));
#13259=DIRECTION('center_axis',(-1.499759782662E-32,-1.224646799147E-16,
1.));
#13260=DIRECTION('ref_axis',(-0.533003808584662,-0.846112841194509,-1.03618938268603E-16));
#13261=DIRECTION('',(-1.499759782662E-32,-1.224646799147E-16,1.));
#13262=DIRECTION('',(1.499759782662E-32,1.224646799147E-16,-1.));
#13263=DIRECTION('center_axis',(-1.499759782662E-32,-1.224646799147E-16,
1.));
#13264=DIRECTION('ref_axis',(1.,-2.2204460492503E-16,-1.21950236423098E-32));
#13265=DIRECTION('',(1.499759782662E-32,1.224646799147E-16,-1.));
#13266=DIRECTION('center_axis',(-1.499759782662E-32,-1.224646799147E-16,
1.));
#13267=DIRECTION('ref_axis',(0.533003808584662,-0.846112841194509,-1.03618938268603E-16));
#13268=DIRECTION('',(-1.499759782662E-32,-1.224646799147E-16,1.));
#13269=DIRECTION('center_axis',(2.2204460492503E-16,1.,1.224646799147E-16));
#13270=DIRECTION('ref_axis',(-1.,2.2204460492503E-16,-9.57918872097043E-46));
#13271=DIRECTION('',(-1.499759782662E-32,-1.224646799147E-16,1.));
#13272=DIRECTION('center_axis',(-1.499759782662E-32,-1.224646799147E-16,
1.));
#13273=DIRECTION('ref_axis',(-0.25086397447181,0.968022348043787,1.18548547003459E-16));
#13274=DIRECTION('',(-1.499759782662E-32,-1.224646799147E-16,1.));
#13275=DIRECTION('',(1.499759782662E-32,1.224646799147E-16,-1.));
#13276=DIRECTION('center_axis',(-1.499759782662E-32,-1.224646799147E-16,
1.));
#13277=DIRECTION('ref_axis',(1.,-2.2204460492503E-16,-1.21950236423098E-32));
#13278=DIRECTION('',(1.499759782662E-32,1.224646799147E-16,-1.));
#13279=DIRECTION('center_axis',(1.499759782662E-32,1.224646799147E-16,-1.));
#13280=DIRECTION('ref_axis',(0.254135089275113,0.967168732124406,1.18444009203122E-16));
#13281=DIRECTION('',(-1.499759782662E-32,-1.224646799147E-16,1.));
#13282=DIRECTION('center_axis',(-1.499759782662E-32,-1.224646799147E-16,
1.));
#13283=DIRECTION('ref_axis',(-0.707106781186551,-0.707106781186544,-8.65956056235239E-17));
#13284=DIRECTION('',(-1.499759782662E-32,-1.224646799147E-16,1.));
#13285=DIRECTION('',(1.499759782662E-32,1.224646799147E-16,-1.));
#13286=DIRECTION('center_axis',(1.,5.04847507321694E-15,6.33257481725474E-31));
#13287=DIRECTION('ref_axis',(-5.04847507321694E-15,1.,-3.00445071324409E-30));
#13288=DIRECTION('',(-1.499759782662E-32,-1.224646799147E-16,1.));
#13289=DIRECTION('center_axis',(-1.499759782662E-32,-1.224646799147E-16,
1.));
#13290=DIRECTION('ref_axis',(0.707106781186551,-0.707106781186544,-8.65956056235239E-17));
#13291=DIRECTION('',(-1.499759782662E-32,-1.224646799147E-16,1.));
#13292=DIRECTION('',(1.499759782662E-32,1.224646799147E-16,-1.));
#13293=DIRECTION('center_axis',(7.71076169881506E-15,1.,1.224646799147E-16));
#13294=DIRECTION('ref_axis',(-1.,7.71076169881506E-15,-1.82825659017378E-44));
#13295=DIRECTION('',(1.499759782662E-32,1.224646799147E-16,-1.));
#13296=DIRECTION('center_axis',(-1.499759782662E-32,-1.224646799147E-16,
1.));
#13297=DIRECTION('ref_axis',(-0.707106781186554,-0.707106781186541,-8.65956056235236E-17));
#13298=DIRECTION('',(-1.499759782662E-32,-1.224646799147E-16,1.));
#13299=DIRECTION('center_axis',(1.,-6.66257423446449E-15,-8.00932423205001E-31));
#13300=DIRECTION('ref_axis',(6.66257423446449E-15,1.,-2.00296714216273E-30));
#13301=DIRECTION('',(-1.499759782662E-32,-1.224646799147E-16,1.));
#13302=DIRECTION('center_axis',(-1.499759782662E-32,-1.224646799147E-16,
1.));
#13303=DIRECTION('ref_axis',(0.707106781186548,-0.707106781186547,-8.65956056235243E-17));
#13304=DIRECTION('',(-1.499759782662E-32,-1.224646799147E-16,1.));
#13305=DIRECTION('',(1.499759782662E-32,1.224646799147E-16,-1.));
#13306=DIRECTION('center_axis',(7.71076169881506E-15,1.,1.224646799147E-16));
#13307=DIRECTION('ref_axis',(-1.,7.71076169881506E-15,-1.82825659017378E-44));
#13308=DIRECTION('center_axis',(-1.499759782662E-32,-1.224646799147E-16,
1.));
#13309=DIRECTION('ref_axis',(-0.533003808584662,0.846112841194509,1.03618938268603E-16));
#13310=DIRECTION('',(-1.499759782662E-32,-1.224646799147E-16,1.));
#13311=DIRECTION('',(1.499759782662E-32,1.224646799147E-16,-1.));
#13312=DIRECTION('center_axis',(-2.2204460492503E-16,-1.,-1.224646799147E-16));
#13313=DIRECTION('ref_axis',(1.,-2.2204460492503E-16,-1.58594839637792E-16));
#13314=DIRECTION('',(-1.499759782662E-32,-1.224646799147E-16,1.));
#13315=DIRECTION('center_axis',(-1.499759782662E-32,-1.224646799147E-16,
1.));
#13316=DIRECTION('ref_axis',(0.25421807721817,-0.967146922248888,-1.18441338263697E-16));
#13317=DIRECTION('',(-1.499759782662E-32,-1.224646799147E-16,1.));
#13318=DIRECTION('',(1.499759782662E-32,1.224646799147E-16,-1.));
#13319=DIRECTION('center_axis',(-1.499759782662E-32,-1.224646799147E-16,
1.));
#13320=DIRECTION('ref_axis',(1.,-2.2204460492503E-16,-1.21950236423098E-32));
#13321=DIRECTION('',(1.499759782662E-32,1.224646799147E-16,-1.));
#13322=DIRECTION('center_axis',(1.499759782662E-32,1.224646799147E-16,-1.));
#13323=DIRECTION('ref_axis',(-0.250780904818332,-0.96804387182529,-1.18551182906471E-16));
#13324=DIRECTION('',(-1.499759782662E-32,-1.224646799147E-16,1.));
#13325=DIRECTION('center_axis',(-1.499759782662E-32,-1.224646799147E-16,
1.));
#13326=DIRECTION('ref_axis',(0.533003808584662,0.846112841194509,1.03618938268603E-16));
#13327=DIRECTION('',(-1.499759782662E-32,-1.224646799147E-16,1.));
#13328=DIRECTION('',(1.499759782662E-32,1.224646799147E-16,-1.));
#13329=DIRECTION('center_axis',(-1.499759782662E-32,-1.224646799147E-16,
1.));
#13330=DIRECTION('ref_axis',(1.,-2.2204460492503E-16,-1.21950236423098E-32));
#13331=DIRECTION('center_axis',(-1.499759782662E-32,-1.224646799147E-16,
1.));
#13332=DIRECTION('ref_axis',(0.707097112219669,0.707116450021215,8.6596789714267E-17));
#13333=DIRECTION('',(-1.499759782662E-32,-1.224646799147E-16,1.));
#13334=DIRECTION('',(1.499759782662E-32,1.224646799147E-16,-1.));
#13335=DIRECTION('center_axis',(-0.999999999906512,-1.36738906068652E-5,
-1.67456863637337E-21));
#13336=DIRECTION('ref_axis',(1.36738906068652E-5,-0.999999999906512,1.22450304471498E-16));
#13337=DIRECTION('',(-1.499759782662E-32,-1.224646799147E-16,1.));
#13338=DIRECTION('center_axis',(-1.499759782662E-32,-1.224646799147E-16,
1.));
#13339=DIRECTION('ref_axis',(-0.707116450021215,0.707097112219669,8.65944215165905E-17));
#13340=DIRECTION('',(-1.499759782662E-32,-1.224646799147E-16,1.));
#13341=DIRECTION('',(1.499759782662E-32,1.224646799147E-16,-1.));
#13342=DIRECTION('center_axis',(1.36738906073747E-5,-0.999999999906512,
-1.22464679903251E-16));
#13343=DIRECTION('ref_axis',(0.999999999906512,1.36738906073747E-5,-3.26787429528596E-35));
#13344=DIRECTION('',(-1.499759782662E-32,-1.224646799147E-16,1.));
#13345=DIRECTION('center_axis',(-1.499759782662E-32,-1.224646799147E-16,
1.));
#13346=DIRECTION('ref_axis',(0.707101964219903,0.707111598120378,8.65961955277841E-17));
#13347=DIRECTION('',(-1.499759782662E-32,-1.224646799147E-16,1.));
#13348=DIRECTION('',(1.499759782662E-32,1.224646799147E-16,-1.));
#13349=DIRECTION('center_axis',(-0.999999999999999,4.94978752317742E-8,
6.06174143171938E-24));
#13350=DIRECTION('ref_axis',(-4.94978752317742E-8,-0.999999999999999,1.66805248517083E-16));
#13351=DIRECTION('',(-1.499759782662E-32,-1.224646799147E-16,1.));
#13352=DIRECTION('center_axis',(-1.499759782662E-32,-1.224646799147E-16,
1.));
#13353=DIRECTION('ref_axis',(-0.707111597142236,0.707101965198058,8.65950158350355E-17));
#13354=DIRECTION('',(-1.499759782662E-32,-1.224646799147E-16,1.));
#13355=DIRECTION('',(1.499759782662E-32,1.224646799147E-16,-1.));
#13356=DIRECTION('center_axis',(1.36738906073747E-5,-0.999999999906512,
-1.22464679903251E-16));
#13357=DIRECTION('ref_axis',(0.999999999906512,1.36738906073747E-5,-3.26787429528596E-35));
#13358=DIRECTION('center_axis',(-1.499759782662E-32,-1.224646799147E-16,
1.));
#13359=DIRECTION('ref_axis',(0.707101946719633,0.707111615620409,8.65961976709198E-17));
#13360=DIRECTION('',(-1.499759782662E-32,-1.224646799147E-16,1.));
#13361=DIRECTION('',(1.499759782662E-32,1.224646799147E-16,-1.));
#13362=DIRECTION('center_axis',(-1.,-7.68373491228795E-15,-9.55983734409369E-31));
#13363=DIRECTION('ref_axis',(7.68373491228795E-15,-1.,1.22464679914738E-16));
#13364=DIRECTION('',(-1.499759782662E-32,-1.224646799147E-16,1.));
#13365=DIRECTION('center_axis',(-1.499759782662E-32,-1.224646799147E-16,
1.));
#13366=DIRECTION('ref_axis',(-0.707111615620414,0.707101946719628,8.65950135720804E-17));
#13367=DIRECTION('',(-1.499759782662E-32,-1.224646799147E-16,1.));
#13368=DIRECTION('',(1.499759782662E-32,1.224646799147E-16,-1.));
#13369=DIRECTION('center_axis',(1.36738906073747E-5,-0.999999999906512,
-1.22464679903251E-16));
#13370=DIRECTION('ref_axis',(0.999999999906512,1.36738906073747E-5,-3.26787429528596E-35));
#13371=DIRECTION('',(1.499759782662E-32,1.224646799147E-16,-1.));
#13372=DIRECTION('center_axis',(-1.499759782662E-32,-1.224646799147E-16,
1.));
#13373=DIRECTION('ref_axis',(-0.707121284224753,0.707092277850873,8.65938294771632E-17));
#13374=DIRECTION('',(-1.499759782662E-32,-1.224646799147E-16,1.));
#13375=DIRECTION('',(1.499759782662E-32,1.224646799147E-16,-1.));
#13376=DIRECTION('center_axis',(1.36738906073747E-5,-0.999999999906512,
-1.22464679903251E-16));
#13377=DIRECTION('ref_axis',(0.999999999906512,1.36738906073747E-5,-3.26787429528596E-35));
#13378=DIRECTION('center_axis',(-1.499759782662E-32,-1.224646799147E-16,
1.));
#13379=DIRECTION('ref_axis',(0.707092277874151,0.707121284201476,8.65973817306054E-17));
#13380=DIRECTION('',(-1.499759782662E-32,-1.224646799147E-16,1.));
#13381=DIRECTION('center_axis',(-0.999999999626064,-2.73472508738264E-5,
-3.34907232482515E-21));
#13382=DIRECTION('ref_axis',(2.73472508738264E-5,-0.999999999626064,1.84621199209227E-16));
#13383=DIRECTION('',(-1.499759782662E-32,-1.224646799147E-16,1.));
#13384=DIRECTION('center_axis',(-1.499759782662E-32,-1.224646799147E-16,
1.));
#13385=DIRECTION('ref_axis',(0.254160856985542,-0.967161960985012,-1.18443179977703E-16));
#13386=DIRECTION('',(-1.499759782662E-32,-1.224646799147E-16,1.));
#13387=DIRECTION('',(1.499759782662E-32,1.224646799147E-16,-1.));
#13388=DIRECTION('center_axis',(-1.499759782662E-32,-1.224646799147E-16,
1.));
#13389=DIRECTION('ref_axis',(1.,-2.2204460492503E-16,-1.21950236423098E-32));
#13390=DIRECTION('',(1.499759782662E-32,1.224646799147E-16,-1.));
#13391=DIRECTION('center_axis',(1.499759782662E-32,1.224646799147E-16,-1.));
#13392=DIRECTION('ref_axis',(-0.250863974471812,-0.968022348043787,-1.18548547003459E-16));
#13393=DIRECTION('',(-1.499759782662E-32,-1.224646799147E-16,1.));
#13394=DIRECTION('center_axis',(-1.499759782662E-32,-1.224646799147E-16,
1.));
#13395=DIRECTION('ref_axis',(0.533003808584662,0.846112841194509,1.03618938268603E-16));
#13396=DIRECTION('',(-1.499759782662E-32,-1.224646799147E-16,1.));
#13397=DIRECTION('',(1.499759782662E-32,1.224646799147E-16,-1.));
#13398=DIRECTION('center_axis',(-1.499759782662E-32,-1.224646799147E-16,
1.));
#13399=DIRECTION('ref_axis',(1.,-2.2204460492503E-16,-1.21950236423098E-32));
#13400=DIRECTION('',(1.499759782662E-32,1.224646799147E-16,-1.));
#13401=DIRECTION('center_axis',(-1.499759782662E-32,-1.224646799147E-16,
1.));
#13402=DIRECTION('ref_axis',(-0.533003808584662,0.846112841194509,1.03618938268603E-16));
#13403=DIRECTION('',(-1.499759782662E-32,-1.224646799147E-16,1.));
#13404=DIRECTION('center_axis',(-2.2204460492503E-16,-1.,-1.224646799147E-16));
#13405=DIRECTION('ref_axis',(1.,-2.2204460492503E-16,-1.73048084927909E-16));
#13406=DIRECTION('',(-1.499759782662E-32,-1.224646799147E-16,1.));
#13407=DIRECTION('center_axis',(1.,6.21848502461436E-15,7.76542375920373E-31));
#13408=DIRECTION('ref_axis',(-6.21848502461436E-15,1.,-1.84627435443119E-16));
#13409=DIRECTION('',(-1.499759782662E-32,-1.224646799147E-16,1.));
#13410=DIRECTION('center_axis',(-1.499759782662E-32,-1.224646799147E-16,
1.));
#13411=DIRECTION('ref_axis',(-1.,-6.71684929898219E-15,-8.37574397261751E-31));
#13412=DIRECTION('center_axis',(-1.499759782662E-32,-1.224646799147E-16,
1.));
#13413=DIRECTION('ref_axis',(7.17944222590935E-15,-1.,-1.224646799147E-16));
#13414=DIRECTION('center_axis',(0.999999999999999,-5.22645388953819E-8,
-6.40056001171473E-24));
#13415=DIRECTION('ref_axis',(5.22645388953819E-8,0.999999999999999,-1.66812002956725E-16));
#13416=DIRECTION('',(-1.499759782662E-32,-1.224646799147E-16,1.));
#13417=DIRECTION('center_axis',(-1.499759782662E-32,-1.224646799147E-16,
1.));
#13418=DIRECTION('ref_axis',(-0.999999999999999,5.22645385211035E-8,6.40055996587885E-24));
#13419=DIRECTION('center_axis',(-1.499759782662E-32,-1.224646799147E-16,
1.));
#13420=DIRECTION('ref_axis',(-4.94982353623404E-8,-0.999999999999999,-1.224646799147E-16));
#13421=DIRECTION('center_axis',(-1.499759782662E-32,-1.224646799147E-16,
1.));
#13422=DIRECTION('ref_axis',(1.,-2.2204460492503E-16,-1.21950236423098E-32));
#13423=DIRECTION('',(-1.499759782662E-32,-1.224646799147E-16,1.));
#13424=DIRECTION('center_axis',(1.,-2.2204460492503E-16,-1.21950236423098E-32));
#13425=DIRECTION('ref_axis',(2.2204460492503E-16,1.,-2.00296714216273E-30));
#13426=DIRECTION('',(-1.499759782662E-32,-1.224646799147E-16,1.));
#13427=DIRECTION('',(-1.499759782662E-32,-1.224646799147E-16,1.));
#13428=DIRECTION('center_axis',(-2.2204460492503E-16,-1.,-1.224646799147E-16));
#13429=DIRECTION('ref_axis',(1.,-2.2204460492503E-16,9.57918872097043E-46));
#13430=DIRECTION('',(-1.499759782662E-32,-1.224646799147E-16,1.));
#13431=DIRECTION('center_axis',(1.,-2.2204460492503E-16,-1.21950236423098E-32));
#13432=DIRECTION('ref_axis',(2.2204460492503E-16,1.,-2.00296714216273E-30));
#13433=DIRECTION('',(-1.499759782662E-32,-1.224646799147E-16,1.));
#13434=DIRECTION('center_axis',(2.2204460492503E-16,1.,1.224646799147E-16));
#13435=DIRECTION('ref_axis',(-1.,2.2204460492503E-16,-9.57918872097043E-46));
#13436=DIRECTION('',(-1.499759782662E-32,-1.224646799147E-16,1.));
#13437=DIRECTION('center_axis',(1.,-2.2204460492503E-16,-1.21950236423098E-32));
#13438=DIRECTION('ref_axis',(2.2204460492503E-16,1.,-2.00296714216273E-30));
#13439=DIRECTION('',(-1.499759782662E-32,-1.224646799147E-16,1.));
#13440=DIRECTION('center_axis',(-2.2204460492503E-16,-1.,-1.224646799147E-16));
#13441=DIRECTION('ref_axis',(1.,-2.2204460492503E-16,9.57918872097043E-46));
#13442=DIRECTION('',(-1.499759782662E-32,-1.224646799147E-16,1.));
#13443=DIRECTION('center_axis',(1.,-2.2204460492503E-16,-1.21950236423098E-32));
#13444=DIRECTION('ref_axis',(2.2204460492503E-16,1.,-2.00296714216273E-30));
#13445=DIRECTION('',(-1.499759782662E-32,-1.224646799147E-16,1.));
#13446=DIRECTION('center_axis',(2.2204460492503E-16,1.,1.224646799147E-16));
#13447=DIRECTION('ref_axis',(-1.,2.2204460492503E-16,-9.57918872097043E-46));
#13448=DIRECTION('',(-1.499759782662E-32,-1.224646799147E-16,1.));
#13449=DIRECTION('center_axis',(1.,-2.2204460492503E-16,-1.21950236423098E-32));
#13450=DIRECTION('ref_axis',(2.2204460492503E-16,1.,-2.00296714216273E-30));
#13451=DIRECTION('',(-1.499759782662E-32,-1.224646799147E-16,1.));
#13452=DIRECTION('center_axis',(2.2204460492503E-16,1.,1.224646799147E-16));
#13453=DIRECTION('ref_axis',(-1.,2.2204460492503E-16,-9.57918872097043E-46));
#13454=DIRECTION('',(-1.499759782662E-32,-1.224646799147E-16,1.));
#13455=DIRECTION('center_axis',(-1.,2.2204460492503E-16,1.21950236423098E-32));
#13456=DIRECTION('ref_axis',(-2.2204460492503E-16,-1.,2.00296714216273E-30));
#13457=DIRECTION('',(-1.499759782662E-32,-1.224646799147E-16,1.));
#13458=DIRECTION('center_axis',(2.2204460492503E-16,1.,1.224646799147E-16));
#13459=DIRECTION('ref_axis',(-1.,2.2204460492503E-16,-9.57918872097043E-46));
#13460=DIRECTION('',(-1.499759782662E-32,-1.224646799147E-16,1.));
#13461=DIRECTION('center_axis',(-1.,2.2204460492503E-16,1.21950236423098E-32));
#13462=DIRECTION('ref_axis',(-2.2204460492503E-16,-1.,2.00296714216273E-30));
#13463=DIRECTION('',(-1.499759782662E-32,-1.224646799147E-16,1.));
#13464=DIRECTION('center_axis',(-2.2204460492503E-16,-1.,-1.224646799147E-16));
#13465=DIRECTION('ref_axis',(1.,-2.2204460492503E-16,9.57918872097043E-46));
#13466=DIRECTION('',(-1.499759782662E-32,-1.224646799147E-16,1.));
#13467=DIRECTION('center_axis',(-1.,2.2204460492503E-16,1.21950236423098E-32));
#13468=DIRECTION('ref_axis',(-2.2204460492503E-16,-1.,2.00296714216273E-30));
#13469=DIRECTION('',(-1.499759782662E-32,-1.224646799147E-16,1.));
#13470=DIRECTION('center_axis',(2.2204460492503E-16,1.,1.224646799147E-16));
#13471=DIRECTION('ref_axis',(-1.,2.2204460492503E-16,-9.57918872097043E-46));
#13472=DIRECTION('',(-1.499759782662E-32,-1.224646799147E-16,1.));
#13473=DIRECTION('center_axis',(-1.,2.2204460492503E-16,1.21950236423098E-32));
#13474=DIRECTION('ref_axis',(-2.2204460492503E-16,-1.,2.00296714216273E-30));
#13475=DIRECTION('',(-1.499759782662E-32,-1.224646799147E-16,1.));
#13476=DIRECTION('center_axis',(-2.2204460492503E-16,-1.,-1.224646799147E-16));
#13477=DIRECTION('ref_axis',(1.,-2.2204460492503E-16,9.57918872097043E-46));
#13478=DIRECTION('',(-1.499759782662E-32,-1.224646799147E-16,1.));
#13479=DIRECTION('center_axis',(-1.,2.2204460492503E-16,1.21950236423098E-32));
#13480=DIRECTION('ref_axis',(-2.2204460492503E-16,-1.,2.00296714216273E-30));
#13481=DIRECTION('',(-1.499759782662E-32,-1.224646799147E-16,1.));
#13482=DIRECTION('center_axis',(-2.2204460492503E-16,-1.,-1.224646799147E-16));
#13483=DIRECTION('ref_axis',(1.,-2.2204460492503E-16,9.57918872097043E-46));
#13484=DIRECTION('center_axis',(1.,-2.2204460492503E-16,-1.21950236423098E-32));
#13485=DIRECTION('ref_axis',(2.2204460492503E-16,1.,-2.00296714216273E-30));
#13486=DIRECTION('',(-1.499759782662E-32,-1.224646799147E-16,1.));
#13487=DIRECTION('',(-1.499759782662E-32,-1.224646799147E-16,1.));
#13488=DIRECTION('center_axis',(-2.2204460492503E-16,-1.,-1.224646799147E-16));
#13489=DIRECTION('ref_axis',(1.,-2.2204460492503E-16,9.57918872097043E-46));
#13490=DIRECTION('',(-1.499759782662E-32,-1.224646799147E-16,1.));
#13491=DIRECTION('center_axis',(1.,-2.2204460492503E-16,-1.21950236423098E-32));
#13492=DIRECTION('ref_axis',(2.2204460492503E-16,1.,-2.00296714216273E-30));
#13493=DIRECTION('',(-1.499759782662E-32,-1.224646799147E-16,1.));
#13494=DIRECTION('center_axis',(2.2204460492503E-16,1.,1.224646799147E-16));
#13495=DIRECTION('ref_axis',(-1.,2.2204460492503E-16,-9.57918872097043E-46));
#13496=DIRECTION('',(-1.499759782662E-32,-1.224646799147E-16,1.));
#13497=DIRECTION('center_axis',(1.,-2.2204460492503E-16,-1.21950236423098E-32));
#13498=DIRECTION('ref_axis',(2.2204460492503E-16,1.,-2.00296714216273E-30));
#13499=DIRECTION('',(-1.499759782662E-32,-1.224646799147E-16,1.));
#13500=DIRECTION('center_axis',(-2.2204460492503E-16,-1.,-1.224646799147E-16));
#13501=DIRECTION('ref_axis',(1.,-2.2204460492503E-16,9.57918872097043E-46));
#13502=DIRECTION('',(-1.499759782662E-32,-1.224646799147E-16,1.));
#13503=DIRECTION('center_axis',(1.,-2.2204460492503E-16,-1.21950236423098E-32));
#13504=DIRECTION('ref_axis',(2.2204460492503E-16,1.,-2.00296714216273E-30));
#13505=DIRECTION('',(-1.499759782662E-32,-1.224646799147E-16,1.));
#13506=DIRECTION('center_axis',(2.2204460492503E-16,1.,1.224646799147E-16));
#13507=DIRECTION('ref_axis',(-1.,2.2204460492503E-16,-9.57918872097043E-46));
#13508=DIRECTION('',(-1.499759782662E-32,-1.224646799147E-16,1.));
#13509=DIRECTION('center_axis',(1.,-2.2204460492503E-16,-1.21950236423098E-32));
#13510=DIRECTION('ref_axis',(2.2204460492503E-16,1.,-2.00296714216273E-30));
#13511=DIRECTION('',(-1.499759782662E-32,-1.224646799147E-16,1.));
#13512=DIRECTION('center_axis',(2.2204460492503E-16,1.,1.224646799147E-16));
#13513=DIRECTION('ref_axis',(-1.,2.2204460492503E-16,-9.57918872097043E-46));
#13514=DIRECTION('',(-1.499759782662E-32,-1.224646799147E-16,1.));
#13515=DIRECTION('center_axis',(-1.,2.2204460492503E-16,1.21950236423098E-32));
#13516=DIRECTION('ref_axis',(-2.2204460492503E-16,-1.,2.00296714216273E-30));
#13517=DIRECTION('',(-1.499759782662E-32,-1.224646799147E-16,1.));
#13518=DIRECTION('center_axis',(2.2204460492503E-16,1.,1.224646799147E-16));
#13519=DIRECTION('ref_axis',(-1.,2.2204460492503E-16,-9.57918872097043E-46));
#13520=DIRECTION('',(-1.499759782662E-32,-1.224646799147E-16,1.));
#13521=DIRECTION('center_axis',(-1.,2.2204460492503E-16,1.21950236423098E-32));
#13522=DIRECTION('ref_axis',(-2.2204460492503E-16,-1.,2.00296714216273E-30));
#13523=DIRECTION('',(-1.499759782662E-32,-1.224646799147E-16,1.));
#13524=DIRECTION('center_axis',(-2.2204460492503E-16,-1.,-1.224646799147E-16));
#13525=DIRECTION('ref_axis',(1.,-2.2204460492503E-16,9.57918872097043E-46));
#13526=DIRECTION('',(-1.499759782662E-32,-1.224646799147E-16,1.));
#13527=DIRECTION('center_axis',(-1.,2.2204460492503E-16,1.21950236423098E-32));
#13528=DIRECTION('ref_axis',(-2.2204460492503E-16,-1.,2.00296714216273E-30));
#13529=DIRECTION('',(-1.499759782662E-32,-1.224646799147E-16,1.));
#13530=DIRECTION('center_axis',(2.2204460492503E-16,1.,1.224646799147E-16));
#13531=DIRECTION('ref_axis',(-1.,2.2204460492503E-16,-9.57918872097043E-46));
#13532=DIRECTION('',(-1.499759782662E-32,-1.224646799147E-16,1.));
#13533=DIRECTION('center_axis',(-1.,2.2204460492503E-16,1.21950236423098E-32));
#13534=DIRECTION('ref_axis',(-2.2204460492503E-16,-1.,2.00296714216273E-30));
#13535=DIRECTION('',(-1.499759782662E-32,-1.224646799147E-16,1.));
#13536=DIRECTION('center_axis',(-2.2204460492503E-16,-1.,-1.224646799147E-16));
#13537=DIRECTION('ref_axis',(1.,-2.2204460492503E-16,9.57918872097043E-46));
#13538=DIRECTION('',(-1.499759782662E-32,-1.224646799147E-16,1.));
#13539=DIRECTION('center_axis',(-1.,2.2204460492503E-16,1.21950236423098E-32));
#13540=DIRECTION('ref_axis',(-2.2204460492503E-16,-1.,2.00296714216273E-30));
#13541=DIRECTION('',(-1.499759782662E-32,-1.224646799147E-16,1.));
#13542=DIRECTION('center_axis',(-2.2204460492503E-16,-1.,-1.224646799147E-16));
#13543=DIRECTION('ref_axis',(1.,-2.2204460492503E-16,9.57918872097043E-46));
#13544=DIRECTION('center_axis',(1.,-2.2204460492503E-16,-1.21950236423098E-32));
#13545=DIRECTION('ref_axis',(2.2204460492503E-16,1.,-2.00296714216273E-30));
#13546=DIRECTION('',(-1.499759782662E-32,-1.224646799147E-16,1.));
#13547=DIRECTION('',(-1.499759782662E-32,-1.224646799147E-16,1.));
#13548=DIRECTION('center_axis',(-2.2204460492503E-16,-1.,-1.224646799147E-16));
#13549=DIRECTION('ref_axis',(1.,-2.2204460492503E-16,9.57918872097043E-46));
#13550=DIRECTION('',(-1.499759782662E-32,-1.224646799147E-16,1.));
#13551=DIRECTION('center_axis',(1.,-2.2204460492503E-16,-1.21950236423098E-32));
#13552=DIRECTION('ref_axis',(2.2204460492503E-16,1.,-2.00296714216273E-30));
#13553=DIRECTION('',(-1.499759782662E-32,-1.224646799147E-16,1.));
#13554=DIRECTION('center_axis',(2.2204460492503E-16,1.,1.224646799147E-16));
#13555=DIRECTION('ref_axis',(-1.,2.2204460492503E-16,-9.57918872097043E-46));
#13556=DIRECTION('',(-1.499759782662E-32,-1.224646799147E-16,1.));
#13557=DIRECTION('center_axis',(1.,-2.2204460492503E-16,-1.21950236423098E-32));
#13558=DIRECTION('ref_axis',(2.2204460492503E-16,1.,-2.00296714216273E-30));
#13559=DIRECTION('',(-1.499759782662E-32,-1.224646799147E-16,1.));
#13560=DIRECTION('center_axis',(-2.2204460492503E-16,-1.,-1.224646799147E-16));
#13561=DIRECTION('ref_axis',(1.,-2.2204460492503E-16,9.57918872097043E-46));
#13562=DIRECTION('',(-1.499759782662E-32,-1.224646799147E-16,1.));
#13563=DIRECTION('center_axis',(1.,-2.2204460492503E-16,-1.21950236423098E-32));
#13564=DIRECTION('ref_axis',(2.2204460492503E-16,1.,-2.00296714216273E-30));
#13565=DIRECTION('',(-1.499759782662E-32,-1.224646799147E-16,1.));
#13566=DIRECTION('center_axis',(2.2204460492503E-16,1.,1.224646799147E-16));
#13567=DIRECTION('ref_axis',(-1.,2.2204460492503E-16,-9.57918872097043E-46));
#13568=DIRECTION('',(-1.499759782662E-32,-1.224646799147E-16,1.));
#13569=DIRECTION('center_axis',(1.,-2.2204460492503E-16,-1.21950236423098E-32));
#13570=DIRECTION('ref_axis',(2.2204460492503E-16,1.,-2.00296714216273E-30));
#13571=DIRECTION('',(-1.499759782662E-32,-1.224646799147E-16,1.));
#13572=DIRECTION('center_axis',(2.2204460492503E-16,1.,1.224646799147E-16));
#13573=DIRECTION('ref_axis',(-1.,2.2204460492503E-16,-9.57918872097043E-46));
#13574=DIRECTION('',(-1.499759782662E-32,-1.224646799147E-16,1.));
#13575=DIRECTION('center_axis',(-1.,2.2204460492503E-16,1.21950236423098E-32));
#13576=DIRECTION('ref_axis',(-2.2204460492503E-16,-1.,2.00296714216273E-30));
#13577=DIRECTION('',(-1.499759782662E-32,-1.224646799147E-16,1.));
#13578=DIRECTION('center_axis',(2.2204460492503E-16,1.,1.224646799147E-16));
#13579=DIRECTION('ref_axis',(-1.,2.2204460492503E-16,-9.57918872097043E-46));
#13580=DIRECTION('',(-1.499759782662E-32,-1.224646799147E-16,1.));
#13581=DIRECTION('center_axis',(-1.,2.2204460492503E-16,1.21950236423098E-32));
#13582=DIRECTION('ref_axis',(-2.2204460492503E-16,-1.,2.00296714216273E-30));
#13583=DIRECTION('',(-1.499759782662E-32,-1.224646799147E-16,1.));
#13584=DIRECTION('center_axis',(-2.2204460492503E-16,-1.,-1.224646799147E-16));
#13585=DIRECTION('ref_axis',(1.,-2.2204460492503E-16,9.57918872097043E-46));
#13586=DIRECTION('',(-1.499759782662E-32,-1.224646799147E-16,1.));
#13587=DIRECTION('center_axis',(-1.,2.2204460492503E-16,1.21950236423098E-32));
#13588=DIRECTION('ref_axis',(-2.2204460492503E-16,-1.,2.00296714216273E-30));
#13589=DIRECTION('',(-1.499759782662E-32,-1.224646799147E-16,1.));
#13590=DIRECTION('center_axis',(2.2204460492503E-16,1.,1.224646799147E-16));
#13591=DIRECTION('ref_axis',(-1.,2.2204460492503E-16,-9.57918872097043E-46));
#13592=DIRECTION('',(-1.499759782662E-32,-1.224646799147E-16,1.));
#13593=DIRECTION('center_axis',(-1.,2.2204460492503E-16,1.21950236423098E-32));
#13594=DIRECTION('ref_axis',(-2.2204460492503E-16,-1.,2.00296714216273E-30));
#13595=DIRECTION('',(-1.499759782662E-32,-1.224646799147E-16,1.));
#13596=DIRECTION('center_axis',(-2.2204460492503E-16,-1.,-1.224646799147E-16));
#13597=DIRECTION('ref_axis',(1.,-2.2204460492503E-16,9.57918872097043E-46));
#13598=DIRECTION('',(-1.499759782662E-32,-1.224646799147E-16,1.));
#13599=DIRECTION('center_axis',(-1.,2.2204460492503E-16,1.21950236423098E-32));
#13600=DIRECTION('ref_axis',(-2.2204460492503E-16,-1.,2.00296714216273E-30));
#13601=DIRECTION('',(-1.499759782662E-32,-1.224646799147E-16,1.));
#13602=DIRECTION('center_axis',(-2.2204460492503E-16,-1.,-1.224646799147E-16));
#13603=DIRECTION('ref_axis',(1.,-2.2204460492503E-16,9.57918872097043E-46));
#13604=DIRECTION('center_axis',(1.,-2.2204460492503E-16,-1.21950236423098E-32));
#13605=DIRECTION('ref_axis',(2.2204460492503E-16,1.,-2.00296714216273E-30));
#13606=DIRECTION('',(-1.499759782662E-32,-1.224646799147E-16,1.));
#13607=DIRECTION('',(-1.499759782662E-32,-1.224646799147E-16,1.));
#13608=DIRECTION('center_axis',(-2.2204460492503E-16,-1.,-1.224646799147E-16));
#13609=DIRECTION('ref_axis',(1.,-2.2204460492503E-16,9.57918872097043E-46));
#13610=DIRECTION('',(-1.499759782662E-32,-1.224646799147E-16,1.));
#13611=DIRECTION('center_axis',(1.,-2.2204460492503E-16,-1.21950236423098E-32));
#13612=DIRECTION('ref_axis',(2.2204460492503E-16,1.,-2.00296714216273E-30));
#13613=DIRECTION('',(-1.499759782662E-32,-1.224646799147E-16,1.));
#13614=DIRECTION('center_axis',(2.2204460492503E-16,1.,1.224646799147E-16));
#13615=DIRECTION('ref_axis',(-1.,2.2204460492503E-16,-9.57918872097043E-46));
#13616=DIRECTION('',(-1.499759782662E-32,-1.224646799147E-16,1.));
#13617=DIRECTION('center_axis',(1.,-2.2204460492503E-16,-1.21950236423098E-32));
#13618=DIRECTION('ref_axis',(2.2204460492503E-16,1.,-2.00296714216273E-30));
#13619=DIRECTION('',(-1.499759782662E-32,-1.224646799147E-16,1.));
#13620=DIRECTION('center_axis',(-2.2204460492503E-16,-1.,-1.224646799147E-16));
#13621=DIRECTION('ref_axis',(1.,-2.2204460492503E-16,9.57918872097043E-46));
#13622=DIRECTION('',(-1.499759782662E-32,-1.224646799147E-16,1.));
#13623=DIRECTION('center_axis',(1.,-2.2204460492503E-16,-1.21950236423098E-32));
#13624=DIRECTION('ref_axis',(2.2204460492503E-16,1.,-2.00296714216273E-30));
#13625=DIRECTION('',(-1.499759782662E-32,-1.224646799147E-16,1.));
#13626=DIRECTION('center_axis',(2.2204460492503E-16,1.,1.224646799147E-16));
#13627=DIRECTION('ref_axis',(-1.,2.2204460492503E-16,-9.57918872097043E-46));
#13628=DIRECTION('',(-1.499759782662E-32,-1.224646799147E-16,1.));
#13629=DIRECTION('center_axis',(1.,-2.2204460492503E-16,-1.21950236423098E-32));
#13630=DIRECTION('ref_axis',(2.2204460492503E-16,1.,-2.00296714216273E-30));
#13631=DIRECTION('',(-1.499759782662E-32,-1.224646799147E-16,1.));
#13632=DIRECTION('center_axis',(2.2204460492503E-16,1.,1.224646799147E-16));
#13633=DIRECTION('ref_axis',(-1.,2.2204460492503E-16,-9.57918872097043E-46));
#13634=DIRECTION('',(-1.499759782662E-32,-1.224646799147E-16,1.));
#13635=DIRECTION('center_axis',(-1.,2.2204460492503E-16,1.21950236423098E-32));
#13636=DIRECTION('ref_axis',(-2.2204460492503E-16,-1.,2.00296714216273E-30));
#13637=DIRECTION('',(-1.499759782662E-32,-1.224646799147E-16,1.));
#13638=DIRECTION('center_axis',(2.2204460492503E-16,1.,1.224646799147E-16));
#13639=DIRECTION('ref_axis',(-1.,2.2204460492503E-16,-9.57918872097043E-46));
#13640=DIRECTION('',(-1.499759782662E-32,-1.224646799147E-16,1.));
#13641=DIRECTION('center_axis',(-1.,2.2204460492503E-16,1.21950236423098E-32));
#13642=DIRECTION('ref_axis',(-2.2204460492503E-16,-1.,2.00296714216273E-30));
#13643=DIRECTION('',(-1.499759782662E-32,-1.224646799147E-16,1.));
#13644=DIRECTION('center_axis',(-2.2204460492503E-16,-1.,-1.224646799147E-16));
#13645=DIRECTION('ref_axis',(1.,-2.2204460492503E-16,9.57918872097043E-46));
#13646=DIRECTION('',(-1.499759782662E-32,-1.224646799147E-16,1.));
#13647=DIRECTION('center_axis',(-1.,2.2204460492503E-16,1.21950236423098E-32));
#13648=DIRECTION('ref_axis',(-2.2204460492503E-16,-1.,2.00296714216273E-30));
#13649=DIRECTION('',(-1.499759782662E-32,-1.224646799147E-16,1.));
#13650=DIRECTION('center_axis',(2.2204460492503E-16,1.,1.224646799147E-16));
#13651=DIRECTION('ref_axis',(-1.,2.2204460492503E-16,-9.57918872097043E-46));
#13652=DIRECTION('',(-1.499759782662E-32,-1.224646799147E-16,1.));
#13653=DIRECTION('center_axis',(-1.,2.2204460492503E-16,1.21950236423098E-32));
#13654=DIRECTION('ref_axis',(-2.2204460492503E-16,-1.,2.00296714216273E-30));
#13655=DIRECTION('',(-1.499759782662E-32,-1.224646799147E-16,1.));
#13656=DIRECTION('center_axis',(-2.2204460492503E-16,-1.,-1.224646799147E-16));
#13657=DIRECTION('ref_axis',(1.,-2.2204460492503E-16,9.57918872097043E-46));
#13658=DIRECTION('',(-1.499759782662E-32,-1.224646799147E-16,1.));
#13659=DIRECTION('center_axis',(-1.,2.2204460492503E-16,1.21950236423098E-32));
#13660=DIRECTION('ref_axis',(-2.2204460492503E-16,-1.,2.00296714216273E-30));
#13661=DIRECTION('',(-1.499759782662E-32,-1.224646799147E-16,1.));
#13662=DIRECTION('center_axis',(-2.2204460492503E-16,-1.,-1.224646799147E-16));
#13663=DIRECTION('ref_axis',(1.,-2.2204460492503E-16,9.57918872097043E-46));
#13664=DIRECTION('center_axis',(-1.499759782662E-32,-1.224646799147E-16,
1.));
#13665=DIRECTION('ref_axis',(1.,2.19824158875778E-14,2.70706712325065E-30));
#13666=DIRECTION('',(-1.499759782662E-32,-1.224646799147E-16,1.));
#13667=DIRECTION('center_axis',(-1.499759782662E-32,-1.224646799147E-16,
1.));
#13668=DIRECTION('ref_axis',(7.6235314357594E-15,1.,1.224646799147E-16));
#13669=DIRECTION('center_axis',(-1.,6.66257423446444E-15,8.00932423204995E-31));
#13670=DIRECTION('ref_axis',(-6.66257423446444E-15,-1.,3.00445071324409E-30));
#13671=DIRECTION('center_axis',(-1.499759782662E-32,-1.224646799147E-16,
1.));
#13672=DIRECTION('ref_axis',(1.,-2.2204460492503E-16,-1.21950236423098E-32));
#13673=DIRECTION('',(-1.499759782662E-32,-1.224646799147E-16,1.));
#13674=DIRECTION('center_axis',(1.,-2.2204460492503E-16,-1.21950236423098E-32));
#13675=DIRECTION('ref_axis',(2.2204460492503E-16,1.,-2.00296714216273E-30));
#13676=DIRECTION('',(-1.499759782662E-32,-1.224646799147E-16,1.));
#13677=DIRECTION('',(-1.499759782662E-32,-1.224646799147E-16,1.));
#13678=DIRECTION('center_axis',(-2.2204460492503E-16,-1.,-1.224646799147E-16));
#13679=DIRECTION('ref_axis',(1.,-2.2204460492503E-16,9.57918872097043E-46));
#13680=DIRECTION('',(-1.499759782662E-32,-1.224646799147E-16,1.));
#13681=DIRECTION('center_axis',(1.,-2.2204460492503E-16,-1.21950236423098E-32));
#13682=DIRECTION('ref_axis',(2.2204460492503E-16,1.,-2.00296714216273E-30));
#13683=DIRECTION('',(-1.499759782662E-32,-1.224646799147E-16,1.));
#13684=DIRECTION('center_axis',(2.2204460492503E-16,1.,1.224646799147E-16));
#13685=DIRECTION('ref_axis',(-1.,2.2204460492503E-16,-9.57918872097043E-46));
#13686=DIRECTION('',(-1.499759782662E-32,-1.224646799147E-16,1.));
#13687=DIRECTION('center_axis',(1.,-2.2204460492503E-16,-1.21950236423098E-32));
#13688=DIRECTION('ref_axis',(2.2204460492503E-16,1.,-2.00296714216273E-30));
#13689=DIRECTION('',(-1.499759782662E-32,-1.224646799147E-16,1.));
#13690=DIRECTION('center_axis',(-2.2204460492503E-16,-1.,-1.224646799147E-16));
#13691=DIRECTION('ref_axis',(1.,-2.2204460492503E-16,9.57918872097043E-46));
#13692=DIRECTION('',(-1.499759782662E-32,-1.224646799147E-16,1.));
#13693=DIRECTION('center_axis',(1.,-2.2204460492503E-16,-1.21950236423098E-32));
#13694=DIRECTION('ref_axis',(2.2204460492503E-16,1.,-2.00296714216273E-30));
#13695=DIRECTION('',(-1.499759782662E-32,-1.224646799147E-16,1.));
#13696=DIRECTION('center_axis',(2.2204460492503E-16,1.,1.224646799147E-16));
#13697=DIRECTION('ref_axis',(-1.,2.2204460492503E-16,-9.57918872097043E-46));
#13698=DIRECTION('',(-1.499759782662E-32,-1.224646799147E-16,1.));
#13699=DIRECTION('center_axis',(1.,-2.2204460492503E-16,-1.21950236423098E-32));
#13700=DIRECTION('ref_axis',(2.2204460492503E-16,1.,-2.00296714216273E-30));
#13701=DIRECTION('',(-1.499759782662E-32,-1.224646799147E-16,1.));
#13702=DIRECTION('center_axis',(2.2204460492503E-16,1.,1.224646799147E-16));
#13703=DIRECTION('ref_axis',(-1.,2.2204460492503E-16,-9.57918872097043E-46));
#13704=DIRECTION('',(-1.499759782662E-32,-1.224646799147E-16,1.));
#13705=DIRECTION('center_axis',(-1.,2.2204460492503E-16,1.21950236423098E-32));
#13706=DIRECTION('ref_axis',(-2.2204460492503E-16,-1.,2.00296714216273E-30));
#13707=DIRECTION('',(-1.499759782662E-32,-1.224646799147E-16,1.));
#13708=DIRECTION('center_axis',(2.2204460492503E-16,1.,1.224646799147E-16));
#13709=DIRECTION('ref_axis',(-1.,2.2204460492503E-16,-9.57918872097043E-46));
#13710=DIRECTION('',(-1.499759782662E-32,-1.224646799147E-16,1.));
#13711=DIRECTION('center_axis',(-1.,2.2204460492503E-16,1.21950236423098E-32));
#13712=DIRECTION('ref_axis',(-2.2204460492503E-16,-1.,2.00296714216273E-30));
#13713=DIRECTION('',(-1.499759782662E-32,-1.224646799147E-16,1.));
#13714=DIRECTION('center_axis',(-2.2204460492503E-16,-1.,-1.224646799147E-16));
#13715=DIRECTION('ref_axis',(1.,-2.2204460492503E-16,9.57918872097043E-46));
#13716=DIRECTION('',(-1.499759782662E-32,-1.224646799147E-16,1.));
#13717=DIRECTION('center_axis',(-1.,2.2204460492503E-16,1.21950236423098E-32));
#13718=DIRECTION('ref_axis',(-2.2204460492503E-16,-1.,2.00296714216273E-30));
#13719=DIRECTION('',(-1.499759782662E-32,-1.224646799147E-16,1.));
#13720=DIRECTION('center_axis',(2.2204460492503E-16,1.,1.224646799147E-16));
#13721=DIRECTION('ref_axis',(-1.,2.2204460492503E-16,-9.57918872097043E-46));
#13722=DIRECTION('',(-1.499759782662E-32,-1.224646799147E-16,1.));
#13723=DIRECTION('center_axis',(-1.,2.2204460492503E-16,1.21950236423098E-32));
#13724=DIRECTION('ref_axis',(-2.2204460492503E-16,-1.,2.00296714216273E-30));
#13725=DIRECTION('',(-1.499759782662E-32,-1.224646799147E-16,1.));
#13726=DIRECTION('center_axis',(-2.2204460492503E-16,-1.,-1.224646799147E-16));
#13727=DIRECTION('ref_axis',(1.,-2.2204460492503E-16,9.57918872097043E-46));
#13728=DIRECTION('',(-1.499759782662E-32,-1.224646799147E-16,1.));
#13729=DIRECTION('center_axis',(-1.,2.2204460492503E-16,1.21950236423098E-32));
#13730=DIRECTION('ref_axis',(-2.2204460492503E-16,-1.,2.00296714216273E-30));
#13731=DIRECTION('',(-1.499759782662E-32,-1.224646799147E-16,1.));
#13732=DIRECTION('center_axis',(-2.2204460492503E-16,-1.,-1.224646799147E-16));
#13733=DIRECTION('ref_axis',(1.,-2.2204460492503E-16,9.57918872097043E-46));
#13734=DIRECTION('center_axis',(-1.,-9.43874983938409E-15,-1.17091107570172E-30));
#13735=DIRECTION('ref_axis',(9.43874983938409E-15,-1.,3.99052684477035E-30));
#13736=DIRECTION('',(-1.499759782662E-32,-1.224646799147E-16,1.));
#13737=DIRECTION('center_axis',(-1.499759782662E-32,-1.224646799147E-16,
1.));
#13738=DIRECTION('ref_axis',(1.,7.17944222590937E-15,8.94225691988692E-31));
#13739=DIRECTION('center_axis',(-1.499759782662E-32,-1.224646799147E-16,
1.));
#13740=DIRECTION('ref_axis',(1.13242748511766E-14,1.,1.224646799147E-16));
#13741=DIRECTION('center_axis',(1.,-2.2204460492503E-16,-1.21950236423098E-32));
#13742=DIRECTION('ref_axis',(2.2204460492503E-16,1.,-2.00296714216273E-30));
#13743=DIRECTION('',(-1.499759782662E-32,-1.224646799147E-16,1.));
#13744=DIRECTION('',(-1.499759782662E-32,-1.224646799147E-16,1.));
#13745=DIRECTION('center_axis',(-2.2204460492503E-16,-1.,-1.224646799147E-16));
#13746=DIRECTION('ref_axis',(1.,-2.2204460492503E-16,9.57918872097043E-46));
#13747=DIRECTION('',(-1.499759782662E-32,-1.224646799147E-16,1.));
#13748=DIRECTION('center_axis',(1.,-2.2204460492503E-16,-1.21950236423098E-32));
#13749=DIRECTION('ref_axis',(2.2204460492503E-16,1.,-2.00296714216273E-30));
#13750=DIRECTION('',(-1.499759782662E-32,-1.224646799147E-16,1.));
#13751=DIRECTION('center_axis',(2.2204460492503E-16,1.,1.224646799147E-16));
#13752=DIRECTION('ref_axis',(-1.,2.2204460492503E-16,-9.57918872097043E-46));
#13753=DIRECTION('',(-1.499759782662E-32,-1.224646799147E-16,1.));
#13754=DIRECTION('center_axis',(1.,-2.2204460492503E-16,-1.21950236423098E-32));
#13755=DIRECTION('ref_axis',(2.2204460492503E-16,1.,-2.00296714216273E-30));
#13756=DIRECTION('',(-1.499759782662E-32,-1.224646799147E-16,1.));
#13757=DIRECTION('center_axis',(-2.2204460492503E-16,-1.,-1.224646799147E-16));
#13758=DIRECTION('ref_axis',(1.,-2.2204460492503E-16,9.57918872097043E-46));
#13759=DIRECTION('',(-1.499759782662E-32,-1.224646799147E-16,1.));
#13760=DIRECTION('center_axis',(1.,-2.2204460492503E-16,-1.21950236423098E-32));
#13761=DIRECTION('ref_axis',(2.2204460492503E-16,1.,-2.00296714216273E-30));
#13762=DIRECTION('',(-1.499759782662E-32,-1.224646799147E-16,1.));
#13763=DIRECTION('center_axis',(2.2204460492503E-16,1.,1.224646799147E-16));
#13764=DIRECTION('ref_axis',(-1.,2.2204460492503E-16,-9.57918872097043E-46));
#13765=DIRECTION('',(-1.499759782662E-32,-1.224646799147E-16,1.));
#13766=DIRECTION('center_axis',(1.,-2.2204460492503E-16,-1.21950236423098E-32));
#13767=DIRECTION('ref_axis',(2.2204460492503E-16,1.,-2.00296714216273E-30));
#13768=DIRECTION('',(-1.499759782662E-32,-1.224646799147E-16,1.));
#13769=DIRECTION('center_axis',(2.2204460492503E-16,1.,1.224646799147E-16));
#13770=DIRECTION('ref_axis',(-1.,2.2204460492503E-16,-9.57918872097043E-46));
#13771=DIRECTION('',(-1.499759782662E-32,-1.224646799147E-16,1.));
#13772=DIRECTION('center_axis',(-1.,2.2204460492503E-16,1.21950236423098E-32));
#13773=DIRECTION('ref_axis',(-2.2204460492503E-16,-1.,2.00296714216273E-30));
#13774=DIRECTION('',(-1.499759782662E-32,-1.224646799147E-16,1.));
#13775=DIRECTION('center_axis',(2.2204460492503E-16,1.,1.224646799147E-16));
#13776=DIRECTION('ref_axis',(-1.,2.2204460492503E-16,-9.57918872097043E-46));
#13777=DIRECTION('',(-1.499759782662E-32,-1.224646799147E-16,1.));
#13778=DIRECTION('center_axis',(-1.,2.2204460492503E-16,1.21950236423098E-32));
#13779=DIRECTION('ref_axis',(-2.2204460492503E-16,-1.,2.00296714216273E-30));
#13780=DIRECTION('',(-1.499759782662E-32,-1.224646799147E-16,1.));
#13781=DIRECTION('center_axis',(-2.2204460492503E-16,-1.,-1.224646799147E-16));
#13782=DIRECTION('ref_axis',(1.,-2.2204460492503E-16,9.57918872097043E-46));
#13783=DIRECTION('',(-1.499759782662E-32,-1.224646799147E-16,1.));
#13784=DIRECTION('center_axis',(-1.,2.2204460492503E-16,1.21950236423098E-32));
#13785=DIRECTION('ref_axis',(-2.2204460492503E-16,-1.,2.00296714216273E-30));
#13786=DIRECTION('',(-1.499759782662E-32,-1.224646799147E-16,1.));
#13787=DIRECTION('center_axis',(2.2204460492503E-16,1.,1.224646799147E-16));
#13788=DIRECTION('ref_axis',(-1.,2.2204460492503E-16,-9.57918872097043E-46));
#13789=DIRECTION('',(-1.499759782662E-32,-1.224646799147E-16,1.));
#13790=DIRECTION('center_axis',(-1.,2.2204460492503E-16,1.21950236423098E-32));
#13791=DIRECTION('ref_axis',(-2.2204460492503E-16,-1.,2.00296714216273E-30));
#13792=DIRECTION('',(-1.499759782662E-32,-1.224646799147E-16,1.));
#13793=DIRECTION('center_axis',(-2.2204460492503E-16,-1.,-1.224646799147E-16));
#13794=DIRECTION('ref_axis',(1.,-2.2204460492503E-16,9.57918872097043E-46));
#13795=DIRECTION('',(-1.499759782662E-32,-1.224646799147E-16,1.));
#13796=DIRECTION('center_axis',(-1.,2.2204460492503E-16,1.21950236423098E-32));
#13797=DIRECTION('ref_axis',(-2.2204460492503E-16,-1.,2.00296714216273E-30));
#13798=DIRECTION('',(-1.499759782662E-32,-1.224646799147E-16,1.));
#13799=DIRECTION('center_axis',(-2.2204460492503E-16,-1.,-1.224646799147E-16));
#13800=DIRECTION('ref_axis',(1.,-2.2204460492503E-16,9.57918872097043E-46));
#13801=DIRECTION('center_axis',(1.,-2.2204460492503E-16,-1.21950236423098E-32));
#13802=DIRECTION('ref_axis',(2.2204460492503E-16,1.,-2.00296714216273E-30));
#13803=DIRECTION('',(-1.499759782662E-32,-1.224646799147E-16,1.));
#13804=DIRECTION('',(-1.499759782662E-32,-1.224646799147E-16,1.));
#13805=DIRECTION('center_axis',(-2.2204460492503E-16,-1.,-1.224646799147E-16));
#13806=DIRECTION('ref_axis',(1.,-2.2204460492503E-16,9.57918872097043E-46));
#13807=DIRECTION('',(-1.499759782662E-32,-1.224646799147E-16,1.));
#13808=DIRECTION('center_axis',(1.,-2.2204460492503E-16,-1.21950236423098E-32));
#13809=DIRECTION('ref_axis',(2.2204460492503E-16,1.,-2.00296714216273E-30));
#13810=DIRECTION('',(-1.499759782662E-32,-1.224646799147E-16,1.));
#13811=DIRECTION('center_axis',(2.2204460492503E-16,1.,1.224646799147E-16));
#13812=DIRECTION('ref_axis',(-1.,2.2204460492503E-16,-9.57918872097043E-46));
#13813=DIRECTION('',(-1.499759782662E-32,-1.224646799147E-16,1.));
#13814=DIRECTION('center_axis',(1.,-2.2204460492503E-16,-1.21950236423098E-32));
#13815=DIRECTION('ref_axis',(2.2204460492503E-16,1.,-2.00296714216273E-30));
#13816=DIRECTION('',(-1.499759782662E-32,-1.224646799147E-16,1.));
#13817=DIRECTION('center_axis',(-2.2204460492503E-16,-1.,-1.224646799147E-16));
#13818=DIRECTION('ref_axis',(1.,-2.2204460492503E-16,9.57918872097043E-46));
#13819=DIRECTION('',(-1.499759782662E-32,-1.224646799147E-16,1.));
#13820=DIRECTION('center_axis',(1.,-2.2204460492503E-16,-1.21950236423098E-32));
#13821=DIRECTION('ref_axis',(2.2204460492503E-16,1.,-2.00296714216273E-30));
#13822=DIRECTION('',(-1.499759782662E-32,-1.224646799147E-16,1.));
#13823=DIRECTION('center_axis',(2.2204460492503E-16,1.,1.224646799147E-16));
#13824=DIRECTION('ref_axis',(-1.,2.2204460492503E-16,-9.57918872097043E-46));
#13825=DIRECTION('',(-1.499759782662E-32,-1.224646799147E-16,1.));
#13826=DIRECTION('center_axis',(1.,-2.2204460492503E-16,-1.21950236423098E-32));
#13827=DIRECTION('ref_axis',(2.2204460492503E-16,1.,-2.00296714216273E-30));
#13828=DIRECTION('',(-1.499759782662E-32,-1.224646799147E-16,1.));
#13829=DIRECTION('center_axis',(2.2204460492503E-16,1.,1.224646799147E-16));
#13830=DIRECTION('ref_axis',(-1.,2.2204460492503E-16,-9.57918872097043E-46));
#13831=DIRECTION('',(-1.499759782662E-32,-1.224646799147E-16,1.));
#13832=DIRECTION('center_axis',(-1.,2.2204460492503E-16,1.21950236423098E-32));
#13833=DIRECTION('ref_axis',(-2.2204460492503E-16,-1.,2.00296714216273E-30));
#13834=DIRECTION('',(-1.499759782662E-32,-1.224646799147E-16,1.));
#13835=DIRECTION('center_axis',(2.2204460492503E-16,1.,1.224646799147E-16));
#13836=DIRECTION('ref_axis',(-1.,2.2204460492503E-16,-9.57918872097043E-46));
#13837=DIRECTION('',(-1.499759782662E-32,-1.224646799147E-16,1.));
#13838=DIRECTION('center_axis',(-1.,2.2204460492503E-16,1.21950236423098E-32));
#13839=DIRECTION('ref_axis',(-2.2204460492503E-16,-1.,2.00296714216273E-30));
#13840=DIRECTION('',(-1.499759782662E-32,-1.224646799147E-16,1.));
#13841=DIRECTION('center_axis',(-2.2204460492503E-16,-1.,-1.224646799147E-16));
#13842=DIRECTION('ref_axis',(1.,-2.2204460492503E-16,9.57918872097043E-46));
#13843=DIRECTION('',(-1.499759782662E-32,-1.224646799147E-16,1.));
#13844=DIRECTION('center_axis',(-1.,2.2204460492503E-16,1.21950236423098E-32));
#13845=DIRECTION('ref_axis',(-2.2204460492503E-16,-1.,2.00296714216273E-30));
#13846=DIRECTION('',(-1.499759782662E-32,-1.224646799147E-16,1.));
#13847=DIRECTION('center_axis',(2.2204460492503E-16,1.,1.224646799147E-16));
#13848=DIRECTION('ref_axis',(-1.,2.2204460492503E-16,-9.57918872097043E-46));
#13849=DIRECTION('',(-1.499759782662E-32,-1.224646799147E-16,1.));
#13850=DIRECTION('center_axis',(-1.,2.2204460492503E-16,1.21950236423098E-32));
#13851=DIRECTION('ref_axis',(-2.2204460492503E-16,-1.,2.00296714216273E-30));
#13852=DIRECTION('',(-1.499759782662E-32,-1.224646799147E-16,1.));
#13853=DIRECTION('center_axis',(-2.2204460492503E-16,-1.,-1.224646799147E-16));
#13854=DIRECTION('ref_axis',(1.,-2.2204460492503E-16,9.57918872097043E-46));
#13855=DIRECTION('',(-1.499759782662E-32,-1.224646799147E-16,1.));
#13856=DIRECTION('center_axis',(-1.,2.2204460492503E-16,1.21950236423098E-32));
#13857=DIRECTION('ref_axis',(-2.2204460492503E-16,-1.,2.00296714216273E-30));
#13858=DIRECTION('',(-1.499759782662E-32,-1.224646799147E-16,1.));
#13859=DIRECTION('center_axis',(-2.2204460492503E-16,-1.,-1.224646799147E-16));
#13860=DIRECTION('ref_axis',(1.,-2.2204460492503E-16,9.57918872097043E-46));
#13861=DIRECTION('center_axis',(1.,-2.2204460492503E-16,-1.21950236423098E-32));
#13862=DIRECTION('ref_axis',(2.2204460492503E-16,1.,-2.00296714216273E-30));
#13863=DIRECTION('',(-1.499759782662E-32,-1.224646799147E-16,1.));
#13864=DIRECTION('',(-1.499759782662E-32,-1.224646799147E-16,1.));
#13865=DIRECTION('center_axis',(-2.2204460492503E-16,-1.,-1.224646799147E-16));
#13866=DIRECTION('ref_axis',(1.,-2.2204460492503E-16,9.57918872097043E-46));
#13867=DIRECTION('',(-1.499759782662E-32,-1.224646799147E-16,1.));
#13868=DIRECTION('center_axis',(1.,-2.2204460492503E-16,-1.21950236423098E-32));
#13869=DIRECTION('ref_axis',(2.2204460492503E-16,1.,-2.00296714216273E-30));
#13870=DIRECTION('',(-1.499759782662E-32,-1.224646799147E-16,1.));
#13871=DIRECTION('center_axis',(2.2204460492503E-16,1.,1.224646799147E-16));
#13872=DIRECTION('ref_axis',(-1.,2.2204460492503E-16,-9.57918872097043E-46));
#13873=DIRECTION('',(-1.499759782662E-32,-1.224646799147E-16,1.));
#13874=DIRECTION('center_axis',(1.,-2.2204460492503E-16,-1.21950236423098E-32));
#13875=DIRECTION('ref_axis',(2.2204460492503E-16,1.,-2.00296714216273E-30));
#13876=DIRECTION('',(-1.499759782662E-32,-1.224646799147E-16,1.));
#13877=DIRECTION('center_axis',(-2.2204460492503E-16,-1.,-1.224646799147E-16));
#13878=DIRECTION('ref_axis',(1.,-2.2204460492503E-16,9.57918872097043E-46));
#13879=DIRECTION('',(-1.499759782662E-32,-1.224646799147E-16,1.));
#13880=DIRECTION('center_axis',(1.,-2.2204460492503E-16,-1.21950236423098E-32));
#13881=DIRECTION('ref_axis',(2.2204460492503E-16,1.,-2.00296714216273E-30));
#13882=DIRECTION('',(-1.499759782662E-32,-1.224646799147E-16,1.));
#13883=DIRECTION('center_axis',(2.2204460492503E-16,1.,1.224646799147E-16));
#13884=DIRECTION('ref_axis',(-1.,2.2204460492503E-16,-9.57918872097043E-46));
#13885=DIRECTION('',(-1.499759782662E-32,-1.224646799147E-16,1.));
#13886=DIRECTION('center_axis',(1.,-2.2204460492503E-16,-1.21950236423098E-32));
#13887=DIRECTION('ref_axis',(2.2204460492503E-16,1.,-2.00296714216273E-30));
#13888=DIRECTION('',(-1.499759782662E-32,-1.224646799147E-16,1.));
#13889=DIRECTION('center_axis',(2.2204460492503E-16,1.,1.224646799147E-16));
#13890=DIRECTION('ref_axis',(-1.,2.2204460492503E-16,-9.57918872097043E-46));
#13891=DIRECTION('',(-1.499759782662E-32,-1.224646799147E-16,1.));
#13892=DIRECTION('center_axis',(-1.,2.2204460492503E-16,1.21950236423098E-32));
#13893=DIRECTION('ref_axis',(-2.2204460492503E-16,-1.,2.00296714216273E-30));
#13894=DIRECTION('',(-1.499759782662E-32,-1.224646799147E-16,1.));
#13895=DIRECTION('center_axis',(2.2204460492503E-16,1.,1.224646799147E-16));
#13896=DIRECTION('ref_axis',(-1.,2.2204460492503E-16,-9.57918872097043E-46));
#13897=DIRECTION('',(-1.499759782662E-32,-1.224646799147E-16,1.));
#13898=DIRECTION('center_axis',(-1.,2.2204460492503E-16,1.21950236423098E-32));
#13899=DIRECTION('ref_axis',(-2.2204460492503E-16,-1.,2.00296714216273E-30));
#13900=DIRECTION('',(-1.499759782662E-32,-1.224646799147E-16,1.));
#13901=DIRECTION('center_axis',(-2.2204460492503E-16,-1.,-1.224646799147E-16));
#13902=DIRECTION('ref_axis',(1.,-2.2204460492503E-16,9.57918872097043E-46));
#13903=DIRECTION('',(-1.499759782662E-32,-1.224646799147E-16,1.));
#13904=DIRECTION('center_axis',(-1.,2.2204460492503E-16,1.21950236423098E-32));
#13905=DIRECTION('ref_axis',(-2.2204460492503E-16,-1.,2.00296714216273E-30));
#13906=DIRECTION('',(-1.499759782662E-32,-1.224646799147E-16,1.));
#13907=DIRECTION('center_axis',(2.2204460492503E-16,1.,1.224646799147E-16));
#13908=DIRECTION('ref_axis',(-1.,2.2204460492503E-16,-9.57918872097043E-46));
#13909=DIRECTION('',(-1.499759782662E-32,-1.224646799147E-16,1.));
#13910=DIRECTION('center_axis',(-1.,2.2204460492503E-16,1.21950236423098E-32));
#13911=DIRECTION('ref_axis',(-2.2204460492503E-16,-1.,2.00296714216273E-30));
#13912=DIRECTION('',(-1.499759782662E-32,-1.224646799147E-16,1.));
#13913=DIRECTION('center_axis',(-2.2204460492503E-16,-1.,-1.224646799147E-16));
#13914=DIRECTION('ref_axis',(1.,-2.2204460492503E-16,9.57918872097043E-46));
#13915=DIRECTION('',(-1.499759782662E-32,-1.224646799147E-16,1.));
#13916=DIRECTION('center_axis',(-1.,2.2204460492503E-16,1.21950236423098E-32));
#13917=DIRECTION('ref_axis',(-2.2204460492503E-16,-1.,2.00296714216273E-30));
#13918=DIRECTION('',(-1.499759782662E-32,-1.224646799147E-16,1.));
#13919=DIRECTION('center_axis',(-2.2204460492503E-16,-1.,-1.224646799147E-16));
#13920=DIRECTION('ref_axis',(1.,-2.2204460492503E-16,9.57918872097043E-46));
#13921=DIRECTION('center_axis',(1.,-2.2204460492503E-16,-1.21950236423098E-32));
#13922=DIRECTION('ref_axis',(2.2204460492503E-16,1.,-2.00296714216273E-30));
#13923=DIRECTION('',(-1.499759782662E-32,-1.224646799147E-16,1.));
#13924=DIRECTION('',(-1.499759782662E-32,-1.224646799147E-16,1.));
#13925=DIRECTION('center_axis',(-2.2204460492503E-16,-1.,-1.224646799147E-16));
#13926=DIRECTION('ref_axis',(1.,-2.2204460492503E-16,9.57918872097043E-46));
#13927=DIRECTION('',(-1.499759782662E-32,-1.224646799147E-16,1.));
#13928=DIRECTION('center_axis',(1.,-2.2204460492503E-16,-1.21950236423098E-32));
#13929=DIRECTION('ref_axis',(2.2204460492503E-16,1.,-2.00296714216273E-30));
#13930=DIRECTION('',(-1.499759782662E-32,-1.224646799147E-16,1.));
#13931=DIRECTION('center_axis',(2.2204460492503E-16,1.,1.224646799147E-16));
#13932=DIRECTION('ref_axis',(-1.,2.2204460492503E-16,-9.57918872097043E-46));
#13933=DIRECTION('',(-1.499759782662E-32,-1.224646799147E-16,1.));
#13934=DIRECTION('center_axis',(1.,-2.2204460492503E-16,-1.21950236423098E-32));
#13935=DIRECTION('ref_axis',(2.2204460492503E-16,1.,-2.00296714216273E-30));
#13936=DIRECTION('',(-1.499759782662E-32,-1.224646799147E-16,1.));
#13937=DIRECTION('center_axis',(-2.2204460492503E-16,-1.,-1.224646799147E-16));
#13938=DIRECTION('ref_axis',(1.,-2.2204460492503E-16,9.57918872097043E-46));
#13939=DIRECTION('',(-1.499759782662E-32,-1.224646799147E-16,1.));
#13940=DIRECTION('center_axis',(1.,-2.2204460492503E-16,-1.21950236423098E-32));
#13941=DIRECTION('ref_axis',(2.2204460492503E-16,1.,-2.00296714216273E-30));
#13942=DIRECTION('',(-1.499759782662E-32,-1.224646799147E-16,1.));
#13943=DIRECTION('center_axis',(2.2204460492503E-16,1.,1.224646799147E-16));
#13944=DIRECTION('ref_axis',(-1.,2.2204460492503E-16,-9.57918872097043E-46));
#13945=DIRECTION('',(-1.499759782662E-32,-1.224646799147E-16,1.));
#13946=DIRECTION('center_axis',(1.,-2.2204460492503E-16,-1.21950236423098E-32));
#13947=DIRECTION('ref_axis',(2.2204460492503E-16,1.,-2.00296714216273E-30));
#13948=DIRECTION('',(-1.499759782662E-32,-1.224646799147E-16,1.));
#13949=DIRECTION('center_axis',(2.2204460492503E-16,1.,1.224646799147E-16));
#13950=DIRECTION('ref_axis',(-1.,2.2204460492503E-16,-9.57918872097043E-46));
#13951=DIRECTION('',(-1.499759782662E-32,-1.224646799147E-16,1.));
#13952=DIRECTION('center_axis',(-1.,2.2204460492503E-16,1.21950236423098E-32));
#13953=DIRECTION('ref_axis',(-2.2204460492503E-16,-1.,2.00296714216273E-30));
#13954=DIRECTION('',(-1.499759782662E-32,-1.224646799147E-16,1.));
#13955=DIRECTION('center_axis',(2.2204460492503E-16,1.,1.224646799147E-16));
#13956=DIRECTION('ref_axis',(-1.,2.2204460492503E-16,-9.57918872097043E-46));
#13957=DIRECTION('',(-1.499759782662E-32,-1.224646799147E-16,1.));
#13958=DIRECTION('center_axis',(-1.,2.2204460492503E-16,1.21950236423098E-32));
#13959=DIRECTION('ref_axis',(-2.2204460492503E-16,-1.,2.00296714216273E-30));
#13960=DIRECTION('',(-1.499759782662E-32,-1.224646799147E-16,1.));
#13961=DIRECTION('center_axis',(-2.2204460492503E-16,-1.,-1.224646799147E-16));
#13962=DIRECTION('ref_axis',(1.,-2.2204460492503E-16,9.57918872097043E-46));
#13963=DIRECTION('',(-1.499759782662E-32,-1.224646799147E-16,1.));
#13964=DIRECTION('center_axis',(-1.,2.2204460492503E-16,1.21950236423098E-32));
#13965=DIRECTION('ref_axis',(-2.2204460492503E-16,-1.,2.00296714216273E-30));
#13966=DIRECTION('',(-1.499759782662E-32,-1.224646799147E-16,1.));
#13967=DIRECTION('center_axis',(2.2204460492503E-16,1.,1.224646799147E-16));
#13968=DIRECTION('ref_axis',(-1.,2.2204460492503E-16,-9.57918872097043E-46));
#13969=DIRECTION('',(-1.499759782662E-32,-1.224646799147E-16,1.));
#13970=DIRECTION('center_axis',(-1.,2.2204460492503E-16,1.21950236423098E-32));
#13971=DIRECTION('ref_axis',(-2.2204460492503E-16,-1.,2.00296714216273E-30));
#13972=DIRECTION('',(-1.499759782662E-32,-1.224646799147E-16,1.));
#13973=DIRECTION('center_axis',(-2.2204460492503E-16,-1.,-1.224646799147E-16));
#13974=DIRECTION('ref_axis',(1.,-2.2204460492503E-16,9.57918872097043E-46));
#13975=DIRECTION('',(-1.499759782662E-32,-1.224646799147E-16,1.));
#13976=DIRECTION('center_axis',(-1.,2.2204460492503E-16,1.21950236423098E-32));
#13977=DIRECTION('ref_axis',(-2.2204460492503E-16,-1.,2.00296714216273E-30));
#13978=DIRECTION('',(-1.499759782662E-32,-1.224646799147E-16,1.));
#13979=DIRECTION('center_axis',(-2.2204460492503E-16,-1.,-1.224646799147E-16));
#13980=DIRECTION('ref_axis',(1.,-2.2204460492503E-16,9.57918872097043E-46));
#13981=DIRECTION('center_axis',(1.,-2.2204460492503E-16,-1.21950236423098E-32));
#13982=DIRECTION('ref_axis',(2.2204460492503E-16,1.,-2.00296714216273E-30));
#13983=DIRECTION('',(-1.499759782662E-32,-1.224646799147E-16,1.));
#13984=DIRECTION('',(-1.499759782662E-32,-1.224646799147E-16,1.));
#13985=DIRECTION('center_axis',(-2.2204460492503E-16,-1.,-1.224646799147E-16));
#13986=DIRECTION('ref_axis',(1.,-2.2204460492503E-16,9.57918872097043E-46));
#13987=DIRECTION('',(-1.499759782662E-32,-1.224646799147E-16,1.));
#13988=DIRECTION('center_axis',(1.,-2.2204460492503E-16,-1.21950236423098E-32));
#13989=DIRECTION('ref_axis',(2.2204460492503E-16,1.,-2.00296714216273E-30));
#13990=DIRECTION('',(-1.499759782662E-32,-1.224646799147E-16,1.));
#13991=DIRECTION('center_axis',(2.2204460492503E-16,1.,1.224646799147E-16));
#13992=DIRECTION('ref_axis',(-1.,2.2204460492503E-16,-9.57918872097043E-46));
#13993=DIRECTION('',(-1.499759782662E-32,-1.224646799147E-16,1.));
#13994=DIRECTION('center_axis',(1.,-2.2204460492503E-16,-1.21950236423098E-32));
#13995=DIRECTION('ref_axis',(2.2204460492503E-16,1.,-2.00296714216273E-30));
#13996=DIRECTION('',(-1.499759782662E-32,-1.224646799147E-16,1.));
#13997=DIRECTION('center_axis',(-2.2204460492503E-16,-1.,-1.224646799147E-16));
#13998=DIRECTION('ref_axis',(1.,-2.2204460492503E-16,9.57918872097043E-46));
#13999=DIRECTION('',(-1.499759782662E-32,-1.224646799147E-16,1.));
#14000=DIRECTION('center_axis',(1.,-2.2204460492503E-16,-1.21950236423098E-32));
#14001=DIRECTION('ref_axis',(2.2204460492503E-16,1.,-2.00296714216273E-30));
#14002=DIRECTION('',(-1.499759782662E-32,-1.224646799147E-16,1.));
#14003=DIRECTION('center_axis',(2.2204460492503E-16,1.,1.224646799147E-16));
#14004=DIRECTION('ref_axis',(-1.,2.2204460492503E-16,-9.57918872097043E-46));
#14005=DIRECTION('',(-1.499759782662E-32,-1.224646799147E-16,1.));
#14006=DIRECTION('center_axis',(1.,-2.2204460492503E-16,-1.21950236423098E-32));
#14007=DIRECTION('ref_axis',(2.2204460492503E-16,1.,-2.00296714216273E-30));
#14008=DIRECTION('',(-1.499759782662E-32,-1.224646799147E-16,1.));
#14009=DIRECTION('center_axis',(2.2204460492503E-16,1.,1.224646799147E-16));
#14010=DIRECTION('ref_axis',(-1.,2.2204460492503E-16,-9.57918872097043E-46));
#14011=DIRECTION('',(-1.499759782662E-32,-1.224646799147E-16,1.));
#14012=DIRECTION('center_axis',(-1.,2.2204460492503E-16,1.21950236423098E-32));
#14013=DIRECTION('ref_axis',(-2.2204460492503E-16,-1.,2.00296714216273E-30));
#14014=DIRECTION('',(-1.499759782662E-32,-1.224646799147E-16,1.));
#14015=DIRECTION('center_axis',(2.2204460492503E-16,1.,1.224646799147E-16));
#14016=DIRECTION('ref_axis',(-1.,2.2204460492503E-16,-9.57918872097043E-46));
#14017=DIRECTION('',(-1.499759782662E-32,-1.224646799147E-16,1.));
#14018=DIRECTION('center_axis',(-1.,2.2204460492503E-16,1.21950236423098E-32));
#14019=DIRECTION('ref_axis',(-2.2204460492503E-16,-1.,2.00296714216273E-30));
#14020=DIRECTION('',(-1.499759782662E-32,-1.224646799147E-16,1.));
#14021=DIRECTION('center_axis',(-2.2204460492503E-16,-1.,-1.224646799147E-16));
#14022=DIRECTION('ref_axis',(1.,-2.2204460492503E-16,9.57918872097043E-46));
#14023=DIRECTION('',(-1.499759782662E-32,-1.224646799147E-16,1.));
#14024=DIRECTION('center_axis',(-1.,2.2204460492503E-16,1.21950236423098E-32));
#14025=DIRECTION('ref_axis',(-2.2204460492503E-16,-1.,2.00296714216273E-30));
#14026=DIRECTION('',(-1.499759782662E-32,-1.224646799147E-16,1.));
#14027=DIRECTION('center_axis',(2.2204460492503E-16,1.,1.224646799147E-16));
#14028=DIRECTION('ref_axis',(-1.,2.2204460492503E-16,-9.57918872097043E-46));
#14029=DIRECTION('',(-1.499759782662E-32,-1.224646799147E-16,1.));
#14030=DIRECTION('center_axis',(-1.,2.2204460492503E-16,1.21950236423098E-32));
#14031=DIRECTION('ref_axis',(-2.2204460492503E-16,-1.,2.00296714216273E-30));
#14032=DIRECTION('',(-1.499759782662E-32,-1.224646799147E-16,1.));
#14033=DIRECTION('center_axis',(-2.2204460492503E-16,-1.,-1.224646799147E-16));
#14034=DIRECTION('ref_axis',(1.,-2.2204460492503E-16,9.57918872097043E-46));
#14035=DIRECTION('',(-1.499759782662E-32,-1.224646799147E-16,1.));
#14036=DIRECTION('center_axis',(-1.,2.2204460492503E-16,1.21950236423098E-32));
#14037=DIRECTION('ref_axis',(-2.2204460492503E-16,-1.,2.00296714216273E-30));
#14038=DIRECTION('',(-1.499759782662E-32,-1.224646799147E-16,1.));
#14039=DIRECTION('center_axis',(-2.2204460492503E-16,-1.,-1.224646799147E-16));
#14040=DIRECTION('ref_axis',(1.,-2.2204460492503E-16,9.57918872097043E-46));
#14041=DIRECTION('center_axis',(1.,-2.2204460492503E-16,-1.21950236423098E-32));
#14042=DIRECTION('ref_axis',(2.2204460492503E-16,1.,-2.00296714216273E-30));
#14043=DIRECTION('',(-1.499759782662E-32,-1.224646799147E-16,1.));
#14044=DIRECTION('',(-1.499759782662E-32,-1.224646799147E-16,1.));
#14045=DIRECTION('center_axis',(-2.2204460492503E-16,-1.,-1.224646799147E-16));
#14046=DIRECTION('ref_axis',(1.,-2.2204460492503E-16,9.57918872097043E-46));
#14047=DIRECTION('',(-1.499759782662E-32,-1.224646799147E-16,1.));
#14048=DIRECTION('center_axis',(1.,-2.2204460492503E-16,-1.21950236423098E-32));
#14049=DIRECTION('ref_axis',(2.2204460492503E-16,1.,-2.00296714216273E-30));
#14050=DIRECTION('',(-1.499759782662E-32,-1.224646799147E-16,1.));
#14051=DIRECTION('center_axis',(2.2204460492503E-16,1.,1.224646799147E-16));
#14052=DIRECTION('ref_axis',(-1.,2.2204460492503E-16,-9.57918872097043E-46));
#14053=DIRECTION('',(-1.499759782662E-32,-1.224646799147E-16,1.));
#14054=DIRECTION('center_axis',(1.,-2.2204460492503E-16,-1.21950236423098E-32));
#14055=DIRECTION('ref_axis',(2.2204460492503E-16,1.,-2.00296714216273E-30));
#14056=DIRECTION('',(-1.499759782662E-32,-1.224646799147E-16,1.));
#14057=DIRECTION('center_axis',(-2.2204460492503E-16,-1.,-1.224646799147E-16));
#14058=DIRECTION('ref_axis',(1.,-2.2204460492503E-16,9.57918872097043E-46));
#14059=DIRECTION('',(-1.499759782662E-32,-1.224646799147E-16,1.));
#14060=DIRECTION('center_axis',(1.,-2.2204460492503E-16,-1.21950236423098E-32));
#14061=DIRECTION('ref_axis',(2.2204460492503E-16,1.,-2.00296714216273E-30));
#14062=DIRECTION('',(-1.499759782662E-32,-1.224646799147E-16,1.));
#14063=DIRECTION('center_axis',(2.2204460492503E-16,1.,1.224646799147E-16));
#14064=DIRECTION('ref_axis',(-1.,2.2204460492503E-16,-9.57918872097043E-46));
#14065=DIRECTION('',(-1.499759782662E-32,-1.224646799147E-16,1.));
#14066=DIRECTION('center_axis',(1.,-2.2204460492503E-16,-1.21950236423098E-32));
#14067=DIRECTION('ref_axis',(2.2204460492503E-16,1.,-2.00296714216273E-30));
#14068=DIRECTION('',(-1.499759782662E-32,-1.224646799147E-16,1.));
#14069=DIRECTION('center_axis',(2.2204460492503E-16,1.,1.224646799147E-16));
#14070=DIRECTION('ref_axis',(-1.,2.2204460492503E-16,-9.57918872097043E-46));
#14071=DIRECTION('',(-1.499759782662E-32,-1.224646799147E-16,1.));
#14072=DIRECTION('center_axis',(-1.,2.2204460492503E-16,1.21950236423098E-32));
#14073=DIRECTION('ref_axis',(-2.2204460492503E-16,-1.,2.00296714216273E-30));
#14074=DIRECTION('',(-1.499759782662E-32,-1.224646799147E-16,1.));
#14075=DIRECTION('center_axis',(2.2204460492503E-16,1.,1.224646799147E-16));
#14076=DIRECTION('ref_axis',(-1.,2.2204460492503E-16,-9.57918872097043E-46));
#14077=DIRECTION('',(-1.499759782662E-32,-1.224646799147E-16,1.));
#14078=DIRECTION('center_axis',(-1.,2.2204460492503E-16,1.21950236423098E-32));
#14079=DIRECTION('ref_axis',(-2.2204460492503E-16,-1.,2.00296714216273E-30));
#14080=DIRECTION('',(-1.499759782662E-32,-1.224646799147E-16,1.));
#14081=DIRECTION('center_axis',(-2.2204460492503E-16,-1.,-1.224646799147E-16));
#14082=DIRECTION('ref_axis',(1.,-2.2204460492503E-16,9.57918872097043E-46));
#14083=DIRECTION('',(-1.499759782662E-32,-1.224646799147E-16,1.));
#14084=DIRECTION('center_axis',(-1.,2.2204460492503E-16,1.21950236423098E-32));
#14085=DIRECTION('ref_axis',(-2.2204460492503E-16,-1.,2.00296714216273E-30));
#14086=DIRECTION('',(-1.499759782662E-32,-1.224646799147E-16,1.));
#14087=DIRECTION('center_axis',(2.2204460492503E-16,1.,1.224646799147E-16));
#14088=DIRECTION('ref_axis',(-1.,2.2204460492503E-16,-9.57918872097043E-46));
#14089=DIRECTION('',(-1.499759782662E-32,-1.224646799147E-16,1.));
#14090=DIRECTION('center_axis',(-1.,2.2204460492503E-16,1.21950236423098E-32));
#14091=DIRECTION('ref_axis',(-2.2204460492503E-16,-1.,2.00296714216273E-30));
#14092=DIRECTION('',(-1.499759782662E-32,-1.224646799147E-16,1.));
#14093=DIRECTION('center_axis',(-2.2204460492503E-16,-1.,-1.224646799147E-16));
#14094=DIRECTION('ref_axis',(1.,-2.2204460492503E-16,9.57918872097043E-46));
#14095=DIRECTION('',(-1.499759782662E-32,-1.224646799147E-16,1.));
#14096=DIRECTION('center_axis',(-1.,2.2204460492503E-16,1.21950236423098E-32));
#14097=DIRECTION('ref_axis',(-2.2204460492503E-16,-1.,2.00296714216273E-30));
#14098=DIRECTION('',(-1.499759782662E-32,-1.224646799147E-16,1.));
#14099=DIRECTION('center_axis',(-2.2204460492503E-16,-1.,-1.224646799147E-16));
#14100=DIRECTION('ref_axis',(1.,-2.2204460492503E-16,9.57918872097043E-46));
#14101=DIRECTION('center_axis',(1.,-2.2204460492503E-16,-1.21950236423098E-32));
#14102=DIRECTION('ref_axis',(2.2204460492503E-16,1.,-2.00296714216273E-30));
#14103=DIRECTION('',(-1.499759782662E-32,-1.224646799147E-16,1.));
#14104=DIRECTION('',(-1.499759782662E-32,-1.224646799147E-16,1.));
#14105=DIRECTION('center_axis',(-2.2204460492503E-16,-1.,-1.224646799147E-16));
#14106=DIRECTION('ref_axis',(1.,-2.2204460492503E-16,9.57918872097043E-46));
#14107=DIRECTION('',(-1.499759782662E-32,-1.224646799147E-16,1.));
#14108=DIRECTION('center_axis',(1.,-2.2204460492503E-16,-1.21950236423098E-32));
#14109=DIRECTION('ref_axis',(2.2204460492503E-16,1.,-2.00296714216273E-30));
#14110=DIRECTION('',(-1.499759782662E-32,-1.224646799147E-16,1.));
#14111=DIRECTION('center_axis',(2.2204460492503E-16,1.,1.224646799147E-16));
#14112=DIRECTION('ref_axis',(-1.,2.2204460492503E-16,-9.57918872097043E-46));
#14113=DIRECTION('',(-1.499759782662E-32,-1.224646799147E-16,1.));
#14114=DIRECTION('center_axis',(1.,-2.2204460492503E-16,-1.21950236423098E-32));
#14115=DIRECTION('ref_axis',(2.2204460492503E-16,1.,-2.00296714216273E-30));
#14116=DIRECTION('',(-1.499759782662E-32,-1.224646799147E-16,1.));
#14117=DIRECTION('center_axis',(-2.2204460492503E-16,-1.,-1.224646799147E-16));
#14118=DIRECTION('ref_axis',(1.,-2.2204460492503E-16,9.57918872097043E-46));
#14119=DIRECTION('',(-1.499759782662E-32,-1.224646799147E-16,1.));
#14120=DIRECTION('center_axis',(1.,-2.2204460492503E-16,-1.21950236423098E-32));
#14121=DIRECTION('ref_axis',(2.2204460492503E-16,1.,-2.00296714216273E-30));
#14122=DIRECTION('',(-1.499759782662E-32,-1.224646799147E-16,1.));
#14123=DIRECTION('center_axis',(2.2204460492503E-16,1.,1.224646799147E-16));
#14124=DIRECTION('ref_axis',(-1.,2.2204460492503E-16,-9.57918872097043E-46));
#14125=DIRECTION('',(-1.499759782662E-32,-1.224646799147E-16,1.));
#14126=DIRECTION('center_axis',(1.,-2.2204460492503E-16,-1.21950236423098E-32));
#14127=DIRECTION('ref_axis',(2.2204460492503E-16,1.,-2.00296714216273E-30));
#14128=DIRECTION('',(-1.499759782662E-32,-1.224646799147E-16,1.));
#14129=DIRECTION('center_axis',(2.2204460492503E-16,1.,1.224646799147E-16));
#14130=DIRECTION('ref_axis',(-1.,2.2204460492503E-16,-9.57918872097043E-46));
#14131=DIRECTION('',(-1.499759782662E-32,-1.224646799147E-16,1.));
#14132=DIRECTION('center_axis',(-1.,2.2204460492503E-16,1.21950236423098E-32));
#14133=DIRECTION('ref_axis',(-2.2204460492503E-16,-1.,2.00296714216273E-30));
#14134=DIRECTION('',(-1.499759782662E-32,-1.224646799147E-16,1.));
#14135=DIRECTION('center_axis',(2.2204460492503E-16,1.,1.224646799147E-16));
#14136=DIRECTION('ref_axis',(-1.,2.2204460492503E-16,-9.57918872097043E-46));
#14137=DIRECTION('',(-1.499759782662E-32,-1.224646799147E-16,1.));
#14138=DIRECTION('center_axis',(-1.,2.2204460492503E-16,1.21950236423098E-32));
#14139=DIRECTION('ref_axis',(-2.2204460492503E-16,-1.,2.00296714216273E-30));
#14140=DIRECTION('',(-1.499759782662E-32,-1.224646799147E-16,1.));
#14141=DIRECTION('center_axis',(-2.2204460492503E-16,-1.,-1.224646799147E-16));
#14142=DIRECTION('ref_axis',(1.,-2.2204460492503E-16,9.57918872097043E-46));
#14143=DIRECTION('',(-1.499759782662E-32,-1.224646799147E-16,1.));
#14144=DIRECTION('center_axis',(-1.,2.2204460492503E-16,1.21950236423098E-32));
#14145=DIRECTION('ref_axis',(-2.2204460492503E-16,-1.,2.00296714216273E-30));
#14146=DIRECTION('',(-1.499759782662E-32,-1.224646799147E-16,1.));
#14147=DIRECTION('center_axis',(2.2204460492503E-16,1.,1.224646799147E-16));
#14148=DIRECTION('ref_axis',(-1.,2.2204460492503E-16,-9.57918872097043E-46));
#14149=DIRECTION('',(-1.499759782662E-32,-1.224646799147E-16,1.));
#14150=DIRECTION('center_axis',(-1.,2.2204460492503E-16,1.21950236423098E-32));
#14151=DIRECTION('ref_axis',(-2.2204460492503E-16,-1.,2.00296714216273E-30));
#14152=DIRECTION('',(-1.499759782662E-32,-1.224646799147E-16,1.));
#14153=DIRECTION('center_axis',(-2.2204460492503E-16,-1.,-1.224646799147E-16));
#14154=DIRECTION('ref_axis',(1.,-2.2204460492503E-16,9.57918872097043E-46));
#14155=DIRECTION('',(-1.499759782662E-32,-1.224646799147E-16,1.));
#14156=DIRECTION('center_axis',(-1.,2.2204460492503E-16,1.21950236423098E-32));
#14157=DIRECTION('ref_axis',(-2.2204460492503E-16,-1.,2.00296714216273E-30));
#14158=DIRECTION('',(-1.499759782662E-32,-1.224646799147E-16,1.));
#14159=DIRECTION('center_axis',(-2.2204460492503E-16,-1.,-1.224646799147E-16));
#14160=DIRECTION('ref_axis',(1.,-2.2204460492503E-16,9.57918872097043E-46));
#14161=DIRECTION('center_axis',(-1.499759782662E-32,-1.224646799147E-16,
1.));
#14162=DIRECTION('ref_axis',(1.,-2.2204460492503E-16,-1.21950236423098E-32));
#14163=DIRECTION('',(-1.499759782662E-32,-1.224646799147E-16,1.));
#14164=DIRECTION('center_axis',(1.,-2.2204460492503E-16,-1.21950236423098E-32));
#14165=DIRECTION('ref_axis',(2.2204460492503E-16,1.,-2.00296714216273E-30));
#14166=DIRECTION('',(-1.499759782662E-32,-1.224646799147E-16,1.));
#14167=DIRECTION('',(-1.499759782662E-32,-1.224646799147E-16,1.));
#14168=DIRECTION('center_axis',(-2.2204460492503E-16,-1.,-1.224646799147E-16));
#14169=DIRECTION('ref_axis',(1.,-2.2204460492503E-16,9.57918872097043E-46));
#14170=DIRECTION('',(-1.499759782662E-32,-1.224646799147E-16,1.));
#14171=DIRECTION('center_axis',(1.,-2.2204460492503E-16,-1.21950236423098E-32));
#14172=DIRECTION('ref_axis',(2.2204460492503E-16,1.,-2.00296714216273E-30));
#14173=DIRECTION('',(-1.499759782662E-32,-1.224646799147E-16,1.));
#14174=DIRECTION('center_axis',(2.2204460492503E-16,1.,1.224646799147E-16));
#14175=DIRECTION('ref_axis',(-1.,2.2204460492503E-16,-9.57918872097043E-46));
#14176=DIRECTION('',(-1.499759782662E-32,-1.224646799147E-16,1.));
#14177=DIRECTION('center_axis',(1.,-2.2204460492503E-16,-1.21950236423098E-32));
#14178=DIRECTION('ref_axis',(2.2204460492503E-16,1.,-2.00296714216273E-30));
#14179=DIRECTION('',(-1.499759782662E-32,-1.224646799147E-16,1.));
#14180=DIRECTION('center_axis',(-2.2204460492503E-16,-1.,-1.224646799147E-16));
#14181=DIRECTION('ref_axis',(1.,-2.2204460492503E-16,9.57918872097043E-46));
#14182=DIRECTION('',(-1.499759782662E-32,-1.224646799147E-16,1.));
#14183=DIRECTION('center_axis',(1.,-2.2204460492503E-16,-1.21950236423098E-32));
#14184=DIRECTION('ref_axis',(2.2204460492503E-16,1.,-2.00296714216273E-30));
#14185=DIRECTION('',(-1.499759782662E-32,-1.224646799147E-16,1.));
#14186=DIRECTION('center_axis',(2.2204460492503E-16,1.,1.224646799147E-16));
#14187=DIRECTION('ref_axis',(-1.,2.2204460492503E-16,-9.57918872097043E-46));
#14188=DIRECTION('',(-1.499759782662E-32,-1.224646799147E-16,1.));
#14189=DIRECTION('center_axis',(1.,-2.2204460492503E-16,-1.21950236423098E-32));
#14190=DIRECTION('ref_axis',(2.2204460492503E-16,1.,-2.00296714216273E-30));
#14191=DIRECTION('',(-1.499759782662E-32,-1.224646799147E-16,1.));
#14192=DIRECTION('center_axis',(2.2204460492503E-16,1.,1.224646799147E-16));
#14193=DIRECTION('ref_axis',(-1.,2.2204460492503E-16,-9.57918872097043E-46));
#14194=DIRECTION('',(-1.499759782662E-32,-1.224646799147E-16,1.));
#14195=DIRECTION('center_axis',(-1.,2.2204460492503E-16,1.21950236423098E-32));
#14196=DIRECTION('ref_axis',(-2.2204460492503E-16,-1.,2.00296714216273E-30));
#14197=DIRECTION('',(-1.499759782662E-32,-1.224646799147E-16,1.));
#14198=DIRECTION('center_axis',(2.2204460492503E-16,1.,1.224646799147E-16));
#14199=DIRECTION('ref_axis',(-1.,2.2204460492503E-16,-9.57918872097043E-46));
#14200=DIRECTION('',(-1.499759782662E-32,-1.224646799147E-16,1.));
#14201=DIRECTION('center_axis',(-1.,2.2204460492503E-16,1.21950236423098E-32));
#14202=DIRECTION('ref_axis',(-2.2204460492503E-16,-1.,2.00296714216273E-30));
#14203=DIRECTION('',(-1.499759782662E-32,-1.224646799147E-16,1.));
#14204=DIRECTION('center_axis',(-2.2204460492503E-16,-1.,-1.224646799147E-16));
#14205=DIRECTION('ref_axis',(1.,-2.2204460492503E-16,9.57918872097043E-46));
#14206=DIRECTION('',(-1.499759782662E-32,-1.224646799147E-16,1.));
#14207=DIRECTION('center_axis',(-1.,2.2204460492503E-16,1.21950236423098E-32));
#14208=DIRECTION('ref_axis',(-2.2204460492503E-16,-1.,2.00296714216273E-30));
#14209=DIRECTION('',(-1.499759782662E-32,-1.224646799147E-16,1.));
#14210=DIRECTION('center_axis',(2.2204460492503E-16,1.,1.224646799147E-16));
#14211=DIRECTION('ref_axis',(-1.,2.2204460492503E-16,-9.57918872097043E-46));
#14212=DIRECTION('',(-1.499759782662E-32,-1.224646799147E-16,1.));
#14213=DIRECTION('center_axis',(-1.,2.2204460492503E-16,1.21950236423098E-32));
#14214=DIRECTION('ref_axis',(-2.2204460492503E-16,-1.,2.00296714216273E-30));
#14215=DIRECTION('',(-1.499759782662E-32,-1.224646799147E-16,1.));
#14216=DIRECTION('center_axis',(-2.2204460492503E-16,-1.,-1.224646799147E-16));
#14217=DIRECTION('ref_axis',(1.,-2.2204460492503E-16,9.57918872097043E-46));
#14218=DIRECTION('',(-1.499759782662E-32,-1.224646799147E-16,1.));
#14219=DIRECTION('center_axis',(-1.,2.2204460492503E-16,1.21950236423098E-32));
#14220=DIRECTION('ref_axis',(-2.2204460492503E-16,-1.,2.00296714216273E-30));
#14221=DIRECTION('',(-1.499759782662E-32,-1.224646799147E-16,1.));
#14222=DIRECTION('center_axis',(-2.2204460492503E-16,-1.,-1.224646799147E-16));
#14223=DIRECTION('ref_axis',(1.,-2.2204460492503E-16,9.57918872097043E-46));
#14224=DIRECTION('center_axis',(-1.499759782662E-32,-1.224646799147E-16,
1.));
#14225=DIRECTION('ref_axis',(1.,-2.2204460492503E-16,-1.21950236423098E-32));
#14226=DIRECTION('',(-1.499759782662E-32,-1.224646799147E-16,1.));
#14227=DIRECTION('center_axis',(1.,-2.2204460492503E-16,-1.21950236423098E-32));
#14228=DIRECTION('ref_axis',(2.2204460492503E-16,1.,-2.00296714216273E-30));
#14229=DIRECTION('',(-1.499759782662E-32,-1.224646799147E-16,1.));
#14230=DIRECTION('',(-1.499759782662E-32,-1.224646799147E-16,1.));
#14231=DIRECTION('center_axis',(-2.2204460492503E-16,-1.,-1.224646799147E-16));
#14232=DIRECTION('ref_axis',(1.,-2.2204460492503E-16,9.57918872097043E-46));
#14233=DIRECTION('',(-1.499759782662E-32,-1.224646799147E-16,1.));
#14234=DIRECTION('center_axis',(1.,-2.2204460492503E-16,-1.21950236423098E-32));
#14235=DIRECTION('ref_axis',(2.2204460492503E-16,1.,-2.00296714216273E-30));
#14236=DIRECTION('',(-1.499759782662E-32,-1.224646799147E-16,1.));
#14237=DIRECTION('center_axis',(2.2204460492503E-16,1.,1.224646799147E-16));
#14238=DIRECTION('ref_axis',(-1.,2.2204460492503E-16,-9.57918872097043E-46));
#14239=DIRECTION('',(-1.499759782662E-32,-1.224646799147E-16,1.));
#14240=DIRECTION('center_axis',(1.,-2.2204460492503E-16,-1.21950236423098E-32));
#14241=DIRECTION('ref_axis',(2.2204460492503E-16,1.,-2.00296714216273E-30));
#14242=DIRECTION('',(-1.499759782662E-32,-1.224646799147E-16,1.));
#14243=DIRECTION('center_axis',(-2.2204460492503E-16,-1.,-1.224646799147E-16));
#14244=DIRECTION('ref_axis',(1.,-2.2204460492503E-16,9.57918872097043E-46));
#14245=DIRECTION('',(-1.499759782662E-32,-1.224646799147E-16,1.));
#14246=DIRECTION('center_axis',(1.,-2.2204460492503E-16,-1.21950236423098E-32));
#14247=DIRECTION('ref_axis',(2.2204460492503E-16,1.,-2.00296714216273E-30));
#14248=DIRECTION('',(-1.499759782662E-32,-1.224646799147E-16,1.));
#14249=DIRECTION('center_axis',(2.2204460492503E-16,1.,1.224646799147E-16));
#14250=DIRECTION('ref_axis',(-1.,2.2204460492503E-16,-9.57918872097043E-46));
#14251=DIRECTION('',(-1.499759782662E-32,-1.224646799147E-16,1.));
#14252=DIRECTION('center_axis',(1.,-2.2204460492503E-16,-1.21950236423098E-32));
#14253=DIRECTION('ref_axis',(2.2204460492503E-16,1.,-2.00296714216273E-30));
#14254=DIRECTION('',(-1.499759782662E-32,-1.224646799147E-16,1.));
#14255=DIRECTION('center_axis',(2.2204460492503E-16,1.,1.224646799147E-16));
#14256=DIRECTION('ref_axis',(-1.,2.2204460492503E-16,-9.57918872097043E-46));
#14257=DIRECTION('',(-1.499759782662E-32,-1.224646799147E-16,1.));
#14258=DIRECTION('center_axis',(-1.,2.2204460492503E-16,1.21950236423098E-32));
#14259=DIRECTION('ref_axis',(-2.2204460492503E-16,-1.,2.00296714216273E-30));
#14260=DIRECTION('',(-1.499759782662E-32,-1.224646799147E-16,1.));
#14261=DIRECTION('center_axis',(2.2204460492503E-16,1.,1.224646799147E-16));
#14262=DIRECTION('ref_axis',(-1.,2.2204460492503E-16,-9.57918872097043E-46));
#14263=DIRECTION('',(-1.499759782662E-32,-1.224646799147E-16,1.));
#14264=DIRECTION('center_axis',(-1.,2.2204460492503E-16,1.21950236423098E-32));
#14265=DIRECTION('ref_axis',(-2.2204460492503E-16,-1.,2.00296714216273E-30));
#14266=DIRECTION('',(-1.499759782662E-32,-1.224646799147E-16,1.));
#14267=DIRECTION('center_axis',(-2.2204460492503E-16,-1.,-1.224646799147E-16));
#14268=DIRECTION('ref_axis',(1.,-2.2204460492503E-16,9.57918872097043E-46));
#14269=DIRECTION('',(-1.499759782662E-32,-1.224646799147E-16,1.));
#14270=DIRECTION('center_axis',(-1.,2.2204460492503E-16,1.21950236423098E-32));
#14271=DIRECTION('ref_axis',(-2.2204460492503E-16,-1.,2.00296714216273E-30));
#14272=DIRECTION('',(-1.499759782662E-32,-1.224646799147E-16,1.));
#14273=DIRECTION('center_axis',(2.2204460492503E-16,1.,1.224646799147E-16));
#14274=DIRECTION('ref_axis',(-1.,2.2204460492503E-16,-9.57918872097043E-46));
#14275=DIRECTION('',(-1.499759782662E-32,-1.224646799147E-16,1.));
#14276=DIRECTION('center_axis',(-1.,2.2204460492503E-16,1.21950236423098E-32));
#14277=DIRECTION('ref_axis',(-2.2204460492503E-16,-1.,2.00296714216273E-30));
#14278=DIRECTION('',(-1.499759782662E-32,-1.224646799147E-16,1.));
#14279=DIRECTION('center_axis',(-2.2204460492503E-16,-1.,-1.224646799147E-16));
#14280=DIRECTION('ref_axis',(1.,-2.2204460492503E-16,9.57918872097043E-46));
#14281=DIRECTION('',(-1.499759782662E-32,-1.224646799147E-16,1.));
#14282=DIRECTION('center_axis',(-1.,2.2204460492503E-16,1.21950236423098E-32));
#14283=DIRECTION('ref_axis',(-2.2204460492503E-16,-1.,2.00296714216273E-30));
#14284=DIRECTION('',(-1.499759782662E-32,-1.224646799147E-16,1.));
#14285=DIRECTION('center_axis',(-2.2204460492503E-16,-1.,-1.224646799147E-16));
#14286=DIRECTION('ref_axis',(1.,-2.2204460492503E-16,9.57918872097043E-46));
#14287=DIRECTION('center_axis',(1.,-2.2204460492503E-16,-1.21950236423098E-32));
#14288=DIRECTION('ref_axis',(2.2204460492503E-16,1.,-2.00296714216273E-30));
#14289=DIRECTION('',(-1.499759782662E-32,-1.224646799147E-16,1.));
#14290=DIRECTION('',(-1.499759782662E-32,-1.224646799147E-16,1.));
#14291=DIRECTION('center_axis',(-2.2204460492503E-16,-1.,-1.224646799147E-16));
#14292=DIRECTION('ref_axis',(1.,-2.2204460492503E-16,9.57918872097043E-46));
#14293=DIRECTION('',(-1.499759782662E-32,-1.224646799147E-16,1.));
#14294=DIRECTION('center_axis',(1.,-2.2204460492503E-16,-1.21950236423098E-32));
#14295=DIRECTION('ref_axis',(2.2204460492503E-16,1.,-2.00296714216273E-30));
#14296=DIRECTION('',(-1.499759782662E-32,-1.224646799147E-16,1.));
#14297=DIRECTION('center_axis',(2.2204460492503E-16,1.,1.224646799147E-16));
#14298=DIRECTION('ref_axis',(-1.,2.2204460492503E-16,-9.57918872097043E-46));
#14299=DIRECTION('',(-1.499759782662E-32,-1.224646799147E-16,1.));
#14300=DIRECTION('center_axis',(1.,-2.2204460492503E-16,-1.21950236423098E-32));
#14301=DIRECTION('ref_axis',(2.2204460492503E-16,1.,-2.00296714216273E-30));
#14302=DIRECTION('',(-1.499759782662E-32,-1.224646799147E-16,1.));
#14303=DIRECTION('center_axis',(-2.2204460492503E-16,-1.,-1.224646799147E-16));
#14304=DIRECTION('ref_axis',(1.,-2.2204460492503E-16,9.57918872097043E-46));
#14305=DIRECTION('',(-1.499759782662E-32,-1.224646799147E-16,1.));
#14306=DIRECTION('center_axis',(1.,-2.2204460492503E-16,-1.21950236423098E-32));
#14307=DIRECTION('ref_axis',(2.2204460492503E-16,1.,-2.00296714216273E-30));
#14308=DIRECTION('',(-1.499759782662E-32,-1.224646799147E-16,1.));
#14309=DIRECTION('center_axis',(2.2204460492503E-16,1.,1.224646799147E-16));
#14310=DIRECTION('ref_axis',(-1.,2.2204460492503E-16,-9.57918872097043E-46));
#14311=DIRECTION('',(-1.499759782662E-32,-1.224646799147E-16,1.));
#14312=DIRECTION('center_axis',(1.,-2.2204460492503E-16,-1.21950236423098E-32));
#14313=DIRECTION('ref_axis',(2.2204460492503E-16,1.,-2.00296714216273E-30));
#14314=DIRECTION('',(-1.499759782662E-32,-1.224646799147E-16,1.));
#14315=DIRECTION('center_axis',(2.2204460492503E-16,1.,1.224646799147E-16));
#14316=DIRECTION('ref_axis',(-1.,2.2204460492503E-16,-9.57918872097043E-46));
#14317=DIRECTION('',(-1.499759782662E-32,-1.224646799147E-16,1.));
#14318=DIRECTION('center_axis',(-1.,2.2204460492503E-16,1.21950236423098E-32));
#14319=DIRECTION('ref_axis',(-2.2204460492503E-16,-1.,2.00296714216273E-30));
#14320=DIRECTION('',(-1.499759782662E-32,-1.224646799147E-16,1.));
#14321=DIRECTION('center_axis',(2.2204460492503E-16,1.,1.224646799147E-16));
#14322=DIRECTION('ref_axis',(-1.,2.2204460492503E-16,-9.57918872097043E-46));
#14323=DIRECTION('',(-1.499759782662E-32,-1.224646799147E-16,1.));
#14324=DIRECTION('center_axis',(-1.,2.2204460492503E-16,1.21950236423098E-32));
#14325=DIRECTION('ref_axis',(-2.2204460492503E-16,-1.,2.00296714216273E-30));
#14326=DIRECTION('',(-1.499759782662E-32,-1.224646799147E-16,1.));
#14327=DIRECTION('center_axis',(-2.2204460492503E-16,-1.,-1.224646799147E-16));
#14328=DIRECTION('ref_axis',(1.,-2.2204460492503E-16,9.57918872097043E-46));
#14329=DIRECTION('',(-1.499759782662E-32,-1.224646799147E-16,1.));
#14330=DIRECTION('center_axis',(-1.,2.2204460492503E-16,1.21950236423098E-32));
#14331=DIRECTION('ref_axis',(-2.2204460492503E-16,-1.,2.00296714216273E-30));
#14332=DIRECTION('',(-1.499759782662E-32,-1.224646799147E-16,1.));
#14333=DIRECTION('center_axis',(2.2204460492503E-16,1.,1.224646799147E-16));
#14334=DIRECTION('ref_axis',(-1.,2.2204460492503E-16,-9.57918872097043E-46));
#14335=DIRECTION('',(-1.499759782662E-32,-1.224646799147E-16,1.));
#14336=DIRECTION('center_axis',(-1.,2.2204460492503E-16,1.21950236423098E-32));
#14337=DIRECTION('ref_axis',(-2.2204460492503E-16,-1.,2.00296714216273E-30));
#14338=DIRECTION('',(-1.499759782662E-32,-1.224646799147E-16,1.));
#14339=DIRECTION('center_axis',(-2.2204460492503E-16,-1.,-1.224646799147E-16));
#14340=DIRECTION('ref_axis',(1.,-2.2204460492503E-16,9.57918872097043E-46));
#14341=DIRECTION('',(-1.499759782662E-32,-1.224646799147E-16,1.));
#14342=DIRECTION('center_axis',(-1.,2.2204460492503E-16,1.21950236423098E-32));
#14343=DIRECTION('ref_axis',(-2.2204460492503E-16,-1.,2.00296714216273E-30));
#14344=DIRECTION('',(-1.499759782662E-32,-1.224646799147E-16,1.));
#14345=DIRECTION('center_axis',(-2.2204460492503E-16,-1.,-1.224646799147E-16));
#14346=DIRECTION('ref_axis',(1.,-2.2204460492503E-16,9.57918872097043E-46));
#14347=DIRECTION('center_axis',(1.,-2.2204460492503E-16,-1.21950236423098E-32));
#14348=DIRECTION('ref_axis',(2.2204460492503E-16,1.,-2.00296714216273E-30));
#14349=DIRECTION('',(-1.499759782662E-32,-1.224646799147E-16,1.));
#14350=DIRECTION('',(-1.499759782662E-32,-1.224646799147E-16,1.));
#14351=DIRECTION('center_axis',(-2.2204460492503E-16,-1.,-1.224646799147E-16));
#14352=DIRECTION('ref_axis',(1.,-2.2204460492503E-16,9.57918872097043E-46));
#14353=DIRECTION('',(-1.499759782662E-32,-1.224646799147E-16,1.));
#14354=DIRECTION('center_axis',(1.,-2.2204460492503E-16,-1.21950236423098E-32));
#14355=DIRECTION('ref_axis',(2.2204460492503E-16,1.,-2.00296714216273E-30));
#14356=DIRECTION('',(-1.499759782662E-32,-1.224646799147E-16,1.));
#14357=DIRECTION('center_axis',(2.2204460492503E-16,1.,1.224646799147E-16));
#14358=DIRECTION('ref_axis',(-1.,2.2204460492503E-16,-9.57918872097043E-46));
#14359=DIRECTION('',(-1.499759782662E-32,-1.224646799147E-16,1.));
#14360=DIRECTION('center_axis',(1.,-2.2204460492503E-16,-1.21950236423098E-32));
#14361=DIRECTION('ref_axis',(2.2204460492503E-16,1.,-2.00296714216273E-30));
#14362=DIRECTION('',(-1.499759782662E-32,-1.224646799147E-16,1.));
#14363=DIRECTION('center_axis',(-2.2204460492503E-16,-1.,-1.224646799147E-16));
#14364=DIRECTION('ref_axis',(1.,-2.2204460492503E-16,9.57918872097043E-46));
#14365=DIRECTION('',(-1.499759782662E-32,-1.224646799147E-16,1.));
#14366=DIRECTION('center_axis',(1.,-2.2204460492503E-16,-1.21950236423098E-32));
#14367=DIRECTION('ref_axis',(2.2204460492503E-16,1.,-2.00296714216273E-30));
#14368=DIRECTION('',(-1.499759782662E-32,-1.224646799147E-16,1.));
#14369=DIRECTION('center_axis',(2.2204460492503E-16,1.,1.224646799147E-16));
#14370=DIRECTION('ref_axis',(-1.,2.2204460492503E-16,-9.57918872097043E-46));
#14371=DIRECTION('',(-1.499759782662E-32,-1.224646799147E-16,1.));
#14372=DIRECTION('center_axis',(1.,-2.2204460492503E-16,-1.21950236423098E-32));
#14373=DIRECTION('ref_axis',(2.2204460492503E-16,1.,-2.00296714216273E-30));
#14374=DIRECTION('',(-1.499759782662E-32,-1.224646799147E-16,1.));
#14375=DIRECTION('center_axis',(2.2204460492503E-16,1.,1.224646799147E-16));
#14376=DIRECTION('ref_axis',(-1.,2.2204460492503E-16,-9.57918872097043E-46));
#14377=DIRECTION('',(-1.499759782662E-32,-1.224646799147E-16,1.));
#14378=DIRECTION('center_axis',(-1.,2.2204460492503E-16,1.21950236423098E-32));
#14379=DIRECTION('ref_axis',(-2.2204460492503E-16,-1.,2.00296714216273E-30));
#14380=DIRECTION('',(-1.499759782662E-32,-1.224646799147E-16,1.));
#14381=DIRECTION('center_axis',(2.2204460492503E-16,1.,1.224646799147E-16));
#14382=DIRECTION('ref_axis',(-1.,2.2204460492503E-16,-9.57918872097043E-46));
#14383=DIRECTION('',(-1.499759782662E-32,-1.224646799147E-16,1.));
#14384=DIRECTION('center_axis',(-1.,2.2204460492503E-16,1.21950236423098E-32));
#14385=DIRECTION('ref_axis',(-2.2204460492503E-16,-1.,2.00296714216273E-30));
#14386=DIRECTION('',(-1.499759782662E-32,-1.224646799147E-16,1.));
#14387=DIRECTION('center_axis',(-2.2204460492503E-16,-1.,-1.224646799147E-16));
#14388=DIRECTION('ref_axis',(1.,-2.2204460492503E-16,9.57918872097043E-46));
#14389=DIRECTION('',(-1.499759782662E-32,-1.224646799147E-16,1.));
#14390=DIRECTION('center_axis',(-1.,2.2204460492503E-16,1.21950236423098E-32));
#14391=DIRECTION('ref_axis',(-2.2204460492503E-16,-1.,2.00296714216273E-30));
#14392=DIRECTION('',(-1.499759782662E-32,-1.224646799147E-16,1.));
#14393=DIRECTION('center_axis',(2.2204460492503E-16,1.,1.224646799147E-16));
#14394=DIRECTION('ref_axis',(-1.,2.2204460492503E-16,-9.57918872097043E-46));
#14395=DIRECTION('',(-1.499759782662E-32,-1.224646799147E-16,1.));
#14396=DIRECTION('center_axis',(-1.,2.2204460492503E-16,1.21950236423098E-32));
#14397=DIRECTION('ref_axis',(-2.2204460492503E-16,-1.,2.00296714216273E-30));
#14398=DIRECTION('',(-1.499759782662E-32,-1.224646799147E-16,1.));
#14399=DIRECTION('center_axis',(-2.2204460492503E-16,-1.,-1.224646799147E-16));
#14400=DIRECTION('ref_axis',(1.,-2.2204460492503E-16,9.57918872097043E-46));
#14401=DIRECTION('',(-1.499759782662E-32,-1.224646799147E-16,1.));
#14402=DIRECTION('center_axis',(-1.,2.2204460492503E-16,1.21950236423098E-32));
#14403=DIRECTION('ref_axis',(-2.2204460492503E-16,-1.,2.00296714216273E-30));
#14404=DIRECTION('',(-1.499759782662E-32,-1.224646799147E-16,1.));
#14405=DIRECTION('center_axis',(-2.2204460492503E-16,-1.,-1.224646799147E-16));
#14406=DIRECTION('ref_axis',(1.,-2.2204460492503E-16,9.57918872097043E-46));
#14407=DIRECTION('center_axis',(1.,-2.2204460492503E-16,-1.21950236423098E-32));
#14408=DIRECTION('ref_axis',(2.2204460492503E-16,1.,-2.00296714216273E-30));
#14409=DIRECTION('',(-1.499759782662E-32,-1.224646799147E-16,1.));
#14410=DIRECTION('',(-1.499759782662E-32,-1.224646799147E-16,1.));
#14411=DIRECTION('center_axis',(-2.2204460492503E-16,-1.,-1.224646799147E-16));
#14412=DIRECTION('ref_axis',(1.,-2.2204460492503E-16,9.57918872097043E-46));
#14413=DIRECTION('',(-1.499759782662E-32,-1.224646799147E-16,1.));
#14414=DIRECTION('center_axis',(1.,-2.2204460492503E-16,-1.21950236423098E-32));
#14415=DIRECTION('ref_axis',(2.2204460492503E-16,1.,-2.00296714216273E-30));
#14416=DIRECTION('',(-1.499759782662E-32,-1.224646799147E-16,1.));
#14417=DIRECTION('center_axis',(2.2204460492503E-16,1.,1.224646799147E-16));
#14418=DIRECTION('ref_axis',(-1.,2.2204460492503E-16,-9.57918872097043E-46));
#14419=DIRECTION('',(-1.499759782662E-32,-1.224646799147E-16,1.));
#14420=DIRECTION('center_axis',(1.,-2.2204460492503E-16,-1.21950236423098E-32));
#14421=DIRECTION('ref_axis',(2.2204460492503E-16,1.,-2.00296714216273E-30));
#14422=DIRECTION('',(-1.499759782662E-32,-1.224646799147E-16,1.));
#14423=DIRECTION('center_axis',(-2.2204460492503E-16,-1.,-1.224646799147E-16));
#14424=DIRECTION('ref_axis',(1.,-2.2204460492503E-16,9.57918872097043E-46));
#14425=DIRECTION('',(-1.499759782662E-32,-1.224646799147E-16,1.));
#14426=DIRECTION('center_axis',(1.,-2.2204460492503E-16,-1.21950236423098E-32));
#14427=DIRECTION('ref_axis',(2.2204460492503E-16,1.,-2.00296714216273E-30));
#14428=DIRECTION('',(-1.499759782662E-32,-1.224646799147E-16,1.));
#14429=DIRECTION('center_axis',(2.2204460492503E-16,1.,1.224646799147E-16));
#14430=DIRECTION('ref_axis',(-1.,2.2204460492503E-16,-9.57918872097043E-46));
#14431=DIRECTION('',(-1.499759782662E-32,-1.224646799147E-16,1.));
#14432=DIRECTION('center_axis',(1.,-2.2204460492503E-16,-1.21950236423098E-32));
#14433=DIRECTION('ref_axis',(2.2204460492503E-16,1.,-2.00296714216273E-30));
#14434=DIRECTION('',(-1.499759782662E-32,-1.224646799147E-16,1.));
#14435=DIRECTION('center_axis',(2.2204460492503E-16,1.,1.224646799147E-16));
#14436=DIRECTION('ref_axis',(-1.,2.2204460492503E-16,-9.57918872097043E-46));
#14437=DIRECTION('',(-1.499759782662E-32,-1.224646799147E-16,1.));
#14438=DIRECTION('center_axis',(-1.,2.2204460492503E-16,1.21950236423098E-32));
#14439=DIRECTION('ref_axis',(-2.2204460492503E-16,-1.,2.00296714216273E-30));
#14440=DIRECTION('',(-1.499759782662E-32,-1.224646799147E-16,1.));
#14441=DIRECTION('center_axis',(2.2204460492503E-16,1.,1.224646799147E-16));
#14442=DIRECTION('ref_axis',(-1.,2.2204460492503E-16,-9.57918872097043E-46));
#14443=DIRECTION('',(-1.499759782662E-32,-1.224646799147E-16,1.));
#14444=DIRECTION('center_axis',(-1.,2.2204460492503E-16,1.21950236423098E-32));
#14445=DIRECTION('ref_axis',(-2.2204460492503E-16,-1.,2.00296714216273E-30));
#14446=DIRECTION('',(-1.499759782662E-32,-1.224646799147E-16,1.));
#14447=DIRECTION('center_axis',(-2.2204460492503E-16,-1.,-1.224646799147E-16));
#14448=DIRECTION('ref_axis',(1.,-2.2204460492503E-16,9.57918872097043E-46));
#14449=DIRECTION('',(-1.499759782662E-32,-1.224646799147E-16,1.));
#14450=DIRECTION('center_axis',(-1.,2.2204460492503E-16,1.21950236423098E-32));
#14451=DIRECTION('ref_axis',(-2.2204460492503E-16,-1.,2.00296714216273E-30));
#14452=DIRECTION('',(-1.499759782662E-32,-1.224646799147E-16,1.));
#14453=DIRECTION('center_axis',(2.2204460492503E-16,1.,1.224646799147E-16));
#14454=DIRECTION('ref_axis',(-1.,2.2204460492503E-16,-9.57918872097043E-46));
#14455=DIRECTION('',(-1.499759782662E-32,-1.224646799147E-16,1.));
#14456=DIRECTION('center_axis',(-1.,2.2204460492503E-16,1.21950236423098E-32));
#14457=DIRECTION('ref_axis',(-2.2204460492503E-16,-1.,2.00296714216273E-30));
#14458=DIRECTION('',(-1.499759782662E-32,-1.224646799147E-16,1.));
#14459=DIRECTION('center_axis',(-2.2204460492503E-16,-1.,-1.224646799147E-16));
#14460=DIRECTION('ref_axis',(1.,-2.2204460492503E-16,9.57918872097043E-46));
#14461=DIRECTION('',(-1.499759782662E-32,-1.224646799147E-16,1.));
#14462=DIRECTION('center_axis',(-1.,2.2204460492503E-16,1.21950236423098E-32));
#14463=DIRECTION('ref_axis',(-2.2204460492503E-16,-1.,2.00296714216273E-30));
#14464=DIRECTION('',(-1.499759782662E-32,-1.224646799147E-16,1.));
#14465=DIRECTION('center_axis',(-2.2204460492503E-16,-1.,-1.224646799147E-16));
#14466=DIRECTION('ref_axis',(1.,-2.2204460492503E-16,9.57918872097043E-46));
#14467=DIRECTION('center_axis',(1.,-2.2204460492503E-16,-1.21950236423098E-32));
#14468=DIRECTION('ref_axis',(2.2204460492503E-16,1.,-2.00296714216273E-30));
#14469=DIRECTION('',(-1.499759782662E-32,-1.224646799147E-16,1.));
#14470=DIRECTION('',(-1.499759782662E-32,-1.224646799147E-16,1.));
#14471=DIRECTION('center_axis',(-2.2204460492503E-16,-1.,-1.224646799147E-16));
#14472=DIRECTION('ref_axis',(1.,-2.2204460492503E-16,9.57918872097043E-46));
#14473=DIRECTION('',(-1.499759782662E-32,-1.224646799147E-16,1.));
#14474=DIRECTION('center_axis',(1.,-2.2204460492503E-16,-1.21950236423098E-32));
#14475=DIRECTION('ref_axis',(2.2204460492503E-16,1.,-2.00296714216273E-30));
#14476=DIRECTION('',(-1.499759782662E-32,-1.224646799147E-16,1.));
#14477=DIRECTION('center_axis',(2.2204460492503E-16,1.,1.224646799147E-16));
#14478=DIRECTION('ref_axis',(-1.,2.2204460492503E-16,-9.57918872097043E-46));
#14479=DIRECTION('',(-1.499759782662E-32,-1.224646799147E-16,1.));
#14480=DIRECTION('center_axis',(1.,-2.2204460492503E-16,-1.21950236423098E-32));
#14481=DIRECTION('ref_axis',(2.2204460492503E-16,1.,-2.00296714216273E-30));
#14482=DIRECTION('',(-1.499759782662E-32,-1.224646799147E-16,1.));
#14483=DIRECTION('center_axis',(-2.2204460492503E-16,-1.,-1.224646799147E-16));
#14484=DIRECTION('ref_axis',(1.,-2.2204460492503E-16,9.57918872097043E-46));
#14485=DIRECTION('',(-1.499759782662E-32,-1.224646799147E-16,1.));
#14486=DIRECTION('center_axis',(1.,-2.2204460492503E-16,-1.21950236423098E-32));
#14487=DIRECTION('ref_axis',(2.2204460492503E-16,1.,-2.00296714216273E-30));
#14488=DIRECTION('',(-1.499759782662E-32,-1.224646799147E-16,1.));
#14489=DIRECTION('center_axis',(2.2204460492503E-16,1.,1.224646799147E-16));
#14490=DIRECTION('ref_axis',(-1.,2.2204460492503E-16,-9.57918872097043E-46));
#14491=DIRECTION('',(-1.499759782662E-32,-1.224646799147E-16,1.));
#14492=DIRECTION('center_axis',(1.,-2.2204460492503E-16,-1.21950236423098E-32));
#14493=DIRECTION('ref_axis',(2.2204460492503E-16,1.,-2.00296714216273E-30));
#14494=DIRECTION('',(-1.499759782662E-32,-1.224646799147E-16,1.));
#14495=DIRECTION('center_axis',(2.2204460492503E-16,1.,1.224646799147E-16));
#14496=DIRECTION('ref_axis',(-1.,2.2204460492503E-16,-9.57918872097043E-46));
#14497=DIRECTION('',(-1.499759782662E-32,-1.224646799147E-16,1.));
#14498=DIRECTION('center_axis',(-1.,2.2204460492503E-16,1.21950236423098E-32));
#14499=DIRECTION('ref_axis',(-2.2204460492503E-16,-1.,2.00296714216273E-30));
#14500=DIRECTION('',(-1.499759782662E-32,-1.224646799147E-16,1.));
#14501=DIRECTION('center_axis',(2.2204460492503E-16,1.,1.224646799147E-16));
#14502=DIRECTION('ref_axis',(-1.,2.2204460492503E-16,-9.57918872097043E-46));
#14503=DIRECTION('',(-1.499759782662E-32,-1.224646799147E-16,1.));
#14504=DIRECTION('center_axis',(-1.,2.2204460492503E-16,1.21950236423098E-32));
#14505=DIRECTION('ref_axis',(-2.2204460492503E-16,-1.,2.00296714216273E-30));
#14506=DIRECTION('',(-1.499759782662E-32,-1.224646799147E-16,1.));
#14507=DIRECTION('center_axis',(-2.2204460492503E-16,-1.,-1.224646799147E-16));
#14508=DIRECTION('ref_axis',(1.,-2.2204460492503E-16,9.57918872097043E-46));
#14509=DIRECTION('',(-1.499759782662E-32,-1.224646799147E-16,1.));
#14510=DIRECTION('center_axis',(-1.,2.2204460492503E-16,1.21950236423098E-32));
#14511=DIRECTION('ref_axis',(-2.2204460492503E-16,-1.,2.00296714216273E-30));
#14512=DIRECTION('',(-1.499759782662E-32,-1.224646799147E-16,1.));
#14513=DIRECTION('center_axis',(2.2204460492503E-16,1.,1.224646799147E-16));
#14514=DIRECTION('ref_axis',(-1.,2.2204460492503E-16,-9.57918872097043E-46));
#14515=DIRECTION('',(-1.499759782662E-32,-1.224646799147E-16,1.));
#14516=DIRECTION('center_axis',(-1.,2.2204460492503E-16,1.21950236423098E-32));
#14517=DIRECTION('ref_axis',(-2.2204460492503E-16,-1.,2.00296714216273E-30));
#14518=DIRECTION('',(-1.499759782662E-32,-1.224646799147E-16,1.));
#14519=DIRECTION('center_axis',(-2.2204460492503E-16,-1.,-1.224646799147E-16));
#14520=DIRECTION('ref_axis',(1.,-2.2204460492503E-16,9.57918872097043E-46));
#14521=DIRECTION('',(-1.499759782662E-32,-1.224646799147E-16,1.));
#14522=DIRECTION('center_axis',(-1.,2.2204460492503E-16,1.21950236423098E-32));
#14523=DIRECTION('ref_axis',(-2.2204460492503E-16,-1.,2.00296714216273E-30));
#14524=DIRECTION('',(-1.499759782662E-32,-1.224646799147E-16,1.));
#14525=DIRECTION('center_axis',(-2.2204460492503E-16,-1.,-1.224646799147E-16));
#14526=DIRECTION('ref_axis',(1.,-2.2204460492503E-16,9.57918872097043E-46));
#14527=DIRECTION('center_axis',(-1.499759782662E-32,-1.224646799147E-16,
1.));
#14528=DIRECTION('ref_axis',(-1.,2.02060590481781E-14,2.45953095584604E-30));
#14529=DIRECTION('',(-1.499759782662E-32,-1.224646799147E-16,1.));
#14530=DIRECTION('',(-1.499759782662E-32,-1.224646799147E-16,1.));
#14531=DIRECTION('center_axis',(7.21102621033723E-15,1.,1.224646799147E-16));
#14532=DIRECTION('ref_axis',(-1.,7.21102621033723E-15,-1.80636130166871E-44));
#14533=DIRECTION('',(-1.499759782662E-32,-1.224646799147E-16,1.));
#14534=DIRECTION('center_axis',(-0.0023653021876508,0.999997202668868,1.22464337340438E-16));
#14535=DIRECTION('ref_axis',(-0.999997202668868,-0.0023653021876508,5.4166779685891E-33));
#14536=DIRECTION('',(-1.499759782662E-32,-1.224646799147E-16,1.));
#14537=DIRECTION('center_axis',(0.0429091612260225,0.999078977800494,1.22351887225843E-16));
#14538=DIRECTION('ref_axis',(-0.999078977800494,0.0429091612260225,-9.91853921359426E-32));
#14539=DIRECTION('',(-1.499759782662E-32,-1.224646799147E-16,1.));
#14540=DIRECTION('center_axis',(0.11535380918581,0.993324467989349,1.21647163023755E-16));
#14541=DIRECTION('ref_axis',(-0.993324467989349,0.11535380918581,-2.98519141380022E-31));
#14542=DIRECTION('',(-1.499759782662E-32,-1.224646799147E-16,1.));
#14543=DIRECTION('center_axis',(0.191852517155272,0.981423767625986,1.20189747562995E-16));
#14544=DIRECTION('ref_axis',(-0.981423767625986,0.191852517155272,-5.23852944873328E-31));
#14545=DIRECTION('',(-1.499759782662E-32,-1.224646799147E-16,1.));
#14546=DIRECTION('center_axis',(0.272110948669558,0.962265884053962,1.17843583483504E-16));
#14547=DIRECTION('ref_axis',(-0.962265884053962,0.272110948669558,-6.27853161870239E-31));
#14548=DIRECTION('',(-1.499759782662E-32,-1.224646799147E-16,1.));
#14549=DIRECTION('center_axis',(0.348345544993992,0.937366193801995,1.14794250886822E-16));
#14550=DIRECTION('ref_axis',(-0.937366193801995,0.348345544993992,-8.39705455752835E-31));
#14551=DIRECTION('',(-1.499759782662E-32,-1.224646799147E-16,1.));
#14552=DIRECTION('center_axis',(0.415684075245861,0.909509070645804,1.11382737216155E-16));
#14553=DIRECTION('ref_axis',(-0.909509070645804,0.415684075245861,-9.62964972193618E-31));
#14554=DIRECTION('',(-1.499759782662E-32,-1.224646799147E-16,1.));
#14555=DIRECTION('center_axis',(0.492204884831874,0.870479380196706,1.06602978668136E-16));
#14556=DIRECTION('ref_axis',(-0.870479380196706,0.492204884831874,-1.06311332930175E-30));
#14557=DIRECTION('',(-1.499759782662E-32,-1.224646799147E-16,1.));
#14558=DIRECTION('center_axis',(0.554113488004493,0.832441134502311,1.01944637084655E-16));
#14559=DIRECTION('ref_axis',(-0.832441134502311,0.554113488004493,-1.20948400507518E-30));
#14560=DIRECTION('',(-1.499759782662E-32,-1.224646799147E-16,1.));
#14561=DIRECTION('center_axis',(0.618884070139726,0.785482340811865,9.61938434461743E-17));
#14562=DIRECTION('ref_axis',(-0.785482340811865,0.618884070139726,-1.52533651595469E-30));
#14563=DIRECTION('',(-1.499759782662E-32,-1.224646799147E-16,1.));
#14564=DIRECTION('center_axis',(0.675263811303941,0.737576291066406,9.0327044398119E-17));
#14565=DIRECTION('ref_axis',(-0.737576291066406,0.675263811303941,-1.60237371373018E-30));
#14566=DIRECTION('',(-1.499759782662E-32,-1.224646799147E-16,1.));
#14567=DIRECTION('center_axis',(0.737339286035184,0.675522595676211,8.27276584546345E-17));
#14568=DIRECTION('ref_axis',(-0.675522595676211,0.737339286035184,-1.66400347195057E-30));
#14569=DIRECTION('',(-1.499759782662E-32,-1.224646799147E-16,1.));
#14570=DIRECTION('center_axis',(0.780619865001069,0.625006101062792,7.65411721113895E-17));
#14571=DIRECTION('ref_axis',(-0.625006101062792,0.780619865001069,-1.87970762572194E-30));
#14572=DIRECTION('',(-1.499759782662E-32,-1.224646799147E-16,1.));
#14573=DIRECTION('center_axis',(0.833415941497014,0.552646241694129,6.76796450951334E-17));
#14574=DIRECTION('ref_axis',(-0.552646241694129,0.833415941497014,-1.83348530705665E-30));
#14575=DIRECTION('',(-1.499759782662E-32,-1.224646799147E-16,1.));
#14576=DIRECTION('center_axis',(0.872657378373037,0.488332980630121,5.98035421646592E-17));
#14577=DIRECTION('ref_axis',(-0.488332980630121,0.872657378373037,-1.77185554883626E-30));
#14578=DIRECTION('',(-1.499759782662E-32,-1.224646799147E-16,1.));
#14579=DIRECTION('center_axis',(0.909488294586808,0.415729529874389,5.09121838071557E-17));
#14580=DIRECTION('ref_axis',(-0.415729529874389,0.909488294586808,-2.1878564168239E-30));
#14581=DIRECTION('',(-1.499759782662E-32,-1.224646799147E-16,1.));
#14582=DIRECTION('center_axis',(0.935801307399957,0.352527889774031,4.31722151821813E-17));
#14583=DIRECTION('ref_axis',(-0.352527889774031,0.935801307399957,-2.48059776837076E-30));
#14584=DIRECTION('',(-1.499759782662E-32,-1.224646799147E-16,1.));
#14585=DIRECTION('center_axis',(0.965835119823573,0.259157329271979,3.17376193768414E-17));
#14586=DIRECTION('ref_axis',(-0.259157329271979,0.965835119823573,-2.2186712959341E-30));
#14587=DIRECTION('',(-1.499759782662E-32,-1.224646799147E-16,1.));
#14588=DIRECTION('center_axis',(0.978847235044674,0.204592498507149,2.50553548426267E-17));
#14589=DIRECTION('ref_axis',(-0.204592498507149,0.978847235044674,-1.91052250483214E-30));
#14590=DIRECTION('',(-1.499759782662E-32,-1.224646799147E-16,1.));
#14591=DIRECTION('center_axis',(0.993491815802801,0.113903520282972,1.39491581526117E-17));
#14592=DIRECTION('ref_axis',(-0.113903520282972,0.993491815802801,-1.86430018616684E-30));
#14593=DIRECTION('',(-1.499759782662E-32,-1.224646799147E-16,1.));
#14594=DIRECTION('center_axis',(0.999493265465932,0.0318309957156277,3.89817270168055E-18));
#14595=DIRECTION('ref_axis',(-0.0318309957156277,0.999493265465932,-2.38815313104017E-30));
#14596=DIRECTION('',(-1.499759782662E-32,-1.224646799147E-16,1.));
#14597=DIRECTION('center_axis',(0.999999997795757,6.63964330368786E-5,8.13121791935415E-21));
#14598=DIRECTION('ref_axis',(-6.63964330368786E-5,0.999999997795757,-1.92592994438724E-30));
#14599=DIRECTION('',(-1.499759782662E-32,-1.224646799147E-16,1.));
#14600=DIRECTION('center_axis',(0.999258518237091,-0.0385021263128963,-4.71515057494418E-18));
#14601=DIRECTION('ref_axis',(0.0385021263128963,0.999258518237091,-2.26489361459939E-30));
#14602=DIRECTION('',(-1.499759782662E-32,-1.224646799147E-16,1.));
#14603=DIRECTION('center_axis',(0.993385446655789,-0.114827498328925,-1.40623128282575E-17));
#14604=DIRECTION('ref_axis',(0.114827498328925,0.993385446655789,-2.52682008703605E-30));
#14605=DIRECTION('',(-1.499759782662E-32,-1.224646799147E-16,1.));
#14606=DIRECTION('center_axis',(0.979175260588566,-0.203016770369627,-2.48623838006325E-17));
#14607=DIRECTION('ref_axis',(0.203016770369627,0.979175260588566,-2.34193081237488E-30));
#14608=DIRECTION('',(-1.499759782662E-32,-1.224646799147E-16,1.));
#14609=DIRECTION('center_axis',(0.965311352088862,-0.261101500433018,-3.19757116757774E-17));
#14610=DIRECTION('ref_axis',(0.261101500433018,0.965311352088862,-2.24948617504429E-30));
#14611=DIRECTION('',(-1.499759782662E-32,-1.224646799147E-16,1.));
#14612=DIRECTION('center_axis',(0.936941416153455,-0.349486455669399,-4.27997469280759E-17));
#14613=DIRECTION('ref_axis',(0.349486455669399,0.936941416153455,-2.52682008703605E-30));
#14614=DIRECTION('',(-1.499759782662E-32,-1.224646799147E-16,1.));
#14615=DIRECTION('center_axis',(0.909200237460842,-0.416359133682868,-5.09892880360342E-17));
#14616=DIRECTION('ref_axis',(0.416359133682868,0.909200237460842,-1.75644810928116E-30));
#14617=DIRECTION('',(-1.499759782662E-32,-1.224646799147E-16,1.));
#14618=DIRECTION('center_axis',(0.870870583686523,-0.491512386893244,-6.01929071349913E-17));
#14619=DIRECTION('ref_axis',(0.491512386893244,0.870870583686523,-2.00296714216273E-30));
#14620=DIRECTION('',(-1.499759782662E-32,-1.224646799147E-16,1.));
#14621=DIRECTION('center_axis',(0.83285201665735,-0.553495725683392,-6.77836768799712E-17));
#14622=DIRECTION('ref_axis',(0.553495725683392,0.83285201665735,-2.2186712959341E-30));
#14623=DIRECTION('',(-1.499759782662E-32,-1.224646799147E-16,1.));
#14624=DIRECTION('center_axis',(0.784619548682638,-0.619977551065403,-7.59253523455241E-17));
#14625=DIRECTION('ref_axis',(0.619977551065403,0.784619548682638,-1.77185554883626E-30));
#14626=DIRECTION('',(-1.499759782662E-32,-1.224646799147E-16,1.));
#14627=DIRECTION('center_axis',(0.737493359347682,-0.675354384688565,-8.27070585498743E-17));
#14628=DIRECTION('ref_axis',(0.675354384688565,0.737493359347682,-1.71022579061587E-30));
#14629=DIRECTION('',(-1.499759782662E-32,-1.224646799147E-16,1.));
#14630=DIRECTION('center_axis',(0.674948848842205,-0.737864521065068,-9.0362342392647E-17));
#14631=DIRECTION('ref_axis',(0.737864521065068,0.674948848842205,-1.64859603239547E-30));
#14632=DIRECTION('',(-1.499759782662E-32,-1.224646799147E-16,1.));
#14633=DIRECTION('center_axis',(0.61944248688734,-0.785042040555044,-9.61399222161564E-17));
#14634=DIRECTION('ref_axis',(0.785042040555044,0.61944248688734,-1.4328918786241E-30));
#14635=DIRECTION('',(-1.499759782662E-32,-1.224646799147E-16,1.));
#14636=DIRECTION('center_axis',(0.552414724423497,-0.833569416569557,-1.02082811786874E-16));
#14637=DIRECTION('ref_axis',(0.833569416569557,0.552414724423497,-1.24029888418538E-30));
#14638=DIRECTION('',(-1.499759782662E-32,-1.224646799147E-16,1.));
#14639=DIRECTION('center_axis',(0.49351269883449,-0.869738590663366,-1.06512258115051E-16));
#14640=DIRECTION('ref_axis',(0.869738590663366,0.49351269883449,-1.03229845019156E-30));
#14641=DIRECTION('',(-1.499759782662E-32,-1.224646799147E-16,1.));
#14642=DIRECTION('center_axis',(0.41497372932957,-0.909833393521204,-1.11422455313279E-16));
#14643=DIRECTION('ref_axis',(0.909833393521204,0.41497372932957,-1.01689101063646E-30));
#14644=DIRECTION('',(-1.499759782662E-32,-1.224646799147E-16,1.));
#14645=DIRECTION('center_axis',(0.349024202323422,-0.937113710385511,-1.14763330586038E-16));
#14646=DIRECTION('ref_axis',(0.937113710385511,0.349024202323422,-8.24298016197737E-31));
#14647=DIRECTION('',(-1.499759782662E-32,-1.224646799147E-16,1.));
#14648=DIRECTION('center_axis',(0.264069595961198,-0.964503628033036,-1.18117628083633E-16));
#14649=DIRECTION('ref_axis',(0.964503628033036,0.264069595961198,-6.27853161870239E-31));
#14650=DIRECTION('',(-1.499759782662E-32,-1.224646799147E-16,1.));
#14651=DIRECTION('center_axis',(0.200338323693999,-0.979726776228699,-1.19981926054708E-16));
#14652=DIRECTION('ref_axis',(0.979726776228699,0.200338323693999,-4.50667606986613E-31));
#14653=DIRECTION('',(-1.499759782662E-32,-1.224646799147E-16,1.));
#14654=DIRECTION('center_axis',(0.114816280680996,-0.993386743262956,-1.21654789545204E-16));
#14655=DIRECTION('ref_axis',(0.993386743262956,0.114816280680996,-2.75407982047375E-31));
#14656=DIRECTION('',(-1.499759782662E-32,-1.224646799147E-16,1.));
#14657=DIRECTION('center_axis',(0.0353112981116547,-0.999376361650439,-1.22388306243839E-16));
#14658=DIRECTION('ref_axis',(0.999376361650439,0.0353112981116547,-7.51112678311022E-32));
#14659=DIRECTION('center_axis',(0.999999999906512,1.36738906066459E-5,1.67456863634652E-21));
#14660=DIRECTION('ref_axis',(-1.36738906066459E-5,0.999999999906512,-1.40608973424559E-16));
#14661=DIRECTION('',(-1.499759782662E-32,-1.224646799147E-16,1.));
#14662=DIRECTION('center_axis',(-1.499759782662E-32,-1.224646799147E-16,
1.));
#14663=DIRECTION('ref_axis',(-2.2204460492503E-16,-1.,-1.224646799147E-16));
#14664=DIRECTION('center_axis',(-2.2204460492503E-16,-1.,-1.224646799147E-16));
#14665=DIRECTION('ref_axis',(1.,-2.2204460492503E-16,9.57918872097043E-46));
#14666=DIRECTION('',(-1.499759782662E-32,-1.224646799147E-16,1.));
#14667=DIRECTION('center_axis',(-1.499759782662E-32,-1.224646799147E-16,
1.));
#14668=DIRECTION('ref_axis',(-0.999999999906512,-1.36738906075425E-5,-1.67456863645632E-21));
#14669=DIRECTION('center_axis',(0.999999999626062,2.73473167833426E-5,3.34908039641296E-21));
#14670=DIRECTION('ref_axis',(-2.73473167833426E-5,0.999999999626062,-1.47895035995241E-16));
#14671=DIRECTION('',(-1.499759782662E-32,-1.224646799147E-16,1.));
#14672=DIRECTION('center_axis',(-1.499759782662E-32,-1.224646799147E-16,
1.));
#14673=DIRECTION('ref_axis',(-2.2204460492503E-16,-1.,-1.224646799147E-16));
#14674=DIRECTION('center_axis',(-2.2204460492503E-16,-1.,-1.224646799147E-16));
#14675=DIRECTION('ref_axis',(1.,-2.2204460492503E-16,1.81819035851112E-32));
#14676=DIRECTION('',(-1.499759782662E-32,-1.224646799147E-16,1.));
#14677=DIRECTION('center_axis',(-1.499759782662E-32,-1.224646799147E-16,
1.));
#14678=DIRECTION('ref_axis',(-1.,-3.01610588356502E-15,-3.84364039446254E-31));
#14679=DIRECTION('center_axis',(1.36738906073747E-5,-0.999999999906512,
-1.22464679903251E-16));
#14680=DIRECTION('ref_axis',(0.999999999906512,1.36738906073747E-5,-3.26787429528596E-35));
#14681=DIRECTION('',(-1.499759782662E-32,-1.224646799147E-16,1.));
#14682=DIRECTION('center_axis',(-0.0438152971340442,-0.999039648731248,
-1.22347070803967E-16));
#14683=DIRECTION('ref_axis',(0.999039648731248,-0.0438152971340442,1.07852076885685E-31));
#14684=DIRECTION('',(-1.499759782662E-32,-1.224646799147E-16,1.));
#14685=DIRECTION('center_axis',(-0.113301333097537,-0.993560671483288,-1.21676089609035E-16));
#14686=DIRECTION('ref_axis',(0.993560671483287,-0.113301333097537,2.29185663382081E-31));
#14687=DIRECTION('',(-1.499759782662E-32,-1.224646799147E-16,1.));
#14688=DIRECTION('center_axis',(-0.202900896438698,-0.979199278096329,-1.19917326164772E-16));
#14689=DIRECTION('ref_axis',(0.979199278096329,-0.202900896438698,4.58371326764162E-31));
#14690=DIRECTION('',(-1.499759782662E-32,-1.224646799147E-16,1.));
#14691=DIRECTION('center_axis',(-0.260917609051158,-0.965361073012076,-1.18222634808535E-16));
#14692=DIRECTION('ref_axis',(0.965361073012076,-0.260917609051158,6.04742002537592E-31));
#14693=DIRECTION('',(-1.499759782662E-32,-1.224646799147E-16,1.));
#14694=DIRECTION('center_axis',(-0.353064234408373,-0.935599084213762,-1.14577842376725E-16));
#14695=DIRECTION('ref_axis',(0.935599084213762,-0.353064234408373,7.93483137087541E-31));
#14696=DIRECTION('',(-1.499759782662E-32,-1.224646799147E-16,1.));
#14697=DIRECTION('center_axis',(-0.415118921559298,-0.909767157553759,-1.11414343746727E-16));
#14698=DIRECTION('ref_axis',(0.909767157553759,-0.415118921559298,9.78372411748716E-31));
#14699=DIRECTION('',(-1.499759782662E-32,-1.224646799147E-16,1.));
#14700=DIRECTION('center_axis',(-0.488586017540176,-0.872515732502418,-1.06852359901449E-16));
#14701=DIRECTION('ref_axis',(0.872515732502418,-0.488586017540176,1.04770588974666E-30));
#14702=DIRECTION('',(-1.499759782662E-32,-1.224646799147E-16,1.));
#14703=DIRECTION('center_axis',(-0.552684393230914,-0.833390641583511,-1.02060918165431E-16));
#14704=DIRECTION('ref_axis',(0.833390641583511,-0.552684393230914,1.32503980173842E-30));
#14705=DIRECTION('',(-1.499759782662E-32,-1.224646799147E-16,1.));
#14706=DIRECTION('center_axis',(-0.623627248914378,-0.781721852330792,-9.57333164280168E-17));
#14707=DIRECTION('ref_axis',(0.781721852330792,-0.623627248914378,1.4637067577343E-30));
#14708=DIRECTION('',(-1.499759782662E-32,-1.224646799147E-16,1.));
#14709=DIRECTION('center_axis',(-0.675731837858778,-0.737147531572885,-9.02745365039846E-17));
#14710=DIRECTION('ref_axis',(0.737147531572885,-0.675731837858778,1.55615139506489E-30));
#14711=DIRECTION('',(-1.499759782662E-32,-1.224646799147E-16,1.));
#14712=DIRECTION('center_axis',(-0.737147531572885,-0.675731837858778,-8.27532832315472E-17));
#14713=DIRECTION('ref_axis',(0.675731837858778,-0.737147531572885,1.71022579061587E-30));
#14714=DIRECTION('',(-1.499759782662E-32,-1.224646799147E-16,1.));
#14715=DIRECTION('center_axis',(-0.785102760627154,-0.619365526370028,-7.58504009371052E-17));
#14716=DIRECTION('ref_axis',(0.619365526370028,-0.785102760627154,1.86430018616684E-30));
#14717=DIRECTION('',(-1.499759782662E-32,-1.224646799147E-16,1.));
#14718=DIRECTION('center_axis',(-0.833394530780285,-0.552678528681464,-6.76835991107029E-17));
#14719=DIRECTION('ref_axis',(0.552678528681464,-0.833394530780285,1.81807786750155E-30));
#14720=DIRECTION('',(-1.499759782662E-32,-1.224646799147E-16,1.));
#14721=DIRECTION('center_axis',(-0.870405948354331,-0.492334728685067,-6.02936149593074E-17));
#14722=DIRECTION('ref_axis',(0.492334728685067,-0.870405948354331,1.92592994438724E-30));
#14723=DIRECTION('',(-1.499759782662E-32,-1.224646799147E-16,1.));
#14724=DIRECTION('center_axis',(-0.909762316259584,-0.415129531488663,-5.08387051968985E-17));
#14725=DIRECTION('ref_axis',(0.415129531488663,-0.909762316259584,1.95674482349743E-30));
#14726=DIRECTION('',(-1.499759782662E-32,-1.224646799147E-16,1.));
#14727=DIRECTION('center_axis',(-0.936687391987287,-0.350166716996426,-4.28830549137486E-17));
#14728=DIRECTION('ref_axis',(0.350166716996426,-0.936687391987287,1.78726298839135E-30));
#14729=DIRECTION('',(-1.499759782662E-32,-1.224646799147E-16,1.));
#14730=DIRECTION('center_axis',(-0.962506613743884,-0.271258213699202,-3.32195503149061E-17));
#14731=DIRECTION('ref_axis',(0.271258213699202,-0.962506613743884,2.44978288926056E-30));
#14732=DIRECTION('',(-1.499759782662E-32,-1.224646799147E-16,1.));
#14733=DIRECTION('center_axis',(-0.981248562854451,-0.192746615783714,-2.36046526065942E-17));
#14734=DIRECTION('ref_axis',(0.192746615783714,-0.981248562854451,2.29570849370959E-30));
#14735=DIRECTION('',(-1.499759782662E-32,-1.224646799147E-16,1.));
#14736=DIRECTION('center_axis',(-0.993447883043131,-0.114286060729737,-1.39960058459792E-17));
#14737=DIRECTION('ref_axis',(0.114286060729737,-0.993447883043131,2.63467216392174E-30));
#14738=DIRECTION('',(-1.499759782662E-32,-1.224646799147E-16,1.));
#14739=DIRECTION('center_axis',(-0.999022463659959,-0.044205396760869,-5.41359976482215E-18));
#14740=DIRECTION('ref_axis',(0.044205396760869,-0.999022463659959,2.11081921904841E-30));
#14741=DIRECTION('',(-1.499759782662E-32,-1.224646799147E-16,1.));
#14742=DIRECTION('center_axis',(-1.,2.2204460492503E-16,1.21950236423098E-32));
#14743=DIRECTION('ref_axis',(-2.2204460492503E-16,-1.,2.00296714216273E-30));
#14744=DIRECTION('',(-1.499759782662E-32,-1.224646799147E-16,1.));
#14745=DIRECTION('center_axis',(-0.999038315237975,0.0438456917663429,5.36954860780377E-18));
#14746=DIRECTION('ref_axis',(-0.0438456917663429,-0.999038315237975,2.23407873548919E-30));
#14747=DIRECTION('',(-1.499759782662E-32,-1.224646799147E-16,1.));
#14748=DIRECTION('center_axis',(-0.993553257909353,0.113366325236869,1.38833707332389E-17));
#14749=DIRECTION('ref_axis',(-0.113366325236869,-0.993553257909353,2.71170936169723E-30));
#14750=DIRECTION('',(-1.499759782662E-32,-1.224646799147E-16,1.));
#14751=DIRECTION('center_axis',(-0.98095224523287,0.194249047803566,2.3788647462999E-17));
#14752=DIRECTION('ref_axis',(-0.194249047803566,-0.98095224523287,2.29570849370958E-30));
#14753=DIRECTION('',(-1.499759782662E-32,-1.224646799147E-16,1.));
#14754=DIRECTION('center_axis',(-0.963070316489901,0.269250005563681,3.29736157483874E-17));
#14755=DIRECTION('ref_axis',(-0.269250005563681,-0.963070316489901,2.41896801015037E-30));
#14756=DIRECTION('',(-1.499759782662E-32,-1.224646799147E-16,1.));
#14757=DIRECTION('center_axis',(-0.935543159009192,0.353212397334949,4.32560431815284E-17));
#14758=DIRECTION('ref_axis',(-0.353212397334949,-0.935543159009192,2.01837458171782E-30));
#14759=DIRECTION('',(-1.499759782662E-32,-1.224646799147E-16,1.));
#14760=DIRECTION('center_axis',(-0.910048850729859,0.414501012405595,5.07617338085703E-17));
#14761=DIRECTION('ref_axis',(-0.414501012405595,-0.910048850729859,2.24948617504429E-30));
#14762=DIRECTION('',(-1.499759782662E-32,-1.224646799147E-16,1.));
#14763=DIRECTION('center_axis',(-0.872197788939829,0.48915336753259,5.99040105840763E-17));
#14764=DIRECTION('ref_axis',(-0.48915336753259,-0.872197788939829,1.78726298839135E-30));
#14765=DIRECTION('',(-1.499759782662E-32,-1.224646799147E-16,1.));
#14766=DIRECTION('center_axis',(-0.833957156225937,0.551829196019518,6.75795858581165E-17));
#14767=DIRECTION('ref_axis',(-0.551829196019518,-0.833957156225937,2.1570415377137E-30));
#14768=DIRECTION('',(-1.499759782662E-32,-1.224646799147E-16,1.));
#14769=DIRECTION('center_axis',(-0.781108451268781,0.624395377430427,7.64663800372356E-17));
#14770=DIRECTION('ref_axis',(-0.624395377430427,-0.781108451268781,1.89511506527704E-30));
#14771=DIRECTION('',(-1.499759782662E-32,-1.224646799147E-16,1.));
#14772=DIRECTION('center_axis',(-0.736993358373557,0.675899984992799,8.27738753164936E-17));
#14773=DIRECTION('ref_axis',(-0.675899984992799,-0.736993358373557,1.75644810928116E-30));
#14774=DIRECTION('',(-1.499759782662E-32,-1.224646799147E-16,1.));
#14775=DIRECTION('center_axis',(-0.676046552755582,0.736858913569819,9.02391909926215E-17));
#14776=DIRECTION('ref_axis',(-0.736858913569819,-0.676046552755582,1.50992907639959E-30));
#14777=DIRECTION('',(-1.499759782662E-32,-1.224646799147E-16,1.));
#14778=DIRECTION('center_axis',(-0.623069798607246,0.782166239404084,9.57877381487057E-17));
#14779=DIRECTION('ref_axis',(-0.782166239404084,-0.623069798607246,1.40207699951391E-30));
#14780=DIRECTION('',(-1.499759782662E-32,-1.224646799147E-16,1.));
#14781=DIRECTION('center_axis',(-0.554383253779635,0.832261502130613,1.01922638463753E-16));
#14782=DIRECTION('ref_axis',(-0.832261502130613,-0.554383253779635,1.31733608196087E-30));
#14783=DIRECTION('',(-1.499759782662E-32,-1.224646799147E-16,1.));
#14784=DIRECTION('center_axis',(-0.487283010671555,0.87324410533989,1.06941559847848E-16));
#14785=DIRECTION('ref_axis',(-0.87324410533989,-0.487283010671555,1.18637284574254E-30));
#14786=DIRECTION('',(-1.499759782662E-32,-1.224646799147E-16,1.));
#14787=DIRECTION('center_axis',(-0.41582941228881,0.909442631437268,1.11374600759748E-16));
#14788=DIRECTION('ref_axis',(-0.909442631437268,-0.41582941228881,9.70668691971167E-31));
#14789=DIRECTION('',(-1.499759782662E-32,-1.224646799147E-16,1.));
#14790=DIRECTION('center_axis',(-0.352379932411706,0.935857031406786,1.14609431797153E-16));
#14791=DIRECTION('ref_axis',(-0.935857031406786,-0.352379932411706,8.0118685686509E-31));
#14792=DIRECTION('',(-1.499759782662E-32,-1.224646799147E-16,1.));
#14793=DIRECTION('center_axis',(-0.268877765090514,0.963174307921432,1.17954833321661E-16));
#14794=DIRECTION('ref_axis',(-0.963174307921433,-0.268877765090514,6.08593862426367E-31));
#14795=DIRECTION('',(-1.499759782662E-32,-1.224646799147E-16,1.));
#14796=DIRECTION('center_axis',(-0.194315219205425,0.980939139592843,1.20130397746039E-16));
#14797=DIRECTION('ref_axis',(-0.980939139592843,-0.194315219205425,4.69926906430486E-31));
#14798=DIRECTION('center_axis',(-1.,8.12782412213793E-15,9.80373781693979E-31));
#14799=DIRECTION('ref_axis',(-8.12782412213793E-15,-1.,2.00296714216273E-30));
#14800=DIRECTION('',(-1.499759782662E-32,-1.224646799147E-16,1.));
#14801=DIRECTION('center_axis',(-1.499759782662E-32,-1.224646799147E-16,
1.));
#14802=DIRECTION('ref_axis',(2.2204460492503E-16,1.,1.224646799147E-16));
#14803=DIRECTION('center_axis',(2.2204460492503E-16,1.,1.224646799147E-16));
#14804=DIRECTION('ref_axis',(-1.,2.2204460492503E-16,-1.22464679914735E-16));
#14805=DIRECTION('',(-1.499759782662E-32,-1.224646799147E-16,1.));
#14806=DIRECTION('center_axis',(-1.499759782662E-32,-1.224646799147E-16,
1.));
#14807=DIRECTION('ref_axis',(1.,2.19824158875778E-14,2.70706712325065E-30));
#14808=DIRECTION('center_axis',(-1.,1.07630839612089E-14,1.30310003437787E-30));
#14809=DIRECTION('ref_axis',(-1.07630839612089E-14,-1.,2.00296714216273E-30));
#14810=DIRECTION('',(-1.499759782662E-32,-1.224646799147E-16,1.));
#14811=DIRECTION('center_axis',(-1.499759782662E-32,-1.224646799147E-16,
1.));
#14812=DIRECTION('ref_axis',(2.2204460492503E-16,1.,1.224646799147E-16));
#14813=DIRECTION('center_axis',(2.2204460492503E-16,1.,1.224646799147E-16));
#14814=DIRECTION('ref_axis',(-1.,2.2204460492503E-16,-1.22464679914735E-16));
#14815=DIRECTION('',(-1.499759782662E-32,-1.224646799147E-16,1.));
#14816=DIRECTION('center_axis',(-1.499759782662E-32,-1.224646799147E-16,
1.));
#14817=DIRECTION('ref_axis',(1.,2.19824158875778E-14,2.70706712325065E-30));
#14818=DIRECTION('center_axis',(7.71076169881506E-15,1.,1.224646799147E-16));
#14819=DIRECTION('ref_axis',(-1.,7.71076169881506E-15,-1.82825659017378E-44));
#14820=DIRECTION('',(-1.499759782662E-32,-1.224646799147E-16,1.));
#14821=DIRECTION('center_axis',(-1.499759782662E-32,-1.224646799147E-16,
1.));
#14822=DIRECTION('ref_axis',(1.,-3.57491813929308E-14,-4.3630144586712E-30));
#14823=DIRECTION('',(-1.499759782662E-32,-1.224646799147E-16,1.));
#14824=DIRECTION('center_axis',(1.,-7.57461552048063E-15,-9.12625267365959E-31));
#14825=DIRECTION('ref_axis',(7.57461552048063E-15,1.,-2.00296714216273E-30));
#14826=CARTESIAN_POINT('',(0.,0.,0.));
#14827=CARTESIAN_POINT('Origin',(44.862858730836,-37.5714345111995,4.79999999999998));
#14828=CARTESIAN_POINT('',(45.53933078111,-37.8952949212508,4.79999999999999));
#14829=CARTESIAN_POINT('',(44.862858730836,-38.3214345111995,4.79999999999998));
#14830=CARTESIAN_POINT('Origin',(44.862858730836,-37.5714345111995,4.79999999999999));
#14831=CARTESIAN_POINT('',(44.862858730836,-38.3214345111995,6.29999999999998));
#14832=CARTESIAN_POINT('',(44.862858730836,-38.3214345111995,4.79999999999998));
#14833=CARTESIAN_POINT('',(45.53933078111,-37.8952949212508,6.29999999999999));
#14834=CARTESIAN_POINT('Origin',(44.862858730836,-37.5714345111995,6.29999999999999));
#14835=CARTESIAN_POINT('',(45.53933078111,-37.8952949212508,4.79999999999998));
#14836=CARTESIAN_POINT('Origin',(45.905794531801,-38.3214345111995,4.79999999999998));
#14837=CARTESIAN_POINT('',(44.210984141571,-38.3214345111995,4.79999999999998));
#14838=CARTESIAN_POINT('',(45.905794531801,-38.3214345111995,4.79999999999998));
#14839=CARTESIAN_POINT('',(44.210984141571,-38.3214345111995,6.29999999999998));
#14840=CARTESIAN_POINT('',(44.210984141571,-38.3214345111995,4.79999999999998));
#14841=CARTESIAN_POINT('',(45.905794531801,-38.3214345111995,6.29999999999998));
#14842=CARTESIAN_POINT('Origin',(50.3005024572984,-37.5714345111995,4.79999999999998));
#14843=CARTESIAN_POINT('',(50.3005024572984,-38.3214345111995,4.79999999999998));
#14844=CARTESIAN_POINT('',(49.6240304070248,-37.8952949212508,4.79999999999999));
#14845=CARTESIAN_POINT('Origin',(50.3005024572984,-37.5714345111995,4.79999999999999));
#14846=CARTESIAN_POINT('',(49.6240304070248,-37.8952949212508,6.29999999999999));
#14847=CARTESIAN_POINT('',(49.6240304070248,-37.8952949212508,4.79999999999998));
#14848=CARTESIAN_POINT('',(50.3005024572984,-38.3214345111995,6.29999999999998));
#14849=CARTESIAN_POINT('Origin',(50.3005024572984,-37.5714345111995,6.29999999999999));
#14850=CARTESIAN_POINT('',(50.3005024572984,-38.3214345111995,4.79999999999998));
#14851=CARTESIAN_POINT('Origin',(47.581680594067,-38.8730681309869,4.79999999999998));
#14852=CARTESIAN_POINT('Origin',(47.581680594067,-38.8730681309869,6.29999999999999));
#14853=CARTESIAN_POINT('Origin',(47.581680594067,-38.8730681309869,4.79999999999999));
#14854=CARTESIAN_POINT('Origin',(49.3376850941075,-41.3231070286338,4.79999999999998));
#14855=CARTESIAN_POINT('',(50.017829172205,-41.0070310361432,6.29999999999998));
#14856=CARTESIAN_POINT('',(48.9007723340269,-40.7135110640157,6.29999999999999));
#14857=CARTESIAN_POINT('Origin',(49.3376850941075,-41.3231070286338,6.29999999999999));
#14858=CARTESIAN_POINT('',(48.9007723340269,-40.7135110640157,4.79999999999999));
#14859=CARTESIAN_POINT('',(48.9007723340269,-40.7135110640157,4.79999999999998));
#14860=CARTESIAN_POINT('',(50.017829172205,-41.0070310361432,4.79999999999998));
#14861=CARTESIAN_POINT('Origin',(49.3376850941075,-41.3231070286338,4.79999999999999));
#14862=CARTESIAN_POINT('',(50.017829172205,-41.0070310361432,4.79999999999998));
#14863=CARTESIAN_POINT('Origin',(47.581680594067,-38.8730681309869,4.79999999999998));
#14864=CARTESIAN_POINT('',(46.26024749522,-40.7118306967999,6.29999999999999));
#14865=CARTESIAN_POINT('Origin',(47.581680594067,-38.8730681309869,6.29999999999999));
#14866=CARTESIAN_POINT('',(46.26024749522,-40.7118306967999,4.79999999999999));
#14867=CARTESIAN_POINT('',(46.26024749522,-40.7118306967999,4.79999999999998));
#14868=CARTESIAN_POINT('Origin',(47.581680594067,-38.8730681309869,4.79999999999999));
#14869=CARTESIAN_POINT('Origin',(45.822559224579,-41.32087008612,4.79999999999998));
#14870=CARTESIAN_POINT('',(45.144160186796,-41.0010658561065,4.79999999999998));
#14871=CARTESIAN_POINT('Origin',(45.822559224579,-41.32087008612,4.79999999999999));
#14872=CARTESIAN_POINT('',(45.144160186796,-41.0010658561065,6.29999999999998));
#14873=CARTESIAN_POINT('Origin',(45.822559224579,-41.32087008612,6.29999999999999));
#14874=CARTESIAN_POINT('',(45.144160186796,-41.0010658561065,4.79999999999998));
#14875=CARTESIAN_POINT('Origin',(42.260984141571,-42.1417982473737,4.79999999999998));
#14876=CARTESIAN_POINT('',(43.010984141571,-42.1417982473737,4.79999999999998));
#14877=CARTESIAN_POINT('',(42.260984141571,-42.8917982473737,4.79999999999998));
#14878=CARTESIAN_POINT('Origin',(42.260984141571,-42.1417982473737,4.79999999999999));
#14879=CARTESIAN_POINT('',(42.260984141571,-42.8917982473737,6.29999999999998));
#14880=CARTESIAN_POINT('',(42.260984141571,-42.8917982473737,4.79999999999998));
#14881=CARTESIAN_POINT('',(43.010984141571,-42.1417982473737,6.29999999999998));
#14882=CARTESIAN_POINT('Origin',(42.260984141571,-42.1417982473737,6.29999999999999));
#14883=CARTESIAN_POINT('',(43.010984141571,-42.1417982473737,4.79999999999998));
#14884=CARTESIAN_POINT('Origin',(43.010984141571,-42.8917982473737,4.79999999999998));
#14885=CARTESIAN_POINT('',(20.758587197418,-42.8917982473733,4.79999999999998));
#14886=CARTESIAN_POINT('',(39.998050083535,-42.8917982473737,4.79999999999998));
#14887=CARTESIAN_POINT('',(20.758587197418,-42.8917982473733,6.29999999999998));
#14888=CARTESIAN_POINT('',(20.758587197418,-42.8917982473733,4.79999999999998));
#14889=CARTESIAN_POINT('',(39.998050083535,-42.8917982473737,6.29999999999998));
#14890=CARTESIAN_POINT('Origin',(52.8982131529267,-42.1417982473738,4.79999999999998));
#14891=CARTESIAN_POINT('',(52.8982131529267,-42.8917982473738,4.79999999999998));
#14892=CARTESIAN_POINT('',(52.1482131529267,-42.1417982473738,4.79999999999998));
#14893=CARTESIAN_POINT('Origin',(52.8982131529267,-42.1417982473738,4.79999999999999));
#14894=CARTESIAN_POINT('',(52.1482131529267,-42.1417982473738,6.29999999999998));
#14895=CARTESIAN_POINT('',(52.1482131529267,-42.1417982473738,4.79999999999998));
#14896=CARTESIAN_POINT('',(52.8982131529267,-42.8917982473738,6.29999999999998));
#14897=CARTESIAN_POINT('Origin',(52.8982131529267,-42.1417982473738,6.29999999999999));
#14898=CARTESIAN_POINT('',(52.8982131529267,-42.8917982473738,4.79999999999998));
#14899=CARTESIAN_POINT('Origin',(52.1482131529267,-42.8917982473737,4.79999999999998));
#14900=CARTESIAN_POINT('',(52.1482131529267,-39.5214345111995,4.79999999999998));
#14901=CARTESIAN_POINT('',(52.1482131529267,-39.5214345111995,4.79999999999998));
#14902=CARTESIAN_POINT('',(52.1482131529267,-39.5214345111995,6.29999999999998));
#14903=CARTESIAN_POINT('',(52.1482131529267,-39.5214345111995,4.79999999999998));
#14904=CARTESIAN_POINT('',(52.1482131529267,-39.5214345111995,6.29999999999998));
#14905=CARTESIAN_POINT('Origin',(49.379598647249,-42.1417982473737,4.79999999999998));
#14906=CARTESIAN_POINT('',(50.129598647249,-42.1417982473737,4.79999999999998));
#14907=CARTESIAN_POINT('',(49.379598647249,-42.8917982473737,4.79999999999998));
#14908=CARTESIAN_POINT('Origin',(49.379598647249,-42.1417982473737,4.79999999999999));
#14909=CARTESIAN_POINT('',(49.379598647249,-42.8917982473737,6.29999999999998));
#14910=CARTESIAN_POINT('',(49.379598647249,-42.8917982473737,4.79999999999998));
#14911=CARTESIAN_POINT('',(50.129598647249,-42.1417982473737,6.29999999999998));
#14912=CARTESIAN_POINT('Origin',(49.379598647249,-42.1417982473737,6.29999999999999));
#14913=CARTESIAN_POINT('',(50.129598647249,-42.1417982473737,4.79999999999998));
#14914=CARTESIAN_POINT('Origin',(50.129598647249,-42.8917982473737,4.79999999999998));
#14915=CARTESIAN_POINT('',(45.779598647249,-42.8917982473737,4.79999999999998));
#14916=CARTESIAN_POINT('',(39.998050083535,-42.8917982473737,4.79999999999998));
#14917=CARTESIAN_POINT('',(45.779598647249,-42.8917982473737,6.29999999999998));
#14918=CARTESIAN_POINT('',(45.779598647249,-42.8917982473737,4.79999999999998));
#14919=CARTESIAN_POINT('',(39.998050083535,-42.8917982473737,6.29999999999998));
#14920=CARTESIAN_POINT('Origin',(45.779598647249,-42.1417982473737,4.79999999999998));
#14921=CARTESIAN_POINT('',(45.029598647249,-42.1417982473737,4.79999999999998));
#14922=CARTESIAN_POINT('Origin',(45.779598647249,-42.1417982473737,4.79999999999999));
#14923=CARTESIAN_POINT('',(45.029598647249,-42.1417982473737,6.29999999999998));
#14924=CARTESIAN_POINT('',(45.029598647249,-42.1417982473737,4.79999999999998));
#14925=CARTESIAN_POINT('Origin',(45.779598647249,-42.1417982473737,6.29999999999999));
#14926=CARTESIAN_POINT('Origin',(45.029598647249,-42.8917982473737,4.79999999999998));
#14927=CARTESIAN_POINT('',(45.029598647249,-41.5127526241282,4.79999999999998));
#14928=CARTESIAN_POINT('',(45.029598647249,-42.891798247374,4.79999999999998));
#14929=CARTESIAN_POINT('',(45.029598647249,-41.5127526241282,6.29999999999998));
#14930=CARTESIAN_POINT('',(45.029598647249,-41.5127526241282,4.79999999999998));
#14931=CARTESIAN_POINT('',(45.029598647249,-42.891798247374,6.29999999999998));
#14932=CARTESIAN_POINT('Origin',(71.4830422999999,-80.9775681309869,6.29999999999999));
#14933=CARTESIAN_POINT('',(114.3454,-98.0042999999998,6.29999999999998));
#14934=CARTESIAN_POINT('',(114.3454,-44.8917982473743,6.29999999999998));
#14935=CARTESIAN_POINT('',(114.3454,-59.3875999999999,6.29999999999999));
#14936=CARTESIAN_POINT('',(112.3454,-42.8917982473742,6.29999999999998));
#14937=CARTESIAN_POINT('Origin',(112.3454,-44.8917982473742,6.29999999999998));
#14938=CARTESIAN_POINT('',(95.5982131529267,-42.8917982473741,6.29999999999998));
#14939=CARTESIAN_POINT('',(39.998050083535,-42.8917982473737,6.29999999999998));
#14940=CARTESIAN_POINT('',(94.8482131529267,-42.1417982473741,6.29999999999998));
#14941=CARTESIAN_POINT('Origin',(95.5982131529267,-42.1417982473741,6.29999999999999));
#14942=CARTESIAN_POINT('',(94.8482131529267,-39.5214345111995,6.29999999999998));
#14943=CARTESIAN_POINT('',(94.8482131529267,-39.5214345111995,6.29999999999998));
#14944=CARTESIAN_POINT('',(93.6482131529267,-38.3214345111995,6.29999999999998));
#14945=CARTESIAN_POINT('Origin',(93.6482131529266,-39.5214345111995,6.29999999999998));
#14946=CARTESIAN_POINT('',(93.0005024572984,-38.3214345111995,6.29999999999998));
#14947=CARTESIAN_POINT('',(91.9534027626972,-38.3214345111995,6.29999999999998));
#14948=CARTESIAN_POINT('',(92.3240304070248,-37.8952949212508,6.29999999999999));
#14949=CARTESIAN_POINT('Origin',(93.0005024572984,-37.5714345111995,6.29999999999999));
#14950=CARTESIAN_POINT('',(88.2393307811098,-37.8952949212508,6.29999999999999));
#14951=CARTESIAN_POINT('Origin',(90.2816805940673,-38.8730681309869,6.29999999999999));
#14952=CARTESIAN_POINT('',(87.5628587308362,-38.3214345111995,6.29999999999998));
#14953=CARTESIAN_POINT('Origin',(87.5628587308362,-37.5714345111995,6.29999999999999));
#14954=CARTESIAN_POINT('',(86.9109841415713,-38.3214345111995,6.29999999999998));
#14955=CARTESIAN_POINT('',(88.6057945318008,-38.3214345111995,6.29999999999998));
#14956=CARTESIAN_POINT('',(85.7109841415713,-39.5214345111995,6.29999999999998));
#14957=CARTESIAN_POINT('Origin',(86.9109841415713,-39.5214345111995,6.29999999999998));
#14958=CARTESIAN_POINT('',(85.7109841415713,-42.141798247374,6.29999999999998));
#14959=CARTESIAN_POINT('',(85.7109841415713,-39.5214345111995,6.29999999999998));
#14960=CARTESIAN_POINT('',(84.9609841415713,-42.891798247374,6.29999999999998));
#14961=CARTESIAN_POINT('Origin',(84.9609841415713,-42.141798247374,6.29999999999999));
#14962=CARTESIAN_POINT('',(39.998050083535,-42.8917982473737,6.29999999999998));
#14963=CARTESIAN_POINT('',(50.9482131529266,-38.3214345111995,6.29999999999998));
#14964=CARTESIAN_POINT('Origin',(50.9482131529266,-39.5214345111995,6.29999999999998));
#14965=CARTESIAN_POINT('',(49.2534027626971,-38.3214345111995,6.29999999999998));
#14966=CARTESIAN_POINT('',(43.010984141571,-39.5214345111994,6.29999999999998));
#14967=CARTESIAN_POINT('Origin',(44.210984141571,-39.5214345111995,6.29999999999998));
#14968=CARTESIAN_POINT('',(43.010984141571,-39.5214345111994,6.29999999999998));
#14969=CARTESIAN_POINT('',(20.62884,-42.9174999999999,6.29999999999998));
#14970=CARTESIAN_POINT('',(20.62884,-42.9174999999999,6.29999999999998));
#14971=CARTESIAN_POINT('',(20.47588,-42.9601999999999,6.29999999999998));
#14972=CARTESIAN_POINT('',(20.47588,-42.9601999999999,6.29999999999998));
#14973=CARTESIAN_POINT('',(20.32981,-43.0151999999999,6.29999999999998));
#14974=CARTESIAN_POINT('',(20.32981,-43.0151999999999,6.29999999999998));
#14975=CARTESIAN_POINT('',(20.18787,-43.0800999999999,6.29999999999998));
#14976=CARTESIAN_POINT('',(20.18787,-43.0800999999999,6.29999999999998));
#14977=CARTESIAN_POINT('',(20.05006,-43.1569999999999,6.29999999999998));
#14978=CARTESIAN_POINT('',(20.05006,-43.1569999999999,6.29999999999998));
#14979=CARTESIAN_POINT('',(19.919152,-43.2441999999999,6.29999999999998));
#14980=CARTESIAN_POINT('',(19.919152,-43.2441999999999,6.29999999999998));
#14981=CARTESIAN_POINT('',(19.796505,-43.3418999999999,6.29999999999998));
#14982=CARTESIAN_POINT('',(19.796505,-43.3418999999999,6.29999999999998));
#14983=CARTESIAN_POINT('',(19.680752,-43.4480999999999,6.29999999999998));
#14984=CARTESIAN_POINT('',(19.680752,-43.4480999999999,6.29999999999998));
#14985=CARTESIAN_POINT('',(19.574643,-43.5637999999999,6.29999999999998));
#14986=CARTESIAN_POINT('',(19.574643,-43.5637999999999,6.29999999999998));
#14987=CARTESIAN_POINT('',(19.4768,-43.6861999999999,6.29999999999998));
#14988=CARTESIAN_POINT('',(19.4768,-43.6861999999999,6.29999999999998));
#14989=CARTESIAN_POINT('',(19.389985,-43.8173999999999,6.29999999999998));
#14990=CARTESIAN_POINT('',(19.389985,-43.8173999999999,6.29999999999998));
#14991=CARTESIAN_POINT('',(19.312815,-43.9549999999999,6.29999999999998));
#14992=CARTESIAN_POINT('',(19.312815,-43.9549999999999,6.29999999999998));
#14993=CARTESIAN_POINT('',(19.248047,-44.0971999999999,6.29999999999998));
#14994=CARTESIAN_POINT('',(19.248047,-44.0971999999999,6.29999999999998));
#14995=CARTESIAN_POINT('',(19.192925,-44.2431999999999,6.29999999999998));
#14996=CARTESIAN_POINT('',(19.192925,-44.2431999999999,6.29999999999998));
#14997=CARTESIAN_POINT('',(19.150206,-44.3959999999999,6.29999999999998));
#14998=CARTESIAN_POINT('',(19.150206,-44.3959999999999,6.29999999999998));
#14999=CARTESIAN_POINT('',(19.119889,-44.5490999999999,6.29999999999998));
#15000=CARTESIAN_POINT('',(19.119889,-44.5490999999999,6.29999999999998));
#15001=CARTESIAN_POINT('',(19.101975,-44.7060999999999,6.29999999999998));
#15002=CARTESIAN_POINT('',(19.101975,-44.7060999999999,6.29999999999998));
#15003=CARTESIAN_POINT('',(19.0950846,-44.8630999999999,6.29999999999998));
#15004=CARTESIAN_POINT('',(19.0950846,-44.8630999999999,6.29999999999998));
#15005=CARTESIAN_POINT('',(19.0950846,-117.06415,6.29999999999998));
#15006=CARTESIAN_POINT('',(19.0950846,-117.06415,6.29999999999998));
#15007=CARTESIAN_POINT('',(19.101975,-117.21987,6.29999999999998));
#15008=CARTESIAN_POINT('',(19.101975,-117.21987,6.29999999999998));
#15009=CARTESIAN_POINT('',(19.119889,-117.37559,6.29999999999998));
#15010=CARTESIAN_POINT('',(19.119889,-117.37559,6.29999999999998));
#15011=CARTESIAN_POINT('',(19.150206,-117.52993,6.29999999999998));
#15012=CARTESIAN_POINT('',(19.150206,-117.52993,6.29999999999998));
#15013=CARTESIAN_POINT('',(19.192925,-117.68151,6.29999999999998));
#15014=CARTESIAN_POINT('',(19.192925,-117.68151,6.29999999999998));
#15015=CARTESIAN_POINT('',(19.248047,-117.82896,6.29999999999998));
#15016=CARTESIAN_POINT('',(19.248047,-117.82896,6.29999999999998));
#15017=CARTESIAN_POINT('',(19.312815,-117.9709,6.29999999999998));
#15018=CARTESIAN_POINT('',(19.312815,-117.9709,6.29999999999998));
#15019=CARTESIAN_POINT('',(19.389985,-118.10733,6.29999999999998));
#15020=CARTESIAN_POINT('',(19.389985,-118.10733,6.29999999999998));
#15021=CARTESIAN_POINT('',(19.4768,-118.23824,6.29999999999998));
#15022=CARTESIAN_POINT('',(19.4768,-118.23824,6.29999999999998));
#15023=CARTESIAN_POINT('',(19.574643,-118.362265,6.29999999999998));
#15024=CARTESIAN_POINT('',(19.574643,-118.362265,6.29999999999998));
#15025=CARTESIAN_POINT('',(19.680752,-118.478018,6.29999999999998));
#15026=CARTESIAN_POINT('',(19.680752,-118.478018,6.29999999999998));
#15027=CARTESIAN_POINT('',(19.796505,-118.584127,6.29999999999998));
#15028=CARTESIAN_POINT('',(19.796505,-118.584127,6.29999999999998));
#15029=CARTESIAN_POINT('',(19.919152,-118.68197,6.29999999999998));
#15030=CARTESIAN_POINT('',(19.919152,-118.68197,6.29999999999998));
#15031=CARTESIAN_POINT('',(20.05006,-118.768785,6.29999999999998));
#15032=CARTESIAN_POINT('',(20.05006,-118.768785,6.29999999999998));
#15033=CARTESIAN_POINT('',(20.18787,-118.845955,6.29999999999998));
#15034=CARTESIAN_POINT('',(20.18787,-118.845955,6.29999999999998));
#15035=CARTESIAN_POINT('',(20.32981,-118.910721,6.29999999999998));
#15036=CARTESIAN_POINT('',(20.32981,-118.910721,6.29999999999998));
#15037=CARTESIAN_POINT('',(20.47588,-118.965843,6.29999999999998));
#15038=CARTESIAN_POINT('',(20.47588,-118.965843,6.29999999999998));
#15039=CARTESIAN_POINT('',(20.62884,-119.007185,6.29999999999998));
#15040=CARTESIAN_POINT('',(20.62884,-119.007185,6.29999999999998));
#15041=CARTESIAN_POINT('',(20.7818,-119.03888,6.29999999999998));
#15042=CARTESIAN_POINT('',(20.7818,-119.03888,6.29999999999998));
#15043=CARTESIAN_POINT('',(20.9389,-119.056795,6.29999999999998));
#15044=CARTESIAN_POINT('',(20.9389,-119.056795,6.29999999999998));
#15045=CARTESIAN_POINT('',(21.096,-119.063685,6.29999999999998));
#15046=CARTESIAN_POINT('',(21.096,-119.063685,6.29999999999998));
#15047=CARTESIAN_POINT('',(42.260973886153,-119.063395592462,6.29999999999998));
#15048=CARTESIAN_POINT('',(121.872,-119.062307,6.29999999999998));
#15049=CARTESIAN_POINT('',(43.010984141571,-119.813395592392,6.29999999999998));
#15050=CARTESIAN_POINT('Origin',(42.260984141571,-119.813395592392,6.29999999999998));
#15051=CARTESIAN_POINT('',(43.010984141571,-122.433701750774,6.29999999999998));
#15052=CARTESIAN_POINT('',(43.010984141571,-122.433701750774,6.29999999999998));
#15053=CARTESIAN_POINT('',(44.210984141571,-123.633701750774,6.29999999999998));
#15054=CARTESIAN_POINT('Origin',(44.210984141571,-122.433701750774,6.29999999999998));
#15055=CARTESIAN_POINT('',(44.862858730836,-123.633701750774,6.29999999999998));
#15056=CARTESIAN_POINT('',(45.905794531801,-123.633701750774,6.29999999999998));
#15057=CARTESIAN_POINT('',(45.53933078111,-124.059841340723,6.29999999999998));
#15058=CARTESIAN_POINT('Origin',(44.862858730836,-124.383701750774,6.29999999999998));
#15059=CARTESIAN_POINT('',(49.6240304070248,-124.059841340723,6.29999999999998));
#15060=CARTESIAN_POINT('Origin',(47.581680594067,-123.082068130987,6.29999999999998));
#15061=CARTESIAN_POINT('',(50.3005024572984,-123.633701750774,6.29999999999998));
#15062=CARTESIAN_POINT('Origin',(50.3005024572984,-124.383701750774,6.29999999999998));
#15063=CARTESIAN_POINT('',(50.9481803346364,-123.633701750774,6.29999999999998));
#15064=CARTESIAN_POINT('',(49.2534027626971,-123.633701750774,6.29999999999998));
#15065=CARTESIAN_POINT('',(52.1481803341877,-122.433668933994,6.29999999999998));
#15066=CARTESIAN_POINT('Origin',(50.9481803346364,-122.433701750774,6.29999999999998));
#15067=CARTESIAN_POINT('',(52.1481086733257,-119.813270652002,6.29999999999998));
#15068=CARTESIAN_POINT('',(52.1481803341877,-122.433668933994,6.29999999999998));
#15069=CARTESIAN_POINT('',(52.8980984176273,-119.063250141585,6.29999999999998));
#15070=CARTESIAN_POINT('Origin',(52.8981086730453,-119.813250141515,6.29999999999998));
#15071=CARTESIAN_POINT('',(84.9609216396509,-119.062811718048,6.29999999999998));
#15072=CARTESIAN_POINT('',(121.872,-119.062307,6.29999999999998));
#15073=CARTESIAN_POINT('',(85.7109318949987,-119.81280146256,6.29999999999998));
#15074=CARTESIAN_POINT('Origin',(84.9609318950689,-119.812811717977,6.29999999999998));
#15075=CARTESIAN_POINT('',(85.7109677331269,-122.433718159443,6.29999999999998));
#15076=CARTESIAN_POINT('',(85.7109677331269,-122.433718159443,6.29999999999998));
#15077=CARTESIAN_POINT('',(86.9109677330148,-123.633701750774,6.29999999999998));
#15078=CARTESIAN_POINT('Origin',(86.9109677330148,-122.433701750774,6.29999999999998));
#15079=CARTESIAN_POINT('',(87.5628587308362,-123.633701750774,6.29999999999998));
#15080=CARTESIAN_POINT('',(88.6057945318008,-123.633701750774,6.29999999999998));
#15081=CARTESIAN_POINT('',(88.2393307811098,-124.059841340723,6.29999999999998));
#15082=CARTESIAN_POINT('Origin',(87.5628587308362,-124.383701750774,6.29999999999998));
#15083=CARTESIAN_POINT('',(92.3240304070248,-124.059841340723,6.29999999999998));
#15084=CARTESIAN_POINT('Origin',(90.2816805940673,-123.082068130987,6.29999999999998));
#15085=CARTESIAN_POINT('',(93.0005024572984,-123.633701750774,6.29999999999998));
#15086=CARTESIAN_POINT('Origin',(93.0005024572984,-124.383701750774,6.29999999999998));
#15087=CARTESIAN_POINT('',(93.6481967441457,-123.633701750774,6.29999999999998));
#15088=CARTESIAN_POINT('',(91.9534027626972,-123.633701750774,6.29999999999998));
#15089=CARTESIAN_POINT('',(94.8481967440335,-122.433685342106,6.29999999999998));
#15090=CARTESIAN_POINT('Origin',(93.6481967441457,-122.433701750774,6.29999999999998));
#15091=CARTESIAN_POINT('',(94.8481609046456,-119.81267652109,6.29999999999998));
#15092=CARTESIAN_POINT('',(94.8481967440335,-122.433685342106,6.29999999999998));
#15093=CARTESIAN_POINT('',(95.5981506491576,-119.062666265742,6.29999999999998));
#15094=CARTESIAN_POINT('Origin',(95.5981609045755,-119.812666265672,6.29999999999998));
#15095=CARTESIAN_POINT('',(121.872,-119.062307,6.29999999999998));
#15096=CARTESIAN_POINT('',(121.872,-119.062307,6.29999999999998));
#15097=CARTESIAN_POINT('',(122.028,-119.056795,6.29999999999998));
#15098=CARTESIAN_POINT('',(122.028,-119.056795,6.29999999999998));
#15099=CARTESIAN_POINT('',(122.183,-119.03888,6.29999999999998));
#15100=CARTESIAN_POINT('',(122.183,-119.03888,6.29999999999998));
#15101=CARTESIAN_POINT('',(122.338,-119.007185,6.29999999999998));
#15102=CARTESIAN_POINT('',(122.338,-119.007185,6.29999999999998));
#15103=CARTESIAN_POINT('',(122.489,-118.965843,6.29999999999998));
#15104=CARTESIAN_POINT('',(122.489,-118.965843,6.29999999999998));
#15105=CARTESIAN_POINT('',(122.637,-118.910721,6.29999999999998));
#15106=CARTESIAN_POINT('',(122.637,-118.910721,6.29999999999998));
#15107=CARTESIAN_POINT('',(122.779,-118.845955,6.29999999999998));
#15108=CARTESIAN_POINT('',(122.779,-118.845955,6.29999999999998));
#15109=CARTESIAN_POINT('',(122.915,-118.768785,6.29999999999998));
#15110=CARTESIAN_POINT('',(122.915,-118.768785,6.29999999999998));
#15111=CARTESIAN_POINT('',(123.046,-118.68197,6.29999999999998));
#15112=CARTESIAN_POINT('',(123.046,-118.68197,6.29999999999998));
#15113=CARTESIAN_POINT('',(123.17,-118.584127,6.29999999999998));
#15114=CARTESIAN_POINT('',(123.17,-118.584127,6.29999999999998));
#15115=CARTESIAN_POINT('',(123.286,-118.478018,6.29999999999998));
#15116=CARTESIAN_POINT('',(123.286,-118.478018,6.29999999999998));
#15117=CARTESIAN_POINT('',(123.392,-118.362265,6.29999999999998));
#15118=CARTESIAN_POINT('',(123.392,-118.362265,6.29999999999998));
#15119=CARTESIAN_POINT('',(123.49,-118.23824,6.29999999999998));
#15120=CARTESIAN_POINT('',(123.49,-118.23824,6.29999999999998));
#15121=CARTESIAN_POINT('',(123.577,-118.10733,6.29999999999998));
#15122=CARTESIAN_POINT('',(123.577,-118.10733,6.29999999999998));
#15123=CARTESIAN_POINT('',(123.654,-117.9709,6.29999999999998));
#15124=CARTESIAN_POINT('',(123.654,-117.9709,6.29999999999998));
#15125=CARTESIAN_POINT('',(123.719,-117.82896,6.29999999999998));
#15126=CARTESIAN_POINT('',(123.719,-117.82896,6.29999999999998));
#15127=CARTESIAN_POINT('',(123.774,-117.68151,6.29999999999998));
#15128=CARTESIAN_POINT('',(123.774,-117.68151,6.29999999999998));
#15129=CARTESIAN_POINT('',(123.815,-117.52993,6.29999999999998));
#15130=CARTESIAN_POINT('',(123.815,-117.52993,6.29999999999998));
#15131=CARTESIAN_POINT('',(123.847,-117.37559,6.29999999999998));
#15132=CARTESIAN_POINT('',(123.847,-117.37559,6.29999999999998));
#15133=CARTESIAN_POINT('',(123.865,-117.21987,6.29999999999998));
#15134=CARTESIAN_POINT('',(123.865,-117.21987,6.29999999999998));
#15135=CARTESIAN_POINT('',(123.871,-117.06415,6.29999999999998));
#15136=CARTESIAN_POINT('',(123.871,-117.06415,6.29999999999998));
#15137=CARTESIAN_POINT('',(123.87,-102.0031,6.29999999999998));
#15138=CARTESIAN_POINT('',(123.87,-102.0031,6.29999999999998));
#15139=CARTESIAN_POINT('',(123.865,-101.8461,6.29999999999998));
#15140=CARTESIAN_POINT('',(123.865,-101.8461,6.29999999999998));
#15141=CARTESIAN_POINT('',(123.847,-101.6891,6.29999999999998));
#15142=CARTESIAN_POINT('',(123.847,-101.6891,6.29999999999998));
#15143=CARTESIAN_POINT('',(123.815,-101.536,6.29999999999998));
#15144=CARTESIAN_POINT('',(123.815,-101.536,6.29999999999998));
#15145=CARTESIAN_POINT('',(123.774,-101.3832,6.29999999999998));
#15146=CARTESIAN_POINT('',(123.774,-101.3832,6.29999999999998));
#15147=CARTESIAN_POINT('',(123.719,-101.2372,6.29999999999998));
#15148=CARTESIAN_POINT('',(123.719,-101.2372,6.29999999999998));
#15149=CARTESIAN_POINT('',(123.654,-101.095,6.29999999999998));
#15150=CARTESIAN_POINT('',(123.654,-101.095,6.29999999999998));
#15151=CARTESIAN_POINT('',(123.577,-100.9574,6.29999999999998));
#15152=CARTESIAN_POINT('',(123.577,-100.9574,6.29999999999998));
#15153=CARTESIAN_POINT('',(123.49,-100.8262,6.29999999999998));
#15154=CARTESIAN_POINT('',(123.49,-100.8262,6.29999999999998));
#15155=CARTESIAN_POINT('',(123.392,-100.7038,6.29999999999998));
#15156=CARTESIAN_POINT('',(123.392,-100.7038,6.29999999999998));
#15157=CARTESIAN_POINT('',(123.286,-100.5881,6.29999999999998));
#15158=CARTESIAN_POINT('',(123.286,-100.5881,6.29999999999998));
#15159=CARTESIAN_POINT('',(123.17,-100.4819,6.29999999999998));
#15160=CARTESIAN_POINT('',(123.17,-100.4819,6.29999999999998));
#15161=CARTESIAN_POINT('',(123.046,-100.3842,6.29999999999998));
#15162=CARTESIAN_POINT('',(123.046,-100.3842,6.29999999999998));
#15163=CARTESIAN_POINT('',(122.915,-100.297,6.29999999999998));
#15164=CARTESIAN_POINT('',(122.915,-100.297,6.29999999999998));
#15165=CARTESIAN_POINT('',(122.779,-100.2201,6.29999999999998));
#15166=CARTESIAN_POINT('',(122.779,-100.2201,6.29999999999998));
#15167=CARTESIAN_POINT('',(122.637,-100.1552,6.29999999999998));
#15168=CARTESIAN_POINT('',(122.637,-100.1552,6.29999999999998));
#15169=CARTESIAN_POINT('',(122.489,-100.1002,6.29999999999998));
#15170=CARTESIAN_POINT('',(122.489,-100.1002,6.29999999999998));
#15171=CARTESIAN_POINT('',(122.338,-100.0575,6.29999999999998));
#15172=CARTESIAN_POINT('',(122.338,-100.0575,6.29999999999998));
#15173=CARTESIAN_POINT('',(122.183,-100.0272,6.29999999999998));
#15174=CARTESIAN_POINT('',(122.183,-100.0272,6.29999999999998));
#15175=CARTESIAN_POINT('',(122.028,-100.0092,6.29999999999998));
#15176=CARTESIAN_POINT('',(122.028,-100.0092,6.29999999999998));
#15177=CARTESIAN_POINT('',(121.872,-100.0025,6.29999999999998));
#15178=CARTESIAN_POINT('',(121.872,-100.0025,6.29999999999998));
#15179=CARTESIAN_POINT('',(121.111,-100.0043,6.29999999999998));
#15180=CARTESIAN_POINT('',(121.111,-100.0043,6.29999999999998));
#15181=CARTESIAN_POINT('',(116.3454,-100.0043,6.29999999999998));
#15182=CARTESIAN_POINT('',(121.111,-100.0043,6.29999999999998));
#15183=CARTESIAN_POINT('Origin',(116.3454,-98.0042999999999,6.29999999999998));
#15184=CARTESIAN_POINT('',(59.7211,-102.5383,6.29999999999998));
#15185=CARTESIAN_POINT('',(73.7204,-102.5383,6.29999999999998));
#15186=CARTESIAN_POINT('',(73.7204,-102.5383,6.29999999999998));
#15187=CARTESIAN_POINT('',(73.7204,-103.5373,6.29999999999998));
#15188=CARTESIAN_POINT('',(73.7204,-103.5373,6.29999999999998));
#15189=CARTESIAN_POINT('',(74.5211999999999,-103.5373,6.29999999999998));
#15190=CARTESIAN_POINT('',(74.5211999999999,-103.5373,6.29999999999998));
#15191=CARTESIAN_POINT('',(74.5211999999999,-106.6365,6.29999999999998));
#15192=CARTESIAN_POINT('',(74.5211999999999,-106.6365,6.29999999999998));
#15193=CARTESIAN_POINT('',(73.7204,-106.6365,6.29999999999998));
#15194=CARTESIAN_POINT('',(73.7204,-106.6365,6.29999999999998));
#15195=CARTESIAN_POINT('',(73.7204,-112.43808,6.29999999999998));
#15196=CARTESIAN_POINT('',(73.7204,-112.43808,6.29999999999998));
#15197=CARTESIAN_POINT('',(74.5211999999999,-112.43808,6.29999999999998));
#15198=CARTESIAN_POINT('',(74.5211999999999,-112.43808,6.29999999999998));
#15199=CARTESIAN_POINT('',(74.5211999999999,-115.53727,6.29999999999998));
#15200=CARTESIAN_POINT('',(74.5211999999999,-115.53727,6.29999999999998));
#15201=CARTESIAN_POINT('',(73.7204,-115.53727,6.29999999999998));
#15202=CARTESIAN_POINT('',(73.7204,-115.53727,6.29999999999998));
#15203=CARTESIAN_POINT('',(73.7204,-116.53774,6.29999999999998));
#15204=CARTESIAN_POINT('',(73.7204,-116.53774,6.29999999999998));
#15205=CARTESIAN_POINT('',(59.7211,-116.53774,6.29999999999998));
#15206=CARTESIAN_POINT('',(59.7211,-116.53774,6.29999999999998));
#15207=CARTESIAN_POINT('',(59.7211,-115.53727,6.29999999999998));
#15208=CARTESIAN_POINT('',(59.7211,-115.53727,6.29999999999998));
#15209=CARTESIAN_POINT('',(58.9203,-115.53727,6.29999999999998));
#15210=CARTESIAN_POINT('',(58.9203,-115.53727,6.29999999999998));
#15211=CARTESIAN_POINT('',(58.9203,-112.43808,6.29999999999998));
#15212=CARTESIAN_POINT('',(58.9203,-112.43808,6.29999999999998));
#15213=CARTESIAN_POINT('',(59.7211,-112.43808,6.29999999999998));
#15214=CARTESIAN_POINT('',(59.7211,-112.43808,6.29999999999998));
#15215=CARTESIAN_POINT('',(59.7211,-106.6365,6.29999999999998));
#15216=CARTESIAN_POINT('',(59.7211,-106.6365,6.29999999999998));
#15217=CARTESIAN_POINT('',(58.9203,-106.6365,6.29999999999998));
#15218=CARTESIAN_POINT('',(58.9203,-106.6365,6.29999999999998));
#15219=CARTESIAN_POINT('',(58.9203,-103.5373,6.29999999999998));
#15220=CARTESIAN_POINT('',(58.9203,-103.5373,6.29999999999998));
#15221=CARTESIAN_POINT('',(59.7211,-103.5373,6.29999999999998));
#15222=CARTESIAN_POINT('',(59.7211,-103.5373,6.29999999999998));
#15223=CARTESIAN_POINT('',(59.7211,-102.5383,6.29999999999998));
#15224=CARTESIAN_POINT('',(59.7211,-45.3883999999999,6.29999999999998));
#15225=CARTESIAN_POINT('',(73.7204,-45.3883999999999,6.29999999999998));
#15226=CARTESIAN_POINT('',(73.7204,-45.3883999999999,6.29999999999998));
#15227=CARTESIAN_POINT('',(73.7204,-46.3873999999999,6.29999999999998));
#15228=CARTESIAN_POINT('',(73.7204,-46.3873999999999,6.29999999999998));
#15229=CARTESIAN_POINT('',(74.5212,-46.3873999999999,6.29999999999998));
#15230=CARTESIAN_POINT('',(74.5212,-46.3873999999999,6.29999999999998));
#15231=CARTESIAN_POINT('',(74.5212,-49.4879999999999,6.29999999999998));
#15232=CARTESIAN_POINT('',(74.5212,-49.4879999999999,6.29999999999998));
#15233=CARTESIAN_POINT('',(73.7204,-49.4879999999999,6.29999999999998));
#15234=CARTESIAN_POINT('',(73.7204,-49.4879999999999,6.29999999999998));
#15235=CARTESIAN_POINT('',(73.7204,-55.2879999999999,6.29999999999998));
#15236=CARTESIAN_POINT('',(73.7204,-55.2879999999999,6.29999999999998));
#15237=CARTESIAN_POINT('',(74.5212,-55.2879999999999,6.29999999999998));
#15238=CARTESIAN_POINT('',(74.5212,-55.2879999999999,6.29999999999998));
#15239=CARTESIAN_POINT('',(74.5212,-58.3871999999999,6.29999999999999));
#15240=CARTESIAN_POINT('',(74.5212,-58.3871999999999,6.29999999999999));
#15241=CARTESIAN_POINT('',(73.7204,-58.3871999999999,6.29999999999999));
#15242=CARTESIAN_POINT('',(73.7204,-58.3871999999999,6.29999999999999));
#15243=CARTESIAN_POINT('',(73.7204,-59.3875999999999,6.29999999999999));
#15244=CARTESIAN_POINT('',(73.7204,-59.3875999999999,6.29999999999999));
#15245=CARTESIAN_POINT('',(59.7211,-59.3875999999999,6.29999999999999));
#15246=CARTESIAN_POINT('',(59.7211,-59.3875999999999,6.29999999999999));
#15247=CARTESIAN_POINT('',(59.7211,-58.3871999999999,6.29999999999999));
#15248=CARTESIAN_POINT('',(59.7211,-58.3871999999999,6.29999999999999));
#15249=CARTESIAN_POINT('',(58.9203,-58.3871999999999,6.29999999999999));
#15250=CARTESIAN_POINT('',(58.9203,-58.3871999999999,6.29999999999999));
#15251=CARTESIAN_POINT('',(58.9203,-55.2879999999999,6.29999999999998));
#15252=CARTESIAN_POINT('',(58.9203,-55.2879999999999,6.29999999999998));
#15253=CARTESIAN_POINT('',(59.7211,-55.2879999999999,6.29999999999998));
#15254=CARTESIAN_POINT('',(59.7211,-55.2879999999999,6.29999999999998));
#15255=CARTESIAN_POINT('',(59.7211,-49.4879999999999,6.29999999999998));
#15256=CARTESIAN_POINT('',(59.7211,-49.4879999999999,6.29999999999998));
#15257=CARTESIAN_POINT('',(58.9203,-49.4879999999999,6.29999999999998));
#15258=CARTESIAN_POINT('',(58.9203,-49.4879999999999,6.29999999999998));
#15259=CARTESIAN_POINT('',(58.9203,-46.3873999999999,6.29999999999998));
#15260=CARTESIAN_POINT('',(58.9203,-46.3873999999999,6.29999999999998));
#15261=CARTESIAN_POINT('',(59.7211,-46.3873999999999,6.29999999999998));
#15262=CARTESIAN_POINT('',(59.7211,-46.3873999999999,6.29999999999998));
#15263=CARTESIAN_POINT('',(59.7211,-45.3883999999999,6.29999999999998));
#15264=CARTESIAN_POINT('',(78.7711,-45.3883999999999,6.29999999999998));
#15265=CARTESIAN_POINT('',(92.7704,-45.3883999999999,6.29999999999998));
#15266=CARTESIAN_POINT('',(92.7704,-45.3883999999999,6.29999999999998));
#15267=CARTESIAN_POINT('',(92.7704,-46.3873999999999,6.29999999999998));
#15268=CARTESIAN_POINT('',(92.7704,-46.3873999999999,6.29999999999998));
#15269=CARTESIAN_POINT('',(93.5712,-46.3873999999999,6.29999999999998));
#15270=CARTESIAN_POINT('',(93.5712,-46.3873999999999,6.29999999999998));
#15271=CARTESIAN_POINT('',(93.5712,-49.4879999999999,6.29999999999998));
#15272=CARTESIAN_POINT('',(93.5712,-49.4879999999999,6.29999999999998));
#15273=CARTESIAN_POINT('',(92.7704,-49.4879999999999,6.29999999999998));
#15274=CARTESIAN_POINT('',(92.7704,-49.4879999999999,6.29999999999998));
#15275=CARTESIAN_POINT('',(92.7704,-55.2879999999999,6.29999999999998));
#15276=CARTESIAN_POINT('',(92.7704,-55.2879999999999,6.29999999999998));
#15277=CARTESIAN_POINT('',(93.5712,-55.2879999999999,6.29999999999998));
#15278=CARTESIAN_POINT('',(93.5712,-55.2879999999999,6.29999999999998));
#15279=CARTESIAN_POINT('',(93.5712,-58.3871999999999,6.29999999999999));
#15280=CARTESIAN_POINT('',(93.5712,-58.3871999999999,6.29999999999999));
#15281=CARTESIAN_POINT('',(92.7704,-58.3871999999999,6.29999999999999));
#15282=CARTESIAN_POINT('',(92.7704,-58.3871999999999,6.29999999999999));
#15283=CARTESIAN_POINT('',(92.7704,-59.3875999999999,6.29999999999999));
#15284=CARTESIAN_POINT('',(92.7704,-59.3875999999999,6.29999999999999));
#15285=CARTESIAN_POINT('',(78.7711,-59.3875999999999,6.29999999999999));
#15286=CARTESIAN_POINT('',(78.7711,-59.3875999999999,6.29999999999999));
#15287=CARTESIAN_POINT('',(78.7711,-58.3871999999999,6.29999999999999));
#15288=CARTESIAN_POINT('',(78.7711,-58.3871999999999,6.29999999999999));
#15289=CARTESIAN_POINT('',(77.9703,-58.3871999999999,6.29999999999999));
#15290=CARTESIAN_POINT('',(77.9703,-58.3871999999999,6.29999999999999));
#15291=CARTESIAN_POINT('',(77.9703,-55.2879999999999,6.29999999999998));
#15292=CARTESIAN_POINT('',(77.9703,-55.2879999999999,6.29999999999998));
#15293=CARTESIAN_POINT('',(78.7711,-55.2879999999999,6.29999999999998));
#15294=CARTESIAN_POINT('',(78.7711,-55.2879999999999,6.29999999999998));
#15295=CARTESIAN_POINT('',(78.7711,-49.4879999999999,6.29999999999998));
#15296=CARTESIAN_POINT('',(78.7711,-49.4879999999999,6.29999999999998));
#15297=CARTESIAN_POINT('',(77.9703,-49.4879999999999,6.29999999999998));
#15298=CARTESIAN_POINT('',(77.9703,-49.4879999999999,6.29999999999998));
#15299=CARTESIAN_POINT('',(77.9703,-46.3873999999999,6.29999999999998));
#15300=CARTESIAN_POINT('',(77.9703,-46.3873999999999,6.29999999999998));
#15301=CARTESIAN_POINT('',(78.7711,-46.3873999999999,6.29999999999998));
#15302=CARTESIAN_POINT('',(78.7711,-46.3873999999999,6.29999999999998));
#15303=CARTESIAN_POINT('',(78.7711,-45.3883999999999,6.29999999999998));
#15304=CARTESIAN_POINT('',(97.8211,-64.4383999999999,6.29999999999999));
#15305=CARTESIAN_POINT('',(111.8204,-64.4383999999999,6.29999999999999));
#15306=CARTESIAN_POINT('',(111.8204,-64.4383999999999,6.29999999999999));
#15307=CARTESIAN_POINT('',(111.8204,-65.4373999999999,6.29999999999999));
#15308=CARTESIAN_POINT('',(111.8204,-65.4373999999999,6.29999999999999));
#15309=CARTESIAN_POINT('',(112.6198,-65.4373999999999,6.29999999999999));
#15310=CARTESIAN_POINT('',(112.6198,-65.4373999999999,6.29999999999999));
#15311=CARTESIAN_POINT('',(112.6198,-68.5379999999999,6.29999999999999));
#15312=CARTESIAN_POINT('',(112.6198,-68.5379999999999,6.29999999999999));
#15313=CARTESIAN_POINT('',(111.8204,-68.5379999999999,6.29999999999999));
#15314=CARTESIAN_POINT('',(111.8204,-68.5379999999999,6.29999999999999));
#15315=CARTESIAN_POINT('',(111.8204,-74.3379999999999,6.29999999999999));
#15316=CARTESIAN_POINT('',(111.8204,-74.3379999999999,6.29999999999999));
#15317=CARTESIAN_POINT('',(112.6198,-74.3379999999999,6.29999999999999));
#15318=CARTESIAN_POINT('',(112.6198,-74.3379999999999,6.29999999999999));
#15319=CARTESIAN_POINT('',(112.6198,-77.4371999999999,6.29999999999999));
#15320=CARTESIAN_POINT('',(112.6198,-77.4371999999999,6.29999999999999));
#15321=CARTESIAN_POINT('',(111.8204,-77.4371999999999,6.29999999999999));
#15322=CARTESIAN_POINT('',(111.8204,-77.4371999999999,6.29999999999999));
#15323=CARTESIAN_POINT('',(111.8204,-78.4375999999999,6.29999999999999));
#15324=CARTESIAN_POINT('',(111.8204,-78.4375999999999,6.29999999999999));
#15325=CARTESIAN_POINT('',(97.8211,-78.4375999999999,6.29999999999999));
#15326=CARTESIAN_POINT('',(97.8211,-78.4375999999999,6.29999999999999));
#15327=CARTESIAN_POINT('',(97.8211,-77.4371999999999,6.29999999999999));
#15328=CARTESIAN_POINT('',(97.8211,-77.4371999999999,6.29999999999999));
#15329=CARTESIAN_POINT('',(97.0203,-77.4371999999999,6.29999999999999));
#15330=CARTESIAN_POINT('',(97.0203,-77.4371999999999,6.29999999999999));
#15331=CARTESIAN_POINT('',(97.0203,-74.3379999999999,6.29999999999999));
#15332=CARTESIAN_POINT('',(97.0203,-74.3379999999999,6.29999999999999));
#15333=CARTESIAN_POINT('',(97.8211,-74.3379999999999,6.29999999999999));
#15334=CARTESIAN_POINT('',(97.8211,-74.3379999999999,6.29999999999999));
#15335=CARTESIAN_POINT('',(97.8211,-68.5379999999999,6.29999999999999));
#15336=CARTESIAN_POINT('',(97.8211,-68.5379999999999,6.29999999999999));
#15337=CARTESIAN_POINT('',(97.0203,-68.5379999999999,6.29999999999999));
#15338=CARTESIAN_POINT('',(97.0203,-68.5379999999999,6.29999999999999));
#15339=CARTESIAN_POINT('',(97.0203,-65.4373999999999,6.29999999999999));
#15340=CARTESIAN_POINT('',(97.0203,-65.4373999999999,6.29999999999999));
#15341=CARTESIAN_POINT('',(97.8211,-65.4373999999999,6.29999999999999));
#15342=CARTESIAN_POINT('',(97.8211,-65.4373999999999,6.29999999999999));
#15343=CARTESIAN_POINT('',(97.8211,-64.4383999999999,6.29999999999999));
#15344=CARTESIAN_POINT('',(21.62103,-83.4883999999999,6.29999999999999));
#15345=CARTESIAN_POINT('',(35.6205,-83.4883999999999,6.29999999999999));
#15346=CARTESIAN_POINT('',(35.6205,-83.4883999999999,6.29999999999999));
#15347=CARTESIAN_POINT('',(35.6205,-84.4872999999999,6.29999999999999));
#15348=CARTESIAN_POINT('',(35.6205,-84.4872999999999,6.29999999999999));
#15349=CARTESIAN_POINT('',(36.4212,-84.4872999999999,6.29999999999999));
#15350=CARTESIAN_POINT('',(36.4212,-84.4872999999999,6.29999999999999));
#15351=CARTESIAN_POINT('',(36.4212,-87.5878999999999,6.29999999999999));
#15352=CARTESIAN_POINT('',(36.4212,-87.5878999999999,6.29999999999999));
#15353=CARTESIAN_POINT('',(35.6205,-87.5878999999999,6.29999999999999));
#15354=CARTESIAN_POINT('',(35.6205,-87.5878999999999,6.29999999999999));
#15355=CARTESIAN_POINT('',(35.6205,-93.3880999999999,6.29999999999998));
#15356=CARTESIAN_POINT('',(35.6205,-93.3880999999999,6.29999999999998));
#15357=CARTESIAN_POINT('',(36.4212,-93.3880999999999,6.29999999999998));
#15358=CARTESIAN_POINT('',(36.4212,-93.3880999999999,6.29999999999998));
#15359=CARTESIAN_POINT('',(36.4212,-96.4872999999999,6.29999999999998));
#15360=CARTESIAN_POINT('',(36.4212,-96.4872999999999,6.29999999999998));
#15361=CARTESIAN_POINT('',(35.6205,-96.4872999999999,6.29999999999998));
#15362=CARTESIAN_POINT('',(35.6205,-96.4872999999999,6.29999999999998));
#15363=CARTESIAN_POINT('',(35.6205,-97.4876999999999,6.29999999999998));
#15364=CARTESIAN_POINT('',(35.6205,-97.4876999999999,6.29999999999998));
#15365=CARTESIAN_POINT('',(21.62103,-97.4876999999999,6.29999999999998));
#15366=CARTESIAN_POINT('',(21.62103,-97.4876999999999,6.29999999999998));
#15367=CARTESIAN_POINT('',(21.62103,-96.4872999999999,6.29999999999998));
#15368=CARTESIAN_POINT('',(21.62103,-96.4872999999999,6.29999999999998));
#15369=CARTESIAN_POINT('',(20.82039,-96.4872999999999,6.29999999999998));
#15370=CARTESIAN_POINT('',(20.82039,-96.4872999999999,6.29999999999998));
#15371=CARTESIAN_POINT('',(20.82039,-93.3880999999999,6.29999999999998));
#15372=CARTESIAN_POINT('',(20.82039,-93.3880999999999,6.29999999999998));
#15373=CARTESIAN_POINT('',(21.62103,-93.3880999999999,6.29999999999998));
#15374=CARTESIAN_POINT('',(21.62103,-93.3880999999999,6.29999999999998));
#15375=CARTESIAN_POINT('',(21.62103,-87.5878999999999,6.29999999999999));
#15376=CARTESIAN_POINT('',(21.62103,-87.5878999999999,6.29999999999999));
#15377=CARTESIAN_POINT('',(20.82039,-87.5878999999999,6.29999999999999));
#15378=CARTESIAN_POINT('',(20.82039,-87.5878999999999,6.29999999999999));
#15379=CARTESIAN_POINT('',(20.82039,-84.4872999999999,6.29999999999999));
#15380=CARTESIAN_POINT('',(20.82039,-84.4872999999999,6.29999999999999));
#15381=CARTESIAN_POINT('',(21.62103,-84.4872999999999,6.29999999999999));
#15382=CARTESIAN_POINT('',(21.62103,-84.4872999999999,6.29999999999999));
#15383=CARTESIAN_POINT('',(21.62103,-83.4883999999999,6.29999999999999));
#15384=CARTESIAN_POINT('',(89.2194768051085,-38.8730681309869,6.29999999999998));
#15385=CARTESIAN_POINT('Origin',(90.2816805940673,-38.8730681309869,6.29999999999998));
#15386=CARTESIAN_POINT('',(40.671,-83.4883999999999,6.29999999999999));
#15387=CARTESIAN_POINT('',(54.6704,-83.4883999999999,6.29999999999999));
#15388=CARTESIAN_POINT('',(54.6704,-83.4883999999999,6.29999999999999));
#15389=CARTESIAN_POINT('',(54.6704,-84.4872999999999,6.29999999999999));
#15390=CARTESIAN_POINT('',(54.6704,-84.4872999999999,6.29999999999999));
#15391=CARTESIAN_POINT('',(55.4712,-84.4872999999999,6.29999999999999));
#15392=CARTESIAN_POINT('',(55.4712,-84.4872999999999,6.29999999999999));
#15393=CARTESIAN_POINT('',(55.4712,-87.5878999999999,6.29999999999999));
#15394=CARTESIAN_POINT('',(55.4712,-87.5878999999999,6.29999999999999));
#15395=CARTESIAN_POINT('',(54.6704,-87.5878999999999,6.29999999999999));
#15396=CARTESIAN_POINT('',(54.6704,-87.5878999999999,6.29999999999999));
#15397=CARTESIAN_POINT('',(54.6704,-93.3880999999999,6.29999999999998));
#15398=CARTESIAN_POINT('',(54.6704,-93.3880999999999,6.29999999999998));
#15399=CARTESIAN_POINT('',(55.4712,-93.3880999999999,6.29999999999998));
#15400=CARTESIAN_POINT('',(55.4712,-93.3880999999999,6.29999999999998));
#15401=CARTESIAN_POINT('',(55.4712,-96.4872999999999,6.29999999999998));
#15402=CARTESIAN_POINT('',(55.4712,-96.4872999999999,6.29999999999998));
#15403=CARTESIAN_POINT('',(54.6704,-96.4872999999999,6.29999999999998));
#15404=CARTESIAN_POINT('',(54.6704,-96.4872999999999,6.29999999999998));
#15405=CARTESIAN_POINT('',(54.6704,-97.4876999999999,6.29999999999998));
#15406=CARTESIAN_POINT('',(54.6704,-97.4876999999999,6.29999999999998));
#15407=CARTESIAN_POINT('',(40.671,-97.4876999999999,6.29999999999998));
#15408=CARTESIAN_POINT('',(40.671,-97.4876999999999,6.29999999999998));
#15409=CARTESIAN_POINT('',(40.671,-96.4872999999999,6.29999999999998));
#15410=CARTESIAN_POINT('',(40.671,-96.4872999999999,6.29999999999998));
#15411=CARTESIAN_POINT('',(39.8704,-96.4872999999999,6.29999999999998));
#15412=CARTESIAN_POINT('',(39.8704,-96.4872999999999,6.29999999999998));
#15413=CARTESIAN_POINT('',(39.8704,-93.3880999999999,6.29999999999998));
#15414=CARTESIAN_POINT('',(39.8704,-93.3880999999999,6.29999999999998));
#15415=CARTESIAN_POINT('',(40.671,-93.3880999999999,6.29999999999998));
#15416=CARTESIAN_POINT('',(40.671,-93.3880999999999,6.29999999999998));
#15417=CARTESIAN_POINT('',(40.671,-87.5878999999999,6.29999999999999));
#15418=CARTESIAN_POINT('',(40.671,-87.5878999999999,6.29999999999999));
#15419=CARTESIAN_POINT('',(39.8704,-87.5878999999999,6.29999999999999));
#15420=CARTESIAN_POINT('',(39.8704,-87.5878999999999,6.29999999999999));
#15421=CARTESIAN_POINT('',(39.8704,-84.4872999999999,6.29999999999999));
#15422=CARTESIAN_POINT('',(39.8704,-84.4872999999999,6.29999999999999));
#15423=CARTESIAN_POINT('',(40.671,-84.4872999999999,6.29999999999999));
#15424=CARTESIAN_POINT('',(40.671,-84.4872999999999,6.29999999999999));
#15425=CARTESIAN_POINT('',(40.671,-83.4883999999999,6.29999999999999));
#15426=CARTESIAN_POINT('',(46.519476805108,-123.082068130987,6.29999999999998));
#15427=CARTESIAN_POINT('Origin',(47.581680594067,-123.082068130987,6.29999999999998));
#15428=CARTESIAN_POINT('',(78.7711,-64.4383999999999,6.29999999999999));
#15429=CARTESIAN_POINT('',(92.7704,-64.4383999999999,6.29999999999999));
#15430=CARTESIAN_POINT('',(92.7704,-64.4383999999999,6.29999999999999));
#15431=CARTESIAN_POINT('',(92.7704,-65.4373999999999,6.29999999999999));
#15432=CARTESIAN_POINT('',(92.7704,-65.4373999999999,6.29999999999999));
#15433=CARTESIAN_POINT('',(93.5712,-65.4373999999999,6.29999999999999));
#15434=CARTESIAN_POINT('',(93.5712,-65.4373999999999,6.29999999999999));
#15435=CARTESIAN_POINT('',(93.5712,-68.5379999999999,6.29999999999999));
#15436=CARTESIAN_POINT('',(93.5712,-68.5379999999999,6.29999999999999));
#15437=CARTESIAN_POINT('',(92.7704,-68.5379999999999,6.29999999999999));
#15438=CARTESIAN_POINT('',(92.7704,-68.5379999999999,6.29999999999999));
#15439=CARTESIAN_POINT('',(92.7704,-74.3379999999999,6.29999999999999));
#15440=CARTESIAN_POINT('',(92.7704,-74.3379999999999,6.29999999999999));
#15441=CARTESIAN_POINT('',(93.5712,-74.3379999999999,6.29999999999999));
#15442=CARTESIAN_POINT('',(93.5712,-74.3379999999999,6.29999999999999));
#15443=CARTESIAN_POINT('',(93.5712,-77.4371999999999,6.29999999999999));
#15444=CARTESIAN_POINT('',(93.5712,-77.4371999999999,6.29999999999999));
#15445=CARTESIAN_POINT('',(92.7703999999999,-77.4371999999999,6.29999999999999));
#15446=CARTESIAN_POINT('',(92.7703999999999,-77.4371999999999,6.29999999999999));
#15447=CARTESIAN_POINT('',(92.7703999999999,-78.4375999999999,6.29999999999999));
#15448=CARTESIAN_POINT('',(92.7703999999999,-78.4375999999999,6.29999999999999));
#15449=CARTESIAN_POINT('',(78.7710999999999,-78.4375999999999,6.29999999999999));
#15450=CARTESIAN_POINT('',(78.7710999999999,-78.4375999999999,6.29999999999999));
#15451=CARTESIAN_POINT('',(78.7710999999999,-77.4371999999999,6.29999999999999));
#15452=CARTESIAN_POINT('',(78.7710999999999,-77.4371999999999,6.29999999999999));
#15453=CARTESIAN_POINT('',(77.9703,-77.4371999999999,6.29999999999999));
#15454=CARTESIAN_POINT('',(77.9703,-77.4371999999999,6.29999999999999));
#15455=CARTESIAN_POINT('',(77.9703,-74.3379999999999,6.29999999999999));
#15456=CARTESIAN_POINT('',(77.9703,-74.3379999999999,6.29999999999999));
#15457=CARTESIAN_POINT('',(78.7711,-74.3379999999999,6.29999999999999));
#15458=CARTESIAN_POINT('',(78.7711,-74.3379999999999,6.29999999999999));
#15459=CARTESIAN_POINT('',(78.7711,-68.5379999999999,6.29999999999999));
#15460=CARTESIAN_POINT('',(78.7711,-68.5379999999999,6.29999999999999));
#15461=CARTESIAN_POINT('',(77.9703,-68.5379999999999,6.29999999999999));
#15462=CARTESIAN_POINT('',(77.9703,-68.5379999999999,6.29999999999999));
#15463=CARTESIAN_POINT('',(77.9703,-65.4373999999999,6.29999999999999));
#15464=CARTESIAN_POINT('',(77.9703,-65.4373999999999,6.29999999999999));
#15465=CARTESIAN_POINT('',(78.7711,-65.4373999999999,6.29999999999999));
#15466=CARTESIAN_POINT('',(78.7711,-65.4373999999999,6.29999999999999));
#15467=CARTESIAN_POINT('',(78.7711,-64.4383999999999,6.29999999999999));
#15468=CARTESIAN_POINT('',(78.7710999999999,-102.5383,6.29999999999998));
#15469=CARTESIAN_POINT('',(92.7703999999999,-102.5383,6.29999999999998));
#15470=CARTESIAN_POINT('',(92.7703999999999,-102.5383,6.29999999999998));
#15471=CARTESIAN_POINT('',(92.7703999999999,-103.5373,6.29999999999998));
#15472=CARTESIAN_POINT('',(92.7703999999999,-103.5373,6.29999999999998));
#15473=CARTESIAN_POINT('',(93.5712,-103.5373,6.29999999999998));
#15474=CARTESIAN_POINT('',(93.5712,-103.5373,6.29999999999998));
#15475=CARTESIAN_POINT('',(93.5712,-106.6365,6.29999999999998));
#15476=CARTESIAN_POINT('',(93.5712,-106.6365,6.29999999999998));
#15477=CARTESIAN_POINT('',(92.7703999999999,-106.6365,6.29999999999998));
#15478=CARTESIAN_POINT('',(92.7703999999999,-106.6365,6.29999999999998));
#15479=CARTESIAN_POINT('',(92.7703999999999,-112.43808,6.29999999999998));
#15480=CARTESIAN_POINT('',(92.7703999999999,-112.43808,6.29999999999998));
#15481=CARTESIAN_POINT('',(93.5712,-112.43808,6.29999999999998));
#15482=CARTESIAN_POINT('',(93.5712,-112.43808,6.29999999999998));
#15483=CARTESIAN_POINT('',(93.5712,-115.53727,6.29999999999998));
#15484=CARTESIAN_POINT('',(93.5712,-115.53727,6.29999999999998));
#15485=CARTESIAN_POINT('',(92.7703999999999,-115.53727,6.29999999999998));
#15486=CARTESIAN_POINT('',(92.7703999999999,-115.53727,6.29999999999998));
#15487=CARTESIAN_POINT('',(92.7703999999999,-116.53774,6.29999999999998));
#15488=CARTESIAN_POINT('',(92.7703999999999,-116.53774,6.29999999999998));
#15489=CARTESIAN_POINT('',(78.7710999999999,-116.53774,6.29999999999998));
#15490=CARTESIAN_POINT('',(78.7710999999999,-116.53774,6.29999999999998));
#15491=CARTESIAN_POINT('',(78.7710999999999,-115.53727,6.29999999999998));
#15492=CARTESIAN_POINT('',(78.7710999999999,-115.53727,6.29999999999998));
#15493=CARTESIAN_POINT('',(77.9703,-115.53727,6.29999999999998));
#15494=CARTESIAN_POINT('',(77.9703,-115.53727,6.29999999999998));
#15495=CARTESIAN_POINT('',(77.9703,-112.43808,6.29999999999998));
#15496=CARTESIAN_POINT('',(77.9703,-112.43808,6.29999999999998));
#15497=CARTESIAN_POINT('',(78.7710999999999,-112.43808,6.29999999999998));
#15498=CARTESIAN_POINT('',(78.7710999999999,-112.43808,6.29999999999998));
#15499=CARTESIAN_POINT('',(78.7710999999999,-106.6365,6.29999999999998));
#15500=CARTESIAN_POINT('',(78.7710999999999,-106.6365,6.29999999999998));
#15501=CARTESIAN_POINT('',(77.9703,-106.6365,6.29999999999998));
#15502=CARTESIAN_POINT('',(77.9703,-106.6365,6.29999999999998));
#15503=CARTESIAN_POINT('',(77.9703,-103.5373,6.29999999999998));
#15504=CARTESIAN_POINT('',(77.9703,-103.5373,6.29999999999998));
#15505=CARTESIAN_POINT('',(78.7710999999999,-103.5373,6.29999999999998));
#15506=CARTESIAN_POINT('',(78.7710999999999,-103.5373,6.29999999999998));
#15507=CARTESIAN_POINT('',(78.7710999999999,-102.5383,6.29999999999998));
#15508=CARTESIAN_POINT('',(97.8211,-83.4883999999999,6.29999999999999));
#15509=CARTESIAN_POINT('',(111.8204,-83.4883999999999,6.29999999999999));
#15510=CARTESIAN_POINT('',(111.8204,-83.4883999999999,6.29999999999999));
#15511=CARTESIAN_POINT('',(111.8204,-84.4872999999999,6.29999999999999));
#15512=CARTESIAN_POINT('',(111.8204,-84.4872999999999,6.29999999999999));
#15513=CARTESIAN_POINT('',(112.6198,-84.4872999999999,6.29999999999999));
#15514=CARTESIAN_POINT('',(112.6198,-84.4872999999999,6.29999999999999));
#15515=CARTESIAN_POINT('',(112.6198,-87.5878999999999,6.29999999999999));
#15516=CARTESIAN_POINT('',(112.6198,-87.5878999999999,6.29999999999999));
#15517=CARTESIAN_POINT('',(111.8204,-87.5878999999999,6.29999999999999));
#15518=CARTESIAN_POINT('',(111.8204,-87.5878999999999,6.29999999999999));
#15519=CARTESIAN_POINT('',(111.8204,-93.3880999999999,6.29999999999998));
#15520=CARTESIAN_POINT('',(111.8204,-93.3880999999999,6.29999999999998));
#15521=CARTESIAN_POINT('',(112.6198,-93.3880999999999,6.29999999999998));
#15522=CARTESIAN_POINT('',(112.6198,-93.3880999999999,6.29999999999998));
#15523=CARTESIAN_POINT('',(112.6198,-96.4872999999999,6.29999999999998));
#15524=CARTESIAN_POINT('',(112.6198,-96.4872999999999,6.29999999999998));
#15525=CARTESIAN_POINT('',(111.8204,-96.4872999999999,6.29999999999998));
#15526=CARTESIAN_POINT('',(111.8204,-96.4872999999999,6.29999999999998));
#15527=CARTESIAN_POINT('',(111.8204,-97.4876999999999,6.29999999999998));
#15528=CARTESIAN_POINT('',(111.8204,-97.4876999999999,6.29999999999998));
#15529=CARTESIAN_POINT('',(97.8211,-97.4876999999999,6.29999999999998));
#15530=CARTESIAN_POINT('',(97.8211,-97.4876999999999,6.29999999999998));
#15531=CARTESIAN_POINT('',(97.8211,-96.4872999999999,6.29999999999998));
#15532=CARTESIAN_POINT('',(97.8211,-96.4872999999999,6.29999999999998));
#15533=CARTESIAN_POINT('',(97.0203,-96.4872999999999,6.29999999999998));
#15534=CARTESIAN_POINT('',(97.0203,-96.4872999999999,6.29999999999998));
#15535=CARTESIAN_POINT('',(97.0203,-93.3880999999999,6.29999999999998));
#15536=CARTESIAN_POINT('',(97.0203,-93.3880999999999,6.29999999999998));
#15537=CARTESIAN_POINT('',(97.8211,-93.3880999999999,6.29999999999998));
#15538=CARTESIAN_POINT('',(97.8211,-93.3880999999999,6.29999999999998));
#15539=CARTESIAN_POINT('',(97.8211,-87.5878999999999,6.29999999999999));
#15540=CARTESIAN_POINT('',(97.8211,-87.5878999999999,6.29999999999999));
#15541=CARTESIAN_POINT('',(97.0203,-87.5878999999999,6.29999999999999));
#15542=CARTESIAN_POINT('',(97.0203,-87.5878999999999,6.29999999999999));
#15543=CARTESIAN_POINT('',(97.0203,-84.4872999999999,6.29999999999999));
#15544=CARTESIAN_POINT('',(97.0203,-84.4872999999999,6.29999999999999));
#15545=CARTESIAN_POINT('',(97.8211,-84.4872999999999,6.29999999999999));
#15546=CARTESIAN_POINT('',(97.8211,-84.4872999999999,6.29999999999999));
#15547=CARTESIAN_POINT('',(97.8211,-83.4883999999999,6.29999999999999));
#15548=CARTESIAN_POINT('',(59.7211,-64.4383999999999,6.29999999999999));
#15549=CARTESIAN_POINT('',(73.7204,-64.4383999999999,6.29999999999999));
#15550=CARTESIAN_POINT('',(73.7204,-64.4383999999999,6.29999999999999));
#15551=CARTESIAN_POINT('',(73.7204,-65.4373999999999,6.29999999999999));
#15552=CARTESIAN_POINT('',(73.7204,-65.4373999999999,6.29999999999999));
#15553=CARTESIAN_POINT('',(74.5212,-65.4373999999999,6.29999999999999));
#15554=CARTESIAN_POINT('',(74.5212,-65.4373999999999,6.29999999999999));
#15555=CARTESIAN_POINT('',(74.5212,-68.5379999999999,6.29999999999999));
#15556=CARTESIAN_POINT('',(74.5212,-68.5379999999999,6.29999999999999));
#15557=CARTESIAN_POINT('',(73.7204,-68.5379999999999,6.29999999999999));
#15558=CARTESIAN_POINT('',(73.7204,-68.5379999999999,6.29999999999999));
#15559=CARTESIAN_POINT('',(73.7204,-74.3379999999999,6.29999999999999));
#15560=CARTESIAN_POINT('',(73.7204,-74.3379999999999,6.29999999999999));
#15561=CARTESIAN_POINT('',(74.5212,-74.3379999999999,6.29999999999999));
#15562=CARTESIAN_POINT('',(74.5212,-74.3379999999999,6.29999999999999));
#15563=CARTESIAN_POINT('',(74.5211999999999,-77.4371999999999,6.29999999999999));
#15564=CARTESIAN_POINT('',(74.5211999999999,-77.4371999999999,6.29999999999999));
#15565=CARTESIAN_POINT('',(73.7204,-77.4371999999999,6.29999999999999));
#15566=CARTESIAN_POINT('',(73.7204,-77.4371999999999,6.29999999999999));
#15567=CARTESIAN_POINT('',(73.7204,-78.4375999999999,6.29999999999999));
#15568=CARTESIAN_POINT('',(73.7204,-78.4375999999999,6.29999999999999));
#15569=CARTESIAN_POINT('',(59.7211,-78.4375999999999,6.29999999999999));
#15570=CARTESIAN_POINT('',(59.7211,-78.4375999999999,6.29999999999999));
#15571=CARTESIAN_POINT('',(59.7211,-77.4371999999999,6.29999999999999));
#15572=CARTESIAN_POINT('',(59.7211,-77.4371999999999,6.29999999999999));
#15573=CARTESIAN_POINT('',(58.9203,-77.4371999999999,6.29999999999999));
#15574=CARTESIAN_POINT('',(58.9203,-77.4371999999999,6.29999999999999));
#15575=CARTESIAN_POINT('',(58.9203,-74.3379999999999,6.29999999999999));
#15576=CARTESIAN_POINT('',(58.9203,-74.3379999999999,6.29999999999999));
#15577=CARTESIAN_POINT('',(59.7211,-74.3379999999999,6.29999999999999));
#15578=CARTESIAN_POINT('',(59.7211,-74.3379999999999,6.29999999999999));
#15579=CARTESIAN_POINT('',(59.7211,-68.5379999999999,6.29999999999999));
#15580=CARTESIAN_POINT('',(59.7211,-68.5379999999999,6.29999999999999));
#15581=CARTESIAN_POINT('',(58.9203,-68.5379999999999,6.29999999999999));
#15582=CARTESIAN_POINT('',(58.9203,-68.5379999999999,6.29999999999999));
#15583=CARTESIAN_POINT('',(58.9203,-65.4373999999999,6.29999999999999));
#15584=CARTESIAN_POINT('',(58.9203,-65.4373999999999,6.29999999999999));
#15585=CARTESIAN_POINT('',(59.7211,-65.4373999999999,6.29999999999999));
#15586=CARTESIAN_POINT('',(59.7211,-65.4373999999999,6.29999999999999));
#15587=CARTESIAN_POINT('',(59.7211,-64.4383999999999,6.29999999999999));
#15588=CARTESIAN_POINT('',(97.8211,-45.3883999999999,6.29999999999998));
#15589=CARTESIAN_POINT('',(111.8204,-45.3883999999999,6.29999999999998));
#15590=CARTESIAN_POINT('',(111.8204,-45.3883999999999,6.29999999999998));
#15591=CARTESIAN_POINT('',(111.8204,-46.3873999999999,6.29999999999998));
#15592=CARTESIAN_POINT('',(111.8204,-46.3873999999999,6.29999999999998));
#15593=CARTESIAN_POINT('',(112.6198,-46.3873999999999,6.29999999999998));
#15594=CARTESIAN_POINT('',(112.6198,-46.3873999999999,6.29999999999998));
#15595=CARTESIAN_POINT('',(112.6198,-49.4879999999999,6.29999999999998));
#15596=CARTESIAN_POINT('',(112.6198,-49.4879999999999,6.29999999999998));
#15597=CARTESIAN_POINT('',(111.8204,-49.4879999999999,6.29999999999998));
#15598=CARTESIAN_POINT('',(111.8204,-49.4879999999999,6.29999999999998));
#15599=CARTESIAN_POINT('',(111.8204,-55.2879999999999,6.29999999999998));
#15600=CARTESIAN_POINT('',(111.8204,-55.2879999999999,6.29999999999998));
#15601=CARTESIAN_POINT('',(112.6198,-55.2879999999999,6.29999999999998));
#15602=CARTESIAN_POINT('',(112.6198,-55.2879999999999,6.29999999999998));
#15603=CARTESIAN_POINT('',(112.6198,-58.3871999999999,6.29999999999999));
#15604=CARTESIAN_POINT('',(112.6198,-58.3871999999999,6.29999999999999));
#15605=CARTESIAN_POINT('',(111.8204,-58.3871999999999,6.29999999999999));
#15606=CARTESIAN_POINT('',(111.8204,-58.3871999999999,6.29999999999999));
#15607=CARTESIAN_POINT('',(111.8204,-59.3875999999999,6.29999999999999));
#15608=CARTESIAN_POINT('',(111.8204,-59.3875999999999,6.29999999999999));
#15609=CARTESIAN_POINT('',(97.8211,-59.3875999999999,6.29999999999999));
#15610=CARTESIAN_POINT('',(97.8211,-59.3875999999999,6.29999999999999));
#15611=CARTESIAN_POINT('',(97.8211,-58.3871999999999,6.29999999999999));
#15612=CARTESIAN_POINT('',(97.8211,-58.3871999999999,6.29999999999999));
#15613=CARTESIAN_POINT('',(97.0203,-58.3871999999999,6.29999999999999));
#15614=CARTESIAN_POINT('',(97.0203,-58.3871999999999,6.29999999999999));
#15615=CARTESIAN_POINT('',(97.0203,-55.2879999999999,6.29999999999998));
#15616=CARTESIAN_POINT('',(97.0203,-55.2879999999999,6.29999999999998));
#15617=CARTESIAN_POINT('',(97.8211,-55.2879999999999,6.29999999999998));
#15618=CARTESIAN_POINT('',(97.8211,-55.2879999999999,6.29999999999998));
#15619=CARTESIAN_POINT('',(97.8211,-49.4879999999999,6.29999999999998));
#15620=CARTESIAN_POINT('',(97.8211,-49.4879999999999,6.29999999999998));
#15621=CARTESIAN_POINT('',(97.0203,-49.4879999999999,6.29999999999998));
#15622=CARTESIAN_POINT('',(97.0203,-49.4879999999999,6.29999999999998));
#15623=CARTESIAN_POINT('',(97.0203,-46.3873999999999,6.29999999999998));
#15624=CARTESIAN_POINT('',(97.0203,-46.3873999999999,6.29999999999998));
#15625=CARTESIAN_POINT('',(97.8211,-46.3873999999999,6.29999999999998));
#15626=CARTESIAN_POINT('',(97.8211,-46.3873999999999,6.29999999999998));
#15627=CARTESIAN_POINT('',(97.8211,-45.3883999999999,6.29999999999998));
#15628=CARTESIAN_POINT('',(102.5822,-102.5383,6.29999999999998));
#15629=CARTESIAN_POINT('',(116.5829,-102.5383,6.29999999999998));
#15630=CARTESIAN_POINT('',(116.5829,-102.5383,6.29999999999998));
#15631=CARTESIAN_POINT('',(116.5829,-103.5373,6.29999999999998));
#15632=CARTESIAN_POINT('',(116.5829,-103.5373,6.29999999999998));
#15633=CARTESIAN_POINT('',(117.3823,-103.5373,6.29999999999998));
#15634=CARTESIAN_POINT('',(117.3823,-103.5373,6.29999999999998));
#15635=CARTESIAN_POINT('',(117.3823,-106.6365,6.29999999999998));
#15636=CARTESIAN_POINT('',(117.3823,-106.6365,6.29999999999998));
#15637=CARTESIAN_POINT('',(116.5829,-106.6365,6.29999999999998));
#15638=CARTESIAN_POINT('',(116.5829,-106.6365,6.29999999999998));
#15639=CARTESIAN_POINT('',(116.5829,-112.43808,6.29999999999998));
#15640=CARTESIAN_POINT('',(116.5829,-112.43808,6.29999999999998));
#15641=CARTESIAN_POINT('',(117.3823,-112.43808,6.29999999999998));
#15642=CARTESIAN_POINT('',(117.3823,-112.43808,6.29999999999998));
#15643=CARTESIAN_POINT('',(117.3823,-115.53727,6.29999999999998));
#15644=CARTESIAN_POINT('',(117.3823,-115.53727,6.29999999999998));
#15645=CARTESIAN_POINT('',(116.5829,-115.53727,6.29999999999998));
#15646=CARTESIAN_POINT('',(116.5829,-115.53727,6.29999999999998));
#15647=CARTESIAN_POINT('',(116.5829,-116.53774,6.29999999999998));
#15648=CARTESIAN_POINT('',(116.5829,-116.53774,6.29999999999998));
#15649=CARTESIAN_POINT('',(102.5822,-116.53774,6.29999999999998));
#15650=CARTESIAN_POINT('',(102.5822,-116.53774,6.29999999999998));
#15651=CARTESIAN_POINT('',(102.5822,-115.53727,6.29999999999998));
#15652=CARTESIAN_POINT('',(102.5822,-115.53727,6.29999999999998));
#15653=CARTESIAN_POINT('',(101.7828,-115.53727,6.29999999999998));
#15654=CARTESIAN_POINT('',(101.7828,-115.53727,6.29999999999998));
#15655=CARTESIAN_POINT('',(101.7828,-112.43808,6.29999999999998));
#15656=CARTESIAN_POINT('',(101.7828,-112.43808,6.29999999999998));
#15657=CARTESIAN_POINT('',(102.5822,-112.43808,6.29999999999998));
#15658=CARTESIAN_POINT('',(102.5822,-112.43808,6.29999999999998));
#15659=CARTESIAN_POINT('',(102.5822,-106.6365,6.29999999999998));
#15660=CARTESIAN_POINT('',(102.5822,-106.6365,6.29999999999998));
#15661=CARTESIAN_POINT('',(101.7828,-106.6365,6.29999999999998));
#15662=CARTESIAN_POINT('',(101.7828,-106.6365,6.29999999999998));
#15663=CARTESIAN_POINT('',(101.7828,-103.5373,6.29999999999998));
#15664=CARTESIAN_POINT('',(101.7828,-103.5373,6.29999999999998));
#15665=CARTESIAN_POINT('',(102.5822,-103.5373,6.29999999999998));
#15666=CARTESIAN_POINT('',(102.5822,-103.5373,6.29999999999998));
#15667=CARTESIAN_POINT('',(102.5822,-102.5383,6.29999999999998));
#15668=CARTESIAN_POINT('',(40.671,-64.4383999999999,6.29999999999999));
#15669=CARTESIAN_POINT('',(54.6704,-64.4383999999999,6.29999999999999));
#15670=CARTESIAN_POINT('',(54.6704,-64.4383999999999,6.29999999999999));
#15671=CARTESIAN_POINT('',(54.6704,-65.4373999999999,6.29999999999999));
#15672=CARTESIAN_POINT('',(54.6704,-65.4373999999999,6.29999999999999));
#15673=CARTESIAN_POINT('',(55.4712,-65.4373999999999,6.29999999999999));
#15674=CARTESIAN_POINT('',(55.4712,-65.4373999999999,6.29999999999999));
#15675=CARTESIAN_POINT('',(55.4712,-68.5379999999999,6.29999999999999));
#15676=CARTESIAN_POINT('',(55.4712,-68.5379999999999,6.29999999999999));
#15677=CARTESIAN_POINT('',(54.6704,-68.5379999999999,6.29999999999999));
#15678=CARTESIAN_POINT('',(54.6704,-68.5379999999999,6.29999999999999));
#15679=CARTESIAN_POINT('',(54.6704,-74.3379999999999,6.29999999999999));
#15680=CARTESIAN_POINT('',(54.6704,-74.3379999999999,6.29999999999999));
#15681=CARTESIAN_POINT('',(55.4712,-74.3379999999999,6.29999999999999));
#15682=CARTESIAN_POINT('',(55.4712,-74.3379999999999,6.29999999999999));
#15683=CARTESIAN_POINT('',(55.4712,-77.4371999999999,6.29999999999999));
#15684=CARTESIAN_POINT('',(55.4712,-77.4371999999999,6.29999999999999));
#15685=CARTESIAN_POINT('',(54.6704,-77.4371999999999,6.29999999999999));
#15686=CARTESIAN_POINT('',(54.6704,-77.4371999999999,6.29999999999999));
#15687=CARTESIAN_POINT('',(54.6704,-78.4375999999999,6.29999999999999));
#15688=CARTESIAN_POINT('',(54.6704,-78.4375999999999,6.29999999999999));
#15689=CARTESIAN_POINT('',(40.671,-78.4375999999999,6.29999999999999));
#15690=CARTESIAN_POINT('',(40.671,-78.4375999999999,6.29999999999999));
#15691=CARTESIAN_POINT('',(40.671,-77.4371999999999,6.29999999999999));
#15692=CARTESIAN_POINT('',(40.671,-77.4371999999999,6.29999999999999));
#15693=CARTESIAN_POINT('',(39.8704,-77.4371999999999,6.29999999999999));
#15694=CARTESIAN_POINT('',(39.8704,-77.4371999999999,6.29999999999999));
#15695=CARTESIAN_POINT('',(39.8704,-74.3379999999999,6.29999999999999));
#15696=CARTESIAN_POINT('',(39.8704,-74.3379999999999,6.29999999999999));
#15697=CARTESIAN_POINT('',(40.671,-74.3379999999999,6.29999999999999));
#15698=CARTESIAN_POINT('',(40.671,-74.3379999999999,6.29999999999999));
#15699=CARTESIAN_POINT('',(40.671,-68.5379999999999,6.29999999999999));
#15700=CARTESIAN_POINT('',(40.671,-68.5379999999999,6.29999999999999));
#15701=CARTESIAN_POINT('',(39.8704,-68.5379999999999,6.29999999999999));
#15702=CARTESIAN_POINT('',(39.8704,-68.5379999999999,6.29999999999999));
#15703=CARTESIAN_POINT('',(39.8704,-65.4373999999999,6.29999999999999));
#15704=CARTESIAN_POINT('',(39.8704,-65.4373999999999,6.29999999999999));
#15705=CARTESIAN_POINT('',(40.671,-65.4373999999999,6.29999999999999));
#15706=CARTESIAN_POINT('',(40.671,-65.4373999999999,6.29999999999999));
#15707=CARTESIAN_POINT('',(40.671,-64.4383999999999,6.29999999999999));
#15708=CARTESIAN_POINT('',(21.62103,-64.4383999999999,6.29999999999999));
#15709=CARTESIAN_POINT('',(35.6205,-64.4383999999999,6.29999999999999));
#15710=CARTESIAN_POINT('',(35.6205,-64.4383999999999,6.29999999999999));
#15711=CARTESIAN_POINT('',(35.6205,-65.4373999999999,6.29999999999999));
#15712=CARTESIAN_POINT('',(35.6205,-65.4373999999999,6.29999999999999));
#15713=CARTESIAN_POINT('',(36.4212,-65.4373999999999,6.29999999999999));
#15714=CARTESIAN_POINT('',(36.4212,-65.4373999999999,6.29999999999999));
#15715=CARTESIAN_POINT('',(36.4212,-68.5379999999999,6.29999999999999));
#15716=CARTESIAN_POINT('',(36.4212,-68.5379999999999,6.29999999999999));
#15717=CARTESIAN_POINT('',(35.6205,-68.5379999999999,6.29999999999999));
#15718=CARTESIAN_POINT('',(35.6205,-68.5379999999999,6.29999999999999));
#15719=CARTESIAN_POINT('',(35.6205,-74.3379999999999,6.29999999999999));
#15720=CARTESIAN_POINT('',(35.6205,-74.3379999999999,6.29999999999999));
#15721=CARTESIAN_POINT('',(36.4212,-74.3379999999999,6.29999999999999));
#15722=CARTESIAN_POINT('',(36.4212,-74.3379999999999,6.29999999999999));
#15723=CARTESIAN_POINT('',(36.4212,-77.4371999999999,6.29999999999999));
#15724=CARTESIAN_POINT('',(36.4212,-77.4371999999999,6.29999999999999));
#15725=CARTESIAN_POINT('',(35.6205,-77.4371999999999,6.29999999999999));
#15726=CARTESIAN_POINT('',(35.6205,-77.4371999999999,6.29999999999999));
#15727=CARTESIAN_POINT('',(35.6205,-78.4375999999999,6.29999999999999));
#15728=CARTESIAN_POINT('',(35.6205,-78.4375999999999,6.29999999999999));
#15729=CARTESIAN_POINT('',(21.62103,-78.4375999999999,6.29999999999999));
#15730=CARTESIAN_POINT('',(21.62103,-78.4375999999999,6.29999999999999));
#15731=CARTESIAN_POINT('',(21.62103,-77.4371999999999,6.29999999999999));
#15732=CARTESIAN_POINT('',(21.62103,-77.4371999999999,6.29999999999999));
#15733=CARTESIAN_POINT('',(20.82039,-77.4371999999999,6.29999999999999));
#15734=CARTESIAN_POINT('',(20.82039,-77.4371999999999,6.29999999999999));
#15735=CARTESIAN_POINT('',(20.82039,-74.3379999999999,6.29999999999999));
#15736=CARTESIAN_POINT('',(20.82039,-74.3379999999999,6.29999999999999));
#15737=CARTESIAN_POINT('',(21.62103,-74.3379999999999,6.29999999999999));
#15738=CARTESIAN_POINT('',(21.62103,-74.3379999999999,6.29999999999999));
#15739=CARTESIAN_POINT('',(21.62103,-68.5379999999999,6.29999999999999));
#15740=CARTESIAN_POINT('',(21.62103,-68.5379999999999,6.29999999999999));
#15741=CARTESIAN_POINT('',(20.82039,-68.5379999999999,6.29999999999999));
#15742=CARTESIAN_POINT('',(20.82039,-68.5379999999999,6.29999999999999));
#15743=CARTESIAN_POINT('',(20.82039,-65.4373999999999,6.29999999999999));
#15744=CARTESIAN_POINT('',(20.82039,-65.4373999999999,6.29999999999999));
#15745=CARTESIAN_POINT('',(21.62103,-65.4373999999999,6.29999999999999));
#15746=CARTESIAN_POINT('',(21.62103,-65.4373999999999,6.29999999999999));
#15747=CARTESIAN_POINT('',(21.62103,-64.4383999999999,6.29999999999999));
#15748=CARTESIAN_POINT('',(46.519476805109,-38.8730681309869,6.29999999999998));
#15749=CARTESIAN_POINT('Origin',(47.581680594067,-38.8730681309869,6.29999999999998));
#15750=CARTESIAN_POINT('',(40.671,-45.3883999999999,6.29999999999998));
#15751=CARTESIAN_POINT('',(54.6704,-45.3883999999999,6.29999999999998));
#15752=CARTESIAN_POINT('',(54.6704,-45.3883999999999,6.29999999999998));
#15753=CARTESIAN_POINT('',(54.6704,-46.3873999999999,6.29999999999998));
#15754=CARTESIAN_POINT('',(54.6704,-46.3873999999999,6.29999999999998));
#15755=CARTESIAN_POINT('',(55.4712,-46.3873999999999,6.29999999999998));
#15756=CARTESIAN_POINT('',(55.4712,-46.3873999999999,6.29999999999998));
#15757=CARTESIAN_POINT('',(55.4712,-49.4879999999999,6.29999999999998));
#15758=CARTESIAN_POINT('',(55.4712,-49.4879999999999,6.29999999999998));
#15759=CARTESIAN_POINT('',(54.6704,-49.4879999999999,6.29999999999998));
#15760=CARTESIAN_POINT('',(54.6704,-49.4879999999999,6.29999999999998));
#15761=CARTESIAN_POINT('',(54.6704,-55.2879999999999,6.29999999999998));
#15762=CARTESIAN_POINT('',(54.6704,-55.2879999999999,6.29999999999998));
#15763=CARTESIAN_POINT('',(55.4712,-55.2879999999999,6.29999999999998));
#15764=CARTESIAN_POINT('',(55.4712,-55.2879999999999,6.29999999999998));
#15765=CARTESIAN_POINT('',(55.4712,-58.3871999999999,6.29999999999999));
#15766=CARTESIAN_POINT('',(55.4712,-58.3871999999999,6.29999999999999));
#15767=CARTESIAN_POINT('',(54.6704,-58.3871999999999,6.29999999999999));
#15768=CARTESIAN_POINT('',(54.6704,-58.3871999999999,6.29999999999999));
#15769=CARTESIAN_POINT('',(54.6704,-59.3875999999999,6.29999999999999));
#15770=CARTESIAN_POINT('',(54.6704,-59.3875999999999,6.29999999999999));
#15771=CARTESIAN_POINT('',(40.671,-59.3875999999999,6.29999999999999));
#15772=CARTESIAN_POINT('',(40.671,-59.3875999999999,6.29999999999999));
#15773=CARTESIAN_POINT('',(40.671,-58.3871999999999,6.29999999999999));
#15774=CARTESIAN_POINT('',(40.671,-58.3871999999999,6.29999999999999));
#15775=CARTESIAN_POINT('',(39.8704,-58.3871999999999,6.29999999999999));
#15776=CARTESIAN_POINT('',(39.8704,-58.3871999999999,6.29999999999999));
#15777=CARTESIAN_POINT('',(39.8704,-55.2879999999999,6.29999999999998));
#15778=CARTESIAN_POINT('',(39.8704,-55.2879999999999,6.29999999999998));
#15779=CARTESIAN_POINT('',(40.671,-55.2879999999999,6.29999999999998));
#15780=CARTESIAN_POINT('',(40.671,-55.2879999999999,6.29999999999998));
#15781=CARTESIAN_POINT('',(40.671,-49.4879999999999,6.29999999999998));
#15782=CARTESIAN_POINT('',(40.671,-49.4879999999999,6.29999999999998));
#15783=CARTESIAN_POINT('',(39.8704,-49.4879999999999,6.29999999999998));
#15784=CARTESIAN_POINT('',(39.8704,-49.4879999999999,6.29999999999998));
#15785=CARTESIAN_POINT('',(39.8704,-46.3873999999999,6.29999999999998));
#15786=CARTESIAN_POINT('',(39.8704,-46.3873999999999,6.29999999999998));
#15787=CARTESIAN_POINT('',(40.671,-46.3873999999999,6.29999999999998));
#15788=CARTESIAN_POINT('',(40.671,-46.3873999999999,6.29999999999998));
#15789=CARTESIAN_POINT('',(40.671,-45.3883999999999,6.29999999999998));
#15790=CARTESIAN_POINT('',(78.7710999999999,-83.4883999999999,6.29999999999999));
#15791=CARTESIAN_POINT('',(92.7703999999999,-83.4883999999999,6.29999999999999));
#15792=CARTESIAN_POINT('',(92.7703999999999,-83.4883999999999,6.29999999999999));
#15793=CARTESIAN_POINT('',(92.7703999999999,-84.4872999999999,6.29999999999999));
#15794=CARTESIAN_POINT('',(92.7703999999999,-84.4872999999999,6.29999999999999));
#15795=CARTESIAN_POINT('',(93.5712,-84.4872999999999,6.29999999999999));
#15796=CARTESIAN_POINT('',(93.5712,-84.4872999999999,6.29999999999999));
#15797=CARTESIAN_POINT('',(93.5712,-87.5878999999999,6.29999999999999));
#15798=CARTESIAN_POINT('',(93.5712,-87.5878999999999,6.29999999999999));
#15799=CARTESIAN_POINT('',(92.7703999999999,-87.5878999999999,6.29999999999999));
#15800=CARTESIAN_POINT('',(92.7703999999999,-87.5878999999999,6.29999999999999));
#15801=CARTESIAN_POINT('',(92.7703999999999,-93.3880999999999,6.29999999999998));
#15802=CARTESIAN_POINT('',(92.7703999999999,-93.3880999999999,6.29999999999998));
#15803=CARTESIAN_POINT('',(93.5712,-93.3880999999999,6.29999999999998));
#15804=CARTESIAN_POINT('',(93.5712,-93.3880999999999,6.29999999999998));
#15805=CARTESIAN_POINT('',(93.5712,-96.4872999999999,6.29999999999998));
#15806=CARTESIAN_POINT('',(93.5712,-96.4872999999999,6.29999999999998));
#15807=CARTESIAN_POINT('',(92.7703999999999,-96.4872999999999,6.29999999999998));
#15808=CARTESIAN_POINT('',(92.7703999999999,-96.4872999999999,6.29999999999998));
#15809=CARTESIAN_POINT('',(92.7703999999999,-97.4876999999999,6.29999999999998));
#15810=CARTESIAN_POINT('',(92.7703999999999,-97.4876999999999,6.29999999999998));
#15811=CARTESIAN_POINT('',(78.7710999999999,-97.4876999999999,6.29999999999998));
#15812=CARTESIAN_POINT('',(78.7710999999999,-97.4876999999999,6.29999999999998));
#15813=CARTESIAN_POINT('',(78.7710999999999,-96.4872999999999,6.29999999999998));
#15814=CARTESIAN_POINT('',(78.7710999999999,-96.4872999999999,6.29999999999998));
#15815=CARTESIAN_POINT('',(77.9703,-96.4872999999999,6.29999999999998));
#15816=CARTESIAN_POINT('',(77.9703,-96.4872999999999,6.29999999999998));
#15817=CARTESIAN_POINT('',(77.9703,-93.3880999999999,6.29999999999998));
#15818=CARTESIAN_POINT('',(77.9703,-93.3880999999999,6.29999999999998));
#15819=CARTESIAN_POINT('',(78.7710999999999,-93.3880999999999,6.29999999999998));
#15820=CARTESIAN_POINT('',(78.7710999999999,-93.3880999999999,6.29999999999998));
#15821=CARTESIAN_POINT('',(78.7710999999999,-87.5878999999999,6.29999999999999));
#15822=CARTESIAN_POINT('',(78.7710999999999,-87.5878999999999,6.29999999999999));
#15823=CARTESIAN_POINT('',(77.9703,-87.5878999999999,6.29999999999999));
#15824=CARTESIAN_POINT('',(77.9703,-87.5878999999999,6.29999999999999));
#15825=CARTESIAN_POINT('',(77.9703,-84.4872999999999,6.29999999999999));
#15826=CARTESIAN_POINT('',(77.9703,-84.4872999999999,6.29999999999999));
#15827=CARTESIAN_POINT('',(78.7710999999999,-84.4872999999999,6.29999999999999));
#15828=CARTESIAN_POINT('',(78.7710999999999,-84.4872999999999,6.29999999999999));
#15829=CARTESIAN_POINT('',(78.7710999999999,-83.4883999999999,6.29999999999999));
#15830=CARTESIAN_POINT('',(59.7211,-83.4883999999999,6.29999999999999));
#15831=CARTESIAN_POINT('',(73.7204,-83.4883999999999,6.29999999999999));
#15832=CARTESIAN_POINT('',(73.7204,-83.4883999999999,6.29999999999999));
#15833=CARTESIAN_POINT('',(73.7204,-84.4872999999999,6.29999999999999));
#15834=CARTESIAN_POINT('',(73.7204,-84.4872999999999,6.29999999999999));
#15835=CARTESIAN_POINT('',(74.5211999999999,-84.4872999999999,6.29999999999999));
#15836=CARTESIAN_POINT('',(74.5211999999999,-84.4872999999999,6.29999999999999));
#15837=CARTESIAN_POINT('',(74.5211999999999,-87.5878999999999,6.29999999999999));
#15838=CARTESIAN_POINT('',(74.5211999999999,-87.5878999999999,6.29999999999999));
#15839=CARTESIAN_POINT('',(73.7204,-87.5878999999999,6.29999999999999));
#15840=CARTESIAN_POINT('',(73.7204,-87.5878999999999,6.29999999999999));
#15841=CARTESIAN_POINT('',(73.7204,-93.3880999999999,6.29999999999998));
#15842=CARTESIAN_POINT('',(73.7204,-93.3880999999999,6.29999999999998));
#15843=CARTESIAN_POINT('',(74.5211999999999,-93.3880999999999,6.29999999999998));
#15844=CARTESIAN_POINT('',(74.5211999999999,-93.3880999999999,6.29999999999998));
#15845=CARTESIAN_POINT('',(74.5211999999999,-96.4872999999999,6.29999999999998));
#15846=CARTESIAN_POINT('',(74.5211999999999,-96.4872999999999,6.29999999999998));
#15847=CARTESIAN_POINT('',(73.7204,-96.4872999999999,6.29999999999998));
#15848=CARTESIAN_POINT('',(73.7204,-96.4872999999999,6.29999999999998));
#15849=CARTESIAN_POINT('',(73.7204,-97.4876999999999,6.29999999999998));
#15850=CARTESIAN_POINT('',(73.7204,-97.4876999999999,6.29999999999998));
#15851=CARTESIAN_POINT('',(59.7211,-97.4876999999999,6.29999999999998));
#15852=CARTESIAN_POINT('',(59.7211,-97.4876999999999,6.29999999999998));
#15853=CARTESIAN_POINT('',(59.7211,-96.4872999999999,6.29999999999998));
#15854=CARTESIAN_POINT('',(59.7211,-96.4872999999999,6.29999999999998));
#15855=CARTESIAN_POINT('',(58.9203,-96.4872999999999,6.29999999999998));
#15856=CARTESIAN_POINT('',(58.9203,-96.4872999999999,6.29999999999998));
#15857=CARTESIAN_POINT('',(58.9203,-93.3880999999999,6.29999999999998));
#15858=CARTESIAN_POINT('',(58.9203,-93.3880999999999,6.29999999999998));
#15859=CARTESIAN_POINT('',(59.7211,-93.3880999999999,6.29999999999998));
#15860=CARTESIAN_POINT('',(59.7211,-93.3880999999999,6.29999999999998));
#15861=CARTESIAN_POINT('',(59.7211,-87.5878999999999,6.29999999999999));
#15862=CARTESIAN_POINT('',(59.7211,-87.5878999999999,6.29999999999999));
#15863=CARTESIAN_POINT('',(58.9203,-87.5878999999999,6.29999999999999));
#15864=CARTESIAN_POINT('',(58.9203,-87.5878999999999,6.29999999999999));
#15865=CARTESIAN_POINT('',(58.9203,-84.4872999999999,6.29999999999999));
#15866=CARTESIAN_POINT('',(58.9203,-84.4872999999999,6.29999999999999));
#15867=CARTESIAN_POINT('',(59.7211,-84.4872999999999,6.29999999999999));
#15868=CARTESIAN_POINT('',(59.7211,-84.4872999999999,6.29999999999999));
#15869=CARTESIAN_POINT('',(59.7211,-83.4883999999999,6.29999999999999));
#15870=CARTESIAN_POINT('',(21.62103,-45.3883999999999,6.29999999999998));
#15871=CARTESIAN_POINT('',(35.6205,-45.3883999999999,6.29999999999998));
#15872=CARTESIAN_POINT('',(35.6205,-45.3883999999999,6.29999999999998));
#15873=CARTESIAN_POINT('',(35.6205,-46.3873999999999,6.29999999999998));
#15874=CARTESIAN_POINT('',(35.6205,-46.3873999999999,6.29999999999998));
#15875=CARTESIAN_POINT('',(36.4212,-46.3873999999999,6.29999999999998));
#15876=CARTESIAN_POINT('',(36.4212,-46.3873999999999,6.29999999999998));
#15877=CARTESIAN_POINT('',(36.4212,-49.4879999999999,6.29999999999998));
#15878=CARTESIAN_POINT('',(36.4212,-49.4879999999999,6.29999999999998));
#15879=CARTESIAN_POINT('',(35.6205,-49.4879999999999,6.29999999999998));
#15880=CARTESIAN_POINT('',(35.6205,-49.4879999999999,6.29999999999998));
#15881=CARTESIAN_POINT('',(35.6205,-55.2879999999999,6.29999999999998));
#15882=CARTESIAN_POINT('',(35.6205,-55.2879999999999,6.29999999999998));
#15883=CARTESIAN_POINT('',(36.4212,-55.2879999999999,6.29999999999998));
#15884=CARTESIAN_POINT('',(36.4212,-55.2879999999999,6.29999999999998));
#15885=CARTESIAN_POINT('',(36.4212,-58.3871999999999,6.29999999999999));
#15886=CARTESIAN_POINT('',(36.4212,-58.3871999999999,6.29999999999999));
#15887=CARTESIAN_POINT('',(35.6205,-58.3871999999999,6.29999999999999));
#15888=CARTESIAN_POINT('',(35.6205,-58.3871999999999,6.29999999999999));
#15889=CARTESIAN_POINT('',(35.6205,-59.3875999999999,6.29999999999999));
#15890=CARTESIAN_POINT('',(35.6205,-59.3875999999999,6.29999999999999));
#15891=CARTESIAN_POINT('',(21.62103,-59.3875999999999,6.29999999999999));
#15892=CARTESIAN_POINT('',(21.62103,-59.3875999999999,6.29999999999999));
#15893=CARTESIAN_POINT('',(21.62103,-58.3871999999999,6.29999999999999));
#15894=CARTESIAN_POINT('',(21.62103,-58.3871999999999,6.29999999999999));
#15895=CARTESIAN_POINT('',(20.82039,-58.3871999999999,6.29999999999999));
#15896=CARTESIAN_POINT('',(20.82039,-58.3871999999999,6.29999999999999));
#15897=CARTESIAN_POINT('',(20.82039,-55.2879999999999,6.29999999999998));
#15898=CARTESIAN_POINT('',(20.82039,-55.2879999999999,6.29999999999998));
#15899=CARTESIAN_POINT('',(21.62103,-55.2879999999999,6.29999999999998));
#15900=CARTESIAN_POINT('',(21.62103,-55.2879999999999,6.29999999999998));
#15901=CARTESIAN_POINT('',(21.62103,-49.4879999999999,6.29999999999998));
#15902=CARTESIAN_POINT('',(21.62103,-49.4879999999999,6.29999999999998));
#15903=CARTESIAN_POINT('',(20.82039,-49.4879999999999,6.29999999999998));
#15904=CARTESIAN_POINT('',(20.82039,-49.4879999999999,6.29999999999998));
#15905=CARTESIAN_POINT('',(20.82039,-46.3873999999999,6.29999999999998));
#15906=CARTESIAN_POINT('',(20.82039,-46.3873999999999,6.29999999999998));
#15907=CARTESIAN_POINT('',(21.62103,-46.3873999999999,6.29999999999998));
#15908=CARTESIAN_POINT('',(21.62103,-46.3873999999999,6.29999999999998));
#15909=CARTESIAN_POINT('',(21.62103,-45.3883999999999,6.29999999999998));
#15910=CARTESIAN_POINT('',(89.2194768051085,-123.082068130987,6.29999999999998));
#15911=CARTESIAN_POINT('Origin',(90.2816805940673,-123.082068130987,6.29999999999998));
#15912=CARTESIAN_POINT('',(88.9602474952197,-40.7118306967999,6.29999999999999));
#15913=CARTESIAN_POINT('',(91.6007723340269,-40.7135110640157,6.29999999999999));
#15914=CARTESIAN_POINT('Origin',(90.2816805940673,-38.8730681309869,6.29999999999999));
#15915=CARTESIAN_POINT('',(92.717829172205,-41.0070310361432,6.29999999999998));
#15916=CARTESIAN_POINT('Origin',(92.0376850941075,-41.3231070286338,6.29999999999999));
#15917=CARTESIAN_POINT('',(92.829598647249,-41.5127526241282,6.29999999999998));
#15918=CARTESIAN_POINT('Origin',(91.629598647249,-41.5127526241282,6.29999999999998));
#15919=CARTESIAN_POINT('',(92.829598647249,-42.1417982473741,6.29999999999998));
#15920=CARTESIAN_POINT('',(92.829598647249,-42.891798247374,6.29999999999998));
#15921=CARTESIAN_POINT('',(92.079598647249,-42.8917982473741,6.29999999999998));
#15922=CARTESIAN_POINT('Origin',(92.079598647249,-42.1417982473741,6.29999999999999));
#15923=CARTESIAN_POINT('',(88.479598647249,-42.891798247374,6.29999999999998));
#15924=CARTESIAN_POINT('',(39.998050083535,-42.8917982473737,6.29999999999998));
#15925=CARTESIAN_POINT('',(87.729598647249,-42.1417982473741,6.29999999999998));
#15926=CARTESIAN_POINT('Origin',(88.479598647249,-42.1417982473741,6.29999999999999));
#15927=CARTESIAN_POINT('',(87.729598647249,-41.5127526241282,6.29999999999998));
#15928=CARTESIAN_POINT('',(87.729598647249,-42.891798247374,6.29999999999998));
#15929=CARTESIAN_POINT('',(87.8441601867956,-41.0010658561065,6.29999999999998));
#15930=CARTESIAN_POINT('Origin',(88.929598647249,-41.5127526241282,6.29999999999998));
#15931=CARTESIAN_POINT('Origin',(88.522559224579,-41.3208700861201,6.29999999999999));
#15932=CARTESIAN_POINT('',(91.600712715705,-121.241582469469,6.29999999999998));
#15933=CARTESIAN_POINT('',(88.9601881396124,-121.24334822274,6.29999999999998));
#15934=CARTESIAN_POINT('Origin',(90.2816805940673,-123.082068130987,6.29999999999998));
#15935=CARTESIAN_POINT('',(87.8441257410122,-120.954221721038,6.29999999999998));
#15936=CARTESIAN_POINT('Origin',(88.5224802090637,-120.634322962562,6.29999999999998));
#15937=CARTESIAN_POINT('',(87.7294928898946,-120.442383644759,6.29999999999998));
#15938=CARTESIAN_POINT('Origin',(88.9294928898946,-120.442383707476,6.29999999999998));
#15939=CARTESIAN_POINT('',(87.7294929228014,-119.812763566361,6.29999999999998));
#15940=CARTESIAN_POINT('',(87.7294929619993,-119.062773860906,6.29999999999998));
#15941=CARTESIAN_POINT('',(88.4794826673834,-119.062763605629,6.29999999999998));
#15942=CARTESIAN_POINT('Origin',(88.4794929228014,-119.812763605559,6.29999999999998));
#15943=CARTESIAN_POINT('',(92.0794826594535,-119.062714379623,6.29999999999998));
#15944=CARTESIAN_POINT('',(121.872,-119.062307,6.29999999999998));
#15945=CARTESIAN_POINT('',(92.8294929148714,-119.812714416676,6.29999999999998));
#15946=CARTESIAN_POINT('Origin',(92.0794929148714,-119.812714379553,6.29999999999998));
#15947=CARTESIAN_POINT('',(92.8294928837041,-120.442383631308,6.29999999999998));
#15948=CARTESIAN_POINT('',(92.8294929519953,-119.062704124064,6.29999999999998));
#15949=CARTESIAN_POINT('',(92.7177938041215,-120.947953652729,6.29999999999998));
#15950=CARTESIAN_POINT('Origin',(91.6294928837041,-120.44238357191,6.29999999999998));
#15951=CARTESIAN_POINT('Origin',(92.0376057288607,-120.631972352217,6.29999999999998));
#15952=CARTESIAN_POINT('',(48.9007538408428,-121.241611943569,6.29999999999998));
#15953=CARTESIAN_POINT('',(46.26024749522,-121.243305565174,6.29999999999998));
#15954=CARTESIAN_POINT('Origin',(47.581680594067,-123.082068130987,6.29999999999998));
#15955=CARTESIAN_POINT('',(45.144160186796,-120.954070405867,6.29999999999998));
#15956=CARTESIAN_POINT('Origin',(45.822559224579,-120.634266175854,6.29999999999998));
#15957=CARTESIAN_POINT('',(45.029598647249,-120.442383637846,6.29999999999998));
#15958=CARTESIAN_POINT('Origin',(46.229598647249,-120.442383637846,6.29999999999998));
#15959=CARTESIAN_POINT('',(45.029598647249,-119.813347479242,6.29999999999998));
#15960=CARTESIAN_POINT('',(45.029598647249,-119.0633380146,6.29999999999998));
#15961=CARTESIAN_POINT('',(45.779588391831,-119.063347479312,6.29999999999998));
#15962=CARTESIAN_POINT('Origin',(45.779598647249,-119.813347479242,6.29999999999998));
#15963=CARTESIAN_POINT('',(49.3795383704098,-119.06329825399,6.29999999999998));
#15964=CARTESIAN_POINT('',(121.872,-119.062307,6.29999999999998));
#15965=CARTESIAN_POINT('',(50.1295486255473,-119.813277743482,6.29999999999998));
#15966=CARTESIAN_POINT('Origin',(49.3795486258277,-119.81329825392,6.29999999999998));
#15967=CARTESIAN_POINT('',(50.1295658289665,-120.442350821145,6.29999999999998));
#15968=CARTESIAN_POINT('',(50.1295281153896,-119.063287998712,6.29999999999998));
#15969=CARTESIAN_POINT('',(50.017818219151,-120.948058173723,6.29999999999998));
#15970=CARTESIAN_POINT('Origin',(48.9295658294153,-120.442383637846,6.29999999999998));
#15971=CARTESIAN_POINT('Origin',(49.3376604755662,-120.6320115888,6.29999999999998));
#15972=CARTESIAN_POINT('',(50.129598647249,-41.5127526241282,6.29999999999998));
#15973=CARTESIAN_POINT('Origin',(48.929598647249,-41.5127526241282,6.29999999999998));
#15974=CARTESIAN_POINT('',(50.129598647249,-42.891798247374,6.29999999999998));
#15975=CARTESIAN_POINT('Origin',(46.229598647249,-41.5127526241282,6.29999999999998));
#15976=CARTESIAN_POINT('Origin',(71.4830422999999,-80.9775681309869,4.79999999999999));
#15977=CARTESIAN_POINT('',(114.3454,-98.0042999999998,4.79999999999998));
#15978=CARTESIAN_POINT('',(114.3454,-44.8917982473743,4.79999999999998));
#15979=CARTESIAN_POINT('',(114.3454,-59.3875999999999,4.79999999999998));
#15980=CARTESIAN_POINT('',(116.3454,-100.0043,4.79999999999998));
#15981=CARTESIAN_POINT('Origin',(116.3454,-98.0042999999999,4.79999999999998));
#15982=CARTESIAN_POINT('',(121.111,-100.0043,4.79999999999998));
#15983=CARTESIAN_POINT('',(121.111,-100.0043,4.79999999999998));
#15984=CARTESIAN_POINT('',(121.872,-100.0025,4.79999999999998));
#15985=CARTESIAN_POINT('',(121.111,-100.0043,4.79999999999998));
#15986=CARTESIAN_POINT('',(122.028,-100.0092,4.79999999999998));
#15987=CARTESIAN_POINT('',(121.872,-100.0025,4.79999999999998));
#15988=CARTESIAN_POINT('',(122.183,-100.0272,4.79999999999998));
#15989=CARTESIAN_POINT('',(122.028,-100.0092,4.79999999999998));
#15990=CARTESIAN_POINT('',(122.338,-100.0575,4.79999999999998));
#15991=CARTESIAN_POINT('',(122.183,-100.0272,4.79999999999998));
#15992=CARTESIAN_POINT('',(122.489,-100.1002,4.79999999999998));
#15993=CARTESIAN_POINT('',(122.338,-100.0575,4.79999999999998));
#15994=CARTESIAN_POINT('',(122.637,-100.1552,4.79999999999998));
#15995=CARTESIAN_POINT('',(122.489,-100.1002,4.79999999999998));
#15996=CARTESIAN_POINT('',(122.779,-100.2201,4.79999999999998));
#15997=CARTESIAN_POINT('',(122.637,-100.1552,4.79999999999998));
#15998=CARTESIAN_POINT('',(122.915,-100.297,4.79999999999998));
#15999=CARTESIAN_POINT('',(122.779,-100.2201,4.79999999999998));
#16000=CARTESIAN_POINT('',(123.046,-100.3842,4.79999999999998));
#16001=CARTESIAN_POINT('',(122.915,-100.297,4.79999999999998));
#16002=CARTESIAN_POINT('',(123.17,-100.4819,4.79999999999998));
#16003=CARTESIAN_POINT('',(123.046,-100.3842,4.79999999999998));
#16004=CARTESIAN_POINT('',(123.286,-100.5881,4.79999999999998));
#16005=CARTESIAN_POINT('',(123.17,-100.4819,4.79999999999998));
#16006=CARTESIAN_POINT('',(123.392,-100.7038,4.79999999999998));
#16007=CARTESIAN_POINT('',(123.286,-100.5881,4.79999999999998));
#16008=CARTESIAN_POINT('',(123.49,-100.8262,4.79999999999998));
#16009=CARTESIAN_POINT('',(123.392,-100.7038,4.79999999999998));
#16010=CARTESIAN_POINT('',(123.577,-100.9574,4.79999999999998));
#16011=CARTESIAN_POINT('',(123.49,-100.8262,4.79999999999998));
#16012=CARTESIAN_POINT('',(123.654,-101.095,4.79999999999998));
#16013=CARTESIAN_POINT('',(123.577,-100.9574,4.79999999999998));
#16014=CARTESIAN_POINT('',(123.719,-101.2372,4.79999999999998));
#16015=CARTESIAN_POINT('',(123.654,-101.095,4.79999999999998));
#16016=CARTESIAN_POINT('',(123.774,-101.3832,4.79999999999998));
#16017=CARTESIAN_POINT('',(123.719,-101.2372,4.79999999999998));
#16018=CARTESIAN_POINT('',(123.815,-101.536,4.79999999999998));
#16019=CARTESIAN_POINT('',(123.774,-101.3832,4.79999999999998));
#16020=CARTESIAN_POINT('',(123.847,-101.6891,4.79999999999998));
#16021=CARTESIAN_POINT('',(123.815,-101.536,4.79999999999998));
#16022=CARTESIAN_POINT('',(123.865,-101.8461,4.79999999999998));
#16023=CARTESIAN_POINT('',(123.847,-101.6891,4.79999999999998));
#16024=CARTESIAN_POINT('',(123.87,-102.0031,4.79999999999998));
#16025=CARTESIAN_POINT('',(123.865,-101.8461,4.79999999999998));
#16026=CARTESIAN_POINT('',(123.871,-117.06415,4.79999999999998));
#16027=CARTESIAN_POINT('',(123.87,-102.0031,4.79999999999998));
#16028=CARTESIAN_POINT('',(123.865,-117.21987,4.79999999999998));
#16029=CARTESIAN_POINT('',(123.871,-117.06415,4.79999999999998));
#16030=CARTESIAN_POINT('',(123.847,-117.37559,4.79999999999998));
#16031=CARTESIAN_POINT('',(123.865,-117.21987,4.79999999999998));
#16032=CARTESIAN_POINT('',(123.815,-117.52993,4.79999999999998));
#16033=CARTESIAN_POINT('',(123.847,-117.37559,4.79999999999998));
#16034=CARTESIAN_POINT('',(123.774,-117.68151,4.79999999999998));
#16035=CARTESIAN_POINT('',(123.815,-117.52993,4.79999999999998));
#16036=CARTESIAN_POINT('',(123.719,-117.82896,4.79999999999998));
#16037=CARTESIAN_POINT('',(123.774,-117.68151,4.79999999999998));
#16038=CARTESIAN_POINT('',(123.654,-117.9709,4.79999999999998));
#16039=CARTESIAN_POINT('',(123.719,-117.82896,4.79999999999998));
#16040=CARTESIAN_POINT('',(123.577,-118.10733,4.79999999999998));
#16041=CARTESIAN_POINT('',(123.654,-117.9709,4.79999999999998));
#16042=CARTESIAN_POINT('',(123.49,-118.23824,4.79999999999998));
#16043=CARTESIAN_POINT('',(123.577,-118.10733,4.79999999999998));
#16044=CARTESIAN_POINT('',(123.392,-118.362265,4.79999999999998));
#16045=CARTESIAN_POINT('',(123.49,-118.23824,4.79999999999998));
#16046=CARTESIAN_POINT('',(123.286,-118.478018,4.79999999999998));
#16047=CARTESIAN_POINT('',(123.392,-118.362265,4.79999999999998));
#16048=CARTESIAN_POINT('',(123.17,-118.584127,4.79999999999998));
#16049=CARTESIAN_POINT('',(123.286,-118.478018,4.79999999999998));
#16050=CARTESIAN_POINT('',(123.046,-118.68197,4.79999999999998));
#16051=CARTESIAN_POINT('',(123.17,-118.584127,4.79999999999998));
#16052=CARTESIAN_POINT('',(122.915,-118.768785,4.79999999999998));
#16053=CARTESIAN_POINT('',(123.046,-118.68197,4.79999999999998));
#16054=CARTESIAN_POINT('',(122.779,-118.845955,4.79999999999998));
#16055=CARTESIAN_POINT('',(122.915,-118.768785,4.79999999999998));
#16056=CARTESIAN_POINT('',(122.637,-118.910721,4.79999999999998));
#16057=CARTESIAN_POINT('',(122.779,-118.845955,4.79999999999998));
#16058=CARTESIAN_POINT('',(122.489,-118.965843,4.79999999999998));
#16059=CARTESIAN_POINT('',(122.637,-118.910721,4.79999999999998));
#16060=CARTESIAN_POINT('',(122.338,-119.007185,4.79999999999998));
#16061=CARTESIAN_POINT('',(122.489,-118.965843,4.79999999999998));
#16062=CARTESIAN_POINT('',(122.183,-119.03888,4.79999999999998));
#16063=CARTESIAN_POINT('',(122.338,-119.007185,4.79999999999998));
#16064=CARTESIAN_POINT('',(122.028,-119.056795,4.79999999999998));
#16065=CARTESIAN_POINT('',(122.183,-119.03888,4.79999999999998));
#16066=CARTESIAN_POINT('',(121.872,-119.062307,4.79999999999998));
#16067=CARTESIAN_POINT('',(122.028,-119.056795,4.79999999999998));
#16068=CARTESIAN_POINT('',(95.5981506491576,-119.062666265742,4.79999999999998));
#16069=CARTESIAN_POINT('',(121.872,-119.062307,4.79999999999998));
#16070=CARTESIAN_POINT('',(94.8481609046456,-119.81267652109,4.79999999999998));
#16071=CARTESIAN_POINT('Origin',(95.5981609045755,-119.812666265672,4.79999999999998));
#16072=CARTESIAN_POINT('',(94.8481967440335,-122.433685342106,4.79999999999998));
#16073=CARTESIAN_POINT('',(94.8481967440335,-122.433685342106,4.79999999999998));
#16074=CARTESIAN_POINT('',(93.6481967441457,-123.633701750774,4.79999999999998));
#16075=CARTESIAN_POINT('Origin',(93.6481967441457,-122.433701750774,4.79999999999998));
#16076=CARTESIAN_POINT('',(93.0005024572984,-123.633701750774,4.79999999999998));
#16077=CARTESIAN_POINT('',(91.9534027626972,-123.633701750774,4.79999999999998));
#16078=CARTESIAN_POINT('',(92.3240304070248,-124.059841340723,4.79999999999998));
#16079=CARTESIAN_POINT('Origin',(93.0005024572984,-124.383701750774,4.79999999999998));
#16080=CARTESIAN_POINT('',(88.2393307811098,-124.059841340723,4.79999999999998));
#16081=CARTESIAN_POINT('Origin',(90.2816805940673,-123.082068130987,4.79999999999998));
#16082=CARTESIAN_POINT('',(87.5628587308362,-123.633701750774,4.79999999999998));
#16083=CARTESIAN_POINT('Origin',(87.5628587308362,-124.383701750774,4.79999999999998));
#16084=CARTESIAN_POINT('',(86.9109677330148,-123.633701750774,4.79999999999998));
#16085=CARTESIAN_POINT('',(88.6057945318008,-123.633701750774,4.79999999999998));
#16086=CARTESIAN_POINT('',(85.7109677331269,-122.433718159443,4.79999999999998));
#16087=CARTESIAN_POINT('Origin',(86.9109677330148,-122.433701750774,4.79999999999998));
#16088=CARTESIAN_POINT('',(85.7109318949987,-119.81280146256,4.79999999999998));
#16089=CARTESIAN_POINT('',(85.7109677331269,-122.433718159443,4.79999999999998));
#16090=CARTESIAN_POINT('',(84.9609216396509,-119.062811718048,4.79999999999998));
#16091=CARTESIAN_POINT('Origin',(84.9609318950689,-119.812811717977,4.79999999999998));
#16092=CARTESIAN_POINT('',(52.8980984176273,-119.063250141585,4.79999999999998));
#16093=CARTESIAN_POINT('',(121.872,-119.062307,4.79999999999998));
#16094=CARTESIAN_POINT('',(52.1481086733257,-119.813270652002,4.79999999999998));
#16095=CARTESIAN_POINT('Origin',(52.8981086730453,-119.813250141515,4.79999999999998));
#16096=CARTESIAN_POINT('',(52.1481803341877,-122.433668933994,4.79999999999998));
#16097=CARTESIAN_POINT('',(52.1481803341877,-122.433668933994,4.79999999999998));
#16098=CARTESIAN_POINT('',(50.9481803346364,-123.633701750774,4.79999999999998));
#16099=CARTESIAN_POINT('Origin',(50.9481803346364,-122.433701750774,4.79999999999998));
#16100=CARTESIAN_POINT('',(50.3005024572984,-123.633701750774,4.79999999999998));
#16101=CARTESIAN_POINT('',(49.2534027626971,-123.633701750774,4.79999999999998));
#16102=CARTESIAN_POINT('',(49.6240304070248,-124.059841340723,4.79999999999998));
#16103=CARTESIAN_POINT('Origin',(50.3005024572984,-124.383701750774,4.79999999999998));
#16104=CARTESIAN_POINT('',(45.53933078111,-124.059841340723,4.79999999999998));
#16105=CARTESIAN_POINT('Origin',(47.581680594067,-123.082068130987,4.79999999999998));
#16106=CARTESIAN_POINT('',(44.862858730836,-123.633701750774,4.79999999999998));
#16107=CARTESIAN_POINT('Origin',(44.862858730836,-124.383701750774,4.79999999999998));
#16108=CARTESIAN_POINT('',(44.210984141571,-123.633701750774,4.79999999999998));
#16109=CARTESIAN_POINT('',(45.905794531801,-123.633701750774,4.79999999999998));
#16110=CARTESIAN_POINT('',(43.010984141571,-122.433701750774,4.79999999999998));
#16111=CARTESIAN_POINT('Origin',(44.210984141571,-122.433701750774,4.79999999999998));
#16112=CARTESIAN_POINT('',(43.010984141571,-119.813395592392,4.79999999999998));
#16113=CARTESIAN_POINT('',(43.010984141571,-122.433701750774,4.79999999999998));
#16114=CARTESIAN_POINT('',(42.260973886153,-119.063395592462,4.79999999999998));
#16115=CARTESIAN_POINT('Origin',(42.260984141571,-119.813395592392,4.79999999999998));
#16116=CARTESIAN_POINT('',(21.096,-119.063685,4.79999999999998));
#16117=CARTESIAN_POINT('',(121.872,-119.062307,4.79999999999998));
#16118=CARTESIAN_POINT('',(20.9389,-119.056795,4.79999999999998));
#16119=CARTESIAN_POINT('',(21.096,-119.063685,4.79999999999998));
#16120=CARTESIAN_POINT('',(20.7818,-119.03888,4.79999999999998));
#16121=CARTESIAN_POINT('',(20.9389,-119.056795,4.79999999999998));
#16122=CARTESIAN_POINT('',(20.62884,-119.007185,4.79999999999998));
#16123=CARTESIAN_POINT('',(20.7818,-119.03888,4.79999999999998));
#16124=CARTESIAN_POINT('',(20.47588,-118.965843,4.79999999999998));
#16125=CARTESIAN_POINT('',(20.62884,-119.007185,4.79999999999998));
#16126=CARTESIAN_POINT('',(20.32981,-118.910721,4.79999999999998));
#16127=CARTESIAN_POINT('',(20.47588,-118.965843,4.79999999999998));
#16128=CARTESIAN_POINT('',(20.18787,-118.845955,4.79999999999998));
#16129=CARTESIAN_POINT('',(20.32981,-118.910721,4.79999999999998));
#16130=CARTESIAN_POINT('',(20.05006,-118.768785,4.79999999999998));
#16131=CARTESIAN_POINT('',(20.18787,-118.845955,4.79999999999998));
#16132=CARTESIAN_POINT('',(19.919152,-118.68197,4.79999999999998));
#16133=CARTESIAN_POINT('',(20.05006,-118.768785,4.79999999999998));
#16134=CARTESIAN_POINT('',(19.796505,-118.584127,4.79999999999998));
#16135=CARTESIAN_POINT('',(19.919152,-118.68197,4.79999999999998));
#16136=CARTESIAN_POINT('',(19.680752,-118.478018,4.79999999999998));
#16137=CARTESIAN_POINT('',(19.796505,-118.584127,4.79999999999998));
#16138=CARTESIAN_POINT('',(19.574643,-118.362265,4.79999999999998));
#16139=CARTESIAN_POINT('',(19.680752,-118.478018,4.79999999999998));
#16140=CARTESIAN_POINT('',(19.4768,-118.23824,4.79999999999998));
#16141=CARTESIAN_POINT('',(19.574643,-118.362265,4.79999999999998));
#16142=CARTESIAN_POINT('',(19.389985,-118.10733,4.79999999999998));
#16143=CARTESIAN_POINT('',(19.4768,-118.23824,4.79999999999998));
#16144=CARTESIAN_POINT('',(19.312815,-117.9709,4.79999999999998));
#16145=CARTESIAN_POINT('',(19.389985,-118.10733,4.79999999999998));
#16146=CARTESIAN_POINT('',(19.248047,-117.82896,4.79999999999998));
#16147=CARTESIAN_POINT('',(19.312815,-117.9709,4.79999999999998));
#16148=CARTESIAN_POINT('',(19.192925,-117.68151,4.79999999999998));
#16149=CARTESIAN_POINT('',(19.248047,-117.82896,4.79999999999998));
#16150=CARTESIAN_POINT('',(19.150206,-117.52993,4.79999999999998));
#16151=CARTESIAN_POINT('',(19.192925,-117.68151,4.79999999999998));
#16152=CARTESIAN_POINT('',(19.119889,-117.37559,4.79999999999998));
#16153=CARTESIAN_POINT('',(19.150206,-117.52993,4.79999999999998));
#16154=CARTESIAN_POINT('',(19.101975,-117.21987,4.79999999999998));
#16155=CARTESIAN_POINT('',(19.119889,-117.37559,4.79999999999998));
#16156=CARTESIAN_POINT('',(19.0950846,-117.06415,4.79999999999998));
#16157=CARTESIAN_POINT('',(19.101975,-117.21987,4.79999999999998));
#16158=CARTESIAN_POINT('',(19.0950846,-44.8630999999999,4.79999999999998));
#16159=CARTESIAN_POINT('',(19.0950846,-117.06415,4.79999999999998));
#16160=CARTESIAN_POINT('',(19.101975,-44.7060999999999,4.79999999999998));
#16161=CARTESIAN_POINT('',(19.0950846,-44.8630999999999,4.79999999999998));
#16162=CARTESIAN_POINT('',(19.119889,-44.5490999999999,4.79999999999998));
#16163=CARTESIAN_POINT('',(19.101975,-44.7060999999999,4.79999999999998));
#16164=CARTESIAN_POINT('',(19.150206,-44.3959999999999,4.79999999999998));
#16165=CARTESIAN_POINT('',(19.119889,-44.5490999999999,4.79999999999998));
#16166=CARTESIAN_POINT('',(19.192925,-44.2431999999999,4.79999999999998));
#16167=CARTESIAN_POINT('',(19.150206,-44.3959999999999,4.79999999999998));
#16168=CARTESIAN_POINT('',(19.248047,-44.0971999999999,4.79999999999998));
#16169=CARTESIAN_POINT('',(19.192925,-44.2431999999999,4.79999999999998));
#16170=CARTESIAN_POINT('',(19.312815,-43.9549999999999,4.79999999999998));
#16171=CARTESIAN_POINT('',(19.248047,-44.0971999999999,4.79999999999998));
#16172=CARTESIAN_POINT('',(19.389985,-43.8173999999999,4.79999999999998));
#16173=CARTESIAN_POINT('',(19.312815,-43.9549999999999,4.79999999999998));
#16174=CARTESIAN_POINT('',(19.4768,-43.6861999999999,4.79999999999998));
#16175=CARTESIAN_POINT('',(19.389985,-43.8173999999999,4.79999999999998));
#16176=CARTESIAN_POINT('',(19.574643,-43.5637999999999,4.79999999999998));
#16177=CARTESIAN_POINT('',(19.4768,-43.6861999999999,4.79999999999998));
#16178=CARTESIAN_POINT('',(19.680752,-43.4480999999999,4.79999999999998));
#16179=CARTESIAN_POINT('',(19.574643,-43.5637999999999,4.79999999999998));
#16180=CARTESIAN_POINT('',(19.796505,-43.3418999999999,4.79999999999998));
#16181=CARTESIAN_POINT('',(19.680752,-43.4480999999999,4.79999999999998));
#16182=CARTESIAN_POINT('',(19.919152,-43.2441999999999,4.79999999999998));
#16183=CARTESIAN_POINT('',(19.796505,-43.3418999999999,4.79999999999998));
#16184=CARTESIAN_POINT('',(20.05006,-43.1569999999999,4.79999999999998));
#16185=CARTESIAN_POINT('',(19.919152,-43.2441999999999,4.79999999999998));
#16186=CARTESIAN_POINT('',(20.18787,-43.0800999999999,4.79999999999998));
#16187=CARTESIAN_POINT('',(20.05006,-43.1569999999999,4.79999999999998));
#16188=CARTESIAN_POINT('',(20.32981,-43.0151999999999,4.79999999999998));
#16189=CARTESIAN_POINT('',(20.18787,-43.0800999999999,4.79999999999998));
#16190=CARTESIAN_POINT('',(20.47588,-42.9601999999999,4.79999999999998));
#16191=CARTESIAN_POINT('',(20.32981,-43.0151999999999,4.79999999999998));
#16192=CARTESIAN_POINT('',(20.62884,-42.9174999999999,4.79999999999998));
#16193=CARTESIAN_POINT('',(20.47588,-42.9601999999999,4.79999999999998));
#16194=CARTESIAN_POINT('',(20.62884,-42.9174999999999,4.79999999999998));
#16195=CARTESIAN_POINT('',(43.010984141571,-39.5214345111994,4.79999999999998));
#16196=CARTESIAN_POINT('',(43.010984141571,-39.5214345111994,4.79999999999998));
#16197=CARTESIAN_POINT('Origin',(44.210984141571,-39.5214345111995,4.79999999999998));
#16198=CARTESIAN_POINT('',(50.9482131529266,-38.3214345111995,4.79999999999998));
#16199=CARTESIAN_POINT('',(49.2534027626971,-38.3214345111995,4.79999999999998));
#16200=CARTESIAN_POINT('Origin',(50.9482131529266,-39.5214345111995,4.79999999999998));
#16201=CARTESIAN_POINT('',(84.9609841415713,-42.891798247374,4.79999999999998));
#16202=CARTESIAN_POINT('',(39.998050083535,-42.8917982473737,4.79999999999998));
#16203=CARTESIAN_POINT('',(85.7109841415713,-42.141798247374,4.79999999999998));
#16204=CARTESIAN_POINT('Origin',(84.9609841415713,-42.141798247374,4.79999999999999));
#16205=CARTESIAN_POINT('',(85.7109841415713,-39.5214345111995,4.79999999999998));
#16206=CARTESIAN_POINT('',(85.7109841415713,-39.5214345111995,4.79999999999998));
#16207=CARTESIAN_POINT('',(86.9109841415713,-38.3214345111995,4.79999999999998));
#16208=CARTESIAN_POINT('Origin',(86.9109841415713,-39.5214345111995,4.79999999999998));
#16209=CARTESIAN_POINT('',(87.5628587308362,-38.3214345111995,4.79999999999998));
#16210=CARTESIAN_POINT('',(88.6057945318008,-38.3214345111995,4.79999999999998));
#16211=CARTESIAN_POINT('',(88.2393307811098,-37.8952949212508,4.79999999999999));
#16212=CARTESIAN_POINT('Origin',(87.5628587308362,-37.5714345111995,4.79999999999999));
#16213=CARTESIAN_POINT('',(92.3240304070248,-37.8952949212508,4.79999999999999));
#16214=CARTESIAN_POINT('Origin',(90.2816805940673,-38.8730681309869,4.79999999999999));
#16215=CARTESIAN_POINT('',(93.0005024572984,-38.3214345111995,4.79999999999998));
#16216=CARTESIAN_POINT('Origin',(93.0005024572984,-37.5714345111995,4.79999999999999));
#16217=CARTESIAN_POINT('',(93.6482131529267,-38.3214345111995,4.79999999999998));
#16218=CARTESIAN_POINT('',(91.9534027626972,-38.3214345111995,4.79999999999998));
#16219=CARTESIAN_POINT('',(94.8482131529267,-39.5214345111995,4.79999999999998));
#16220=CARTESIAN_POINT('Origin',(93.6482131529266,-39.5214345111995,4.79999999999998));
#16221=CARTESIAN_POINT('',(94.8482131529267,-42.1417982473741,4.79999999999998));
#16222=CARTESIAN_POINT('',(94.8482131529267,-39.5214345111995,4.79999999999998));
#16223=CARTESIAN_POINT('',(95.5982131529267,-42.8917982473741,4.79999999999998));
#16224=CARTESIAN_POINT('Origin',(95.5982131529267,-42.1417982473741,4.79999999999999));
#16225=CARTESIAN_POINT('',(112.3454,-42.8917982473742,4.79999999999998));
#16226=CARTESIAN_POINT('',(39.998050083535,-42.8917982473737,4.79999999999998));
#16227=CARTESIAN_POINT('Origin',(112.3454,-44.8917982473742,4.79999999999998));
#16228=CARTESIAN_POINT('Origin',(46.229598647249,-41.5127526241282,4.79999999999998));
#16229=CARTESIAN_POINT('',(50.129598647249,-41.5127526241282,4.79999999999998));
#16230=CARTESIAN_POINT('',(50.129598647249,-42.891798247374,4.79999999999998));
#16231=CARTESIAN_POINT('Origin',(48.929598647249,-41.5127526241282,4.79999999999998));
#16232=CARTESIAN_POINT('',(50.1295658289665,-120.442350821145,4.79999999999998));
#16233=CARTESIAN_POINT('',(50.017818219151,-120.948058173723,4.79999999999998));
#16234=CARTESIAN_POINT('Origin',(48.9295658294153,-120.442383637846,4.79999999999998));
#16235=CARTESIAN_POINT('',(50.1295486255473,-119.813277743482,4.79999999999998));
#16236=CARTESIAN_POINT('',(50.1295281153896,-119.063287998712,4.79999999999998));
#16237=CARTESIAN_POINT('',(49.3795383704098,-119.06329825399,4.79999999999998));
#16238=CARTESIAN_POINT('Origin',(49.3795486258277,-119.81329825392,4.79999999999998));
#16239=CARTESIAN_POINT('',(45.779588391831,-119.063347479312,4.79999999999998));
#16240=CARTESIAN_POINT('',(121.872,-119.062307,4.79999999999998));
#16241=CARTESIAN_POINT('',(45.029598647249,-119.813347479242,4.79999999999998));
#16242=CARTESIAN_POINT('Origin',(45.779598647249,-119.813347479242,4.79999999999998));
#16243=CARTESIAN_POINT('',(45.029598647249,-120.442383637846,4.79999999999998));
#16244=CARTESIAN_POINT('',(45.029598647249,-119.0633380146,4.79999999999998));
#16245=CARTESIAN_POINT('',(45.144160186796,-120.954070405867,4.79999999999998));
#16246=CARTESIAN_POINT('Origin',(46.229598647249,-120.442383637846,4.79999999999998));
#16247=CARTESIAN_POINT('',(46.26024749522,-121.243305565174,4.79999999999998));
#16248=CARTESIAN_POINT('Origin',(45.822559224579,-120.634266175854,4.79999999999998));
#16249=CARTESIAN_POINT('',(48.9007538408428,-121.241611943569,4.79999999999998));
#16250=CARTESIAN_POINT('Origin',(47.581680594067,-123.082068130987,4.79999999999998));
#16251=CARTESIAN_POINT('Origin',(49.3376604755662,-120.6320115888,4.79999999999998));
#16252=CARTESIAN_POINT('',(92.8294928837041,-120.442383631308,4.79999999999998));
#16253=CARTESIAN_POINT('',(92.7177938041215,-120.947953652729,4.79999999999998));
#16254=CARTESIAN_POINT('Origin',(91.6294928837041,-120.44238357191,4.79999999999998));
#16255=CARTESIAN_POINT('',(92.8294929148714,-119.812714416676,4.79999999999998));
#16256=CARTESIAN_POINT('',(92.8294929519953,-119.062704124064,4.79999999999998));
#16257=CARTESIAN_POINT('',(92.0794826594535,-119.062714379623,4.79999999999998));
#16258=CARTESIAN_POINT('Origin',(92.0794929148714,-119.812714379553,4.79999999999998));
#16259=CARTESIAN_POINT('',(88.4794826673834,-119.062763605629,4.79999999999998));
#16260=CARTESIAN_POINT('',(121.872,-119.062307,4.79999999999998));
#16261=CARTESIAN_POINT('',(87.7294929228014,-119.812763566361,4.79999999999998));
#16262=CARTESIAN_POINT('Origin',(88.4794929228014,-119.812763605559,4.79999999999998));
#16263=CARTESIAN_POINT('',(87.7294928898946,-120.442383644759,4.79999999999998));
#16264=CARTESIAN_POINT('',(87.7294929619993,-119.062773860906,4.79999999999998));
#16265=CARTESIAN_POINT('',(87.8441257410122,-120.954221721038,4.79999999999998));
#16266=CARTESIAN_POINT('Origin',(88.9294928898946,-120.442383707476,4.79999999999998));
#16267=CARTESIAN_POINT('',(88.9601881396124,-121.24334822274,4.79999999999998));
#16268=CARTESIAN_POINT('Origin',(88.5224802090637,-120.634322962562,4.79999999999998));
#16269=CARTESIAN_POINT('',(91.600712715705,-121.241582469469,4.79999999999998));
#16270=CARTESIAN_POINT('Origin',(90.2816805940673,-123.082068130987,4.79999999999998));
#16271=CARTESIAN_POINT('Origin',(92.0376057288607,-120.631972352217,4.79999999999998));
#16272=CARTESIAN_POINT('',(87.729598647249,-41.5127526241282,4.79999999999998));
#16273=CARTESIAN_POINT('',(87.8441601867956,-41.0010658561065,4.79999999999998));
#16274=CARTESIAN_POINT('Origin',(88.929598647249,-41.5127526241282,4.79999999999998));
#16275=CARTESIAN_POINT('',(87.729598647249,-42.1417982473741,4.79999999999998));
#16276=CARTESIAN_POINT('',(87.729598647249,-42.891798247374,4.79999999999998));
#16277=CARTESIAN_POINT('',(88.479598647249,-42.891798247374,4.79999999999998));
#16278=CARTESIAN_POINT('Origin',(88.479598647249,-42.1417982473741,4.79999999999999));
#16279=CARTESIAN_POINT('',(92.079598647249,-42.8917982473741,4.79999999999998));
#16280=CARTESIAN_POINT('',(39.998050083535,-42.8917982473737,4.79999999999998));
#16281=CARTESIAN_POINT('',(92.829598647249,-42.1417982473741,4.79999999999998));
#16282=CARTESIAN_POINT('Origin',(92.079598647249,-42.1417982473741,4.79999999999999));
#16283=CARTESIAN_POINT('',(92.829598647249,-41.5127526241282,4.79999999999998));
#16284=CARTESIAN_POINT('',(92.829598647249,-42.891798247374,4.79999999999998));
#16285=CARTESIAN_POINT('',(92.717829172205,-41.0070310361432,4.79999999999998));
#16286=CARTESIAN_POINT('Origin',(91.629598647249,-41.5127526241282,4.79999999999998));
#16287=CARTESIAN_POINT('',(91.6007723340269,-40.7135110640157,4.79999999999999));
#16288=CARTESIAN_POINT('Origin',(92.0376850941075,-41.3231070286338,4.79999999999999));
#16289=CARTESIAN_POINT('',(88.9602474952197,-40.7118306967999,4.79999999999999));
#16290=CARTESIAN_POINT('Origin',(90.2816805940673,-38.8730681309869,4.79999999999999));
#16291=CARTESIAN_POINT('Origin',(88.522559224579,-41.3208700861201,4.79999999999999));
#16292=CARTESIAN_POINT('',(59.7211,-102.5383,4.79999999999998));
#16293=CARTESIAN_POINT('',(73.7204,-102.5383,4.79999999999998));
#16294=CARTESIAN_POINT('',(73.7204,-102.5383,4.79999999999998));
#16295=CARTESIAN_POINT('',(59.7211,-103.5373,4.79999999999998));
#16296=CARTESIAN_POINT('',(59.7211,-102.5383,4.79999999999998));
#16297=CARTESIAN_POINT('',(58.9203,-103.5373,4.79999999999998));
#16298=CARTESIAN_POINT('',(59.7211,-103.5373,4.79999999999998));
#16299=CARTESIAN_POINT('',(58.9203,-106.6365,4.79999999999998));
#16300=CARTESIAN_POINT('',(58.9203,-103.5373,4.79999999999998));
#16301=CARTESIAN_POINT('',(59.7211,-106.6365,4.79999999999998));
#16302=CARTESIAN_POINT('',(58.9203,-106.6365,4.79999999999998));
#16303=CARTESIAN_POINT('',(59.7211,-112.43808,4.79999999999998));
#16304=CARTESIAN_POINT('',(59.7211,-106.6365,4.79999999999998));
#16305=CARTESIAN_POINT('',(58.9203,-112.43808,4.79999999999998));
#16306=CARTESIAN_POINT('',(59.7211,-112.43808,4.79999999999998));
#16307=CARTESIAN_POINT('',(58.9203,-115.53727,4.79999999999998));
#16308=CARTESIAN_POINT('',(58.9203,-112.43808,4.79999999999998));
#16309=CARTESIAN_POINT('',(59.7211,-115.53727,4.79999999999998));
#16310=CARTESIAN_POINT('',(58.9203,-115.53727,4.79999999999998));
#16311=CARTESIAN_POINT('',(59.7211,-116.53774,4.79999999999998));
#16312=CARTESIAN_POINT('',(59.7211,-115.53727,4.79999999999998));
#16313=CARTESIAN_POINT('',(73.7204,-116.53774,4.79999999999998));
#16314=CARTESIAN_POINT('',(59.7211,-116.53774,4.79999999999998));
#16315=CARTESIAN_POINT('',(73.7204,-115.53727,4.79999999999998));
#16316=CARTESIAN_POINT('',(73.7204,-116.53774,4.79999999999998));
#16317=CARTESIAN_POINT('',(74.5211999999999,-115.53727,4.79999999999998));
#16318=CARTESIAN_POINT('',(73.7204,-115.53727,4.79999999999998));
#16319=CARTESIAN_POINT('',(74.5211999999999,-112.43808,4.79999999999998));
#16320=CARTESIAN_POINT('',(74.5211999999999,-115.53727,4.79999999999998));
#16321=CARTESIAN_POINT('',(73.7204,-112.43808,4.79999999999998));
#16322=CARTESIAN_POINT('',(74.5211999999999,-112.43808,4.79999999999998));
#16323=CARTESIAN_POINT('',(73.7204,-106.6365,4.79999999999998));
#16324=CARTESIAN_POINT('',(73.7204,-112.43808,4.79999999999998));
#16325=CARTESIAN_POINT('',(74.5211999999999,-106.6365,4.79999999999998));
#16326=CARTESIAN_POINT('',(73.7204,-106.6365,4.79999999999998));
#16327=CARTESIAN_POINT('',(74.5211999999999,-103.5373,4.79999999999998));
#16328=CARTESIAN_POINT('',(74.5211999999999,-106.6365,4.79999999999998));
#16329=CARTESIAN_POINT('',(73.7204,-103.5373,4.79999999999998));
#16330=CARTESIAN_POINT('',(74.5211999999999,-103.5373,4.79999999999998));
#16331=CARTESIAN_POINT('',(73.7204,-103.5373,4.79999999999998));
#16332=CARTESIAN_POINT('',(59.7211,-45.3883999999999,4.79999999999998));
#16333=CARTESIAN_POINT('',(73.7204,-45.3883999999999,4.79999999999998));
#16334=CARTESIAN_POINT('',(73.7204,-45.3883999999999,4.79999999999998));
#16335=CARTESIAN_POINT('',(59.7211,-46.3873999999999,4.79999999999998));
#16336=CARTESIAN_POINT('',(59.7211,-45.3883999999999,4.79999999999998));
#16337=CARTESIAN_POINT('',(58.9203,-46.3873999999999,4.79999999999998));
#16338=CARTESIAN_POINT('',(59.7211,-46.3873999999999,4.79999999999998));
#16339=CARTESIAN_POINT('',(58.9203,-49.4879999999999,4.79999999999998));
#16340=CARTESIAN_POINT('',(58.9203,-46.3873999999999,4.79999999999998));
#16341=CARTESIAN_POINT('',(59.7211,-49.4879999999999,4.79999999999998));
#16342=CARTESIAN_POINT('',(58.9203,-49.4879999999999,4.79999999999998));
#16343=CARTESIAN_POINT('',(59.7211,-55.2879999999999,4.79999999999998));
#16344=CARTESIAN_POINT('',(59.7211,-49.4879999999999,4.79999999999998));
#16345=CARTESIAN_POINT('',(58.9203,-55.2879999999999,4.79999999999998));
#16346=CARTESIAN_POINT('',(59.7211,-55.2879999999999,4.79999999999998));
#16347=CARTESIAN_POINT('',(58.9203,-58.3871999999999,4.79999999999998));
#16348=CARTESIAN_POINT('',(58.9203,-55.2879999999999,4.79999999999998));
#16349=CARTESIAN_POINT('',(59.7211,-58.3871999999999,4.79999999999998));
#16350=CARTESIAN_POINT('',(58.9203,-58.3871999999999,4.79999999999998));
#16351=CARTESIAN_POINT('',(59.7211,-59.3875999999999,4.79999999999998));
#16352=CARTESIAN_POINT('',(59.7211,-58.3871999999999,4.79999999999998));
#16353=CARTESIAN_POINT('',(73.7204,-59.3875999999999,4.79999999999998));
#16354=CARTESIAN_POINT('',(59.7211,-59.3875999999999,4.79999999999998));
#16355=CARTESIAN_POINT('',(73.7204,-58.3871999999999,4.79999999999998));
#16356=CARTESIAN_POINT('',(73.7204,-59.3875999999999,4.79999999999998));
#16357=CARTESIAN_POINT('',(74.5212,-58.3871999999999,4.79999999999998));
#16358=CARTESIAN_POINT('',(73.7204,-58.3871999999999,4.79999999999998));
#16359=CARTESIAN_POINT('',(74.5212,-55.2879999999999,4.79999999999998));
#16360=CARTESIAN_POINT('',(74.5212,-58.3871999999999,4.79999999999998));
#16361=CARTESIAN_POINT('',(73.7204,-55.2879999999999,4.79999999999998));
#16362=CARTESIAN_POINT('',(74.5212,-55.2879999999999,4.79999999999998));
#16363=CARTESIAN_POINT('',(73.7204,-49.4879999999999,4.79999999999998));
#16364=CARTESIAN_POINT('',(73.7204,-55.2879999999999,4.79999999999998));
#16365=CARTESIAN_POINT('',(74.5212,-49.4879999999999,4.79999999999998));
#16366=CARTESIAN_POINT('',(73.7204,-49.4879999999999,4.79999999999998));
#16367=CARTESIAN_POINT('',(74.5212,-46.3873999999999,4.79999999999998));
#16368=CARTESIAN_POINT('',(74.5212,-49.4879999999999,4.79999999999998));
#16369=CARTESIAN_POINT('',(73.7204,-46.3873999999999,4.79999999999998));
#16370=CARTESIAN_POINT('',(74.5212,-46.3873999999999,4.79999999999998));
#16371=CARTESIAN_POINT('',(73.7204,-46.3873999999999,4.79999999999998));
#16372=CARTESIAN_POINT('',(78.7711,-45.3883999999999,4.79999999999998));
#16373=CARTESIAN_POINT('',(92.7704,-45.3883999999999,4.79999999999998));
#16374=CARTESIAN_POINT('',(92.7704,-45.3883999999999,4.79999999999998));
#16375=CARTESIAN_POINT('',(78.7711,-46.3873999999999,4.79999999999998));
#16376=CARTESIAN_POINT('',(78.7711,-45.3883999999999,4.79999999999998));
#16377=CARTESIAN_POINT('',(77.9703,-46.3873999999999,4.79999999999998));
#16378=CARTESIAN_POINT('',(78.7711,-46.3873999999999,4.79999999999998));
#16379=CARTESIAN_POINT('',(77.9703,-49.4879999999999,4.79999999999998));
#16380=CARTESIAN_POINT('',(77.9703,-46.3873999999999,4.79999999999998));
#16381=CARTESIAN_POINT('',(78.7711,-49.4879999999999,4.79999999999998));
#16382=CARTESIAN_POINT('',(77.9703,-49.4879999999999,4.79999999999998));
#16383=CARTESIAN_POINT('',(78.7711,-55.2879999999999,4.79999999999998));
#16384=CARTESIAN_POINT('',(78.7711,-49.4879999999999,4.79999999999998));
#16385=CARTESIAN_POINT('',(77.9703,-55.2879999999999,4.79999999999998));
#16386=CARTESIAN_POINT('',(78.7711,-55.2879999999999,4.79999999999998));
#16387=CARTESIAN_POINT('',(77.9703,-58.3871999999999,4.79999999999998));
#16388=CARTESIAN_POINT('',(77.9703,-55.2879999999999,4.79999999999998));
#16389=CARTESIAN_POINT('',(78.7711,-58.3871999999999,4.79999999999998));
#16390=CARTESIAN_POINT('',(77.9703,-58.3871999999999,4.79999999999998));
#16391=CARTESIAN_POINT('',(78.7711,-59.3875999999999,4.79999999999998));
#16392=CARTESIAN_POINT('',(78.7711,-58.3871999999999,4.79999999999998));
#16393=CARTESIAN_POINT('',(92.7704,-59.3875999999999,4.79999999999998));
#16394=CARTESIAN_POINT('',(78.7711,-59.3875999999999,4.79999999999998));
#16395=CARTESIAN_POINT('',(92.7704,-58.3871999999999,4.79999999999998));
#16396=CARTESIAN_POINT('',(92.7704,-59.3875999999999,4.79999999999998));
#16397=CARTESIAN_POINT('',(93.5712,-58.3871999999999,4.79999999999998));
#16398=CARTESIAN_POINT('',(92.7704,-58.3871999999999,4.79999999999998));
#16399=CARTESIAN_POINT('',(93.5712,-55.2879999999999,4.79999999999998));
#16400=CARTESIAN_POINT('',(93.5712,-58.3871999999999,4.79999999999998));
#16401=CARTESIAN_POINT('',(92.7704,-55.2879999999999,4.79999999999998));
#16402=CARTESIAN_POINT('',(93.5712,-55.2879999999999,4.79999999999998));
#16403=CARTESIAN_POINT('',(92.7704,-49.4879999999999,4.79999999999998));
#16404=CARTESIAN_POINT('',(92.7704,-55.2879999999999,4.79999999999998));
#16405=CARTESIAN_POINT('',(93.5712,-49.4879999999999,4.79999999999998));
#16406=CARTESIAN_POINT('',(92.7704,-49.4879999999999,4.79999999999998));
#16407=CARTESIAN_POINT('',(93.5712,-46.3873999999999,4.79999999999998));
#16408=CARTESIAN_POINT('',(93.5712,-49.4879999999999,4.79999999999998));
#16409=CARTESIAN_POINT('',(92.7704,-46.3873999999999,4.79999999999998));
#16410=CARTESIAN_POINT('',(93.5712,-46.3873999999999,4.79999999999998));
#16411=CARTESIAN_POINT('',(92.7704,-46.3873999999999,4.79999999999998));
#16412=CARTESIAN_POINT('',(97.8211,-64.4383999999999,4.79999999999998));
#16413=CARTESIAN_POINT('',(111.8204,-64.4383999999999,4.79999999999998));
#16414=CARTESIAN_POINT('',(111.8204,-64.4383999999999,4.79999999999998));
#16415=CARTESIAN_POINT('',(97.8211,-65.4373999999999,4.79999999999998));
#16416=CARTESIAN_POINT('',(97.8211,-64.4383999999999,4.79999999999998));
#16417=CARTESIAN_POINT('',(97.0203,-65.4373999999999,4.79999999999998));
#16418=CARTESIAN_POINT('',(97.8211,-65.4373999999999,4.79999999999998));
#16419=CARTESIAN_POINT('',(97.0203,-68.5379999999999,4.79999999999999));
#16420=CARTESIAN_POINT('',(97.0203,-65.4373999999999,4.79999999999998));
#16421=CARTESIAN_POINT('',(97.8211,-68.5379999999999,4.79999999999999));
#16422=CARTESIAN_POINT('',(97.0203,-68.5379999999999,4.79999999999999));
#16423=CARTESIAN_POINT('',(97.8211,-74.3379999999999,4.79999999999999));
#16424=CARTESIAN_POINT('',(97.8211,-68.5379999999999,4.79999999999999));
#16425=CARTESIAN_POINT('',(97.0203,-74.3379999999999,4.79999999999999));
#16426=CARTESIAN_POINT('',(97.8211,-74.3379999999999,4.79999999999999));
#16427=CARTESIAN_POINT('',(97.0203,-77.4371999999999,4.79999999999999));
#16428=CARTESIAN_POINT('',(97.0203,-74.3379999999999,4.79999999999999));
#16429=CARTESIAN_POINT('',(97.8211,-77.4371999999999,4.79999999999999));
#16430=CARTESIAN_POINT('',(97.0203,-77.4371999999999,4.79999999999999));
#16431=CARTESIAN_POINT('',(97.8211,-78.4375999999999,4.79999999999999));
#16432=CARTESIAN_POINT('',(97.8211,-77.4371999999999,4.79999999999999));
#16433=CARTESIAN_POINT('',(111.8204,-78.4375999999999,4.79999999999999));
#16434=CARTESIAN_POINT('',(97.8211,-78.4375999999999,4.79999999999999));
#16435=CARTESIAN_POINT('',(111.8204,-77.4371999999999,4.79999999999999));
#16436=CARTESIAN_POINT('',(111.8204,-78.4375999999999,4.79999999999999));
#16437=CARTESIAN_POINT('',(112.6198,-77.4371999999999,4.79999999999999));
#16438=CARTESIAN_POINT('',(111.8204,-77.4371999999999,4.79999999999999));
#16439=CARTESIAN_POINT('',(112.6198,-74.3379999999999,4.79999999999999));
#16440=CARTESIAN_POINT('',(112.6198,-77.4371999999999,4.79999999999999));
#16441=CARTESIAN_POINT('',(111.8204,-74.3379999999999,4.79999999999999));
#16442=CARTESIAN_POINT('',(112.6198,-74.3379999999999,4.79999999999999));
#16443=CARTESIAN_POINT('',(111.8204,-68.5379999999999,4.79999999999999));
#16444=CARTESIAN_POINT('',(111.8204,-74.3379999999999,4.79999999999999));
#16445=CARTESIAN_POINT('',(112.6198,-68.5379999999999,4.79999999999999));
#16446=CARTESIAN_POINT('',(111.8204,-68.5379999999999,4.79999999999999));
#16447=CARTESIAN_POINT('',(112.6198,-65.4373999999999,4.79999999999998));
#16448=CARTESIAN_POINT('',(112.6198,-68.5379999999999,4.79999999999999));
#16449=CARTESIAN_POINT('',(111.8204,-65.4373999999999,4.79999999999998));
#16450=CARTESIAN_POINT('',(112.6198,-65.4373999999999,4.79999999999998));
#16451=CARTESIAN_POINT('',(111.8204,-65.4373999999999,4.79999999999998));
#16452=CARTESIAN_POINT('',(21.62103,-83.4883999999999,4.79999999999999));
#16453=CARTESIAN_POINT('',(35.6205,-83.4883999999999,4.79999999999999));
#16454=CARTESIAN_POINT('',(35.6205,-83.4883999999999,4.79999999999999));
#16455=CARTESIAN_POINT('',(21.62103,-84.4872999999999,4.79999999999999));
#16456=CARTESIAN_POINT('',(21.62103,-83.4883999999999,4.79999999999999));
#16457=CARTESIAN_POINT('',(20.82039,-84.4872999999999,4.79999999999999));
#16458=CARTESIAN_POINT('',(21.62103,-84.4872999999999,4.79999999999999));
#16459=CARTESIAN_POINT('',(20.82039,-87.5878999999999,4.79999999999999));
#16460=CARTESIAN_POINT('',(20.82039,-84.4872999999999,4.79999999999999));
#16461=CARTESIAN_POINT('',(21.62103,-87.5878999999999,4.79999999999999));
#16462=CARTESIAN_POINT('',(20.82039,-87.5878999999999,4.79999999999999));
#16463=CARTESIAN_POINT('',(21.62103,-93.3880999999999,4.79999999999998));
#16464=CARTESIAN_POINT('',(21.62103,-87.5878999999999,4.79999999999999));
#16465=CARTESIAN_POINT('',(20.82039,-93.3880999999999,4.79999999999998));
#16466=CARTESIAN_POINT('',(21.62103,-93.3880999999999,4.79999999999998));
#16467=CARTESIAN_POINT('',(20.82039,-96.4872999999999,4.79999999999998));
#16468=CARTESIAN_POINT('',(20.82039,-93.3880999999999,4.79999999999998));
#16469=CARTESIAN_POINT('',(21.62103,-96.4872999999999,4.79999999999998));
#16470=CARTESIAN_POINT('',(20.82039,-96.4872999999999,4.79999999999998));
#16471=CARTESIAN_POINT('',(21.62103,-97.4876999999999,4.79999999999998));
#16472=CARTESIAN_POINT('',(21.62103,-96.4872999999999,4.79999999999998));
#16473=CARTESIAN_POINT('',(35.6205,-97.4876999999999,4.79999999999998));
#16474=CARTESIAN_POINT('',(21.62103,-97.4876999999999,4.79999999999998));
#16475=CARTESIAN_POINT('',(35.6205,-96.4872999999999,4.79999999999998));
#16476=CARTESIAN_POINT('',(35.6205,-97.4876999999999,4.79999999999998));
#16477=CARTESIAN_POINT('',(36.4212,-96.4872999999999,4.79999999999998));
#16478=CARTESIAN_POINT('',(35.6205,-96.4872999999999,4.79999999999998));
#16479=CARTESIAN_POINT('',(36.4212,-93.3880999999999,4.79999999999998));
#16480=CARTESIAN_POINT('',(36.4212,-96.4872999999999,4.79999999999998));
#16481=CARTESIAN_POINT('',(35.6205,-93.3880999999999,4.79999999999998));
#16482=CARTESIAN_POINT('',(36.4212,-93.3880999999999,4.79999999999998));
#16483=CARTESIAN_POINT('',(35.6205,-87.5878999999999,4.79999999999999));
#16484=CARTESIAN_POINT('',(35.6205,-93.3880999999999,4.79999999999998));
#16485=CARTESIAN_POINT('',(36.4212,-87.5878999999999,4.79999999999999));
#16486=CARTESIAN_POINT('',(35.6205,-87.5878999999999,4.79999999999999));
#16487=CARTESIAN_POINT('',(36.4212,-84.4872999999999,4.79999999999999));
#16488=CARTESIAN_POINT('',(36.4212,-87.5878999999999,4.79999999999999));
#16489=CARTESIAN_POINT('',(35.6205,-84.4872999999999,4.79999999999999));
#16490=CARTESIAN_POINT('',(36.4212,-84.4872999999999,4.79999999999999));
#16491=CARTESIAN_POINT('',(35.6205,-84.4872999999999,4.79999999999999));
#16492=CARTESIAN_POINT('',(89.2194768051085,-38.8730681309869,4.79999999999998));
#16493=CARTESIAN_POINT('Origin',(90.2816805940673,-38.8730681309869,4.79999999999998));
#16494=CARTESIAN_POINT('',(40.671,-83.4883999999999,4.79999999999999));
#16495=CARTESIAN_POINT('',(54.6704,-83.4883999999999,4.79999999999999));
#16496=CARTESIAN_POINT('',(54.6704,-83.4883999999999,4.79999999999999));
#16497=CARTESIAN_POINT('',(40.671,-84.4872999999999,4.79999999999999));
#16498=CARTESIAN_POINT('',(40.671,-83.4883999999999,4.79999999999999));
#16499=CARTESIAN_POINT('',(39.8704,-84.4872999999999,4.79999999999999));
#16500=CARTESIAN_POINT('',(40.671,-84.4872999999999,4.79999999999999));
#16501=CARTESIAN_POINT('',(39.8704,-87.5878999999999,4.79999999999999));
#16502=CARTESIAN_POINT('',(39.8704,-84.4872999999999,4.79999999999999));
#16503=CARTESIAN_POINT('',(40.671,-87.5878999999999,4.79999999999999));
#16504=CARTESIAN_POINT('',(39.8704,-87.5878999999999,4.79999999999999));
#16505=CARTESIAN_POINT('',(40.671,-93.3880999999999,4.79999999999998));
#16506=CARTESIAN_POINT('',(40.671,-87.5878999999999,4.79999999999999));
#16507=CARTESIAN_POINT('',(39.8704,-93.3880999999999,4.79999999999998));
#16508=CARTESIAN_POINT('',(40.671,-93.3880999999999,4.79999999999998));
#16509=CARTESIAN_POINT('',(39.8704,-96.4872999999999,4.79999999999998));
#16510=CARTESIAN_POINT('',(39.8704,-93.3880999999999,4.79999999999998));
#16511=CARTESIAN_POINT('',(40.671,-96.4872999999999,4.79999999999998));
#16512=CARTESIAN_POINT('',(39.8704,-96.4872999999999,4.79999999999998));
#16513=CARTESIAN_POINT('',(40.671,-97.4876999999999,4.79999999999998));
#16514=CARTESIAN_POINT('',(40.671,-96.4872999999999,4.79999999999998));
#16515=CARTESIAN_POINT('',(54.6704,-97.4876999999999,4.79999999999998));
#16516=CARTESIAN_POINT('',(40.671,-97.4876999999999,4.79999999999998));
#16517=CARTESIAN_POINT('',(54.6704,-96.4872999999999,4.79999999999998));
#16518=CARTESIAN_POINT('',(54.6704,-97.4876999999999,4.79999999999998));
#16519=CARTESIAN_POINT('',(55.4712,-96.4872999999999,4.79999999999998));
#16520=CARTESIAN_POINT('',(54.6704,-96.4872999999999,4.79999999999998));
#16521=CARTESIAN_POINT('',(55.4712,-93.3880999999999,4.79999999999998));
#16522=CARTESIAN_POINT('',(55.4712,-96.4872999999999,4.79999999999998));
#16523=CARTESIAN_POINT('',(54.6704,-93.3880999999999,4.79999999999998));
#16524=CARTESIAN_POINT('',(55.4712,-93.3880999999999,4.79999999999998));
#16525=CARTESIAN_POINT('',(54.6704,-87.5878999999999,4.79999999999999));
#16526=CARTESIAN_POINT('',(54.6704,-93.3880999999999,4.79999999999998));
#16527=CARTESIAN_POINT('',(55.4712,-87.5878999999999,4.79999999999999));
#16528=CARTESIAN_POINT('',(54.6704,-87.5878999999999,4.79999999999999));
#16529=CARTESIAN_POINT('',(55.4712,-84.4872999999999,4.79999999999999));
#16530=CARTESIAN_POINT('',(55.4712,-87.5878999999999,4.79999999999999));
#16531=CARTESIAN_POINT('',(54.6704,-84.4872999999999,4.79999999999999));
#16532=CARTESIAN_POINT('',(55.4712,-84.4872999999999,4.79999999999999));
#16533=CARTESIAN_POINT('',(54.6704,-84.4872999999999,4.79999999999999));
#16534=CARTESIAN_POINT('',(46.519476805108,-123.082068130987,4.79999999999998));
#16535=CARTESIAN_POINT('Origin',(47.581680594067,-123.082068130987,4.79999999999998));
#16536=CARTESIAN_POINT('',(78.7711,-64.4383999999999,4.79999999999998));
#16537=CARTESIAN_POINT('',(92.7704,-64.4383999999999,4.79999999999998));
#16538=CARTESIAN_POINT('',(92.7704,-64.4383999999999,4.79999999999998));
#16539=CARTESIAN_POINT('',(78.7711,-65.4373999999999,4.79999999999998));
#16540=CARTESIAN_POINT('',(78.7711,-64.4383999999999,4.79999999999998));
#16541=CARTESIAN_POINT('',(77.9703,-65.4373999999999,4.79999999999998));
#16542=CARTESIAN_POINT('',(78.7711,-65.4373999999999,4.79999999999998));
#16543=CARTESIAN_POINT('',(77.9703,-68.5379999999999,4.79999999999999));
#16544=CARTESIAN_POINT('',(77.9703,-65.4373999999999,4.79999999999998));
#16545=CARTESIAN_POINT('',(78.7711,-68.5379999999999,4.79999999999999));
#16546=CARTESIAN_POINT('',(77.9703,-68.5379999999999,4.79999999999999));
#16547=CARTESIAN_POINT('',(78.7711,-74.3379999999999,4.79999999999999));
#16548=CARTESIAN_POINT('',(78.7711,-68.5379999999999,4.79999999999999));
#16549=CARTESIAN_POINT('',(77.9703,-74.3379999999999,4.79999999999999));
#16550=CARTESIAN_POINT('',(78.7711,-74.3379999999999,4.79999999999999));
#16551=CARTESIAN_POINT('',(77.9703,-77.4371999999999,4.79999999999999));
#16552=CARTESIAN_POINT('',(77.9703,-74.3379999999999,4.79999999999999));
#16553=CARTESIAN_POINT('',(78.7710999999999,-77.4371999999999,4.79999999999999));
#16554=CARTESIAN_POINT('',(77.9703,-77.4371999999999,4.79999999999999));
#16555=CARTESIAN_POINT('',(78.7710999999999,-78.4375999999999,4.79999999999999));
#16556=CARTESIAN_POINT('',(78.7710999999999,-77.4371999999999,4.79999999999999));
#16557=CARTESIAN_POINT('',(92.7703999999999,-78.4375999999999,4.79999999999999));
#16558=CARTESIAN_POINT('',(78.7710999999999,-78.4375999999999,4.79999999999999));
#16559=CARTESIAN_POINT('',(92.7703999999999,-77.4371999999999,4.79999999999999));
#16560=CARTESIAN_POINT('',(92.7703999999999,-78.4375999999999,4.79999999999999));
#16561=CARTESIAN_POINT('',(93.5712,-77.4371999999999,4.79999999999999));
#16562=CARTESIAN_POINT('',(92.7703999999999,-77.4371999999999,4.79999999999999));
#16563=CARTESIAN_POINT('',(93.5712,-74.3379999999999,4.79999999999999));
#16564=CARTESIAN_POINT('',(93.5712,-77.4371999999999,4.79999999999999));
#16565=CARTESIAN_POINT('',(92.7704,-74.3379999999999,4.79999999999999));
#16566=CARTESIAN_POINT('',(93.5712,-74.3379999999999,4.79999999999999));
#16567=CARTESIAN_POINT('',(92.7704,-68.5379999999999,4.79999999999999));
#16568=CARTESIAN_POINT('',(92.7704,-74.3379999999999,4.79999999999999));
#16569=CARTESIAN_POINT('',(93.5712,-68.5379999999999,4.79999999999999));
#16570=CARTESIAN_POINT('',(92.7704,-68.5379999999999,4.79999999999999));
#16571=CARTESIAN_POINT('',(93.5712,-65.4373999999999,4.79999999999998));
#16572=CARTESIAN_POINT('',(93.5712,-68.5379999999999,4.79999999999999));
#16573=CARTESIAN_POINT('',(92.7704,-65.4373999999999,4.79999999999998));
#16574=CARTESIAN_POINT('',(93.5712,-65.4373999999999,4.79999999999998));
#16575=CARTESIAN_POINT('',(92.7704,-65.4373999999999,4.79999999999998));
#16576=CARTESIAN_POINT('',(78.7710999999999,-102.5383,4.79999999999998));
#16577=CARTESIAN_POINT('',(92.7703999999999,-102.5383,4.79999999999998));
#16578=CARTESIAN_POINT('',(92.7703999999999,-102.5383,4.79999999999998));
#16579=CARTESIAN_POINT('',(78.7710999999999,-103.5373,4.79999999999998));
#16580=CARTESIAN_POINT('',(78.7710999999999,-102.5383,4.79999999999998));
#16581=CARTESIAN_POINT('',(77.9703,-103.5373,4.79999999999998));
#16582=CARTESIAN_POINT('',(78.7710999999999,-103.5373,4.79999999999998));
#16583=CARTESIAN_POINT('',(77.9703,-106.6365,4.79999999999998));
#16584=CARTESIAN_POINT('',(77.9703,-103.5373,4.79999999999998));
#16585=CARTESIAN_POINT('',(78.7710999999999,-106.6365,4.79999999999998));
#16586=CARTESIAN_POINT('',(77.9703,-106.6365,4.79999999999998));
#16587=CARTESIAN_POINT('',(78.7710999999999,-112.43808,4.79999999999998));
#16588=CARTESIAN_POINT('',(78.7710999999999,-106.6365,4.79999999999998));
#16589=CARTESIAN_POINT('',(77.9703,-112.43808,4.79999999999998));
#16590=CARTESIAN_POINT('',(78.7710999999999,-112.43808,4.79999999999998));
#16591=CARTESIAN_POINT('',(77.9703,-115.53727,4.79999999999998));
#16592=CARTESIAN_POINT('',(77.9703,-112.43808,4.79999999999998));
#16593=CARTESIAN_POINT('',(78.7710999999999,-115.53727,4.79999999999998));
#16594=CARTESIAN_POINT('',(77.9703,-115.53727,4.79999999999998));
#16595=CARTESIAN_POINT('',(78.7710999999999,-116.53774,4.79999999999998));
#16596=CARTESIAN_POINT('',(78.7710999999999,-115.53727,4.79999999999998));
#16597=CARTESIAN_POINT('',(92.7703999999999,-116.53774,4.79999999999998));
#16598=CARTESIAN_POINT('',(78.7710999999999,-116.53774,4.79999999999998));
#16599=CARTESIAN_POINT('',(92.7703999999999,-115.53727,4.79999999999998));
#16600=CARTESIAN_POINT('',(92.7703999999999,-116.53774,4.79999999999998));
#16601=CARTESIAN_POINT('',(93.5712,-115.53727,4.79999999999998));
#16602=CARTESIAN_POINT('',(92.7703999999999,-115.53727,4.79999999999998));
#16603=CARTESIAN_POINT('',(93.5712,-112.43808,4.79999999999998));
#16604=CARTESIAN_POINT('',(93.5712,-115.53727,4.79999999999998));
#16605=CARTESIAN_POINT('',(92.7703999999999,-112.43808,4.79999999999998));
#16606=CARTESIAN_POINT('',(93.5712,-112.43808,4.79999999999998));
#16607=CARTESIAN_POINT('',(92.7703999999999,-106.6365,4.79999999999998));
#16608=CARTESIAN_POINT('',(92.7703999999999,-112.43808,4.79999999999998));
#16609=CARTESIAN_POINT('',(93.5712,-106.6365,4.79999999999998));
#16610=CARTESIAN_POINT('',(92.7703999999999,-106.6365,4.79999999999998));
#16611=CARTESIAN_POINT('',(93.5712,-103.5373,4.79999999999998));
#16612=CARTESIAN_POINT('',(93.5712,-106.6365,4.79999999999998));
#16613=CARTESIAN_POINT('',(92.7703999999999,-103.5373,4.79999999999998));
#16614=CARTESIAN_POINT('',(93.5712,-103.5373,4.79999999999998));
#16615=CARTESIAN_POINT('',(92.7703999999999,-103.5373,4.79999999999998));
#16616=CARTESIAN_POINT('',(97.8211,-83.4883999999999,4.79999999999999));
#16617=CARTESIAN_POINT('',(111.8204,-83.4883999999999,4.79999999999999));
#16618=CARTESIAN_POINT('',(111.8204,-83.4883999999999,4.79999999999999));
#16619=CARTESIAN_POINT('',(97.8211,-84.4872999999999,4.79999999999999));
#16620=CARTESIAN_POINT('',(97.8211,-83.4883999999999,4.79999999999999));
#16621=CARTESIAN_POINT('',(97.0203,-84.4872999999999,4.79999999999999));
#16622=CARTESIAN_POINT('',(97.8211,-84.4872999999999,4.79999999999999));
#16623=CARTESIAN_POINT('',(97.0203,-87.5878999999999,4.79999999999999));
#16624=CARTESIAN_POINT('',(97.0203,-84.4872999999999,4.79999999999999));
#16625=CARTESIAN_POINT('',(97.8211,-87.5878999999999,4.79999999999999));
#16626=CARTESIAN_POINT('',(97.0203,-87.5878999999999,4.79999999999999));
#16627=CARTESIAN_POINT('',(97.8211,-93.3880999999999,4.79999999999998));
#16628=CARTESIAN_POINT('',(97.8211,-87.5878999999999,4.79999999999999));
#16629=CARTESIAN_POINT('',(97.0203,-93.3880999999999,4.79999999999998));
#16630=CARTESIAN_POINT('',(97.8211,-93.3880999999999,4.79999999999998));
#16631=CARTESIAN_POINT('',(97.0203,-96.4872999999999,4.79999999999998));
#16632=CARTESIAN_POINT('',(97.0203,-93.3880999999999,4.79999999999998));
#16633=CARTESIAN_POINT('',(97.8211,-96.4872999999999,4.79999999999998));
#16634=CARTESIAN_POINT('',(97.0203,-96.4872999999999,4.79999999999998));
#16635=CARTESIAN_POINT('',(97.8211,-97.4876999999999,4.79999999999998));
#16636=CARTESIAN_POINT('',(97.8211,-96.4872999999999,4.79999999999998));
#16637=CARTESIAN_POINT('',(111.8204,-97.4876999999999,4.79999999999998));
#16638=CARTESIAN_POINT('',(97.8211,-97.4876999999999,4.79999999999998));
#16639=CARTESIAN_POINT('',(111.8204,-96.4872999999999,4.79999999999998));
#16640=CARTESIAN_POINT('',(111.8204,-97.4876999999999,4.79999999999998));
#16641=CARTESIAN_POINT('',(112.6198,-96.4872999999999,4.79999999999998));
#16642=CARTESIAN_POINT('',(111.8204,-96.4872999999999,4.79999999999998));
#16643=CARTESIAN_POINT('',(112.6198,-93.3880999999999,4.79999999999998));
#16644=CARTESIAN_POINT('',(112.6198,-96.4872999999999,4.79999999999998));
#16645=CARTESIAN_POINT('',(111.8204,-93.3880999999999,4.79999999999998));
#16646=CARTESIAN_POINT('',(112.6198,-93.3880999999999,4.79999999999998));
#16647=CARTESIAN_POINT('',(111.8204,-87.5878999999999,4.79999999999999));
#16648=CARTESIAN_POINT('',(111.8204,-93.3880999999999,4.79999999999998));
#16649=CARTESIAN_POINT('',(112.6198,-87.5878999999999,4.79999999999999));
#16650=CARTESIAN_POINT('',(111.8204,-87.5878999999999,4.79999999999999));
#16651=CARTESIAN_POINT('',(112.6198,-84.4872999999999,4.79999999999999));
#16652=CARTESIAN_POINT('',(112.6198,-87.5878999999999,4.79999999999999));
#16653=CARTESIAN_POINT('',(111.8204,-84.4872999999999,4.79999999999999));
#16654=CARTESIAN_POINT('',(112.6198,-84.4872999999999,4.79999999999999));
#16655=CARTESIAN_POINT('',(111.8204,-84.4872999999999,4.79999999999999));
#16656=CARTESIAN_POINT('',(59.7211,-64.4383999999999,4.79999999999998));
#16657=CARTESIAN_POINT('',(73.7204,-64.4383999999999,4.79999999999998));
#16658=CARTESIAN_POINT('',(73.7204,-64.4383999999999,4.79999999999998));
#16659=CARTESIAN_POINT('',(59.7211,-65.4373999999999,4.79999999999998));
#16660=CARTESIAN_POINT('',(59.7211,-64.4383999999999,4.79999999999998));
#16661=CARTESIAN_POINT('',(58.9203,-65.4373999999999,4.79999999999998));
#16662=CARTESIAN_POINT('',(59.7211,-65.4373999999999,4.79999999999998));
#16663=CARTESIAN_POINT('',(58.9203,-68.5379999999999,4.79999999999999));
#16664=CARTESIAN_POINT('',(58.9203,-65.4373999999999,4.79999999999998));
#16665=CARTESIAN_POINT('',(59.7211,-68.5379999999999,4.79999999999999));
#16666=CARTESIAN_POINT('',(58.9203,-68.5379999999999,4.79999999999999));
#16667=CARTESIAN_POINT('',(59.7211,-74.3379999999999,4.79999999999999));
#16668=CARTESIAN_POINT('',(59.7211,-68.5379999999999,4.79999999999999));
#16669=CARTESIAN_POINT('',(58.9203,-74.3379999999999,4.79999999999999));
#16670=CARTESIAN_POINT('',(59.7211,-74.3379999999999,4.79999999999999));
#16671=CARTESIAN_POINT('',(58.9203,-77.4371999999999,4.79999999999999));
#16672=CARTESIAN_POINT('',(58.9203,-74.3379999999999,4.79999999999999));
#16673=CARTESIAN_POINT('',(59.7211,-77.4371999999999,4.79999999999999));
#16674=CARTESIAN_POINT('',(58.9203,-77.4371999999999,4.79999999999999));
#16675=CARTESIAN_POINT('',(59.7211,-78.4375999999999,4.79999999999999));
#16676=CARTESIAN_POINT('',(59.7211,-77.4371999999999,4.79999999999999));
#16677=CARTESIAN_POINT('',(73.7204,-78.4375999999999,4.79999999999999));
#16678=CARTESIAN_POINT('',(59.7211,-78.4375999999999,4.79999999999999));
#16679=CARTESIAN_POINT('',(73.7204,-77.4371999999999,4.79999999999999));
#16680=CARTESIAN_POINT('',(73.7204,-78.4375999999999,4.79999999999999));
#16681=CARTESIAN_POINT('',(74.5211999999999,-77.4371999999999,4.79999999999999));
#16682=CARTESIAN_POINT('',(73.7204,-77.4371999999999,4.79999999999999));
#16683=CARTESIAN_POINT('',(74.5212,-74.3379999999999,4.79999999999999));
#16684=CARTESIAN_POINT('',(74.5211999999999,-77.4371999999999,4.79999999999999));
#16685=CARTESIAN_POINT('',(73.7204,-74.3379999999999,4.79999999999999));
#16686=CARTESIAN_POINT('',(74.5212,-74.3379999999999,4.79999999999999));
#16687=CARTESIAN_POINT('',(73.7204,-68.5379999999999,4.79999999999999));
#16688=CARTESIAN_POINT('',(73.7204,-74.3379999999999,4.79999999999999));
#16689=CARTESIAN_POINT('',(74.5212,-68.5379999999999,4.79999999999999));
#16690=CARTESIAN_POINT('',(73.7204,-68.5379999999999,4.79999999999999));
#16691=CARTESIAN_POINT('',(74.5212,-65.4373999999999,4.79999999999998));
#16692=CARTESIAN_POINT('',(74.5212,-68.5379999999999,4.79999999999999));
#16693=CARTESIAN_POINT('',(73.7204,-65.4373999999999,4.79999999999998));
#16694=CARTESIAN_POINT('',(74.5212,-65.4373999999999,4.79999999999998));
#16695=CARTESIAN_POINT('',(73.7204,-65.4373999999999,4.79999999999998));
#16696=CARTESIAN_POINT('',(97.8211,-45.3883999999999,4.79999999999998));
#16697=CARTESIAN_POINT('',(111.8204,-45.3883999999999,4.79999999999998));
#16698=CARTESIAN_POINT('',(111.8204,-45.3883999999999,4.79999999999998));
#16699=CARTESIAN_POINT('',(97.8211,-46.3873999999999,4.79999999999998));
#16700=CARTESIAN_POINT('',(97.8211,-45.3883999999999,4.79999999999998));
#16701=CARTESIAN_POINT('',(97.0203,-46.3873999999999,4.79999999999998));
#16702=CARTESIAN_POINT('',(97.8211,-46.3873999999999,4.79999999999998));
#16703=CARTESIAN_POINT('',(97.0203,-49.4879999999999,4.79999999999998));
#16704=CARTESIAN_POINT('',(97.0203,-46.3873999999999,4.79999999999998));
#16705=CARTESIAN_POINT('',(97.8211,-49.4879999999999,4.79999999999998));
#16706=CARTESIAN_POINT('',(97.0203,-49.4879999999999,4.79999999999998));
#16707=CARTESIAN_POINT('',(97.8211,-55.2879999999999,4.79999999999998));
#16708=CARTESIAN_POINT('',(97.8211,-49.4879999999999,4.79999999999998));
#16709=CARTESIAN_POINT('',(97.0203,-55.2879999999999,4.79999999999998));
#16710=CARTESIAN_POINT('',(97.8211,-55.2879999999999,4.79999999999998));
#16711=CARTESIAN_POINT('',(97.0203,-58.3871999999999,4.79999999999998));
#16712=CARTESIAN_POINT('',(97.0203,-55.2879999999999,4.79999999999998));
#16713=CARTESIAN_POINT('',(97.8211,-58.3871999999999,4.79999999999998));
#16714=CARTESIAN_POINT('',(97.0203,-58.3871999999999,4.79999999999998));
#16715=CARTESIAN_POINT('',(97.8211,-59.3875999999999,4.79999999999998));
#16716=CARTESIAN_POINT('',(97.8211,-58.3871999999999,4.79999999999998));
#16717=CARTESIAN_POINT('',(111.8204,-59.3875999999999,4.79999999999998));
#16718=CARTESIAN_POINT('',(97.8211,-59.3875999999999,4.79999999999998));
#16719=CARTESIAN_POINT('',(111.8204,-58.3871999999999,4.79999999999998));
#16720=CARTESIAN_POINT('',(111.8204,-59.3875999999999,4.79999999999998));
#16721=CARTESIAN_POINT('',(112.6198,-58.3871999999999,4.79999999999998));
#16722=CARTESIAN_POINT('',(111.8204,-58.3871999999999,4.79999999999998));
#16723=CARTESIAN_POINT('',(112.6198,-55.2879999999999,4.79999999999998));
#16724=CARTESIAN_POINT('',(112.6198,-58.3871999999999,4.79999999999998));
#16725=CARTESIAN_POINT('',(111.8204,-55.2879999999999,4.79999999999998));
#16726=CARTESIAN_POINT('',(112.6198,-55.2879999999999,4.79999999999998));
#16727=CARTESIAN_POINT('',(111.8204,-49.4879999999999,4.79999999999998));
#16728=CARTESIAN_POINT('',(111.8204,-55.2879999999999,4.79999999999998));
#16729=CARTESIAN_POINT('',(112.6198,-49.4879999999999,4.79999999999998));
#16730=CARTESIAN_POINT('',(111.8204,-49.4879999999999,4.79999999999998));
#16731=CARTESIAN_POINT('',(112.6198,-46.3873999999999,4.79999999999998));
#16732=CARTESIAN_POINT('',(112.6198,-49.4879999999999,4.79999999999998));
#16733=CARTESIAN_POINT('',(111.8204,-46.3873999999999,4.79999999999998));
#16734=CARTESIAN_POINT('',(112.6198,-46.3873999999999,4.79999999999998));
#16735=CARTESIAN_POINT('',(111.8204,-46.3873999999999,4.79999999999998));
#16736=CARTESIAN_POINT('',(102.5822,-102.5383,4.79999999999998));
#16737=CARTESIAN_POINT('',(116.5829,-102.5383,4.79999999999998));
#16738=CARTESIAN_POINT('',(116.5829,-102.5383,4.79999999999998));
#16739=CARTESIAN_POINT('',(102.5822,-103.5373,4.79999999999998));
#16740=CARTESIAN_POINT('',(102.5822,-102.5383,4.79999999999998));
#16741=CARTESIAN_POINT('',(101.7828,-103.5373,4.79999999999998));
#16742=CARTESIAN_POINT('',(102.5822,-103.5373,4.79999999999998));
#16743=CARTESIAN_POINT('',(101.7828,-106.6365,4.79999999999998));
#16744=CARTESIAN_POINT('',(101.7828,-103.5373,4.79999999999998));
#16745=CARTESIAN_POINT('',(102.5822,-106.6365,4.79999999999998));
#16746=CARTESIAN_POINT('',(101.7828,-106.6365,4.79999999999998));
#16747=CARTESIAN_POINT('',(102.5822,-112.43808,4.79999999999998));
#16748=CARTESIAN_POINT('',(102.5822,-106.6365,4.79999999999998));
#16749=CARTESIAN_POINT('',(101.7828,-112.43808,4.79999999999998));
#16750=CARTESIAN_POINT('',(102.5822,-112.43808,4.79999999999998));
#16751=CARTESIAN_POINT('',(101.7828,-115.53727,4.79999999999998));
#16752=CARTESIAN_POINT('',(101.7828,-112.43808,4.79999999999998));
#16753=CARTESIAN_POINT('',(102.5822,-115.53727,4.79999999999998));
#16754=CARTESIAN_POINT('',(101.7828,-115.53727,4.79999999999998));
#16755=CARTESIAN_POINT('',(102.5822,-116.53774,4.79999999999998));
#16756=CARTESIAN_POINT('',(102.5822,-115.53727,4.79999999999998));
#16757=CARTESIAN_POINT('',(116.5829,-116.53774,4.79999999999998));
#16758=CARTESIAN_POINT('',(102.5822,-116.53774,4.79999999999998));
#16759=CARTESIAN_POINT('',(116.5829,-115.53727,4.79999999999998));
#16760=CARTESIAN_POINT('',(116.5829,-116.53774,4.79999999999998));
#16761=CARTESIAN_POINT('',(117.3823,-115.53727,4.79999999999998));
#16762=CARTESIAN_POINT('',(116.5829,-115.53727,4.79999999999998));
#16763=CARTESIAN_POINT('',(117.3823,-112.43808,4.79999999999998));
#16764=CARTESIAN_POINT('',(117.3823,-115.53727,4.79999999999998));
#16765=CARTESIAN_POINT('',(116.5829,-112.43808,4.79999999999998));
#16766=CARTESIAN_POINT('',(117.3823,-112.43808,4.79999999999998));
#16767=CARTESIAN_POINT('',(116.5829,-106.6365,4.79999999999998));
#16768=CARTESIAN_POINT('',(116.5829,-112.43808,4.79999999999998));
#16769=CARTESIAN_POINT('',(117.3823,-106.6365,4.79999999999998));
#16770=CARTESIAN_POINT('',(116.5829,-106.6365,4.79999999999998));
#16771=CARTESIAN_POINT('',(117.3823,-103.5373,4.79999999999998));
#16772=CARTESIAN_POINT('',(117.3823,-106.6365,4.79999999999998));
#16773=CARTESIAN_POINT('',(116.5829,-103.5373,4.79999999999998));
#16774=CARTESIAN_POINT('',(117.3823,-103.5373,4.79999999999998));
#16775=CARTESIAN_POINT('',(116.5829,-103.5373,4.79999999999998));
#16776=CARTESIAN_POINT('',(40.671,-64.4383999999999,4.79999999999998));
#16777=CARTESIAN_POINT('',(54.6704,-64.4383999999999,4.79999999999998));
#16778=CARTESIAN_POINT('',(54.6704,-64.4383999999999,4.79999999999998));
#16779=CARTESIAN_POINT('',(40.671,-65.4373999999999,4.79999999999998));
#16780=CARTESIAN_POINT('',(40.671,-64.4383999999999,4.79999999999998));
#16781=CARTESIAN_POINT('',(39.8704,-65.4373999999999,4.79999999999998));
#16782=CARTESIAN_POINT('',(40.671,-65.4373999999999,4.79999999999998));
#16783=CARTESIAN_POINT('',(39.8704,-68.5379999999999,4.79999999999999));
#16784=CARTESIAN_POINT('',(39.8704,-65.4373999999999,4.79999999999998));
#16785=CARTESIAN_POINT('',(40.671,-68.5379999999999,4.79999999999999));
#16786=CARTESIAN_POINT('',(39.8704,-68.5379999999999,4.79999999999999));
#16787=CARTESIAN_POINT('',(40.671,-74.3379999999999,4.79999999999999));
#16788=CARTESIAN_POINT('',(40.671,-68.5379999999999,4.79999999999999));
#16789=CARTESIAN_POINT('',(39.8704,-74.3379999999999,4.79999999999999));
#16790=CARTESIAN_POINT('',(40.671,-74.3379999999999,4.79999999999999));
#16791=CARTESIAN_POINT('',(39.8704,-77.4371999999999,4.79999999999999));
#16792=CARTESIAN_POINT('',(39.8704,-74.3379999999999,4.79999999999999));
#16793=CARTESIAN_POINT('',(40.671,-77.4371999999999,4.79999999999999));
#16794=CARTESIAN_POINT('',(39.8704,-77.4371999999999,4.79999999999999));
#16795=CARTESIAN_POINT('',(40.671,-78.4375999999999,4.79999999999999));
#16796=CARTESIAN_POINT('',(40.671,-77.4371999999999,4.79999999999999));
#16797=CARTESIAN_POINT('',(54.6704,-78.4375999999999,4.79999999999999));
#16798=CARTESIAN_POINT('',(40.671,-78.4375999999999,4.79999999999999));
#16799=CARTESIAN_POINT('',(54.6704,-77.4371999999999,4.79999999999999));
#16800=CARTESIAN_POINT('',(54.6704,-78.4375999999999,4.79999999999999));
#16801=CARTESIAN_POINT('',(55.4712,-77.4371999999999,4.79999999999999));
#16802=CARTESIAN_POINT('',(54.6704,-77.4371999999999,4.79999999999999));
#16803=CARTESIAN_POINT('',(55.4712,-74.3379999999999,4.79999999999999));
#16804=CARTESIAN_POINT('',(55.4712,-77.4371999999999,4.79999999999999));
#16805=CARTESIAN_POINT('',(54.6704,-74.3379999999999,4.79999999999999));
#16806=CARTESIAN_POINT('',(55.4712,-74.3379999999999,4.79999999999999));
#16807=CARTESIAN_POINT('',(54.6704,-68.5379999999999,4.79999999999999));
#16808=CARTESIAN_POINT('',(54.6704,-74.3379999999999,4.79999999999999));
#16809=CARTESIAN_POINT('',(55.4712,-68.5379999999999,4.79999999999999));
#16810=CARTESIAN_POINT('',(54.6704,-68.5379999999999,4.79999999999999));
#16811=CARTESIAN_POINT('',(55.4712,-65.4373999999999,4.79999999999998));
#16812=CARTESIAN_POINT('',(55.4712,-68.5379999999999,4.79999999999999));
#16813=CARTESIAN_POINT('',(54.6704,-65.4373999999999,4.79999999999998));
#16814=CARTESIAN_POINT('',(55.4712,-65.4373999999999,4.79999999999998));
#16815=CARTESIAN_POINT('',(54.6704,-65.4373999999999,4.79999999999998));
#16816=CARTESIAN_POINT('',(21.62103,-64.4383999999999,4.79999999999998));
#16817=CARTESIAN_POINT('',(35.6205,-64.4383999999999,4.79999999999998));
#16818=CARTESIAN_POINT('',(35.6205,-64.4383999999999,4.79999999999998));
#16819=CARTESIAN_POINT('',(21.62103,-65.4373999999999,4.79999999999998));
#16820=CARTESIAN_POINT('',(21.62103,-64.4383999999999,4.79999999999998));
#16821=CARTESIAN_POINT('',(20.82039,-65.4373999999999,4.79999999999998));
#16822=CARTESIAN_POINT('',(21.62103,-65.4373999999999,4.79999999999998));
#16823=CARTESIAN_POINT('',(20.82039,-68.5379999999999,4.79999999999999));
#16824=CARTESIAN_POINT('',(20.82039,-65.4373999999999,4.79999999999998));
#16825=CARTESIAN_POINT('',(21.62103,-68.5379999999999,4.79999999999999));
#16826=CARTESIAN_POINT('',(20.82039,-68.5379999999999,4.79999999999999));
#16827=CARTESIAN_POINT('',(21.62103,-74.3379999999999,4.79999999999999));
#16828=CARTESIAN_POINT('',(21.62103,-68.5379999999999,4.79999999999999));
#16829=CARTESIAN_POINT('',(20.82039,-74.3379999999999,4.79999999999999));
#16830=CARTESIAN_POINT('',(21.62103,-74.3379999999999,4.79999999999999));
#16831=CARTESIAN_POINT('',(20.82039,-77.4371999999999,4.79999999999999));
#16832=CARTESIAN_POINT('',(20.82039,-74.3379999999999,4.79999999999999));
#16833=CARTESIAN_POINT('',(21.62103,-77.4371999999999,4.79999999999999));
#16834=CARTESIAN_POINT('',(20.82039,-77.4371999999999,4.79999999999999));
#16835=CARTESIAN_POINT('',(21.62103,-78.4375999999999,4.79999999999999));
#16836=CARTESIAN_POINT('',(21.62103,-77.4371999999999,4.79999999999999));
#16837=CARTESIAN_POINT('',(35.6205,-78.4375999999999,4.79999999999999));
#16838=CARTESIAN_POINT('',(21.62103,-78.4375999999999,4.79999999999999));
#16839=CARTESIAN_POINT('',(35.6205,-77.4371999999999,4.79999999999999));
#16840=CARTESIAN_POINT('',(35.6205,-78.4375999999999,4.79999999999999));
#16841=CARTESIAN_POINT('',(36.4212,-77.4371999999999,4.79999999999999));
#16842=CARTESIAN_POINT('',(35.6205,-77.4371999999999,4.79999999999999));
#16843=CARTESIAN_POINT('',(36.4212,-74.3379999999999,4.79999999999999));
#16844=CARTESIAN_POINT('',(36.4212,-77.4371999999999,4.79999999999999));
#16845=CARTESIAN_POINT('',(35.6205,-74.3379999999999,4.79999999999999));
#16846=CARTESIAN_POINT('',(36.4212,-74.3379999999999,4.79999999999999));
#16847=CARTESIAN_POINT('',(35.6205,-68.5379999999999,4.79999999999999));
#16848=CARTESIAN_POINT('',(35.6205,-74.3379999999999,4.79999999999999));
#16849=CARTESIAN_POINT('',(36.4212,-68.5379999999999,4.79999999999999));
#16850=CARTESIAN_POINT('',(35.6205,-68.5379999999999,4.79999999999999));
#16851=CARTESIAN_POINT('',(36.4212,-65.4373999999999,4.79999999999998));
#16852=CARTESIAN_POINT('',(36.4212,-68.5379999999999,4.79999999999999));
#16853=CARTESIAN_POINT('',(35.6205,-65.4373999999999,4.79999999999998));
#16854=CARTESIAN_POINT('',(36.4212,-65.4373999999999,4.79999999999998));
#16855=CARTESIAN_POINT('',(35.6205,-65.4373999999999,4.79999999999998));
#16856=CARTESIAN_POINT('',(46.519476805109,-38.8730681309869,4.79999999999998));
#16857=CARTESIAN_POINT('Origin',(47.581680594067,-38.8730681309869,4.79999999999998));
#16858=CARTESIAN_POINT('',(40.671,-45.3883999999999,4.79999999999998));
#16859=CARTESIAN_POINT('',(54.6704,-45.3883999999999,4.79999999999998));
#16860=CARTESIAN_POINT('',(54.6704,-45.3883999999999,4.79999999999998));
#16861=CARTESIAN_POINT('',(40.671,-46.3873999999999,4.79999999999998));
#16862=CARTESIAN_POINT('',(40.671,-45.3883999999999,4.79999999999998));
#16863=CARTESIAN_POINT('',(39.8704,-46.3873999999999,4.79999999999998));
#16864=CARTESIAN_POINT('',(40.671,-46.3873999999999,4.79999999999998));
#16865=CARTESIAN_POINT('',(39.8704,-49.4879999999999,4.79999999999998));
#16866=CARTESIAN_POINT('',(39.8704,-46.3873999999999,4.79999999999998));
#16867=CARTESIAN_POINT('',(40.671,-49.4879999999999,4.79999999999998));
#16868=CARTESIAN_POINT('',(39.8704,-49.4879999999999,4.79999999999998));
#16869=CARTESIAN_POINT('',(40.671,-55.2879999999999,4.79999999999998));
#16870=CARTESIAN_POINT('',(40.671,-49.4879999999999,4.79999999999998));
#16871=CARTESIAN_POINT('',(39.8704,-55.2879999999999,4.79999999999998));
#16872=CARTESIAN_POINT('',(40.671,-55.2879999999999,4.79999999999998));
#16873=CARTESIAN_POINT('',(39.8704,-58.3871999999999,4.79999999999998));
#16874=CARTESIAN_POINT('',(39.8704,-55.2879999999999,4.79999999999998));
#16875=CARTESIAN_POINT('',(40.671,-58.3871999999999,4.79999999999998));
#16876=CARTESIAN_POINT('',(39.8704,-58.3871999999999,4.79999999999998));
#16877=CARTESIAN_POINT('',(40.671,-59.3875999999999,4.79999999999998));
#16878=CARTESIAN_POINT('',(40.671,-58.3871999999999,4.79999999999998));
#16879=CARTESIAN_POINT('',(54.6704,-59.3875999999999,4.79999999999998));
#16880=CARTESIAN_POINT('',(40.671,-59.3875999999999,4.79999999999998));
#16881=CARTESIAN_POINT('',(54.6704,-58.3871999999999,4.79999999999998));
#16882=CARTESIAN_POINT('',(54.6704,-59.3875999999999,4.79999999999998));
#16883=CARTESIAN_POINT('',(55.4712,-58.3871999999999,4.79999999999998));
#16884=CARTESIAN_POINT('',(54.6704,-58.3871999999999,4.79999999999998));
#16885=CARTESIAN_POINT('',(55.4712,-55.2879999999999,4.79999999999998));
#16886=CARTESIAN_POINT('',(55.4712,-58.3871999999999,4.79999999999998));
#16887=CARTESIAN_POINT('',(54.6704,-55.2879999999999,4.79999999999998));
#16888=CARTESIAN_POINT('',(55.4712,-55.2879999999999,4.79999999999998));
#16889=CARTESIAN_POINT('',(54.6704,-49.4879999999999,4.79999999999998));
#16890=CARTESIAN_POINT('',(54.6704,-55.2879999999999,4.79999999999998));
#16891=CARTESIAN_POINT('',(55.4712,-49.4879999999999,4.79999999999998));
#16892=CARTESIAN_POINT('',(54.6704,-49.4879999999999,4.79999999999998));
#16893=CARTESIAN_POINT('',(55.4712,-46.3873999999999,4.79999999999998));
#16894=CARTESIAN_POINT('',(55.4712,-49.4879999999999,4.79999999999998));
#16895=CARTESIAN_POINT('',(54.6704,-46.3873999999999,4.79999999999998));
#16896=CARTESIAN_POINT('',(55.4712,-46.3873999999999,4.79999999999998));
#16897=CARTESIAN_POINT('',(54.6704,-46.3873999999999,4.79999999999998));
#16898=CARTESIAN_POINT('',(78.7710999999999,-83.4883999999999,4.79999999999999));
#16899=CARTESIAN_POINT('',(92.7703999999999,-83.4883999999999,4.79999999999999));
#16900=CARTESIAN_POINT('',(92.7703999999999,-83.4883999999999,4.79999999999999));
#16901=CARTESIAN_POINT('',(78.7710999999999,-84.4872999999999,4.79999999999999));
#16902=CARTESIAN_POINT('',(78.7710999999999,-83.4883999999999,4.79999999999999));
#16903=CARTESIAN_POINT('',(77.9703,-84.4872999999999,4.79999999999999));
#16904=CARTESIAN_POINT('',(78.7710999999999,-84.4872999999999,4.79999999999999));
#16905=CARTESIAN_POINT('',(77.9703,-87.5878999999999,4.79999999999999));
#16906=CARTESIAN_POINT('',(77.9703,-84.4872999999999,4.79999999999999));
#16907=CARTESIAN_POINT('',(78.7710999999999,-87.5878999999999,4.79999999999999));
#16908=CARTESIAN_POINT('',(77.9703,-87.5878999999999,4.79999999999999));
#16909=CARTESIAN_POINT('',(78.7710999999999,-93.3880999999999,4.79999999999998));
#16910=CARTESIAN_POINT('',(78.7710999999999,-87.5878999999999,4.79999999999999));
#16911=CARTESIAN_POINT('',(77.9703,-93.3880999999999,4.79999999999998));
#16912=CARTESIAN_POINT('',(78.7710999999999,-93.3880999999999,4.79999999999998));
#16913=CARTESIAN_POINT('',(77.9703,-96.4872999999999,4.79999999999998));
#16914=CARTESIAN_POINT('',(77.9703,-93.3880999999999,4.79999999999998));
#16915=CARTESIAN_POINT('',(78.7710999999999,-96.4872999999999,4.79999999999998));
#16916=CARTESIAN_POINT('',(77.9703,-96.4872999999999,4.79999999999998));
#16917=CARTESIAN_POINT('',(78.7710999999999,-97.4876999999999,4.79999999999998));
#16918=CARTESIAN_POINT('',(78.7710999999999,-96.4872999999999,4.79999999999998));
#16919=CARTESIAN_POINT('',(92.7703999999999,-97.4876999999999,4.79999999999998));
#16920=CARTESIAN_POINT('',(78.7710999999999,-97.4876999999999,4.79999999999998));
#16921=CARTESIAN_POINT('',(92.7703999999999,-96.4872999999999,4.79999999999998));
#16922=CARTESIAN_POINT('',(92.7703999999999,-97.4876999999999,4.79999999999998));
#16923=CARTESIAN_POINT('',(93.5712,-96.4872999999999,4.79999999999998));
#16924=CARTESIAN_POINT('',(92.7703999999999,-96.4872999999999,4.79999999999998));
#16925=CARTESIAN_POINT('',(93.5712,-93.3880999999999,4.79999999999998));
#16926=CARTESIAN_POINT('',(93.5712,-96.4872999999999,4.79999999999998));
#16927=CARTESIAN_POINT('',(92.7703999999999,-93.3880999999999,4.79999999999998));
#16928=CARTESIAN_POINT('',(93.5712,-93.3880999999999,4.79999999999998));
#16929=CARTESIAN_POINT('',(92.7703999999999,-87.5878999999999,4.79999999999999));
#16930=CARTESIAN_POINT('',(92.7703999999999,-93.3880999999999,4.79999999999998));
#16931=CARTESIAN_POINT('',(93.5712,-87.5878999999999,4.79999999999999));
#16932=CARTESIAN_POINT('',(92.7703999999999,-87.5878999999999,4.79999999999999));
#16933=CARTESIAN_POINT('',(93.5712,-84.4872999999999,4.79999999999999));
#16934=CARTESIAN_POINT('',(93.5712,-87.5878999999999,4.79999999999999));
#16935=CARTESIAN_POINT('',(92.7703999999999,-84.4872999999999,4.79999999999999));
#16936=CARTESIAN_POINT('',(93.5712,-84.4872999999999,4.79999999999999));
#16937=CARTESIAN_POINT('',(92.7703999999999,-84.4872999999999,4.79999999999999));
#16938=CARTESIAN_POINT('',(59.7211,-83.4883999999999,4.79999999999999));
#16939=CARTESIAN_POINT('',(73.7204,-83.4883999999999,4.79999999999999));
#16940=CARTESIAN_POINT('',(73.7204,-83.4883999999999,4.79999999999999));
#16941=CARTESIAN_POINT('',(59.7211,-84.4872999999999,4.79999999999999));
#16942=CARTESIAN_POINT('',(59.7211,-83.4883999999999,4.79999999999999));
#16943=CARTESIAN_POINT('',(58.9203,-84.4872999999999,4.79999999999999));
#16944=CARTESIAN_POINT('',(59.7211,-84.4872999999999,4.79999999999999));
#16945=CARTESIAN_POINT('',(58.9203,-87.5878999999999,4.79999999999999));
#16946=CARTESIAN_POINT('',(58.9203,-84.4872999999999,4.79999999999999));
#16947=CARTESIAN_POINT('',(59.7211,-87.5878999999999,4.79999999999999));
#16948=CARTESIAN_POINT('',(58.9203,-87.5878999999999,4.79999999999999));
#16949=CARTESIAN_POINT('',(59.7211,-93.3880999999999,4.79999999999998));
#16950=CARTESIAN_POINT('',(59.7211,-87.5878999999999,4.79999999999999));
#16951=CARTESIAN_POINT('',(58.9203,-93.3880999999999,4.79999999999998));
#16952=CARTESIAN_POINT('',(59.7211,-93.3880999999999,4.79999999999998));
#16953=CARTESIAN_POINT('',(58.9203,-96.4872999999999,4.79999999999998));
#16954=CARTESIAN_POINT('',(58.9203,-93.3880999999999,4.79999999999998));
#16955=CARTESIAN_POINT('',(59.7211,-96.4872999999999,4.79999999999998));
#16956=CARTESIAN_POINT('',(58.9203,-96.4872999999999,4.79999999999998));
#16957=CARTESIAN_POINT('',(59.7211,-97.4876999999999,4.79999999999998));
#16958=CARTESIAN_POINT('',(59.7211,-96.4872999999999,4.79999999999998));
#16959=CARTESIAN_POINT('',(73.7204,-97.4876999999999,4.79999999999998));
#16960=CARTESIAN_POINT('',(59.7211,-97.4876999999999,4.79999999999998));
#16961=CARTESIAN_POINT('',(73.7204,-96.4872999999999,4.79999999999998));
#16962=CARTESIAN_POINT('',(73.7204,-97.4876999999999,4.79999999999998));
#16963=CARTESIAN_POINT('',(74.5211999999999,-96.4872999999999,4.79999999999998));
#16964=CARTESIAN_POINT('',(73.7204,-96.4872999999999,4.79999999999998));
#16965=CARTESIAN_POINT('',(74.5211999999999,-93.3880999999999,4.79999999999998));
#16966=CARTESIAN_POINT('',(74.5211999999999,-96.4872999999999,4.79999999999998));
#16967=CARTESIAN_POINT('',(73.7204,-93.3880999999999,4.79999999999998));
#16968=CARTESIAN_POINT('',(74.5211999999999,-93.3880999999999,4.79999999999998));
#16969=CARTESIAN_POINT('',(73.7204,-87.5878999999999,4.79999999999999));
#16970=CARTESIAN_POINT('',(73.7204,-93.3880999999999,4.79999999999998));
#16971=CARTESIAN_POINT('',(74.5211999999999,-87.5878999999999,4.79999999999999));
#16972=CARTESIAN_POINT('',(73.7204,-87.5878999999999,4.79999999999999));
#16973=CARTESIAN_POINT('',(74.5211999999999,-84.4872999999999,4.79999999999999));
#16974=CARTESIAN_POINT('',(74.5211999999999,-87.5878999999999,4.79999999999999));
#16975=CARTESIAN_POINT('',(73.7204,-84.4872999999999,4.79999999999999));
#16976=CARTESIAN_POINT('',(74.5211999999999,-84.4872999999999,4.79999999999999));
#16977=CARTESIAN_POINT('',(73.7204,-84.4872999999999,4.79999999999999));
#16978=CARTESIAN_POINT('',(21.62103,-45.3883999999999,4.79999999999998));
#16979=CARTESIAN_POINT('',(35.6205,-45.3883999999999,4.79999999999998));
#16980=CARTESIAN_POINT('',(35.6205,-45.3883999999999,4.79999999999998));
#16981=CARTESIAN_POINT('',(21.62103,-46.3873999999999,4.79999999999998));
#16982=CARTESIAN_POINT('',(21.62103,-45.3883999999999,4.79999999999998));
#16983=CARTESIAN_POINT('',(20.82039,-46.3873999999999,4.79999999999998));
#16984=CARTESIAN_POINT('',(21.62103,-46.3873999999999,4.79999999999998));
#16985=CARTESIAN_POINT('',(20.82039,-49.4879999999999,4.79999999999998));
#16986=CARTESIAN_POINT('',(20.82039,-46.3873999999999,4.79999999999998));
#16987=CARTESIAN_POINT('',(21.62103,-49.4879999999999,4.79999999999998));
#16988=CARTESIAN_POINT('',(20.82039,-49.4879999999999,4.79999999999998));
#16989=CARTESIAN_POINT('',(21.62103,-55.2879999999999,4.79999999999998));
#16990=CARTESIAN_POINT('',(21.62103,-49.4879999999999,4.79999999999998));
#16991=CARTESIAN_POINT('',(20.82039,-55.2879999999999,4.79999999999998));
#16992=CARTESIAN_POINT('',(21.62103,-55.2879999999999,4.79999999999998));
#16993=CARTESIAN_POINT('',(20.82039,-58.3871999999999,4.79999999999998));
#16994=CARTESIAN_POINT('',(20.82039,-55.2879999999999,4.79999999999998));
#16995=CARTESIAN_POINT('',(21.62103,-58.3871999999999,4.79999999999998));
#16996=CARTESIAN_POINT('',(20.82039,-58.3871999999999,4.79999999999998));
#16997=CARTESIAN_POINT('',(21.62103,-59.3875999999999,4.79999999999998));
#16998=CARTESIAN_POINT('',(21.62103,-58.3871999999999,4.79999999999998));
#16999=CARTESIAN_POINT('',(35.6205,-59.3875999999999,4.79999999999998));
#17000=CARTESIAN_POINT('',(21.62103,-59.3875999999999,4.79999999999998));
#17001=CARTESIAN_POINT('',(35.6205,-58.3871999999999,4.79999999999998));
#17002=CARTESIAN_POINT('',(35.6205,-59.3875999999999,4.79999999999998));
#17003=CARTESIAN_POINT('',(36.4212,-58.3871999999999,4.79999999999998));
#17004=CARTESIAN_POINT('',(35.6205,-58.3871999999999,4.79999999999998));
#17005=CARTESIAN_POINT('',(36.4212,-55.2879999999999,4.79999999999998));
#17006=CARTESIAN_POINT('',(36.4212,-58.3871999999999,4.79999999999998));
#17007=CARTESIAN_POINT('',(35.6205,-55.2879999999999,4.79999999999998));
#17008=CARTESIAN_POINT('',(36.4212,-55.2879999999999,4.79999999999998));
#17009=CARTESIAN_POINT('',(35.6205,-49.4879999999999,4.79999999999998));
#17010=CARTESIAN_POINT('',(35.6205,-55.2879999999999,4.79999999999998));
#17011=CARTESIAN_POINT('',(36.4212,-49.4879999999999,4.79999999999998));
#17012=CARTESIAN_POINT('',(35.6205,-49.4879999999999,4.79999999999998));
#17013=CARTESIAN_POINT('',(36.4212,-46.3873999999999,4.79999999999998));
#17014=CARTESIAN_POINT('',(36.4212,-49.4879999999999,4.79999999999998));
#17015=CARTESIAN_POINT('',(35.6205,-46.3873999999999,4.79999999999998));
#17016=CARTESIAN_POINT('',(36.4212,-46.3873999999999,4.79999999999998));
#17017=CARTESIAN_POINT('',(35.6205,-46.3873999999999,4.79999999999998));
#17018=CARTESIAN_POINT('',(89.2194768051085,-123.082068130987,4.79999999999998));
#17019=CARTESIAN_POINT('Origin',(90.2816805940673,-123.082068130987,4.79999999999998));
#17020=CARTESIAN_POINT('Origin',(93.0005024572984,-37.5714345111995,4.79999999999998));
#17021=CARTESIAN_POINT('',(92.3240304070248,-37.8952949212508,4.79999999999998));
#17022=CARTESIAN_POINT('',(93.0005024572984,-38.3214345111995,4.79999999999998));
#17023=CARTESIAN_POINT('Origin',(90.2816805940673,-38.8730681309869,4.79999999999998));
#17024=CARTESIAN_POINT('',(88.2393307811098,-37.8952949212508,4.79999999999998));
#17025=CARTESIAN_POINT('Origin',(87.5628587308362,-37.5714345111995,4.79999999999998));
#17026=CARTESIAN_POINT('',(87.5628587308362,-38.3214345111995,4.79999999999998));
#17027=CARTESIAN_POINT('Origin',(88.6057945318008,-38.3214345111995,4.79999999999998));
#17028=CARTESIAN_POINT('',(86.9109841415713,-38.3214345111995,4.79999999999998));
#17029=CARTESIAN_POINT('Origin',(88.522559224579,-41.3208700861201,4.79999999999998));
#17030=CARTESIAN_POINT('',(88.9602474952197,-40.7118306967999,4.79999999999998));
#17031=CARTESIAN_POINT('',(87.8441601867956,-41.0010658561065,4.79999999999998));
#17032=CARTESIAN_POINT('Origin',(90.2816805940673,-38.8730681309869,4.79999999999998));
#17033=CARTESIAN_POINT('',(91.6007723340269,-40.7135110640157,4.79999999999998));
#17034=CARTESIAN_POINT('Origin',(92.0376850941075,-41.3231070286338,4.79999999999998));
#17035=CARTESIAN_POINT('',(92.717829172205,-41.0070310361432,4.79999999999998));
#17036=CARTESIAN_POINT('Origin',(95.5982131529267,-42.1417982473741,4.79999999999998));
#17037=CARTESIAN_POINT('',(94.8482131529267,-42.1417982473741,4.79999999999998));
#17038=CARTESIAN_POINT('',(95.5982131529267,-42.8917982473741,4.79999999999998));
#17039=CARTESIAN_POINT('Origin',(94.8482131529267,-42.8917982473737,4.79999999999998));
#17040=CARTESIAN_POINT('',(94.8482131529267,-39.5214345111995,4.79999999999998));
#17041=CARTESIAN_POINT('Origin',(92.079598647249,-42.1417982473741,4.79999999999998));
#17042=CARTESIAN_POINT('',(92.079598647249,-42.8917982473741,4.79999999999998));
#17043=CARTESIAN_POINT('',(92.829598647249,-42.1417982473741,4.79999999999998));
#17044=CARTESIAN_POINT('Origin',(92.829598647249,-42.8917982473741,4.79999999999998));
#17045=CARTESIAN_POINT('',(88.479598647249,-42.891798247374,4.79999999999998));
#17046=CARTESIAN_POINT('Origin',(88.479598647249,-42.1417982473741,4.79999999999998));
#17047=CARTESIAN_POINT('',(87.729598647249,-42.1417982473741,4.79999999999998));
#17048=CARTESIAN_POINT('Origin',(87.729598647249,-42.891798247374,4.79999999999998));
#17049=CARTESIAN_POINT('',(87.729598647249,-41.5127526241282,4.79999999999998));
#17050=CARTESIAN_POINT('Origin',(84.9609841415713,-42.141798247374,4.79999999999998));
#17051=CARTESIAN_POINT('',(84.9609841415713,-42.891798247374,4.79999999999998));
#17052=CARTESIAN_POINT('',(85.7109841415713,-42.141798247374,4.79999999999998));
#17053=CARTESIAN_POINT('Origin',(85.7109841415713,-42.891798247374,4.79999999999998));
#17054=CARTESIAN_POINT('Origin',(93.0005024572984,-124.383701750774,4.79999999999998));
#17055=CARTESIAN_POINT('',(93.0005024572984,-123.633701750774,4.79999999999998));
#17056=CARTESIAN_POINT('',(92.3240304070248,-124.059841340723,4.79999999999998));
#17057=CARTESIAN_POINT('Origin',(91.9575666563338,-123.633701750774,4.79999999999998));
#17058=CARTESIAN_POINT('',(93.6481967441457,-123.633701750774,4.79999999999998));
#17059=CARTESIAN_POINT('Origin',(92.0376057288607,-120.631972352217,4.79999999999998));
#17060=CARTESIAN_POINT('',(91.600712715705,-121.241582469469,4.79999999999998));
#17061=CARTESIAN_POINT('',(92.7177938041215,-120.947953652729,4.79999999999998));
#17062=CARTESIAN_POINT('Origin',(90.2816805940673,-123.082068130987,4.79999999999998));
#17063=CARTESIAN_POINT('',(88.9601881396124,-121.24334822274,4.79999999999998));
#17064=CARTESIAN_POINT('Origin',(88.5224802090637,-120.634322962562,4.79999999999998));
#17065=CARTESIAN_POINT('',(87.8441257410122,-120.954221721038,4.79999999999998));
#17066=CARTESIAN_POINT('Origin',(87.5628587308362,-124.383701750774,4.79999999999998));
#17067=CARTESIAN_POINT('',(88.2393307811098,-124.059841340723,4.79999999999998));
#17068=CARTESIAN_POINT('',(87.5628587308362,-123.633701750774,4.79999999999998));
#17069=CARTESIAN_POINT('Origin',(90.2816805940673,-123.082068130987,4.79999999999998));
#17070=CARTESIAN_POINT('Origin',(84.9609318950689,-119.812811717977,4.79999999999998));
#17071=CARTESIAN_POINT('',(85.7109318949987,-119.81280146256,4.79999999999998));
#17072=CARTESIAN_POINT('',(84.9609216396509,-119.062811718048,4.79999999999998));
#17073=CARTESIAN_POINT('Origin',(85.7109216395808,-119.06280146263,4.79999999999998));
#17074=CARTESIAN_POINT('',(85.7109677331269,-122.433718159443,4.79999999999998));
#17075=CARTESIAN_POINT('Origin',(95.5981609045755,-119.812666265672,4.79999999999998));
#17076=CARTESIAN_POINT('',(95.5981506491576,-119.062666265742,4.79999999999998));
#17077=CARTESIAN_POINT('',(94.8481609046456,-119.81267652109,4.79999999999998));
#17078=CARTESIAN_POINT('Origin',(94.8481506492277,-119.06267652116,4.79999999999998));
#17079=CARTESIAN_POINT('',(121.872,-119.062307,4.79999999999998));
#17080=CARTESIAN_POINT('Origin',(92.0794929148714,-119.812714379553,4.79999999999998));
#17081=CARTESIAN_POINT('',(92.8294929148714,-119.812714416676,4.79999999999998));
#17082=CARTESIAN_POINT('',(92.0794826594535,-119.062714379623,4.79999999999998));
#17083=CARTESIAN_POINT('Origin',(92.8294929519953,-119.062704124064,4.79999999999998));
#17084=CARTESIAN_POINT('',(92.8294928837041,-120.442383631308,4.79999999999998));
#17085=CARTESIAN_POINT('Origin',(88.4794929228014,-119.812763605559,4.79999999999998));
#17086=CARTESIAN_POINT('',(88.4794826673834,-119.062763605629,4.79999999999998));
#17087=CARTESIAN_POINT('',(87.7294929228014,-119.812763566361,4.79999999999998));
#17088=CARTESIAN_POINT('Origin',(87.7294929619993,-119.062773860906,4.79999999999998));
#17089=CARTESIAN_POINT('Origin',(42.260984141571,-119.813395592392,4.79999999999998));
#17090=CARTESIAN_POINT('',(43.010984141571,-119.813395592392,4.79999999999998));
#17091=CARTESIAN_POINT('',(42.260973886153,-119.063395592462,4.79999999999998));
#17092=CARTESIAN_POINT('Origin',(43.010984141571,-119.063385336904,4.79999999999998));
#17093=CARTESIAN_POINT('',(43.010984141571,-122.433701750774,4.79999999999998));
#17094=CARTESIAN_POINT('Origin',(45.779598647249,-119.813347479242,4.79999999999998));
#17095=CARTESIAN_POINT('',(45.779588391831,-119.063347479312,4.79999999999998));
#17096=CARTESIAN_POINT('',(45.029598647249,-119.813347479242,4.79999999999998));
#17097=CARTESIAN_POINT('Origin',(45.029598647249,-119.06335773459,4.79999999999998));
#17098=CARTESIAN_POINT('',(49.3795383704098,-119.06329825399,4.79999999999998));
#17099=CARTESIAN_POINT('Origin',(52.8981086730453,-119.813250141515,4.79999999999998));
#17100=CARTESIAN_POINT('',(52.8980984176273,-119.063250141585,4.79999999999998));
#17101=CARTESIAN_POINT('',(52.1481086733257,-119.813270652002,4.79999999999998));
#17102=CARTESIAN_POINT('Origin',(52.1480881625577,-119.063260397143,4.79999999999998));
#17103=CARTESIAN_POINT('Origin',(49.3795486258277,-119.81329825392,4.79999999999998));
#17104=CARTESIAN_POINT('',(50.1295486255473,-119.813277743482,4.79999999999998));
#17105=CARTESIAN_POINT('Origin',(50.1295281153896,-119.063287998712,4.79999999999998));
#17106=CARTESIAN_POINT('',(50.1295658289665,-120.442350821145,4.79999999999998));
#17107=CARTESIAN_POINT('Origin',(49.3376604755662,-120.6320115888,4.79999999999998));
#17108=CARTESIAN_POINT('',(48.9007538408428,-121.241611943569,4.79999999999998));
#17109=CARTESIAN_POINT('',(50.017818219151,-120.948058173723,4.79999999999998));
#17110=CARTESIAN_POINT('Origin',(47.581680594067,-123.082068130987,4.79999999999998));
#17111=CARTESIAN_POINT('',(46.26024749522,-121.243305565174,4.79999999999998));
#17112=CARTESIAN_POINT('Origin',(45.822559224579,-120.634266175854,4.79999999999998));
#17113=CARTESIAN_POINT('',(45.144160186796,-120.954070405867,4.79999999999998));
#17114=CARTESIAN_POINT('Origin',(44.862858730836,-124.383701750774,4.79999999999998));
#17115=CARTESIAN_POINT('',(45.53933078111,-124.059841340723,4.79999999999998));
#17116=CARTESIAN_POINT('',(44.862858730836,-123.633701750774,4.79999999999998));
#17117=CARTESIAN_POINT('Origin',(47.581680594067,-123.082068130987,4.79999999999998));
#17118=CARTESIAN_POINT('',(49.6240304070248,-124.059841340723,4.79999999999998));
#17119=CARTESIAN_POINT('Origin',(50.3005024572984,-124.383701750774,4.79999999999998));
#17120=CARTESIAN_POINT('',(50.3005024572984,-123.633701750774,4.79999999999998));
#17121=CARTESIAN_POINT('Origin',(49.2575666563338,-123.633701750774,4.79999999999998));
#17122=CARTESIAN_POINT('',(50.9481803346364,-123.633701750774,4.79999999999998));
#17123=CARTESIAN_POINT('Origin',(45.029598647249,-120.442383637846,4.79999999999998));
#17124=CARTESIAN_POINT('',(45.029598647249,-120.442383637846,4.79999999999998));
#17125=CARTESIAN_POINT('Origin',(46.229598647249,-120.442383637846,4.79999999999998));
#17126=CARTESIAN_POINT('Origin',(48.9295658294153,-120.442383637846,4.79999999999998));
#17127=CARTESIAN_POINT('Origin',(87.7294928898946,-120.442383644759,4.79999999999998));
#17128=CARTESIAN_POINT('',(87.7294928898946,-120.442383644759,4.79999999999998));
#17129=CARTESIAN_POINT('Origin',(88.9294928898946,-120.442383707476,4.79999999999998));
#17130=CARTESIAN_POINT('Origin',(91.6294928837041,-120.44238357191,4.79999999999998));
#17131=CARTESIAN_POINT('Origin',(90.2816805940673,-123.082068130987,4.79999999999998));
#17132=CARTESIAN_POINT('',(89.2194768051085,-123.082068130987,4.79999999999998));
#17133=CARTESIAN_POINT('Origin',(21.62103,-46.3873999999999,4.79999999999998));
#17134=CARTESIAN_POINT('',(21.62103,-45.3883999999999,4.79999999999998));
#17135=CARTESIAN_POINT('',(21.62103,-46.3873999999999,4.79999999999998));
#17136=CARTESIAN_POINT('Origin',(20.82039,-46.3873999999999,4.79999999999998));
#17137=CARTESIAN_POINT('',(20.82039,-46.3873999999999,4.79999999999998));
#17138=CARTESIAN_POINT('Origin',(20.82039,-49.4879999999999,4.79999999999998));
#17139=CARTESIAN_POINT('',(20.82039,-49.4879999999999,4.79999999999998));
#17140=CARTESIAN_POINT('Origin',(21.62103,-49.4879999999999,4.79999999999998));
#17141=CARTESIAN_POINT('',(21.62103,-49.4879999999999,4.79999999999998));
#17142=CARTESIAN_POINT('Origin',(21.62103,-55.2879999999999,4.79999999999998));
#17143=CARTESIAN_POINT('',(21.62103,-55.2879999999999,4.79999999999998));
#17144=CARTESIAN_POINT('Origin',(20.82039,-55.2879999999999,4.79999999999998));
#17145=CARTESIAN_POINT('',(20.82039,-55.2879999999999,4.79999999999998));
#17146=CARTESIAN_POINT('Origin',(20.82039,-58.3871999999999,4.79999999999998));
#17147=CARTESIAN_POINT('',(20.82039,-58.3871999999999,4.79999999999998));
#17148=CARTESIAN_POINT('Origin',(21.62103,-58.3871999999999,4.79999999999998));
#17149=CARTESIAN_POINT('',(21.62103,-58.3871999999999,4.79999999999998));
#17150=CARTESIAN_POINT('Origin',(21.62103,-59.3875999999999,4.79999999999998));
#17151=CARTESIAN_POINT('',(21.62103,-59.3875999999999,4.79999999999998));
#17152=CARTESIAN_POINT('Origin',(35.6205,-59.3875999999999,4.79999999999998));
#17153=CARTESIAN_POINT('',(35.6205,-59.3875999999999,4.79999999999998));
#17154=CARTESIAN_POINT('Origin',(35.6205,-58.3871999999999,4.79999999999998));
#17155=CARTESIAN_POINT('',(35.6205,-58.3871999999999,4.79999999999998));
#17156=CARTESIAN_POINT('Origin',(36.4212,-58.3871999999999,4.79999999999998));
#17157=CARTESIAN_POINT('',(36.4212,-58.3871999999999,4.79999999999998));
#17158=CARTESIAN_POINT('Origin',(36.4212,-55.2879999999999,4.79999999999998));
#17159=CARTESIAN_POINT('',(36.4212,-55.2879999999999,4.79999999999998));
#17160=CARTESIAN_POINT('Origin',(35.6205,-55.2879999999999,4.79999999999998));
#17161=CARTESIAN_POINT('',(35.6205,-55.2879999999999,4.79999999999998));
#17162=CARTESIAN_POINT('Origin',(35.6205,-49.4879999999999,4.79999999999998));
#17163=CARTESIAN_POINT('',(35.6205,-49.4879999999999,4.79999999999998));
#17164=CARTESIAN_POINT('Origin',(36.4212,-49.4879999999999,4.79999999999998));
#17165=CARTESIAN_POINT('',(36.4212,-49.4879999999999,4.79999999999998));
#17166=CARTESIAN_POINT('Origin',(36.4212,-46.3873999999999,4.79999999999998));
#17167=CARTESIAN_POINT('',(36.4212,-46.3873999999999,4.79999999999998));
#17168=CARTESIAN_POINT('Origin',(35.6205,-46.3873999999999,4.79999999999998));
#17169=CARTESIAN_POINT('',(35.6205,-46.3873999999999,4.79999999999998));
#17170=CARTESIAN_POINT('Origin',(35.6205,-45.3883999999999,4.79999999999998));
#17171=CARTESIAN_POINT('',(35.6205,-45.3883999999999,4.79999999999998));
#17172=CARTESIAN_POINT('Origin',(21.62103,-45.3883999999999,4.79999999999998));
#17173=CARTESIAN_POINT('Origin',(59.7211,-84.4872999999999,4.79999999999999));
#17174=CARTESIAN_POINT('',(59.7211,-83.4883999999999,4.79999999999999));
#17175=CARTESIAN_POINT('',(59.7211,-84.4872999999999,4.79999999999999));
#17176=CARTESIAN_POINT('Origin',(58.9203,-84.4872999999999,4.79999999999999));
#17177=CARTESIAN_POINT('',(58.9203,-84.4872999999999,4.79999999999999));
#17178=CARTESIAN_POINT('Origin',(58.9203,-87.5878999999999,4.79999999999999));
#17179=CARTESIAN_POINT('',(58.9203,-87.5878999999999,4.79999999999999));
#17180=CARTESIAN_POINT('Origin',(59.7211,-87.5878999999999,4.79999999999999));
#17181=CARTESIAN_POINT('',(59.7211,-87.5878999999999,4.79999999999999));
#17182=CARTESIAN_POINT('Origin',(59.7211,-93.3880999999999,4.79999999999998));
#17183=CARTESIAN_POINT('',(59.7211,-93.3880999999999,4.79999999999998));
#17184=CARTESIAN_POINT('Origin',(58.9203,-93.3880999999999,4.79999999999998));
#17185=CARTESIAN_POINT('',(58.9203,-93.3880999999999,4.79999999999998));
#17186=CARTESIAN_POINT('Origin',(58.9203,-96.4872999999999,4.79999999999998));
#17187=CARTESIAN_POINT('',(58.9203,-96.4872999999999,4.79999999999998));
#17188=CARTESIAN_POINT('Origin',(59.7211,-96.4872999999999,4.79999999999998));
#17189=CARTESIAN_POINT('',(59.7211,-96.4872999999999,4.79999999999998));
#17190=CARTESIAN_POINT('Origin',(59.7211,-97.4876999999999,4.79999999999998));
#17191=CARTESIAN_POINT('',(59.7211,-97.4876999999999,4.79999999999998));
#17192=CARTESIAN_POINT('Origin',(73.7204,-97.4876999999999,4.79999999999998));
#17193=CARTESIAN_POINT('',(73.7204,-97.4876999999999,4.79999999999998));
#17194=CARTESIAN_POINT('Origin',(73.7204,-96.4872999999999,4.79999999999998));
#17195=CARTESIAN_POINT('',(73.7204,-96.4872999999999,4.79999999999998));
#17196=CARTESIAN_POINT('Origin',(74.5211999999999,-96.4872999999999,4.79999999999998));
#17197=CARTESIAN_POINT('',(74.5211999999999,-96.4872999999999,4.79999999999998));
#17198=CARTESIAN_POINT('Origin',(74.5211999999999,-93.3880999999999,4.79999999999998));
#17199=CARTESIAN_POINT('',(74.5211999999999,-93.3880999999999,4.79999999999998));
#17200=CARTESIAN_POINT('Origin',(73.7204,-93.3880999999999,4.79999999999998));
#17201=CARTESIAN_POINT('',(73.7204,-93.3880999999999,4.79999999999998));
#17202=CARTESIAN_POINT('Origin',(73.7204,-87.5878999999999,4.79999999999999));
#17203=CARTESIAN_POINT('',(73.7204,-87.5878999999999,4.79999999999999));
#17204=CARTESIAN_POINT('Origin',(74.5211999999999,-87.5878999999999,4.79999999999999));
#17205=CARTESIAN_POINT('',(74.5211999999999,-87.5878999999999,4.79999999999999));
#17206=CARTESIAN_POINT('Origin',(74.5211999999999,-84.4872999999999,4.79999999999999));
#17207=CARTESIAN_POINT('',(74.5211999999999,-84.4872999999999,4.79999999999999));
#17208=CARTESIAN_POINT('Origin',(73.7204,-84.4872999999999,4.79999999999999));
#17209=CARTESIAN_POINT('',(73.7204,-84.4872999999999,4.79999999999999));
#17210=CARTESIAN_POINT('Origin',(73.7204,-83.4883999999999,4.79999999999999));
#17211=CARTESIAN_POINT('',(73.7204,-83.4883999999999,4.79999999999999));
#17212=CARTESIAN_POINT('Origin',(59.7211,-83.4883999999999,4.79999999999999));
#17213=CARTESIAN_POINT('Origin',(78.7710999999999,-84.4872999999999,4.79999999999999));
#17214=CARTESIAN_POINT('',(78.7710999999999,-83.4883999999999,4.79999999999999));
#17215=CARTESIAN_POINT('',(78.7710999999999,-84.4872999999999,4.79999999999999));
#17216=CARTESIAN_POINT('Origin',(77.9703,-84.4872999999999,4.79999999999999));
#17217=CARTESIAN_POINT('',(77.9703,-84.4872999999999,4.79999999999999));
#17218=CARTESIAN_POINT('Origin',(77.9703,-87.5878999999999,4.79999999999999));
#17219=CARTESIAN_POINT('',(77.9703,-87.5878999999999,4.79999999999999));
#17220=CARTESIAN_POINT('Origin',(78.7710999999999,-87.5878999999999,4.79999999999999));
#17221=CARTESIAN_POINT('',(78.7710999999999,-87.5878999999999,4.79999999999999));
#17222=CARTESIAN_POINT('Origin',(78.7710999999999,-93.3880999999999,4.79999999999998));
#17223=CARTESIAN_POINT('',(78.7710999999999,-93.3880999999999,4.79999999999998));
#17224=CARTESIAN_POINT('Origin',(77.9703,-93.3880999999999,4.79999999999998));
#17225=CARTESIAN_POINT('',(77.9703,-93.3880999999999,4.79999999999998));
#17226=CARTESIAN_POINT('Origin',(77.9703,-96.4872999999999,4.79999999999998));
#17227=CARTESIAN_POINT('',(77.9703,-96.4872999999999,4.79999999999998));
#17228=CARTESIAN_POINT('Origin',(78.7710999999999,-96.4872999999999,4.79999999999998));
#17229=CARTESIAN_POINT('',(78.7710999999999,-96.4872999999999,4.79999999999998));
#17230=CARTESIAN_POINT('Origin',(78.7710999999999,-97.4876999999999,4.79999999999998));
#17231=CARTESIAN_POINT('',(78.7710999999999,-97.4876999999999,4.79999999999998));
#17232=CARTESIAN_POINT('Origin',(92.7703999999999,-97.4876999999999,4.79999999999998));
#17233=CARTESIAN_POINT('',(92.7703999999999,-97.4876999999999,4.79999999999998));
#17234=CARTESIAN_POINT('Origin',(92.7703999999999,-96.4872999999999,4.79999999999998));
#17235=CARTESIAN_POINT('',(92.7703999999999,-96.4872999999999,4.79999999999998));
#17236=CARTESIAN_POINT('Origin',(93.5712,-96.4872999999999,4.79999999999998));
#17237=CARTESIAN_POINT('',(93.5712,-96.4872999999999,4.79999999999998));
#17238=CARTESIAN_POINT('Origin',(93.5712,-93.3880999999999,4.79999999999998));
#17239=CARTESIAN_POINT('',(93.5712,-93.3880999999999,4.79999999999998));
#17240=CARTESIAN_POINT('Origin',(92.7703999999999,-93.3880999999999,4.79999999999998));
#17241=CARTESIAN_POINT('',(92.7703999999999,-93.3880999999999,4.79999999999998));
#17242=CARTESIAN_POINT('Origin',(92.7703999999999,-87.5878999999999,4.79999999999999));
#17243=CARTESIAN_POINT('',(92.7703999999999,-87.5878999999999,4.79999999999999));
#17244=CARTESIAN_POINT('Origin',(93.5712,-87.5878999999999,4.79999999999999));
#17245=CARTESIAN_POINT('',(93.5712,-87.5878999999999,4.79999999999999));
#17246=CARTESIAN_POINT('Origin',(93.5712,-84.4872999999999,4.79999999999999));
#17247=CARTESIAN_POINT('',(93.5712,-84.4872999999999,4.79999999999999));
#17248=CARTESIAN_POINT('Origin',(92.7703999999999,-84.4872999999999,4.79999999999999));
#17249=CARTESIAN_POINT('',(92.7703999999999,-84.4872999999999,4.79999999999999));
#17250=CARTESIAN_POINT('Origin',(92.7703999999999,-83.4883999999999,4.79999999999999));
#17251=CARTESIAN_POINT('',(92.7703999999999,-83.4883999999999,4.79999999999999));
#17252=CARTESIAN_POINT('Origin',(78.7710999999999,-83.4883999999999,4.79999999999999));
#17253=CARTESIAN_POINT('Origin',(40.671,-46.3873999999999,4.79999999999998));
#17254=CARTESIAN_POINT('',(40.671,-45.3883999999999,4.79999999999998));
#17255=CARTESIAN_POINT('',(40.671,-46.3873999999999,4.79999999999998));
#17256=CARTESIAN_POINT('Origin',(39.8704,-46.3873999999999,4.79999999999998));
#17257=CARTESIAN_POINT('',(39.8704,-46.3873999999999,4.79999999999998));
#17258=CARTESIAN_POINT('Origin',(39.8704,-49.4879999999999,4.79999999999998));
#17259=CARTESIAN_POINT('',(39.8704,-49.4879999999999,4.79999999999998));
#17260=CARTESIAN_POINT('Origin',(40.671,-49.4879999999999,4.79999999999998));
#17261=CARTESIAN_POINT('',(40.671,-49.4879999999999,4.79999999999998));
#17262=CARTESIAN_POINT('Origin',(40.671,-55.2879999999999,4.79999999999998));
#17263=CARTESIAN_POINT('',(40.671,-55.2879999999999,4.79999999999998));
#17264=CARTESIAN_POINT('Origin',(39.8704,-55.2879999999999,4.79999999999998));
#17265=CARTESIAN_POINT('',(39.8704,-55.2879999999999,4.79999999999998));
#17266=CARTESIAN_POINT('Origin',(39.8704,-58.3871999999999,4.79999999999998));
#17267=CARTESIAN_POINT('',(39.8704,-58.3871999999999,4.79999999999998));
#17268=CARTESIAN_POINT('Origin',(40.671,-58.3871999999999,4.79999999999998));
#17269=CARTESIAN_POINT('',(40.671,-58.3871999999999,4.79999999999998));
#17270=CARTESIAN_POINT('Origin',(40.671,-59.3875999999999,4.79999999999998));
#17271=CARTESIAN_POINT('',(40.671,-59.3875999999999,4.79999999999998));
#17272=CARTESIAN_POINT('Origin',(54.6704,-59.3875999999999,4.79999999999998));
#17273=CARTESIAN_POINT('',(54.6704,-59.3875999999999,4.79999999999998));
#17274=CARTESIAN_POINT('Origin',(54.6704,-58.3871999999999,4.79999999999998));
#17275=CARTESIAN_POINT('',(54.6704,-58.3871999999999,4.79999999999998));
#17276=CARTESIAN_POINT('Origin',(55.4712,-58.3871999999999,4.79999999999998));
#17277=CARTESIAN_POINT('',(55.4712,-58.3871999999999,4.79999999999998));
#17278=CARTESIAN_POINT('Origin',(55.4712,-55.2879999999999,4.79999999999998));
#17279=CARTESIAN_POINT('',(55.4712,-55.2879999999999,4.79999999999998));
#17280=CARTESIAN_POINT('Origin',(54.6704,-55.2879999999999,4.79999999999998));
#17281=CARTESIAN_POINT('',(54.6704,-55.2879999999999,4.79999999999998));
#17282=CARTESIAN_POINT('Origin',(54.6704,-49.4879999999999,4.79999999999998));
#17283=CARTESIAN_POINT('',(54.6704,-49.4879999999999,4.79999999999998));
#17284=CARTESIAN_POINT('Origin',(55.4712,-49.4879999999999,4.79999999999998));
#17285=CARTESIAN_POINT('',(55.4712,-49.4879999999999,4.79999999999998));
#17286=CARTESIAN_POINT('Origin',(55.4712,-46.3873999999999,4.79999999999998));
#17287=CARTESIAN_POINT('',(55.4712,-46.3873999999999,4.79999999999998));
#17288=CARTESIAN_POINT('Origin',(54.6704,-46.3873999999999,4.79999999999998));
#17289=CARTESIAN_POINT('',(54.6704,-46.3873999999999,4.79999999999998));
#17290=CARTESIAN_POINT('Origin',(54.6704,-45.3883999999999,4.79999999999998));
#17291=CARTESIAN_POINT('',(54.6704,-45.3883999999999,4.79999999999998));
#17292=CARTESIAN_POINT('Origin',(40.671,-45.3883999999999,4.79999999999998));
#17293=CARTESIAN_POINT('Origin',(91.629598647249,-41.5127526241282,4.79999999999998));
#17294=CARTESIAN_POINT('',(92.829598647249,-41.5127526241282,4.79999999999998));
#17295=CARTESIAN_POINT('Origin',(88.929598647249,-41.5127526241282,4.79999999999998));
#17296=CARTESIAN_POINT('Origin',(92.829598647249,-41.5127526241282,4.79999999999998));
#17297=CARTESIAN_POINT('Origin',(47.581680594067,-38.8730681309869,4.79999999999998));
#17298=CARTESIAN_POINT('',(46.5194768051082,-38.8730681309869,4.79999999999998));
#17299=CARTESIAN_POINT('Origin',(21.62103,-65.4373999999999,4.79999999999998));
#17300=CARTESIAN_POINT('',(21.62103,-64.4383999999999,4.79999999999998));
#17301=CARTESIAN_POINT('',(21.62103,-65.4373999999999,4.79999999999998));
#17302=CARTESIAN_POINT('Origin',(20.82039,-65.4373999999999,4.79999999999998));
#17303=CARTESIAN_POINT('',(20.82039,-65.4373999999999,4.79999999999998));
#17304=CARTESIAN_POINT('Origin',(20.82039,-68.5379999999999,4.79999999999999));
#17305=CARTESIAN_POINT('',(20.82039,-68.5379999999999,4.79999999999999));
#17306=CARTESIAN_POINT('Origin',(21.62103,-68.5379999999999,4.79999999999999));
#17307=CARTESIAN_POINT('',(21.62103,-68.5379999999999,4.79999999999999));
#17308=CARTESIAN_POINT('Origin',(21.62103,-74.3379999999999,4.79999999999999));
#17309=CARTESIAN_POINT('',(21.62103,-74.3379999999999,4.79999999999999));
#17310=CARTESIAN_POINT('Origin',(20.82039,-74.3379999999999,4.79999999999999));
#17311=CARTESIAN_POINT('',(20.82039,-74.3379999999999,4.79999999999999));
#17312=CARTESIAN_POINT('Origin',(20.82039,-77.4371999999999,4.79999999999999));
#17313=CARTESIAN_POINT('',(20.82039,-77.4371999999999,4.79999999999999));
#17314=CARTESIAN_POINT('Origin',(21.62103,-77.4371999999999,4.79999999999999));
#17315=CARTESIAN_POINT('',(21.62103,-77.4371999999999,4.79999999999999));
#17316=CARTESIAN_POINT('Origin',(21.62103,-78.4375999999999,4.79999999999999));
#17317=CARTESIAN_POINT('',(21.62103,-78.4375999999999,4.79999999999999));
#17318=CARTESIAN_POINT('Origin',(35.6205,-78.4375999999999,4.79999999999999));
#17319=CARTESIAN_POINT('',(35.6205,-78.4375999999999,4.79999999999999));
#17320=CARTESIAN_POINT('Origin',(35.6205,-77.4371999999999,4.79999999999999));
#17321=CARTESIAN_POINT('',(35.6205,-77.4371999999999,4.79999999999999));
#17322=CARTESIAN_POINT('Origin',(36.4212,-77.4371999999999,4.79999999999999));
#17323=CARTESIAN_POINT('',(36.4212,-77.4371999999999,4.79999999999999));
#17324=CARTESIAN_POINT('Origin',(36.4212,-74.3379999999999,4.79999999999999));
#17325=CARTESIAN_POINT('',(36.4212,-74.3379999999999,4.79999999999999));
#17326=CARTESIAN_POINT('Origin',(35.6205,-74.3379999999999,4.79999999999999));
#17327=CARTESIAN_POINT('',(35.6205,-74.3379999999999,4.79999999999999));
#17328=CARTESIAN_POINT('Origin',(35.6205,-68.5379999999999,4.79999999999999));
#17329=CARTESIAN_POINT('',(35.6205,-68.5379999999999,4.79999999999999));
#17330=CARTESIAN_POINT('Origin',(36.4212,-68.5379999999999,4.79999999999999));
#17331=CARTESIAN_POINT('',(36.4212,-68.5379999999999,4.79999999999999));
#17332=CARTESIAN_POINT('Origin',(36.4212,-65.4373999999999,4.79999999999998));
#17333=CARTESIAN_POINT('',(36.4212,-65.4373999999999,4.79999999999998));
#17334=CARTESIAN_POINT('Origin',(35.6205,-65.4373999999999,4.79999999999998));
#17335=CARTESIAN_POINT('',(35.6205,-65.4373999999999,4.79999999999998));
#17336=CARTESIAN_POINT('Origin',(35.6205,-64.4383999999999,4.79999999999998));
#17337=CARTESIAN_POINT('',(35.6205,-64.4383999999999,4.79999999999998));
#17338=CARTESIAN_POINT('Origin',(21.62103,-64.4383999999999,4.79999999999998));
#17339=CARTESIAN_POINT('Origin',(50.129598647249,-41.5127526241282,4.79999999999998));
#17340=CARTESIAN_POINT('',(50.129598647249,-41.5127526241282,4.79999999999998));
#17341=CARTESIAN_POINT('Origin',(48.929598647249,-41.5127526241282,4.79999999999998));
#17342=CARTESIAN_POINT('Origin',(46.229598647249,-41.5127526241282,4.79999999999998));
#17343=CARTESIAN_POINT('Origin',(40.671,-65.4373999999999,4.79999999999998));
#17344=CARTESIAN_POINT('',(40.671,-64.4383999999999,4.79999999999998));
#17345=CARTESIAN_POINT('',(40.671,-65.4373999999999,4.79999999999998));
#17346=CARTESIAN_POINT('Origin',(39.8704,-65.4373999999999,4.79999999999998));
#17347=CARTESIAN_POINT('',(39.8704,-65.4373999999999,4.79999999999998));
#17348=CARTESIAN_POINT('Origin',(39.8704,-68.5379999999999,4.79999999999999));
#17349=CARTESIAN_POINT('',(39.8704,-68.5379999999999,4.79999999999999));
#17350=CARTESIAN_POINT('Origin',(40.671,-68.5379999999999,4.79999999999999));
#17351=CARTESIAN_POINT('',(40.671,-68.5379999999999,4.79999999999999));
#17352=CARTESIAN_POINT('Origin',(40.671,-74.3379999999999,4.79999999999999));
#17353=CARTESIAN_POINT('',(40.671,-74.3379999999999,4.79999999999999));
#17354=CARTESIAN_POINT('Origin',(39.8704,-74.3379999999999,4.79999999999999));
#17355=CARTESIAN_POINT('',(39.8704,-74.3379999999999,4.79999999999999));
#17356=CARTESIAN_POINT('Origin',(39.8704,-77.4371999999999,4.79999999999999));
#17357=CARTESIAN_POINT('',(39.8704,-77.4371999999999,4.79999999999999));
#17358=CARTESIAN_POINT('Origin',(40.671,-77.4371999999999,4.79999999999999));
#17359=CARTESIAN_POINT('',(40.671,-77.4371999999999,4.79999999999999));
#17360=CARTESIAN_POINT('Origin',(40.671,-78.4375999999999,4.79999999999999));
#17361=CARTESIAN_POINT('',(40.671,-78.4375999999999,4.79999999999999));
#17362=CARTESIAN_POINT('Origin',(54.6704,-78.4375999999999,4.79999999999999));
#17363=CARTESIAN_POINT('',(54.6704,-78.4375999999999,4.79999999999999));
#17364=CARTESIAN_POINT('Origin',(54.6704,-77.4371999999999,4.79999999999999));
#17365=CARTESIAN_POINT('',(54.6704,-77.4371999999999,4.79999999999999));
#17366=CARTESIAN_POINT('Origin',(55.4712,-77.4371999999999,4.79999999999999));
#17367=CARTESIAN_POINT('',(55.4712,-77.4371999999999,4.79999999999999));
#17368=CARTESIAN_POINT('Origin',(55.4712,-74.3379999999999,4.79999999999999));
#17369=CARTESIAN_POINT('',(55.4712,-74.3379999999999,4.79999999999999));
#17370=CARTESIAN_POINT('Origin',(54.6704,-74.3379999999999,4.79999999999999));
#17371=CARTESIAN_POINT('',(54.6704,-74.3379999999999,4.79999999999999));
#17372=CARTESIAN_POINT('Origin',(54.6704,-68.5379999999999,4.79999999999999));
#17373=CARTESIAN_POINT('',(54.6704,-68.5379999999999,4.79999999999999));
#17374=CARTESIAN_POINT('Origin',(55.4712,-68.5379999999999,4.79999999999999));
#17375=CARTESIAN_POINT('',(55.4712,-68.5379999999999,4.79999999999999));
#17376=CARTESIAN_POINT('Origin',(55.4712,-65.4373999999999,4.79999999999998));
#17377=CARTESIAN_POINT('',(55.4712,-65.4373999999999,4.79999999999998));
#17378=CARTESIAN_POINT('Origin',(54.6704,-65.4373999999999,4.79999999999998));
#17379=CARTESIAN_POINT('',(54.6704,-65.4373999999999,4.79999999999998));
#17380=CARTESIAN_POINT('Origin',(54.6704,-64.4383999999999,4.79999999999998));
#17381=CARTESIAN_POINT('',(54.6704,-64.4383999999999,4.79999999999998));
#17382=CARTESIAN_POINT('Origin',(40.671,-64.4383999999999,4.79999999999998));
#17383=CARTESIAN_POINT('Origin',(102.5822,-103.5373,4.79999999999998));
#17384=CARTESIAN_POINT('',(102.5822,-102.5383,4.79999999999998));
#17385=CARTESIAN_POINT('',(102.5822,-103.5373,4.79999999999998));
#17386=CARTESIAN_POINT('Origin',(101.7828,-103.5373,4.79999999999998));
#17387=CARTESIAN_POINT('',(101.7828,-103.5373,4.79999999999998));
#17388=CARTESIAN_POINT('Origin',(101.7828,-106.6365,4.79999999999998));
#17389=CARTESIAN_POINT('',(101.7828,-106.6365,4.79999999999998));
#17390=CARTESIAN_POINT('Origin',(102.5822,-106.6365,4.79999999999998));
#17391=CARTESIAN_POINT('',(102.5822,-106.6365,4.79999999999998));
#17392=CARTESIAN_POINT('Origin',(102.5822,-112.43808,4.79999999999998));
#17393=CARTESIAN_POINT('',(102.5822,-112.43808,4.79999999999998));
#17394=CARTESIAN_POINT('Origin',(101.7828,-112.43808,4.79999999999998));
#17395=CARTESIAN_POINT('',(101.7828,-112.43808,4.79999999999998));
#17396=CARTESIAN_POINT('Origin',(101.7828,-115.53727,4.79999999999998));
#17397=CARTESIAN_POINT('',(101.7828,-115.53727,4.79999999999998));
#17398=CARTESIAN_POINT('Origin',(102.5822,-115.53727,4.79999999999998));
#17399=CARTESIAN_POINT('',(102.5822,-115.53727,4.79999999999998));
#17400=CARTESIAN_POINT('Origin',(102.5822,-116.53774,4.79999999999998));
#17401=CARTESIAN_POINT('',(102.5822,-116.53774,4.79999999999998));
#17402=CARTESIAN_POINT('Origin',(116.5829,-116.53774,4.79999999999998));
#17403=CARTESIAN_POINT('',(116.5829,-116.53774,4.79999999999998));
#17404=CARTESIAN_POINT('Origin',(116.5829,-115.53727,4.79999999999998));
#17405=CARTESIAN_POINT('',(116.5829,-115.53727,4.79999999999998));
#17406=CARTESIAN_POINT('Origin',(117.3823,-115.53727,4.79999999999998));
#17407=CARTESIAN_POINT('',(117.3823,-115.53727,4.79999999999998));
#17408=CARTESIAN_POINT('Origin',(117.3823,-112.43808,4.79999999999998));
#17409=CARTESIAN_POINT('',(117.3823,-112.43808,4.79999999999998));
#17410=CARTESIAN_POINT('Origin',(116.5829,-112.43808,4.79999999999998));
#17411=CARTESIAN_POINT('',(116.5829,-112.43808,4.79999999999998));
#17412=CARTESIAN_POINT('Origin',(116.5829,-106.6365,4.79999999999998));
#17413=CARTESIAN_POINT('',(116.5829,-106.6365,4.79999999999998));
#17414=CARTESIAN_POINT('Origin',(117.3823,-106.6365,4.79999999999998));
#17415=CARTESIAN_POINT('',(117.3823,-106.6365,4.79999999999998));
#17416=CARTESIAN_POINT('Origin',(117.3823,-103.5373,4.79999999999998));
#17417=CARTESIAN_POINT('',(117.3823,-103.5373,4.79999999999998));
#17418=CARTESIAN_POINT('Origin',(116.5829,-103.5373,4.79999999999998));
#17419=CARTESIAN_POINT('',(116.5829,-103.5373,4.79999999999998));
#17420=CARTESIAN_POINT('Origin',(116.5829,-102.5383,4.79999999999998));
#17421=CARTESIAN_POINT('',(116.5829,-102.5383,4.79999999999998));
#17422=CARTESIAN_POINT('Origin',(102.5822,-102.5383,4.79999999999998));
#17423=CARTESIAN_POINT('Origin',(97.8211,-46.3873999999999,4.79999999999998));
#17424=CARTESIAN_POINT('',(97.8211,-45.3883999999999,4.79999999999998));
#17425=CARTESIAN_POINT('',(97.8211,-46.3873999999999,4.79999999999998));
#17426=CARTESIAN_POINT('Origin',(97.0203,-46.3873999999999,4.79999999999998));
#17427=CARTESIAN_POINT('',(97.0203,-46.3873999999999,4.79999999999998));
#17428=CARTESIAN_POINT('Origin',(97.0203,-49.4879999999999,4.79999999999998));
#17429=CARTESIAN_POINT('',(97.0203,-49.4879999999999,4.79999999999998));
#17430=CARTESIAN_POINT('Origin',(97.8211,-49.4879999999999,4.79999999999998));
#17431=CARTESIAN_POINT('',(97.8211,-49.4879999999999,4.79999999999998));
#17432=CARTESIAN_POINT('Origin',(97.8211,-55.2879999999999,4.79999999999998));
#17433=CARTESIAN_POINT('',(97.8211,-55.2879999999999,4.79999999999998));
#17434=CARTESIAN_POINT('Origin',(97.0203,-55.2879999999999,4.79999999999998));
#17435=CARTESIAN_POINT('',(97.0203,-55.2879999999999,4.79999999999998));
#17436=CARTESIAN_POINT('Origin',(97.0203,-58.3871999999999,4.79999999999998));
#17437=CARTESIAN_POINT('',(97.0203,-58.3871999999999,4.79999999999998));
#17438=CARTESIAN_POINT('Origin',(97.8211,-58.3871999999999,4.79999999999998));
#17439=CARTESIAN_POINT('',(97.8211,-58.3871999999999,4.79999999999998));
#17440=CARTESIAN_POINT('Origin',(97.8211,-59.3875999999999,4.79999999999998));
#17441=CARTESIAN_POINT('',(97.8211,-59.3875999999999,4.79999999999998));
#17442=CARTESIAN_POINT('Origin',(111.8204,-59.3875999999999,4.79999999999998));
#17443=CARTESIAN_POINT('',(111.8204,-59.3875999999999,4.79999999999998));
#17444=CARTESIAN_POINT('Origin',(111.8204,-58.3871999999999,4.79999999999998));
#17445=CARTESIAN_POINT('',(111.8204,-58.3871999999999,4.79999999999998));
#17446=CARTESIAN_POINT('Origin',(112.6198,-58.3871999999999,4.79999999999998));
#17447=CARTESIAN_POINT('',(112.6198,-58.3871999999999,4.79999999999998));
#17448=CARTESIAN_POINT('Origin',(112.6198,-55.2879999999999,4.79999999999998));
#17449=CARTESIAN_POINT('',(112.6198,-55.2879999999999,4.79999999999998));
#17450=CARTESIAN_POINT('Origin',(111.8204,-55.2879999999999,4.79999999999998));
#17451=CARTESIAN_POINT('',(111.8204,-55.2879999999999,4.79999999999998));
#17452=CARTESIAN_POINT('Origin',(111.8204,-49.4879999999999,4.79999999999998));
#17453=CARTESIAN_POINT('',(111.8204,-49.4879999999999,4.79999999999998));
#17454=CARTESIAN_POINT('Origin',(112.6198,-49.4879999999999,4.79999999999998));
#17455=CARTESIAN_POINT('',(112.6198,-49.4879999999999,4.79999999999998));
#17456=CARTESIAN_POINT('Origin',(112.6198,-46.3873999999999,4.79999999999998));
#17457=CARTESIAN_POINT('',(112.6198,-46.3873999999999,4.79999999999998));
#17458=CARTESIAN_POINT('Origin',(111.8204,-46.3873999999999,4.79999999999998));
#17459=CARTESIAN_POINT('',(111.8204,-46.3873999999999,4.79999999999998));
#17460=CARTESIAN_POINT('Origin',(111.8204,-45.3883999999999,4.79999999999998));
#17461=CARTESIAN_POINT('',(111.8204,-45.3883999999999,4.79999999999998));
#17462=CARTESIAN_POINT('Origin',(97.8211,-45.3883999999999,4.79999999999998));
#17463=CARTESIAN_POINT('Origin',(59.7211,-65.4373999999999,4.79999999999998));
#17464=CARTESIAN_POINT('',(59.7211,-64.4383999999999,4.79999999999998));
#17465=CARTESIAN_POINT('',(59.7211,-65.4373999999999,4.79999999999998));
#17466=CARTESIAN_POINT('Origin',(58.9203,-65.4373999999999,4.79999999999998));
#17467=CARTESIAN_POINT('',(58.9203,-65.4373999999999,4.79999999999998));
#17468=CARTESIAN_POINT('Origin',(58.9203,-68.5379999999999,4.79999999999999));
#17469=CARTESIAN_POINT('',(58.9203,-68.5379999999999,4.79999999999999));
#17470=CARTESIAN_POINT('Origin',(59.7211,-68.5379999999999,4.79999999999999));
#17471=CARTESIAN_POINT('',(59.7211,-68.5379999999999,4.79999999999999));
#17472=CARTESIAN_POINT('Origin',(59.7211,-74.3379999999999,4.79999999999999));
#17473=CARTESIAN_POINT('',(59.7211,-74.3379999999999,4.79999999999999));
#17474=CARTESIAN_POINT('Origin',(58.9203,-74.3379999999999,4.79999999999999));
#17475=CARTESIAN_POINT('',(58.9203,-74.3379999999999,4.79999999999999));
#17476=CARTESIAN_POINT('Origin',(58.9203,-77.4371999999999,4.79999999999999));
#17477=CARTESIAN_POINT('',(58.9203,-77.4371999999999,4.79999999999999));
#17478=CARTESIAN_POINT('Origin',(59.7211,-77.4371999999999,4.79999999999999));
#17479=CARTESIAN_POINT('',(59.7211,-77.4371999999999,4.79999999999999));
#17480=CARTESIAN_POINT('Origin',(59.7211,-78.4375999999999,4.79999999999999));
#17481=CARTESIAN_POINT('',(59.7211,-78.4375999999999,4.79999999999999));
#17482=CARTESIAN_POINT('Origin',(73.7204,-78.4375999999999,4.79999999999999));
#17483=CARTESIAN_POINT('',(73.7204,-78.4375999999999,4.79999999999999));
#17484=CARTESIAN_POINT('Origin',(73.7204,-77.4371999999999,4.79999999999999));
#17485=CARTESIAN_POINT('',(73.7204,-77.4371999999999,4.79999999999999));
#17486=CARTESIAN_POINT('Origin',(74.5211999999999,-77.4371999999999,4.79999999999999));
#17487=CARTESIAN_POINT('',(74.5211999999999,-77.4371999999999,4.79999999999999));
#17488=CARTESIAN_POINT('Origin',(74.5211999999999,-74.3379999999999,4.79999999999999));
#17489=CARTESIAN_POINT('',(74.5212,-74.3379999999999,4.79999999999999));
#17490=CARTESIAN_POINT('Origin',(73.7204,-74.3379999999999,4.79999999999999));
#17491=CARTESIAN_POINT('',(73.7204,-74.3379999999999,4.79999999999999));
#17492=CARTESIAN_POINT('Origin',(73.7204,-68.5379999999999,4.79999999999999));
#17493=CARTESIAN_POINT('',(73.7204,-68.5379999999999,4.79999999999999));
#17494=CARTESIAN_POINT('Origin',(74.5212,-68.5379999999999,4.79999999999999));
#17495=CARTESIAN_POINT('',(74.5212,-68.5379999999999,4.79999999999999));
#17496=CARTESIAN_POINT('Origin',(74.5212,-65.4373999999999,4.79999999999998));
#17497=CARTESIAN_POINT('',(74.5212,-65.4373999999999,4.79999999999998));
#17498=CARTESIAN_POINT('Origin',(73.7204,-65.4373999999999,4.79999999999998));
#17499=CARTESIAN_POINT('',(73.7204,-65.4373999999999,4.79999999999998));
#17500=CARTESIAN_POINT('Origin',(73.7204,-64.4383999999999,4.79999999999998));
#17501=CARTESIAN_POINT('',(73.7204,-64.4383999999999,4.79999999999998));
#17502=CARTESIAN_POINT('Origin',(59.7211,-64.4383999999999,4.79999999999998));
#17503=CARTESIAN_POINT('Origin',(97.8211,-84.4872999999999,4.79999999999999));
#17504=CARTESIAN_POINT('',(97.8211,-83.4883999999999,4.79999999999999));
#17505=CARTESIAN_POINT('',(97.8211,-84.4872999999999,4.79999999999999));
#17506=CARTESIAN_POINT('Origin',(97.0203,-84.4872999999999,4.79999999999999));
#17507=CARTESIAN_POINT('',(97.0203,-84.4872999999999,4.79999999999999));
#17508=CARTESIAN_POINT('Origin',(97.0203,-87.5878999999999,4.79999999999999));
#17509=CARTESIAN_POINT('',(97.0203,-87.5878999999999,4.79999999999999));
#17510=CARTESIAN_POINT('Origin',(97.8211,-87.5878999999999,4.79999999999999));
#17511=CARTESIAN_POINT('',(97.8211,-87.5878999999999,4.79999999999999));
#17512=CARTESIAN_POINT('Origin',(97.8211,-93.3880999999999,4.79999999999998));
#17513=CARTESIAN_POINT('',(97.8211,-93.3880999999999,4.79999999999998));
#17514=CARTESIAN_POINT('Origin',(97.0203,-93.3880999999999,4.79999999999998));
#17515=CARTESIAN_POINT('',(97.0203,-93.3880999999999,4.79999999999998));
#17516=CARTESIAN_POINT('Origin',(97.0203,-96.4872999999999,4.79999999999998));
#17517=CARTESIAN_POINT('',(97.0203,-96.4872999999999,4.79999999999998));
#17518=CARTESIAN_POINT('Origin',(97.8211,-96.4872999999999,4.79999999999998));
#17519=CARTESIAN_POINT('',(97.8211,-96.4872999999999,4.79999999999998));
#17520=CARTESIAN_POINT('Origin',(97.8211,-97.4876999999999,4.79999999999998));
#17521=CARTESIAN_POINT('',(97.8211,-97.4876999999999,4.79999999999998));
#17522=CARTESIAN_POINT('Origin',(111.8204,-97.4876999999999,4.79999999999998));
#17523=CARTESIAN_POINT('',(111.8204,-97.4876999999999,4.79999999999998));
#17524=CARTESIAN_POINT('Origin',(111.8204,-96.4872999999999,4.79999999999998));
#17525=CARTESIAN_POINT('',(111.8204,-96.4872999999999,4.79999999999998));
#17526=CARTESIAN_POINT('Origin',(112.6198,-96.4872999999999,4.79999999999998));
#17527=CARTESIAN_POINT('',(112.6198,-96.4872999999999,4.79999999999998));
#17528=CARTESIAN_POINT('Origin',(112.6198,-93.3880999999999,4.79999999999998));
#17529=CARTESIAN_POINT('',(112.6198,-93.3880999999999,4.79999999999998));
#17530=CARTESIAN_POINT('Origin',(111.8204,-93.3880999999999,4.79999999999998));
#17531=CARTESIAN_POINT('',(111.8204,-93.3880999999999,4.79999999999998));
#17532=CARTESIAN_POINT('Origin',(111.8204,-87.5878999999999,4.79999999999999));
#17533=CARTESIAN_POINT('',(111.8204,-87.5878999999999,4.79999999999999));
#17534=CARTESIAN_POINT('Origin',(112.6198,-87.5878999999999,4.79999999999999));
#17535=CARTESIAN_POINT('',(112.6198,-87.5878999999999,4.79999999999999));
#17536=CARTESIAN_POINT('Origin',(112.6198,-84.4872999999999,4.79999999999999));
#17537=CARTESIAN_POINT('',(112.6198,-84.4872999999999,4.79999999999999));
#17538=CARTESIAN_POINT('Origin',(111.8204,-84.4872999999999,4.79999999999999));
#17539=CARTESIAN_POINT('',(111.8204,-84.4872999999999,4.79999999999999));
#17540=CARTESIAN_POINT('Origin',(111.8204,-83.4883999999999,4.79999999999999));
#17541=CARTESIAN_POINT('',(111.8204,-83.4883999999999,4.79999999999999));
#17542=CARTESIAN_POINT('Origin',(97.8211,-83.4883999999999,4.79999999999999));
#17543=CARTESIAN_POINT('Origin',(78.7710999999999,-103.5373,4.79999999999998));
#17544=CARTESIAN_POINT('',(78.7710999999999,-102.5383,4.79999999999998));
#17545=CARTESIAN_POINT('',(78.7710999999999,-103.5373,4.79999999999998));
#17546=CARTESIAN_POINT('Origin',(77.9703,-103.5373,4.79999999999998));
#17547=CARTESIAN_POINT('',(77.9703,-103.5373,4.79999999999998));
#17548=CARTESIAN_POINT('Origin',(77.9703,-106.6365,4.79999999999998));
#17549=CARTESIAN_POINT('',(77.9703,-106.6365,4.79999999999998));
#17550=CARTESIAN_POINT('Origin',(78.7710999999999,-106.6365,4.79999999999998));
#17551=CARTESIAN_POINT('',(78.7710999999999,-106.6365,4.79999999999998));
#17552=CARTESIAN_POINT('Origin',(78.7710999999999,-112.43808,4.79999999999998));
#17553=CARTESIAN_POINT('',(78.7710999999999,-112.43808,4.79999999999998));
#17554=CARTESIAN_POINT('Origin',(77.9703,-112.43808,4.79999999999998));
#17555=CARTESIAN_POINT('',(77.9703,-112.43808,4.79999999999998));
#17556=CARTESIAN_POINT('Origin',(77.9703,-115.53727,4.79999999999998));
#17557=CARTESIAN_POINT('',(77.9703,-115.53727,4.79999999999998));
#17558=CARTESIAN_POINT('Origin',(78.7710999999999,-115.53727,4.79999999999998));
#17559=CARTESIAN_POINT('',(78.7710999999999,-115.53727,4.79999999999998));
#17560=CARTESIAN_POINT('Origin',(78.7710999999999,-116.53774,4.79999999999998));
#17561=CARTESIAN_POINT('',(78.7710999999999,-116.53774,4.79999999999998));
#17562=CARTESIAN_POINT('Origin',(92.7703999999999,-116.53774,4.79999999999998));
#17563=CARTESIAN_POINT('',(92.7703999999999,-116.53774,4.79999999999998));
#17564=CARTESIAN_POINT('Origin',(92.7703999999999,-115.53727,4.79999999999998));
#17565=CARTESIAN_POINT('',(92.7703999999999,-115.53727,4.79999999999998));
#17566=CARTESIAN_POINT('Origin',(93.5712,-115.53727,4.79999999999998));
#17567=CARTESIAN_POINT('',(93.5712,-115.53727,4.79999999999998));
#17568=CARTESIAN_POINT('Origin',(93.5712,-112.43808,4.79999999999998));
#17569=CARTESIAN_POINT('',(93.5712,-112.43808,4.79999999999998));
#17570=CARTESIAN_POINT('Origin',(92.7703999999999,-112.43808,4.79999999999998));
#17571=CARTESIAN_POINT('',(92.7703999999999,-112.43808,4.79999999999998));
#17572=CARTESIAN_POINT('Origin',(92.7703999999999,-106.6365,4.79999999999998));
#17573=CARTESIAN_POINT('',(92.7703999999999,-106.6365,4.79999999999998));
#17574=CARTESIAN_POINT('Origin',(93.5712,-106.6365,4.79999999999998));
#17575=CARTESIAN_POINT('',(93.5712,-106.6365,4.79999999999998));
#17576=CARTESIAN_POINT('Origin',(93.5712,-103.5373,4.79999999999998));
#17577=CARTESIAN_POINT('',(93.5712,-103.5373,4.79999999999998));
#17578=CARTESIAN_POINT('Origin',(92.7703999999999,-103.5373,4.79999999999998));
#17579=CARTESIAN_POINT('',(92.7703999999999,-103.5373,4.79999999999998));
#17580=CARTESIAN_POINT('Origin',(92.7703999999999,-102.5383,4.79999999999998));
#17581=CARTESIAN_POINT('',(92.7703999999999,-102.5383,4.79999999999998));
#17582=CARTESIAN_POINT('Origin',(78.7710999999999,-102.5383,4.79999999999998));
#17583=CARTESIAN_POINT('Origin',(78.7711,-65.4373999999999,4.79999999999998));
#17584=CARTESIAN_POINT('',(78.7711,-64.4383999999999,4.79999999999998));
#17585=CARTESIAN_POINT('',(78.7711,-65.4373999999999,4.79999999999998));
#17586=CARTESIAN_POINT('Origin',(77.9703,-65.4373999999999,4.79999999999998));
#17587=CARTESIAN_POINT('',(77.9703,-65.4373999999999,4.79999999999998));
#17588=CARTESIAN_POINT('Origin',(77.9703,-68.5379999999999,4.79999999999999));
#17589=CARTESIAN_POINT('',(77.9703,-68.5379999999999,4.79999999999999));
#17590=CARTESIAN_POINT('Origin',(78.7711,-68.5379999999999,4.79999999999999));
#17591=CARTESIAN_POINT('',(78.7711,-68.5379999999999,4.79999999999999));
#17592=CARTESIAN_POINT('Origin',(78.7711,-74.3379999999999,4.79999999999999));
#17593=CARTESIAN_POINT('',(78.7711,-74.3379999999999,4.79999999999999));
#17594=CARTESIAN_POINT('Origin',(77.9703,-74.3379999999999,4.79999999999999));
#17595=CARTESIAN_POINT('',(77.9703,-74.3379999999999,4.79999999999999));
#17596=CARTESIAN_POINT('Origin',(77.9703,-77.4371999999999,4.79999999999999));
#17597=CARTESIAN_POINT('',(77.9703,-77.4371999999999,4.79999999999999));
#17598=CARTESIAN_POINT('Origin',(78.7710999999999,-77.4371999999999,4.79999999999999));
#17599=CARTESIAN_POINT('',(78.7710999999999,-77.4371999999999,4.79999999999999));
#17600=CARTESIAN_POINT('Origin',(78.7710999999999,-78.4375999999999,4.79999999999999));
#17601=CARTESIAN_POINT('',(78.7710999999999,-78.4375999999999,4.79999999999999));
#17602=CARTESIAN_POINT('Origin',(92.7703999999999,-78.4375999999999,4.79999999999999));
#17603=CARTESIAN_POINT('',(92.7703999999999,-78.4375999999999,4.79999999999999));
#17604=CARTESIAN_POINT('Origin',(92.7703999999999,-77.4371999999999,4.79999999999999));
#17605=CARTESIAN_POINT('',(92.7703999999999,-77.4371999999999,4.79999999999999));
#17606=CARTESIAN_POINT('Origin',(93.5712,-77.4371999999999,4.79999999999999));
#17607=CARTESIAN_POINT('',(93.5712,-77.4371999999999,4.79999999999999));
#17608=CARTESIAN_POINT('Origin',(93.5712,-74.3379999999999,4.79999999999999));
#17609=CARTESIAN_POINT('',(93.5712,-74.3379999999999,4.79999999999999));
#17610=CARTESIAN_POINT('Origin',(92.7704,-74.3379999999999,4.79999999999999));
#17611=CARTESIAN_POINT('',(92.7704,-74.3379999999999,4.79999999999999));
#17612=CARTESIAN_POINT('Origin',(92.7704,-68.5379999999999,4.79999999999999));
#17613=CARTESIAN_POINT('',(92.7704,-68.5379999999999,4.79999999999999));
#17614=CARTESIAN_POINT('Origin',(93.5712,-68.5379999999999,4.79999999999999));
#17615=CARTESIAN_POINT('',(93.5712,-68.5379999999999,4.79999999999999));
#17616=CARTESIAN_POINT('Origin',(93.5712,-65.4373999999999,4.79999999999998));
#17617=CARTESIAN_POINT('',(93.5712,-65.4373999999999,4.79999999999998));
#17618=CARTESIAN_POINT('Origin',(92.7704,-65.4373999999999,4.79999999999998));
#17619=CARTESIAN_POINT('',(92.7704,-65.4373999999999,4.79999999999998));
#17620=CARTESIAN_POINT('Origin',(92.7704,-64.4383999999999,4.79999999999998));
#17621=CARTESIAN_POINT('',(92.7704,-64.4383999999999,4.79999999999998));
#17622=CARTESIAN_POINT('Origin',(78.7711,-64.4383999999999,4.79999999999998));
#17623=CARTESIAN_POINT('Origin',(47.581680594067,-123.082068130987,4.79999999999998));
#17624=CARTESIAN_POINT('',(46.5194768051082,-123.082068130987,4.79999999999998));
#17625=CARTESIAN_POINT('Origin',(40.671,-84.4872999999999,4.79999999999999));
#17626=CARTESIAN_POINT('',(40.671,-83.4883999999999,4.79999999999999));
#17627=CARTESIAN_POINT('',(40.671,-84.4872999999999,4.79999999999999));
#17628=CARTESIAN_POINT('Origin',(39.8704,-84.4872999999999,4.79999999999999));
#17629=CARTESIAN_POINT('',(39.8704,-84.4872999999999,4.79999999999999));
#17630=CARTESIAN_POINT('Origin',(39.8704,-87.5878999999999,4.79999999999999));
#17631=CARTESIAN_POINT('',(39.8704,-87.5878999999999,4.79999999999999));
#17632=CARTESIAN_POINT('Origin',(40.671,-87.5878999999999,4.79999999999999));
#17633=CARTESIAN_POINT('',(40.671,-87.5878999999999,4.79999999999999));
#17634=CARTESIAN_POINT('Origin',(40.671,-93.3880999999999,4.79999999999998));
#17635=CARTESIAN_POINT('',(40.671,-93.3880999999999,4.79999999999998));
#17636=CARTESIAN_POINT('Origin',(39.8704,-93.3880999999999,4.79999999999998));
#17637=CARTESIAN_POINT('',(39.8704,-93.3880999999999,4.79999999999998));
#17638=CARTESIAN_POINT('Origin',(39.8704,-96.4872999999999,4.79999999999998));
#17639=CARTESIAN_POINT('',(39.8704,-96.4872999999999,4.79999999999998));
#17640=CARTESIAN_POINT('Origin',(40.671,-96.4872999999999,4.79999999999998));
#17641=CARTESIAN_POINT('',(40.671,-96.4872999999999,4.79999999999998));
#17642=CARTESIAN_POINT('Origin',(40.671,-97.4876999999999,4.79999999999998));
#17643=CARTESIAN_POINT('',(40.671,-97.4876999999999,4.79999999999998));
#17644=CARTESIAN_POINT('Origin',(54.6704,-97.4876999999999,4.79999999999998));
#17645=CARTESIAN_POINT('',(54.6704,-97.4876999999999,4.79999999999998));
#17646=CARTESIAN_POINT('Origin',(54.6704,-96.4872999999999,4.79999999999998));
#17647=CARTESIAN_POINT('',(54.6704,-96.4872999999999,4.79999999999998));
#17648=CARTESIAN_POINT('Origin',(55.4712,-96.4872999999999,4.79999999999998));
#17649=CARTESIAN_POINT('',(55.4712,-96.4872999999999,4.79999999999998));
#17650=CARTESIAN_POINT('Origin',(55.4712,-93.3880999999999,4.79999999999998));
#17651=CARTESIAN_POINT('',(55.4712,-93.3880999999999,4.79999999999998));
#17652=CARTESIAN_POINT('Origin',(54.6704,-93.3880999999999,4.79999999999998));
#17653=CARTESIAN_POINT('',(54.6704,-93.3880999999999,4.79999999999998));
#17654=CARTESIAN_POINT('Origin',(54.6704,-87.5878999999999,4.79999999999999));
#17655=CARTESIAN_POINT('',(54.6704,-87.5878999999999,4.79999999999999));
#17656=CARTESIAN_POINT('Origin',(55.4712,-87.5878999999999,4.79999999999999));
#17657=CARTESIAN_POINT('',(55.4712,-87.5878999999999,4.79999999999999));
#17658=CARTESIAN_POINT('Origin',(55.4712,-84.4872999999999,4.79999999999999));
#17659=CARTESIAN_POINT('',(55.4712,-84.4872999999999,4.79999999999999));
#17660=CARTESIAN_POINT('Origin',(54.6704,-84.4872999999999,4.79999999999999));
#17661=CARTESIAN_POINT('',(54.6704,-84.4872999999999,4.79999999999999));
#17662=CARTESIAN_POINT('Origin',(54.6704,-83.4883999999999,4.79999999999999));
#17663=CARTESIAN_POINT('',(54.6704,-83.4883999999999,4.79999999999999));
#17664=CARTESIAN_POINT('Origin',(40.671,-83.4883999999999,4.79999999999999));
#17665=CARTESIAN_POINT('Origin',(90.2816805940673,-38.8730681309869,4.79999999999998));
#17666=CARTESIAN_POINT('',(89.2194768051085,-38.8730681309869,4.79999999999998));
#17667=CARTESIAN_POINT('Origin',(21.62103,-84.4872999999999,4.79999999999999));
#17668=CARTESIAN_POINT('',(21.62103,-83.4883999999999,4.79999999999999));
#17669=CARTESIAN_POINT('',(21.62103,-84.4872999999999,4.79999999999999));
#17670=CARTESIAN_POINT('Origin',(20.82039,-84.4872999999999,4.79999999999999));
#17671=CARTESIAN_POINT('',(20.82039,-84.4872999999999,4.79999999999999));
#17672=CARTESIAN_POINT('Origin',(20.82039,-87.5878999999999,4.79999999999999));
#17673=CARTESIAN_POINT('',(20.82039,-87.5878999999999,4.79999999999999));
#17674=CARTESIAN_POINT('Origin',(21.62103,-87.5878999999999,4.79999999999999));
#17675=CARTESIAN_POINT('',(21.62103,-87.5878999999999,4.79999999999999));
#17676=CARTESIAN_POINT('Origin',(21.62103,-93.3880999999999,4.79999999999998));
#17677=CARTESIAN_POINT('',(21.62103,-93.3880999999999,4.79999999999998));
#17678=CARTESIAN_POINT('Origin',(20.82039,-93.3880999999999,4.79999999999998));
#17679=CARTESIAN_POINT('',(20.82039,-93.3880999999999,4.79999999999998));
#17680=CARTESIAN_POINT('Origin',(20.82039,-96.4872999999999,4.79999999999998));
#17681=CARTESIAN_POINT('',(20.82039,-96.4872999999999,4.79999999999998));
#17682=CARTESIAN_POINT('Origin',(21.62103,-96.4872999999999,4.79999999999998));
#17683=CARTESIAN_POINT('',(21.62103,-96.4872999999999,4.79999999999998));
#17684=CARTESIAN_POINT('Origin',(21.62103,-97.4876999999999,4.79999999999998));
#17685=CARTESIAN_POINT('',(21.62103,-97.4876999999999,4.79999999999998));
#17686=CARTESIAN_POINT('Origin',(35.6205,-97.4876999999999,4.79999999999998));
#17687=CARTESIAN_POINT('',(35.6205,-97.4876999999999,4.79999999999998));
#17688=CARTESIAN_POINT('Origin',(35.6205,-96.4872999999999,4.79999999999998));
#17689=CARTESIAN_POINT('',(35.6205,-96.4872999999999,4.79999999999998));
#17690=CARTESIAN_POINT('Origin',(36.4212,-96.4872999999999,4.79999999999998));
#17691=CARTESIAN_POINT('',(36.4212,-96.4872999999999,4.79999999999998));
#17692=CARTESIAN_POINT('Origin',(36.4212,-93.3880999999999,4.79999999999998));
#17693=CARTESIAN_POINT('',(36.4212,-93.3880999999999,4.79999999999998));
#17694=CARTESIAN_POINT('Origin',(35.6205,-93.3880999999999,4.79999999999998));
#17695=CARTESIAN_POINT('',(35.6205,-93.3880999999999,4.79999999999998));
#17696=CARTESIAN_POINT('Origin',(35.6205,-87.5878999999999,4.79999999999999));
#17697=CARTESIAN_POINT('',(35.6205,-87.5878999999999,4.79999999999999));
#17698=CARTESIAN_POINT('Origin',(36.4212,-87.5878999999999,4.79999999999999));
#17699=CARTESIAN_POINT('',(36.4212,-87.5878999999999,4.79999999999999));
#17700=CARTESIAN_POINT('Origin',(36.4212,-84.4872999999999,4.79999999999999));
#17701=CARTESIAN_POINT('',(36.4212,-84.4872999999999,4.79999999999999));
#17702=CARTESIAN_POINT('Origin',(35.6205,-84.4872999999999,4.79999999999999));
#17703=CARTESIAN_POINT('',(35.6205,-84.4872999999999,4.79999999999999));
#17704=CARTESIAN_POINT('Origin',(35.6205,-83.4883999999999,4.79999999999999));
#17705=CARTESIAN_POINT('',(35.6205,-83.4883999999999,4.79999999999999));
#17706=CARTESIAN_POINT('Origin',(21.62103,-83.4883999999999,4.79999999999999));
#17707=CARTESIAN_POINT('Origin',(97.8211,-65.4373999999999,4.79999999999998));
#17708=CARTESIAN_POINT('',(97.8211,-64.4383999999999,4.79999999999998));
#17709=CARTESIAN_POINT('',(97.8211,-65.4373999999999,4.79999999999998));
#17710=CARTESIAN_POINT('Origin',(97.0203,-65.4373999999999,4.79999999999998));
#17711=CARTESIAN_POINT('',(97.0203,-65.4373999999999,4.79999999999998));
#17712=CARTESIAN_POINT('Origin',(97.0203,-68.5379999999999,4.79999999999999));
#17713=CARTESIAN_POINT('',(97.0203,-68.5379999999999,4.79999999999999));
#17714=CARTESIAN_POINT('Origin',(97.8211,-68.5379999999999,4.79999999999999));
#17715=CARTESIAN_POINT('',(97.8211,-68.5379999999999,4.79999999999999));
#17716=CARTESIAN_POINT('Origin',(97.8211,-74.3379999999999,4.79999999999999));
#17717=CARTESIAN_POINT('',(97.8211,-74.3379999999999,4.79999999999999));
#17718=CARTESIAN_POINT('Origin',(97.0203,-74.3379999999999,4.79999999999999));
#17719=CARTESIAN_POINT('',(97.0203,-74.3379999999999,4.79999999999999));
#17720=CARTESIAN_POINT('Origin',(97.0203,-77.4371999999999,4.79999999999999));
#17721=CARTESIAN_POINT('',(97.0203,-77.4371999999999,4.79999999999999));
#17722=CARTESIAN_POINT('Origin',(97.8211,-77.4371999999999,4.79999999999999));
#17723=CARTESIAN_POINT('',(97.8211,-77.4371999999999,4.79999999999999));
#17724=CARTESIAN_POINT('Origin',(97.8211,-78.4375999999999,4.79999999999999));
#17725=CARTESIAN_POINT('',(97.8211,-78.4375999999999,4.79999999999999));
#17726=CARTESIAN_POINT('Origin',(111.8204,-78.4375999999999,4.79999999999999));
#17727=CARTESIAN_POINT('',(111.8204,-78.4375999999999,4.79999999999999));
#17728=CARTESIAN_POINT('Origin',(111.8204,-77.4371999999999,4.79999999999999));
#17729=CARTESIAN_POINT('',(111.8204,-77.4371999999999,4.79999999999999));
#17730=CARTESIAN_POINT('Origin',(112.6198,-77.4371999999999,4.79999999999999));
#17731=CARTESIAN_POINT('',(112.6198,-77.4371999999999,4.79999999999999));
#17732=CARTESIAN_POINT('Origin',(112.6198,-74.3379999999999,4.79999999999999));
#17733=CARTESIAN_POINT('',(112.6198,-74.3379999999999,4.79999999999999));
#17734=CARTESIAN_POINT('Origin',(111.8204,-74.3379999999999,4.79999999999999));
#17735=CARTESIAN_POINT('',(111.8204,-74.3379999999999,4.79999999999999));
#17736=CARTESIAN_POINT('Origin',(111.8204,-68.5379999999999,4.79999999999999));
#17737=CARTESIAN_POINT('',(111.8204,-68.5379999999999,4.79999999999999));
#17738=CARTESIAN_POINT('Origin',(112.6198,-68.5379999999999,4.79999999999999));
#17739=CARTESIAN_POINT('',(112.6198,-68.5379999999999,4.79999999999999));
#17740=CARTESIAN_POINT('Origin',(112.6198,-65.4373999999999,4.79999999999998));
#17741=CARTESIAN_POINT('',(112.6198,-65.4373999999999,4.79999999999998));
#17742=CARTESIAN_POINT('Origin',(111.8204,-65.4373999999999,4.79999999999998));
#17743=CARTESIAN_POINT('',(111.8204,-65.4373999999999,4.79999999999998));
#17744=CARTESIAN_POINT('Origin',(111.8204,-64.4383999999999,4.79999999999998));
#17745=CARTESIAN_POINT('',(111.8204,-64.4383999999999,4.79999999999998));
#17746=CARTESIAN_POINT('Origin',(97.8211,-64.4383999999999,4.79999999999998));
#17747=CARTESIAN_POINT('Origin',(78.7711,-46.3873999999999,4.79999999999998));
#17748=CARTESIAN_POINT('',(78.7711,-45.3883999999999,4.79999999999998));
#17749=CARTESIAN_POINT('',(78.7711,-46.3873999999999,4.79999999999998));
#17750=CARTESIAN_POINT('Origin',(77.9703,-46.3873999999999,4.79999999999998));
#17751=CARTESIAN_POINT('',(77.9703,-46.3873999999999,4.79999999999998));
#17752=CARTESIAN_POINT('Origin',(77.9703,-49.4879999999999,4.79999999999998));
#17753=CARTESIAN_POINT('',(77.9703,-49.4879999999999,4.79999999999998));
#17754=CARTESIAN_POINT('Origin',(78.7711,-49.4879999999999,4.79999999999998));
#17755=CARTESIAN_POINT('',(78.7711,-49.4879999999999,4.79999999999998));
#17756=CARTESIAN_POINT('Origin',(78.7711,-55.2879999999999,4.79999999999998));
#17757=CARTESIAN_POINT('',(78.7711,-55.2879999999999,4.79999999999998));
#17758=CARTESIAN_POINT('Origin',(77.9703,-55.2879999999999,4.79999999999998));
#17759=CARTESIAN_POINT('',(77.9703,-55.2879999999999,4.79999999999998));
#17760=CARTESIAN_POINT('Origin',(77.9703,-58.3871999999999,4.79999999999998));
#17761=CARTESIAN_POINT('',(77.9703,-58.3871999999999,4.79999999999998));
#17762=CARTESIAN_POINT('Origin',(78.7711,-58.3871999999999,4.79999999999998));
#17763=CARTESIAN_POINT('',(78.7711,-58.3871999999999,4.79999999999998));
#17764=CARTESIAN_POINT('Origin',(78.7711,-59.3875999999999,4.79999999999998));
#17765=CARTESIAN_POINT('',(78.7711,-59.3875999999999,4.79999999999998));
#17766=CARTESIAN_POINT('Origin',(92.7704,-59.3875999999999,4.79999999999998));
#17767=CARTESIAN_POINT('',(92.7704,-59.3875999999999,4.79999999999998));
#17768=CARTESIAN_POINT('Origin',(92.7704,-58.3871999999999,4.79999999999998));
#17769=CARTESIAN_POINT('',(92.7704,-58.3871999999999,4.79999999999998));
#17770=CARTESIAN_POINT('Origin',(93.5712,-58.3871999999999,4.79999999999998));
#17771=CARTESIAN_POINT('',(93.5712,-58.3871999999999,4.79999999999998));
#17772=CARTESIAN_POINT('Origin',(93.5712,-55.2879999999999,4.79999999999998));
#17773=CARTESIAN_POINT('',(93.5712,-55.2879999999999,4.79999999999998));
#17774=CARTESIAN_POINT('Origin',(92.7704,-55.2879999999999,4.79999999999998));
#17775=CARTESIAN_POINT('',(92.7704,-55.2879999999999,4.79999999999998));
#17776=CARTESIAN_POINT('Origin',(92.7704,-49.4879999999999,4.79999999999998));
#17777=CARTESIAN_POINT('',(92.7704,-49.4879999999999,4.79999999999998));
#17778=CARTESIAN_POINT('Origin',(93.5712,-49.4879999999999,4.79999999999998));
#17779=CARTESIAN_POINT('',(93.5712,-49.4879999999999,4.79999999999998));
#17780=CARTESIAN_POINT('Origin',(93.5712,-46.3873999999999,4.79999999999998));
#17781=CARTESIAN_POINT('',(93.5712,-46.3873999999999,4.79999999999998));
#17782=CARTESIAN_POINT('Origin',(92.7704,-46.3873999999999,4.79999999999998));
#17783=CARTESIAN_POINT('',(92.7704,-46.3873999999999,4.79999999999998));
#17784=CARTESIAN_POINT('Origin',(92.7704,-45.3883999999999,4.79999999999998));
#17785=CARTESIAN_POINT('',(92.7704,-45.3883999999999,4.79999999999998));
#17786=CARTESIAN_POINT('Origin',(78.7711,-45.3883999999999,4.79999999999998));
#17787=CARTESIAN_POINT('Origin',(59.7211,-46.3873999999999,4.79999999999998));
#17788=CARTESIAN_POINT('',(59.7211,-45.3883999999999,4.79999999999998));
#17789=CARTESIAN_POINT('',(59.7211,-46.3873999999999,4.79999999999998));
#17790=CARTESIAN_POINT('Origin',(58.9203,-46.3873999999999,4.79999999999998));
#17791=CARTESIAN_POINT('',(58.9203,-46.3873999999999,4.79999999999998));
#17792=CARTESIAN_POINT('Origin',(58.9203,-49.4879999999999,4.79999999999998));
#17793=CARTESIAN_POINT('',(58.9203,-49.4879999999999,4.79999999999998));
#17794=CARTESIAN_POINT('Origin',(59.7211,-49.4879999999999,4.79999999999998));
#17795=CARTESIAN_POINT('',(59.7211,-49.4879999999999,4.79999999999998));
#17796=CARTESIAN_POINT('Origin',(59.7211,-55.2879999999999,4.79999999999998));
#17797=CARTESIAN_POINT('',(59.7211,-55.2879999999999,4.79999999999998));
#17798=CARTESIAN_POINT('Origin',(58.9203,-55.2879999999999,4.79999999999998));
#17799=CARTESIAN_POINT('',(58.9203,-55.2879999999999,4.79999999999998));
#17800=CARTESIAN_POINT('Origin',(58.9203,-58.3871999999999,4.79999999999998));
#17801=CARTESIAN_POINT('',(58.9203,-58.3871999999999,4.79999999999998));
#17802=CARTESIAN_POINT('Origin',(59.7211,-58.3871999999999,4.79999999999998));
#17803=CARTESIAN_POINT('',(59.7211,-58.3871999999999,4.79999999999998));
#17804=CARTESIAN_POINT('Origin',(59.7211,-59.3875999999999,4.79999999999998));
#17805=CARTESIAN_POINT('',(59.7211,-59.3875999999999,4.79999999999998));
#17806=CARTESIAN_POINT('Origin',(73.7204,-59.3875999999999,4.79999999999998));
#17807=CARTESIAN_POINT('',(73.7204,-59.3875999999999,4.79999999999998));
#17808=CARTESIAN_POINT('Origin',(73.7204,-58.3871999999999,4.79999999999998));
#17809=CARTESIAN_POINT('',(73.7204,-58.3871999999999,4.79999999999998));
#17810=CARTESIAN_POINT('Origin',(74.5212,-58.3871999999999,4.79999999999998));
#17811=CARTESIAN_POINT('',(74.5212,-58.3871999999999,4.79999999999998));
#17812=CARTESIAN_POINT('Origin',(74.5212,-55.2879999999999,4.79999999999998));
#17813=CARTESIAN_POINT('',(74.5212,-55.2879999999999,4.79999999999998));
#17814=CARTESIAN_POINT('Origin',(73.7204,-55.2879999999999,4.79999999999998));
#17815=CARTESIAN_POINT('',(73.7204,-55.2879999999999,4.79999999999998));
#17816=CARTESIAN_POINT('Origin',(73.7204,-49.4879999999999,4.79999999999998));
#17817=CARTESIAN_POINT('',(73.7204,-49.4879999999999,4.79999999999998));
#17818=CARTESIAN_POINT('Origin',(74.5212,-49.4879999999999,4.79999999999998));
#17819=CARTESIAN_POINT('',(74.5212,-49.4879999999999,4.79999999999998));
#17820=CARTESIAN_POINT('Origin',(74.5212,-46.3873999999999,4.79999999999998));
#17821=CARTESIAN_POINT('',(74.5212,-46.3873999999999,4.79999999999998));
#17822=CARTESIAN_POINT('Origin',(73.7204,-46.3873999999999,4.79999999999998));
#17823=CARTESIAN_POINT('',(73.7204,-46.3873999999999,4.79999999999998));
#17824=CARTESIAN_POINT('Origin',(73.7204,-45.3883999999999,4.79999999999998));
#17825=CARTESIAN_POINT('',(73.7204,-45.3883999999999,4.79999999999998));
#17826=CARTESIAN_POINT('Origin',(59.7211,-45.3883999999999,4.79999999999998));
#17827=CARTESIAN_POINT('Origin',(59.7211,-103.5373,4.79999999999998));
#17828=CARTESIAN_POINT('',(59.7211,-102.5383,4.79999999999998));
#17829=CARTESIAN_POINT('',(59.7211,-103.5373,4.79999999999998));
#17830=CARTESIAN_POINT('Origin',(58.9203,-103.5373,4.79999999999998));
#17831=CARTESIAN_POINT('',(58.9203,-103.5373,4.79999999999998));
#17832=CARTESIAN_POINT('Origin',(58.9203,-106.6365,4.79999999999998));
#17833=CARTESIAN_POINT('',(58.9203,-106.6365,4.79999999999998));
#17834=CARTESIAN_POINT('Origin',(59.7211,-106.6365,4.79999999999998));
#17835=CARTESIAN_POINT('',(59.7211,-106.6365,4.79999999999998));
#17836=CARTESIAN_POINT('Origin',(59.7211,-112.43808,4.79999999999998));
#17837=CARTESIAN_POINT('',(59.7211,-112.43808,4.79999999999998));
#17838=CARTESIAN_POINT('Origin',(58.9203,-112.43808,4.79999999999998));
#17839=CARTESIAN_POINT('',(58.9203,-112.43808,4.79999999999998));
#17840=CARTESIAN_POINT('Origin',(58.9203,-115.53727,4.79999999999998));
#17841=CARTESIAN_POINT('',(58.9203,-115.53727,4.79999999999998));
#17842=CARTESIAN_POINT('Origin',(59.7211,-115.53727,4.79999999999998));
#17843=CARTESIAN_POINT('',(59.7211,-115.53727,4.79999999999998));
#17844=CARTESIAN_POINT('Origin',(59.7211,-116.53774,4.79999999999998));
#17845=CARTESIAN_POINT('',(59.7211,-116.53774,4.79999999999998));
#17846=CARTESIAN_POINT('Origin',(73.7204,-116.53774,4.79999999999998));
#17847=CARTESIAN_POINT('',(73.7204,-116.53774,4.79999999999998));
#17848=CARTESIAN_POINT('Origin',(73.7204,-115.53727,4.79999999999998));
#17849=CARTESIAN_POINT('',(73.7204,-115.53727,4.79999999999998));
#17850=CARTESIAN_POINT('Origin',(74.5211999999999,-115.53727,4.79999999999998));
#17851=CARTESIAN_POINT('',(74.5211999999999,-115.53727,4.79999999999998));
#17852=CARTESIAN_POINT('Origin',(74.5211999999999,-112.43808,4.79999999999998));
#17853=CARTESIAN_POINT('',(74.5211999999999,-112.43808,4.79999999999998));
#17854=CARTESIAN_POINT('Origin',(73.7204,-112.43808,4.79999999999998));
#17855=CARTESIAN_POINT('',(73.7204,-112.43808,4.79999999999998));
#17856=CARTESIAN_POINT('Origin',(73.7204,-106.6365,4.79999999999998));
#17857=CARTESIAN_POINT('',(73.7204,-106.6365,4.79999999999998));
#17858=CARTESIAN_POINT('Origin',(74.5211999999999,-106.6365,4.79999999999998));
#17859=CARTESIAN_POINT('',(74.5211999999999,-106.6365,4.79999999999998));
#17860=CARTESIAN_POINT('Origin',(74.5211999999999,-103.5373,4.79999999999998));
#17861=CARTESIAN_POINT('',(74.5211999999999,-103.5373,4.79999999999998));
#17862=CARTESIAN_POINT('Origin',(73.7204,-103.5373,4.79999999999998));
#17863=CARTESIAN_POINT('',(73.7204,-103.5373,4.79999999999998));
#17864=CARTESIAN_POINT('Origin',(73.7204,-102.5383,4.79999999999998));
#17865=CARTESIAN_POINT('',(73.7204,-102.5383,4.79999999999998));
#17866=CARTESIAN_POINT('Origin',(59.7211,-102.5383,4.79999999999998));
#17867=CARTESIAN_POINT('Origin',(116.3454,-98.0042999999999,4.79999999999998));
#17868=CARTESIAN_POINT('',(114.3454,-98.0042999999998,4.79999999999998));
#17869=CARTESIAN_POINT('',(116.3454,-100.0043,4.79999999999998));
#17870=CARTESIAN_POINT('Origin',(121.111,-100.0043,4.79999999999998));
#17871=CARTESIAN_POINT('',(121.111,-100.0043,4.79999999999998));
#17872=CARTESIAN_POINT('Origin',(121.872,-100.0025,4.79999999999998));
#17873=CARTESIAN_POINT('',(121.872,-100.0025,4.79999999999998));
#17874=CARTESIAN_POINT('Origin',(122.028,-100.0092,4.79999999999998));
#17875=CARTESIAN_POINT('',(122.028,-100.0092,4.79999999999998));
#17876=CARTESIAN_POINT('Origin',(122.183,-100.0272,4.79999999999998));
#17877=CARTESIAN_POINT('',(122.183,-100.0272,4.79999999999998));
#17878=CARTESIAN_POINT('Origin',(122.338,-100.0575,4.79999999999998));
#17879=CARTESIAN_POINT('',(122.338,-100.0575,4.79999999999998));
#17880=CARTESIAN_POINT('Origin',(122.489,-100.1002,4.79999999999998));
#17881=CARTESIAN_POINT('',(122.489,-100.1002,4.79999999999998));
#17882=CARTESIAN_POINT('Origin',(122.637,-100.1552,4.79999999999998));
#17883=CARTESIAN_POINT('',(122.637,-100.1552,4.79999999999998));
#17884=CARTESIAN_POINT('Origin',(122.779,-100.2201,4.79999999999998));
#17885=CARTESIAN_POINT('',(122.779,-100.2201,4.79999999999998));
#17886=CARTESIAN_POINT('Origin',(122.915,-100.297,4.79999999999998));
#17887=CARTESIAN_POINT('',(122.915,-100.297,4.79999999999998));
#17888=CARTESIAN_POINT('Origin',(123.046,-100.3842,4.79999999999998));
#17889=CARTESIAN_POINT('',(123.046,-100.3842,4.79999999999998));
#17890=CARTESIAN_POINT('Origin',(123.17,-100.4819,4.79999999999998));
#17891=CARTESIAN_POINT('',(123.17,-100.4819,4.79999999999998));
#17892=CARTESIAN_POINT('Origin',(123.286,-100.5881,4.79999999999998));
#17893=CARTESIAN_POINT('',(123.286,-100.5881,4.79999999999998));
#17894=CARTESIAN_POINT('Origin',(123.392,-100.7038,4.79999999999998));
#17895=CARTESIAN_POINT('',(123.392,-100.7038,4.79999999999998));
#17896=CARTESIAN_POINT('Origin',(123.49,-100.8262,4.79999999999998));
#17897=CARTESIAN_POINT('',(123.49,-100.8262,4.79999999999998));
#17898=CARTESIAN_POINT('Origin',(123.577,-100.9574,4.79999999999998));
#17899=CARTESIAN_POINT('',(123.577,-100.9574,4.79999999999998));
#17900=CARTESIAN_POINT('Origin',(123.654,-101.095,4.79999999999998));
#17901=CARTESIAN_POINT('',(123.654,-101.095,4.79999999999998));
#17902=CARTESIAN_POINT('Origin',(123.719,-101.2372,4.79999999999998));
#17903=CARTESIAN_POINT('',(123.719,-101.2372,4.79999999999998));
#17904=CARTESIAN_POINT('Origin',(123.774,-101.3832,4.79999999999998));
#17905=CARTESIAN_POINT('',(123.774,-101.3832,4.79999999999998));
#17906=CARTESIAN_POINT('Origin',(123.815,-101.536,4.79999999999998));
#17907=CARTESIAN_POINT('',(123.815,-101.536,4.79999999999998));
#17908=CARTESIAN_POINT('Origin',(123.847,-101.6891,4.79999999999998));
#17909=CARTESIAN_POINT('',(123.847,-101.6891,4.79999999999998));
#17910=CARTESIAN_POINT('Origin',(123.865,-101.8461,4.79999999999998));
#17911=CARTESIAN_POINT('',(123.865,-101.8461,4.79999999999998));
#17912=CARTESIAN_POINT('Origin',(123.87,-102.0031,4.79999999999998));
#17913=CARTESIAN_POINT('',(123.87,-102.0031,4.79999999999998));
#17914=CARTESIAN_POINT('Origin',(123.871,-117.06415,4.79999999999998));
#17915=CARTESIAN_POINT('',(123.871,-117.06415,4.79999999999998));
#17916=CARTESIAN_POINT('Origin',(123.865,-117.21987,4.79999999999998));
#17917=CARTESIAN_POINT('',(123.865,-117.21987,4.79999999999998));
#17918=CARTESIAN_POINT('Origin',(123.847,-117.37559,4.79999999999998));
#17919=CARTESIAN_POINT('',(123.847,-117.37559,4.79999999999998));
#17920=CARTESIAN_POINT('Origin',(123.815,-117.52993,4.79999999999998));
#17921=CARTESIAN_POINT('',(123.815,-117.52993,4.79999999999998));
#17922=CARTESIAN_POINT('Origin',(123.774,-117.68151,4.79999999999998));
#17923=CARTESIAN_POINT('',(123.774,-117.68151,4.79999999999998));
#17924=CARTESIAN_POINT('Origin',(123.719,-117.82896,4.79999999999998));
#17925=CARTESIAN_POINT('',(123.719,-117.82896,4.79999999999998));
#17926=CARTESIAN_POINT('Origin',(123.654,-117.9709,4.79999999999998));
#17927=CARTESIAN_POINT('',(123.654,-117.9709,4.79999999999998));
#17928=CARTESIAN_POINT('Origin',(123.577,-118.10733,4.79999999999998));
#17929=CARTESIAN_POINT('',(123.577,-118.10733,4.79999999999998));
#17930=CARTESIAN_POINT('Origin',(123.49,-118.23824,4.79999999999998));
#17931=CARTESIAN_POINT('',(123.49,-118.23824,4.79999999999998));
#17932=CARTESIAN_POINT('Origin',(123.392,-118.362265,4.79999999999998));
#17933=CARTESIAN_POINT('',(123.392,-118.362265,4.79999999999998));
#17934=CARTESIAN_POINT('Origin',(123.286,-118.478018,4.79999999999998));
#17935=CARTESIAN_POINT('',(123.286,-118.478018,4.79999999999998));
#17936=CARTESIAN_POINT('Origin',(123.17,-118.584127,4.79999999999998));
#17937=CARTESIAN_POINT('',(123.17,-118.584127,4.79999999999998));
#17938=CARTESIAN_POINT('Origin',(123.046,-118.68197,4.79999999999998));
#17939=CARTESIAN_POINT('',(123.046,-118.68197,4.79999999999998));
#17940=CARTESIAN_POINT('Origin',(122.915,-118.768785,4.79999999999998));
#17941=CARTESIAN_POINT('',(122.915,-118.768785,4.79999999999998));
#17942=CARTESIAN_POINT('Origin',(122.779,-118.845955,4.79999999999998));
#17943=CARTESIAN_POINT('',(122.779,-118.845955,4.79999999999998));
#17944=CARTESIAN_POINT('Origin',(122.637,-118.910721,4.79999999999998));
#17945=CARTESIAN_POINT('',(122.637,-118.910721,4.79999999999998));
#17946=CARTESIAN_POINT('Origin',(122.489,-118.965843,4.79999999999998));
#17947=CARTESIAN_POINT('',(122.489,-118.965843,4.79999999999998));
#17948=CARTESIAN_POINT('Origin',(122.338,-119.007185,4.79999999999998));
#17949=CARTESIAN_POINT('',(122.338,-119.007185,4.79999999999998));
#17950=CARTESIAN_POINT('Origin',(122.183,-119.03888,4.79999999999998));
#17951=CARTESIAN_POINT('',(122.183,-119.03888,4.79999999999998));
#17952=CARTESIAN_POINT('Origin',(122.028,-119.056795,4.79999999999998));
#17953=CARTESIAN_POINT('',(122.028,-119.056795,4.79999999999998));
#17954=CARTESIAN_POINT('Origin',(121.872,-119.062307,4.79999999999998));
#17955=CARTESIAN_POINT('Origin',(94.8481967440335,-122.433685342106,4.79999999999998));
#17956=CARTESIAN_POINT('',(94.8481967440335,-122.433685342106,4.79999999999998));
#17957=CARTESIAN_POINT('Origin',(93.6481967441457,-122.433701750774,4.79999999999998));
#17958=CARTESIAN_POINT('Origin',(86.9109677330148,-123.633701750774,4.79999999999998));
#17959=CARTESIAN_POINT('',(86.9109677330148,-123.633701750774,4.79999999999998));
#17960=CARTESIAN_POINT('Origin',(86.9109677330148,-122.433701750774,4.79999999999998));
#17961=CARTESIAN_POINT('Origin',(52.1481803341877,-122.433668933994,4.79999999999998));
#17962=CARTESIAN_POINT('',(52.1481803341877,-122.433668933994,4.79999999999998));
#17963=CARTESIAN_POINT('Origin',(50.9481803346364,-122.433701750774,4.79999999999998));
#17964=CARTESIAN_POINT('Origin',(44.210984141571,-123.633701750774,4.79999999999998));
#17965=CARTESIAN_POINT('',(44.210984141571,-123.633701750774,4.79999999999998));
#17966=CARTESIAN_POINT('Origin',(44.210984141571,-122.433701750774,4.79999999999998));
#17967=CARTESIAN_POINT('Origin',(21.096,-119.063685,4.79999999999998));
#17968=CARTESIAN_POINT('',(21.096,-119.063685,4.79999999999998));
#17969=CARTESIAN_POINT('Origin',(20.9389,-119.056795,4.79999999999998));
#17970=CARTESIAN_POINT('',(20.9389,-119.056795,4.79999999999998));
#17971=CARTESIAN_POINT('Origin',(20.7818,-119.03888,4.79999999999998));
#17972=CARTESIAN_POINT('',(20.7818,-119.03888,4.79999999999998));
#17973=CARTESIAN_POINT('Origin',(20.62884,-119.007185,4.79999999999998));
#17974=CARTESIAN_POINT('',(20.62884,-119.007185,4.79999999999998));
#17975=CARTESIAN_POINT('Origin',(20.47588,-118.965843,4.79999999999998));
#17976=CARTESIAN_POINT('',(20.47588,-118.965843,4.79999999999998));
#17977=CARTESIAN_POINT('Origin',(20.32981,-118.910721,4.79999999999998));
#17978=CARTESIAN_POINT('',(20.32981,-118.910721,4.79999999999998));
#17979=CARTESIAN_POINT('Origin',(20.18787,-118.845955,4.79999999999998));
#17980=CARTESIAN_POINT('',(20.18787,-118.845955,4.79999999999998));
#17981=CARTESIAN_POINT('Origin',(20.05006,-118.768785,4.79999999999998));
#17982=CARTESIAN_POINT('',(20.05006,-118.768785,4.79999999999998));
#17983=CARTESIAN_POINT('Origin',(19.919152,-118.68197,4.79999999999998));
#17984=CARTESIAN_POINT('',(19.919152,-118.68197,4.79999999999998));
#17985=CARTESIAN_POINT('Origin',(19.796505,-118.584127,4.79999999999998));
#17986=CARTESIAN_POINT('',(19.796505,-118.584127,4.79999999999998));
#17987=CARTESIAN_POINT('Origin',(19.680752,-118.478018,4.79999999999998));
#17988=CARTESIAN_POINT('',(19.680752,-118.478018,4.79999999999998));
#17989=CARTESIAN_POINT('Origin',(19.574643,-118.362265,4.79999999999998));
#17990=CARTESIAN_POINT('',(19.574643,-118.362265,4.79999999999998));
#17991=CARTESIAN_POINT('Origin',(19.4768,-118.23824,4.79999999999998));
#17992=CARTESIAN_POINT('',(19.4768,-118.23824,4.79999999999998));
#17993=CARTESIAN_POINT('Origin',(19.389985,-118.10733,4.79999999999998));
#17994=CARTESIAN_POINT('',(19.389985,-118.10733,4.79999999999998));
#17995=CARTESIAN_POINT('Origin',(19.312815,-117.9709,4.79999999999998));
#17996=CARTESIAN_POINT('',(19.312815,-117.9709,4.79999999999998));
#17997=CARTESIAN_POINT('Origin',(19.248047,-117.82896,4.79999999999998));
#17998=CARTESIAN_POINT('',(19.248047,-117.82896,4.79999999999998));
#17999=CARTESIAN_POINT('Origin',(19.192925,-117.68151,4.79999999999998));
#18000=CARTESIAN_POINT('',(19.192925,-117.68151,4.79999999999998));
#18001=CARTESIAN_POINT('Origin',(19.150206,-117.52993,4.79999999999998));
#18002=CARTESIAN_POINT('',(19.150206,-117.52993,4.79999999999998));
#18003=CARTESIAN_POINT('Origin',(19.119889,-117.37559,4.79999999999998));
#18004=CARTESIAN_POINT('',(19.119889,-117.37559,4.79999999999998));
#18005=CARTESIAN_POINT('Origin',(19.101975,-117.21987,4.79999999999998));
#18006=CARTESIAN_POINT('',(19.101975,-117.21987,4.79999999999998));
#18007=CARTESIAN_POINT('Origin',(19.0950846,-117.06415,4.79999999999998));
#18008=CARTESIAN_POINT('',(19.0950846,-117.06415,4.79999999999998));
#18009=CARTESIAN_POINT('Origin',(19.0950846,-44.8630999999999,4.79999999999998));
#18010=CARTESIAN_POINT('',(19.0950846,-44.8630999999999,4.79999999999998));
#18011=CARTESIAN_POINT('Origin',(19.101975,-44.7060999999999,4.79999999999998));
#18012=CARTESIAN_POINT('',(19.101975,-44.7060999999999,4.79999999999998));
#18013=CARTESIAN_POINT('Origin',(19.119889,-44.5490999999999,4.79999999999998));
#18014=CARTESIAN_POINT('',(19.119889,-44.5490999999999,4.79999999999998));
#18015=CARTESIAN_POINT('Origin',(19.150206,-44.3959999999999,4.79999999999998));
#18016=CARTESIAN_POINT('',(19.150206,-44.3959999999999,4.79999999999998));
#18017=CARTESIAN_POINT('Origin',(19.192925,-44.2431999999999,4.79999999999998));
#18018=CARTESIAN_POINT('',(19.192925,-44.2431999999999,4.79999999999998));
#18019=CARTESIAN_POINT('Origin',(19.248047,-44.0971999999999,4.79999999999998));
#18020=CARTESIAN_POINT('',(19.248047,-44.0971999999999,4.79999999999998));
#18021=CARTESIAN_POINT('Origin',(19.312815,-43.9549999999999,4.79999999999998));
#18022=CARTESIAN_POINT('',(19.312815,-43.9549999999999,4.79999999999998));
#18023=CARTESIAN_POINT('Origin',(19.389985,-43.8173999999999,4.79999999999998));
#18024=CARTESIAN_POINT('',(19.389985,-43.8173999999999,4.79999999999998));
#18025=CARTESIAN_POINT('Origin',(19.4768,-43.6861999999999,4.79999999999998));
#18026=CARTESIAN_POINT('',(19.4768,-43.6861999999999,4.79999999999998));
#18027=CARTESIAN_POINT('Origin',(19.574643,-43.5637999999999,4.79999999999998));
#18028=CARTESIAN_POINT('',(19.574643,-43.5637999999999,4.79999999999998));
#18029=CARTESIAN_POINT('Origin',(19.680752,-43.4480999999999,4.79999999999998));
#18030=CARTESIAN_POINT('',(19.680752,-43.4480999999999,4.79999999999998));
#18031=CARTESIAN_POINT('Origin',(19.796505,-43.3418999999999,4.79999999999998));
#18032=CARTESIAN_POINT('',(19.796505,-43.3418999999999,4.79999999999998));
#18033=CARTESIAN_POINT('Origin',(19.919152,-43.2441999999999,4.79999999999998));
#18034=CARTESIAN_POINT('',(19.919152,-43.2441999999999,4.79999999999998));
#18035=CARTESIAN_POINT('Origin',(20.05006,-43.1569999999999,4.79999999999998));
#18036=CARTESIAN_POINT('',(20.05006,-43.1569999999999,4.79999999999998));
#18037=CARTESIAN_POINT('Origin',(20.18787,-43.0800999999999,4.79999999999998));
#18038=CARTESIAN_POINT('',(20.18787,-43.0800999999999,4.79999999999998));
#18039=CARTESIAN_POINT('Origin',(20.32981,-43.0151999999999,4.79999999999998));
#18040=CARTESIAN_POINT('',(20.32981,-43.0151999999999,4.79999999999998));
#18041=CARTESIAN_POINT('Origin',(20.47588,-42.9601999999999,4.79999999999998));
#18042=CARTESIAN_POINT('',(20.47588,-42.9601999999999,4.79999999999998));
#18043=CARTESIAN_POINT('Origin',(20.62884,-42.9174999999999,4.79999999999998));
#18044=CARTESIAN_POINT('',(20.62884,-42.9174999999999,4.79999999999998));
#18045=CARTESIAN_POINT('Origin',(20.758587197418,-42.8917982473733,4.79999999999998));
#18046=CARTESIAN_POINT('Origin',(43.010984141571,-39.5214345111994,4.79999999999998));
#18047=CARTESIAN_POINT('',(43.010984141571,-39.5214345111994,4.79999999999998));
#18048=CARTESIAN_POINT('Origin',(44.210984141571,-39.5214345111995,4.79999999999998));
#18049=CARTESIAN_POINT('Origin',(50.9482131529266,-38.3214345111995,4.79999999999998));
#18050=CARTESIAN_POINT('',(50.9482131529266,-38.3214345111995,4.79999999999998));
#18051=CARTESIAN_POINT('Origin',(50.9482131529266,-39.5214345111995,4.79999999999998));
#18052=CARTESIAN_POINT('Origin',(85.7109841415713,-39.5214345111995,4.79999999999998));
#18053=CARTESIAN_POINT('',(85.7109841415713,-39.5214345111995,4.79999999999998));
#18054=CARTESIAN_POINT('Origin',(86.9109841415713,-39.5214345111995,4.79999999999998));
#18055=CARTESIAN_POINT('Origin',(93.6482131529267,-38.3214345111995,4.79999999999998));
#18056=CARTESIAN_POINT('',(93.6482131529267,-38.3214345111995,4.79999999999998));
#18057=CARTESIAN_POINT('Origin',(93.6482131529266,-39.5214345111995,4.79999999999998));
#18058=CARTESIAN_POINT('Origin',(112.3454,-42.8917982473742,4.79999999999998));
#18059=CARTESIAN_POINT('',(112.3454,-42.8917982473742,4.79999999999998));
#18060=CARTESIAN_POINT('Origin',(112.3454,-44.8917982473742,4.79999999999998));
#18061=CARTESIAN_POINT('',(114.3454,-44.8917982473743,4.79999999999998));
#18062=CARTESIAN_POINT('Origin',(114.3454,-98.0042999999998,4.79999999999998));
#18063=UNCERTAINTY_MEASURE_WITH_UNIT(LENGTH_MEASURE(0.01),#18067,
'DISTANCE_ACCURACY_VALUE',
'Maximum model space distance between geometric entities at asserted c
onnectivities');
#18064=UNCERTAINTY_MEASURE_WITH_UNIT(LENGTH_MEASURE(0.01),#18067,
'DISTANCE_ACCURACY_VALUE',
'Maximum model space distance between geometric entities at asserted c
onnectivities');
#18065=(
GEOMETRIC_REPRESENTATION_CONTEXT(3)
GLOBAL_UNCERTAINTY_ASSIGNED_CONTEXT((#18063))
GLOBAL_UNIT_ASSIGNED_CONTEXT((#18067,#18069,#18070))
REPRESENTATION_CONTEXT('','3D')
);
#18066=(
GEOMETRIC_REPRESENTATION_CONTEXT(3)
GLOBAL_UNCERTAINTY_ASSIGNED_CONTEXT((#18064))
GLOBAL_UNIT_ASSIGNED_CONTEXT((#18067,#18069,#18070))
REPRESENTATION_CONTEXT('','3D')
);
#18067=(
LENGTH_UNIT()
NAMED_UNIT(*)
SI_UNIT(.MILLI.,.METRE.)
);
#18068=(
LENGTH_UNIT()
NAMED_UNIT(*)
SI_UNIT($,.METRE.)
);
#18069=(
NAMED_UNIT(*)
PLANE_ANGLE_UNIT()
SI_UNIT($,.RADIAN.)
);
#18070=(
NAMED_UNIT(*)
SI_UNIT($,.STERADIAN.)
SOLID_ANGLE_UNIT()
);
#18071=SHAPE_DEFINITION_REPRESENTATION(#18072,#18073);
#18072=PRODUCT_DEFINITION_SHAPE('',$,#18075);
#18073=SHAPE_REPRESENTATION('',(#11335),#18065);
#18074=PRODUCT_DEFINITION_CONTEXT('part definition',#18079,'design');
#18075=PRODUCT_DEFINITION('Plate L','Plate L',#18076,#18074);
#18076=PRODUCT_DEFINITION_FORMATION('',$,#18081);
#18077=PRODUCT_RELATED_PRODUCT_CATEGORY('Plate L','Plate L',(#18081));
#18078=APPLICATION_PROTOCOL_DEFINITION('international standard',
'automotive_design',2009,#18079);
#18079=APPLICATION_CONTEXT(
'Core Data for Automotive Mechanical Design Process');
#18080=PRODUCT_CONTEXT('part definition',#18079,'mechanical');
#18081=PRODUCT('Plate L','Plate L',$,(#18080));
#18082=PRESENTATION_STYLE_ASSIGNMENT((#18084));
#18083=PRESENTATION_STYLE_ASSIGNMENT((#18085));
#18084=SURFACE_STYLE_USAGE(.BOTH.,#18086);
#18085=SURFACE_STYLE_USAGE(.BOTH.,#18087);
#18086=SURFACE_SIDE_STYLE('',(#18088));
#18087=SURFACE_SIDE_STYLE('',(#18089));
#18088=SURFACE_STYLE_FILL_AREA(#18090);
#18089=SURFACE_STYLE_FILL_AREA(#18091);
#18090=FILL_AREA_STYLE('Steel - Satin',(#18092));
#18091=FILL_AREA_STYLE('Opaque(35,35,35)',(#18093));
#18092=FILL_AREA_STYLE_COLOUR('Steel - Satin',#18094);
#18093=FILL_AREA_STYLE_COLOUR('Opaque(35,35,35)',#18095);
#18094=COLOUR_RGB('Steel - Satin',0.627450980392157,0.627450980392157,0.627450980392157);
#18095=COLOUR_RGB('Opaque(35,35,35)',0.137254901960784,0.137254901960784,
0.137254901960784);
ENDSEC;
END-ISO-10303-21;
