ISO-10303-21;
HEADER;
/* Generated by software containing ST-Developer
 * from STEP Tools, Inc. (www.steptools.com) 
 */

FILE_DESCRIPTION(
/* description */ (''),
/* implementation_level */ '2;1');

FILE_NAME(
/* name */ 'top case magnets.step',
/* time_stamp */ '2026-06-26T15:13:04+02:00',
/* author */ (''),
/* organization */ (''),
/* preprocessor_version */ 'ST-DEVELOPER v20.1',
/* originating_system */ 'Autodesk Translation Framework v15.8.0.0',
/* authorisation */ '');

FILE_SCHEMA (('AUTOMOTIVE_DESIGN { 1 0 10303 214 3 1 1 }'));
ENDSEC;

DATA;
#10=MECHANICAL_DESIGN_GEOMETRIC_PRESENTATION_REPRESENTATION('',(#13),#9071);
#11=SHAPE_REPRESENTATION_RELATIONSHIP('SRR','None',#9078,#12);
#12=ADVANCED_BREP_SHAPE_REPRESENTATION('',(#14),#9070);
#13=STYLED_ITEM('',(#9088),#14);
#14=MANIFOLD_SOLID_BREP('Top',#4926);
#15=CONICAL_SURFACE('',#5125,1.64999999999999,0.785398163397446);
#16=CONICAL_SURFACE('',#5127,1.64999999999999,0.785398163397455);
#17=CONICAL_SURFACE('',#5129,1.64999999999997,0.785398163397455);
#18=CONICAL_SURFACE('',#5131,1.64999999999997,0.785398163397455);
#19=CONICAL_SURFACE('',#5144,1.64999999999999,0.785398163397455);
#20=CONICAL_SURFACE('',#5146,1.55,0.785398163397446);
#21=CONICAL_SURFACE('',#5148,1.64999999999997,0.785398163397455);
#22=CONICAL_SURFACE('',#5150,1.64999999999997,0.785398163397455);
#23=ELLIPSE('',#5113,0.854400374531735,0.3);
#24=ELLIPSE('',#5114,0.854400374531758,0.3);
#25=ELLIPSE('',#5118,0.854400374531735,0.3);
#26=ELLIPSE('',#5119,0.854400374531741,0.3);
#27=ELLIPSE('',#5121,0.854400374531755,0.3);
#28=ELLIPSE('',#5122,0.854400374531752,0.3);
#29=ELLIPSE('',#5138,0.854400374531754,0.3);
#30=ELLIPSE('',#5139,0.854400374531752,0.3);
#31=ELLIPSE('',#5177,0.316227766016849,0.300000000000002);
#32=ELLIPSE('',#5181,0.316227766016855,0.299999999999994);
#33=ELLIPSE('',#5223,0.316227766016838,0.299999999999994);
#34=ELLIPSE('',#5226,0.316227766016837,0.300000000000002);
#35=ELLIPSE('',#5256,3.01869176962471,2.69999999999999);
#36=ELLIPSE('',#5257,3.01869176962472,2.70000000000001);
#37=ELLIPSE('',#5297,0.316227766016843,0.300000000000003);
#38=ELLIPSE('',#5306,0.316227766016843,0.299999999999976);
#39=ELLIPSE('',#5358,0.316227766016837,0.299999999999994);
#40=ELLIPSE('',#5367,0.316227766016839,0.300000000000003);
#41=ELLIPSE('',#5407,3.28975682991918,2.99999999999999);
#42=ELLIPSE('',#5411,3.2897568299192,3.00000000000001);
#43=B_SPLINE_SURFACE_WITH_KNOTS('',3,3,((#7811,#7812,#7813,#7814,#7815,
#7816),(#7817,#7818,#7819,#7820,#7821,#7822),(#7823,#7824,#7825,#7826,#7827,
#7828),(#7829,#7830,#7831,#7832,#7833,#7834),(#7835,#7836,#7837,#7838,#7839,
#7840)),.UNSPECIFIED.,.F.,.F.,.F.,(4,1,4),(4,1,1,4),(0.,0.5,1.),(-1.5707963267949,
-0.897597901025655,-0.448798950512828,0.),.UNSPECIFIED.);
#44=B_SPLINE_SURFACE_WITH_KNOTS('',3,3,((#7854,#7855,#7856,#7857,#7858),
(#7859,#7860,#7861,#7862,#7863),(#7864,#7865,#7866,#7867,#7868),(#7869,
#7870,#7871,#7872,#7873),(#7874,#7875,#7876,#7877,#7878)),.UNSPECIFIED.,
 .F.,.F.,.F.,(4,1,4),(4,1,4),(0.,0.5,1.),(-3.48576286400307E-48,0.673198425769241,
1.5707963267949),.UNSPECIFIED.);
#45=B_SPLINE_SURFACE_WITH_KNOTS('',3,3,((#7885,#7886,#7887,#7888,#7889,
#7890),(#7891,#7892,#7893,#7894,#7895,#7896),(#7897,#7898,#7899,#7900,#7901,
#7902),(#7903,#7904,#7905,#7906,#7907,#7908),(#7909,#7910,#7911,#7912,#7913,
#7914)),.UNSPECIFIED.,.F.,.F.,.F.,(4,1,4),(4,1,1,4),(0.,0.5,1.),(-1.5707963267949,
-0.897597901025655,-0.448798950512828,2.18839444172168E-46),
 .UNSPECIFIED.);
#46=B_SPLINE_SURFACE_WITH_KNOTS('',3,3,((#7957,#7958,#7959,#7960,#7961,
#7962),(#7963,#7964,#7965,#7966,#7967,#7968),(#7969,#7970,#7971,#7972,#7973,
#7974),(#7975,#7976,#7977,#7978,#7979,#7980),(#7981,#7982,#7983,#7984,#7985,
#7986)),.UNSPECIFIED.,.F.,.F.,.F.,(4,1,4),(4,1,1,4),(0.,0.5,1.),(-3.33066907387547E-16,
0.448798950512828,0.897597901025657,1.5707963267949),.UNSPECIFIED.);
#47=B_SPLINE_SURFACE_WITH_KNOTS('',3,3,((#8447,#8448,#8449,#8450,#8451),
(#8452,#8453,#8454,#8455,#8456),(#8457,#8458,#8459,#8460,#8461),(#8462,
#8463,#8464,#8465,#8466),(#8467,#8468,#8469,#8470,#8471)),.UNSPECIFIED.,
 .F.,.F.,.F.,(4,1,4),(4,1,4),(-0.000875754839648534,0.5,1.00087575484011),
(-1.5707963267949,-0.897597901025655,0.000875754840109599),
 .UNSPECIFIED.);
#48=B_SPLINE_SURFACE_WITH_KNOTS('',3,3,((#8493,#8494,#8495,#8496,#8497),
(#8498,#8499,#8500,#8501,#8502),(#8503,#8504,#8505,#8506,#8507),(#8508,
#8509,#8510,#8511,#8512),(#8513,#8514,#8515,#8516,#8517)),.UNSPECIFIED.,
 .F.,.F.,.F.,(4,1,4),(4,1,4),(-0.000876025896909299,0.5,1.00087602589651),
(-1.5707963267949,-0.897597901025655,0.000876025896512169),
 .UNSPECIFIED.);
#49=B_SPLINE_SURFACE_WITH_KNOTS('',3,3,((#8660,#8661,#8662,#8663,#8664),
(#8665,#8666,#8667,#8668,#8669),(#8670,#8671,#8672,#8673,#8674),(#8675,
#8676,#8677,#8678,#8679),(#8680,#8681,#8682,#8683,#8684)),.UNSPECIFIED.,
 .F.,.F.,.F.,(4,1,4),(4,1,4),(-0.000866540457139176,0.5,1.00086654043251),
(-1.57079632679488,-0.897597901025646,0.000866540457139089),
 .UNSPECIFIED.);
#50=B_SPLINE_SURFACE_WITH_KNOTS('',3,3,((#8706,#8707,#8708,#8709,#8710),
(#8711,#8712,#8713,#8714,#8715),(#8716,#8717,#8718,#8719,#8720),(#8721,
#8722,#8723,#8724,#8725),(#8726,#8727,#8728,#8729,#8730)),.UNSPECIFIED.,
 .F.,.F.,.F.,(4,1,4),(4,1,4),(-0.000863937778887519,0.5,1.0008639377548),
(-1.57079632679488,-0.897597901025646,0.000863937778901708),
 .UNSPECIFIED.);
#51=B_SPLINE_SURFACE_WITH_KNOTS('',3,3,((#8810,#8811,#8812,#8813,#8814),
(#8815,#8816,#8817,#8818,#8819),(#8820,#8821,#8822,#8823,#8824),(#8825,
#8826,#8827,#8828,#8829),(#8830,#8831,#8832,#8833,#8834)),.UNSPECIFIED.,
 .F.,.F.,.F.,(4,1,4),(4,1,4),(-0.00168150692169705,0.5,1.01872700214654),
(-1.58952332894144,-0.897597901025654,0.0187270021465389),.UNSPECIFIED.);
#52=B_SPLINE_SURFACE_WITH_KNOTS('',3,3,((#8842,#8843,#8844,#8845,#8846),
(#8847,#8848,#8849,#8850,#8851),(#8852,#8853,#8854,#8855,#8856),(#8857,
#8858,#8859,#8860,#8861),(#8862,#8863,#8864,#8865,#8866)),.UNSPECIFIED.,
 .F.,.F.,.F.,(4,1,4),(4,1,4),(-0.00285417502843909,0.5,1.01387344335166),
(-0.0138734433516555,0.673198425769243,1.58466977014656),.UNSPECIFIED.);
#53=SPHERICAL_SURFACE('',#5106,0.3);
#54=SPHERICAL_SURFACE('',#5109,0.3);
#55=SPHERICAL_SURFACE('',#5252,0.3);
#56=SPHERICAL_SURFACE('',#5258,0.3);
#57=TOROIDAL_SURFACE('',#5020,1.75,0.2);
#58=TOROIDAL_SURFACE('',#5025,1.75,0.2);
#59=TOROIDAL_SURFACE('',#5030,1.75000000000001,0.2);
#60=TOROIDAL_SURFACE('',#5035,1.75000000000001,0.2);
#61=TOROIDAL_SURFACE('',#5040,1.75000000000001,0.2);
#62=TOROIDAL_SURFACE('',#5045,1.75000000000001,0.2);
#63=TOROIDAL_SURFACE('',#5050,1.75000000000001,0.2);
#64=TOROIDAL_SURFACE('',#5055,1.75,0.2);
#65=TOROIDAL_SURFACE('',#5164,3.30000000000005,0.300000000000002);
#66=TOROIDAL_SURFACE('',#5182,2.,1.);
#67=TOROIDAL_SURFACE('',#5211,2.,1.);
#68=TOROIDAL_SURFACE('',#5227,3.29999999999999,0.300000000000007);
#69=TOROIDAL_SURFACE('',#5400,2.69999999999999,0.3);
#70=TOROIDAL_SURFACE('',#5415,2.70000000000004,0.3);
#71=TOROIDAL_SURFACE('',#5417,0.8,0.3);
#72=TOROIDAL_SURFACE('',#5422,0.8,0.3);
#73=TOROIDAL_SURFACE('',#5426,0.8,0.3);
#74=TOROIDAL_SURFACE('',#5430,0.8,0.3);
#75=TOROIDAL_SURFACE('',#5436,1.7,0.2);
#76=TOROIDAL_SURFACE('',#5440,0.8,0.2);
#77=TOROIDAL_SURFACE('',#5444,0.8,0.2);
#78=TOROIDAL_SURFACE('',#5448,1.7,0.2);
#79=TOROIDAL_SURFACE('',#5452,1.7,0.2);
#80=TOROIDAL_SURFACE('',#5456,0.8,0.2);
#81=TOROIDAL_SURFACE('',#5460,3.20000000000004,0.2);
#82=TOROIDAL_SURFACE('',#5465,0.8,0.3);
#83=TOROIDAL_SURFACE('',#5469,0.8,0.3);
#84=TOROIDAL_SURFACE('',#5474,3.2,0.2);
#85=TOROIDAL_SURFACE('',#5478,0.8,0.2);
#86=TOROIDAL_SURFACE('',#5482,1.7,0.2);
#87=TOROIDAL_SURFACE('',#5486,1.7,0.2);
#88=TOROIDAL_SURFACE('',#5490,0.8,0.2);
#89=TOROIDAL_SURFACE('',#5494,0.8,0.2);
#90=TOROIDAL_SURFACE('',#5498,1.7,0.2);
#91=TOROIDAL_SURFACE('',#5502,1.7,0.2);
#92=TOROIDAL_SURFACE('',#5506,0.8,0.2);
#93=TOROIDAL_SURFACE('',#5510,0.8,0.2);
#94=TOROIDAL_SURFACE('',#5514,1.7,0.2);
#95=TOROIDAL_SURFACE('',#5518,1.7,0.2);
#96=TOROIDAL_SURFACE('',#5522,0.8,0.2);
#97=TOROIDAL_SURFACE('',#5526,0.8,0.2);
#98=TOROIDAL_SURFACE('',#5530,1.7,0.2);
#99=TOROIDAL_SURFACE('',#5534,1.7,0.2);
#100=TOROIDAL_SURFACE('',#5538,0.8,0.2);
#101=TOROIDAL_SURFACE('',#5542,3.2,0.2);
#102=TOROIDAL_SURFACE('',#5547,0.8,0.3);
#103=TOROIDAL_SURFACE('',#5551,0.8,0.3);
#104=TOROIDAL_SURFACE('',#5556,3.19999999999999,0.199999999999996);
#105=TOROIDAL_SURFACE('',#5560,0.8,0.2);
#106=TOROIDAL_SURFACE('',#5564,1.7,0.2);
#107=TOROIDAL_SURFACE('',#5568,1.7,0.2);
#108=TOROIDAL_SURFACE('',#5572,0.8,0.2);
#109=TOROIDAL_SURFACE('',#5576,0.8,0.2);
#110=TOROIDAL_SURFACE('',#5580,1.7,0.2);
#111=TOROIDAL_SURFACE('',#5584,1.7,0.2);
#112=TOROIDAL_SURFACE('',#5588,0.8,0.2);
#113=TOROIDAL_SURFACE('',#5589,0.8,0.2);
#114=TOROIDAL_SURFACE('',#5593,1.7,0.2);
#115=FACE_BOUND('',#877,.T.);
#116=FACE_BOUND('',#878,.T.);
#117=FACE_BOUND('',#879,.T.);
#118=FACE_BOUND('',#880,.T.);
#119=FACE_BOUND('',#881,.T.);
#120=FACE_BOUND('',#882,.T.);
#121=FACE_BOUND('',#883,.T.);
#122=FACE_BOUND('',#884,.T.);
#123=FACE_BOUND('',#885,.T.);
#124=FACE_BOUND('',#969,.T.);
#125=FACE_BOUND('',#971,.T.);
#126=FACE_BOUND('',#973,.T.);
#127=FACE_BOUND('',#975,.T.);
#128=FACE_BOUND('',#986,.T.);
#129=FACE_BOUND('',#988,.T.);
#130=FACE_BOUND('',#991,.T.);
#131=FACE_BOUND('',#993,.T.);
#132=FACE_BOUND('',#998,.T.);
#133=CIRCLE('',#4945,0.3);
#134=CIRCLE('',#4946,0.3);
#135=CIRCLE('',#4947,0.3);
#136=CIRCLE('',#4948,0.3);
#137=CIRCLE('',#4950,0.3);
#138=CIRCLE('',#4952,0.3);
#139=CIRCLE('',#4955,0.3);
#140=CIRCLE('',#4957,0.3);
#141=CIRCLE('',#4960,0.8);
#142=CIRCLE('',#4961,1.7);
#143=CIRCLE('',#4962,1.7);
#144=CIRCLE('',#4963,0.8);
#145=CIRCLE('',#4964,0.8);
#146=CIRCLE('',#4965,1.7);
#147=CIRCLE('',#4966,1.7);
#148=CIRCLE('',#4967,0.8);
#149=CIRCLE('',#4968,3.19999999999999);
#150=CIRCLE('',#4969,0.8);
#151=CIRCLE('',#4970,0.8);
#152=CIRCLE('',#4971,3.2);
#153=CIRCLE('',#4972,0.8);
#154=CIRCLE('',#4973,1.7);
#155=CIRCLE('',#4974,1.7);
#156=CIRCLE('',#4975,0.8);
#157=CIRCLE('',#4976,0.8);
#158=CIRCLE('',#4977,1.7);
#159=CIRCLE('',#4978,1.7);
#160=CIRCLE('',#4979,0.8);
#161=CIRCLE('',#4980,0.8);
#162=CIRCLE('',#4981,1.7);
#163=CIRCLE('',#4982,1.7);
#164=CIRCLE('',#4983,0.8);
#165=CIRCLE('',#4984,0.8);
#166=CIRCLE('',#4985,1.7);
#167=CIRCLE('',#4986,1.7);
#168=CIRCLE('',#4987,0.8);
#169=CIRCLE('',#4988,3.2);
#170=CIRCLE('',#4989,0.8);
#171=CIRCLE('',#4990,0.8);
#172=CIRCLE('',#4991,3.20000000000004);
#173=CIRCLE('',#4992,0.8);
#174=CIRCLE('',#4993,1.7);
#175=CIRCLE('',#4994,1.7);
#176=CIRCLE('',#4995,0.8);
#177=CIRCLE('',#4996,0.8);
#178=CIRCLE('',#4997,1.7);
#179=CIRCLE('',#4998,1.7);
#180=CIRCLE('',#4999,0.8);
#181=CIRCLE('',#5000,3.00000000000004);
#182=CIRCLE('',#5001,3.00000000000001);
#183=CIRCLE('',#5002,2.99999999999999);
#184=CIRCLE('',#5003,2.99999999999999);
#185=CIRCLE('',#5004,1.75);
#186=CIRCLE('',#5005,1.75000000000001);
#187=CIRCLE('',#5006,1.75000000000001);
#188=CIRCLE('',#5007,1.75000000000001);
#189=CIRCLE('',#5008,0.8);
#190=CIRCLE('',#5009,0.8);
#191=CIRCLE('',#5010,0.8);
#192=CIRCLE('',#5011,0.8);
#193=CIRCLE('',#5012,1.75);
#194=CIRCLE('',#5013,1.75000000000001);
#195=CIRCLE('',#5014,1.75000000000001);
#196=CIRCLE('',#5015,1.75);
#197=CIRCLE('',#5017,0.200000000000005);
#198=CIRCLE('',#5019,0.2);
#199=CIRCLE('',#5021,0.2);
#200=CIRCLE('',#5022,1.55);
#201=CIRCLE('',#5024,1.55);
#202=CIRCLE('',#5026,0.2);
#203=CIRCLE('',#5027,1.55);
#204=CIRCLE('',#5029,1.55);
#205=CIRCLE('',#5031,0.2);
#206=CIRCLE('',#5032,1.55000000000001);
#207=CIRCLE('',#5034,1.55000000000001);
#208=CIRCLE('',#5036,0.2);
#209=CIRCLE('',#5037,1.55000000000001);
#210=CIRCLE('',#5039,1.55000000000001);
#211=CIRCLE('',#5041,0.2);
#212=CIRCLE('',#5042,1.55000000000001);
#213=CIRCLE('',#5044,1.55000000000001);
#214=CIRCLE('',#5046,0.2);
#215=CIRCLE('',#5047,1.55000000000001);
#216=CIRCLE('',#5049,1.55000000000001);
#217=CIRCLE('',#5051,0.2);
#218=CIRCLE('',#5052,1.55000000000001);
#219=CIRCLE('',#5054,1.55000000000001);
#220=CIRCLE('',#5056,0.2);
#221=CIRCLE('',#5057,1.55);
#222=CIRCLE('',#5059,1.55);
#223=CIRCLE('',#5069,1.39999999999999);
#224=CIRCLE('',#5071,1.39999999999999);
#225=CIRCLE('',#5073,1.39999999999997);
#226=CIRCLE('',#5075,1.39999999999997);
#227=CIRCLE('',#5077,1.39999999999999);
#228=CIRCLE('',#5079,1.3);
#229=CIRCLE('',#5081,1.39999999999997);
#230=CIRCLE('',#5083,1.39999999999997);
#231=CIRCLE('',#5085,1.39999999999999);
#232=CIRCLE('',#5087,1.39999999999999);
#233=CIRCLE('',#5089,1.39999999999997);
#234=CIRCLE('',#5091,1.39999999999997);
#235=CIRCLE('',#5093,0.3);
#236=CIRCLE('',#5094,0.300000000000011);
#237=CIRCLE('',#5096,0.3);
#238=CIRCLE('',#5097,0.299999999999994);
#239=CIRCLE('',#5099,1.39999999999999);
#240=CIRCLE('',#5101,1.3);
#241=CIRCLE('',#5103,1.39999999999997);
#242=CIRCLE('',#5105,1.39999999999997);
#243=CIRCLE('',#5107,0.3);
#244=CIRCLE('',#5108,0.3);
#245=CIRCLE('',#5110,0.299999999999994);
#246=CIRCLE('',#5111,0.3);
#247=CIRCLE('',#5112,0.500000000000007);
#248=CIRCLE('',#5116,1.);
#249=CIRCLE('',#5117,0.499999999999989);
#250=CIRCLE('',#5120,0.500000000000007);
#251=CIRCLE('',#5124,1.);
#252=CIRCLE('',#5126,1.89999999999999);
#253=CIRCLE('',#5128,1.9);
#254=CIRCLE('',#5130,1.89999999999998);
#255=CIRCLE('',#5132,1.89999999999998);
#256=CIRCLE('',#5134,2.);
#257=CIRCLE('',#5136,1.);
#258=CIRCLE('',#5137,0.499999999999994);
#259=CIRCLE('',#5141,2.);
#260=CIRCLE('',#5143,1.);
#261=CIRCLE('',#5145,1.9);
#262=CIRCLE('',#5147,1.8);
#263=CIRCLE('',#5149,1.89999999999998);
#264=CIRCLE('',#5151,1.89999999999998);
#265=CIRCLE('',#5157,0.299999999999995);
#266=CIRCLE('',#5158,0.3);
#267=CIRCLE('',#5160,0.5);
#268=CIRCLE('',#5161,0.5);
#269=CIRCLE('',#5162,0.5);
#270=CIRCLE('',#5163,0.5);
#271=CIRCLE('',#5165,3.30000000000009);
#272=CIRCLE('',#5166,0.300000000000002);
#273=CIRCLE('',#5167,3.00000000000004);
#274=CIRCLE('',#5168,0.3);
#275=CIRCLE('',#5170,1.);
#276=CIRCLE('',#5172,0.5);
#277=CIRCLE('',#5173,0.5);
#278=CIRCLE('',#5174,0.3);
#279=CIRCLE('',#5175,0.3);
#280=CIRCLE('',#5183,3.);
#281=CIRCLE('',#5184,1.);
#282=CIRCLE('',#5189,0.999999999999998);
#283=CIRCLE('',#5191,1.5);
#284=CIRCLE('',#5192,1.);
#285=CIRCLE('',#5193,1.);
#286=CIRCLE('',#5194,1.5);
#287=CIRCLE('',#5196,1.5);
#288=CIRCLE('',#5197,1.5);
#289=CIRCLE('',#5198,1.);
#290=CIRCLE('',#5199,1.);
#291=CIRCLE('',#5201,1.5);
#292=CIRCLE('',#5202,1.5);
#293=CIRCLE('',#5203,1.);
#294=CIRCLE('',#5204,1.);
#295=CIRCLE('',#5206,1.5);
#296=CIRCLE('',#5207,1.5);
#297=CIRCLE('',#5208,1.);
#298=CIRCLE('',#5209,1.);
#299=CIRCLE('',#5212,3.);
#300=CIRCLE('',#5213,0.999999999999999);
#301=CIRCLE('',#5216,0.300000000000007);
#302=CIRCLE('',#5218,0.5);
#303=CIRCLE('',#5219,0.3);
#304=CIRCLE('',#5220,0.3);
#305=CIRCLE('',#5221,0.5);
#306=CIRCLE('',#5228,3.29999999999999);
#307=CIRCLE('',#5229,2.99999999999999);
#308=CIRCLE('',#5230,0.3);
#309=CIRCLE('',#5232,1.);
#310=CIRCLE('',#5233,1.5);
#311=CIRCLE('',#5234,1.5);
#312=CIRCLE('',#5235,1.);
#313=CIRCLE('',#5237,1.);
#314=CIRCLE('',#5238,1.5);
#315=CIRCLE('',#5239,1.5);
#316=CIRCLE('',#5240,1.);
#317=CIRCLE('',#5243,1.);
#318=CIRCLE('',#5244,1.5);
#319=CIRCLE('',#5245,1.5);
#320=CIRCLE('',#5246,1.);
#321=CIRCLE('',#5248,1.);
#322=CIRCLE('',#5249,1.5);
#323=CIRCLE('',#5250,1.5);
#324=CIRCLE('',#5251,1.);
#325=CIRCLE('',#5253,0.3);
#326=CIRCLE('',#5254,0.300000000000006);
#327=CIRCLE('',#5259,0.299999999999998);
#328=CIRCLE('',#5260,0.3);
#329=CIRCLE('',#5262,2.70000000000004);
#330=CIRCLE('',#5263,2.69999999999999);
#331=CIRCLE('',#5265,0.5);
#332=CIRCLE('',#5268,0.5);
#333=CIRCLE('',#5271,0.5);
#334=CIRCLE('',#5274,0.5);
#335=CIRCLE('',#5278,1.5);
#336=CIRCLE('',#5281,1.);
#337=CIRCLE('',#5283,1.);
#338=CIRCLE('',#5286,1.5);
#339=CIRCLE('',#5289,1.5);
#340=CIRCLE('',#5292,1.);
#341=CIRCLE('',#5294,3.00000000000004);
#342=CIRCLE('',#5296,0.199999999999996);
#343=CIRCLE('',#5299,0.5);
#344=CIRCLE('',#5302,0.5);
#345=CIRCLE('',#5305,0.19999999999998);
#346=CIRCLE('',#5308,3.);
#347=CIRCLE('',#5310,1.);
#348=CIRCLE('',#5313,1.5);
#349=CIRCLE('',#5316,1.5);
#350=CIRCLE('',#5319,1.);
#351=CIRCLE('',#5321,1.);
#352=CIRCLE('',#5324,1.5);
#353=CIRCLE('',#5327,1.5);
#354=CIRCLE('',#5330,1.);
#355=CIRCLE('',#5332,1.);
#356=CIRCLE('',#5335,1.5);
#357=CIRCLE('',#5338,1.5);
#358=CIRCLE('',#5341,1.);
#359=CIRCLE('',#5343,1.);
#360=CIRCLE('',#5346,1.5);
#361=CIRCLE('',#5349,1.5);
#362=CIRCLE('',#5352,1.);
#363=CIRCLE('',#5355,3.);
#364=CIRCLE('',#5357,0.200000000000005);
#365=CIRCLE('',#5360,0.5);
#366=CIRCLE('',#5363,0.5);
#367=CIRCLE('',#5366,0.200000000000005);
#368=CIRCLE('',#5369,2.99999999999999);
#369=CIRCLE('',#5371,1.);
#370=CIRCLE('',#5374,1.5);
#371=CIRCLE('',#5377,1.5);
#372=CIRCLE('',#5380,1.);
#373=CIRCLE('',#5382,1.);
#374=CIRCLE('',#5385,1.5);
#375=CIRCLE('',#5388,1.5);
#376=CIRCLE('',#5391,1.);
#377=CIRCLE('',#5393,1.);
#378=CIRCLE('',#5396,1.5);
#379=CIRCLE('',#5398,0.3);
#380=CIRCLE('',#5399,0.300000000000002);
#381=CIRCLE('',#5401,0.3);
#382=CIRCLE('',#5402,2.99999999999999);
#383=CIRCLE('',#5404,0.3);
#384=CIRCLE('',#5406,0.299999999999994);
#385=CIRCLE('',#5409,0.299999999999994);
#386=CIRCLE('',#5410,0.300000000000011);
#387=CIRCLE('',#5414,0.300000000000011);
#388=CIRCLE('',#5416,3.00000000000004);
#389=CIRCLE('',#5418,0.299999999999976);
#390=CIRCLE('',#5419,0.3);
#391=CIRCLE('',#5421,0.3);
#392=CIRCLE('',#5423,0.3);
#393=CIRCLE('',#5425,0.3);
#394=CIRCLE('',#5427,0.3);
#395=CIRCLE('',#5429,0.3);
#396=CIRCLE('',#5431,0.3);
#397=CIRCLE('',#5434,0.2);
#398=CIRCLE('',#5435,0.2);
#399=CIRCLE('',#5437,0.2);
#400=CIRCLE('',#5439,0.2);
#401=CIRCLE('',#5441,0.199999999999996);
#402=CIRCLE('',#5443,0.200000000000005);
#403=CIRCLE('',#5445,0.2);
#404=CIRCLE('',#5447,0.2);
#405=CIRCLE('',#5449,0.2);
#406=CIRCLE('',#5451,0.2);
#407=CIRCLE('',#5453,0.2);
#408=CIRCLE('',#5455,0.2);
#409=CIRCLE('',#5457,0.199999999999996);
#410=CIRCLE('',#5459,0.2);
#411=CIRCLE('',#5461,0.199999999999996);
#412=CIRCLE('',#5464,0.300000000000002);
#413=CIRCLE('',#5466,0.300000000000011);
#414=CIRCLE('',#5468,0.300000000000011);
#415=CIRCLE('',#5470,0.299999999999994);
#416=CIRCLE('',#5473,0.2);
#417=CIRCLE('',#5475,0.2);
#418=CIRCLE('',#5477,0.2);
#419=CIRCLE('',#5479,0.2);
#420=CIRCLE('',#5481,0.2);
#421=CIRCLE('',#5483,0.2);
#422=CIRCLE('',#5485,0.2);
#423=CIRCLE('',#5487,0.2);
#424=CIRCLE('',#5489,0.2);
#425=CIRCLE('',#5491,0.2);
#426=CIRCLE('',#5493,0.2);
#427=CIRCLE('',#5495,0.2);
#428=CIRCLE('',#5497,0.2);
#429=CIRCLE('',#5499,0.2);
#430=CIRCLE('',#5501,0.2);
#431=CIRCLE('',#5503,0.2);
#432=CIRCLE('',#5505,0.2);
#433=CIRCLE('',#5507,0.2);
#434=CIRCLE('',#5509,0.2);
#435=CIRCLE('',#5511,0.2);
#436=CIRCLE('',#5513,0.2);
#437=CIRCLE('',#5515,0.2);
#438=CIRCLE('',#5517,0.2);
#439=CIRCLE('',#5519,0.2);
#440=CIRCLE('',#5521,0.2);
#441=CIRCLE('',#5523,0.2);
#442=CIRCLE('',#5525,0.2);
#443=CIRCLE('',#5527,0.2);
#444=CIRCLE('',#5529,0.2);
#445=CIRCLE('',#5531,0.2);
#446=CIRCLE('',#5533,0.2);
#447=CIRCLE('',#5535,0.2);
#448=CIRCLE('',#5537,0.199999999999987);
#449=CIRCLE('',#5539,0.199999999999978);
#450=CIRCLE('',#5541,0.199999999999996);
#451=CIRCLE('',#5543,0.2);
#452=CIRCLE('',#5546,0.299999999999994);
#453=CIRCLE('',#5548,0.300000000000002);
#454=CIRCLE('',#5550,0.3);
#455=CIRCLE('',#5552,0.300000000000002);
#456=CIRCLE('',#5555,0.2);
#457=CIRCLE('',#5557,0.199999999999996);
#458=CIRCLE('',#5559,0.2);
#459=CIRCLE('',#5561,0.2);
#460=CIRCLE('',#5563,0.2);
#461=CIRCLE('',#5565,0.2);
#462=CIRCLE('',#5567,0.2);
#463=CIRCLE('',#5569,0.2);
#464=CIRCLE('',#5571,0.2);
#465=CIRCLE('',#5573,0.2);
#466=CIRCLE('',#5575,0.2);
#467=CIRCLE('',#5577,0.2);
#468=CIRCLE('',#5579,0.2);
#469=CIRCLE('',#5581,0.2);
#470=CIRCLE('',#5583,0.2);
#471=CIRCLE('',#5585,0.2);
#472=CIRCLE('',#5587,0.2);
#473=CIRCLE('',#5590,0.2);
#474=CIRCLE('',#5592,0.2);
#475=PLANE('',#4941);
#476=PLANE('',#4943);
#477=PLANE('',#4944);
#478=PLANE('',#4953);
#479=PLANE('',#4958);
#480=PLANE('',#4959);
#481=PLANE('',#5060);
#482=PLANE('',#5061);
#483=PLANE('',#5062);
#484=PLANE('',#5063);
#485=PLANE('',#5064);
#486=PLANE('',#5065);
#487=PLANE('',#5066);
#488=PLANE('',#5067);
#489=PLANE('',#5068);
#490=PLANE('',#5070);
#491=PLANE('',#5072);
#492=PLANE('',#5074);
#493=PLANE('',#5076);
#494=PLANE('',#5078);
#495=PLANE('',#5080);
#496=PLANE('',#5082);
#497=PLANE('',#5115);
#498=PLANE('',#5123);
#499=PLANE('',#5133);
#500=PLANE('',#5135);
#501=PLANE('',#5140);
#502=PLANE('',#5142);
#503=PLANE('',#5159);
#504=PLANE('',#5171);
#505=PLANE('',#5190);
#506=PLANE('',#5195);
#507=PLANE('',#5200);
#508=PLANE('',#5205);
#509=PLANE('',#5217);
#510=PLANE('',#5231);
#511=PLANE('',#5236);
#512=PLANE('',#5242);
#513=PLANE('',#5247);
#514=PLANE('',#5255);
#515=PLANE('',#5261);
#516=PLANE('',#5266);
#517=PLANE('',#5269);
#518=PLANE('',#5272);
#519=PLANE('',#5275);
#520=PLANE('',#5276);
#521=PLANE('',#5279);
#522=PLANE('',#5284);
#523=PLANE('',#5287);
#524=PLANE('',#5290);
#525=PLANE('',#5295);
#526=PLANE('',#5300);
#527=PLANE('',#5303);
#528=PLANE('',#5304);
#529=PLANE('',#5311);
#530=PLANE('',#5314);
#531=PLANE('',#5317);
#532=PLANE('',#5322);
#533=PLANE('',#5325);
#534=PLANE('',#5328);
#535=PLANE('',#5333);
#536=PLANE('',#5336);
#537=PLANE('',#5339);
#538=PLANE('',#5344);
#539=PLANE('',#5347);
#540=PLANE('',#5350);
#541=PLANE('',#5353);
#542=PLANE('',#5356);
#543=PLANE('',#5361);
#544=PLANE('',#5364);
#545=PLANE('',#5365);
#546=PLANE('',#5372);
#547=PLANE('',#5375);
#548=PLANE('',#5378);
#549=PLANE('',#5383);
#550=PLANE('',#5386);
#551=PLANE('',#5389);
#552=PLANE('',#5394);
#553=PLANE('',#5595);
#554=PLANE('',#5597);
#555=PLANE('',#5599);
#556=FACE_OUTER_BOUND('',#865,.T.);
#557=FACE_OUTER_BOUND('',#866,.T.);
#558=FACE_OUTER_BOUND('',#867,.T.);
#559=FACE_OUTER_BOUND('',#868,.T.);
#560=FACE_OUTER_BOUND('',#869,.T.);
#561=FACE_OUTER_BOUND('',#870,.T.);
#562=FACE_OUTER_BOUND('',#871,.T.);
#563=FACE_OUTER_BOUND('',#872,.T.);
#564=FACE_OUTER_BOUND('',#873,.T.);
#565=FACE_OUTER_BOUND('',#874,.T.);
#566=FACE_OUTER_BOUND('',#875,.T.);
#567=FACE_OUTER_BOUND('',#876,.T.);
#568=FACE_OUTER_BOUND('',#886,.T.);
#569=FACE_OUTER_BOUND('',#887,.T.);
#570=FACE_OUTER_BOUND('',#888,.T.);
#571=FACE_OUTER_BOUND('',#889,.T.);
#572=FACE_OUTER_BOUND('',#890,.T.);
#573=FACE_OUTER_BOUND('',#891,.T.);
#574=FACE_OUTER_BOUND('',#892,.T.);
#575=FACE_OUTER_BOUND('',#893,.T.);
#576=FACE_OUTER_BOUND('',#894,.T.);
#577=FACE_OUTER_BOUND('',#895,.T.);
#578=FACE_OUTER_BOUND('',#896,.T.);
#579=FACE_OUTER_BOUND('',#897,.T.);
#580=FACE_OUTER_BOUND('',#898,.T.);
#581=FACE_OUTER_BOUND('',#899,.T.);
#582=FACE_OUTER_BOUND('',#900,.T.);
#583=FACE_OUTER_BOUND('',#901,.T.);
#584=FACE_OUTER_BOUND('',#902,.T.);
#585=FACE_OUTER_BOUND('',#903,.T.);
#586=FACE_OUTER_BOUND('',#904,.T.);
#587=FACE_OUTER_BOUND('',#905,.T.);
#588=FACE_OUTER_BOUND('',#906,.T.);
#589=FACE_OUTER_BOUND('',#907,.T.);
#590=FACE_OUTER_BOUND('',#908,.T.);
#591=FACE_OUTER_BOUND('',#909,.T.);
#592=FACE_OUTER_BOUND('',#910,.T.);
#593=FACE_OUTER_BOUND('',#911,.T.);
#594=FACE_OUTER_BOUND('',#912,.T.);
#595=FACE_OUTER_BOUND('',#913,.T.);
#596=FACE_OUTER_BOUND('',#914,.T.);
#597=FACE_OUTER_BOUND('',#915,.T.);
#598=FACE_OUTER_BOUND('',#916,.T.);
#599=FACE_OUTER_BOUND('',#917,.T.);
#600=FACE_OUTER_BOUND('',#918,.T.);
#601=FACE_OUTER_BOUND('',#919,.T.);
#602=FACE_OUTER_BOUND('',#920,.T.);
#603=FACE_OUTER_BOUND('',#921,.T.);
#604=FACE_OUTER_BOUND('',#922,.T.);
#605=FACE_OUTER_BOUND('',#923,.T.);
#606=FACE_OUTER_BOUND('',#924,.T.);
#607=FACE_OUTER_BOUND('',#925,.T.);
#608=FACE_OUTER_BOUND('',#926,.T.);
#609=FACE_OUTER_BOUND('',#927,.T.);
#610=FACE_OUTER_BOUND('',#928,.T.);
#611=FACE_OUTER_BOUND('',#929,.T.);
#612=FACE_OUTER_BOUND('',#930,.T.);
#613=FACE_OUTER_BOUND('',#931,.T.);
#614=FACE_OUTER_BOUND('',#932,.T.);
#615=FACE_OUTER_BOUND('',#933,.T.);
#616=FACE_OUTER_BOUND('',#934,.T.);
#617=FACE_OUTER_BOUND('',#935,.T.);
#618=FACE_OUTER_BOUND('',#936,.T.);
#619=FACE_OUTER_BOUND('',#937,.T.);
#620=FACE_OUTER_BOUND('',#938,.T.);
#621=FACE_OUTER_BOUND('',#939,.T.);
#622=FACE_OUTER_BOUND('',#940,.T.);
#623=FACE_OUTER_BOUND('',#941,.T.);
#624=FACE_OUTER_BOUND('',#942,.T.);
#625=FACE_OUTER_BOUND('',#943,.T.);
#626=FACE_OUTER_BOUND('',#944,.T.);
#627=FACE_OUTER_BOUND('',#945,.T.);
#628=FACE_OUTER_BOUND('',#946,.T.);
#629=FACE_OUTER_BOUND('',#947,.T.);
#630=FACE_OUTER_BOUND('',#948,.T.);
#631=FACE_OUTER_BOUND('',#949,.T.);
#632=FACE_OUTER_BOUND('',#950,.T.);
#633=FACE_OUTER_BOUND('',#951,.T.);
#634=FACE_OUTER_BOUND('',#952,.T.);
#635=FACE_OUTER_BOUND('',#953,.T.);
#636=FACE_OUTER_BOUND('',#954,.T.);
#637=FACE_OUTER_BOUND('',#955,.T.);
#638=FACE_OUTER_BOUND('',#956,.T.);
#639=FACE_OUTER_BOUND('',#957,.T.);
#640=FACE_OUTER_BOUND('',#958,.T.);
#641=FACE_OUTER_BOUND('',#959,.T.);
#642=FACE_OUTER_BOUND('',#960,.T.);
#643=FACE_OUTER_BOUND('',#961,.T.);
#644=FACE_OUTER_BOUND('',#962,.T.);
#645=FACE_OUTER_BOUND('',#963,.T.);
#646=FACE_OUTER_BOUND('',#964,.T.);
#647=FACE_OUTER_BOUND('',#965,.T.);
#648=FACE_OUTER_BOUND('',#966,.T.);
#649=FACE_OUTER_BOUND('',#967,.T.);
#650=FACE_OUTER_BOUND('',#968,.T.);
#651=FACE_OUTER_BOUND('',#970,.T.);
#652=FACE_OUTER_BOUND('',#972,.T.);
#653=FACE_OUTER_BOUND('',#974,.T.);
#654=FACE_OUTER_BOUND('',#976,.T.);
#655=FACE_OUTER_BOUND('',#977,.T.);
#656=FACE_OUTER_BOUND('',#978,.T.);
#657=FACE_OUTER_BOUND('',#979,.T.);
#658=FACE_OUTER_BOUND('',#980,.T.);
#659=FACE_OUTER_BOUND('',#981,.T.);
#660=FACE_OUTER_BOUND('',#982,.T.);
#661=FACE_OUTER_BOUND('',#983,.T.);
#662=FACE_OUTER_BOUND('',#984,.T.);
#663=FACE_OUTER_BOUND('',#985,.T.);
#664=FACE_OUTER_BOUND('',#987,.T.);
#665=FACE_OUTER_BOUND('',#989,.T.);
#666=FACE_OUTER_BOUND('',#990,.T.);
#667=FACE_OUTER_BOUND('',#992,.T.);
#668=FACE_OUTER_BOUND('',#994,.T.);
#669=FACE_OUTER_BOUND('',#995,.T.);
#670=FACE_OUTER_BOUND('',#996,.T.);
#671=FACE_OUTER_BOUND('',#997,.T.);
#672=FACE_OUTER_BOUND('',#999,.T.);
#673=FACE_OUTER_BOUND('',#1000,.T.);
#674=FACE_OUTER_BOUND('',#1001,.T.);
#675=FACE_OUTER_BOUND('',#1002,.T.);
#676=FACE_OUTER_BOUND('',#1003,.T.);
#677=FACE_OUTER_BOUND('',#1004,.T.);
#678=FACE_OUTER_BOUND('',#1005,.T.);
#679=FACE_OUTER_BOUND('',#1006,.T.);
#680=FACE_OUTER_BOUND('',#1007,.T.);
#681=FACE_OUTER_BOUND('',#1008,.T.);
#682=FACE_OUTER_BOUND('',#1009,.T.);
#683=FACE_OUTER_BOUND('',#1010,.T.);
#684=FACE_OUTER_BOUND('',#1011,.T.);
#685=FACE_OUTER_BOUND('',#1012,.T.);
#686=FACE_OUTER_BOUND('',#1013,.T.);
#687=FACE_OUTER_BOUND('',#1014,.T.);
#688=FACE_OUTER_BOUND('',#1015,.T.);
#689=FACE_OUTER_BOUND('',#1016,.T.);
#690=FACE_OUTER_BOUND('',#1017,.T.);
#691=FACE_OUTER_BOUND('',#1018,.T.);
#692=FACE_OUTER_BOUND('',#1019,.T.);
#693=FACE_OUTER_BOUND('',#1020,.T.);
#694=FACE_OUTER_BOUND('',#1021,.T.);
#695=FACE_OUTER_BOUND('',#1022,.T.);
#696=FACE_OUTER_BOUND('',#1023,.T.);
#697=FACE_OUTER_BOUND('',#1024,.T.);
#698=FACE_OUTER_BOUND('',#1025,.T.);
#699=FACE_OUTER_BOUND('',#1026,.T.);
#700=FACE_OUTER_BOUND('',#1027,.T.);
#701=FACE_OUTER_BOUND('',#1028,.T.);
#702=FACE_OUTER_BOUND('',#1029,.T.);
#703=FACE_OUTER_BOUND('',#1030,.T.);
#704=FACE_OUTER_BOUND('',#1031,.T.);
#705=FACE_OUTER_BOUND('',#1032,.T.);
#706=FACE_OUTER_BOUND('',#1033,.T.);
#707=FACE_OUTER_BOUND('',#1034,.T.);
#708=FACE_OUTER_BOUND('',#1035,.T.);
#709=FACE_OUTER_BOUND('',#1036,.T.);
#710=FACE_OUTER_BOUND('',#1037,.T.);
#711=FACE_OUTER_BOUND('',#1038,.T.);
#712=FACE_OUTER_BOUND('',#1039,.T.);
#713=FACE_OUTER_BOUND('',#1040,.T.);
#714=FACE_OUTER_BOUND('',#1041,.T.);
#715=FACE_OUTER_BOUND('',#1042,.T.);
#716=FACE_OUTER_BOUND('',#1043,.T.);
#717=FACE_OUTER_BOUND('',#1044,.T.);
#718=FACE_OUTER_BOUND('',#1045,.T.);
#719=FACE_OUTER_BOUND('',#1046,.T.);
#720=FACE_OUTER_BOUND('',#1047,.T.);
#721=FACE_OUTER_BOUND('',#1048,.T.);
#722=FACE_OUTER_BOUND('',#1049,.T.);
#723=FACE_OUTER_BOUND('',#1050,.T.);
#724=FACE_OUTER_BOUND('',#1051,.T.);
#725=FACE_OUTER_BOUND('',#1052,.T.);
#726=FACE_OUTER_BOUND('',#1053,.T.);
#727=FACE_OUTER_BOUND('',#1054,.T.);
#728=FACE_OUTER_BOUND('',#1055,.T.);
#729=FACE_OUTER_BOUND('',#1056,.T.);
#730=FACE_OUTER_BOUND('',#1057,.T.);
#731=FACE_OUTER_BOUND('',#1058,.T.);
#732=FACE_OUTER_BOUND('',#1059,.T.);
#733=FACE_OUTER_BOUND('',#1060,.T.);
#734=FACE_OUTER_BOUND('',#1061,.T.);
#735=FACE_OUTER_BOUND('',#1062,.T.);
#736=FACE_OUTER_BOUND('',#1063,.T.);
#737=FACE_OUTER_BOUND('',#1064,.T.);
#738=FACE_OUTER_BOUND('',#1065,.T.);
#739=FACE_OUTER_BOUND('',#1066,.T.);
#740=FACE_OUTER_BOUND('',#1067,.T.);
#741=FACE_OUTER_BOUND('',#1068,.T.);
#742=FACE_OUTER_BOUND('',#1069,.T.);
#743=FACE_OUTER_BOUND('',#1070,.T.);
#744=FACE_OUTER_BOUND('',#1071,.T.);
#745=FACE_OUTER_BOUND('',#1072,.T.);
#746=FACE_OUTER_BOUND('',#1073,.T.);
#747=FACE_OUTER_BOUND('',#1074,.T.);
#748=FACE_OUTER_BOUND('',#1075,.T.);
#749=FACE_OUTER_BOUND('',#1076,.T.);
#750=FACE_OUTER_BOUND('',#1077,.T.);
#751=FACE_OUTER_BOUND('',#1078,.T.);
#752=FACE_OUTER_BOUND('',#1079,.T.);
#753=FACE_OUTER_BOUND('',#1080,.T.);
#754=FACE_OUTER_BOUND('',#1081,.T.);
#755=FACE_OUTER_BOUND('',#1082,.T.);
#756=FACE_OUTER_BOUND('',#1083,.T.);
#757=FACE_OUTER_BOUND('',#1084,.T.);
#758=FACE_OUTER_BOUND('',#1085,.T.);
#759=FACE_OUTER_BOUND('',#1086,.T.);
#760=FACE_OUTER_BOUND('',#1087,.T.);
#761=FACE_OUTER_BOUND('',#1088,.T.);
#762=FACE_OUTER_BOUND('',#1089,.T.);
#763=FACE_OUTER_BOUND('',#1090,.T.);
#764=FACE_OUTER_BOUND('',#1091,.T.);
#765=FACE_OUTER_BOUND('',#1092,.T.);
#766=FACE_OUTER_BOUND('',#1093,.T.);
#767=FACE_OUTER_BOUND('',#1094,.T.);
#768=FACE_OUTER_BOUND('',#1095,.T.);
#769=FACE_OUTER_BOUND('',#1096,.T.);
#770=FACE_OUTER_BOUND('',#1097,.T.);
#771=FACE_OUTER_BOUND('',#1098,.T.);
#772=FACE_OUTER_BOUND('',#1099,.T.);
#773=FACE_OUTER_BOUND('',#1100,.T.);
#774=FACE_OUTER_BOUND('',#1101,.T.);
#775=FACE_OUTER_BOUND('',#1102,.T.);
#776=FACE_OUTER_BOUND('',#1103,.T.);
#777=FACE_OUTER_BOUND('',#1104,.T.);
#778=FACE_OUTER_BOUND('',#1105,.T.);
#779=FACE_OUTER_BOUND('',#1106,.T.);
#780=FACE_OUTER_BOUND('',#1107,.T.);
#781=FACE_OUTER_BOUND('',#1108,.T.);
#782=FACE_OUTER_BOUND('',#1109,.T.);
#783=FACE_OUTER_BOUND('',#1110,.T.);
#784=FACE_OUTER_BOUND('',#1111,.T.);
#785=FACE_OUTER_BOUND('',#1112,.T.);
#786=FACE_OUTER_BOUND('',#1113,.T.);
#787=FACE_OUTER_BOUND('',#1114,.T.);
#788=FACE_OUTER_BOUND('',#1115,.T.);
#789=FACE_OUTER_BOUND('',#1116,.T.);
#790=FACE_OUTER_BOUND('',#1117,.T.);
#791=FACE_OUTER_BOUND('',#1118,.T.);
#792=FACE_OUTER_BOUND('',#1119,.T.);
#793=FACE_OUTER_BOUND('',#1120,.T.);
#794=FACE_OUTER_BOUND('',#1121,.T.);
#795=FACE_OUTER_BOUND('',#1122,.T.);
#796=FACE_OUTER_BOUND('',#1123,.T.);
#797=FACE_OUTER_BOUND('',#1124,.T.);
#798=FACE_OUTER_BOUND('',#1125,.T.);
#799=FACE_OUTER_BOUND('',#1126,.T.);
#800=FACE_OUTER_BOUND('',#1127,.T.);
#801=FACE_OUTER_BOUND('',#1128,.T.);
#802=FACE_OUTER_BOUND('',#1129,.T.);
#803=FACE_OUTER_BOUND('',#1130,.T.);
#804=FACE_OUTER_BOUND('',#1131,.T.);
#805=FACE_OUTER_BOUND('',#1132,.T.);
#806=FACE_OUTER_BOUND('',#1133,.T.);
#807=FACE_OUTER_BOUND('',#1134,.T.);
#808=FACE_OUTER_BOUND('',#1135,.T.);
#809=FACE_OUTER_BOUND('',#1136,.T.);
#810=FACE_OUTER_BOUND('',#1137,.T.);
#811=FACE_OUTER_BOUND('',#1138,.T.);
#812=FACE_OUTER_BOUND('',#1139,.T.);
#813=FACE_OUTER_BOUND('',#1140,.T.);
#814=FACE_OUTER_BOUND('',#1141,.T.);
#815=FACE_OUTER_BOUND('',#1142,.T.);
#816=FACE_OUTER_BOUND('',#1143,.T.);
#817=FACE_OUTER_BOUND('',#1144,.T.);
#818=FACE_OUTER_BOUND('',#1145,.T.);
#819=FACE_OUTER_BOUND('',#1146,.T.);
#820=FACE_OUTER_BOUND('',#1147,.T.);
#821=FACE_OUTER_BOUND('',#1148,.T.);
#822=FACE_OUTER_BOUND('',#1149,.T.);
#823=FACE_OUTER_BOUND('',#1150,.T.);
#824=FACE_OUTER_BOUND('',#1151,.T.);
#825=FACE_OUTER_BOUND('',#1152,.T.);
#826=FACE_OUTER_BOUND('',#1153,.T.);
#827=FACE_OUTER_BOUND('',#1154,.T.);
#828=FACE_OUTER_BOUND('',#1155,.T.);
#829=FACE_OUTER_BOUND('',#1156,.T.);
#830=FACE_OUTER_BOUND('',#1157,.T.);
#831=FACE_OUTER_BOUND('',#1158,.T.);
#832=FACE_OUTER_BOUND('',#1159,.T.);
#833=FACE_OUTER_BOUND('',#1160,.T.);
#834=FACE_OUTER_BOUND('',#1161,.T.);
#835=FACE_OUTER_BOUND('',#1162,.T.);
#836=FACE_OUTER_BOUND('',#1163,.T.);
#837=FACE_OUTER_BOUND('',#1164,.T.);
#838=FACE_OUTER_BOUND('',#1165,.T.);
#839=FACE_OUTER_BOUND('',#1166,.T.);
#840=FACE_OUTER_BOUND('',#1167,.T.);
#841=FACE_OUTER_BOUND('',#1168,.T.);
#842=FACE_OUTER_BOUND('',#1169,.T.);
#843=FACE_OUTER_BOUND('',#1170,.T.);
#844=FACE_OUTER_BOUND('',#1171,.T.);
#845=FACE_OUTER_BOUND('',#1172,.T.);
#846=FACE_OUTER_BOUND('',#1173,.T.);
#847=FACE_OUTER_BOUND('',#1174,.T.);
#848=FACE_OUTER_BOUND('',#1175,.T.);
#849=FACE_OUTER_BOUND('',#1176,.T.);
#850=FACE_OUTER_BOUND('',#1177,.T.);
#851=FACE_OUTER_BOUND('',#1178,.T.);
#852=FACE_OUTER_BOUND('',#1179,.T.);
#853=FACE_OUTER_BOUND('',#1180,.T.);
#854=FACE_OUTER_BOUND('',#1181,.T.);
#855=FACE_OUTER_BOUND('',#1182,.T.);
#856=FACE_OUTER_BOUND('',#1183,.T.);
#857=FACE_OUTER_BOUND('',#1184,.T.);
#858=FACE_OUTER_BOUND('',#1185,.T.);
#859=FACE_OUTER_BOUND('',#1186,.T.);
#860=FACE_OUTER_BOUND('',#1187,.T.);
#861=FACE_OUTER_BOUND('',#1188,.T.);
#862=FACE_OUTER_BOUND('',#1189,.T.);
#863=FACE_OUTER_BOUND('',#1190,.T.);
#864=FACE_OUTER_BOUND('',#1191,.T.);
#865=EDGE_LOOP('',(#3035,#3036,#3037,#3038));
#866=EDGE_LOOP('',(#3039,#3040,#3041,#3042,#3043,#3044,#3045,#3046));
#867=EDGE_LOOP('',(#3047,#3048,#3049,#3050));
#868=EDGE_LOOP('',(#3051,#3052,#3053,#3054,#3055,#3056,#3057,#3058,#3059,
#3060,#3061,#3062,#3063,#3064,#3065,#3066,#3067,#3068,#3069,#3070,#3071,
#3072,#3073,#3074));
#869=EDGE_LOOP('',(#3075,#3076,#3077,#3078,#3079,#3080,#3081,#3082));
#870=EDGE_LOOP('',(#3083,#3084,#3085,#3086,#3087));
#871=EDGE_LOOP('',(#3088,#3089,#3090,#3091,#3092));
#872=EDGE_LOOP('',(#3093,#3094,#3095,#3096));
#873=EDGE_LOOP('',(#3097,#3098,#3099,#3100,#3101,#3102));
#874=EDGE_LOOP('',(#3103,#3104,#3105,#3106,#3107,#3108));
#875=EDGE_LOOP('',(#3109,#3110,#3111,#3112));
#876=EDGE_LOOP('',(#3113,#3114,#3115,#3116,#3117,#3118,#3119,#3120,#3121,
#3122,#3123,#3124,#3125,#3126,#3127,#3128,#3129,#3130,#3131,#3132,#3133,
#3134,#3135,#3136,#3137,#3138,#3139,#3140,#3141,#3142,#3143,#3144,#3145,
#3146,#3147,#3148,#3149,#3150,#3151,#3152,#3153,#3154,#3155,#3156,#3157,
#3158,#3159,#3160,#3161,#3162,#3163,#3164,#3165,#3166,#3167,#3168,#3169,
#3170,#3171,#3172,#3173,#3174,#3175,#3176,#3177,#3178,#3179,#3180,#3181,
#3182,#3183,#3184,#3185,#3186,#3187,#3188,#3189,#3190,#3191,#3192,#3193,
#3194,#3195,#3196,#3197,#3198,#3199,#3200,#3201,#3202,#3203,#3204,#3205,
#3206,#3207,#3208,#3209,#3210,#3211,#3212));
#877=EDGE_LOOP('',(#3213));
#878=EDGE_LOOP('',(#3214));
#879=EDGE_LOOP('',(#3215));
#880=EDGE_LOOP('',(#3216));
#881=EDGE_LOOP('',(#3217,#3218,#3219,#3220,#3221,#3222,#3223,#3224));
#882=EDGE_LOOP('',(#3225));
#883=EDGE_LOOP('',(#3226));
#884=EDGE_LOOP('',(#3227));
#885=EDGE_LOOP('',(#3228));
#886=EDGE_LOOP('',(#3229,#3230,#3231,#3232));
#887=EDGE_LOOP('',(#3233,#3234,#3235,#3236));
#888=EDGE_LOOP('',(#3237,#3238,#3239,#3240));
#889=EDGE_LOOP('',(#3241,#3242,#3243,#3244));
#890=EDGE_LOOP('',(#3245,#3246,#3247,#3248));
#891=EDGE_LOOP('',(#3249,#3250,#3251,#3252));
#892=EDGE_LOOP('',(#3253,#3254,#3255,#3256));
#893=EDGE_LOOP('',(#3257,#3258,#3259,#3260));
#894=EDGE_LOOP('',(#3261,#3262,#3263,#3264));
#895=EDGE_LOOP('',(#3265,#3266,#3267,#3268));
#896=EDGE_LOOP('',(#3269,#3270,#3271,#3272));
#897=EDGE_LOOP('',(#3273,#3274,#3275,#3276));
#898=EDGE_LOOP('',(#3277,#3278,#3279,#3280));
#899=EDGE_LOOP('',(#3281,#3282,#3283,#3284));
#900=EDGE_LOOP('',(#3285,#3286,#3287,#3288));
#901=EDGE_LOOP('',(#3289,#3290,#3291,#3292));
#902=EDGE_LOOP('',(#3293,#3294,#3295,#3296));
#903=EDGE_LOOP('',(#3297,#3298,#3299,#3300));
#904=EDGE_LOOP('',(#3301));
#905=EDGE_LOOP('',(#3302));
#906=EDGE_LOOP('',(#3303));
#907=EDGE_LOOP('',(#3304));
#908=EDGE_LOOP('',(#3305));
#909=EDGE_LOOP('',(#3306));
#910=EDGE_LOOP('',(#3307));
#911=EDGE_LOOP('',(#3308));
#912=EDGE_LOOP('',(#3309));
#913=EDGE_LOOP('',(#3310));
#914=EDGE_LOOP('',(#3311));
#915=EDGE_LOOP('',(#3312));
#916=EDGE_LOOP('',(#3313));
#917=EDGE_LOOP('',(#3314));
#918=EDGE_LOOP('',(#3315));
#919=EDGE_LOOP('',(#3316));
#920=EDGE_LOOP('',(#3317,#3318,#3319,#3320));
#921=EDGE_LOOP('',(#3321,#3322,#3323,#3324));
#922=EDGE_LOOP('',(#3325,#3326,#3327,#3328));
#923=EDGE_LOOP('',(#3329,#3330,#3331,#3332));
#924=EDGE_LOOP('',(#3333,#3334,#3335,#3336));
#925=EDGE_LOOP('',(#3337,#3338,#3339,#3340));
#926=EDGE_LOOP('',(#3341,#3342,#3343,#3344));
#927=EDGE_LOOP('',(#3345,#3346,#3347,#3348));
#928=EDGE_LOOP('',(#3349,#3350,#3351,#3352));
#929=EDGE_LOOP('',(#3353,#3354,#3355,#3356));
#930=EDGE_LOOP('',(#3357,#3358,#3359));
#931=EDGE_LOOP('',(#3360,#3361,#3362));
#932=EDGE_LOOP('',(#3363,#3364,#3365));
#933=EDGE_LOOP('',(#3366,#3367,#3368,#3369,#3370));
#934=EDGE_LOOP('',(#3371,#3372,#3373));
#935=EDGE_LOOP('',(#3374,#3375,#3376));
#936=EDGE_LOOP('',(#3377,#3378,#3379,#3380,#3381));
#937=EDGE_LOOP('',(#3382,#3383,#3384,#3385));
#938=EDGE_LOOP('',(#3386,#3387,#3388,#3389));
#939=EDGE_LOOP('',(#3390,#3391,#3392,#3393));
#940=EDGE_LOOP('',(#3394,#3395,#3396,#3397));
#941=EDGE_LOOP('',(#3398,#3399,#3400,#3401,#3402,#3403));
#942=EDGE_LOOP('',(#3404,#3405,#3406,#3407,#3408));
#943=EDGE_LOOP('',(#3409,#3410,#3411));
#944=EDGE_LOOP('',(#3412,#3413,#3414,#3415,#3416,#3417));
#945=EDGE_LOOP('',(#3418,#3419,#3420,#3421,#3422));
#946=EDGE_LOOP('',(#3423,#3424,#3425,#3426));
#947=EDGE_LOOP('',(#3427,#3428,#3429,#3430));
#948=EDGE_LOOP('',(#3431,#3432,#3433,#3434));
#949=EDGE_LOOP('',(#3435,#3436,#3437,#3438));
#950=EDGE_LOOP('',(#3439,#3440,#3441,#3442));
#951=EDGE_LOOP('',(#3443,#3444,#3445,#3446));
#952=EDGE_LOOP('',(#3447,#3448,#3449,#3450));
#953=EDGE_LOOP('',(#3451,#3452,#3453,#3454));
#954=EDGE_LOOP('',(#3455,#3456,#3457,#3458));
#955=EDGE_LOOP('',(#3459,#3460,#3461,#3462,#3463,#3464,#3465,#3466));
#956=EDGE_LOOP('',(#3467,#3468,#3469,#3470));
#957=EDGE_LOOP('',(#3471,#3472,#3473,#3474,#3475));
#958=EDGE_LOOP('',(#3476,#3477,#3478,#3479,#3480,#3481,#3482,#3483));
#959=EDGE_LOOP('',(#3484,#3485,#3486,#3487));
#960=EDGE_LOOP('',(#3488,#3489,#3490,#3491));
#961=EDGE_LOOP('',(#3492,#3493,#3494,#3495));
#962=EDGE_LOOP('',(#3496,#3497,#3498,#3499));
#963=EDGE_LOOP('',(#3500,#3501,#3502,#3503));
#964=EDGE_LOOP('',(#3504,#3505,#3506,#3507));
#965=EDGE_LOOP('',(#3508,#3509,#3510,#3511));
#966=EDGE_LOOP('',(#3512,#3513,#3514,#3515));
#967=EDGE_LOOP('',(#3516,#3517,#3518,#3519,#3520));
#968=EDGE_LOOP('',(#3521,#3522,#3523,#3524,#3525,#3526,#3527,#3528));
#969=EDGE_LOOP('',(#3529));
#970=EDGE_LOOP('',(#3530,#3531,#3532,#3533,#3534,#3535,#3536,#3537));
#971=EDGE_LOOP('',(#3538));
#972=EDGE_LOOP('',(#3539,#3540,#3541,#3542,#3543,#3544,#3545,#3546));
#973=EDGE_LOOP('',(#3547));
#974=EDGE_LOOP('',(#3548,#3549,#3550,#3551,#3552,#3553,#3554,#3555));
#975=EDGE_LOOP('',(#3556));
#976=EDGE_LOOP('',(#3557,#3558,#3559,#3560,#3561));
#977=EDGE_LOOP('',(#3562,#3563,#3564,#3565));
#978=EDGE_LOOP('',(#3566,#3567,#3568,#3569));
#979=EDGE_LOOP('',(#3570,#3571,#3572,#3573));
#980=EDGE_LOOP('',(#3574,#3575,#3576,#3577,#3578,#3579,#3580,#3581));
#981=EDGE_LOOP('',(#3582,#3583,#3584,#3585));
#982=EDGE_LOOP('',(#3586,#3587,#3588,#3589,#3590));
#983=EDGE_LOOP('',(#3591,#3592,#3593,#3594));
#984=EDGE_LOOP('',(#3595,#3596,#3597,#3598));
#985=EDGE_LOOP('',(#3599,#3600,#3601,#3602,#3603,#3604,#3605,#3606));
#986=EDGE_LOOP('',(#3607));
#987=EDGE_LOOP('',(#3608,#3609,#3610,#3611,#3612,#3613,#3614,#3615));
#988=EDGE_LOOP('',(#3616));
#989=EDGE_LOOP('',(#3617,#3618,#3619,#3620));
#990=EDGE_LOOP('',(#3621,#3622,#3623,#3624,#3625,#3626,#3627,#3628));
#991=EDGE_LOOP('',(#3629));
#992=EDGE_LOOP('',(#3630,#3631,#3632,#3633,#3634,#3635,#3636,#3637));
#993=EDGE_LOOP('',(#3638));
#994=EDGE_LOOP('',(#3639,#3640,#3641));
#995=EDGE_LOOP('',(#3642,#3643,#3644,#3645,#3646,#3647));
#996=EDGE_LOOP('',(#3648,#3649,#3650));
#997=EDGE_LOOP('',(#3651,#3652,#3653,#3654,#3655,#3656));
#998=EDGE_LOOP('',(#3657,#3658,#3659,#3660,#3661,#3662,#3663,#3664,#3665,
#3666));
#999=EDGE_LOOP('',(#3667,#3668,#3669,#3670));
#1000=EDGE_LOOP('',(#3671,#3672,#3673,#3674));
#1001=EDGE_LOOP('',(#3675,#3676,#3677,#3678));
#1002=EDGE_LOOP('',(#3679,#3680,#3681,#3682));
#1003=EDGE_LOOP('',(#3683,#3684,#3685,#3686));
#1004=EDGE_LOOP('',(#3687,#3688,#3689,#3690));
#1005=EDGE_LOOP('',(#3691,#3692,#3693,#3694));
#1006=EDGE_LOOP('',(#3695,#3696,#3697,#3698));
#1007=EDGE_LOOP('',(#3699,#3700,#3701,#3702));
#1008=EDGE_LOOP('',(#3703,#3704,#3705,#3706));
#1009=EDGE_LOOP('',(#3707,#3708,#3709,#3710));
#1010=EDGE_LOOP('',(#3711,#3712,#3713,#3714));
#1011=EDGE_LOOP('',(#3715,#3716,#3717,#3718));
#1012=EDGE_LOOP('',(#3719,#3720,#3721,#3722));
#1013=EDGE_LOOP('',(#3723,#3724,#3725,#3726));
#1014=EDGE_LOOP('',(#3727,#3728,#3729,#3730));
#1015=EDGE_LOOP('',(#3731,#3732,#3733,#3734));
#1016=EDGE_LOOP('',(#3735,#3736,#3737,#3738));
#1017=EDGE_LOOP('',(#3739,#3740,#3741,#3742));
#1018=EDGE_LOOP('',(#3743,#3744,#3745,#3746));
#1019=EDGE_LOOP('',(#3747,#3748,#3749,#3750));
#1020=EDGE_LOOP('',(#3751,#3752,#3753));
#1021=EDGE_LOOP('',(#3754,#3755,#3756,#3757));
#1022=EDGE_LOOP('',(#3758,#3759,#3760,#3761));
#1023=EDGE_LOOP('',(#3762,#3763,#3764,#3765));
#1024=EDGE_LOOP('',(#3766,#3767,#3768,#3769));
#1025=EDGE_LOOP('',(#3770,#3771,#3772,#3773,#3774,#3775,#3776,#3777,#3778,
#3779));
#1026=EDGE_LOOP('',(#3780,#3781,#3782));
#1027=EDGE_LOOP('',(#3783,#3784,#3785,#3786));
#1028=EDGE_LOOP('',(#3787,#3788,#3789,#3790));
#1029=EDGE_LOOP('',(#3791,#3792,#3793,#3794));
#1030=EDGE_LOOP('',(#3795,#3796,#3797,#3798));
#1031=EDGE_LOOP('',(#3799,#3800,#3801,#3802));
#1032=EDGE_LOOP('',(#3803,#3804,#3805,#3806));
#1033=EDGE_LOOP('',(#3807,#3808,#3809,#3810));
#1034=EDGE_LOOP('',(#3811,#3812,#3813,#3814));
#1035=EDGE_LOOP('',(#3815,#3816,#3817,#3818));
#1036=EDGE_LOOP('',(#3819,#3820,#3821,#3822));
#1037=EDGE_LOOP('',(#3823,#3824,#3825,#3826));
#1038=EDGE_LOOP('',(#3827,#3828,#3829,#3830));
#1039=EDGE_LOOP('',(#3831,#3832,#3833,#3834));
#1040=EDGE_LOOP('',(#3835,#3836,#3837,#3838));
#1041=EDGE_LOOP('',(#3839,#3840,#3841,#3842));
#1042=EDGE_LOOP('',(#3843,#3844,#3845,#3846));
#1043=EDGE_LOOP('',(#3847,#3848,#3849,#3850));
#1044=EDGE_LOOP('',(#3851,#3852,#3853,#3854));
#1045=EDGE_LOOP('',(#3855,#3856,#3857,#3858));
#1046=EDGE_LOOP('',(#3859,#3860,#3861,#3862));
#1047=EDGE_LOOP('',(#3863,#3864,#3865,#3866));
#1048=EDGE_LOOP('',(#3867,#3868,#3869,#3870));
#1049=EDGE_LOOP('',(#3871,#3872,#3873,#3874));
#1050=EDGE_LOOP('',(#3875,#3876,#3877,#3878));
#1051=EDGE_LOOP('',(#3879,#3880,#3881,#3882));
#1052=EDGE_LOOP('',(#3883,#3884,#3885,#3886));
#1053=EDGE_LOOP('',(#3887,#3888,#3889,#3890));
#1054=EDGE_LOOP('',(#3891,#3892,#3893,#3894));
#1055=EDGE_LOOP('',(#3895,#3896,#3897,#3898));
#1056=EDGE_LOOP('',(#3899,#3900,#3901,#3902,#3903,#3904,#3905,#3906,#3907,
#3908,#3909,#3910,#3911,#3912,#3913,#3914,#3915,#3916,#3917,#3918,#3919,
#3920,#3921,#3922));
#1057=EDGE_LOOP('',(#3923,#3924,#3925,#3926));
#1058=EDGE_LOOP('',(#3927,#3928,#3929,#3930));
#1059=EDGE_LOOP('',(#3931,#3932,#3933));
#1060=EDGE_LOOP('',(#3934,#3935,#3936,#3937));
#1061=EDGE_LOOP('',(#3938,#3939,#3940,#3941));
#1062=EDGE_LOOP('',(#3942,#3943,#3944,#3945));
#1063=EDGE_LOOP('',(#3946,#3947,#3948,#3949));
#1064=EDGE_LOOP('',(#3950,#3951,#3952,#3953,#3954,#3955,#3956,#3957,#3958,
#3959));
#1065=EDGE_LOOP('',(#3960,#3961,#3962));
#1066=EDGE_LOOP('',(#3963,#3964,#3965,#3966));
#1067=EDGE_LOOP('',(#3967,#3968,#3969,#3970));
#1068=EDGE_LOOP('',(#3971,#3972,#3973,#3974));
#1069=EDGE_LOOP('',(#3975,#3976,#3977,#3978));
#1070=EDGE_LOOP('',(#3979,#3980,#3981,#3982));
#1071=EDGE_LOOP('',(#3983,#3984,#3985,#3986));
#1072=EDGE_LOOP('',(#3987,#3988,#3989,#3990));
#1073=EDGE_LOOP('',(#3991,#3992,#3993,#3994));
#1074=EDGE_LOOP('',(#3995,#3996,#3997,#3998));
#1075=EDGE_LOOP('',(#3999,#4000,#4001,#4002));
#1076=EDGE_LOOP('',(#4003,#4004,#4005,#4006));
#1077=EDGE_LOOP('',(#4007,#4008,#4009,#4010));
#1078=EDGE_LOOP('',(#4011,#4012,#4013,#4014));
#1079=EDGE_LOOP('',(#4015,#4016,#4017,#4018));
#1080=EDGE_LOOP('',(#4019,#4020,#4021,#4022));
#1081=EDGE_LOOP('',(#4023,#4024,#4025,#4026));
#1082=EDGE_LOOP('',(#4027,#4028,#4029,#4030));
#1083=EDGE_LOOP('',(#4031,#4032,#4033,#4034));
#1084=EDGE_LOOP('',(#4035,#4036,#4037,#4038));
#1085=EDGE_LOOP('',(#4039,#4040,#4041,#4042));
#1086=EDGE_LOOP('',(#4043,#4044,#4045,#4046));
#1087=EDGE_LOOP('',(#4047,#4048,#4049,#4050));
#1088=EDGE_LOOP('',(#4051,#4052,#4053,#4054));
#1089=EDGE_LOOP('',(#4055,#4056,#4057,#4058));
#1090=EDGE_LOOP('',(#4059,#4060,#4061,#4062));
#1091=EDGE_LOOP('',(#4063,#4064,#4065,#4066));
#1092=EDGE_LOOP('',(#4067,#4068,#4069,#4070));
#1093=EDGE_LOOP('',(#4071,#4072,#4073,#4074));
#1094=EDGE_LOOP('',(#4075,#4076,#4077,#4078));
#1095=EDGE_LOOP('',(#4079,#4080,#4081,#4082));
#1096=EDGE_LOOP('',(#4083,#4084,#4085,#4086));
#1097=EDGE_LOOP('',(#4087,#4088,#4089,#4090));
#1098=EDGE_LOOP('',(#4091,#4092,#4093,#4094));
#1099=EDGE_LOOP('',(#4095,#4096,#4097,#4098));
#1100=EDGE_LOOP('',(#4099,#4100,#4101,#4102));
#1101=EDGE_LOOP('',(#4103,#4104,#4105,#4106));
#1102=EDGE_LOOP('',(#4107,#4108,#4109,#4110));
#1103=EDGE_LOOP('',(#4111,#4112,#4113,#4114));
#1104=EDGE_LOOP('',(#4115,#4116,#4117,#4118));
#1105=EDGE_LOOP('',(#4119,#4120,#4121,#4122));
#1106=EDGE_LOOP('',(#4123,#4124,#4125,#4126));
#1107=EDGE_LOOP('',(#4127,#4128,#4129,#4130));
#1108=EDGE_LOOP('',(#4131,#4132,#4133,#4134));
#1109=EDGE_LOOP('',(#4135,#4136,#4137,#4138));
#1110=EDGE_LOOP('',(#4139,#4140,#4141,#4142));
#1111=EDGE_LOOP('',(#4143,#4144,#4145,#4146));
#1112=EDGE_LOOP('',(#4147,#4148,#4149,#4150));
#1113=EDGE_LOOP('',(#4151,#4152,#4153,#4154));
#1114=EDGE_LOOP('',(#4155,#4156,#4157,#4158));
#1115=EDGE_LOOP('',(#4159,#4160,#4161,#4162));
#1116=EDGE_LOOP('',(#4163,#4164,#4165,#4166));
#1117=EDGE_LOOP('',(#4167,#4168,#4169,#4170));
#1118=EDGE_LOOP('',(#4171,#4172,#4173,#4174));
#1119=EDGE_LOOP('',(#4175,#4176,#4177,#4178));
#1120=EDGE_LOOP('',(#4179,#4180,#4181,#4182));
#1121=EDGE_LOOP('',(#4183,#4184,#4185,#4186));
#1122=EDGE_LOOP('',(#4187,#4188,#4189,#4190));
#1123=EDGE_LOOP('',(#4191,#4192,#4193,#4194));
#1124=EDGE_LOOP('',(#4195,#4196,#4197,#4198));
#1125=EDGE_LOOP('',(#4199,#4200,#4201,#4202));
#1126=EDGE_LOOP('',(#4203,#4204,#4205,#4206));
#1127=EDGE_LOOP('',(#4207,#4208,#4209,#4210));
#1128=EDGE_LOOP('',(#4211,#4212,#4213,#4214));
#1129=EDGE_LOOP('',(#4215,#4216,#4217,#4218));
#1130=EDGE_LOOP('',(#4219,#4220,#4221,#4222));
#1131=EDGE_LOOP('',(#4223,#4224,#4225,#4226));
#1132=EDGE_LOOP('',(#4227,#4228,#4229,#4230));
#1133=EDGE_LOOP('',(#4231,#4232,#4233,#4234));
#1134=EDGE_LOOP('',(#4235,#4236,#4237,#4238));
#1135=EDGE_LOOP('',(#4239,#4240,#4241,#4242));
#1136=EDGE_LOOP('',(#4243,#4244,#4245,#4246));
#1137=EDGE_LOOP('',(#4247,#4248,#4249,#4250));
#1138=EDGE_LOOP('',(#4251,#4252,#4253,#4254));
#1139=EDGE_LOOP('',(#4255,#4256,#4257,#4258));
#1140=EDGE_LOOP('',(#4259,#4260,#4261,#4262));
#1141=EDGE_LOOP('',(#4263,#4264,#4265,#4266));
#1142=EDGE_LOOP('',(#4267,#4268,#4269,#4270));
#1143=EDGE_LOOP('',(#4271,#4272,#4273,#4274));
#1144=EDGE_LOOP('',(#4275,#4276,#4277,#4278));
#1145=EDGE_LOOP('',(#4279,#4280,#4281,#4282));
#1146=EDGE_LOOP('',(#4283,#4284,#4285,#4286));
#1147=EDGE_LOOP('',(#4287,#4288,#4289,#4290));
#1148=EDGE_LOOP('',(#4291,#4292,#4293,#4294));
#1149=EDGE_LOOP('',(#4295,#4296,#4297,#4298));
#1150=EDGE_LOOP('',(#4299,#4300,#4301,#4302));
#1151=EDGE_LOOP('',(#4303,#4304,#4305,#4306));
#1152=EDGE_LOOP('',(#4307,#4308,#4309,#4310));
#1153=EDGE_LOOP('',(#4311,#4312,#4313,#4314));
#1154=EDGE_LOOP('',(#4315,#4316,#4317,#4318));
#1155=EDGE_LOOP('',(#4319,#4320,#4321,#4322));
#1156=EDGE_LOOP('',(#4323,#4324,#4325,#4326));
#1157=EDGE_LOOP('',(#4327,#4328,#4329,#4330));
#1158=EDGE_LOOP('',(#4331,#4332,#4333,#4334));
#1159=EDGE_LOOP('',(#4335,#4336,#4337,#4338));
#1160=EDGE_LOOP('',(#4339,#4340,#4341,#4342));
#1161=EDGE_LOOP('',(#4343,#4344,#4345,#4346));
#1162=EDGE_LOOP('',(#4347,#4348,#4349,#4350));
#1163=EDGE_LOOP('',(#4351,#4352,#4353,#4354));
#1164=EDGE_LOOP('',(#4355,#4356,#4357,#4358));
#1165=EDGE_LOOP('',(#4359,#4360,#4361,#4362));
#1166=EDGE_LOOP('',(#4363,#4364,#4365,#4366));
#1167=EDGE_LOOP('',(#4367,#4368,#4369,#4370));
#1168=EDGE_LOOP('',(#4371,#4372,#4373,#4374));
#1169=EDGE_LOOP('',(#4375,#4376,#4377,#4378));
#1170=EDGE_LOOP('',(#4379,#4380,#4381,#4382));
#1171=EDGE_LOOP('',(#4383,#4384,#4385,#4386));
#1172=EDGE_LOOP('',(#4387,#4388,#4389,#4390));
#1173=EDGE_LOOP('',(#4391,#4392,#4393,#4394));
#1174=EDGE_LOOP('',(#4395,#4396,#4397,#4398));
#1175=EDGE_LOOP('',(#4399,#4400,#4401,#4402));
#1176=EDGE_LOOP('',(#4403,#4404,#4405,#4406));
#1177=EDGE_LOOP('',(#4407,#4408,#4409,#4410));
#1178=EDGE_LOOP('',(#4411,#4412,#4413,#4414));
#1179=EDGE_LOOP('',(#4415,#4416,#4417,#4418));
#1180=EDGE_LOOP('',(#4419,#4420,#4421,#4422));
#1181=EDGE_LOOP('',(#4423,#4424,#4425,#4426));
#1182=EDGE_LOOP('',(#4427,#4428,#4429,#4430));
#1183=EDGE_LOOP('',(#4431,#4432,#4433,#4434));
#1184=EDGE_LOOP('',(#4435,#4436,#4437,#4438));
#1185=EDGE_LOOP('',(#4439,#4440,#4441,#4442));
#1186=EDGE_LOOP('',(#4443,#4444,#4445,#4446,#4447));
#1187=EDGE_LOOP('',(#4448,#4449,#4450,#4451));
#1188=EDGE_LOOP('',(#4452,#4453,#4454,#4455));
#1189=EDGE_LOOP('',(#4456,#4457,#4458,#4459));
#1190=EDGE_LOOP('',(#4460,#4461,#4462,#4463,#4464));
#1191=EDGE_LOOP('',(#4465,#4466,#4467,#4468));
#1192=LINE('',#7285,#1537);
#1193=LINE('',#7297,#1538);
#1194=LINE('',#7300,#1539);
#1195=LINE('',#7302,#1540);
#1196=LINE('',#7304,#1541);
#1197=LINE('',#7306,#1542);
#1198=LINE('',#7308,#1543);
#1199=LINE('',#7310,#1544);
#1200=LINE('',#7311,#1545);
#1201=LINE('',#7326,#1546);
#1202=LINE('',#7338,#1547);
#1203=LINE('',#7341,#1548);
#1204=LINE('',#7343,#1549);
#1205=LINE('',#7345,#1550);
#1206=LINE('',#7347,#1551);
#1207=LINE('',#7349,#1552);
#1208=LINE('',#7351,#1553);
#1209=LINE('',#7353,#1554);
#1210=LINE('',#7355,#1555);
#1211=LINE('',#7357,#1556);
#1212=LINE('',#7359,#1557);
#1213=LINE('',#7361,#1558);
#1214=LINE('',#7363,#1559);
#1215=LINE('',#7365,#1560);
#1216=LINE('',#7367,#1561);
#1217=LINE('',#7369,#1562);
#1218=LINE('',#7371,#1563);
#1219=LINE('',#7373,#1564);
#1220=LINE('',#7375,#1565);
#1221=LINE('',#7377,#1566);
#1222=LINE('',#7379,#1567);
#1223=LINE('',#7381,#1568);
#1224=LINE('',#7383,#1569);
#1225=LINE('',#7384,#1570);
#1226=LINE('',#7389,#1571);
#1227=LINE('',#7394,#1572);
#1228=LINE('',#7399,#1573);
#1229=LINE('',#7402,#1574);
#1230=LINE('',#7406,#1575);
#1231=LINE('',#7407,#1576);
#1232=LINE('',#7423,#1577);
#1233=LINE('',#7437,#1578);
#1234=LINE('',#7440,#1579);
#1235=LINE('',#7444,#1580);
#1236=LINE('',#7448,#1581);
#1237=LINE('',#7452,#1582);
#1238=LINE('',#7456,#1583);
#1239=LINE('',#7460,#1584);
#1240=LINE('',#7464,#1585);
#1241=LINE('',#7468,#1586);
#1242=LINE('',#7472,#1587);
#1243=LINE('',#7476,#1588);
#1244=LINE('',#7478,#1589);
#1245=LINE('',#7482,#1590);
#1246=LINE('',#7486,#1591);
#1247=LINE('',#7488,#1592);
#1248=LINE('',#7492,#1593);
#1249=LINE('',#7496,#1594);
#1250=LINE('',#7500,#1595);
#1251=LINE('',#7504,#1596);
#1252=LINE('',#7508,#1597);
#1253=LINE('',#7512,#1598);
#1254=LINE('',#7516,#1599);
#1255=LINE('',#7520,#1600);
#1256=LINE('',#7524,#1601);
#1257=LINE('',#7528,#1602);
#1258=LINE('',#7532,#1603);
#1259=LINE('',#7536,#1604);
#1260=LINE('',#7540,#1605);
#1261=LINE('',#7544,#1606);
#1262=LINE('',#7548,#1607);
#1263=LINE('',#7552,#1608);
#1264=LINE('',#7556,#1609);
#1265=LINE('',#7560,#1610);
#1266=LINE('',#7562,#1611);
#1267=LINE('',#7566,#1612);
#1268=LINE('',#7570,#1613);
#1269=LINE('',#7572,#1614);
#1270=LINE('',#7576,#1615);
#1271=LINE('',#7580,#1616);
#1272=LINE('',#7584,#1617);
#1273=LINE('',#7588,#1618);
#1274=LINE('',#7592,#1619);
#1275=LINE('',#7596,#1620);
#1276=LINE('',#7600,#1621);
#1277=LINE('',#7604,#1622);
#1278=LINE('',#7607,#1623);
#1279=LINE('',#7611,#1624);
#1280=LINE('',#7615,#1625);
#1281=LINE('',#7619,#1626);
#1282=LINE('',#7631,#1627);
#1283=LINE('',#7635,#1628);
#1284=LINE('',#7639,#1629);
#1285=LINE('',#7643,#1630);
#1286=LINE('',#7663,#1631);
#1287=LINE('',#7671,#1632);
#1288=LINE('',#7679,#1633);
#1289=LINE('',#7687,#1634);
#1290=LINE('',#7695,#1635);
#1291=LINE('',#7703,#1636);
#1292=LINE('',#7711,#1637);
#1293=LINE('',#7719,#1638);
#1294=LINE('',#7756,#1639);
#1295=LINE('',#7760,#1640);
#1296=LINE('',#7764,#1641);
#1297=LINE('',#7768,#1642);
#1298=LINE('',#7774,#1643);
#1299=LINE('',#7777,#1644);
#1300=LINE('',#7783,#1645);
#1301=LINE('',#7786,#1646);
#1302=LINE('',#7790,#1647);
#1303=LINE('',#7794,#1648);
#1304=LINE('',#7798,#1649);
#1305=LINE('',#7802,#1650);
#1306=LINE('',#7849,#1651);
#1307=LINE('',#7852,#1652);
#1308=LINE('',#7853,#1653);
#1309=LINE('',#7923,#1654);
#1310=LINE('',#7926,#1655);
#1311=LINE('',#7927,#1656);
#1312=LINE('',#7931,#1657);
#1313=LINE('',#7935,#1658);
#1314=LINE('',#7939,#1659);
#1315=LINE('',#7943,#1660);
#1316=LINE('',#7946,#1661);
#1317=LINE('',#7950,#1662);
#1318=LINE('',#7951,#1663);
#1319=LINE('',#7954,#1664);
#1320=LINE('',#7955,#1665);
#1321=LINE('',#7995,#1666);
#1322=LINE('',#7999,#1667);
#1323=LINE('',#8000,#1668);
#1324=LINE('',#8003,#1669);
#1325=LINE('',#8004,#1670);
#1326=LINE('',#8009,#1671);
#1327=LINE('',#8013,#1672);
#1328=LINE('',#8017,#1673);
#1329=LINE('',#8021,#1674);
#1330=LINE('',#8023,#1675);
#1331=LINE('',#8025,#1676);
#1332=LINE('',#8027,#1677);
#1333=LINE('',#8029,#1678);
#1334=LINE('',#8035,#1679);
#1335=LINE('',#8038,#1680);
#1336=LINE('',#8044,#1681);
#1337=LINE('',#8048,#1682);
#1338=LINE('',#8052,#1683);
#1339=LINE('',#8055,#1684);
#1340=LINE('',#8077,#1685);
#1341=LINE('',#8084,#1686);
#1342=LINE('',#8088,#1687);
#1343=LINE('',#8092,#1688);
#1344=LINE('',#8095,#1689);
#1345=LINE('',#8100,#1690);
#1346=LINE('',#8101,#1691);
#1347=LINE('',#8103,#1692);
#1348=LINE('',#8104,#1693);
#1349=LINE('',#8106,#1694);
#1350=LINE('',#8111,#1695);
#1351=LINE('',#8112,#1696);
#1352=LINE('',#8119,#1697);
#1353=LINE('',#8131,#1698);
#1354=LINE('',#8132,#1699);
#1355=LINE('',#8135,#1700);
#1356=LINE('',#8148,#1701);
#1357=LINE('',#8155,#1702);
#1358=LINE('',#8159,#1703);
#1359=LINE('',#8163,#1704);
#1360=LINE('',#8166,#1705);
#1361=LINE('',#8172,#1706);
#1362=LINE('',#8176,#1707);
#1363=LINE('',#8180,#1708);
#1364=LINE('',#8183,#1709);
#1365=LINE('',#8189,#1710);
#1366=LINE('',#8193,#1711);
#1367=LINE('',#8197,#1712);
#1368=LINE('',#8200,#1713);
#1369=LINE('',#8206,#1714);
#1370=LINE('',#8210,#1715);
#1371=LINE('',#8214,#1716);
#1372=LINE('',#8217,#1717);
#1373=LINE('',#8219,#1718);
#1374=LINE('',#8226,#1719);
#1375=LINE('',#8239,#1720);
#1376=LINE('',#8242,#1721);
#1377=LINE('',#8248,#1722);
#1378=LINE('',#8252,#1723);
#1379=LINE('',#8256,#1724);
#1380=LINE('',#8259,#1725);
#1381=LINE('',#8264,#1726);
#1382=LINE('',#8265,#1727);
#1383=LINE('',#8267,#1728);
#1384=LINE('',#8272,#1729);
#1385=LINE('',#8273,#1730);
#1386=LINE('',#8283,#1731);
#1387=LINE('',#8287,#1732);
#1388=LINE('',#8291,#1733);
#1389=LINE('',#8297,#1734);
#1390=LINE('',#8301,#1735);
#1391=LINE('',#8305,#1736);
#1392=LINE('',#8308,#1737);
#1393=LINE('',#8313,#1738);
#1394=LINE('',#8317,#1739);
#1395=LINE('',#8321,#1740);
#1396=LINE('',#8327,#1741);
#1397=LINE('',#8331,#1742);
#1398=LINE('',#8335,#1743);
#1399=LINE('',#8343,#1744);
#1400=LINE('',#8347,#1745);
#1401=LINE('',#8350,#1746);
#1402=LINE('',#8357,#1747);
#1403=LINE('',#8361,#1748);
#1404=LINE('',#8364,#1749);
#1405=LINE('',#8369,#1750);
#1406=LINE('',#8370,#1751);
#1407=LINE('',#8373,#1752);
#1408=LINE('',#8374,#1753);
#1409=LINE('',#8378,#1754);
#1410=LINE('',#8381,#1755);
#1411=LINE('',#8382,#1756);
#1412=LINE('',#8386,#1757);
#1413=LINE('',#8389,#1758);
#1414=LINE('',#8390,#1759);
#1415=LINE('',#8394,#1760);
#1416=LINE('',#8396,#1761);
#1417=LINE('',#8400,#1762);
#1418=LINE('',#8401,#1763);
#1419=LINE('',#8402,#1764);
#1420=LINE('',#8406,#1765);
#1421=LINE('',#8409,#1766);
#1422=LINE('',#8410,#1767);
#1423=LINE('',#8416,#1768);
#1424=LINE('',#8419,#1769);
#1425=LINE('',#8420,#1770);
#1426=LINE('',#8424,#1771);
#1427=LINE('',#8427,#1772);
#1428=LINE('',#8428,#1773);
#1429=LINE('',#8432,#1774);
#1430=LINE('',#8435,#1775);
#1431=LINE('',#8436,#1776);
#1432=LINE('',#8442,#1777);
#1433=LINE('',#8445,#1778);
#1434=LINE('',#8446,#1779);
#1435=LINE('',#8477,#1780);
#1436=LINE('',#8480,#1781);
#1437=LINE('',#8481,#1782);
#1438=LINE('',#8485,#1783);
#1439=LINE('',#8487,#1784);
#1440=LINE('',#8489,#1785);
#1441=LINE('',#8491,#1786);
#1442=LINE('',#8492,#1787);
#1443=LINE('',#8523,#1788);
#1444=LINE('',#8528,#1789);
#1445=LINE('',#8529,#1790);
#1446=LINE('',#8532,#1791);
#1447=LINE('',#8533,#1792);
#1448=LINE('',#8537,#1793);
#1449=LINE('',#8540,#1794);
#1450=LINE('',#8541,#1795);
#1451=LINE('',#8545,#1796);
#1452=LINE('',#8548,#1797);
#1453=LINE('',#8549,#1798);
#1454=LINE('',#8553,#1799);
#1455=LINE('',#8558,#1800);
#1456=LINE('',#8559,#1801);
#1457=LINE('',#8562,#1802);
#1458=LINE('',#8563,#1803);
#1459=LINE('',#8567,#1804);
#1460=LINE('',#8570,#1805);
#1461=LINE('',#8571,#1806);
#1462=LINE('',#8575,#1807);
#1463=LINE('',#8578,#1808);
#1464=LINE('',#8579,#1809);
#1465=LINE('',#8583,#1810);
#1466=LINE('',#8588,#1811);
#1467=LINE('',#8589,#1812);
#1468=LINE('',#8592,#1813);
#1469=LINE('',#8593,#1814);
#1470=LINE('',#8597,#1815);
#1471=LINE('',#8600,#1816);
#1472=LINE('',#8601,#1817);
#1473=LINE('',#8605,#1818);
#1474=LINE('',#8608,#1819);
#1475=LINE('',#8609,#1820);
#1476=LINE('',#8613,#1821);
#1477=LINE('',#8618,#1822);
#1478=LINE('',#8619,#1823);
#1479=LINE('',#8622,#1824);
#1480=LINE('',#8623,#1825);
#1481=LINE('',#8627,#1826);
#1482=LINE('',#8630,#1827);
#1483=LINE('',#8631,#1828);
#1484=LINE('',#8635,#1829);
#1485=LINE('',#8638,#1830);
#1486=LINE('',#8639,#1831);
#1487=LINE('',#8643,#1832);
#1488=LINE('',#8645,#1833);
#1489=LINE('',#8646,#1834);
#1490=LINE('',#8647,#1835);
#1491=LINE('',#8648,#1836);
#1492=LINE('',#8650,#1837);
#1493=LINE('',#8651,#1838);
#1494=LINE('',#8655,#1839);
#1495=LINE('',#8658,#1840);
#1496=LINE('',#8659,#1841);
#1497=LINE('',#8690,#1842);
#1498=LINE('',#8693,#1843);
#1499=LINE('',#8694,#1844);
#1500=LINE('',#8698,#1845);
#1501=LINE('',#8700,#1846);
#1502=LINE('',#8702,#1847);
#1503=LINE('',#8704,#1848);
#1504=LINE('',#8705,#1849);
#1505=LINE('',#8738,#1850);
#1506=LINE('',#8741,#1851);
#1507=LINE('',#8742,#1852);
#1508=LINE('',#8746,#1853);
#1509=LINE('',#8749,#1854);
#1510=LINE('',#8750,#1855);
#1511=LINE('',#8754,#1856);
#1512=LINE('',#8757,#1857);
#1513=LINE('',#8758,#1858);
#1514=LINE('',#8764,#1859);
#1515=LINE('',#8767,#1860);
#1516=LINE('',#8768,#1861);
#1517=LINE('',#8772,#1862);
#1518=LINE('',#8775,#1863);
#1519=LINE('',#8776,#1864);
#1520=LINE('',#8780,#1865);
#1521=LINE('',#8783,#1866);
#1522=LINE('',#8784,#1867);
#1523=LINE('',#8790,#1868);
#1524=LINE('',#8793,#1869);
#1525=LINE('',#8794,#1870);
#1526=LINE('',#8806,#1871);
#1527=LINE('',#8809,#1872);
#1528=LINE('',#8841,#1873);
#1529=LINE('',#8871,#1874);
#1530=LINE('',#8874,#1875);
#1531=LINE('',#9056,#1876);
#1532=LINE('',#9058,#1877);
#1533=LINE('',#9060,#1878);
#1534=LINE('',#9062,#1879);
#1535=LINE('',#9064,#1880);
#1536=LINE('',#9066,#1881);
#1537=VECTOR('',#5605,10.);
#1538=VECTOR('',#5606,10.);
#1539=VECTOR('',#5609,0.3);
#1540=VECTOR('',#5610,10.);
#1541=VECTOR('',#5611,10.);
#1542=VECTOR('',#5612,10.);
#1543=VECTOR('',#5613,10.);
#1544=VECTOR('',#5614,3.00000000000004);
#1545=VECTOR('',#5615,10.);
#1546=VECTOR('',#5618,10.);
#1547=VECTOR('',#5619,10.);
#1548=VECTOR('',#5622,0.3);
#1549=VECTOR('',#5623,10.);
#1550=VECTOR('',#5624,10.);
#1551=VECTOR('',#5625,10.);
#1552=VECTOR('',#5626,10.);
#1553=VECTOR('',#5627,10.);
#1554=VECTOR('',#5628,10.);
#1555=VECTOR('',#5629,10.);
#1556=VECTOR('',#5630,10.);
#1557=VECTOR('',#5631,10.);
#1558=VECTOR('',#5632,10.);
#1559=VECTOR('',#5633,10.);
#1560=VECTOR('',#5634,10.);
#1561=VECTOR('',#5635,10.);
#1562=VECTOR('',#5636,10.);
#1563=VECTOR('',#5637,10.);
#1564=VECTOR('',#5638,10.);
#1565=VECTOR('',#5639,10.);
#1566=VECTOR('',#5640,10.);
#1567=VECTOR('',#5641,10.);
#1568=VECTOR('',#5642,10.);
#1569=VECTOR('',#5643,10.);
#1570=VECTOR('',#5644,10.);
#1571=VECTOR('',#5649,10.);
#1572=VECTOR('',#5654,10.);
#1573=VECTOR('',#5661,0.3);
#1574=VECTOR('',#5664,10.);
#1575=VECTOR('',#5669,0.3);
#1576=VECTOR('',#5670,10.);
#1577=VECTOR('',#5677,10.);
#1578=VECTOR('',#5682,10.);
#1579=VECTOR('',#5685,10.);
#1580=VECTOR('',#5688,10.);
#1581=VECTOR('',#5691,10.);
#1582=VECTOR('',#5694,10.);
#1583=VECTOR('',#5697,10.);
#1584=VECTOR('',#5700,10.);
#1585=VECTOR('',#5703,10.);
#1586=VECTOR('',#5706,10.);
#1587=VECTOR('',#5709,10.);
#1588=VECTOR('',#5712,10.);
#1589=VECTOR('',#5713,10.);
#1590=VECTOR('',#5716,10.);
#1591=VECTOR('',#5719,10.);
#1592=VECTOR('',#5720,10.);
#1593=VECTOR('',#5723,10.);
#1594=VECTOR('',#5726,10.);
#1595=VECTOR('',#5729,10.);
#1596=VECTOR('',#5732,10.);
#1597=VECTOR('',#5735,10.);
#1598=VECTOR('',#5738,10.);
#1599=VECTOR('',#5741,10.);
#1600=VECTOR('',#5744,10.);
#1601=VECTOR('',#5747,10.);
#1602=VECTOR('',#5750,10.);
#1603=VECTOR('',#5753,10.);
#1604=VECTOR('',#5756,10.);
#1605=VECTOR('',#5759,10.);
#1606=VECTOR('',#5762,10.);
#1607=VECTOR('',#5765,10.);
#1608=VECTOR('',#5768,0.2);
#1609=VECTOR('',#5771,10.);
#1610=VECTOR('',#5774,10.);
#1611=VECTOR('',#5775,10.);
#1612=VECTOR('',#5778,10.);
#1613=VECTOR('',#5781,10.);
#1614=VECTOR('',#5782,10.);
#1615=VECTOR('',#5785,10.);
#1616=VECTOR('',#5788,10.);
#1617=VECTOR('',#5791,10.);
#1618=VECTOR('',#5794,10.);
#1619=VECTOR('',#5797,10.);
#1620=VECTOR('',#5800,10.);
#1621=VECTOR('',#5803,10.);
#1622=VECTOR('',#5806,10.);
#1623=VECTOR('',#5809,10.);
#1624=VECTOR('',#5812,10.);
#1625=VECTOR('',#5815,10.);
#1626=VECTOR('',#5818,10.);
#1627=VECTOR('',#5829,10.);
#1628=VECTOR('',#5832,10.);
#1629=VECTOR('',#5835,10.);
#1630=VECTOR('',#5838,10.);
#1631=VECTOR('',#5865,1.55);
#1632=VECTOR('',#5876,1.55);
#1633=VECTOR('',#5887,1.55000000000001);
#1634=VECTOR('',#5898,1.55000000000001);
#1635=VECTOR('',#5909,1.55000000000001);
#1636=VECTOR('',#5920,1.55000000000001);
#1637=VECTOR('',#5931,1.55000000000001);
#1638=VECTOR('',#5942,1.55);
#1639=VECTOR('',#5997,1.39999999999999);
#1640=VECTOR('',#6002,1.39999999999999);
#1641=VECTOR('',#6007,1.39999999999997);
#1642=VECTOR('',#6012,1.39999999999997);
#1643=VECTOR('',#6017,10.);
#1644=VECTOR('',#6020,10.);
#1645=VECTOR('',#6025,10.);
#1646=VECTOR('',#6028,10.);
#1647=VECTOR('',#6033,1.39999999999999);
#1648=VECTOR('',#6038,1.3);
#1649=VECTOR('',#6043,1.39999999999997);
#1650=VECTOR('',#6048,1.39999999999997);
#1651=VECTOR('',#6069,10.);
#1652=VECTOR('',#6072,10.);
#1653=VECTOR('',#6073,10.);
#1654=VECTOR('',#6088,10.);
#1655=VECTOR('',#6091,10.);
#1656=VECTOR('',#6092,10.);
#1657=VECTOR('',#6097,1.64999999999999);
#1658=VECTOR('',#6102,1.64999999999999);
#1659=VECTOR('',#6107,1.64999999999997);
#1660=VECTOR('',#6112,1.64999999999997);
#1661=VECTOR('',#6115,10.);
#1662=VECTOR('',#6118,10.);
#1663=VECTOR('',#6119,10.);
#1664=VECTOR('',#6122,10.);
#1665=VECTOR('',#6123,10.);
#1666=VECTOR('',#6134,10.);
#1667=VECTOR('',#6137,10.);
#1668=VECTOR('',#6138,10.);
#1669=VECTOR('',#6141,10.);
#1670=VECTOR('',#6142,10.);
#1671=VECTOR('',#6149,1.64999999999999);
#1672=VECTOR('',#6154,1.55);
#1673=VECTOR('',#6159,1.64999999999997);
#1674=VECTOR('',#6164,1.64999999999997);
#1675=VECTOR('',#6167,10.);
#1676=VECTOR('',#6170,10.);
#1677=VECTOR('',#6173,10.);
#1678=VECTOR('',#6176,10.);
#1679=VECTOR('',#6181,10.);
#1680=VECTOR('',#6184,10.);
#1681=VECTOR('',#6189,10.);
#1682=VECTOR('',#6192,10.);
#1683=VECTOR('',#6195,10.);
#1684=VECTOR('',#6198,10.);
#1685=VECTOR('',#6211,10.);
#1686=VECTOR('',#6218,10.);
#1687=VECTOR('',#6221,10.);
#1688=VECTOR('',#6224,10.);
#1689=VECTOR('',#6227,10.);
#1690=VECTOR('',#6232,10.);
#1691=VECTOR('',#6233,10.);
#1692=VECTOR('',#6236,10.);
#1693=VECTOR('',#6237,10.);
#1694=VECTOR('',#6240,10.);
#1695=VECTOR('',#6245,10.);
#1696=VECTOR('',#6246,10.);
#1697=VECTOR('',#6255,10.);
#1698=VECTOR('',#6258,10.);
#1699=VECTOR('',#6259,10.);
#1700=VECTOR('',#6262,10.);
#1701=VECTOR('',#6265,10.);
#1702=VECTOR('',#6272,10.);
#1703=VECTOR('',#6275,10.);
#1704=VECTOR('',#6278,10.);
#1705=VECTOR('',#6281,10.);
#1706=VECTOR('',#6286,10.);
#1707=VECTOR('',#6289,10.);
#1708=VECTOR('',#6292,10.);
#1709=VECTOR('',#6295,10.);
#1710=VECTOR('',#6300,10.);
#1711=VECTOR('',#6303,10.);
#1712=VECTOR('',#6306,10.);
#1713=VECTOR('',#6309,10.);
#1714=VECTOR('',#6314,10.);
#1715=VECTOR('',#6317,10.);
#1716=VECTOR('',#6320,10.);
#1717=VECTOR('',#6323,10.);
#1718=VECTOR('',#6326,10.);
#1719=VECTOR('',#6335,10.);
#1720=VECTOR('',#6338,10.);
#1721=VECTOR('',#6341,10.);
#1722=VECTOR('',#6346,10.);
#1723=VECTOR('',#6349,10.);
#1724=VECTOR('',#6352,10.);
#1725=VECTOR('',#6355,10.);
#1726=VECTOR('',#6360,10.);
#1727=VECTOR('',#6361,10.);
#1728=VECTOR('',#6364,10.);
#1729=VECTOR('',#6369,10.);
#1730=VECTOR('',#6370,10.);
#1731=VECTOR('',#6383,10.);
#1732=VECTOR('',#6386,10.);
#1733=VECTOR('',#6389,10.);
#1734=VECTOR('',#6396,10.);
#1735=VECTOR('',#6399,10.);
#1736=VECTOR('',#6402,10.);
#1737=VECTOR('',#6407,10.);
#1738=VECTOR('',#6412,10.);
#1739=VECTOR('',#6415,10.);
#1740=VECTOR('',#6418,10.);
#1741=VECTOR('',#6425,10.);
#1742=VECTOR('',#6428,10.);
#1743=VECTOR('',#6431,10.);
#1744=VECTOR('',#6442,10.);
#1745=VECTOR('',#6445,10.);
#1746=VECTOR('',#6448,10.);
#1747=VECTOR('',#6457,10.);
#1748=VECTOR('',#6460,10.);
#1749=VECTOR('',#6463,10.);
#1750=VECTOR('',#6468,10.);
#1751=VECTOR('',#6469,10.);
#1752=VECTOR('',#6472,10.);
#1753=VECTOR('',#6473,10.);
#1754=VECTOR('',#6478,10.);
#1755=VECTOR('',#6481,10.);
#1756=VECTOR('',#6482,10.);
#1757=VECTOR('',#6487,10.);
#1758=VECTOR('',#6490,10.);
#1759=VECTOR('',#6491,10.);
#1760=VECTOR('',#6496,10.);
#1761=VECTOR('',#6499,10.);
#1762=VECTOR('',#6502,10.);
#1763=VECTOR('',#6503,10.);
#1764=VECTOR('',#6504,10.);
#1765=VECTOR('',#6509,10.);
#1766=VECTOR('',#6512,10.);
#1767=VECTOR('',#6513,10.);
#1768=VECTOR('',#6522,10.);
#1769=VECTOR('',#6525,10.);
#1770=VECTOR('',#6526,10.);
#1771=VECTOR('',#6531,10.);
#1772=VECTOR('',#6534,10.);
#1773=VECTOR('',#6535,10.);
#1774=VECTOR('',#6540,10.);
#1775=VECTOR('',#6543,10.);
#1776=VECTOR('',#6544,10.);
#1777=VECTOR('',#6553,10.);
#1778=VECTOR('',#6556,10.);
#1779=VECTOR('',#6557,10.);
#1780=VECTOR('',#6566,10.);
#1781=VECTOR('',#6569,10.);
#1782=VECTOR('',#6570,10.);
#1783=VECTOR('',#6575,10.);
#1784=VECTOR('',#6578,10.);
#1785=VECTOR('',#6581,10.);
#1786=VECTOR('',#6582,10.);
#1787=VECTOR('',#6583,10.);
#1788=VECTOR('',#6592,10.);
#1789=VECTOR('',#6597,10.);
#1790=VECTOR('',#6598,10.);
#1791=VECTOR('',#6601,10.);
#1792=VECTOR('',#6602,10.);
#1793=VECTOR('',#6607,10.);
#1794=VECTOR('',#6610,10.);
#1795=VECTOR('',#6611,10.);
#1796=VECTOR('',#6616,10.);
#1797=VECTOR('',#6619,10.);
#1798=VECTOR('',#6620,10.);
#1799=VECTOR('',#6625,10.);
#1800=VECTOR('',#6630,10.);
#1801=VECTOR('',#6631,10.);
#1802=VECTOR('',#6634,10.);
#1803=VECTOR('',#6635,10.);
#1804=VECTOR('',#6640,10.);
#1805=VECTOR('',#6643,10.);
#1806=VECTOR('',#6644,10.);
#1807=VECTOR('',#6649,10.);
#1808=VECTOR('',#6652,10.);
#1809=VECTOR('',#6653,10.);
#1810=VECTOR('',#6658,10.);
#1811=VECTOR('',#6663,10.);
#1812=VECTOR('',#6664,10.);
#1813=VECTOR('',#6667,10.);
#1814=VECTOR('',#6668,10.);
#1815=VECTOR('',#6673,10.);
#1816=VECTOR('',#6676,10.);
#1817=VECTOR('',#6677,10.);
#1818=VECTOR('',#6682,10.);
#1819=VECTOR('',#6685,10.);
#1820=VECTOR('',#6686,10.);
#1821=VECTOR('',#6691,10.);
#1822=VECTOR('',#6696,10.);
#1823=VECTOR('',#6697,10.);
#1824=VECTOR('',#6700,10.);
#1825=VECTOR('',#6701,10.);
#1826=VECTOR('',#6706,10.);
#1827=VECTOR('',#6709,10.);
#1828=VECTOR('',#6710,10.);
#1829=VECTOR('',#6715,10.);
#1830=VECTOR('',#6718,10.);
#1831=VECTOR('',#6719,10.);
#1832=VECTOR('',#6724,10.);
#1833=VECTOR('',#6727,10.);
#1834=VECTOR('',#6728,10.);
#1835=VECTOR('',#6729,10.);
#1836=VECTOR('',#6730,10.);
#1837=VECTOR('',#6731,10.);
#1838=VECTOR('',#6732,10.);
#1839=VECTOR('',#6737,10.);
#1840=VECTOR('',#6740,10.);
#1841=VECTOR('',#6741,10.);
#1842=VECTOR('',#6750,10.);
#1843=VECTOR('',#6753,10.);
#1844=VECTOR('',#6754,10.);
#1845=VECTOR('',#6759,10.);
#1846=VECTOR('',#6762,10.);
#1847=VECTOR('',#6765,10.);
#1848=VECTOR('',#6766,10.);
#1849=VECTOR('',#6767,10.);
#1850=VECTOR('',#6780,10.);
#1851=VECTOR('',#6783,10.);
#1852=VECTOR('',#6784,10.);
#1853=VECTOR('',#6789,10.);
#1854=VECTOR('',#6792,10.);
#1855=VECTOR('',#6793,10.);
#1856=VECTOR('',#6798,10.);
#1857=VECTOR('',#6801,10.);
#1858=VECTOR('',#6802,10.);
#1859=VECTOR('',#6811,10.);
#1860=VECTOR('',#6814,10.);
#1861=VECTOR('',#6815,10.);
#1862=VECTOR('',#6820,10.);
#1863=VECTOR('',#6823,10.);
#1864=VECTOR('',#6824,10.);
#1865=VECTOR('',#6829,10.);
#1866=VECTOR('',#6832,10.);
#1867=VECTOR('',#6833,10.);
#1868=VECTOR('',#6842,10.);
#1869=VECTOR('',#6845,10.);
#1870=VECTOR('',#6846,10.);
#1871=VECTOR('',#6865,10.);
#1872=VECTOR('',#6870,10.);
#1873=VECTOR('',#6879,10.);
#1874=VECTOR('',#6886,10.);
#1875=VECTOR('',#6889,10.);
#1876=VECTOR('',#7252,2.99999999999999);
#1877=VECTOR('',#7255,10.);
#1878=VECTOR('',#7258,10.);
#1879=VECTOR('',#7261,10.);
#1880=VECTOR('',#7264,10.);
#1881=VECTOR('',#7267,10.);
#1882=B_SPLINE_CURVE_WITH_KNOTS('',3,(#7274,#7275,#7276,#7277,#7278,#7279,
#7280,#7281,#7282,#7283),.UNSPECIFIED.,.F.,.F.,(4,2,2,2,4),(0.,0.014263909290214,
0.0285278185804281,0.0382009107484971,0.047874002916566),.UNSPECIFIED.);
#1883=B_SPLINE_CURVE_WITH_KNOTS('',3,(#7287,#7288,#7289,#7290,#7291,#7292,
#7293,#7294,#7295,#7296),.UNSPECIFIED.,.F.,.F.,(4,2,2,2,4),(0.125839472311994,
0.135512564480063,0.145185656648132,0.159449565938346,0.17371347522856),
 .UNSPECIFIED.);
#1884=B_SPLINE_CURVE_WITH_KNOTS('',3,(#7315,#7316,#7317,#7318,#7319,#7320,
#7321,#7322,#7323,#7324),.UNSPECIFIED.,.F.,.F.,(4,2,2,2,4),(0.,0.014263909290214,
0.0285278185804281,0.0382009107484971,0.0478740029165661),.UNSPECIFIED.);
#1885=B_SPLINE_CURVE_WITH_KNOTS('',3,(#7328,#7329,#7330,#7331,#7332,#7333,
#7334,#7335,#7336,#7337),.UNSPECIFIED.,.F.,.F.,(4,2,2,2,4),(0.125839472311995,
0.135512564480064,0.145185656648133,0.159449565938347,0.173713475228561),
 .UNSPECIFIED.);
#1886=B_SPLINE_CURVE_WITH_KNOTS('',3,(#7410,#7411,#7412,#7413,#7414,#7415,
#7416,#7417,#7418,#7419),.UNSPECIFIED.,.F.,.F.,(4,2,2,2,4),(0.101823197697492,
0.110960072724651,0.12009694775181,0.131360658618801,0.142624369485792),
 .UNSPECIFIED.);
#1887=B_SPLINE_CURVE_WITH_KNOTS('',3,(#7426,#7427,#7428,#7429,#7430,#7431,
#7432,#7433,#7434,#7435),.UNSPECIFIED.,.F.,.F.,(4,2,2,2,4),(0.,0.0112637108669909,
0.0225274217339818,0.0316642967611407,0.0408011717882997),.UNSPECIFIED.);
#1888=B_SPLINE_CURVE_WITH_KNOTS('',3,(#8066,#8067,#8068,#8069,#8070,#8071,
#8072,#8073,#8074,#8075),.UNSPECIFIED.,.F.,.F.,(4,2,2,2,4),(0.267222722206039,
0.289893058775201,0.312563395344364,0.345827802749551,0.379092210154739),
 .UNSPECIFIED.);
#1889=B_SPLINE_CURVE_WITH_KNOTS('',3,(#8120,#8121,#8122,#8123,#8124,#8125,
#8126,#8127,#8128,#8129),.UNSPECIFIED.,.F.,.F.,(4,2,2,2,4),(0.,0.0332644074051908,
0.0665288148103817,0.0891991513795412,0.111869487948701),.UNSPECIFIED.);
#1890=B_SPLINE_CURVE_WITH_KNOTS('',3,(#8136,#8137,#8138,#8139,#8140,#8141,
#8142,#8143,#8144,#8145),.UNSPECIFIED.,.F.,.F.,(4,2,2,2,4),(0.267222722206039,
0.2898930587752,0.31256339534436,0.34582780274955,0.37909221015474),
 .UNSPECIFIED.);
#1891=B_SPLINE_CURVE_WITH_KNOTS('',3,(#8227,#8228,#8229,#8230,#8231,#8232,
#8233,#8234,#8235,#8236),.UNSPECIFIED.,.F.,.F.,(4,2,2,2,4),(0.,0.0332644074051891,
0.0665288148103782,0.089199151379539,0.1118694879487),.UNSPECIFIED.);
#1892=VERTEX_POINT('',#7272);
#1893=VERTEX_POINT('',#7273);
#1894=VERTEX_POINT('',#7284);
#1895=VERTEX_POINT('',#7286);
#1896=VERTEX_POINT('',#7299);
#1897=VERTEX_POINT('',#7301);
#1898=VERTEX_POINT('',#7303);
#1899=VERTEX_POINT('',#7305);
#1900=VERTEX_POINT('',#7307);
#1901=VERTEX_POINT('',#7309);
#1902=VERTEX_POINT('',#7313);
#1903=VERTEX_POINT('',#7314);
#1904=VERTEX_POINT('',#7325);
#1905=VERTEX_POINT('',#7327);
#1906=VERTEX_POINT('',#7340);
#1907=VERTEX_POINT('',#7342);
#1908=VERTEX_POINT('',#7344);
#1909=VERTEX_POINT('',#7346);
#1910=VERTEX_POINT('',#7348);
#1911=VERTEX_POINT('',#7350);
#1912=VERTEX_POINT('',#7352);
#1913=VERTEX_POINT('',#7354);
#1914=VERTEX_POINT('',#7356);
#1915=VERTEX_POINT('',#7358);
#1916=VERTEX_POINT('',#7360);
#1917=VERTEX_POINT('',#7362);
#1918=VERTEX_POINT('',#7364);
#1919=VERTEX_POINT('',#7366);
#1920=VERTEX_POINT('',#7368);
#1921=VERTEX_POINT('',#7370);
#1922=VERTEX_POINT('',#7372);
#1923=VERTEX_POINT('',#7374);
#1924=VERTEX_POINT('',#7376);
#1925=VERTEX_POINT('',#7378);
#1926=VERTEX_POINT('',#7380);
#1927=VERTEX_POINT('',#7382);
#1928=VERTEX_POINT('',#7386);
#1929=VERTEX_POINT('',#7388);
#1930=VERTEX_POINT('',#7391);
#1931=VERTEX_POINT('',#7393);
#1932=VERTEX_POINT('',#7397);
#1933=VERTEX_POINT('',#7401);
#1934=VERTEX_POINT('',#7405);
#1935=VERTEX_POINT('',#7409);
#1936=VERTEX_POINT('',#7422);
#1937=VERTEX_POINT('',#7424);
#1938=VERTEX_POINT('',#7439);
#1939=VERTEX_POINT('',#7441);
#1940=VERTEX_POINT('',#7443);
#1941=VERTEX_POINT('',#7445);
#1942=VERTEX_POINT('',#7447);
#1943=VERTEX_POINT('',#7449);
#1944=VERTEX_POINT('',#7451);
#1945=VERTEX_POINT('',#7453);
#1946=VERTEX_POINT('',#7455);
#1947=VERTEX_POINT('',#7457);
#1948=VERTEX_POINT('',#7459);
#1949=VERTEX_POINT('',#7461);
#1950=VERTEX_POINT('',#7463);
#1951=VERTEX_POINT('',#7465);
#1952=VERTEX_POINT('',#7467);
#1953=VERTEX_POINT('',#7469);
#1954=VERTEX_POINT('',#7471);
#1955=VERTEX_POINT('',#7473);
#1956=VERTEX_POINT('',#7475);
#1957=VERTEX_POINT('',#7477);
#1958=VERTEX_POINT('',#7479);
#1959=VERTEX_POINT('',#7481);
#1960=VERTEX_POINT('',#7483);
#1961=VERTEX_POINT('',#7485);
#1962=VERTEX_POINT('',#7487);
#1963=VERTEX_POINT('',#7489);
#1964=VERTEX_POINT('',#7491);
#1965=VERTEX_POINT('',#7493);
#1966=VERTEX_POINT('',#7495);
#1967=VERTEX_POINT('',#7497);
#1968=VERTEX_POINT('',#7499);
#1969=VERTEX_POINT('',#7501);
#1970=VERTEX_POINT('',#7503);
#1971=VERTEX_POINT('',#7505);
#1972=VERTEX_POINT('',#7507);
#1973=VERTEX_POINT('',#7509);
#1974=VERTEX_POINT('',#7511);
#1975=VERTEX_POINT('',#7513);
#1976=VERTEX_POINT('',#7515);
#1977=VERTEX_POINT('',#7517);
#1978=VERTEX_POINT('',#7519);
#1979=VERTEX_POINT('',#7521);
#1980=VERTEX_POINT('',#7523);
#1981=VERTEX_POINT('',#7525);
#1982=VERTEX_POINT('',#7527);
#1983=VERTEX_POINT('',#7529);
#1984=VERTEX_POINT('',#7531);
#1985=VERTEX_POINT('',#7533);
#1986=VERTEX_POINT('',#7535);
#1987=VERTEX_POINT('',#7537);
#1988=VERTEX_POINT('',#7539);
#1989=VERTEX_POINT('',#7541);
#1990=VERTEX_POINT('',#7543);
#1991=VERTEX_POINT('',#7545);
#1992=VERTEX_POINT('',#7547);
#1993=VERTEX_POINT('',#7549);
#1994=VERTEX_POINT('',#7551);
#1995=VERTEX_POINT('',#7553);
#1996=VERTEX_POINT('',#7555);
#1997=VERTEX_POINT('',#7557);
#1998=VERTEX_POINT('',#7559);
#1999=VERTEX_POINT('',#7561);
#2000=VERTEX_POINT('',#7563);
#2001=VERTEX_POINT('',#7565);
#2002=VERTEX_POINT('',#7567);
#2003=VERTEX_POINT('',#7569);
#2004=VERTEX_POINT('',#7571);
#2005=VERTEX_POINT('',#7573);
#2006=VERTEX_POINT('',#7575);
#2007=VERTEX_POINT('',#7577);
#2008=VERTEX_POINT('',#7579);
#2009=VERTEX_POINT('',#7581);
#2010=VERTEX_POINT('',#7583);
#2011=VERTEX_POINT('',#7585);
#2012=VERTEX_POINT('',#7587);
#2013=VERTEX_POINT('',#7589);
#2014=VERTEX_POINT('',#7591);
#2015=VERTEX_POINT('',#7593);
#2016=VERTEX_POINT('',#7595);
#2017=VERTEX_POINT('',#7597);
#2018=VERTEX_POINT('',#7599);
#2019=VERTEX_POINT('',#7601);
#2020=VERTEX_POINT('',#7603);
#2021=VERTEX_POINT('',#7605);
#2022=VERTEX_POINT('',#7608);
#2023=VERTEX_POINT('',#7610);
#2024=VERTEX_POINT('',#7612);
#2025=VERTEX_POINT('',#7614);
#2026=VERTEX_POINT('',#7616);
#2027=VERTEX_POINT('',#7618);
#2028=VERTEX_POINT('',#7621);
#2029=VERTEX_POINT('',#7623);
#2030=VERTEX_POINT('',#7625);
#2031=VERTEX_POINT('',#7627);
#2032=VERTEX_POINT('',#7629);
#2033=VERTEX_POINT('',#7630);
#2034=VERTEX_POINT('',#7632);
#2035=VERTEX_POINT('',#7634);
#2036=VERTEX_POINT('',#7636);
#2037=VERTEX_POINT('',#7638);
#2038=VERTEX_POINT('',#7640);
#2039=VERTEX_POINT('',#7642);
#2040=VERTEX_POINT('',#7645);
#2041=VERTEX_POINT('',#7647);
#2042=VERTEX_POINT('',#7649);
#2043=VERTEX_POINT('',#7651);
#2044=VERTEX_POINT('',#7658);
#2045=VERTEX_POINT('',#7662);
#2046=VERTEX_POINT('',#7666);
#2047=VERTEX_POINT('',#7670);
#2048=VERTEX_POINT('',#7674);
#2049=VERTEX_POINT('',#7678);
#2050=VERTEX_POINT('',#7682);
#2051=VERTEX_POINT('',#7686);
#2052=VERTEX_POINT('',#7690);
#2053=VERTEX_POINT('',#7694);
#2054=VERTEX_POINT('',#7698);
#2055=VERTEX_POINT('',#7702);
#2056=VERTEX_POINT('',#7706);
#2057=VERTEX_POINT('',#7710);
#2058=VERTEX_POINT('',#7714);
#2059=VERTEX_POINT('',#7718);
#2060=VERTEX_POINT('',#7730);
#2061=VERTEX_POINT('',#7733);
#2062=VERTEX_POINT('',#7736);
#2063=VERTEX_POINT('',#7739);
#2064=VERTEX_POINT('',#7742);
#2065=VERTEX_POINT('',#7745);
#2066=VERTEX_POINT('',#7748);
#2067=VERTEX_POINT('',#7751);
#2068=VERTEX_POINT('',#7754);
#2069=VERTEX_POINT('',#7758);
#2070=VERTEX_POINT('',#7762);
#2071=VERTEX_POINT('',#7766);
#2072=VERTEX_POINT('',#7770);
#2073=VERTEX_POINT('',#7771);
#2074=VERTEX_POINT('',#7773);
#2075=VERTEX_POINT('',#7775);
#2076=VERTEX_POINT('',#7779);
#2077=VERTEX_POINT('',#7780);
#2078=VERTEX_POINT('',#7782);
#2079=VERTEX_POINT('',#7784);
#2080=VERTEX_POINT('',#7788);
#2081=VERTEX_POINT('',#7792);
#2082=VERTEX_POINT('',#7796);
#2083=VERTEX_POINT('',#7800);
#2084=VERTEX_POINT('',#7804);
#2085=VERTEX_POINT('',#7808);
#2086=VERTEX_POINT('',#7841);
#2087=VERTEX_POINT('',#7842);
#2088=VERTEX_POINT('',#7844);
#2089=VERTEX_POINT('',#7848);
#2090=VERTEX_POINT('',#7850);
#2091=VERTEX_POINT('',#7879);
#2092=VERTEX_POINT('',#7880);
#2093=VERTEX_POINT('',#7882);
#2094=VERTEX_POINT('',#7915);
#2095=VERTEX_POINT('',#7916);
#2096=VERTEX_POINT('',#7918);
#2097=VERTEX_POINT('',#7922);
#2098=VERTEX_POINT('',#7924);
#2099=VERTEX_POINT('',#7929);
#2100=VERTEX_POINT('',#7933);
#2101=VERTEX_POINT('',#7937);
#2102=VERTEX_POINT('',#7941);
#2103=VERTEX_POINT('',#7945);
#2104=VERTEX_POINT('',#7947);
#2105=VERTEX_POINT('',#7949);
#2106=VERTEX_POINT('',#7953);
#2107=VERTEX_POINT('',#7987);
#2108=VERTEX_POINT('',#7988);
#2109=VERTEX_POINT('',#7990);
#2110=VERTEX_POINT('',#7994);
#2111=VERTEX_POINT('',#7996);
#2112=VERTEX_POINT('',#7998);
#2113=VERTEX_POINT('',#8002);
#2114=VERTEX_POINT('',#8007);
#2115=VERTEX_POINT('',#8011);
#2116=VERTEX_POINT('',#8015);
#2117=VERTEX_POINT('',#8019);
#2118=VERTEX_POINT('',#8031);
#2119=VERTEX_POINT('',#8032);
#2120=VERTEX_POINT('',#8034);
#2121=VERTEX_POINT('',#8036);
#2122=VERTEX_POINT('',#8040);
#2123=VERTEX_POINT('',#8041);
#2124=VERTEX_POINT('',#8043);
#2125=VERTEX_POINT('',#8045);
#2126=VERTEX_POINT('',#8047);
#2127=VERTEX_POINT('',#8049);
#2128=VERTEX_POINT('',#8051);
#2129=VERTEX_POINT('',#8053);
#2130=VERTEX_POINT('',#8057);
#2131=VERTEX_POINT('',#8058);
#2132=VERTEX_POINT('',#8061);
#2133=VERTEX_POINT('',#8065);
#2134=VERTEX_POINT('',#8076);
#2135=VERTEX_POINT('',#8080);
#2136=VERTEX_POINT('',#8081);
#2137=VERTEX_POINT('',#8083);
#2138=VERTEX_POINT('',#8085);
#2139=VERTEX_POINT('',#8087);
#2140=VERTEX_POINT('',#8089);
#2141=VERTEX_POINT('',#8091);
#2142=VERTEX_POINT('',#8093);
#2143=VERTEX_POINT('',#8097);
#2144=VERTEX_POINT('',#8098);
#2145=VERTEX_POINT('',#8108);
#2146=VERTEX_POINT('',#8109);
#2147=VERTEX_POINT('',#8114);
#2148=VERTEX_POINT('',#8118);
#2149=VERTEX_POINT('',#8134);
#2150=VERTEX_POINT('',#8147);
#2151=VERTEX_POINT('',#8151);
#2152=VERTEX_POINT('',#8152);
#2153=VERTEX_POINT('',#8154);
#2154=VERTEX_POINT('',#8156);
#2155=VERTEX_POINT('',#8158);
#2156=VERTEX_POINT('',#8160);
#2157=VERTEX_POINT('',#8162);
#2158=VERTEX_POINT('',#8164);
#2159=VERTEX_POINT('',#8168);
#2160=VERTEX_POINT('',#8169);
#2161=VERTEX_POINT('',#8171);
#2162=VERTEX_POINT('',#8173);
#2163=VERTEX_POINT('',#8175);
#2164=VERTEX_POINT('',#8177);
#2165=VERTEX_POINT('',#8179);
#2166=VERTEX_POINT('',#8181);
#2167=VERTEX_POINT('',#8185);
#2168=VERTEX_POINT('',#8186);
#2169=VERTEX_POINT('',#8188);
#2170=VERTEX_POINT('',#8190);
#2171=VERTEX_POINT('',#8192);
#2172=VERTEX_POINT('',#8194);
#2173=VERTEX_POINT('',#8196);
#2174=VERTEX_POINT('',#8198);
#2175=VERTEX_POINT('',#8202);
#2176=VERTEX_POINT('',#8203);
#2177=VERTEX_POINT('',#8205);
#2178=VERTEX_POINT('',#8207);
#2179=VERTEX_POINT('',#8209);
#2180=VERTEX_POINT('',#8211);
#2181=VERTEX_POINT('',#8213);
#2182=VERTEX_POINT('',#8215);
#2183=VERTEX_POINT('',#8221);
#2184=VERTEX_POINT('',#8225);
#2185=VERTEX_POINT('',#8238);
#2186=VERTEX_POINT('',#8240);
#2187=VERTEX_POINT('',#8244);
#2188=VERTEX_POINT('',#8245);
#2189=VERTEX_POINT('',#8247);
#2190=VERTEX_POINT('',#8249);
#2191=VERTEX_POINT('',#8251);
#2192=VERTEX_POINT('',#8253);
#2193=VERTEX_POINT('',#8255);
#2194=VERTEX_POINT('',#8257);
#2195=VERTEX_POINT('',#8261);
#2196=VERTEX_POINT('',#8262);
#2197=VERTEX_POINT('',#8269);
#2198=VERTEX_POINT('',#8270);
#2199=VERTEX_POINT('',#8275);
#2200=VERTEX_POINT('',#8280);
#2201=VERTEX_POINT('',#8282);
#2202=VERTEX_POINT('',#8284);
#2203=VERTEX_POINT('',#8286);
#2204=VERTEX_POINT('',#8288);
#2205=VERTEX_POINT('',#8290);
#2206=VERTEX_POINT('',#8294);
#2207=VERTEX_POINT('',#8296);
#2208=VERTEX_POINT('',#8298);
#2209=VERTEX_POINT('',#8300);
#2210=VERTEX_POINT('',#8302);
#2211=VERTEX_POINT('',#8304);
#2212=VERTEX_POINT('',#8310);
#2213=VERTEX_POINT('',#8312);
#2214=VERTEX_POINT('',#8314);
#2215=VERTEX_POINT('',#8316);
#2216=VERTEX_POINT('',#8318);
#2217=VERTEX_POINT('',#8320);
#2218=VERTEX_POINT('',#8324);
#2219=VERTEX_POINT('',#8326);
#2220=VERTEX_POINT('',#8328);
#2221=VERTEX_POINT('',#8330);
#2222=VERTEX_POINT('',#8332);
#2223=VERTEX_POINT('',#8334);
#2224=VERTEX_POINT('',#8338);
#2225=VERTEX_POINT('',#8342);
#2226=VERTEX_POINT('',#8344);
#2227=VERTEX_POINT('',#8346);
#2228=VERTEX_POINT('',#8348);
#2229=VERTEX_POINT('',#8352);
#2230=VERTEX_POINT('',#8356);
#2231=VERTEX_POINT('',#8358);
#2232=VERTEX_POINT('',#8360);
#2233=VERTEX_POINT('',#8362);
#2234=VERTEX_POINT('',#8366);
#2235=VERTEX_POINT('',#8367);
#2236=VERTEX_POINT('',#8372);
#2237=VERTEX_POINT('',#8376);
#2238=VERTEX_POINT('',#8380);
#2239=VERTEX_POINT('',#8384);
#2240=VERTEX_POINT('',#8388);
#2241=VERTEX_POINT('',#8392);
#2242=VERTEX_POINT('',#8398);
#2243=VERTEX_POINT('',#8399);
#2244=VERTEX_POINT('',#8404);
#2245=VERTEX_POINT('',#8408);
#2246=VERTEX_POINT('',#8414);
#2247=VERTEX_POINT('',#8418);
#2248=VERTEX_POINT('',#8422);
#2249=VERTEX_POINT('',#8426);
#2250=VERTEX_POINT('',#8430);
#2251=VERTEX_POINT('',#8434);
#2252=VERTEX_POINT('',#8440);
#2253=VERTEX_POINT('',#8444);
#2254=VERTEX_POINT('',#8475);
#2255=VERTEX_POINT('',#8479);
#2256=VERTEX_POINT('',#8483);
#2257=VERTEX_POINT('',#8490);
#2258=VERTEX_POINT('',#8521);
#2259=VERTEX_POINT('',#8525);
#2260=VERTEX_POINT('',#8526);
#2261=VERTEX_POINT('',#8531);
#2262=VERTEX_POINT('',#8535);
#2263=VERTEX_POINT('',#8539);
#2264=VERTEX_POINT('',#8543);
#2265=VERTEX_POINT('',#8547);
#2266=VERTEX_POINT('',#8551);
#2267=VERTEX_POINT('',#8555);
#2268=VERTEX_POINT('',#8556);
#2269=VERTEX_POINT('',#8561);
#2270=VERTEX_POINT('',#8565);
#2271=VERTEX_POINT('',#8569);
#2272=VERTEX_POINT('',#8573);
#2273=VERTEX_POINT('',#8577);
#2274=VERTEX_POINT('',#8581);
#2275=VERTEX_POINT('',#8585);
#2276=VERTEX_POINT('',#8586);
#2277=VERTEX_POINT('',#8591);
#2278=VERTEX_POINT('',#8595);
#2279=VERTEX_POINT('',#8599);
#2280=VERTEX_POINT('',#8603);
#2281=VERTEX_POINT('',#8607);
#2282=VERTEX_POINT('',#8611);
#2283=VERTEX_POINT('',#8615);
#2284=VERTEX_POINT('',#8616);
#2285=VERTEX_POINT('',#8621);
#2286=VERTEX_POINT('',#8625);
#2287=VERTEX_POINT('',#8629);
#2288=VERTEX_POINT('',#8633);
#2289=VERTEX_POINT('',#8637);
#2290=VERTEX_POINT('',#8641);
#2291=VERTEX_POINT('',#8649);
#2292=VERTEX_POINT('',#8653);
#2293=VERTEX_POINT('',#8657);
#2294=VERTEX_POINT('',#8688);
#2295=VERTEX_POINT('',#8692);
#2296=VERTEX_POINT('',#8696);
#2297=VERTEX_POINT('',#8703);
#2298=VERTEX_POINT('',#8736);
#2299=VERTEX_POINT('',#8740);
#2300=VERTEX_POINT('',#8744);
#2301=VERTEX_POINT('',#8748);
#2302=VERTEX_POINT('',#8752);
#2303=VERTEX_POINT('',#8756);
#2304=VERTEX_POINT('',#8762);
#2305=VERTEX_POINT('',#8766);
#2306=VERTEX_POINT('',#8770);
#2307=VERTEX_POINT('',#8774);
#2308=VERTEX_POINT('',#8778);
#2309=VERTEX_POINT('',#8782);
#2310=VERTEX_POINT('',#8788);
#2311=VERTEX_POINT('',#8792);
#2312=VERTEX_POINT('',#8801);
#2313=VERTEX_POINT('',#8805);
#2314=VERTEX_POINT('',#8835);
#2315=VERTEX_POINT('',#8839);
#2316=VERTEX_POINT('',#8867);
#2317=VERTEX_POINT('',#8873);
#2318=EDGE_CURVE('',#1892,#1893,#1882,.F.);
#2319=EDGE_CURVE('',#1893,#1894,#1192,.T.);
#2320=EDGE_CURVE('',#1894,#1895,#1883,.F.);
#2321=EDGE_CURVE('',#1895,#1892,#1193,.T.);
#2322=EDGE_CURVE('',#1896,#1894,#1194,.T.);
#2323=EDGE_CURVE('',#1897,#1893,#1195,.T.);
#2324=EDGE_CURVE('',#1898,#1897,#1196,.T.);
#2325=EDGE_CURVE('',#1898,#1899,#1197,.T.);
#2326=EDGE_CURVE('',#1900,#1899,#1198,.T.);
#2327=EDGE_CURVE('',#1901,#1900,#1199,.T.);
#2328=EDGE_CURVE('',#1896,#1901,#1200,.T.);
#2329=EDGE_CURVE('',#1902,#1903,#1884,.F.);
#2330=EDGE_CURVE('',#1903,#1904,#1201,.T.);
#2331=EDGE_CURVE('',#1904,#1905,#1885,.F.);
#2332=EDGE_CURVE('',#1905,#1902,#1202,.T.);
#2333=EDGE_CURVE('',#1906,#1904,#1203,.T.);
#2334=EDGE_CURVE('',#1907,#1903,#1204,.T.);
#2335=EDGE_CURVE('',#1908,#1907,#1205,.T.);
#2336=EDGE_CURVE('',#1909,#1908,#1206,.T.);
#2337=EDGE_CURVE('',#1909,#1910,#1207,.T.);
#2338=EDGE_CURVE('',#1911,#1910,#1208,.T.);
#2339=EDGE_CURVE('',#1912,#1911,#1209,.T.);
#2340=EDGE_CURVE('',#1913,#1912,#1210,.T.);
#2341=EDGE_CURVE('',#1913,#1914,#1211,.T.);
#2342=EDGE_CURVE('',#1915,#1914,#1212,.T.);
#2343=EDGE_CURVE('',#1916,#1915,#1213,.T.);
#2344=EDGE_CURVE('',#1917,#1916,#1214,.T.);
#2345=EDGE_CURVE('',#1918,#1917,#1215,.T.);
#2346=EDGE_CURVE('',#1919,#1918,#1216,.T.);
#2347=EDGE_CURVE('',#1920,#1919,#1217,.T.);
#2348=EDGE_CURVE('',#1921,#1920,#1218,.T.);
#2349=EDGE_CURVE('',#1921,#1922,#1219,.T.);
#2350=EDGE_CURVE('',#1923,#1922,#1220,.T.);
#2351=EDGE_CURVE('',#1924,#1923,#1221,.T.);
#2352=EDGE_CURVE('',#1925,#1924,#1222,.T.);
#2353=EDGE_CURVE('',#1925,#1926,#1223,.T.);
#2354=EDGE_CURVE('',#1927,#1926,#1224,.T.);
#2355=EDGE_CURVE('',#1906,#1927,#1225,.T.);
#2356=EDGE_CURVE('',#1928,#1895,#133,.T.);
#2357=EDGE_CURVE('',#1929,#1928,#1226,.T.);
#2358=EDGE_CURVE('',#1902,#1929,#134,.T.);
#2359=EDGE_CURVE('',#1930,#1905,#135,.T.);
#2360=EDGE_CURVE('',#1931,#1930,#1227,.T.);
#2361=EDGE_CURVE('',#1892,#1931,#136,.T.);
#2362=EDGE_CURVE('',#1932,#1896,#137,.T.);
#2363=EDGE_CURVE('',#1932,#1928,#1228,.T.);
#2364=EDGE_CURVE('',#1931,#1933,#1229,.T.);
#2365=EDGE_CURVE('',#1897,#1933,#138,.T.);
#2366=EDGE_CURVE('',#1934,#1930,#1230,.T.);
#2367=EDGE_CURVE('',#1933,#1934,#1231,.T.);
#2368=EDGE_CURVE('',#1935,#1906,#1886,.T.);
#2369=EDGE_CURVE('',#1934,#1935,#139,.T.);
#2370=EDGE_CURVE('',#1929,#1936,#1232,.T.);
#2371=EDGE_CURVE('',#1937,#1936,#140,.T.);
#2372=EDGE_CURVE('',#1907,#1937,#1887,.T.);
#2373=EDGE_CURVE('',#1936,#1932,#1233,.T.);
#2374=EDGE_CURVE('',#1938,#1935,#1234,.T.);
#2375=EDGE_CURVE('',#1939,#1938,#141,.T.);
#2376=EDGE_CURVE('',#1940,#1939,#1235,.T.);
#2377=EDGE_CURVE('',#1941,#1940,#142,.T.);
#2378=EDGE_CURVE('',#1942,#1941,#1236,.T.);
#2379=EDGE_CURVE('',#1943,#1942,#143,.T.);
#2380=EDGE_CURVE('',#1944,#1943,#1237,.T.);
#2381=EDGE_CURVE('',#1945,#1944,#144,.T.);
#2382=EDGE_CURVE('',#1946,#1945,#1238,.T.);
#2383=EDGE_CURVE('',#1947,#1946,#145,.T.);
#2384=EDGE_CURVE('',#1948,#1947,#1239,.T.);
#2385=EDGE_CURVE('',#1949,#1948,#146,.T.);
#2386=EDGE_CURVE('',#1950,#1949,#1240,.T.);
#2387=EDGE_CURVE('',#1951,#1950,#147,.T.);
#2388=EDGE_CURVE('',#1952,#1951,#1241,.T.);
#2389=EDGE_CURVE('',#1953,#1952,#148,.T.);
#2390=EDGE_CURVE('',#1954,#1953,#1242,.T.);
#2391=EDGE_CURVE('',#1955,#1954,#149,.T.);
#2392=EDGE_CURVE('',#1956,#1955,#1243,.T.);
#2393=EDGE_CURVE('',#1957,#1956,#1244,.T.);
#2394=EDGE_CURVE('',#1958,#1957,#150,.T.);
#2395=EDGE_CURVE('',#1959,#1958,#1245,.T.);
#2396=EDGE_CURVE('',#1960,#1959,#151,.T.);
#2397=EDGE_CURVE('',#1961,#1960,#1246,.T.);
#2398=EDGE_CURVE('',#1962,#1961,#1247,.T.);
#2399=EDGE_CURVE('',#1963,#1962,#152,.T.);
#2400=EDGE_CURVE('',#1964,#1963,#1248,.T.);
#2401=EDGE_CURVE('',#1965,#1964,#153,.T.);
#2402=EDGE_CURVE('',#1966,#1965,#1249,.T.);
#2403=EDGE_CURVE('',#1967,#1966,#154,.T.);
#2404=EDGE_CURVE('',#1968,#1967,#1250,.T.);
#2405=EDGE_CURVE('',#1969,#1968,#155,.T.);
#2406=EDGE_CURVE('',#1970,#1969,#1251,.T.);
#2407=EDGE_CURVE('',#1971,#1970,#156,.T.);
#2408=EDGE_CURVE('',#1972,#1971,#1252,.T.);
#2409=EDGE_CURVE('',#1973,#1972,#157,.T.);
#2410=EDGE_CURVE('',#1974,#1973,#1253,.T.);
#2411=EDGE_CURVE('',#1975,#1974,#158,.T.);
#2412=EDGE_CURVE('',#1976,#1975,#1254,.T.);
#2413=EDGE_CURVE('',#1977,#1976,#159,.T.);
#2414=EDGE_CURVE('',#1978,#1977,#1255,.T.);
#2415=EDGE_CURVE('',#1979,#1978,#160,.T.);
#2416=EDGE_CURVE('',#1980,#1979,#1256,.T.);
#2417=EDGE_CURVE('',#1981,#1980,#161,.T.);
#2418=EDGE_CURVE('',#1982,#1981,#1257,.T.);
#2419=EDGE_CURVE('',#1983,#1982,#162,.T.);
#2420=EDGE_CURVE('',#1984,#1983,#1258,.T.);
#2421=EDGE_CURVE('',#1985,#1984,#163,.T.);
#2422=EDGE_CURVE('',#1986,#1985,#1259,.T.);
#2423=EDGE_CURVE('',#1987,#1986,#164,.T.);
#2424=EDGE_CURVE('',#1988,#1987,#1260,.T.);
#2425=EDGE_CURVE('',#1989,#1988,#165,.T.);
#2426=EDGE_CURVE('',#1990,#1989,#1261,.T.);
#2427=EDGE_CURVE('',#1991,#1990,#166,.T.);
#2428=EDGE_CURVE('',#1992,#1991,#1262,.T.);
#2429=EDGE_CURVE('',#1993,#1992,#167,.T.);
#2430=EDGE_CURVE('',#1993,#1994,#1263,.T.);
#2431=EDGE_CURVE('',#1995,#1994,#168,.T.);
#2432=EDGE_CURVE('',#1996,#1995,#1264,.T.);
#2433=EDGE_CURVE('',#1997,#1996,#169,.T.);
#2434=EDGE_CURVE('',#1998,#1997,#1265,.T.);
#2435=EDGE_CURVE('',#1999,#1998,#1266,.T.);
#2436=EDGE_CURVE('',#2000,#1999,#170,.T.);
#2437=EDGE_CURVE('',#2001,#2000,#1267,.T.);
#2438=EDGE_CURVE('',#2002,#2001,#171,.T.);
#2439=EDGE_CURVE('',#2003,#2002,#1268,.T.);
#2440=EDGE_CURVE('',#2004,#2003,#1269,.T.);
#2441=EDGE_CURVE('',#2005,#2004,#172,.T.);
#2442=EDGE_CURVE('',#2006,#2005,#1270,.T.);
#2443=EDGE_CURVE('',#2007,#2006,#173,.T.);
#2444=EDGE_CURVE('',#2008,#2007,#1271,.T.);
#2445=EDGE_CURVE('',#2009,#2008,#174,.T.);
#2446=EDGE_CURVE('',#2010,#2009,#1272,.T.);
#2447=EDGE_CURVE('',#2011,#2010,#175,.T.);
#2448=EDGE_CURVE('',#2012,#2011,#1273,.T.);
#2449=EDGE_CURVE('',#2013,#2012,#176,.T.);
#2450=EDGE_CURVE('',#2014,#2013,#1274,.T.);
#2451=EDGE_CURVE('',#2015,#2014,#177,.T.);
#2452=EDGE_CURVE('',#2016,#2015,#1275,.T.);
#2453=EDGE_CURVE('',#2017,#2016,#178,.T.);
#2454=EDGE_CURVE('',#2018,#2017,#1276,.T.);
#2455=EDGE_CURVE('',#2019,#2018,#179,.T.);
#2456=EDGE_CURVE('',#2020,#2019,#1277,.T.);
#2457=EDGE_CURVE('',#2021,#2020,#180,.T.);
#2458=EDGE_CURVE('',#1937,#2021,#1278,.T.);
#2459=EDGE_CURVE('',#2022,#1901,#181,.T.);
#2460=EDGE_CURVE('',#2022,#2023,#1279,.T.);
#2461=EDGE_CURVE('',#2024,#2023,#182,.T.);
#2462=EDGE_CURVE('',#2024,#2025,#1280,.T.);
#2463=EDGE_CURVE('',#2026,#2025,#183,.T.);
#2464=EDGE_CURVE('',#2026,#2027,#1281,.T.);
#2465=EDGE_CURVE('',#1898,#2027,#184,.T.);
#2466=EDGE_CURVE('',#2028,#2028,#185,.T.);
#2467=EDGE_CURVE('',#2029,#2029,#186,.T.);
#2468=EDGE_CURVE('',#2030,#2030,#187,.T.);
#2469=EDGE_CURVE('',#2031,#2031,#188,.T.);
#2470=EDGE_CURVE('',#2032,#2033,#1282,.T.);
#2471=EDGE_CURVE('',#2034,#2032,#189,.T.);
#2472=EDGE_CURVE('',#2035,#2034,#1283,.T.);
#2473=EDGE_CURVE('',#2036,#2035,#190,.T.);
#2474=EDGE_CURVE('',#2037,#2036,#1284,.T.);
#2475=EDGE_CURVE('',#2038,#2037,#191,.T.);
#2476=EDGE_CURVE('',#2039,#2038,#1285,.T.);
#2477=EDGE_CURVE('',#2033,#2039,#192,.T.);
#2478=EDGE_CURVE('',#2040,#2040,#193,.T.);
#2479=EDGE_CURVE('',#2041,#2041,#194,.T.);
#2480=EDGE_CURVE('',#2042,#2042,#195,.T.);
#2481=EDGE_CURVE('',#2043,#2043,#196,.T.);
#2482=EDGE_CURVE('',#1908,#2021,#197,.T.);
#2483=EDGE_CURVE('',#1938,#1927,#198,.T.);
#2484=EDGE_CURVE('',#2028,#2044,#199,.T.);
#2485=EDGE_CURVE('',#2044,#2044,#200,.T.);
#2486=EDGE_CURVE('',#2044,#2045,#1286,.T.);
#2487=EDGE_CURVE('',#2045,#2045,#201,.T.);
#2488=EDGE_CURVE('',#2043,#2046,#202,.T.);
#2489=EDGE_CURVE('',#2046,#2046,#203,.T.);
#2490=EDGE_CURVE('',#2046,#2047,#1287,.T.);
#2491=EDGE_CURVE('',#2047,#2047,#204,.T.);
#2492=EDGE_CURVE('',#2029,#2048,#205,.T.);
#2493=EDGE_CURVE('',#2048,#2048,#206,.T.);
#2494=EDGE_CURVE('',#2048,#2049,#1288,.T.);
#2495=EDGE_CURVE('',#2049,#2049,#207,.T.);
#2496=EDGE_CURVE('',#2042,#2050,#208,.T.);
#2497=EDGE_CURVE('',#2050,#2050,#209,.T.);
#2498=EDGE_CURVE('',#2050,#2051,#1289,.T.);
#2499=EDGE_CURVE('',#2051,#2051,#210,.T.);
#2500=EDGE_CURVE('',#2030,#2052,#211,.T.);
#2501=EDGE_CURVE('',#2052,#2052,#212,.T.);
#2502=EDGE_CURVE('',#2052,#2053,#1290,.T.);
#2503=EDGE_CURVE('',#2053,#2053,#213,.T.);
#2504=EDGE_CURVE('',#2041,#2054,#214,.T.);
#2505=EDGE_CURVE('',#2054,#2054,#215,.T.);
#2506=EDGE_CURVE('',#2054,#2055,#1291,.T.);
#2507=EDGE_CURVE('',#2055,#2055,#216,.T.);
#2508=EDGE_CURVE('',#2031,#2056,#217,.T.);
#2509=EDGE_CURVE('',#2056,#2056,#218,.T.);
#2510=EDGE_CURVE('',#2056,#2057,#1292,.T.);
#2511=EDGE_CURVE('',#2057,#2057,#219,.T.);
#2512=EDGE_CURVE('',#2040,#2058,#220,.T.);
#2513=EDGE_CURVE('',#2058,#2058,#221,.T.);
#2514=EDGE_CURVE('',#2058,#2059,#1293,.T.);
#2515=EDGE_CURVE('',#2059,#2059,#222,.T.);
#2516=EDGE_CURVE('',#2060,#2060,#223,.T.);
#2517=EDGE_CURVE('',#2061,#2061,#224,.T.);
#2518=EDGE_CURVE('',#2062,#2062,#225,.T.);
#2519=EDGE_CURVE('',#2063,#2063,#226,.T.);
#2520=EDGE_CURVE('',#2064,#2064,#227,.T.);
#2521=EDGE_CURVE('',#2065,#2065,#228,.T.);
#2522=EDGE_CURVE('',#2066,#2066,#229,.T.);
#2523=EDGE_CURVE('',#2067,#2067,#230,.T.);
#2524=EDGE_CURVE('',#2068,#2068,#231,.T.);
#2525=EDGE_CURVE('',#2068,#2060,#1294,.T.);
#2526=EDGE_CURVE('',#2069,#2069,#232,.T.);
#2527=EDGE_CURVE('',#2069,#2061,#1295,.T.);
#2528=EDGE_CURVE('',#2070,#2070,#233,.T.);
#2529=EDGE_CURVE('',#2070,#2062,#1296,.T.);
#2530=EDGE_CURVE('',#2071,#2071,#234,.T.);
#2531=EDGE_CURVE('',#2071,#2063,#1297,.T.);
#2532=EDGE_CURVE('',#2072,#2073,#235,.T.);
#2533=EDGE_CURVE('',#2073,#2074,#1298,.T.);
#2534=EDGE_CURVE('',#2074,#2075,#236,.T.);
#2535=EDGE_CURVE('',#2075,#2072,#1299,.T.);
#2536=EDGE_CURVE('',#2076,#2077,#237,.T.);
#2537=EDGE_CURVE('',#2077,#2078,#1300,.T.);
#2538=EDGE_CURVE('',#2078,#2079,#238,.T.);
#2539=EDGE_CURVE('',#2079,#2076,#1301,.T.);
#2540=EDGE_CURVE('',#2080,#2080,#239,.T.);
#2541=EDGE_CURVE('',#2080,#2064,#1302,.T.);
#2542=EDGE_CURVE('',#2081,#2081,#240,.T.);
#2543=EDGE_CURVE('',#2081,#2065,#1303,.T.);
#2544=EDGE_CURVE('',#2082,#2082,#241,.T.);
#2545=EDGE_CURVE('',#2082,#2066,#1304,.T.);
#2546=EDGE_CURVE('',#2083,#2083,#242,.T.);
#2547=EDGE_CURVE('',#2083,#2067,#1305,.T.);
#2548=EDGE_CURVE('',#2084,#2078,#243,.T.);
#2549=EDGE_CURVE('',#2084,#2079,#244,.T.);
#2550=EDGE_CURVE('',#2075,#2085,#245,.T.);
#2551=EDGE_CURVE('',#2074,#2085,#246,.T.);
#2552=EDGE_CURVE('',#2086,#2087,#247,.T.);
#2553=EDGE_CURVE('',#2086,#2088,#23,.T.);
#2554=EDGE_CURVE('',#2088,#2087,#24,.T.);
#2555=EDGE_CURVE('',#2089,#2086,#1306,.F.);
#2556=EDGE_CURVE('',#2089,#2090,#248,.F.);
#2557=EDGE_CURVE('',#2090,#2072,#1307,.T.);
#2558=EDGE_CURVE('',#2086,#2075,#1308,.T.);
#2559=EDGE_CURVE('',#2091,#2092,#249,.T.);
#2560=EDGE_CURVE('',#2091,#2093,#25,.T.);
#2561=EDGE_CURVE('',#2093,#2092,#26,.T.);
#2562=EDGE_CURVE('',#2094,#2095,#250,.T.);
#2563=EDGE_CURVE('',#2094,#2096,#27,.T.);
#2564=EDGE_CURVE('',#2096,#2095,#28,.T.);
#2565=EDGE_CURVE('',#2097,#2094,#1309,.F.);
#2566=EDGE_CURVE('',#2097,#2098,#251,.F.);
#2567=EDGE_CURVE('',#2098,#2076,#1310,.T.);
#2568=EDGE_CURVE('',#2094,#2079,#1311,.T.);
#2569=EDGE_CURVE('',#2099,#2099,#252,.T.);
#2570=EDGE_CURVE('',#2099,#2068,#1312,.T.);
#2571=EDGE_CURVE('',#2100,#2100,#253,.T.);
#2572=EDGE_CURVE('',#2100,#2069,#1313,.T.);
#2573=EDGE_CURVE('',#2101,#2101,#254,.T.);
#2574=EDGE_CURVE('',#2101,#2070,#1314,.T.);
#2575=EDGE_CURVE('',#2102,#2102,#255,.T.);
#2576=EDGE_CURVE('',#2102,#2071,#1315,.T.);
#2577=EDGE_CURVE('',#2103,#2090,#1316,.T.);
#2578=EDGE_CURVE('',#2104,#2103,#256,.T.);
#2579=EDGE_CURVE('',#2105,#2104,#1317,.T.);
#2580=EDGE_CURVE('',#2073,#2105,#1318,.T.);
#2581=EDGE_CURVE('',#2092,#2106,#1319,.T.);
#2582=EDGE_CURVE('',#2074,#2092,#1320,.T.);
#2583=EDGE_CURVE('',#2106,#2105,#257,.T.);
#2584=EDGE_CURVE('',#2107,#2108,#258,.T.);
#2585=EDGE_CURVE('',#2107,#2109,#29,.T.);
#2586=EDGE_CURVE('',#2109,#2108,#30,.T.);
#2587=EDGE_CURVE('',#2110,#2098,#1321,.T.);
#2588=EDGE_CURVE('',#2111,#2110,#259,.T.);
#2589=EDGE_CURVE('',#2112,#2111,#1322,.T.);
#2590=EDGE_CURVE('',#2112,#2077,#1323,.F.);
#2591=EDGE_CURVE('',#2108,#2113,#1324,.T.);
#2592=EDGE_CURVE('',#2078,#2108,#1325,.T.);
#2593=EDGE_CURVE('',#2113,#2112,#260,.T.);
#2594=EDGE_CURVE('',#2114,#2114,#261,.T.);
#2595=EDGE_CURVE('',#2114,#2080,#1326,.T.);
#2596=EDGE_CURVE('',#2115,#2115,#262,.T.);
#2597=EDGE_CURVE('',#2115,#2081,#1327,.T.);
#2598=EDGE_CURVE('',#2116,#2116,#263,.T.);
#2599=EDGE_CURVE('',#2116,#2082,#1328,.T.);
#2600=EDGE_CURVE('',#2117,#2117,#264,.T.);
#2601=EDGE_CURVE('',#2117,#2083,#1329,.T.);
#2602=EDGE_CURVE('',#2109,#2084,#1330,.T.);
#2603=EDGE_CURVE('',#2084,#2096,#1331,.T.);
#2604=EDGE_CURVE('',#2093,#2085,#1332,.T.);
#2605=EDGE_CURVE('',#2085,#2088,#1333,.T.);
#2606=EDGE_CURVE('',#2118,#2119,#265,.T.);
#2607=EDGE_CURVE('',#2119,#2120,#1334,.T.);
#2608=EDGE_CURVE('',#2120,#2121,#266,.T.);
#2609=EDGE_CURVE('',#2121,#2118,#1335,.T.);
#2610=EDGE_CURVE('',#2122,#2123,#267,.T.);
#2611=EDGE_CURVE('',#2123,#2124,#1336,.T.);
#2612=EDGE_CURVE('',#2124,#2125,#268,.T.);
#2613=EDGE_CURVE('',#2125,#2126,#1337,.T.);
#2614=EDGE_CURVE('',#2126,#2127,#269,.T.);
#2615=EDGE_CURVE('',#2127,#2128,#1338,.T.);
#2616=EDGE_CURVE('',#2128,#2129,#270,.T.);
#2617=EDGE_CURVE('',#2129,#2122,#1339,.T.);
#2618=EDGE_CURVE('',#2130,#2131,#271,.T.);
#2619=EDGE_CURVE('',#1917,#2131,#272,.T.);
#2620=EDGE_CURVE('',#2132,#1917,#273,.F.);
#2621=EDGE_CURVE('',#2130,#2132,#274,.T.);
#2622=EDGE_CURVE('',#2133,#2089,#1888,.F.);
#2623=EDGE_CURVE('',#2133,#2134,#1340,.T.);
#2624=EDGE_CURVE('',#2103,#2134,#275,.T.);
#2625=EDGE_CURVE('',#2135,#2136,#276,.T.);
#2626=EDGE_CURVE('',#2136,#2137,#1341,.T.);
#2627=EDGE_CURVE('',#2137,#2138,#277,.T.);
#2628=EDGE_CURVE('',#2138,#2139,#1342,.T.);
#2629=EDGE_CURVE('',#2140,#2139,#278,.F.);
#2630=EDGE_CURVE('',#2141,#2140,#1343,.T.);
#2631=EDGE_CURVE('',#2142,#2141,#279,.F.);
#2632=EDGE_CURVE('',#2142,#2135,#1344,.T.);
#2633=EDGE_CURVE('',#2143,#2144,#31,.T.);
#2634=EDGE_CURVE('',#2143,#2142,#1345,.T.);
#2635=EDGE_CURVE('',#2141,#2144,#1346,.T.);
#2636=EDGE_CURVE('',#2088,#2130,#1347,.T.);
#2637=EDGE_CURVE('',#2132,#2087,#1348,.T.);
#2638=EDGE_CURVE('',#2087,#2133,#1349,.T.);
#2639=EDGE_CURVE('',#2145,#2146,#32,.T.);
#2640=EDGE_CURVE('',#2145,#2140,#1350,.T.);
#2641=EDGE_CURVE('',#2139,#2146,#1351,.T.);
#2642=EDGE_CURVE('',#2134,#2147,#280,.T.);
#2643=EDGE_CURVE('',#2104,#2147,#281,.T.);
#2644=EDGE_CURVE('',#2148,#2091,#1352,.T.);
#2645=EDGE_CURVE('',#2148,#2106,#1889,.T.);
#2646=EDGE_CURVE('',#2091,#2095,#1353,.T.);
#2647=EDGE_CURVE('',#2096,#2093,#1354,.T.);
#2648=EDGE_CURVE('',#2095,#2149,#1355,.T.);
#2649=EDGE_CURVE('',#2149,#2097,#1890,.F.);
#2650=EDGE_CURVE('',#2149,#2150,#1356,.T.);
#2651=EDGE_CURVE('',#2110,#2150,#282,.T.);
#2652=EDGE_CURVE('',#2151,#2152,#283,.T.);
#2653=EDGE_CURVE('',#2153,#2152,#1357,.T.);
#2654=EDGE_CURVE('',#2154,#2153,#284,.F.);
#2655=EDGE_CURVE('',#2155,#2154,#1358,.T.);
#2656=EDGE_CURVE('',#2156,#2155,#285,.F.);
#2657=EDGE_CURVE('',#2157,#2156,#1359,.T.);
#2658=EDGE_CURVE('',#2157,#2158,#286,.T.);
#2659=EDGE_CURVE('',#2151,#2158,#1360,.T.);
#2660=EDGE_CURVE('',#2159,#2160,#287,.T.);
#2661=EDGE_CURVE('',#2161,#2160,#1361,.T.);
#2662=EDGE_CURVE('',#2161,#2162,#288,.T.);
#2663=EDGE_CURVE('',#2163,#2162,#1362,.T.);
#2664=EDGE_CURVE('',#2164,#2163,#289,.F.);
#2665=EDGE_CURVE('',#2165,#2164,#1363,.T.);
#2666=EDGE_CURVE('',#2166,#2165,#290,.F.);
#2667=EDGE_CURVE('',#2159,#2166,#1364,.T.);
#2668=EDGE_CURVE('',#2167,#2168,#291,.T.);
#2669=EDGE_CURVE('',#2169,#2168,#1365,.T.);
#2670=EDGE_CURVE('',#2169,#2170,#292,.T.);
#2671=EDGE_CURVE('',#2171,#2170,#1366,.T.);
#2672=EDGE_CURVE('',#2172,#2171,#293,.F.);
#2673=EDGE_CURVE('',#2173,#2172,#1367,.T.);
#2674=EDGE_CURVE('',#2174,#2173,#294,.F.);
#2675=EDGE_CURVE('',#2167,#2174,#1368,.T.);
#2676=EDGE_CURVE('',#2175,#2176,#295,.T.);
#2677=EDGE_CURVE('',#2177,#2176,#1369,.T.);
#2678=EDGE_CURVE('',#2177,#2178,#296,.T.);
#2679=EDGE_CURVE('',#2179,#2178,#1370,.T.);
#2680=EDGE_CURVE('',#2180,#2179,#297,.F.);
#2681=EDGE_CURVE('',#2181,#2180,#1371,.T.);
#2682=EDGE_CURVE('',#2182,#2181,#298,.F.);
#2683=EDGE_CURVE('',#2175,#2182,#1372,.T.);
#2684=EDGE_CURVE('',#2147,#2148,#1373,.T.);
#2685=EDGE_CURVE('',#2150,#2183,#299,.T.);
#2686=EDGE_CURVE('',#2111,#2183,#300,.T.);
#2687=EDGE_CURVE('',#2184,#2107,#1374,.T.);
#2688=EDGE_CURVE('',#2184,#2113,#1891,.T.);
#2689=EDGE_CURVE('',#2107,#2185,#1375,.T.);
#2690=EDGE_CURVE('',#2185,#2186,#301,.T.);
#2691=EDGE_CURVE('',#2186,#2109,#1376,.T.);
#2692=EDGE_CURVE('',#2187,#2188,#302,.T.);
#2693=EDGE_CURVE('',#2188,#2189,#1377,.T.);
#2694=EDGE_CURVE('',#2190,#2189,#303,.F.);
#2695=EDGE_CURVE('',#2191,#2190,#1378,.T.);
#2696=EDGE_CURVE('',#2192,#2191,#304,.F.);
#2697=EDGE_CURVE('',#2192,#2193,#1379,.T.);
#2698=EDGE_CURVE('',#2193,#2194,#305,.T.);
#2699=EDGE_CURVE('',#2194,#2187,#1380,.T.);
#2700=EDGE_CURVE('',#2195,#2196,#33,.T.);
#2701=EDGE_CURVE('',#2195,#2192,#1381,.T.);
#2702=EDGE_CURVE('',#2191,#2196,#1382,.T.);
#2703=EDGE_CURVE('',#2183,#2184,#1383,.T.);
#2704=EDGE_CURVE('',#2197,#2198,#34,.T.);
#2705=EDGE_CURVE('',#2197,#2190,#1384,.T.);
#2706=EDGE_CURVE('',#2189,#2198,#1385,.T.);
#2707=EDGE_CURVE('',#2199,#2186,#306,.T.);
#2708=EDGE_CURVE('',#1918,#2185,#307,.F.);
#2709=EDGE_CURVE('',#2199,#1918,#308,.T.);
#2710=EDGE_CURVE('',#2200,#1925,#309,.F.);
#2711=EDGE_CURVE('',#2201,#2200,#1386,.T.);
#2712=EDGE_CURVE('',#2201,#2202,#310,.T.);
#2713=EDGE_CURVE('',#2203,#2202,#1387,.T.);
#2714=EDGE_CURVE('',#2203,#2204,#311,.T.);
#2715=EDGE_CURVE('',#2205,#2204,#1388,.T.);
#2716=EDGE_CURVE('',#1926,#2205,#312,.F.);
#2717=EDGE_CURVE('',#2206,#1921,#313,.F.);
#2718=EDGE_CURVE('',#2207,#2206,#1389,.T.);
#2719=EDGE_CURVE('',#2207,#2208,#314,.T.);
#2720=EDGE_CURVE('',#2209,#2208,#1390,.T.);
#2721=EDGE_CURVE('',#2209,#2210,#315,.T.);
#2722=EDGE_CURVE('',#2211,#2210,#1391,.T.);
#2723=EDGE_CURVE('',#1922,#2211,#316,.F.);
#2724=EDGE_CURVE('',#2131,#2199,#1392,.T.);
#2725=EDGE_CURVE('',#2212,#1913,#317,.F.);
#2726=EDGE_CURVE('',#2213,#2212,#1393,.T.);
#2727=EDGE_CURVE('',#2213,#2214,#318,.T.);
#2728=EDGE_CURVE('',#2215,#2214,#1394,.T.);
#2729=EDGE_CURVE('',#2215,#2216,#319,.T.);
#2730=EDGE_CURVE('',#2217,#2216,#1395,.T.);
#2731=EDGE_CURVE('',#1914,#2217,#320,.F.);
#2732=EDGE_CURVE('',#2218,#1909,#321,.F.);
#2733=EDGE_CURVE('',#2219,#2218,#1396,.T.);
#2734=EDGE_CURVE('',#2219,#2220,#322,.T.);
#2735=EDGE_CURVE('',#2221,#2220,#1397,.T.);
#2736=EDGE_CURVE('',#2221,#2222,#323,.T.);
#2737=EDGE_CURVE('',#2223,#2222,#1398,.T.);
#2738=EDGE_CURVE('',#1910,#2223,#324,.F.);
#2739=EDGE_CURVE('',#2224,#2120,#325,.T.);
#2740=EDGE_CURVE('',#2224,#2121,#326,.T.);
#2741=EDGE_CURVE('',#2225,#2121,#1399,.T.);
#2742=EDGE_CURVE('',#2226,#2225,#35,.T.);
#2743=EDGE_CURVE('',#2227,#2226,#1400,.T.);
#2744=EDGE_CURVE('',#2228,#2227,#36,.T.);
#2745=EDGE_CURVE('',#2118,#2228,#1401,.T.);
#2746=EDGE_CURVE('',#2118,#2229,#327,.T.);
#2747=EDGE_CURVE('',#2119,#2229,#328,.T.);
#2748=EDGE_CURVE('',#2230,#2119,#1402,.T.);
#2749=EDGE_CURVE('',#2231,#2230,#329,.T.);
#2750=EDGE_CURVE('',#2232,#2231,#1403,.T.);
#2751=EDGE_CURVE('',#2233,#2232,#330,.T.);
#2752=EDGE_CURVE('',#2120,#2233,#1404,.T.);
#2753=EDGE_CURVE('',#2234,#2235,#331,.T.);
#2754=EDGE_CURVE('',#2234,#2127,#1405,.T.);
#2755=EDGE_CURVE('',#2126,#2235,#1406,.T.);
#2756=EDGE_CURVE('',#2236,#2234,#1407,.T.);
#2757=EDGE_CURVE('',#2128,#2236,#1408,.T.);
#2758=EDGE_CURVE('',#2237,#2236,#332,.T.);
#2759=EDGE_CURVE('',#2237,#2129,#1409,.T.);
#2760=EDGE_CURVE('',#2238,#2237,#1410,.T.);
#2761=EDGE_CURVE('',#2122,#2238,#1411,.T.);
#2762=EDGE_CURVE('',#2239,#2238,#333,.T.);
#2763=EDGE_CURVE('',#2239,#2123,#1412,.T.);
#2764=EDGE_CURVE('',#2240,#2239,#1413,.T.);
#2765=EDGE_CURVE('',#2124,#2240,#1414,.T.);
#2766=EDGE_CURVE('',#2241,#2240,#334,.T.);
#2767=EDGE_CURVE('',#2241,#2125,#1415,.T.);
#2768=EDGE_CURVE('',#2235,#2241,#1416,.T.);
#2769=EDGE_CURVE('',#2242,#2243,#1417,.T.);
#2770=EDGE_CURVE('',#2221,#2242,#1418,.T.);
#2771=EDGE_CURVE('',#2243,#2220,#1419,.T.);
#2772=EDGE_CURVE('',#2244,#2242,#335,.T.);
#2773=EDGE_CURVE('',#2244,#2222,#1420,.T.);
#2774=EDGE_CURVE('',#2245,#2244,#1421,.T.);
#2775=EDGE_CURVE('',#2223,#2245,#1422,.T.);
#2776=EDGE_CURVE('',#1911,#2245,#336,.T.);
#2777=EDGE_CURVE('',#2246,#1912,#337,.T.);
#2778=EDGE_CURVE('',#2246,#2212,#1423,.T.);
#2779=EDGE_CURVE('',#2247,#2246,#1424,.T.);
#2780=EDGE_CURVE('',#2213,#2247,#1425,.T.);
#2781=EDGE_CURVE('',#2248,#2247,#338,.T.);
#2782=EDGE_CURVE('',#2248,#2214,#1426,.T.);
#2783=EDGE_CURVE('',#2249,#2248,#1427,.T.);
#2784=EDGE_CURVE('',#2215,#2249,#1428,.T.);
#2785=EDGE_CURVE('',#2250,#2249,#339,.T.);
#2786=EDGE_CURVE('',#2250,#2216,#1429,.T.);
#2787=EDGE_CURVE('',#2251,#2250,#1430,.T.);
#2788=EDGE_CURVE('',#2217,#2251,#1431,.T.);
#2789=EDGE_CURVE('',#1915,#2251,#340,.T.);
#2790=EDGE_CURVE('',#1916,#2252,#341,.F.);
#2791=EDGE_CURVE('',#2252,#2132,#1432,.T.);
#2792=EDGE_CURVE('',#2253,#2143,#1433,.T.);
#2793=EDGE_CURVE('',#2135,#2253,#1434,.T.);
#2794=EDGE_CURVE('',#2144,#2003,#342,.T.);
#2795=EDGE_CURVE('',#2003,#2143,#37,.T.);
#2796=EDGE_CURVE('',#2254,#2253,#343,.T.);
#2797=EDGE_CURVE('',#2254,#2136,#1435,.T.);
#2798=EDGE_CURVE('',#2255,#2254,#1436,.T.);
#2799=EDGE_CURVE('',#2137,#2255,#1437,.T.);
#2800=EDGE_CURVE('',#2256,#2255,#344,.T.);
#2801=EDGE_CURVE('',#2256,#2138,#1438,.T.);
#2802=EDGE_CURVE('',#2146,#2256,#1439,.T.);
#2803=EDGE_CURVE('',#2144,#2252,#1440,.T.);
#2804=EDGE_CURVE('',#2257,#2145,#1441,.T.);
#2805=EDGE_CURVE('',#2134,#2257,#1442,.T.);
#2806=EDGE_CURVE('',#1998,#2145,#345,.T.);
#2807=EDGE_CURVE('',#2146,#1998,#38,.T.);
#2808=EDGE_CURVE('',#2258,#2257,#346,.T.);
#2809=EDGE_CURVE('',#2258,#2147,#1443,.T.);
#2810=EDGE_CURVE('',#2259,#2260,#347,.T.);
#2811=EDGE_CURVE('',#2259,#2182,#1444,.T.);
#2812=EDGE_CURVE('',#2181,#2260,#1445,.T.);
#2813=EDGE_CURVE('',#2261,#2259,#1446,.T.);
#2814=EDGE_CURVE('',#2175,#2261,#1447,.T.);
#2815=EDGE_CURVE('',#2262,#2261,#348,.T.);
#2816=EDGE_CURVE('',#2262,#2176,#1448,.T.);
#2817=EDGE_CURVE('',#2263,#2262,#1449,.T.);
#2818=EDGE_CURVE('',#2177,#2263,#1450,.T.);
#2819=EDGE_CURVE('',#2264,#2263,#349,.T.);
#2820=EDGE_CURVE('',#2264,#2178,#1451,.T.);
#2821=EDGE_CURVE('',#2265,#2264,#1452,.T.);
#2822=EDGE_CURVE('',#2179,#2265,#1453,.T.);
#2823=EDGE_CURVE('',#2266,#2265,#350,.T.);
#2824=EDGE_CURVE('',#2266,#2180,#1454,.T.);
#2825=EDGE_CURVE('',#2267,#2268,#351,.T.);
#2826=EDGE_CURVE('',#2267,#2174,#1455,.T.);
#2827=EDGE_CURVE('',#2173,#2268,#1456,.T.);
#2828=EDGE_CURVE('',#2269,#2267,#1457,.T.);
#2829=EDGE_CURVE('',#2167,#2269,#1458,.T.);
#2830=EDGE_CURVE('',#2270,#2269,#352,.T.);
#2831=EDGE_CURVE('',#2270,#2168,#1459,.T.);
#2832=EDGE_CURVE('',#2271,#2270,#1460,.T.);
#2833=EDGE_CURVE('',#2169,#2271,#1461,.T.);
#2834=EDGE_CURVE('',#2272,#2271,#353,.T.);
#2835=EDGE_CURVE('',#2272,#2170,#1462,.T.);
#2836=EDGE_CURVE('',#2273,#2272,#1463,.T.);
#2837=EDGE_CURVE('',#2171,#2273,#1464,.T.);
#2838=EDGE_CURVE('',#2274,#2273,#354,.T.);
#2839=EDGE_CURVE('',#2274,#2172,#1465,.T.);
#2840=EDGE_CURVE('',#2275,#2276,#355,.T.);
#2841=EDGE_CURVE('',#2275,#2166,#1466,.T.);
#2842=EDGE_CURVE('',#2165,#2276,#1467,.T.);
#2843=EDGE_CURVE('',#2277,#2275,#1468,.T.);
#2844=EDGE_CURVE('',#2159,#2277,#1469,.T.);
#2845=EDGE_CURVE('',#2278,#2277,#356,.T.);
#2846=EDGE_CURVE('',#2278,#2160,#1470,.T.);
#2847=EDGE_CURVE('',#2279,#2278,#1471,.T.);
#2848=EDGE_CURVE('',#2161,#2279,#1472,.T.);
#2849=EDGE_CURVE('',#2280,#2279,#357,.T.);
#2850=EDGE_CURVE('',#2280,#2162,#1473,.T.);
#2851=EDGE_CURVE('',#2281,#2280,#1474,.T.);
#2852=EDGE_CURVE('',#2163,#2281,#1475,.T.);
#2853=EDGE_CURVE('',#2282,#2281,#358,.T.);
#2854=EDGE_CURVE('',#2282,#2164,#1476,.T.);
#2855=EDGE_CURVE('',#2283,#2284,#359,.T.);
#2856=EDGE_CURVE('',#2283,#2156,#1477,.T.);
#2857=EDGE_CURVE('',#2155,#2284,#1478,.T.);
#2858=EDGE_CURVE('',#2285,#2283,#1479,.T.);
#2859=EDGE_CURVE('',#2157,#2285,#1480,.T.);
#2860=EDGE_CURVE('',#2286,#2285,#360,.T.);
#2861=EDGE_CURVE('',#2286,#2158,#1481,.T.);
#2862=EDGE_CURVE('',#2287,#2286,#1482,.T.);
#2863=EDGE_CURVE('',#2151,#2287,#1483,.T.);
#2864=EDGE_CURVE('',#2288,#2287,#361,.T.);
#2865=EDGE_CURVE('',#2288,#2152,#1484,.T.);
#2866=EDGE_CURVE('',#2289,#2288,#1485,.T.);
#2867=EDGE_CURVE('',#2153,#2289,#1486,.T.);
#2868=EDGE_CURVE('',#2290,#2289,#362,.T.);
#2869=EDGE_CURVE('',#2290,#2154,#1487,.T.);
#2870=EDGE_CURVE('',#2260,#2258,#1488,.T.);
#2871=EDGE_CURVE('',#2268,#2266,#1489,.T.);
#2872=EDGE_CURVE('',#2276,#2274,#1490,.T.);
#2873=EDGE_CURVE('',#2284,#2282,#1491,.T.);
#2874=EDGE_CURVE('',#2291,#2290,#1492,.T.);
#2875=EDGE_CURVE('',#2150,#2291,#1493,.T.);
#2876=EDGE_CURVE('',#2292,#2291,#363,.T.);
#2877=EDGE_CURVE('',#2292,#2183,#1494,.T.);
#2878=EDGE_CURVE('',#2293,#2195,#1495,.T.);
#2879=EDGE_CURVE('',#2193,#2293,#1496,.T.);
#2880=EDGE_CURVE('',#2196,#1961,#364,.T.);
#2881=EDGE_CURVE('',#1961,#2195,#39,.T.);
#2882=EDGE_CURVE('',#2294,#2293,#365,.T.);
#2883=EDGE_CURVE('',#2294,#2194,#1497,.T.);
#2884=EDGE_CURVE('',#2295,#2294,#1498,.T.);
#2885=EDGE_CURVE('',#2187,#2295,#1499,.T.);
#2886=EDGE_CURVE('',#2296,#2295,#366,.T.);
#2887=EDGE_CURVE('',#2296,#2188,#1500,.T.);
#2888=EDGE_CURVE('',#2198,#2296,#1501,.T.);
#2889=EDGE_CURVE('',#2196,#2292,#1502,.T.);
#2890=EDGE_CURVE('',#2297,#2197,#1503,.T.);
#2891=EDGE_CURVE('',#2185,#2297,#1504,.T.);
#2892=EDGE_CURVE('',#1956,#2197,#367,.T.);
#2893=EDGE_CURVE('',#2198,#1956,#40,.T.);
#2894=EDGE_CURVE('',#2297,#1919,#368,.F.);
#2895=EDGE_CURVE('',#2298,#1920,#369,.T.);
#2896=EDGE_CURVE('',#2298,#2206,#1505,.T.);
#2897=EDGE_CURVE('',#2299,#2298,#1506,.T.);
#2898=EDGE_CURVE('',#2207,#2299,#1507,.T.);
#2899=EDGE_CURVE('',#2300,#2299,#370,.T.);
#2900=EDGE_CURVE('',#2300,#2208,#1508,.T.);
#2901=EDGE_CURVE('',#2301,#2300,#1509,.T.);
#2902=EDGE_CURVE('',#2209,#2301,#1510,.T.);
#2903=EDGE_CURVE('',#2302,#2301,#371,.T.);
#2904=EDGE_CURVE('',#2302,#2210,#1511,.T.);
#2905=EDGE_CURVE('',#2303,#2302,#1512,.T.);
#2906=EDGE_CURVE('',#2211,#2303,#1513,.T.);
#2907=EDGE_CURVE('',#1923,#2303,#372,.T.);
#2908=EDGE_CURVE('',#2304,#1924,#373,.T.);
#2909=EDGE_CURVE('',#2304,#2200,#1514,.T.);
#2910=EDGE_CURVE('',#2305,#2304,#1515,.T.);
#2911=EDGE_CURVE('',#2201,#2305,#1516,.T.);
#2912=EDGE_CURVE('',#2306,#2305,#374,.T.);
#2913=EDGE_CURVE('',#2306,#2202,#1517,.T.);
#2914=EDGE_CURVE('',#2307,#2306,#1518,.T.);
#2915=EDGE_CURVE('',#2203,#2307,#1519,.T.);
#2916=EDGE_CURVE('',#2308,#2307,#375,.T.);
#2917=EDGE_CURVE('',#2308,#2204,#1520,.T.);
#2918=EDGE_CURVE('',#2309,#2308,#1521,.T.);
#2919=EDGE_CURVE('',#2205,#2309,#1522,.T.);
#2920=EDGE_CURVE('',#1927,#2309,#376,.T.);
#2921=EDGE_CURVE('',#2310,#1908,#377,.T.);
#2922=EDGE_CURVE('',#2310,#2218,#1523,.T.);
#2923=EDGE_CURVE('',#2311,#2310,#1524,.T.);
#2924=EDGE_CURVE('',#2219,#2311,#1525,.T.);
#2925=EDGE_CURVE('',#2243,#2311,#378,.T.);
#2926=EDGE_CURVE('',#2231,#1900,#379,.T.);
#2927=EDGE_CURVE('',#1899,#2232,#380,.T.);
#2928=EDGE_CURVE('',#2312,#2233,#381,.T.);
#2929=EDGE_CURVE('',#1899,#2312,#382,.T.);
#2930=EDGE_CURVE('',#2224,#2313,#1526,.T.);
#2931=EDGE_CURVE('',#2313,#2225,#383,.T.);
#2932=EDGE_CURVE('',#2312,#2224,#1527,.T.);
#2933=EDGE_CURVE('',#2314,#2226,#384,.T.);
#2934=EDGE_CURVE('',#2313,#2314,#41,.T.);
#2935=EDGE_CURVE('',#2315,#2227,#385,.T.);
#2936=EDGE_CURVE('',#2314,#2315,#1528,.T.);
#2937=EDGE_CURVE('',#2316,#2228,#386,.T.);
#2938=EDGE_CURVE('',#2315,#2316,#42,.T.);
#2939=EDGE_CURVE('',#2316,#2229,#1529,.T.);
#2940=EDGE_CURVE('',#2229,#2317,#1530,.T.);
#2941=EDGE_CURVE('',#2317,#2230,#387,.T.);
#2942=EDGE_CURVE('',#2317,#1900,#388,.T.);
#2943=EDGE_CURVE('',#2235,#2033,#389,.T.);
#2944=EDGE_CURVE('',#2039,#2234,#390,.T.);
#2945=EDGE_CURVE('',#2038,#2236,#391,.T.);
#2946=EDGE_CURVE('',#2037,#2237,#392,.T.);
#2947=EDGE_CURVE('',#2036,#2238,#393,.T.);
#2948=EDGE_CURVE('',#2035,#2239,#394,.T.);
#2949=EDGE_CURVE('',#2034,#2240,#395,.T.);
#2950=EDGE_CURVE('',#2032,#2241,#396,.T.);
#2951=EDGE_CURVE('',#2017,#2242,#397,.T.);
#2952=EDGE_CURVE('',#2018,#2243,#398,.T.);
#2953=EDGE_CURVE('',#2016,#2244,#399,.T.);
#2954=EDGE_CURVE('',#2015,#2245,#400,.T.);
#2955=EDGE_CURVE('',#1911,#2014,#401,.T.);
#2956=EDGE_CURVE('',#1912,#2013,#402,.T.);
#2957=EDGE_CURVE('',#2012,#2246,#403,.T.);
#2958=EDGE_CURVE('',#2011,#2247,#404,.T.);
#2959=EDGE_CURVE('',#2010,#2248,#405,.T.);
#2960=EDGE_CURVE('',#2009,#2249,#406,.T.);
#2961=EDGE_CURVE('',#2008,#2250,#407,.T.);
#2962=EDGE_CURVE('',#2007,#2251,#408,.T.);
#2963=EDGE_CURVE('',#1915,#2006,#409,.T.);
#2964=EDGE_CURVE('',#2005,#1916,#410,.T.);
#2965=EDGE_CURVE('',#2252,#2004,#411,.T.);
#2966=EDGE_CURVE('',#2253,#2002,#412,.T.);
#2967=EDGE_CURVE('',#2254,#2001,#413,.T.);
#2968=EDGE_CURVE('',#2255,#2000,#414,.T.);
#2969=EDGE_CURVE('',#2256,#1999,#415,.T.);
#2970=EDGE_CURVE('',#1997,#2257,#416,.T.);
#2971=EDGE_CURVE('',#1996,#2258,#417,.T.);
#2972=EDGE_CURVE('',#1995,#2260,#418,.T.);
#2973=EDGE_CURVE('',#1994,#2259,#419,.T.);
#2974=EDGE_CURVE('',#1993,#2261,#420,.T.);
#2975=EDGE_CURVE('',#1992,#2262,#421,.T.);
#2976=EDGE_CURVE('',#1991,#2263,#422,.T.);
#2977=EDGE_CURVE('',#1990,#2264,#423,.T.);
#2978=EDGE_CURVE('',#1989,#2265,#424,.T.);
#2979=EDGE_CURVE('',#1988,#2266,#425,.T.);
#2980=EDGE_CURVE('',#1987,#2268,#426,.T.);
#2981=EDGE_CURVE('',#1986,#2267,#427,.T.);
#2982=EDGE_CURVE('',#1985,#2269,#428,.T.);
#2983=EDGE_CURVE('',#1984,#2270,#429,.T.);
#2984=EDGE_CURVE('',#1983,#2271,#430,.T.);
#2985=EDGE_CURVE('',#1982,#2272,#431,.T.);
#2986=EDGE_CURVE('',#1981,#2273,#432,.T.);
#2987=EDGE_CURVE('',#1980,#2274,#433,.T.);
#2988=EDGE_CURVE('',#1979,#2276,#434,.T.);
#2989=EDGE_CURVE('',#1978,#2275,#435,.T.);
#2990=EDGE_CURVE('',#1977,#2277,#436,.T.);
#2991=EDGE_CURVE('',#1976,#2278,#437,.T.);
#2992=EDGE_CURVE('',#1975,#2279,#438,.T.);
#2993=EDGE_CURVE('',#1974,#2280,#439,.T.);
#2994=EDGE_CURVE('',#1973,#2281,#440,.T.);
#2995=EDGE_CURVE('',#1972,#2282,#441,.T.);
#2996=EDGE_CURVE('',#1971,#2284,#442,.T.);
#2997=EDGE_CURVE('',#1970,#2283,#443,.T.);
#2998=EDGE_CURVE('',#1969,#2285,#444,.T.);
#2999=EDGE_CURVE('',#1968,#2286,#445,.T.);
#3000=EDGE_CURVE('',#1967,#2287,#446,.T.);
#3001=EDGE_CURVE('',#1966,#2288,#447,.T.);
#3002=EDGE_CURVE('',#2289,#1965,#448,.T.);
#3003=EDGE_CURVE('',#2290,#1964,#449,.T.);
#3004=EDGE_CURVE('',#2291,#1963,#450,.T.);
#3005=EDGE_CURVE('',#2292,#1962,#451,.T.);
#3006=EDGE_CURVE('',#2293,#1960,#452,.T.);
#3007=EDGE_CURVE('',#2294,#1959,#453,.T.);
#3008=EDGE_CURVE('',#2295,#1958,#454,.T.);
#3009=EDGE_CURVE('',#2296,#1957,#455,.T.);
#3010=EDGE_CURVE('',#1955,#2297,#456,.T.);
#3011=EDGE_CURVE('',#1919,#1954,#457,.T.);
#3012=EDGE_CURVE('',#1953,#1920,#458,.T.);
#3013=EDGE_CURVE('',#1952,#2298,#459,.T.);
#3014=EDGE_CURVE('',#1951,#2299,#460,.T.);
#3015=EDGE_CURVE('',#1950,#2300,#461,.T.);
#3016=EDGE_CURVE('',#1949,#2301,#462,.T.);
#3017=EDGE_CURVE('',#1948,#2302,#463,.T.);
#3018=EDGE_CURVE('',#1947,#2303,#464,.T.);
#3019=EDGE_CURVE('',#1946,#1923,#465,.T.);
#3020=EDGE_CURVE('',#1945,#1924,#466,.T.);
#3021=EDGE_CURVE('',#1944,#2304,#467,.T.);
#3022=EDGE_CURVE('',#1943,#2305,#468,.T.);
#3023=EDGE_CURVE('',#1942,#2306,#469,.T.);
#3024=EDGE_CURVE('',#1941,#2307,#470,.T.);
#3025=EDGE_CURVE('',#1940,#2308,#471,.T.);
#3026=EDGE_CURVE('',#1939,#2309,#472,.T.);
#3027=EDGE_CURVE('',#2020,#2310,#473,.T.);
#3028=EDGE_CURVE('',#2019,#2311,#474,.T.);
#3029=EDGE_CURVE('',#2027,#2312,#1531,.T.);
#3030=EDGE_CURVE('',#2026,#2313,#1532,.T.);
#3031=EDGE_CURVE('',#2025,#2314,#1533,.T.);
#3032=EDGE_CURVE('',#2024,#2315,#1534,.T.);
#3033=EDGE_CURVE('',#2023,#2316,#1535,.T.);
#3034=EDGE_CURVE('',#2022,#2317,#1536,.T.);
#3035=ORIENTED_EDGE('',*,*,#2318,.T.);
#3036=ORIENTED_EDGE('',*,*,#2319,.T.);
#3037=ORIENTED_EDGE('',*,*,#2320,.T.);
#3038=ORIENTED_EDGE('',*,*,#2321,.T.);
#3039=ORIENTED_EDGE('',*,*,#2322,.T.);
#3040=ORIENTED_EDGE('',*,*,#2319,.F.);
#3041=ORIENTED_EDGE('',*,*,#2323,.F.);
#3042=ORIENTED_EDGE('',*,*,#2324,.F.);
#3043=ORIENTED_EDGE('',*,*,#2325,.T.);
#3044=ORIENTED_EDGE('',*,*,#2326,.F.);
#3045=ORIENTED_EDGE('',*,*,#2327,.F.);
#3046=ORIENTED_EDGE('',*,*,#2328,.F.);
#3047=ORIENTED_EDGE('',*,*,#2329,.T.);
#3048=ORIENTED_EDGE('',*,*,#2330,.T.);
#3049=ORIENTED_EDGE('',*,*,#2331,.T.);
#3050=ORIENTED_EDGE('',*,*,#2332,.T.);
#3051=ORIENTED_EDGE('',*,*,#2333,.T.);
#3052=ORIENTED_EDGE('',*,*,#2330,.F.);
#3053=ORIENTED_EDGE('',*,*,#2334,.F.);
#3054=ORIENTED_EDGE('',*,*,#2335,.F.);
#3055=ORIENTED_EDGE('',*,*,#2336,.F.);
#3056=ORIENTED_EDGE('',*,*,#2337,.T.);
#3057=ORIENTED_EDGE('',*,*,#2338,.F.);
#3058=ORIENTED_EDGE('',*,*,#2339,.F.);
#3059=ORIENTED_EDGE('',*,*,#2340,.F.);
#3060=ORIENTED_EDGE('',*,*,#2341,.T.);
#3061=ORIENTED_EDGE('',*,*,#2342,.F.);
#3062=ORIENTED_EDGE('',*,*,#2343,.F.);
#3063=ORIENTED_EDGE('',*,*,#2344,.F.);
#3064=ORIENTED_EDGE('',*,*,#2345,.F.);
#3065=ORIENTED_EDGE('',*,*,#2346,.F.);
#3066=ORIENTED_EDGE('',*,*,#2347,.F.);
#3067=ORIENTED_EDGE('',*,*,#2348,.F.);
#3068=ORIENTED_EDGE('',*,*,#2349,.T.);
#3069=ORIENTED_EDGE('',*,*,#2350,.F.);
#3070=ORIENTED_EDGE('',*,*,#2351,.F.);
#3071=ORIENTED_EDGE('',*,*,#2352,.F.);
#3072=ORIENTED_EDGE('',*,*,#2353,.T.);
#3073=ORIENTED_EDGE('',*,*,#2354,.F.);
#3074=ORIENTED_EDGE('',*,*,#2355,.F.);
#3075=ORIENTED_EDGE('',*,*,#2321,.F.);
#3076=ORIENTED_EDGE('',*,*,#2356,.F.);
#3077=ORIENTED_EDGE('',*,*,#2357,.F.);
#3078=ORIENTED_EDGE('',*,*,#2358,.F.);
#3079=ORIENTED_EDGE('',*,*,#2332,.F.);
#3080=ORIENTED_EDGE('',*,*,#2359,.F.);
#3081=ORIENTED_EDGE('',*,*,#2360,.F.);
#3082=ORIENTED_EDGE('',*,*,#2361,.F.);
#3083=ORIENTED_EDGE('',*,*,#2356,.T.);
#3084=ORIENTED_EDGE('',*,*,#2320,.F.);
#3085=ORIENTED_EDGE('',*,*,#2322,.F.);
#3086=ORIENTED_EDGE('',*,*,#2362,.F.);
#3087=ORIENTED_EDGE('',*,*,#2363,.T.);
#3088=ORIENTED_EDGE('',*,*,#2361,.T.);
#3089=ORIENTED_EDGE('',*,*,#2364,.T.);
#3090=ORIENTED_EDGE('',*,*,#2365,.F.);
#3091=ORIENTED_EDGE('',*,*,#2323,.T.);
#3092=ORIENTED_EDGE('',*,*,#2318,.F.);
#3093=ORIENTED_EDGE('',*,*,#2360,.T.);
#3094=ORIENTED_EDGE('',*,*,#2366,.F.);
#3095=ORIENTED_EDGE('',*,*,#2367,.F.);
#3096=ORIENTED_EDGE('',*,*,#2364,.F.);
#3097=ORIENTED_EDGE('',*,*,#2359,.T.);
#3098=ORIENTED_EDGE('',*,*,#2331,.F.);
#3099=ORIENTED_EDGE('',*,*,#2333,.F.);
#3100=ORIENTED_EDGE('',*,*,#2368,.F.);
#3101=ORIENTED_EDGE('',*,*,#2369,.F.);
#3102=ORIENTED_EDGE('',*,*,#2366,.T.);
#3103=ORIENTED_EDGE('',*,*,#2358,.T.);
#3104=ORIENTED_EDGE('',*,*,#2370,.T.);
#3105=ORIENTED_EDGE('',*,*,#2371,.F.);
#3106=ORIENTED_EDGE('',*,*,#2372,.F.);
#3107=ORIENTED_EDGE('',*,*,#2334,.T.);
#3108=ORIENTED_EDGE('',*,*,#2329,.F.);
#3109=ORIENTED_EDGE('',*,*,#2357,.T.);
#3110=ORIENTED_EDGE('',*,*,#2363,.F.);
#3111=ORIENTED_EDGE('',*,*,#2373,.F.);
#3112=ORIENTED_EDGE('',*,*,#2370,.F.);
#3113=ORIENTED_EDGE('',*,*,#2365,.T.);
#3114=ORIENTED_EDGE('',*,*,#2367,.T.);
#3115=ORIENTED_EDGE('',*,*,#2369,.T.);
#3116=ORIENTED_EDGE('',*,*,#2374,.F.);
#3117=ORIENTED_EDGE('',*,*,#2375,.F.);
#3118=ORIENTED_EDGE('',*,*,#2376,.F.);
#3119=ORIENTED_EDGE('',*,*,#2377,.F.);
#3120=ORIENTED_EDGE('',*,*,#2378,.F.);
#3121=ORIENTED_EDGE('',*,*,#2379,.F.);
#3122=ORIENTED_EDGE('',*,*,#2380,.F.);
#3123=ORIENTED_EDGE('',*,*,#2381,.F.);
#3124=ORIENTED_EDGE('',*,*,#2382,.F.);
#3125=ORIENTED_EDGE('',*,*,#2383,.F.);
#3126=ORIENTED_EDGE('',*,*,#2384,.F.);
#3127=ORIENTED_EDGE('',*,*,#2385,.F.);
#3128=ORIENTED_EDGE('',*,*,#2386,.F.);
#3129=ORIENTED_EDGE('',*,*,#2387,.F.);
#3130=ORIENTED_EDGE('',*,*,#2388,.F.);
#3131=ORIENTED_EDGE('',*,*,#2389,.F.);
#3132=ORIENTED_EDGE('',*,*,#2390,.F.);
#3133=ORIENTED_EDGE('',*,*,#2391,.F.);
#3134=ORIENTED_EDGE('',*,*,#2392,.F.);
#3135=ORIENTED_EDGE('',*,*,#2393,.F.);
#3136=ORIENTED_EDGE('',*,*,#2394,.F.);
#3137=ORIENTED_EDGE('',*,*,#2395,.F.);
#3138=ORIENTED_EDGE('',*,*,#2396,.F.);
#3139=ORIENTED_EDGE('',*,*,#2397,.F.);
#3140=ORIENTED_EDGE('',*,*,#2398,.F.);
#3141=ORIENTED_EDGE('',*,*,#2399,.F.);
#3142=ORIENTED_EDGE('',*,*,#2400,.F.);
#3143=ORIENTED_EDGE('',*,*,#2401,.F.);
#3144=ORIENTED_EDGE('',*,*,#2402,.F.);
#3145=ORIENTED_EDGE('',*,*,#2403,.F.);
#3146=ORIENTED_EDGE('',*,*,#2404,.F.);
#3147=ORIENTED_EDGE('',*,*,#2405,.F.);
#3148=ORIENTED_EDGE('',*,*,#2406,.F.);
#3149=ORIENTED_EDGE('',*,*,#2407,.F.);
#3150=ORIENTED_EDGE('',*,*,#2408,.F.);
#3151=ORIENTED_EDGE('',*,*,#2409,.F.);
#3152=ORIENTED_EDGE('',*,*,#2410,.F.);
#3153=ORIENTED_EDGE('',*,*,#2411,.F.);
#3154=ORIENTED_EDGE('',*,*,#2412,.F.);
#3155=ORIENTED_EDGE('',*,*,#2413,.F.);
#3156=ORIENTED_EDGE('',*,*,#2414,.F.);
#3157=ORIENTED_EDGE('',*,*,#2415,.F.);
#3158=ORIENTED_EDGE('',*,*,#2416,.F.);
#3159=ORIENTED_EDGE('',*,*,#2417,.F.);
#3160=ORIENTED_EDGE('',*,*,#2418,.F.);
#3161=ORIENTED_EDGE('',*,*,#2419,.F.);
#3162=ORIENTED_EDGE('',*,*,#2420,.F.);
#3163=ORIENTED_EDGE('',*,*,#2421,.F.);
#3164=ORIENTED_EDGE('',*,*,#2422,.F.);
#3165=ORIENTED_EDGE('',*,*,#2423,.F.);
#3166=ORIENTED_EDGE('',*,*,#2424,.F.);
#3167=ORIENTED_EDGE('',*,*,#2425,.F.);
#3168=ORIENTED_EDGE('',*,*,#2426,.F.);
#3169=ORIENTED_EDGE('',*,*,#2427,.F.);
#3170=ORIENTED_EDGE('',*,*,#2428,.F.);
#3171=ORIENTED_EDGE('',*,*,#2429,.F.);
#3172=ORIENTED_EDGE('',*,*,#2430,.T.);
#3173=ORIENTED_EDGE('',*,*,#2431,.F.);
#3174=ORIENTED_EDGE('',*,*,#2432,.F.);
#3175=ORIENTED_EDGE('',*,*,#2433,.F.);
#3176=ORIENTED_EDGE('',*,*,#2434,.F.);
#3177=ORIENTED_EDGE('',*,*,#2435,.F.);
#3178=ORIENTED_EDGE('',*,*,#2436,.F.);
#3179=ORIENTED_EDGE('',*,*,#2437,.F.);
#3180=ORIENTED_EDGE('',*,*,#2438,.F.);
#3181=ORIENTED_EDGE('',*,*,#2439,.F.);
#3182=ORIENTED_EDGE('',*,*,#2440,.F.);
#3183=ORIENTED_EDGE('',*,*,#2441,.F.);
#3184=ORIENTED_EDGE('',*,*,#2442,.F.);
#3185=ORIENTED_EDGE('',*,*,#2443,.F.);
#3186=ORIENTED_EDGE('',*,*,#2444,.F.);
#3187=ORIENTED_EDGE('',*,*,#2445,.F.);
#3188=ORIENTED_EDGE('',*,*,#2446,.F.);
#3189=ORIENTED_EDGE('',*,*,#2447,.F.);
#3190=ORIENTED_EDGE('',*,*,#2448,.F.);
#3191=ORIENTED_EDGE('',*,*,#2449,.F.);
#3192=ORIENTED_EDGE('',*,*,#2450,.F.);
#3193=ORIENTED_EDGE('',*,*,#2451,.F.);
#3194=ORIENTED_EDGE('',*,*,#2452,.F.);
#3195=ORIENTED_EDGE('',*,*,#2453,.F.);
#3196=ORIENTED_EDGE('',*,*,#2454,.F.);
#3197=ORIENTED_EDGE('',*,*,#2455,.F.);
#3198=ORIENTED_EDGE('',*,*,#2456,.F.);
#3199=ORIENTED_EDGE('',*,*,#2457,.F.);
#3200=ORIENTED_EDGE('',*,*,#2458,.F.);
#3201=ORIENTED_EDGE('',*,*,#2371,.T.);
#3202=ORIENTED_EDGE('',*,*,#2373,.T.);
#3203=ORIENTED_EDGE('',*,*,#2362,.T.);
#3204=ORIENTED_EDGE('',*,*,#2328,.T.);
#3205=ORIENTED_EDGE('',*,*,#2459,.F.);
#3206=ORIENTED_EDGE('',*,*,#2460,.T.);
#3207=ORIENTED_EDGE('',*,*,#2461,.F.);
#3208=ORIENTED_EDGE('',*,*,#2462,.T.);
#3209=ORIENTED_EDGE('',*,*,#2463,.F.);
#3210=ORIENTED_EDGE('',*,*,#2464,.T.);
#3211=ORIENTED_EDGE('',*,*,#2465,.F.);
#3212=ORIENTED_EDGE('',*,*,#2324,.T.);
#3213=ORIENTED_EDGE('',*,*,#2466,.F.);
#3214=ORIENTED_EDGE('',*,*,#2467,.F.);
#3215=ORIENTED_EDGE('',*,*,#2468,.F.);
#3216=ORIENTED_EDGE('',*,*,#2469,.F.);
#3217=ORIENTED_EDGE('',*,*,#2470,.F.);
#3218=ORIENTED_EDGE('',*,*,#2471,.F.);
#3219=ORIENTED_EDGE('',*,*,#2472,.F.);
#3220=ORIENTED_EDGE('',*,*,#2473,.F.);
#3221=ORIENTED_EDGE('',*,*,#2474,.F.);
#3222=ORIENTED_EDGE('',*,*,#2475,.F.);
#3223=ORIENTED_EDGE('',*,*,#2476,.F.);
#3224=ORIENTED_EDGE('',*,*,#2477,.F.);
#3225=ORIENTED_EDGE('',*,*,#2478,.F.);
#3226=ORIENTED_EDGE('',*,*,#2479,.F.);
#3227=ORIENTED_EDGE('',*,*,#2480,.F.);
#3228=ORIENTED_EDGE('',*,*,#2481,.F.);
#3229=ORIENTED_EDGE('',*,*,#2372,.T.);
#3230=ORIENTED_EDGE('',*,*,#2458,.T.);
#3231=ORIENTED_EDGE('',*,*,#2482,.F.);
#3232=ORIENTED_EDGE('',*,*,#2335,.T.);
#3233=ORIENTED_EDGE('',*,*,#2368,.T.);
#3234=ORIENTED_EDGE('',*,*,#2355,.T.);
#3235=ORIENTED_EDGE('',*,*,#2483,.F.);
#3236=ORIENTED_EDGE('',*,*,#2374,.T.);
#3237=ORIENTED_EDGE('',*,*,#2466,.T.);
#3238=ORIENTED_EDGE('',*,*,#2484,.T.);
#3239=ORIENTED_EDGE('',*,*,#2485,.T.);
#3240=ORIENTED_EDGE('',*,*,#2484,.F.);
#3241=ORIENTED_EDGE('',*,*,#2485,.F.);
#3242=ORIENTED_EDGE('',*,*,#2486,.T.);
#3243=ORIENTED_EDGE('',*,*,#2487,.T.);
#3244=ORIENTED_EDGE('',*,*,#2486,.F.);
#3245=ORIENTED_EDGE('',*,*,#2481,.T.);
#3246=ORIENTED_EDGE('',*,*,#2488,.T.);
#3247=ORIENTED_EDGE('',*,*,#2489,.T.);
#3248=ORIENTED_EDGE('',*,*,#2488,.F.);
#3249=ORIENTED_EDGE('',*,*,#2489,.F.);
#3250=ORIENTED_EDGE('',*,*,#2490,.T.);
#3251=ORIENTED_EDGE('',*,*,#2491,.T.);
#3252=ORIENTED_EDGE('',*,*,#2490,.F.);
#3253=ORIENTED_EDGE('',*,*,#2467,.T.);
#3254=ORIENTED_EDGE('',*,*,#2492,.T.);
#3255=ORIENTED_EDGE('',*,*,#2493,.T.);
#3256=ORIENTED_EDGE('',*,*,#2492,.F.);
#3257=ORIENTED_EDGE('',*,*,#2493,.F.);
#3258=ORIENTED_EDGE('',*,*,#2494,.T.);
#3259=ORIENTED_EDGE('',*,*,#2495,.T.);
#3260=ORIENTED_EDGE('',*,*,#2494,.F.);
#3261=ORIENTED_EDGE('',*,*,#2480,.T.);
#3262=ORIENTED_EDGE('',*,*,#2496,.T.);
#3263=ORIENTED_EDGE('',*,*,#2497,.T.);
#3264=ORIENTED_EDGE('',*,*,#2496,.F.);
#3265=ORIENTED_EDGE('',*,*,#2497,.F.);
#3266=ORIENTED_EDGE('',*,*,#2498,.T.);
#3267=ORIENTED_EDGE('',*,*,#2499,.T.);
#3268=ORIENTED_EDGE('',*,*,#2498,.F.);
#3269=ORIENTED_EDGE('',*,*,#2468,.T.);
#3270=ORIENTED_EDGE('',*,*,#2500,.T.);
#3271=ORIENTED_EDGE('',*,*,#2501,.T.);
#3272=ORIENTED_EDGE('',*,*,#2500,.F.);
#3273=ORIENTED_EDGE('',*,*,#2501,.F.);
#3274=ORIENTED_EDGE('',*,*,#2502,.T.);
#3275=ORIENTED_EDGE('',*,*,#2503,.T.);
#3276=ORIENTED_EDGE('',*,*,#2502,.F.);
#3277=ORIENTED_EDGE('',*,*,#2479,.T.);
#3278=ORIENTED_EDGE('',*,*,#2504,.T.);
#3279=ORIENTED_EDGE('',*,*,#2505,.T.);
#3280=ORIENTED_EDGE('',*,*,#2504,.F.);
#3281=ORIENTED_EDGE('',*,*,#2505,.F.);
#3282=ORIENTED_EDGE('',*,*,#2506,.T.);
#3283=ORIENTED_EDGE('',*,*,#2507,.T.);
#3284=ORIENTED_EDGE('',*,*,#2506,.F.);
#3285=ORIENTED_EDGE('',*,*,#2469,.T.);
#3286=ORIENTED_EDGE('',*,*,#2508,.T.);
#3287=ORIENTED_EDGE('',*,*,#2509,.T.);
#3288=ORIENTED_EDGE('',*,*,#2508,.F.);
#3289=ORIENTED_EDGE('',*,*,#2509,.F.);
#3290=ORIENTED_EDGE('',*,*,#2510,.T.);
#3291=ORIENTED_EDGE('',*,*,#2511,.T.);
#3292=ORIENTED_EDGE('',*,*,#2510,.F.);
#3293=ORIENTED_EDGE('',*,*,#2478,.T.);
#3294=ORIENTED_EDGE('',*,*,#2512,.T.);
#3295=ORIENTED_EDGE('',*,*,#2513,.T.);
#3296=ORIENTED_EDGE('',*,*,#2512,.F.);
#3297=ORIENTED_EDGE('',*,*,#2513,.F.);
#3298=ORIENTED_EDGE('',*,*,#2514,.T.);
#3299=ORIENTED_EDGE('',*,*,#2515,.T.);
#3300=ORIENTED_EDGE('',*,*,#2514,.F.);
#3301=ORIENTED_EDGE('',*,*,#2507,.F.);
#3302=ORIENTED_EDGE('',*,*,#2491,.F.);
#3303=ORIENTED_EDGE('',*,*,#2495,.F.);
#3304=ORIENTED_EDGE('',*,*,#2511,.F.);
#3305=ORIENTED_EDGE('',*,*,#2503,.F.);
#3306=ORIENTED_EDGE('',*,*,#2487,.F.);
#3307=ORIENTED_EDGE('',*,*,#2499,.F.);
#3308=ORIENTED_EDGE('',*,*,#2515,.F.);
#3309=ORIENTED_EDGE('',*,*,#2516,.F.);
#3310=ORIENTED_EDGE('',*,*,#2517,.F.);
#3311=ORIENTED_EDGE('',*,*,#2518,.F.);
#3312=ORIENTED_EDGE('',*,*,#2519,.F.);
#3313=ORIENTED_EDGE('',*,*,#2520,.F.);
#3314=ORIENTED_EDGE('',*,*,#2521,.F.);
#3315=ORIENTED_EDGE('',*,*,#2522,.F.);
#3316=ORIENTED_EDGE('',*,*,#2523,.F.);
#3317=ORIENTED_EDGE('',*,*,#2524,.F.);
#3318=ORIENTED_EDGE('',*,*,#2525,.T.);
#3319=ORIENTED_EDGE('',*,*,#2516,.T.);
#3320=ORIENTED_EDGE('',*,*,#2525,.F.);
#3321=ORIENTED_EDGE('',*,*,#2526,.F.);
#3322=ORIENTED_EDGE('',*,*,#2527,.T.);
#3323=ORIENTED_EDGE('',*,*,#2517,.T.);
#3324=ORIENTED_EDGE('',*,*,#2527,.F.);
#3325=ORIENTED_EDGE('',*,*,#2528,.F.);
#3326=ORIENTED_EDGE('',*,*,#2529,.T.);
#3327=ORIENTED_EDGE('',*,*,#2518,.T.);
#3328=ORIENTED_EDGE('',*,*,#2529,.F.);
#3329=ORIENTED_EDGE('',*,*,#2530,.F.);
#3330=ORIENTED_EDGE('',*,*,#2531,.T.);
#3331=ORIENTED_EDGE('',*,*,#2519,.T.);
#3332=ORIENTED_EDGE('',*,*,#2531,.F.);
#3333=ORIENTED_EDGE('',*,*,#2532,.T.);
#3334=ORIENTED_EDGE('',*,*,#2533,.T.);
#3335=ORIENTED_EDGE('',*,*,#2534,.T.);
#3336=ORIENTED_EDGE('',*,*,#2535,.T.);
#3337=ORIENTED_EDGE('',*,*,#2536,.T.);
#3338=ORIENTED_EDGE('',*,*,#2537,.T.);
#3339=ORIENTED_EDGE('',*,*,#2538,.T.);
#3340=ORIENTED_EDGE('',*,*,#2539,.T.);
#3341=ORIENTED_EDGE('',*,*,#2540,.F.);
#3342=ORIENTED_EDGE('',*,*,#2541,.T.);
#3343=ORIENTED_EDGE('',*,*,#2520,.T.);
#3344=ORIENTED_EDGE('',*,*,#2541,.F.);
#3345=ORIENTED_EDGE('',*,*,#2542,.F.);
#3346=ORIENTED_EDGE('',*,*,#2543,.T.);
#3347=ORIENTED_EDGE('',*,*,#2521,.T.);
#3348=ORIENTED_EDGE('',*,*,#2543,.F.);
#3349=ORIENTED_EDGE('',*,*,#2544,.F.);
#3350=ORIENTED_EDGE('',*,*,#2545,.T.);
#3351=ORIENTED_EDGE('',*,*,#2522,.T.);
#3352=ORIENTED_EDGE('',*,*,#2545,.F.);
#3353=ORIENTED_EDGE('',*,*,#2546,.F.);
#3354=ORIENTED_EDGE('',*,*,#2547,.T.);
#3355=ORIENTED_EDGE('',*,*,#2523,.T.);
#3356=ORIENTED_EDGE('',*,*,#2547,.F.);
#3357=ORIENTED_EDGE('',*,*,#2538,.F.);
#3358=ORIENTED_EDGE('',*,*,#2548,.F.);
#3359=ORIENTED_EDGE('',*,*,#2549,.T.);
#3360=ORIENTED_EDGE('',*,*,#2550,.F.);
#3361=ORIENTED_EDGE('',*,*,#2534,.F.);
#3362=ORIENTED_EDGE('',*,*,#2551,.T.);
#3363=ORIENTED_EDGE('',*,*,#2552,.F.);
#3364=ORIENTED_EDGE('',*,*,#2553,.T.);
#3365=ORIENTED_EDGE('',*,*,#2554,.T.);
#3366=ORIENTED_EDGE('',*,*,#2555,.F.);
#3367=ORIENTED_EDGE('',*,*,#2556,.T.);
#3368=ORIENTED_EDGE('',*,*,#2557,.T.);
#3369=ORIENTED_EDGE('',*,*,#2535,.F.);
#3370=ORIENTED_EDGE('',*,*,#2558,.F.);
#3371=ORIENTED_EDGE('',*,*,#2559,.F.);
#3372=ORIENTED_EDGE('',*,*,#2560,.T.);
#3373=ORIENTED_EDGE('',*,*,#2561,.T.);
#3374=ORIENTED_EDGE('',*,*,#2562,.F.);
#3375=ORIENTED_EDGE('',*,*,#2563,.T.);
#3376=ORIENTED_EDGE('',*,*,#2564,.T.);
#3377=ORIENTED_EDGE('',*,*,#2565,.F.);
#3378=ORIENTED_EDGE('',*,*,#2566,.T.);
#3379=ORIENTED_EDGE('',*,*,#2567,.T.);
#3380=ORIENTED_EDGE('',*,*,#2539,.F.);
#3381=ORIENTED_EDGE('',*,*,#2568,.F.);
#3382=ORIENTED_EDGE('',*,*,#2569,.T.);
#3383=ORIENTED_EDGE('',*,*,#2570,.T.);
#3384=ORIENTED_EDGE('',*,*,#2524,.T.);
#3385=ORIENTED_EDGE('',*,*,#2570,.F.);
#3386=ORIENTED_EDGE('',*,*,#2571,.T.);
#3387=ORIENTED_EDGE('',*,*,#2572,.T.);
#3388=ORIENTED_EDGE('',*,*,#2526,.T.);
#3389=ORIENTED_EDGE('',*,*,#2572,.F.);
#3390=ORIENTED_EDGE('',*,*,#2573,.T.);
#3391=ORIENTED_EDGE('',*,*,#2574,.T.);
#3392=ORIENTED_EDGE('',*,*,#2528,.T.);
#3393=ORIENTED_EDGE('',*,*,#2574,.F.);
#3394=ORIENTED_EDGE('',*,*,#2575,.T.);
#3395=ORIENTED_EDGE('',*,*,#2576,.T.);
#3396=ORIENTED_EDGE('',*,*,#2530,.T.);
#3397=ORIENTED_EDGE('',*,*,#2576,.F.);
#3398=ORIENTED_EDGE('',*,*,#2577,.F.);
#3399=ORIENTED_EDGE('',*,*,#2578,.F.);
#3400=ORIENTED_EDGE('',*,*,#2579,.F.);
#3401=ORIENTED_EDGE('',*,*,#2580,.F.);
#3402=ORIENTED_EDGE('',*,*,#2532,.F.);
#3403=ORIENTED_EDGE('',*,*,#2557,.F.);
#3404=ORIENTED_EDGE('',*,*,#2581,.F.);
#3405=ORIENTED_EDGE('',*,*,#2582,.F.);
#3406=ORIENTED_EDGE('',*,*,#2533,.F.);
#3407=ORIENTED_EDGE('',*,*,#2580,.T.);
#3408=ORIENTED_EDGE('',*,*,#2583,.F.);
#3409=ORIENTED_EDGE('',*,*,#2584,.F.);
#3410=ORIENTED_EDGE('',*,*,#2585,.T.);
#3411=ORIENTED_EDGE('',*,*,#2586,.T.);
#3412=ORIENTED_EDGE('',*,*,#2587,.F.);
#3413=ORIENTED_EDGE('',*,*,#2588,.F.);
#3414=ORIENTED_EDGE('',*,*,#2589,.F.);
#3415=ORIENTED_EDGE('',*,*,#2590,.T.);
#3416=ORIENTED_EDGE('',*,*,#2536,.F.);
#3417=ORIENTED_EDGE('',*,*,#2567,.F.);
#3418=ORIENTED_EDGE('',*,*,#2591,.F.);
#3419=ORIENTED_EDGE('',*,*,#2592,.F.);
#3420=ORIENTED_EDGE('',*,*,#2537,.F.);
#3421=ORIENTED_EDGE('',*,*,#2590,.F.);
#3422=ORIENTED_EDGE('',*,*,#2593,.F.);
#3423=ORIENTED_EDGE('',*,*,#2594,.T.);
#3424=ORIENTED_EDGE('',*,*,#2595,.T.);
#3425=ORIENTED_EDGE('',*,*,#2540,.T.);
#3426=ORIENTED_EDGE('',*,*,#2595,.F.);
#3427=ORIENTED_EDGE('',*,*,#2596,.T.);
#3428=ORIENTED_EDGE('',*,*,#2597,.T.);
#3429=ORIENTED_EDGE('',*,*,#2542,.T.);
#3430=ORIENTED_EDGE('',*,*,#2597,.F.);
#3431=ORIENTED_EDGE('',*,*,#2598,.T.);
#3432=ORIENTED_EDGE('',*,*,#2599,.T.);
#3433=ORIENTED_EDGE('',*,*,#2544,.T.);
#3434=ORIENTED_EDGE('',*,*,#2599,.F.);
#3435=ORIENTED_EDGE('',*,*,#2600,.T.);
#3436=ORIENTED_EDGE('',*,*,#2601,.T.);
#3437=ORIENTED_EDGE('',*,*,#2546,.T.);
#3438=ORIENTED_EDGE('',*,*,#2601,.F.);
#3439=ORIENTED_EDGE('',*,*,#2586,.F.);
#3440=ORIENTED_EDGE('',*,*,#2602,.T.);
#3441=ORIENTED_EDGE('',*,*,#2548,.T.);
#3442=ORIENTED_EDGE('',*,*,#2592,.T.);
#3443=ORIENTED_EDGE('',*,*,#2563,.F.);
#3444=ORIENTED_EDGE('',*,*,#2568,.T.);
#3445=ORIENTED_EDGE('',*,*,#2549,.F.);
#3446=ORIENTED_EDGE('',*,*,#2603,.T.);
#3447=ORIENTED_EDGE('',*,*,#2561,.F.);
#3448=ORIENTED_EDGE('',*,*,#2604,.T.);
#3449=ORIENTED_EDGE('',*,*,#2551,.F.);
#3450=ORIENTED_EDGE('',*,*,#2582,.T.);
#3451=ORIENTED_EDGE('',*,*,#2553,.F.);
#3452=ORIENTED_EDGE('',*,*,#2558,.T.);
#3453=ORIENTED_EDGE('',*,*,#2550,.T.);
#3454=ORIENTED_EDGE('',*,*,#2605,.T.);
#3455=ORIENTED_EDGE('',*,*,#2606,.T.);
#3456=ORIENTED_EDGE('',*,*,#2607,.T.);
#3457=ORIENTED_EDGE('',*,*,#2608,.T.);
#3458=ORIENTED_EDGE('',*,*,#2609,.T.);
#3459=ORIENTED_EDGE('',*,*,#2610,.T.);
#3460=ORIENTED_EDGE('',*,*,#2611,.T.);
#3461=ORIENTED_EDGE('',*,*,#2612,.T.);
#3462=ORIENTED_EDGE('',*,*,#2613,.T.);
#3463=ORIENTED_EDGE('',*,*,#2614,.T.);
#3464=ORIENTED_EDGE('',*,*,#2615,.T.);
#3465=ORIENTED_EDGE('',*,*,#2616,.T.);
#3466=ORIENTED_EDGE('',*,*,#2617,.T.);
#3467=ORIENTED_EDGE('',*,*,#2618,.T.);
#3468=ORIENTED_EDGE('',*,*,#2619,.F.);
#3469=ORIENTED_EDGE('',*,*,#2620,.F.);
#3470=ORIENTED_EDGE('',*,*,#2621,.F.);
#3471=ORIENTED_EDGE('',*,*,#2622,.F.);
#3472=ORIENTED_EDGE('',*,*,#2623,.T.);
#3473=ORIENTED_EDGE('',*,*,#2624,.F.);
#3474=ORIENTED_EDGE('',*,*,#2577,.T.);
#3475=ORIENTED_EDGE('',*,*,#2556,.F.);
#3476=ORIENTED_EDGE('',*,*,#2625,.T.);
#3477=ORIENTED_EDGE('',*,*,#2626,.T.);
#3478=ORIENTED_EDGE('',*,*,#2627,.T.);
#3479=ORIENTED_EDGE('',*,*,#2628,.T.);
#3480=ORIENTED_EDGE('',*,*,#2629,.F.);
#3481=ORIENTED_EDGE('',*,*,#2630,.F.);
#3482=ORIENTED_EDGE('',*,*,#2631,.F.);
#3483=ORIENTED_EDGE('',*,*,#2632,.T.);
#3484=ORIENTED_EDGE('',*,*,#2633,.F.);
#3485=ORIENTED_EDGE('',*,*,#2634,.T.);
#3486=ORIENTED_EDGE('',*,*,#2631,.T.);
#3487=ORIENTED_EDGE('',*,*,#2635,.T.);
#3488=ORIENTED_EDGE('',*,*,#2554,.F.);
#3489=ORIENTED_EDGE('',*,*,#2636,.T.);
#3490=ORIENTED_EDGE('',*,*,#2621,.T.);
#3491=ORIENTED_EDGE('',*,*,#2637,.T.);
#3492=ORIENTED_EDGE('',*,*,#2555,.T.);
#3493=ORIENTED_EDGE('',*,*,#2552,.T.);
#3494=ORIENTED_EDGE('',*,*,#2638,.T.);
#3495=ORIENTED_EDGE('',*,*,#2622,.T.);
#3496=ORIENTED_EDGE('',*,*,#2639,.F.);
#3497=ORIENTED_EDGE('',*,*,#2640,.T.);
#3498=ORIENTED_EDGE('',*,*,#2629,.T.);
#3499=ORIENTED_EDGE('',*,*,#2641,.T.);
#3500=ORIENTED_EDGE('',*,*,#2624,.T.);
#3501=ORIENTED_EDGE('',*,*,#2642,.T.);
#3502=ORIENTED_EDGE('',*,*,#2643,.F.);
#3503=ORIENTED_EDGE('',*,*,#2578,.T.);
#3504=ORIENTED_EDGE('',*,*,#2644,.T.);
#3505=ORIENTED_EDGE('',*,*,#2559,.T.);
#3506=ORIENTED_EDGE('',*,*,#2581,.T.);
#3507=ORIENTED_EDGE('',*,*,#2645,.F.);
#3508=ORIENTED_EDGE('',*,*,#2560,.F.);
#3509=ORIENTED_EDGE('',*,*,#2646,.T.);
#3510=ORIENTED_EDGE('',*,*,#2564,.F.);
#3511=ORIENTED_EDGE('',*,*,#2647,.T.);
#3512=ORIENTED_EDGE('',*,*,#2565,.T.);
#3513=ORIENTED_EDGE('',*,*,#2562,.T.);
#3514=ORIENTED_EDGE('',*,*,#2648,.T.);
#3515=ORIENTED_EDGE('',*,*,#2649,.T.);
#3516=ORIENTED_EDGE('',*,*,#2649,.F.);
#3517=ORIENTED_EDGE('',*,*,#2650,.T.);
#3518=ORIENTED_EDGE('',*,*,#2651,.F.);
#3519=ORIENTED_EDGE('',*,*,#2587,.T.);
#3520=ORIENTED_EDGE('',*,*,#2566,.F.);
#3521=ORIENTED_EDGE('',*,*,#2652,.T.);
#3522=ORIENTED_EDGE('',*,*,#2653,.F.);
#3523=ORIENTED_EDGE('',*,*,#2654,.F.);
#3524=ORIENTED_EDGE('',*,*,#2655,.F.);
#3525=ORIENTED_EDGE('',*,*,#2656,.F.);
#3526=ORIENTED_EDGE('',*,*,#2657,.F.);
#3527=ORIENTED_EDGE('',*,*,#2658,.T.);
#3528=ORIENTED_EDGE('',*,*,#2659,.F.);
#3529=ORIENTED_EDGE('',*,*,#2569,.F.);
#3530=ORIENTED_EDGE('',*,*,#2660,.T.);
#3531=ORIENTED_EDGE('',*,*,#2661,.F.);
#3532=ORIENTED_EDGE('',*,*,#2662,.T.);
#3533=ORIENTED_EDGE('',*,*,#2663,.F.);
#3534=ORIENTED_EDGE('',*,*,#2664,.F.);
#3535=ORIENTED_EDGE('',*,*,#2665,.F.);
#3536=ORIENTED_EDGE('',*,*,#2666,.F.);
#3537=ORIENTED_EDGE('',*,*,#2667,.F.);
#3538=ORIENTED_EDGE('',*,*,#2571,.F.);
#3539=ORIENTED_EDGE('',*,*,#2668,.T.);
#3540=ORIENTED_EDGE('',*,*,#2669,.F.);
#3541=ORIENTED_EDGE('',*,*,#2670,.T.);
#3542=ORIENTED_EDGE('',*,*,#2671,.F.);
#3543=ORIENTED_EDGE('',*,*,#2672,.F.);
#3544=ORIENTED_EDGE('',*,*,#2673,.F.);
#3545=ORIENTED_EDGE('',*,*,#2674,.F.);
#3546=ORIENTED_EDGE('',*,*,#2675,.F.);
#3547=ORIENTED_EDGE('',*,*,#2573,.F.);
#3548=ORIENTED_EDGE('',*,*,#2676,.T.);
#3549=ORIENTED_EDGE('',*,*,#2677,.F.);
#3550=ORIENTED_EDGE('',*,*,#2678,.T.);
#3551=ORIENTED_EDGE('',*,*,#2679,.F.);
#3552=ORIENTED_EDGE('',*,*,#2680,.F.);
#3553=ORIENTED_EDGE('',*,*,#2681,.F.);
#3554=ORIENTED_EDGE('',*,*,#2682,.F.);
#3555=ORIENTED_EDGE('',*,*,#2683,.F.);
#3556=ORIENTED_EDGE('',*,*,#2575,.F.);
#3557=ORIENTED_EDGE('',*,*,#2583,.T.);
#3558=ORIENTED_EDGE('',*,*,#2579,.T.);
#3559=ORIENTED_EDGE('',*,*,#2643,.T.);
#3560=ORIENTED_EDGE('',*,*,#2684,.T.);
#3561=ORIENTED_EDGE('',*,*,#2645,.T.);
#3562=ORIENTED_EDGE('',*,*,#2651,.T.);
#3563=ORIENTED_EDGE('',*,*,#2685,.T.);
#3564=ORIENTED_EDGE('',*,*,#2686,.F.);
#3565=ORIENTED_EDGE('',*,*,#2588,.T.);
#3566=ORIENTED_EDGE('',*,*,#2687,.T.);
#3567=ORIENTED_EDGE('',*,*,#2584,.T.);
#3568=ORIENTED_EDGE('',*,*,#2591,.T.);
#3569=ORIENTED_EDGE('',*,*,#2688,.F.);
#3570=ORIENTED_EDGE('',*,*,#2585,.F.);
#3571=ORIENTED_EDGE('',*,*,#2689,.T.);
#3572=ORIENTED_EDGE('',*,*,#2690,.T.);
#3573=ORIENTED_EDGE('',*,*,#2691,.T.);
#3574=ORIENTED_EDGE('',*,*,#2692,.T.);
#3575=ORIENTED_EDGE('',*,*,#2693,.T.);
#3576=ORIENTED_EDGE('',*,*,#2694,.F.);
#3577=ORIENTED_EDGE('',*,*,#2695,.F.);
#3578=ORIENTED_EDGE('',*,*,#2696,.F.);
#3579=ORIENTED_EDGE('',*,*,#2697,.T.);
#3580=ORIENTED_EDGE('',*,*,#2698,.T.);
#3581=ORIENTED_EDGE('',*,*,#2699,.T.);
#3582=ORIENTED_EDGE('',*,*,#2700,.F.);
#3583=ORIENTED_EDGE('',*,*,#2701,.T.);
#3584=ORIENTED_EDGE('',*,*,#2696,.T.);
#3585=ORIENTED_EDGE('',*,*,#2702,.T.);
#3586=ORIENTED_EDGE('',*,*,#2593,.T.);
#3587=ORIENTED_EDGE('',*,*,#2589,.T.);
#3588=ORIENTED_EDGE('',*,*,#2686,.T.);
#3589=ORIENTED_EDGE('',*,*,#2703,.T.);
#3590=ORIENTED_EDGE('',*,*,#2688,.T.);
#3591=ORIENTED_EDGE('',*,*,#2704,.F.);
#3592=ORIENTED_EDGE('',*,*,#2705,.T.);
#3593=ORIENTED_EDGE('',*,*,#2694,.T.);
#3594=ORIENTED_EDGE('',*,*,#2706,.T.);
#3595=ORIENTED_EDGE('',*,*,#2707,.T.);
#3596=ORIENTED_EDGE('',*,*,#2690,.F.);
#3597=ORIENTED_EDGE('',*,*,#2708,.F.);
#3598=ORIENTED_EDGE('',*,*,#2709,.F.);
#3599=ORIENTED_EDGE('',*,*,#2353,.F.);
#3600=ORIENTED_EDGE('',*,*,#2710,.F.);
#3601=ORIENTED_EDGE('',*,*,#2711,.F.);
#3602=ORIENTED_EDGE('',*,*,#2712,.T.);
#3603=ORIENTED_EDGE('',*,*,#2713,.F.);
#3604=ORIENTED_EDGE('',*,*,#2714,.T.);
#3605=ORIENTED_EDGE('',*,*,#2715,.F.);
#3606=ORIENTED_EDGE('',*,*,#2716,.F.);
#3607=ORIENTED_EDGE('',*,*,#2594,.F.);
#3608=ORIENTED_EDGE('',*,*,#2349,.F.);
#3609=ORIENTED_EDGE('',*,*,#2717,.F.);
#3610=ORIENTED_EDGE('',*,*,#2718,.F.);
#3611=ORIENTED_EDGE('',*,*,#2719,.T.);
#3612=ORIENTED_EDGE('',*,*,#2720,.F.);
#3613=ORIENTED_EDGE('',*,*,#2721,.T.);
#3614=ORIENTED_EDGE('',*,*,#2722,.F.);
#3615=ORIENTED_EDGE('',*,*,#2723,.F.);
#3616=ORIENTED_EDGE('',*,*,#2596,.F.);
#3617=ORIENTED_EDGE('',*,*,#2709,.T.);
#3618=ORIENTED_EDGE('',*,*,#2345,.T.);
#3619=ORIENTED_EDGE('',*,*,#2619,.T.);
#3620=ORIENTED_EDGE('',*,*,#2724,.T.);
#3621=ORIENTED_EDGE('',*,*,#2341,.F.);
#3622=ORIENTED_EDGE('',*,*,#2725,.F.);
#3623=ORIENTED_EDGE('',*,*,#2726,.F.);
#3624=ORIENTED_EDGE('',*,*,#2727,.T.);
#3625=ORIENTED_EDGE('',*,*,#2728,.F.);
#3626=ORIENTED_EDGE('',*,*,#2729,.T.);
#3627=ORIENTED_EDGE('',*,*,#2730,.F.);
#3628=ORIENTED_EDGE('',*,*,#2731,.F.);
#3629=ORIENTED_EDGE('',*,*,#2598,.F.);
#3630=ORIENTED_EDGE('',*,*,#2337,.F.);
#3631=ORIENTED_EDGE('',*,*,#2732,.F.);
#3632=ORIENTED_EDGE('',*,*,#2733,.F.);
#3633=ORIENTED_EDGE('',*,*,#2734,.T.);
#3634=ORIENTED_EDGE('',*,*,#2735,.F.);
#3635=ORIENTED_EDGE('',*,*,#2736,.T.);
#3636=ORIENTED_EDGE('',*,*,#2737,.F.);
#3637=ORIENTED_EDGE('',*,*,#2738,.F.);
#3638=ORIENTED_EDGE('',*,*,#2600,.F.);
#3639=ORIENTED_EDGE('',*,*,#2739,.F.);
#3640=ORIENTED_EDGE('',*,*,#2740,.T.);
#3641=ORIENTED_EDGE('',*,*,#2608,.F.);
#3642=ORIENTED_EDGE('',*,*,#2609,.F.);
#3643=ORIENTED_EDGE('',*,*,#2741,.F.);
#3644=ORIENTED_EDGE('',*,*,#2742,.F.);
#3645=ORIENTED_EDGE('',*,*,#2743,.F.);
#3646=ORIENTED_EDGE('',*,*,#2744,.F.);
#3647=ORIENTED_EDGE('',*,*,#2745,.F.);
#3648=ORIENTED_EDGE('',*,*,#2606,.F.);
#3649=ORIENTED_EDGE('',*,*,#2746,.T.);
#3650=ORIENTED_EDGE('',*,*,#2747,.F.);
#3651=ORIENTED_EDGE('',*,*,#2607,.F.);
#3652=ORIENTED_EDGE('',*,*,#2748,.F.);
#3653=ORIENTED_EDGE('',*,*,#2749,.F.);
#3654=ORIENTED_EDGE('',*,*,#2750,.F.);
#3655=ORIENTED_EDGE('',*,*,#2751,.F.);
#3656=ORIENTED_EDGE('',*,*,#2752,.F.);
#3657=ORIENTED_EDGE('',*,*,#2691,.F.);
#3658=ORIENTED_EDGE('',*,*,#2707,.F.);
#3659=ORIENTED_EDGE('',*,*,#2724,.F.);
#3660=ORIENTED_EDGE('',*,*,#2618,.F.);
#3661=ORIENTED_EDGE('',*,*,#2636,.F.);
#3662=ORIENTED_EDGE('',*,*,#2605,.F.);
#3663=ORIENTED_EDGE('',*,*,#2604,.F.);
#3664=ORIENTED_EDGE('',*,*,#2647,.F.);
#3665=ORIENTED_EDGE('',*,*,#2603,.F.);
#3666=ORIENTED_EDGE('',*,*,#2602,.F.);
#3667=ORIENTED_EDGE('',*,*,#2753,.F.);
#3668=ORIENTED_EDGE('',*,*,#2754,.T.);
#3669=ORIENTED_EDGE('',*,*,#2614,.F.);
#3670=ORIENTED_EDGE('',*,*,#2755,.T.);
#3671=ORIENTED_EDGE('',*,*,#2756,.F.);
#3672=ORIENTED_EDGE('',*,*,#2757,.F.);
#3673=ORIENTED_EDGE('',*,*,#2615,.F.);
#3674=ORIENTED_EDGE('',*,*,#2754,.F.);
#3675=ORIENTED_EDGE('',*,*,#2758,.F.);
#3676=ORIENTED_EDGE('',*,*,#2759,.T.);
#3677=ORIENTED_EDGE('',*,*,#2616,.F.);
#3678=ORIENTED_EDGE('',*,*,#2757,.T.);
#3679=ORIENTED_EDGE('',*,*,#2760,.F.);
#3680=ORIENTED_EDGE('',*,*,#2761,.F.);
#3681=ORIENTED_EDGE('',*,*,#2617,.F.);
#3682=ORIENTED_EDGE('',*,*,#2759,.F.);
#3683=ORIENTED_EDGE('',*,*,#2762,.F.);
#3684=ORIENTED_EDGE('',*,*,#2763,.T.);
#3685=ORIENTED_EDGE('',*,*,#2610,.F.);
#3686=ORIENTED_EDGE('',*,*,#2761,.T.);
#3687=ORIENTED_EDGE('',*,*,#2764,.F.);
#3688=ORIENTED_EDGE('',*,*,#2765,.F.);
#3689=ORIENTED_EDGE('',*,*,#2611,.F.);
#3690=ORIENTED_EDGE('',*,*,#2763,.F.);
#3691=ORIENTED_EDGE('',*,*,#2766,.F.);
#3692=ORIENTED_EDGE('',*,*,#2767,.T.);
#3693=ORIENTED_EDGE('',*,*,#2612,.F.);
#3694=ORIENTED_EDGE('',*,*,#2765,.T.);
#3695=ORIENTED_EDGE('',*,*,#2768,.F.);
#3696=ORIENTED_EDGE('',*,*,#2755,.F.);
#3697=ORIENTED_EDGE('',*,*,#2613,.F.);
#3698=ORIENTED_EDGE('',*,*,#2767,.F.);
#3699=ORIENTED_EDGE('',*,*,#2769,.F.);
#3700=ORIENTED_EDGE('',*,*,#2770,.F.);
#3701=ORIENTED_EDGE('',*,*,#2735,.T.);
#3702=ORIENTED_EDGE('',*,*,#2771,.F.);
#3703=ORIENTED_EDGE('',*,*,#2772,.F.);
#3704=ORIENTED_EDGE('',*,*,#2773,.T.);
#3705=ORIENTED_EDGE('',*,*,#2736,.F.);
#3706=ORIENTED_EDGE('',*,*,#2770,.T.);
#3707=ORIENTED_EDGE('',*,*,#2774,.F.);
#3708=ORIENTED_EDGE('',*,*,#2775,.F.);
#3709=ORIENTED_EDGE('',*,*,#2737,.T.);
#3710=ORIENTED_EDGE('',*,*,#2773,.F.);
#3711=ORIENTED_EDGE('',*,*,#2776,.F.);
#3712=ORIENTED_EDGE('',*,*,#2338,.T.);
#3713=ORIENTED_EDGE('',*,*,#2738,.T.);
#3714=ORIENTED_EDGE('',*,*,#2775,.T.);
#3715=ORIENTED_EDGE('',*,*,#2777,.F.);
#3716=ORIENTED_EDGE('',*,*,#2778,.T.);
#3717=ORIENTED_EDGE('',*,*,#2725,.T.);
#3718=ORIENTED_EDGE('',*,*,#2340,.T.);
#3719=ORIENTED_EDGE('',*,*,#2779,.F.);
#3720=ORIENTED_EDGE('',*,*,#2780,.F.);
#3721=ORIENTED_EDGE('',*,*,#2726,.T.);
#3722=ORIENTED_EDGE('',*,*,#2778,.F.);
#3723=ORIENTED_EDGE('',*,*,#2781,.F.);
#3724=ORIENTED_EDGE('',*,*,#2782,.T.);
#3725=ORIENTED_EDGE('',*,*,#2727,.F.);
#3726=ORIENTED_EDGE('',*,*,#2780,.T.);
#3727=ORIENTED_EDGE('',*,*,#2783,.F.);
#3728=ORIENTED_EDGE('',*,*,#2784,.F.);
#3729=ORIENTED_EDGE('',*,*,#2728,.T.);
#3730=ORIENTED_EDGE('',*,*,#2782,.F.);
#3731=ORIENTED_EDGE('',*,*,#2785,.F.);
#3732=ORIENTED_EDGE('',*,*,#2786,.T.);
#3733=ORIENTED_EDGE('',*,*,#2729,.F.);
#3734=ORIENTED_EDGE('',*,*,#2784,.T.);
#3735=ORIENTED_EDGE('',*,*,#2787,.F.);
#3736=ORIENTED_EDGE('',*,*,#2788,.F.);
#3737=ORIENTED_EDGE('',*,*,#2730,.T.);
#3738=ORIENTED_EDGE('',*,*,#2786,.F.);
#3739=ORIENTED_EDGE('',*,*,#2789,.F.);
#3740=ORIENTED_EDGE('',*,*,#2342,.T.);
#3741=ORIENTED_EDGE('',*,*,#2731,.T.);
#3742=ORIENTED_EDGE('',*,*,#2788,.T.);
#3743=ORIENTED_EDGE('',*,*,#2790,.T.);
#3744=ORIENTED_EDGE('',*,*,#2791,.T.);
#3745=ORIENTED_EDGE('',*,*,#2620,.T.);
#3746=ORIENTED_EDGE('',*,*,#2344,.T.);
#3747=ORIENTED_EDGE('',*,*,#2792,.F.);
#3748=ORIENTED_EDGE('',*,*,#2793,.F.);
#3749=ORIENTED_EDGE('',*,*,#2632,.F.);
#3750=ORIENTED_EDGE('',*,*,#2634,.F.);
#3751=ORIENTED_EDGE('',*,*,#2794,.T.);
#3752=ORIENTED_EDGE('',*,*,#2795,.T.);
#3753=ORIENTED_EDGE('',*,*,#2633,.T.);
#3754=ORIENTED_EDGE('',*,*,#2796,.F.);
#3755=ORIENTED_EDGE('',*,*,#2797,.T.);
#3756=ORIENTED_EDGE('',*,*,#2625,.F.);
#3757=ORIENTED_EDGE('',*,*,#2793,.T.);
#3758=ORIENTED_EDGE('',*,*,#2798,.F.);
#3759=ORIENTED_EDGE('',*,*,#2799,.F.);
#3760=ORIENTED_EDGE('',*,*,#2626,.F.);
#3761=ORIENTED_EDGE('',*,*,#2797,.F.);
#3762=ORIENTED_EDGE('',*,*,#2800,.F.);
#3763=ORIENTED_EDGE('',*,*,#2801,.T.);
#3764=ORIENTED_EDGE('',*,*,#2627,.F.);
#3765=ORIENTED_EDGE('',*,*,#2799,.T.);
#3766=ORIENTED_EDGE('',*,*,#2641,.F.);
#3767=ORIENTED_EDGE('',*,*,#2628,.F.);
#3768=ORIENTED_EDGE('',*,*,#2801,.F.);
#3769=ORIENTED_EDGE('',*,*,#2802,.F.);
#3770=ORIENTED_EDGE('',*,*,#2638,.F.);
#3771=ORIENTED_EDGE('',*,*,#2637,.F.);
#3772=ORIENTED_EDGE('',*,*,#2791,.F.);
#3773=ORIENTED_EDGE('',*,*,#2803,.F.);
#3774=ORIENTED_EDGE('',*,*,#2635,.F.);
#3775=ORIENTED_EDGE('',*,*,#2630,.T.);
#3776=ORIENTED_EDGE('',*,*,#2640,.F.);
#3777=ORIENTED_EDGE('',*,*,#2804,.F.);
#3778=ORIENTED_EDGE('',*,*,#2805,.F.);
#3779=ORIENTED_EDGE('',*,*,#2623,.F.);
#3780=ORIENTED_EDGE('',*,*,#2806,.T.);
#3781=ORIENTED_EDGE('',*,*,#2639,.T.);
#3782=ORIENTED_EDGE('',*,*,#2807,.T.);
#3783=ORIENTED_EDGE('',*,*,#2642,.F.);
#3784=ORIENTED_EDGE('',*,*,#2805,.T.);
#3785=ORIENTED_EDGE('',*,*,#2808,.F.);
#3786=ORIENTED_EDGE('',*,*,#2809,.T.);
#3787=ORIENTED_EDGE('',*,*,#2810,.F.);
#3788=ORIENTED_EDGE('',*,*,#2811,.T.);
#3789=ORIENTED_EDGE('',*,*,#2682,.T.);
#3790=ORIENTED_EDGE('',*,*,#2812,.T.);
#3791=ORIENTED_EDGE('',*,*,#2813,.F.);
#3792=ORIENTED_EDGE('',*,*,#2814,.F.);
#3793=ORIENTED_EDGE('',*,*,#2683,.T.);
#3794=ORIENTED_EDGE('',*,*,#2811,.F.);
#3795=ORIENTED_EDGE('',*,*,#2815,.F.);
#3796=ORIENTED_EDGE('',*,*,#2816,.T.);
#3797=ORIENTED_EDGE('',*,*,#2676,.F.);
#3798=ORIENTED_EDGE('',*,*,#2814,.T.);
#3799=ORIENTED_EDGE('',*,*,#2817,.F.);
#3800=ORIENTED_EDGE('',*,*,#2818,.F.);
#3801=ORIENTED_EDGE('',*,*,#2677,.T.);
#3802=ORIENTED_EDGE('',*,*,#2816,.F.);
#3803=ORIENTED_EDGE('',*,*,#2819,.F.);
#3804=ORIENTED_EDGE('',*,*,#2820,.T.);
#3805=ORIENTED_EDGE('',*,*,#2678,.F.);
#3806=ORIENTED_EDGE('',*,*,#2818,.T.);
#3807=ORIENTED_EDGE('',*,*,#2821,.F.);
#3808=ORIENTED_EDGE('',*,*,#2822,.F.);
#3809=ORIENTED_EDGE('',*,*,#2679,.T.);
#3810=ORIENTED_EDGE('',*,*,#2820,.F.);
#3811=ORIENTED_EDGE('',*,*,#2823,.F.);
#3812=ORIENTED_EDGE('',*,*,#2824,.T.);
#3813=ORIENTED_EDGE('',*,*,#2680,.T.);
#3814=ORIENTED_EDGE('',*,*,#2822,.T.);
#3815=ORIENTED_EDGE('',*,*,#2825,.F.);
#3816=ORIENTED_EDGE('',*,*,#2826,.T.);
#3817=ORIENTED_EDGE('',*,*,#2674,.T.);
#3818=ORIENTED_EDGE('',*,*,#2827,.T.);
#3819=ORIENTED_EDGE('',*,*,#2828,.F.);
#3820=ORIENTED_EDGE('',*,*,#2829,.F.);
#3821=ORIENTED_EDGE('',*,*,#2675,.T.);
#3822=ORIENTED_EDGE('',*,*,#2826,.F.);
#3823=ORIENTED_EDGE('',*,*,#2830,.F.);
#3824=ORIENTED_EDGE('',*,*,#2831,.T.);
#3825=ORIENTED_EDGE('',*,*,#2668,.F.);
#3826=ORIENTED_EDGE('',*,*,#2829,.T.);
#3827=ORIENTED_EDGE('',*,*,#2832,.F.);
#3828=ORIENTED_EDGE('',*,*,#2833,.F.);
#3829=ORIENTED_EDGE('',*,*,#2669,.T.);
#3830=ORIENTED_EDGE('',*,*,#2831,.F.);
#3831=ORIENTED_EDGE('',*,*,#2834,.F.);
#3832=ORIENTED_EDGE('',*,*,#2835,.T.);
#3833=ORIENTED_EDGE('',*,*,#2670,.F.);
#3834=ORIENTED_EDGE('',*,*,#2833,.T.);
#3835=ORIENTED_EDGE('',*,*,#2836,.F.);
#3836=ORIENTED_EDGE('',*,*,#2837,.F.);
#3837=ORIENTED_EDGE('',*,*,#2671,.T.);
#3838=ORIENTED_EDGE('',*,*,#2835,.F.);
#3839=ORIENTED_EDGE('',*,*,#2838,.F.);
#3840=ORIENTED_EDGE('',*,*,#2839,.T.);
#3841=ORIENTED_EDGE('',*,*,#2672,.T.);
#3842=ORIENTED_EDGE('',*,*,#2837,.T.);
#3843=ORIENTED_EDGE('',*,*,#2840,.F.);
#3844=ORIENTED_EDGE('',*,*,#2841,.T.);
#3845=ORIENTED_EDGE('',*,*,#2666,.T.);
#3846=ORIENTED_EDGE('',*,*,#2842,.T.);
#3847=ORIENTED_EDGE('',*,*,#2843,.F.);
#3848=ORIENTED_EDGE('',*,*,#2844,.F.);
#3849=ORIENTED_EDGE('',*,*,#2667,.T.);
#3850=ORIENTED_EDGE('',*,*,#2841,.F.);
#3851=ORIENTED_EDGE('',*,*,#2845,.F.);
#3852=ORIENTED_EDGE('',*,*,#2846,.T.);
#3853=ORIENTED_EDGE('',*,*,#2660,.F.);
#3854=ORIENTED_EDGE('',*,*,#2844,.T.);
#3855=ORIENTED_EDGE('',*,*,#2847,.F.);
#3856=ORIENTED_EDGE('',*,*,#2848,.F.);
#3857=ORIENTED_EDGE('',*,*,#2661,.T.);
#3858=ORIENTED_EDGE('',*,*,#2846,.F.);
#3859=ORIENTED_EDGE('',*,*,#2849,.F.);
#3860=ORIENTED_EDGE('',*,*,#2850,.T.);
#3861=ORIENTED_EDGE('',*,*,#2662,.F.);
#3862=ORIENTED_EDGE('',*,*,#2848,.T.);
#3863=ORIENTED_EDGE('',*,*,#2851,.F.);
#3864=ORIENTED_EDGE('',*,*,#2852,.F.);
#3865=ORIENTED_EDGE('',*,*,#2663,.T.);
#3866=ORIENTED_EDGE('',*,*,#2850,.F.);
#3867=ORIENTED_EDGE('',*,*,#2853,.F.);
#3868=ORIENTED_EDGE('',*,*,#2854,.T.);
#3869=ORIENTED_EDGE('',*,*,#2664,.T.);
#3870=ORIENTED_EDGE('',*,*,#2852,.T.);
#3871=ORIENTED_EDGE('',*,*,#2855,.F.);
#3872=ORIENTED_EDGE('',*,*,#2856,.T.);
#3873=ORIENTED_EDGE('',*,*,#2656,.T.);
#3874=ORIENTED_EDGE('',*,*,#2857,.T.);
#3875=ORIENTED_EDGE('',*,*,#2858,.F.);
#3876=ORIENTED_EDGE('',*,*,#2859,.F.);
#3877=ORIENTED_EDGE('',*,*,#2657,.T.);
#3878=ORIENTED_EDGE('',*,*,#2856,.F.);
#3879=ORIENTED_EDGE('',*,*,#2860,.F.);
#3880=ORIENTED_EDGE('',*,*,#2861,.T.);
#3881=ORIENTED_EDGE('',*,*,#2658,.F.);
#3882=ORIENTED_EDGE('',*,*,#2859,.T.);
#3883=ORIENTED_EDGE('',*,*,#2862,.F.);
#3884=ORIENTED_EDGE('',*,*,#2863,.F.);
#3885=ORIENTED_EDGE('',*,*,#2659,.T.);
#3886=ORIENTED_EDGE('',*,*,#2861,.F.);
#3887=ORIENTED_EDGE('',*,*,#2864,.F.);
#3888=ORIENTED_EDGE('',*,*,#2865,.T.);
#3889=ORIENTED_EDGE('',*,*,#2652,.F.);
#3890=ORIENTED_EDGE('',*,*,#2863,.T.);
#3891=ORIENTED_EDGE('',*,*,#2866,.F.);
#3892=ORIENTED_EDGE('',*,*,#2867,.F.);
#3893=ORIENTED_EDGE('',*,*,#2653,.T.);
#3894=ORIENTED_EDGE('',*,*,#2865,.F.);
#3895=ORIENTED_EDGE('',*,*,#2868,.F.);
#3896=ORIENTED_EDGE('',*,*,#2869,.T.);
#3897=ORIENTED_EDGE('',*,*,#2654,.T.);
#3898=ORIENTED_EDGE('',*,*,#2867,.T.);
#3899=ORIENTED_EDGE('',*,*,#2684,.F.);
#3900=ORIENTED_EDGE('',*,*,#2809,.F.);
#3901=ORIENTED_EDGE('',*,*,#2870,.F.);
#3902=ORIENTED_EDGE('',*,*,#2812,.F.);
#3903=ORIENTED_EDGE('',*,*,#2681,.T.);
#3904=ORIENTED_EDGE('',*,*,#2824,.F.);
#3905=ORIENTED_EDGE('',*,*,#2871,.F.);
#3906=ORIENTED_EDGE('',*,*,#2827,.F.);
#3907=ORIENTED_EDGE('',*,*,#2673,.T.);
#3908=ORIENTED_EDGE('',*,*,#2839,.F.);
#3909=ORIENTED_EDGE('',*,*,#2872,.F.);
#3910=ORIENTED_EDGE('',*,*,#2842,.F.);
#3911=ORIENTED_EDGE('',*,*,#2665,.T.);
#3912=ORIENTED_EDGE('',*,*,#2854,.F.);
#3913=ORIENTED_EDGE('',*,*,#2873,.F.);
#3914=ORIENTED_EDGE('',*,*,#2857,.F.);
#3915=ORIENTED_EDGE('',*,*,#2655,.T.);
#3916=ORIENTED_EDGE('',*,*,#2869,.F.);
#3917=ORIENTED_EDGE('',*,*,#2874,.F.);
#3918=ORIENTED_EDGE('',*,*,#2875,.F.);
#3919=ORIENTED_EDGE('',*,*,#2650,.F.);
#3920=ORIENTED_EDGE('',*,*,#2648,.F.);
#3921=ORIENTED_EDGE('',*,*,#2646,.F.);
#3922=ORIENTED_EDGE('',*,*,#2644,.F.);
#3923=ORIENTED_EDGE('',*,*,#2685,.F.);
#3924=ORIENTED_EDGE('',*,*,#2875,.T.);
#3925=ORIENTED_EDGE('',*,*,#2876,.F.);
#3926=ORIENTED_EDGE('',*,*,#2877,.T.);
#3927=ORIENTED_EDGE('',*,*,#2878,.F.);
#3928=ORIENTED_EDGE('',*,*,#2879,.F.);
#3929=ORIENTED_EDGE('',*,*,#2697,.F.);
#3930=ORIENTED_EDGE('',*,*,#2701,.F.);
#3931=ORIENTED_EDGE('',*,*,#2880,.T.);
#3932=ORIENTED_EDGE('',*,*,#2881,.T.);
#3933=ORIENTED_EDGE('',*,*,#2700,.T.);
#3934=ORIENTED_EDGE('',*,*,#2882,.F.);
#3935=ORIENTED_EDGE('',*,*,#2883,.T.);
#3936=ORIENTED_EDGE('',*,*,#2698,.F.);
#3937=ORIENTED_EDGE('',*,*,#2879,.T.);
#3938=ORIENTED_EDGE('',*,*,#2884,.F.);
#3939=ORIENTED_EDGE('',*,*,#2885,.F.);
#3940=ORIENTED_EDGE('',*,*,#2699,.F.);
#3941=ORIENTED_EDGE('',*,*,#2883,.F.);
#3942=ORIENTED_EDGE('',*,*,#2886,.F.);
#3943=ORIENTED_EDGE('',*,*,#2887,.T.);
#3944=ORIENTED_EDGE('',*,*,#2692,.F.);
#3945=ORIENTED_EDGE('',*,*,#2885,.T.);
#3946=ORIENTED_EDGE('',*,*,#2706,.F.);
#3947=ORIENTED_EDGE('',*,*,#2693,.F.);
#3948=ORIENTED_EDGE('',*,*,#2887,.F.);
#3949=ORIENTED_EDGE('',*,*,#2888,.F.);
#3950=ORIENTED_EDGE('',*,*,#2703,.F.);
#3951=ORIENTED_EDGE('',*,*,#2877,.F.);
#3952=ORIENTED_EDGE('',*,*,#2889,.F.);
#3953=ORIENTED_EDGE('',*,*,#2702,.F.);
#3954=ORIENTED_EDGE('',*,*,#2695,.T.);
#3955=ORIENTED_EDGE('',*,*,#2705,.F.);
#3956=ORIENTED_EDGE('',*,*,#2890,.F.);
#3957=ORIENTED_EDGE('',*,*,#2891,.F.);
#3958=ORIENTED_EDGE('',*,*,#2689,.F.);
#3959=ORIENTED_EDGE('',*,*,#2687,.F.);
#3960=ORIENTED_EDGE('',*,*,#2892,.T.);
#3961=ORIENTED_EDGE('',*,*,#2704,.T.);
#3962=ORIENTED_EDGE('',*,*,#2893,.T.);
#3963=ORIENTED_EDGE('',*,*,#2708,.T.);
#3964=ORIENTED_EDGE('',*,*,#2891,.T.);
#3965=ORIENTED_EDGE('',*,*,#2894,.T.);
#3966=ORIENTED_EDGE('',*,*,#2346,.T.);
#3967=ORIENTED_EDGE('',*,*,#2895,.F.);
#3968=ORIENTED_EDGE('',*,*,#2896,.T.);
#3969=ORIENTED_EDGE('',*,*,#2717,.T.);
#3970=ORIENTED_EDGE('',*,*,#2348,.T.);
#3971=ORIENTED_EDGE('',*,*,#2897,.F.);
#3972=ORIENTED_EDGE('',*,*,#2898,.F.);
#3973=ORIENTED_EDGE('',*,*,#2718,.T.);
#3974=ORIENTED_EDGE('',*,*,#2896,.F.);
#3975=ORIENTED_EDGE('',*,*,#2899,.F.);
#3976=ORIENTED_EDGE('',*,*,#2900,.T.);
#3977=ORIENTED_EDGE('',*,*,#2719,.F.);
#3978=ORIENTED_EDGE('',*,*,#2898,.T.);
#3979=ORIENTED_EDGE('',*,*,#2901,.F.);
#3980=ORIENTED_EDGE('',*,*,#2902,.F.);
#3981=ORIENTED_EDGE('',*,*,#2720,.T.);
#3982=ORIENTED_EDGE('',*,*,#2900,.F.);
#3983=ORIENTED_EDGE('',*,*,#2903,.F.);
#3984=ORIENTED_EDGE('',*,*,#2904,.T.);
#3985=ORIENTED_EDGE('',*,*,#2721,.F.);
#3986=ORIENTED_EDGE('',*,*,#2902,.T.);
#3987=ORIENTED_EDGE('',*,*,#2905,.F.);
#3988=ORIENTED_EDGE('',*,*,#2906,.F.);
#3989=ORIENTED_EDGE('',*,*,#2722,.T.);
#3990=ORIENTED_EDGE('',*,*,#2904,.F.);
#3991=ORIENTED_EDGE('',*,*,#2907,.F.);
#3992=ORIENTED_EDGE('',*,*,#2350,.T.);
#3993=ORIENTED_EDGE('',*,*,#2723,.T.);
#3994=ORIENTED_EDGE('',*,*,#2906,.T.);
#3995=ORIENTED_EDGE('',*,*,#2908,.F.);
#3996=ORIENTED_EDGE('',*,*,#2909,.T.);
#3997=ORIENTED_EDGE('',*,*,#2710,.T.);
#3998=ORIENTED_EDGE('',*,*,#2352,.T.);
#3999=ORIENTED_EDGE('',*,*,#2910,.F.);
#4000=ORIENTED_EDGE('',*,*,#2911,.F.);
#4001=ORIENTED_EDGE('',*,*,#2711,.T.);
#4002=ORIENTED_EDGE('',*,*,#2909,.F.);
#4003=ORIENTED_EDGE('',*,*,#2912,.F.);
#4004=ORIENTED_EDGE('',*,*,#2913,.T.);
#4005=ORIENTED_EDGE('',*,*,#2712,.F.);
#4006=ORIENTED_EDGE('',*,*,#2911,.T.);
#4007=ORIENTED_EDGE('',*,*,#2914,.F.);
#4008=ORIENTED_EDGE('',*,*,#2915,.F.);
#4009=ORIENTED_EDGE('',*,*,#2713,.T.);
#4010=ORIENTED_EDGE('',*,*,#2913,.F.);
#4011=ORIENTED_EDGE('',*,*,#2916,.F.);
#4012=ORIENTED_EDGE('',*,*,#2917,.T.);
#4013=ORIENTED_EDGE('',*,*,#2714,.F.);
#4014=ORIENTED_EDGE('',*,*,#2915,.T.);
#4015=ORIENTED_EDGE('',*,*,#2918,.F.);
#4016=ORIENTED_EDGE('',*,*,#2919,.F.);
#4017=ORIENTED_EDGE('',*,*,#2715,.T.);
#4018=ORIENTED_EDGE('',*,*,#2917,.F.);
#4019=ORIENTED_EDGE('',*,*,#2920,.F.);
#4020=ORIENTED_EDGE('',*,*,#2354,.T.);
#4021=ORIENTED_EDGE('',*,*,#2716,.T.);
#4022=ORIENTED_EDGE('',*,*,#2919,.T.);
#4023=ORIENTED_EDGE('',*,*,#2921,.F.);
#4024=ORIENTED_EDGE('',*,*,#2922,.T.);
#4025=ORIENTED_EDGE('',*,*,#2732,.T.);
#4026=ORIENTED_EDGE('',*,*,#2336,.T.);
#4027=ORIENTED_EDGE('',*,*,#2923,.F.);
#4028=ORIENTED_EDGE('',*,*,#2924,.F.);
#4029=ORIENTED_EDGE('',*,*,#2733,.T.);
#4030=ORIENTED_EDGE('',*,*,#2922,.F.);
#4031=ORIENTED_EDGE('',*,*,#2925,.F.);
#4032=ORIENTED_EDGE('',*,*,#2771,.T.);
#4033=ORIENTED_EDGE('',*,*,#2734,.F.);
#4034=ORIENTED_EDGE('',*,*,#2924,.T.);
#4035=ORIENTED_EDGE('',*,*,#2926,.T.);
#4036=ORIENTED_EDGE('',*,*,#2326,.T.);
#4037=ORIENTED_EDGE('',*,*,#2927,.T.);
#4038=ORIENTED_EDGE('',*,*,#2750,.T.);
#4039=ORIENTED_EDGE('',*,*,#2928,.T.);
#4040=ORIENTED_EDGE('',*,*,#2751,.T.);
#4041=ORIENTED_EDGE('',*,*,#2927,.F.);
#4042=ORIENTED_EDGE('',*,*,#2929,.T.);
#4043=ORIENTED_EDGE('',*,*,#2740,.F.);
#4044=ORIENTED_EDGE('',*,*,#2930,.T.);
#4045=ORIENTED_EDGE('',*,*,#2931,.T.);
#4046=ORIENTED_EDGE('',*,*,#2741,.T.);
#4047=ORIENTED_EDGE('',*,*,#2739,.T.);
#4048=ORIENTED_EDGE('',*,*,#2752,.T.);
#4049=ORIENTED_EDGE('',*,*,#2928,.F.);
#4050=ORIENTED_EDGE('',*,*,#2932,.T.);
#4051=ORIENTED_EDGE('',*,*,#2933,.T.);
#4052=ORIENTED_EDGE('',*,*,#2742,.T.);
#4053=ORIENTED_EDGE('',*,*,#2931,.F.);
#4054=ORIENTED_EDGE('',*,*,#2934,.T.);
#4055=ORIENTED_EDGE('',*,*,#2935,.T.);
#4056=ORIENTED_EDGE('',*,*,#2743,.T.);
#4057=ORIENTED_EDGE('',*,*,#2933,.F.);
#4058=ORIENTED_EDGE('',*,*,#2936,.T.);
#4059=ORIENTED_EDGE('',*,*,#2937,.T.);
#4060=ORIENTED_EDGE('',*,*,#2744,.T.);
#4061=ORIENTED_EDGE('',*,*,#2935,.F.);
#4062=ORIENTED_EDGE('',*,*,#2938,.T.);
#4063=ORIENTED_EDGE('',*,*,#2746,.F.);
#4064=ORIENTED_EDGE('',*,*,#2745,.T.);
#4065=ORIENTED_EDGE('',*,*,#2937,.F.);
#4066=ORIENTED_EDGE('',*,*,#2939,.T.);
#4067=ORIENTED_EDGE('',*,*,#2747,.T.);
#4068=ORIENTED_EDGE('',*,*,#2940,.T.);
#4069=ORIENTED_EDGE('',*,*,#2941,.T.);
#4070=ORIENTED_EDGE('',*,*,#2748,.T.);
#4071=ORIENTED_EDGE('',*,*,#2926,.F.);
#4072=ORIENTED_EDGE('',*,*,#2749,.T.);
#4073=ORIENTED_EDGE('',*,*,#2941,.F.);
#4074=ORIENTED_EDGE('',*,*,#2942,.T.);
#4075=ORIENTED_EDGE('',*,*,#2943,.T.);
#4076=ORIENTED_EDGE('',*,*,#2477,.T.);
#4077=ORIENTED_EDGE('',*,*,#2944,.T.);
#4078=ORIENTED_EDGE('',*,*,#2753,.T.);
#4079=ORIENTED_EDGE('',*,*,#2945,.T.);
#4080=ORIENTED_EDGE('',*,*,#2756,.T.);
#4081=ORIENTED_EDGE('',*,*,#2944,.F.);
#4082=ORIENTED_EDGE('',*,*,#2476,.T.);
#4083=ORIENTED_EDGE('',*,*,#2946,.T.);
#4084=ORIENTED_EDGE('',*,*,#2758,.T.);
#4085=ORIENTED_EDGE('',*,*,#2945,.F.);
#4086=ORIENTED_EDGE('',*,*,#2475,.T.);
#4087=ORIENTED_EDGE('',*,*,#2947,.T.);
#4088=ORIENTED_EDGE('',*,*,#2760,.T.);
#4089=ORIENTED_EDGE('',*,*,#2946,.F.);
#4090=ORIENTED_EDGE('',*,*,#2474,.T.);
#4091=ORIENTED_EDGE('',*,*,#2948,.T.);
#4092=ORIENTED_EDGE('',*,*,#2762,.T.);
#4093=ORIENTED_EDGE('',*,*,#2947,.F.);
#4094=ORIENTED_EDGE('',*,*,#2473,.T.);
#4095=ORIENTED_EDGE('',*,*,#2949,.T.);
#4096=ORIENTED_EDGE('',*,*,#2764,.T.);
#4097=ORIENTED_EDGE('',*,*,#2948,.F.);
#4098=ORIENTED_EDGE('',*,*,#2472,.T.);
#4099=ORIENTED_EDGE('',*,*,#2950,.T.);
#4100=ORIENTED_EDGE('',*,*,#2766,.T.);
#4101=ORIENTED_EDGE('',*,*,#2949,.F.);
#4102=ORIENTED_EDGE('',*,*,#2471,.T.);
#4103=ORIENTED_EDGE('',*,*,#2950,.F.);
#4104=ORIENTED_EDGE('',*,*,#2470,.T.);
#4105=ORIENTED_EDGE('',*,*,#2943,.F.);
#4106=ORIENTED_EDGE('',*,*,#2768,.T.);
#4107=ORIENTED_EDGE('',*,*,#2951,.T.);
#4108=ORIENTED_EDGE('',*,*,#2769,.T.);
#4109=ORIENTED_EDGE('',*,*,#2952,.F.);
#4110=ORIENTED_EDGE('',*,*,#2454,.T.);
#4111=ORIENTED_EDGE('',*,*,#2953,.T.);
#4112=ORIENTED_EDGE('',*,*,#2772,.T.);
#4113=ORIENTED_EDGE('',*,*,#2951,.F.);
#4114=ORIENTED_EDGE('',*,*,#2453,.T.);
#4115=ORIENTED_EDGE('',*,*,#2954,.T.);
#4116=ORIENTED_EDGE('',*,*,#2774,.T.);
#4117=ORIENTED_EDGE('',*,*,#2953,.F.);
#4118=ORIENTED_EDGE('',*,*,#2452,.T.);
#4119=ORIENTED_EDGE('',*,*,#2955,.F.);
#4120=ORIENTED_EDGE('',*,*,#2776,.T.);
#4121=ORIENTED_EDGE('',*,*,#2954,.F.);
#4122=ORIENTED_EDGE('',*,*,#2451,.T.);
#4123=ORIENTED_EDGE('',*,*,#2955,.T.);
#4124=ORIENTED_EDGE('',*,*,#2450,.T.);
#4125=ORIENTED_EDGE('',*,*,#2956,.F.);
#4126=ORIENTED_EDGE('',*,*,#2339,.T.);
#4127=ORIENTED_EDGE('',*,*,#2956,.T.);
#4128=ORIENTED_EDGE('',*,*,#2449,.T.);
#4129=ORIENTED_EDGE('',*,*,#2957,.T.);
#4130=ORIENTED_EDGE('',*,*,#2777,.T.);
#4131=ORIENTED_EDGE('',*,*,#2958,.T.);
#4132=ORIENTED_EDGE('',*,*,#2779,.T.);
#4133=ORIENTED_EDGE('',*,*,#2957,.F.);
#4134=ORIENTED_EDGE('',*,*,#2448,.T.);
#4135=ORIENTED_EDGE('',*,*,#2959,.T.);
#4136=ORIENTED_EDGE('',*,*,#2781,.T.);
#4137=ORIENTED_EDGE('',*,*,#2958,.F.);
#4138=ORIENTED_EDGE('',*,*,#2447,.T.);
#4139=ORIENTED_EDGE('',*,*,#2960,.T.);
#4140=ORIENTED_EDGE('',*,*,#2783,.T.);
#4141=ORIENTED_EDGE('',*,*,#2959,.F.);
#4142=ORIENTED_EDGE('',*,*,#2446,.T.);
#4143=ORIENTED_EDGE('',*,*,#2961,.T.);
#4144=ORIENTED_EDGE('',*,*,#2785,.T.);
#4145=ORIENTED_EDGE('',*,*,#2960,.F.);
#4146=ORIENTED_EDGE('',*,*,#2445,.T.);
#4147=ORIENTED_EDGE('',*,*,#2962,.T.);
#4148=ORIENTED_EDGE('',*,*,#2787,.T.);
#4149=ORIENTED_EDGE('',*,*,#2961,.F.);
#4150=ORIENTED_EDGE('',*,*,#2444,.T.);
#4151=ORIENTED_EDGE('',*,*,#2963,.F.);
#4152=ORIENTED_EDGE('',*,*,#2789,.T.);
#4153=ORIENTED_EDGE('',*,*,#2962,.F.);
#4154=ORIENTED_EDGE('',*,*,#2443,.T.);
#4155=ORIENTED_EDGE('',*,*,#2963,.T.);
#4156=ORIENTED_EDGE('',*,*,#2442,.T.);
#4157=ORIENTED_EDGE('',*,*,#2964,.T.);
#4158=ORIENTED_EDGE('',*,*,#2343,.T.);
#4159=ORIENTED_EDGE('',*,*,#2441,.T.);
#4160=ORIENTED_EDGE('',*,*,#2965,.F.);
#4161=ORIENTED_EDGE('',*,*,#2790,.F.);
#4162=ORIENTED_EDGE('',*,*,#2964,.F.);
#4163=ORIENTED_EDGE('',*,*,#2794,.F.);
#4164=ORIENTED_EDGE('',*,*,#2803,.T.);
#4165=ORIENTED_EDGE('',*,*,#2965,.T.);
#4166=ORIENTED_EDGE('',*,*,#2440,.T.);
#4167=ORIENTED_EDGE('',*,*,#2795,.F.);
#4168=ORIENTED_EDGE('',*,*,#2439,.T.);
#4169=ORIENTED_EDGE('',*,*,#2966,.F.);
#4170=ORIENTED_EDGE('',*,*,#2792,.T.);
#4171=ORIENTED_EDGE('',*,*,#2966,.T.);
#4172=ORIENTED_EDGE('',*,*,#2438,.T.);
#4173=ORIENTED_EDGE('',*,*,#2967,.F.);
#4174=ORIENTED_EDGE('',*,*,#2796,.T.);
#4175=ORIENTED_EDGE('',*,*,#2967,.T.);
#4176=ORIENTED_EDGE('',*,*,#2437,.T.);
#4177=ORIENTED_EDGE('',*,*,#2968,.F.);
#4178=ORIENTED_EDGE('',*,*,#2798,.T.);
#4179=ORIENTED_EDGE('',*,*,#2968,.T.);
#4180=ORIENTED_EDGE('',*,*,#2436,.T.);
#4181=ORIENTED_EDGE('',*,*,#2969,.F.);
#4182=ORIENTED_EDGE('',*,*,#2800,.T.);
#4183=ORIENTED_EDGE('',*,*,#2807,.F.);
#4184=ORIENTED_EDGE('',*,*,#2802,.T.);
#4185=ORIENTED_EDGE('',*,*,#2969,.T.);
#4186=ORIENTED_EDGE('',*,*,#2435,.T.);
#4187=ORIENTED_EDGE('',*,*,#2806,.F.);
#4188=ORIENTED_EDGE('',*,*,#2434,.T.);
#4189=ORIENTED_EDGE('',*,*,#2970,.T.);
#4190=ORIENTED_EDGE('',*,*,#2804,.T.);
#4191=ORIENTED_EDGE('',*,*,#2971,.T.);
#4192=ORIENTED_EDGE('',*,*,#2808,.T.);
#4193=ORIENTED_EDGE('',*,*,#2970,.F.);
#4194=ORIENTED_EDGE('',*,*,#2433,.T.);
#4195=ORIENTED_EDGE('',*,*,#2972,.T.);
#4196=ORIENTED_EDGE('',*,*,#2870,.T.);
#4197=ORIENTED_EDGE('',*,*,#2971,.F.);
#4198=ORIENTED_EDGE('',*,*,#2432,.T.);
#4199=ORIENTED_EDGE('',*,*,#2973,.T.);
#4200=ORIENTED_EDGE('',*,*,#2810,.T.);
#4201=ORIENTED_EDGE('',*,*,#2972,.F.);
#4202=ORIENTED_EDGE('',*,*,#2431,.T.);
#4203=ORIENTED_EDGE('',*,*,#2973,.F.);
#4204=ORIENTED_EDGE('',*,*,#2430,.F.);
#4205=ORIENTED_EDGE('',*,*,#2974,.T.);
#4206=ORIENTED_EDGE('',*,*,#2813,.T.);
#4207=ORIENTED_EDGE('',*,*,#2975,.T.);
#4208=ORIENTED_EDGE('',*,*,#2815,.T.);
#4209=ORIENTED_EDGE('',*,*,#2974,.F.);
#4210=ORIENTED_EDGE('',*,*,#2429,.T.);
#4211=ORIENTED_EDGE('',*,*,#2976,.T.);
#4212=ORIENTED_EDGE('',*,*,#2817,.T.);
#4213=ORIENTED_EDGE('',*,*,#2975,.F.);
#4214=ORIENTED_EDGE('',*,*,#2428,.T.);
#4215=ORIENTED_EDGE('',*,*,#2977,.T.);
#4216=ORIENTED_EDGE('',*,*,#2819,.T.);
#4217=ORIENTED_EDGE('',*,*,#2976,.F.);
#4218=ORIENTED_EDGE('',*,*,#2427,.T.);
#4219=ORIENTED_EDGE('',*,*,#2978,.T.);
#4220=ORIENTED_EDGE('',*,*,#2821,.T.);
#4221=ORIENTED_EDGE('',*,*,#2977,.F.);
#4222=ORIENTED_EDGE('',*,*,#2426,.T.);
#4223=ORIENTED_EDGE('',*,*,#2979,.T.);
#4224=ORIENTED_EDGE('',*,*,#2823,.T.);
#4225=ORIENTED_EDGE('',*,*,#2978,.F.);
#4226=ORIENTED_EDGE('',*,*,#2425,.T.);
#4227=ORIENTED_EDGE('',*,*,#2980,.T.);
#4228=ORIENTED_EDGE('',*,*,#2871,.T.);
#4229=ORIENTED_EDGE('',*,*,#2979,.F.);
#4230=ORIENTED_EDGE('',*,*,#2424,.T.);
#4231=ORIENTED_EDGE('',*,*,#2981,.T.);
#4232=ORIENTED_EDGE('',*,*,#2825,.T.);
#4233=ORIENTED_EDGE('',*,*,#2980,.F.);
#4234=ORIENTED_EDGE('',*,*,#2423,.T.);
#4235=ORIENTED_EDGE('',*,*,#2982,.T.);
#4236=ORIENTED_EDGE('',*,*,#2828,.T.);
#4237=ORIENTED_EDGE('',*,*,#2981,.F.);
#4238=ORIENTED_EDGE('',*,*,#2422,.T.);
#4239=ORIENTED_EDGE('',*,*,#2983,.T.);
#4240=ORIENTED_EDGE('',*,*,#2830,.T.);
#4241=ORIENTED_EDGE('',*,*,#2982,.F.);
#4242=ORIENTED_EDGE('',*,*,#2421,.T.);
#4243=ORIENTED_EDGE('',*,*,#2984,.T.);
#4244=ORIENTED_EDGE('',*,*,#2832,.T.);
#4245=ORIENTED_EDGE('',*,*,#2983,.F.);
#4246=ORIENTED_EDGE('',*,*,#2420,.T.);
#4247=ORIENTED_EDGE('',*,*,#2985,.T.);
#4248=ORIENTED_EDGE('',*,*,#2834,.T.);
#4249=ORIENTED_EDGE('',*,*,#2984,.F.);
#4250=ORIENTED_EDGE('',*,*,#2419,.T.);
#4251=ORIENTED_EDGE('',*,*,#2986,.T.);
#4252=ORIENTED_EDGE('',*,*,#2836,.T.);
#4253=ORIENTED_EDGE('',*,*,#2985,.F.);
#4254=ORIENTED_EDGE('',*,*,#2418,.T.);
#4255=ORIENTED_EDGE('',*,*,#2987,.T.);
#4256=ORIENTED_EDGE('',*,*,#2838,.T.);
#4257=ORIENTED_EDGE('',*,*,#2986,.F.);
#4258=ORIENTED_EDGE('',*,*,#2417,.T.);
#4259=ORIENTED_EDGE('',*,*,#2988,.T.);
#4260=ORIENTED_EDGE('',*,*,#2872,.T.);
#4261=ORIENTED_EDGE('',*,*,#2987,.F.);
#4262=ORIENTED_EDGE('',*,*,#2416,.T.);
#4263=ORIENTED_EDGE('',*,*,#2989,.T.);
#4264=ORIENTED_EDGE('',*,*,#2840,.T.);
#4265=ORIENTED_EDGE('',*,*,#2988,.F.);
#4266=ORIENTED_EDGE('',*,*,#2415,.T.);
#4267=ORIENTED_EDGE('',*,*,#2990,.T.);
#4268=ORIENTED_EDGE('',*,*,#2843,.T.);
#4269=ORIENTED_EDGE('',*,*,#2989,.F.);
#4270=ORIENTED_EDGE('',*,*,#2414,.T.);
#4271=ORIENTED_EDGE('',*,*,#2991,.T.);
#4272=ORIENTED_EDGE('',*,*,#2845,.T.);
#4273=ORIENTED_EDGE('',*,*,#2990,.F.);
#4274=ORIENTED_EDGE('',*,*,#2413,.T.);
#4275=ORIENTED_EDGE('',*,*,#2992,.T.);
#4276=ORIENTED_EDGE('',*,*,#2847,.T.);
#4277=ORIENTED_EDGE('',*,*,#2991,.F.);
#4278=ORIENTED_EDGE('',*,*,#2412,.T.);
#4279=ORIENTED_EDGE('',*,*,#2993,.T.);
#4280=ORIENTED_EDGE('',*,*,#2849,.T.);
#4281=ORIENTED_EDGE('',*,*,#2992,.F.);
#4282=ORIENTED_EDGE('',*,*,#2411,.T.);
#4283=ORIENTED_EDGE('',*,*,#2994,.T.);
#4284=ORIENTED_EDGE('',*,*,#2851,.T.);
#4285=ORIENTED_EDGE('',*,*,#2993,.F.);
#4286=ORIENTED_EDGE('',*,*,#2410,.T.);
#4287=ORIENTED_EDGE('',*,*,#2995,.T.);
#4288=ORIENTED_EDGE('',*,*,#2853,.T.);
#4289=ORIENTED_EDGE('',*,*,#2994,.F.);
#4290=ORIENTED_EDGE('',*,*,#2409,.T.);
#4291=ORIENTED_EDGE('',*,*,#2996,.T.);
#4292=ORIENTED_EDGE('',*,*,#2873,.T.);
#4293=ORIENTED_EDGE('',*,*,#2995,.F.);
#4294=ORIENTED_EDGE('',*,*,#2408,.T.);
#4295=ORIENTED_EDGE('',*,*,#2997,.T.);
#4296=ORIENTED_EDGE('',*,*,#2855,.T.);
#4297=ORIENTED_EDGE('',*,*,#2996,.F.);
#4298=ORIENTED_EDGE('',*,*,#2407,.T.);
#4299=ORIENTED_EDGE('',*,*,#2998,.T.);
#4300=ORIENTED_EDGE('',*,*,#2858,.T.);
#4301=ORIENTED_EDGE('',*,*,#2997,.F.);
#4302=ORIENTED_EDGE('',*,*,#2406,.T.);
#4303=ORIENTED_EDGE('',*,*,#2999,.T.);
#4304=ORIENTED_EDGE('',*,*,#2860,.T.);
#4305=ORIENTED_EDGE('',*,*,#2998,.F.);
#4306=ORIENTED_EDGE('',*,*,#2405,.T.);
#4307=ORIENTED_EDGE('',*,*,#3000,.T.);
#4308=ORIENTED_EDGE('',*,*,#2862,.T.);
#4309=ORIENTED_EDGE('',*,*,#2999,.F.);
#4310=ORIENTED_EDGE('',*,*,#2404,.T.);
#4311=ORIENTED_EDGE('',*,*,#3001,.T.);
#4312=ORIENTED_EDGE('',*,*,#2864,.T.);
#4313=ORIENTED_EDGE('',*,*,#3000,.F.);
#4314=ORIENTED_EDGE('',*,*,#2403,.T.);
#4315=ORIENTED_EDGE('',*,*,#3002,.F.);
#4316=ORIENTED_EDGE('',*,*,#2866,.T.);
#4317=ORIENTED_EDGE('',*,*,#3001,.F.);
#4318=ORIENTED_EDGE('',*,*,#2402,.T.);
#4319=ORIENTED_EDGE('',*,*,#3002,.T.);
#4320=ORIENTED_EDGE('',*,*,#2401,.T.);
#4321=ORIENTED_EDGE('',*,*,#3003,.F.);
#4322=ORIENTED_EDGE('',*,*,#2868,.T.);
#4323=ORIENTED_EDGE('',*,*,#3003,.T.);
#4324=ORIENTED_EDGE('',*,*,#2400,.T.);
#4325=ORIENTED_EDGE('',*,*,#3004,.F.);
#4326=ORIENTED_EDGE('',*,*,#2874,.T.);
#4327=ORIENTED_EDGE('',*,*,#3004,.T.);
#4328=ORIENTED_EDGE('',*,*,#2399,.T.);
#4329=ORIENTED_EDGE('',*,*,#3005,.F.);
#4330=ORIENTED_EDGE('',*,*,#2876,.T.);
#4331=ORIENTED_EDGE('',*,*,#2880,.F.);
#4332=ORIENTED_EDGE('',*,*,#2889,.T.);
#4333=ORIENTED_EDGE('',*,*,#3005,.T.);
#4334=ORIENTED_EDGE('',*,*,#2398,.T.);
#4335=ORIENTED_EDGE('',*,*,#2881,.F.);
#4336=ORIENTED_EDGE('',*,*,#2397,.T.);
#4337=ORIENTED_EDGE('',*,*,#3006,.F.);
#4338=ORIENTED_EDGE('',*,*,#2878,.T.);
#4339=ORIENTED_EDGE('',*,*,#3006,.T.);
#4340=ORIENTED_EDGE('',*,*,#2396,.T.);
#4341=ORIENTED_EDGE('',*,*,#3007,.F.);
#4342=ORIENTED_EDGE('',*,*,#2882,.T.);
#4343=ORIENTED_EDGE('',*,*,#3007,.T.);
#4344=ORIENTED_EDGE('',*,*,#2395,.T.);
#4345=ORIENTED_EDGE('',*,*,#3008,.F.);
#4346=ORIENTED_EDGE('',*,*,#2884,.T.);
#4347=ORIENTED_EDGE('',*,*,#3008,.T.);
#4348=ORIENTED_EDGE('',*,*,#2394,.T.);
#4349=ORIENTED_EDGE('',*,*,#3009,.F.);
#4350=ORIENTED_EDGE('',*,*,#2886,.T.);
#4351=ORIENTED_EDGE('',*,*,#2893,.F.);
#4352=ORIENTED_EDGE('',*,*,#2888,.T.);
#4353=ORIENTED_EDGE('',*,*,#3009,.T.);
#4354=ORIENTED_EDGE('',*,*,#2393,.T.);
#4355=ORIENTED_EDGE('',*,*,#2892,.F.);
#4356=ORIENTED_EDGE('',*,*,#2392,.T.);
#4357=ORIENTED_EDGE('',*,*,#3010,.T.);
#4358=ORIENTED_EDGE('',*,*,#2890,.T.);
#4359=ORIENTED_EDGE('',*,*,#2391,.T.);
#4360=ORIENTED_EDGE('',*,*,#3011,.F.);
#4361=ORIENTED_EDGE('',*,*,#2894,.F.);
#4362=ORIENTED_EDGE('',*,*,#3010,.F.);
#4363=ORIENTED_EDGE('',*,*,#3012,.T.);
#4364=ORIENTED_EDGE('',*,*,#2347,.T.);
#4365=ORIENTED_EDGE('',*,*,#3011,.T.);
#4366=ORIENTED_EDGE('',*,*,#2390,.T.);
#4367=ORIENTED_EDGE('',*,*,#3012,.F.);
#4368=ORIENTED_EDGE('',*,*,#2389,.T.);
#4369=ORIENTED_EDGE('',*,*,#3013,.T.);
#4370=ORIENTED_EDGE('',*,*,#2895,.T.);
#4371=ORIENTED_EDGE('',*,*,#3014,.T.);
#4372=ORIENTED_EDGE('',*,*,#2897,.T.);
#4373=ORIENTED_EDGE('',*,*,#3013,.F.);
#4374=ORIENTED_EDGE('',*,*,#2388,.T.);
#4375=ORIENTED_EDGE('',*,*,#3015,.T.);
#4376=ORIENTED_EDGE('',*,*,#2899,.T.);
#4377=ORIENTED_EDGE('',*,*,#3014,.F.);
#4378=ORIENTED_EDGE('',*,*,#2387,.T.);
#4379=ORIENTED_EDGE('',*,*,#3016,.T.);
#4380=ORIENTED_EDGE('',*,*,#2901,.T.);
#4381=ORIENTED_EDGE('',*,*,#3015,.F.);
#4382=ORIENTED_EDGE('',*,*,#2386,.T.);
#4383=ORIENTED_EDGE('',*,*,#3017,.T.);
#4384=ORIENTED_EDGE('',*,*,#2903,.T.);
#4385=ORIENTED_EDGE('',*,*,#3016,.F.);
#4386=ORIENTED_EDGE('',*,*,#2385,.T.);
#4387=ORIENTED_EDGE('',*,*,#3018,.T.);
#4388=ORIENTED_EDGE('',*,*,#2905,.T.);
#4389=ORIENTED_EDGE('',*,*,#3017,.F.);
#4390=ORIENTED_EDGE('',*,*,#2384,.T.);
#4391=ORIENTED_EDGE('',*,*,#3019,.T.);
#4392=ORIENTED_EDGE('',*,*,#2907,.T.);
#4393=ORIENTED_EDGE('',*,*,#3018,.F.);
#4394=ORIENTED_EDGE('',*,*,#2383,.T.);
#4395=ORIENTED_EDGE('',*,*,#3019,.F.);
#4396=ORIENTED_EDGE('',*,*,#2382,.T.);
#4397=ORIENTED_EDGE('',*,*,#3020,.T.);
#4398=ORIENTED_EDGE('',*,*,#2351,.T.);
#4399=ORIENTED_EDGE('',*,*,#3020,.F.);
#4400=ORIENTED_EDGE('',*,*,#2381,.T.);
#4401=ORIENTED_EDGE('',*,*,#3021,.T.);
#4402=ORIENTED_EDGE('',*,*,#2908,.T.);
#4403=ORIENTED_EDGE('',*,*,#3022,.T.);
#4404=ORIENTED_EDGE('',*,*,#2910,.T.);
#4405=ORIENTED_EDGE('',*,*,#3021,.F.);
#4406=ORIENTED_EDGE('',*,*,#2380,.T.);
#4407=ORIENTED_EDGE('',*,*,#3023,.T.);
#4408=ORIENTED_EDGE('',*,*,#2912,.T.);
#4409=ORIENTED_EDGE('',*,*,#3022,.F.);
#4410=ORIENTED_EDGE('',*,*,#2379,.T.);
#4411=ORIENTED_EDGE('',*,*,#3024,.T.);
#4412=ORIENTED_EDGE('',*,*,#2914,.T.);
#4413=ORIENTED_EDGE('',*,*,#3023,.F.);
#4414=ORIENTED_EDGE('',*,*,#2378,.T.);
#4415=ORIENTED_EDGE('',*,*,#3025,.T.);
#4416=ORIENTED_EDGE('',*,*,#2916,.T.);
#4417=ORIENTED_EDGE('',*,*,#3024,.F.);
#4418=ORIENTED_EDGE('',*,*,#2377,.T.);
#4419=ORIENTED_EDGE('',*,*,#3026,.T.);
#4420=ORIENTED_EDGE('',*,*,#2918,.T.);
#4421=ORIENTED_EDGE('',*,*,#3025,.F.);
#4422=ORIENTED_EDGE('',*,*,#2376,.T.);
#4423=ORIENTED_EDGE('',*,*,#2483,.T.);
#4424=ORIENTED_EDGE('',*,*,#2920,.T.);
#4425=ORIENTED_EDGE('',*,*,#3026,.F.);
#4426=ORIENTED_EDGE('',*,*,#2375,.T.);
#4427=ORIENTED_EDGE('',*,*,#2482,.T.);
#4428=ORIENTED_EDGE('',*,*,#2457,.T.);
#4429=ORIENTED_EDGE('',*,*,#3027,.T.);
#4430=ORIENTED_EDGE('',*,*,#2921,.T.);
#4431=ORIENTED_EDGE('',*,*,#3028,.T.);
#4432=ORIENTED_EDGE('',*,*,#2923,.T.);
#4433=ORIENTED_EDGE('',*,*,#3027,.F.);
#4434=ORIENTED_EDGE('',*,*,#2456,.T.);
#4435=ORIENTED_EDGE('',*,*,#2952,.T.);
#4436=ORIENTED_EDGE('',*,*,#2925,.T.);
#4437=ORIENTED_EDGE('',*,*,#3028,.F.);
#4438=ORIENTED_EDGE('',*,*,#2455,.T.);
#4439=ORIENTED_EDGE('',*,*,#2929,.F.);
#4440=ORIENTED_EDGE('',*,*,#2325,.F.);
#4441=ORIENTED_EDGE('',*,*,#2465,.T.);
#4442=ORIENTED_EDGE('',*,*,#3029,.T.);
#4443=ORIENTED_EDGE('',*,*,#2932,.F.);
#4444=ORIENTED_EDGE('',*,*,#3029,.F.);
#4445=ORIENTED_EDGE('',*,*,#2464,.F.);
#4446=ORIENTED_EDGE('',*,*,#3030,.T.);
#4447=ORIENTED_EDGE('',*,*,#2930,.F.);
#4448=ORIENTED_EDGE('',*,*,#2934,.F.);
#4449=ORIENTED_EDGE('',*,*,#3030,.F.);
#4450=ORIENTED_EDGE('',*,*,#2463,.T.);
#4451=ORIENTED_EDGE('',*,*,#3031,.T.);
#4452=ORIENTED_EDGE('',*,*,#2936,.F.);
#4453=ORIENTED_EDGE('',*,*,#3031,.F.);
#4454=ORIENTED_EDGE('',*,*,#2462,.F.);
#4455=ORIENTED_EDGE('',*,*,#3032,.T.);
#4456=ORIENTED_EDGE('',*,*,#2938,.F.);
#4457=ORIENTED_EDGE('',*,*,#3032,.F.);
#4458=ORIENTED_EDGE('',*,*,#2461,.T.);
#4459=ORIENTED_EDGE('',*,*,#3033,.T.);
#4460=ORIENTED_EDGE('',*,*,#2940,.F.);
#4461=ORIENTED_EDGE('',*,*,#2939,.F.);
#4462=ORIENTED_EDGE('',*,*,#3033,.F.);
#4463=ORIENTED_EDGE('',*,*,#2460,.F.);
#4464=ORIENTED_EDGE('',*,*,#3034,.T.);
#4465=ORIENTED_EDGE('',*,*,#2942,.F.);
#4466=ORIENTED_EDGE('',*,*,#3034,.F.);
#4467=ORIENTED_EDGE('',*,*,#2459,.T.);
#4468=ORIENTED_EDGE('',*,*,#2327,.T.);
#4469=CYLINDRICAL_SURFACE('',#4940,0.25);
#4470=CYLINDRICAL_SURFACE('',#4942,0.25);
#4471=CYLINDRICAL_SURFACE('',#4949,0.3);
#4472=CYLINDRICAL_SURFACE('',#4951,0.3);
#4473=CYLINDRICAL_SURFACE('',#4954,0.3);
#4474=CYLINDRICAL_SURFACE('',#4956,0.3);
#4475=CYLINDRICAL_SURFACE('',#5016,0.2);
#4476=CYLINDRICAL_SURFACE('',#5018,0.2);
#4477=CYLINDRICAL_SURFACE('',#5023,1.55);
#4478=CYLINDRICAL_SURFACE('',#5028,1.55);
#4479=CYLINDRICAL_SURFACE('',#5033,1.55000000000001);
#4480=CYLINDRICAL_SURFACE('',#5038,1.55000000000001);
#4481=CYLINDRICAL_SURFACE('',#5043,1.55000000000001);
#4482=CYLINDRICAL_SURFACE('',#5048,1.55000000000001);
#4483=CYLINDRICAL_SURFACE('',#5053,1.55000000000001);
#4484=CYLINDRICAL_SURFACE('',#5058,1.55);
#4485=CYLINDRICAL_SURFACE('',#5084,1.39999999999999);
#4486=CYLINDRICAL_SURFACE('',#5086,1.39999999999999);
#4487=CYLINDRICAL_SURFACE('',#5088,1.39999999999997);
#4488=CYLINDRICAL_SURFACE('',#5090,1.39999999999997);
#4489=CYLINDRICAL_SURFACE('',#5092,0.3);
#4490=CYLINDRICAL_SURFACE('',#5095,0.3);
#4491=CYLINDRICAL_SURFACE('',#5098,1.39999999999999);
#4492=CYLINDRICAL_SURFACE('',#5100,1.3);
#4493=CYLINDRICAL_SURFACE('',#5102,1.39999999999997);
#4494=CYLINDRICAL_SURFACE('',#5104,1.39999999999997);
#4495=CYLINDRICAL_SURFACE('',#5152,0.3);
#4496=CYLINDRICAL_SURFACE('',#5153,0.3);
#4497=CYLINDRICAL_SURFACE('',#5154,0.3);
#4498=CYLINDRICAL_SURFACE('',#5155,0.3);
#4499=CYLINDRICAL_SURFACE('',#5156,0.3);
#4500=CYLINDRICAL_SURFACE('',#5169,1.);
#4501=CYLINDRICAL_SURFACE('',#5176,0.3);
#4502=CYLINDRICAL_SURFACE('',#5178,0.3);
#4503=CYLINDRICAL_SURFACE('',#5179,0.5);
#4504=CYLINDRICAL_SURFACE('',#5180,0.3);
#4505=CYLINDRICAL_SURFACE('',#5185,0.5);
#4506=CYLINDRICAL_SURFACE('',#5186,0.3);
#4507=CYLINDRICAL_SURFACE('',#5187,0.5);
#4508=CYLINDRICAL_SURFACE('',#5188,1.);
#4509=CYLINDRICAL_SURFACE('',#5210,1.);
#4510=CYLINDRICAL_SURFACE('',#5214,0.5);
#4511=CYLINDRICAL_SURFACE('',#5215,0.3);
#4512=CYLINDRICAL_SURFACE('',#5222,0.3);
#4513=CYLINDRICAL_SURFACE('',#5224,1.);
#4514=CYLINDRICAL_SURFACE('',#5225,0.3);
#4515=CYLINDRICAL_SURFACE('',#5241,0.3);
#4516=CYLINDRICAL_SURFACE('',#5264,0.5);
#4517=CYLINDRICAL_SURFACE('',#5267,0.5);
#4518=CYLINDRICAL_SURFACE('',#5270,0.5);
#4519=CYLINDRICAL_SURFACE('',#5273,0.5);
#4520=CYLINDRICAL_SURFACE('',#5277,1.5);
#4521=CYLINDRICAL_SURFACE('',#5280,1.);
#4522=CYLINDRICAL_SURFACE('',#5282,1.);
#4523=CYLINDRICAL_SURFACE('',#5285,1.5);
#4524=CYLINDRICAL_SURFACE('',#5288,1.5);
#4525=CYLINDRICAL_SURFACE('',#5291,1.);
#4526=CYLINDRICAL_SURFACE('',#5293,3.00000000000004);
#4527=CYLINDRICAL_SURFACE('',#5298,0.5);
#4528=CYLINDRICAL_SURFACE('',#5301,0.5);
#4529=CYLINDRICAL_SURFACE('',#5307,3.);
#4530=CYLINDRICAL_SURFACE('',#5309,1.);
#4531=CYLINDRICAL_SURFACE('',#5312,1.5);
#4532=CYLINDRICAL_SURFACE('',#5315,1.5);
#4533=CYLINDRICAL_SURFACE('',#5318,1.);
#4534=CYLINDRICAL_SURFACE('',#5320,1.);
#4535=CYLINDRICAL_SURFACE('',#5323,1.5);
#4536=CYLINDRICAL_SURFACE('',#5326,1.5);
#4537=CYLINDRICAL_SURFACE('',#5329,1.);
#4538=CYLINDRICAL_SURFACE('',#5331,1.);
#4539=CYLINDRICAL_SURFACE('',#5334,1.5);
#4540=CYLINDRICAL_SURFACE('',#5337,1.5);
#4541=CYLINDRICAL_SURFACE('',#5340,1.);
#4542=CYLINDRICAL_SURFACE('',#5342,1.);
#4543=CYLINDRICAL_SURFACE('',#5345,1.5);
#4544=CYLINDRICAL_SURFACE('',#5348,1.5);
#4545=CYLINDRICAL_SURFACE('',#5351,1.);
#4546=CYLINDRICAL_SURFACE('',#5354,3.);
#4547=CYLINDRICAL_SURFACE('',#5359,0.5);
#4548=CYLINDRICAL_SURFACE('',#5362,0.5);
#4549=CYLINDRICAL_SURFACE('',#5368,2.99999999999999);
#4550=CYLINDRICAL_SURFACE('',#5370,1.);
#4551=CYLINDRICAL_SURFACE('',#5373,1.5);
#4552=CYLINDRICAL_SURFACE('',#5376,1.5);
#4553=CYLINDRICAL_SURFACE('',#5379,1.);
#4554=CYLINDRICAL_SURFACE('',#5381,1.);
#4555=CYLINDRICAL_SURFACE('',#5384,1.5);
#4556=CYLINDRICAL_SURFACE('',#5387,1.5);
#4557=CYLINDRICAL_SURFACE('',#5390,1.);
#4558=CYLINDRICAL_SURFACE('',#5392,1.);
#4559=CYLINDRICAL_SURFACE('',#5395,1.5);
#4560=CYLINDRICAL_SURFACE('',#5397,0.3);
#4561=CYLINDRICAL_SURFACE('',#5403,0.3);
#4562=CYLINDRICAL_SURFACE('',#5405,0.3);
#4563=CYLINDRICAL_SURFACE('',#5408,0.3);
#4564=CYLINDRICAL_SURFACE('',#5412,0.3);
#4565=CYLINDRICAL_SURFACE('',#5413,0.3);
#4566=CYLINDRICAL_SURFACE('',#5420,0.3);
#4567=CYLINDRICAL_SURFACE('',#5424,0.3);
#4568=CYLINDRICAL_SURFACE('',#5428,0.3);
#4569=CYLINDRICAL_SURFACE('',#5432,0.3);
#4570=CYLINDRICAL_SURFACE('',#5433,0.2);
#4571=CYLINDRICAL_SURFACE('',#5438,0.2);
#4572=CYLINDRICAL_SURFACE('',#5442,0.2);
#4573=CYLINDRICAL_SURFACE('',#5446,0.2);
#4574=CYLINDRICAL_SURFACE('',#5450,0.2);
#4575=CYLINDRICAL_SURFACE('',#5454,0.2);
#4576=CYLINDRICAL_SURFACE('',#5458,0.2);
#4577=CYLINDRICAL_SURFACE('',#5462,0.2);
#4578=CYLINDRICAL_SURFACE('',#5463,0.3);
#4579=CYLINDRICAL_SURFACE('',#5467,0.3);
#4580=CYLINDRICAL_SURFACE('',#5471,0.3);
#4581=CYLINDRICAL_SURFACE('',#5472,0.2);
#4582=CYLINDRICAL_SURFACE('',#5476,0.2);
#4583=CYLINDRICAL_SURFACE('',#5480,0.2);
#4584=CYLINDRICAL_SURFACE('',#5484,0.2);
#4585=CYLINDRICAL_SURFACE('',#5488,0.2);
#4586=CYLINDRICAL_SURFACE('',#5492,0.2);
#4587=CYLINDRICAL_SURFACE('',#5496,0.2);
#4588=CYLINDRICAL_SURFACE('',#5500,0.2);
#4589=CYLINDRICAL_SURFACE('',#5504,0.2);
#4590=CYLINDRICAL_SURFACE('',#5508,0.2);
#4591=CYLINDRICAL_SURFACE('',#5512,0.2);
#4592=CYLINDRICAL_SURFACE('',#5516,0.2);
#4593=CYLINDRICAL_SURFACE('',#5520,0.2);
#4594=CYLINDRICAL_SURFACE('',#5524,0.2);
#4595=CYLINDRICAL_SURFACE('',#5528,0.2);
#4596=CYLINDRICAL_SURFACE('',#5532,0.2);
#4597=CYLINDRICAL_SURFACE('',#5536,0.2);
#4598=CYLINDRICAL_SURFACE('',#5540,0.2);
#4599=CYLINDRICAL_SURFACE('',#5544,0.2);
#4600=CYLINDRICAL_SURFACE('',#5545,0.3);
#4601=CYLINDRICAL_SURFACE('',#5549,0.3);
#4602=CYLINDRICAL_SURFACE('',#5553,0.3);
#4603=CYLINDRICAL_SURFACE('',#5554,0.2);
#4604=CYLINDRICAL_SURFACE('',#5558,0.2);
#4605=CYLINDRICAL_SURFACE('',#5562,0.2);
#4606=CYLINDRICAL_SURFACE('',#5566,0.2);
#4607=CYLINDRICAL_SURFACE('',#5570,0.2);
#4608=CYLINDRICAL_SURFACE('',#5574,0.2);
#4609=CYLINDRICAL_SURFACE('',#5578,0.2);
#4610=CYLINDRICAL_SURFACE('',#5582,0.2);
#4611=CYLINDRICAL_SURFACE('',#5586,0.2);
#4612=CYLINDRICAL_SURFACE('',#5591,0.2);
#4613=CYLINDRICAL_SURFACE('',#5594,2.99999999999999);
#4614=CYLINDRICAL_SURFACE('',#5596,2.99999999999999);
#4615=CYLINDRICAL_SURFACE('',#5598,3.00000000000001);
#4616=CYLINDRICAL_SURFACE('',#5600,3.00000000000004);
#4617=ADVANCED_FACE('',(#556),#4469,.T.);
#4618=ADVANCED_FACE('',(#557),#475,.T.);
#4619=ADVANCED_FACE('',(#558),#4470,.T.);
#4620=ADVANCED_FACE('',(#559),#476,.T.);
#4621=ADVANCED_FACE('',(#560),#477,.F.);
#4622=ADVANCED_FACE('',(#561),#4471,.T.);
#4623=ADVANCED_FACE('',(#562),#4472,.T.);
#4624=ADVANCED_FACE('',(#563),#478,.F.);
#4625=ADVANCED_FACE('',(#564),#4473,.T.);
#4626=ADVANCED_FACE('',(#565),#4474,.T.);
#4627=ADVANCED_FACE('',(#566),#479,.F.);
#4628=ADVANCED_FACE('',(#567,#115,#116,#117,#118,#119,#120,#121,#122,#123),
#480,.F.);
#4629=ADVANCED_FACE('',(#568),#4475,.T.);
#4630=ADVANCED_FACE('',(#569),#4476,.T.);
#4631=ADVANCED_FACE('',(#570),#57,.T.);
#4632=ADVANCED_FACE('',(#571),#4477,.F.);
#4633=ADVANCED_FACE('',(#572),#58,.T.);
#4634=ADVANCED_FACE('',(#573),#4478,.F.);
#4635=ADVANCED_FACE('',(#574),#59,.T.);
#4636=ADVANCED_FACE('',(#575),#4479,.F.);
#4637=ADVANCED_FACE('',(#576),#60,.T.);
#4638=ADVANCED_FACE('',(#577),#4480,.F.);
#4639=ADVANCED_FACE('',(#578),#61,.T.);
#4640=ADVANCED_FACE('',(#579),#4481,.F.);
#4641=ADVANCED_FACE('',(#580),#62,.T.);
#4642=ADVANCED_FACE('',(#581),#4482,.F.);
#4643=ADVANCED_FACE('',(#582),#63,.T.);
#4644=ADVANCED_FACE('',(#583),#4483,.F.);
#4645=ADVANCED_FACE('',(#584),#64,.T.);
#4646=ADVANCED_FACE('',(#585),#4484,.F.);
#4647=ADVANCED_FACE('',(#586),#481,.T.);
#4648=ADVANCED_FACE('',(#587),#482,.T.);
#4649=ADVANCED_FACE('',(#588),#483,.T.);
#4650=ADVANCED_FACE('',(#589),#484,.T.);
#4651=ADVANCED_FACE('',(#590),#485,.T.);
#4652=ADVANCED_FACE('',(#591),#486,.T.);
#4653=ADVANCED_FACE('',(#592),#487,.T.);
#4654=ADVANCED_FACE('',(#593),#488,.T.);
#4655=ADVANCED_FACE('',(#594),#489,.T.);
#4656=ADVANCED_FACE('',(#595),#490,.T.);
#4657=ADVANCED_FACE('',(#596),#491,.T.);
#4658=ADVANCED_FACE('',(#597),#492,.T.);
#4659=ADVANCED_FACE('',(#598),#493,.T.);
#4660=ADVANCED_FACE('',(#599),#494,.T.);
#4661=ADVANCED_FACE('',(#600),#495,.T.);
#4662=ADVANCED_FACE('',(#601),#496,.T.);
#4663=ADVANCED_FACE('',(#602),#4485,.F.);
#4664=ADVANCED_FACE('',(#603),#4486,.F.);
#4665=ADVANCED_FACE('',(#604),#4487,.F.);
#4666=ADVANCED_FACE('',(#605),#4488,.F.);
#4667=ADVANCED_FACE('',(#606),#4489,.T.);
#4668=ADVANCED_FACE('',(#607),#4490,.T.);
#4669=ADVANCED_FACE('',(#608),#4491,.F.);
#4670=ADVANCED_FACE('',(#609),#4492,.F.);
#4671=ADVANCED_FACE('',(#610),#4493,.F.);
#4672=ADVANCED_FACE('',(#611),#4494,.F.);
#4673=ADVANCED_FACE('',(#612),#53,.T.);
#4674=ADVANCED_FACE('',(#613),#54,.T.);
#4675=ADVANCED_FACE('',(#614),#43,.T.);
#4676=ADVANCED_FACE('',(#615),#497,.T.);
#4677=ADVANCED_FACE('',(#616),#44,.T.);
#4678=ADVANCED_FACE('',(#617),#45,.T.);
#4679=ADVANCED_FACE('',(#618),#498,.T.);
#4680=ADVANCED_FACE('',(#619),#15,.F.);
#4681=ADVANCED_FACE('',(#620),#16,.F.);
#4682=ADVANCED_FACE('',(#621),#17,.F.);
#4683=ADVANCED_FACE('',(#622),#18,.F.);
#4684=ADVANCED_FACE('',(#623),#499,.T.);
#4685=ADVANCED_FACE('',(#624),#500,.T.);
#4686=ADVANCED_FACE('',(#625),#46,.T.);
#4687=ADVANCED_FACE('',(#626),#501,.T.);
#4688=ADVANCED_FACE('',(#627),#502,.T.);
#4689=ADVANCED_FACE('',(#628),#19,.F.);
#4690=ADVANCED_FACE('',(#629),#20,.F.);
#4691=ADVANCED_FACE('',(#630),#21,.F.);
#4692=ADVANCED_FACE('',(#631),#22,.F.);
#4693=ADVANCED_FACE('',(#632),#4495,.T.);
#4694=ADVANCED_FACE('',(#633),#4496,.T.);
#4695=ADVANCED_FACE('',(#634),#4497,.T.);
#4696=ADVANCED_FACE('',(#635),#4498,.T.);
#4697=ADVANCED_FACE('',(#636),#4499,.T.);
#4698=ADVANCED_FACE('',(#637),#503,.F.);
#4699=ADVANCED_FACE('',(#638),#65,.T.);
#4700=ADVANCED_FACE('',(#639),#4500,.F.);
#4701=ADVANCED_FACE('',(#640),#504,.F.);
#4702=ADVANCED_FACE('',(#641),#4501,.T.);
#4703=ADVANCED_FACE('',(#642),#4502,.T.);
#4704=ADVANCED_FACE('',(#643),#4503,.F.);
#4705=ADVANCED_FACE('',(#644),#4504,.T.);
#4706=ADVANCED_FACE('',(#645),#66,.F.);
#4707=ADVANCED_FACE('',(#646),#4505,.F.);
#4708=ADVANCED_FACE('',(#647),#4506,.T.);
#4709=ADVANCED_FACE('',(#648),#4507,.F.);
#4710=ADVANCED_FACE('',(#649),#4508,.F.);
#4711=ADVANCED_FACE('',(#650,#124),#505,.F.);
#4712=ADVANCED_FACE('',(#651,#125),#506,.F.);
#4713=ADVANCED_FACE('',(#652,#126),#507,.F.);
#4714=ADVANCED_FACE('',(#653,#127),#508,.F.);
#4715=ADVANCED_FACE('',(#654),#4509,.F.);
#4716=ADVANCED_FACE('',(#655),#67,.F.);
#4717=ADVANCED_FACE('',(#656),#4510,.F.);
#4718=ADVANCED_FACE('',(#657),#4511,.T.);
#4719=ADVANCED_FACE('',(#658),#509,.F.);
#4720=ADVANCED_FACE('',(#659),#4512,.T.);
#4721=ADVANCED_FACE('',(#660),#4513,.F.);
#4722=ADVANCED_FACE('',(#661),#4514,.T.);
#4723=ADVANCED_FACE('',(#662),#68,.T.);
#4724=ADVANCED_FACE('',(#663,#128),#510,.F.);
#4725=ADVANCED_FACE('',(#664,#129),#511,.F.);
#4726=ADVANCED_FACE('',(#665),#4515,.T.);
#4727=ADVANCED_FACE('',(#666,#130),#512,.F.);
#4728=ADVANCED_FACE('',(#667,#131),#513,.F.);
#4729=ADVANCED_FACE('',(#668),#55,.T.);
#4730=ADVANCED_FACE('',(#669),#514,.T.);
#4731=ADVANCED_FACE('',(#670),#56,.T.);
#4732=ADVANCED_FACE('',(#671,#132),#515,.T.);
#4733=ADVANCED_FACE('',(#672),#4516,.F.);
#4734=ADVANCED_FACE('',(#673),#516,.F.);
#4735=ADVANCED_FACE('',(#674),#4517,.F.);
#4736=ADVANCED_FACE('',(#675),#517,.F.);
#4737=ADVANCED_FACE('',(#676),#4518,.F.);
#4738=ADVANCED_FACE('',(#677),#518,.F.);
#4739=ADVANCED_FACE('',(#678),#4519,.F.);
#4740=ADVANCED_FACE('',(#679),#519,.F.);
#4741=ADVANCED_FACE('',(#680),#520,.F.);
#4742=ADVANCED_FACE('',(#681),#4520,.F.);
#4743=ADVANCED_FACE('',(#682),#521,.F.);
#4744=ADVANCED_FACE('',(#683),#4521,.T.);
#4745=ADVANCED_FACE('',(#684),#4522,.T.);
#4746=ADVANCED_FACE('',(#685),#522,.F.);
#4747=ADVANCED_FACE('',(#686),#4523,.F.);
#4748=ADVANCED_FACE('',(#687),#523,.F.);
#4749=ADVANCED_FACE('',(#688),#4524,.F.);
#4750=ADVANCED_FACE('',(#689),#524,.F.);
#4751=ADVANCED_FACE('',(#690),#4525,.T.);
#4752=ADVANCED_FACE('',(#691),#4526,.F.);
#4753=ADVANCED_FACE('',(#692),#525,.F.);
#4754=ADVANCED_FACE('',(#693),#47,.F.);
#4755=ADVANCED_FACE('',(#694),#4527,.F.);
#4756=ADVANCED_FACE('',(#695),#526,.F.);
#4757=ADVANCED_FACE('',(#696),#4528,.F.);
#4758=ADVANCED_FACE('',(#697),#527,.F.);
#4759=ADVANCED_FACE('',(#698),#528,.T.);
#4760=ADVANCED_FACE('',(#699),#48,.F.);
#4761=ADVANCED_FACE('',(#700),#4529,.F.);
#4762=ADVANCED_FACE('',(#701),#4530,.T.);
#4763=ADVANCED_FACE('',(#702),#529,.F.);
#4764=ADVANCED_FACE('',(#703),#4531,.F.);
#4765=ADVANCED_FACE('',(#704),#530,.F.);
#4766=ADVANCED_FACE('',(#705),#4532,.F.);
#4767=ADVANCED_FACE('',(#706),#531,.F.);
#4768=ADVANCED_FACE('',(#707),#4533,.T.);
#4769=ADVANCED_FACE('',(#708),#4534,.T.);
#4770=ADVANCED_FACE('',(#709),#532,.F.);
#4771=ADVANCED_FACE('',(#710),#4535,.F.);
#4772=ADVANCED_FACE('',(#711),#533,.F.);
#4773=ADVANCED_FACE('',(#712),#4536,.F.);
#4774=ADVANCED_FACE('',(#713),#534,.F.);
#4775=ADVANCED_FACE('',(#714),#4537,.T.);
#4776=ADVANCED_FACE('',(#715),#4538,.T.);
#4777=ADVANCED_FACE('',(#716),#535,.F.);
#4778=ADVANCED_FACE('',(#717),#4539,.F.);
#4779=ADVANCED_FACE('',(#718),#536,.F.);
#4780=ADVANCED_FACE('',(#719),#4540,.F.);
#4781=ADVANCED_FACE('',(#720),#537,.F.);
#4782=ADVANCED_FACE('',(#721),#4541,.T.);
#4783=ADVANCED_FACE('',(#722),#4542,.T.);
#4784=ADVANCED_FACE('',(#723),#538,.F.);
#4785=ADVANCED_FACE('',(#724),#4543,.F.);
#4786=ADVANCED_FACE('',(#725),#539,.F.);
#4787=ADVANCED_FACE('',(#726),#4544,.F.);
#4788=ADVANCED_FACE('',(#727),#540,.F.);
#4789=ADVANCED_FACE('',(#728),#4545,.T.);
#4790=ADVANCED_FACE('',(#729),#541,.T.);
#4791=ADVANCED_FACE('',(#730),#4546,.F.);
#4792=ADVANCED_FACE('',(#731),#542,.F.);
#4793=ADVANCED_FACE('',(#732),#49,.F.);
#4794=ADVANCED_FACE('',(#733),#4547,.F.);
#4795=ADVANCED_FACE('',(#734),#543,.F.);
#4796=ADVANCED_FACE('',(#735),#4548,.F.);
#4797=ADVANCED_FACE('',(#736),#544,.F.);
#4798=ADVANCED_FACE('',(#737),#545,.T.);
#4799=ADVANCED_FACE('',(#738),#50,.F.);
#4800=ADVANCED_FACE('',(#739),#4549,.F.);
#4801=ADVANCED_FACE('',(#740),#4550,.T.);
#4802=ADVANCED_FACE('',(#741),#546,.F.);
#4803=ADVANCED_FACE('',(#742),#4551,.F.);
#4804=ADVANCED_FACE('',(#743),#547,.F.);
#4805=ADVANCED_FACE('',(#744),#4552,.F.);
#4806=ADVANCED_FACE('',(#745),#548,.F.);
#4807=ADVANCED_FACE('',(#746),#4553,.T.);
#4808=ADVANCED_FACE('',(#747),#4554,.T.);
#4809=ADVANCED_FACE('',(#748),#549,.F.);
#4810=ADVANCED_FACE('',(#749),#4555,.F.);
#4811=ADVANCED_FACE('',(#750),#550,.F.);
#4812=ADVANCED_FACE('',(#751),#4556,.F.);
#4813=ADVANCED_FACE('',(#752),#551,.F.);
#4814=ADVANCED_FACE('',(#753),#4557,.T.);
#4815=ADVANCED_FACE('',(#754),#4558,.T.);
#4816=ADVANCED_FACE('',(#755),#552,.F.);
#4817=ADVANCED_FACE('',(#756),#4559,.F.);
#4818=ADVANCED_FACE('',(#757),#4560,.T.);
#4819=ADVANCED_FACE('',(#758),#69,.T.);
#4820=ADVANCED_FACE('',(#759),#4561,.T.);
#4821=ADVANCED_FACE('',(#760),#4562,.T.);
#4822=ADVANCED_FACE('',(#761),#51,.F.);
#4823=ADVANCED_FACE('',(#762),#4563,.T.);
#4824=ADVANCED_FACE('',(#763),#52,.F.);
#4825=ADVANCED_FACE('',(#764),#4564,.T.);
#4826=ADVANCED_FACE('',(#765),#4565,.T.);
#4827=ADVANCED_FACE('',(#766),#70,.T.);
#4828=ADVANCED_FACE('',(#767),#71,.T.);
#4829=ADVANCED_FACE('',(#768),#4566,.T.);
#4830=ADVANCED_FACE('',(#769),#72,.T.);
#4831=ADVANCED_FACE('',(#770),#4567,.T.);
#4832=ADVANCED_FACE('',(#771),#73,.T.);
#4833=ADVANCED_FACE('',(#772),#4568,.T.);
#4834=ADVANCED_FACE('',(#773),#74,.T.);
#4835=ADVANCED_FACE('',(#774),#4569,.T.);
#4836=ADVANCED_FACE('',(#775),#4570,.T.);
#4837=ADVANCED_FACE('',(#776),#75,.T.);
#4838=ADVANCED_FACE('',(#777),#4571,.T.);
#4839=ADVANCED_FACE('',(#778),#76,.T.);
#4840=ADVANCED_FACE('',(#779),#4572,.T.);
#4841=ADVANCED_FACE('',(#780),#77,.T.);
#4842=ADVANCED_FACE('',(#781),#4573,.T.);
#4843=ADVANCED_FACE('',(#782),#78,.T.);
#4844=ADVANCED_FACE('',(#783),#4574,.T.);
#4845=ADVANCED_FACE('',(#784),#79,.T.);
#4846=ADVANCED_FACE('',(#785),#4575,.T.);
#4847=ADVANCED_FACE('',(#786),#80,.T.);
#4848=ADVANCED_FACE('',(#787),#4576,.T.);
#4849=ADVANCED_FACE('',(#788),#81,.T.);
#4850=ADVANCED_FACE('',(#789),#4577,.T.);
#4851=ADVANCED_FACE('',(#790),#4578,.T.);
#4852=ADVANCED_FACE('',(#791),#82,.T.);
#4853=ADVANCED_FACE('',(#792),#4579,.T.);
#4854=ADVANCED_FACE('',(#793),#83,.T.);
#4855=ADVANCED_FACE('',(#794),#4580,.T.);
#4856=ADVANCED_FACE('',(#795),#4581,.T.);
#4857=ADVANCED_FACE('',(#796),#84,.T.);
#4858=ADVANCED_FACE('',(#797),#4582,.T.);
#4859=ADVANCED_FACE('',(#798),#85,.T.);
#4860=ADVANCED_FACE('',(#799),#4583,.T.);
#4861=ADVANCED_FACE('',(#800),#86,.T.);
#4862=ADVANCED_FACE('',(#801),#4584,.T.);
#4863=ADVANCED_FACE('',(#802),#87,.T.);
#4864=ADVANCED_FACE('',(#803),#4585,.T.);
#4865=ADVANCED_FACE('',(#804),#88,.T.);
#4866=ADVANCED_FACE('',(#805),#4586,.T.);
#4867=ADVANCED_FACE('',(#806),#89,.T.);
#4868=ADVANCED_FACE('',(#807),#4587,.T.);
#4869=ADVANCED_FACE('',(#808),#90,.T.);
#4870=ADVANCED_FACE('',(#809),#4588,.T.);
#4871=ADVANCED_FACE('',(#810),#91,.T.);
#4872=ADVANCED_FACE('',(#811),#4589,.T.);
#4873=ADVANCED_FACE('',(#812),#92,.T.);
#4874=ADVANCED_FACE('',(#813),#4590,.T.);
#4875=ADVANCED_FACE('',(#814),#93,.T.);
#4876=ADVANCED_FACE('',(#815),#4591,.T.);
#4877=ADVANCED_FACE('',(#816),#94,.T.);
#4878=ADVANCED_FACE('',(#817),#4592,.T.);
#4879=ADVANCED_FACE('',(#818),#95,.T.);
#4880=ADVANCED_FACE('',(#819),#4593,.T.);
#4881=ADVANCED_FACE('',(#820),#96,.T.);
#4882=ADVANCED_FACE('',(#821),#4594,.T.);
#4883=ADVANCED_FACE('',(#822),#97,.T.);
#4884=ADVANCED_FACE('',(#823),#4595,.T.);
#4885=ADVANCED_FACE('',(#824),#98,.T.);
#4886=ADVANCED_FACE('',(#825),#4596,.T.);
#4887=ADVANCED_FACE('',(#826),#99,.T.);
#4888=ADVANCED_FACE('',(#827),#4597,.T.);
#4889=ADVANCED_FACE('',(#828),#100,.T.);
#4890=ADVANCED_FACE('',(#829),#4598,.T.);
#4891=ADVANCED_FACE('',(#830),#101,.T.);
#4892=ADVANCED_FACE('',(#831),#4599,.T.);
#4893=ADVANCED_FACE('',(#832),#4600,.T.);
#4894=ADVANCED_FACE('',(#833),#102,.T.);
#4895=ADVANCED_FACE('',(#834),#4601,.T.);
#4896=ADVANCED_FACE('',(#835),#103,.T.);
#4897=ADVANCED_FACE('',(#836),#4602,.T.);
#4898=ADVANCED_FACE('',(#837),#4603,.T.);
#4899=ADVANCED_FACE('',(#838),#104,.T.);
#4900=ADVANCED_FACE('',(#839),#4604,.T.);
#4901=ADVANCED_FACE('',(#840),#105,.T.);
#4902=ADVANCED_FACE('',(#841),#4605,.T.);
#4903=ADVANCED_FACE('',(#842),#106,.T.);
#4904=ADVANCED_FACE('',(#843),#4606,.T.);
#4905=ADVANCED_FACE('',(#844),#107,.T.);
#4906=ADVANCED_FACE('',(#845),#4607,.T.);
#4907=ADVANCED_FACE('',(#846),#108,.T.);
#4908=ADVANCED_FACE('',(#847),#4608,.T.);
#4909=ADVANCED_FACE('',(#848),#109,.T.);
#4910=ADVANCED_FACE('',(#849),#4609,.T.);
#4911=ADVANCED_FACE('',(#850),#110,.T.);
#4912=ADVANCED_FACE('',(#851),#4610,.T.);
#4913=ADVANCED_FACE('',(#852),#111,.T.);
#4914=ADVANCED_FACE('',(#853),#4611,.T.);
#4915=ADVANCED_FACE('',(#854),#112,.T.);
#4916=ADVANCED_FACE('',(#855),#113,.T.);
#4917=ADVANCED_FACE('',(#856),#4612,.T.);
#4918=ADVANCED_FACE('',(#857),#114,.T.);
#4919=ADVANCED_FACE('',(#858),#4613,.T.);
#4920=ADVANCED_FACE('',(#859),#553,.T.);
#4921=ADVANCED_FACE('',(#860),#4614,.T.);
#4922=ADVANCED_FACE('',(#861),#554,.T.);
#4923=ADVANCED_FACE('',(#862),#4615,.T.);
#4924=ADVANCED_FACE('',(#863),#555,.T.);
#4925=ADVANCED_FACE('',(#864),#4616,.T.);
#4926=CLOSED_SHELL('',(#4617,#4618,#4619,#4620,#4621,#4622,#4623,#4624,
#4625,#4626,#4627,#4628,#4629,#4630,#4631,#4632,#4633,#4634,#4635,#4636,
#4637,#4638,#4639,#4640,#4641,#4642,#4643,#4644,#4645,#4646,#4647,#4648,
#4649,#4650,#4651,#4652,#4653,#4654,#4655,#4656,#4657,#4658,#4659,#4660,
#4661,#4662,#4663,#4664,#4665,#4666,#4667,#4668,#4669,#4670,#4671,#4672,
#4673,#4674,#4675,#4676,#4677,#4678,#4679,#4680,#4681,#4682,#4683,#4684,
#4685,#4686,#4687,#4688,#4689,#4690,#4691,#4692,#4693,#4694,#4695,#4696,
#4697,#4698,#4699,#4700,#4701,#4702,#4703,#4704,#4705,#4706,#4707,#4708,
#4709,#4710,#4711,#4712,#4713,#4714,#4715,#4716,#4717,#4718,#4719,#4720,
#4721,#4722,#4723,#4724,#4725,#4726,#4727,#4728,#4729,#4730,#4731,#4732,
#4733,#4734,#4735,#4736,#4737,#4738,#4739,#4740,#4741,#4742,#4743,#4744,
#4745,#4746,#4747,#4748,#4749,#4750,#4751,#4752,#4753,#4754,#4755,#4756,
#4757,#4758,#4759,#4760,#4761,#4762,#4763,#4764,#4765,#4766,#4767,#4768,
#4769,#4770,#4771,#4772,#4773,#4774,#4775,#4776,#4777,#4778,#4779,#4780,
#4781,#4782,#4783,#4784,#4785,#4786,#4787,#4788,#4789,#4790,#4791,#4792,
#4793,#4794,#4795,#4796,#4797,#4798,#4799,#4800,#4801,#4802,#4803,#4804,
#4805,#4806,#4807,#4808,#4809,#4810,#4811,#4812,#4813,#4814,#4815,#4816,
#4817,#4818,#4819,#4820,#4821,#4822,#4823,#4824,#4825,#4826,#4827,#4828,
#4829,#4830,#4831,#4832,#4833,#4834,#4835,#4836,#4837,#4838,#4839,#4840,
#4841,#4842,#4843,#4844,#4845,#4846,#4847,#4848,#4849,#4850,#4851,#4852,
#4853,#4854,#4855,#4856,#4857,#4858,#4859,#4860,#4861,#4862,#4863,#4864,
#4865,#4866,#4867,#4868,#4869,#4870,#4871,#4872,#4873,#4874,#4875,#4876,
#4877,#4878,#4879,#4880,#4881,#4882,#4883,#4884,#4885,#4886,#4887,#4888,
#4889,#4890,#4891,#4892,#4893,#4894,#4895,#4896,#4897,#4898,#4899,#4900,
#4901,#4902,#4903,#4904,#4905,#4906,#4907,#4908,#4909,#4910,#4911,#4912,
#4913,#4914,#4915,#4916,#4917,#4918,#4919,#4920,#4921,#4922,#4923,#4924,
#4925));
#4927=DERIVED_UNIT_ELEMENT(#4929,1.);
#4928=DERIVED_UNIT_ELEMENT(#9073,-3.);
#4929=(
MASS_UNIT()
NAMED_UNIT(*)
SI_UNIT(.KILO.,.GRAM.)
);
#4930=DERIVED_UNIT((#4927,#4928));
#4931=MEASURE_REPRESENTATION_ITEM('density measure',
POSITIVE_RATIO_MEASURE(7850.),#4930);
#4932=PROPERTY_DEFINITION_REPRESENTATION(#4937,#4934);
#4933=PROPERTY_DEFINITION_REPRESENTATION(#4938,#4935);
#4934=REPRESENTATION('material name',(#4936),#9070);
#4935=REPRESENTATION('density',(#4931),#9070);
#4936=DESCRIPTIVE_REPRESENTATION_ITEM('Steel','Steel');
#4937=PROPERTY_DEFINITION('material property','material name',#9080);
#4938=PROPERTY_DEFINITION('material property','density of part',#9080);
#4939=AXIS2_PLACEMENT_3D('',#7270,#5601,#5602);
#4940=AXIS2_PLACEMENT_3D('',#7271,#5603,#5604);
#4941=AXIS2_PLACEMENT_3D('',#7298,#5607,#5608);
#4942=AXIS2_PLACEMENT_3D('',#7312,#5616,#5617);
#4943=AXIS2_PLACEMENT_3D('',#7339,#5620,#5621);
#4944=AXIS2_PLACEMENT_3D('',#7385,#5645,#5646);
#4945=AXIS2_PLACEMENT_3D('',#7387,#5647,#5648);
#4946=AXIS2_PLACEMENT_3D('',#7390,#5650,#5651);
#4947=AXIS2_PLACEMENT_3D('',#7392,#5652,#5653);
#4948=AXIS2_PLACEMENT_3D('',#7395,#5655,#5656);
#4949=AXIS2_PLACEMENT_3D('',#7396,#5657,#5658);
#4950=AXIS2_PLACEMENT_3D('',#7398,#5659,#5660);
#4951=AXIS2_PLACEMENT_3D('',#7400,#5662,#5663);
#4952=AXIS2_PLACEMENT_3D('',#7403,#5665,#5666);
#4953=AXIS2_PLACEMENT_3D('',#7404,#5667,#5668);
#4954=AXIS2_PLACEMENT_3D('',#7408,#5671,#5672);
#4955=AXIS2_PLACEMENT_3D('',#7420,#5673,#5674);
#4956=AXIS2_PLACEMENT_3D('',#7421,#5675,#5676);
#4957=AXIS2_PLACEMENT_3D('',#7425,#5678,#5679);
#4958=AXIS2_PLACEMENT_3D('',#7436,#5680,#5681);
#4959=AXIS2_PLACEMENT_3D('',#7438,#5683,#5684);
#4960=AXIS2_PLACEMENT_3D('',#7442,#5686,#5687);
#4961=AXIS2_PLACEMENT_3D('',#7446,#5689,#5690);
#4962=AXIS2_PLACEMENT_3D('',#7450,#5692,#5693);
#4963=AXIS2_PLACEMENT_3D('',#7454,#5695,#5696);
#4964=AXIS2_PLACEMENT_3D('',#7458,#5698,#5699);
#4965=AXIS2_PLACEMENT_3D('',#7462,#5701,#5702);
#4966=AXIS2_PLACEMENT_3D('',#7466,#5704,#5705);
#4967=AXIS2_PLACEMENT_3D('',#7470,#5707,#5708);
#4968=AXIS2_PLACEMENT_3D('',#7474,#5710,#5711);
#4969=AXIS2_PLACEMENT_3D('',#7480,#5714,#5715);
#4970=AXIS2_PLACEMENT_3D('',#7484,#5717,#5718);
#4971=AXIS2_PLACEMENT_3D('',#7490,#5721,#5722);
#4972=AXIS2_PLACEMENT_3D('',#7494,#5724,#5725);
#4973=AXIS2_PLACEMENT_3D('',#7498,#5727,#5728);
#4974=AXIS2_PLACEMENT_3D('',#7502,#5730,#5731);
#4975=AXIS2_PLACEMENT_3D('',#7506,#5733,#5734);
#4976=AXIS2_PLACEMENT_3D('',#7510,#5736,#5737);
#4977=AXIS2_PLACEMENT_3D('',#7514,#5739,#5740);
#4978=AXIS2_PLACEMENT_3D('',#7518,#5742,#5743);
#4979=AXIS2_PLACEMENT_3D('',#7522,#5745,#5746);
#4980=AXIS2_PLACEMENT_3D('',#7526,#5748,#5749);
#4981=AXIS2_PLACEMENT_3D('',#7530,#5751,#5752);
#4982=AXIS2_PLACEMENT_3D('',#7534,#5754,#5755);
#4983=AXIS2_PLACEMENT_3D('',#7538,#5757,#5758);
#4984=AXIS2_PLACEMENT_3D('',#7542,#5760,#5761);
#4985=AXIS2_PLACEMENT_3D('',#7546,#5763,#5764);
#4986=AXIS2_PLACEMENT_3D('',#7550,#5766,#5767);
#4987=AXIS2_PLACEMENT_3D('',#7554,#5769,#5770);
#4988=AXIS2_PLACEMENT_3D('',#7558,#5772,#5773);
#4989=AXIS2_PLACEMENT_3D('',#7564,#5776,#5777);
#4990=AXIS2_PLACEMENT_3D('',#7568,#5779,#5780);
#4991=AXIS2_PLACEMENT_3D('',#7574,#5783,#5784);
#4992=AXIS2_PLACEMENT_3D('',#7578,#5786,#5787);
#4993=AXIS2_PLACEMENT_3D('',#7582,#5789,#5790);
#4994=AXIS2_PLACEMENT_3D('',#7586,#5792,#5793);
#4995=AXIS2_PLACEMENT_3D('',#7590,#5795,#5796);
#4996=AXIS2_PLACEMENT_3D('',#7594,#5798,#5799);
#4997=AXIS2_PLACEMENT_3D('',#7598,#5801,#5802);
#4998=AXIS2_PLACEMENT_3D('',#7602,#5804,#5805);
#4999=AXIS2_PLACEMENT_3D('',#7606,#5807,#5808);
#5000=AXIS2_PLACEMENT_3D('',#7609,#5810,#5811);
#5001=AXIS2_PLACEMENT_3D('',#7613,#5813,#5814);
#5002=AXIS2_PLACEMENT_3D('',#7617,#5816,#5817);
#5003=AXIS2_PLACEMENT_3D('',#7620,#5819,#5820);
#5004=AXIS2_PLACEMENT_3D('',#7622,#5821,#5822);
#5005=AXIS2_PLACEMENT_3D('',#7624,#5823,#5824);
#5006=AXIS2_PLACEMENT_3D('',#7626,#5825,#5826);
#5007=AXIS2_PLACEMENT_3D('',#7628,#5827,#5828);
#5008=AXIS2_PLACEMENT_3D('',#7633,#5830,#5831);
#5009=AXIS2_PLACEMENT_3D('',#7637,#5833,#5834);
#5010=AXIS2_PLACEMENT_3D('',#7641,#5836,#5837);
#5011=AXIS2_PLACEMENT_3D('',#7644,#5839,#5840);
#5012=AXIS2_PLACEMENT_3D('',#7646,#5841,#5842);
#5013=AXIS2_PLACEMENT_3D('',#7648,#5843,#5844);
#5014=AXIS2_PLACEMENT_3D('',#7650,#5845,#5846);
#5015=AXIS2_PLACEMENT_3D('',#7652,#5847,#5848);
#5016=AXIS2_PLACEMENT_3D('',#7653,#5849,#5850);
#5017=AXIS2_PLACEMENT_3D('',#7654,#5851,#5852);
#5018=AXIS2_PLACEMENT_3D('',#7655,#5853,#5854);
#5019=AXIS2_PLACEMENT_3D('',#7656,#5855,#5856);
#5020=AXIS2_PLACEMENT_3D('',#7657,#5857,#5858);
#5021=AXIS2_PLACEMENT_3D('',#7659,#5859,#5860);
#5022=AXIS2_PLACEMENT_3D('',#7660,#5861,#5862);
#5023=AXIS2_PLACEMENT_3D('',#7661,#5863,#5864);
#5024=AXIS2_PLACEMENT_3D('',#7664,#5866,#5867);
#5025=AXIS2_PLACEMENT_3D('',#7665,#5868,#5869);
#5026=AXIS2_PLACEMENT_3D('',#7667,#5870,#5871);
#5027=AXIS2_PLACEMENT_3D('',#7668,#5872,#5873);
#5028=AXIS2_PLACEMENT_3D('',#7669,#5874,#5875);
#5029=AXIS2_PLACEMENT_3D('',#7672,#5877,#5878);
#5030=AXIS2_PLACEMENT_3D('',#7673,#5879,#5880);
#5031=AXIS2_PLACEMENT_3D('',#7675,#5881,#5882);
#5032=AXIS2_PLACEMENT_3D('',#7676,#5883,#5884);
#5033=AXIS2_PLACEMENT_3D('',#7677,#5885,#5886);
#5034=AXIS2_PLACEMENT_3D('',#7680,#5888,#5889);
#5035=AXIS2_PLACEMENT_3D('',#7681,#5890,#5891);
#5036=AXIS2_PLACEMENT_3D('',#7683,#5892,#5893);
#5037=AXIS2_PLACEMENT_3D('',#7684,#5894,#5895);
#5038=AXIS2_PLACEMENT_3D('',#7685,#5896,#5897);
#5039=AXIS2_PLACEMENT_3D('',#7688,#5899,#5900);
#5040=AXIS2_PLACEMENT_3D('',#7689,#5901,#5902);
#5041=AXIS2_PLACEMENT_3D('',#7691,#5903,#5904);
#5042=AXIS2_PLACEMENT_3D('',#7692,#5905,#5906);
#5043=AXIS2_PLACEMENT_3D('',#7693,#5907,#5908);
#5044=AXIS2_PLACEMENT_3D('',#7696,#5910,#5911);
#5045=AXIS2_PLACEMENT_3D('',#7697,#5912,#5913);
#5046=AXIS2_PLACEMENT_3D('',#7699,#5914,#5915);
#5047=AXIS2_PLACEMENT_3D('',#7700,#5916,#5917);
#5048=AXIS2_PLACEMENT_3D('',#7701,#5918,#5919);
#5049=AXIS2_PLACEMENT_3D('',#7704,#5921,#5922);
#5050=AXIS2_PLACEMENT_3D('',#7705,#5923,#5924);
#5051=AXIS2_PLACEMENT_3D('',#7707,#5925,#5926);
#5052=AXIS2_PLACEMENT_3D('',#7708,#5927,#5928);
#5053=AXIS2_PLACEMENT_3D('',#7709,#5929,#5930);
#5054=AXIS2_PLACEMENT_3D('',#7712,#5932,#5933);
#5055=AXIS2_PLACEMENT_3D('',#7713,#5934,#5935);
#5056=AXIS2_PLACEMENT_3D('',#7715,#5936,#5937);
#5057=AXIS2_PLACEMENT_3D('',#7716,#5938,#5939);
#5058=AXIS2_PLACEMENT_3D('',#7717,#5940,#5941);
#5059=AXIS2_PLACEMENT_3D('',#7720,#5943,#5944);
#5060=AXIS2_PLACEMENT_3D('',#7721,#5945,#5946);
#5061=AXIS2_PLACEMENT_3D('',#7722,#5947,#5948);
#5062=AXIS2_PLACEMENT_3D('',#7723,#5949,#5950);
#5063=AXIS2_PLACEMENT_3D('',#7724,#5951,#5952);
#5064=AXIS2_PLACEMENT_3D('',#7725,#5953,#5954);
#5065=AXIS2_PLACEMENT_3D('',#7726,#5955,#5956);
#5066=AXIS2_PLACEMENT_3D('',#7727,#5957,#5958);
#5067=AXIS2_PLACEMENT_3D('',#7728,#5959,#5960);
#5068=AXIS2_PLACEMENT_3D('',#7729,#5961,#5962);
#5069=AXIS2_PLACEMENT_3D('',#7731,#5963,#5964);
#5070=AXIS2_PLACEMENT_3D('',#7732,#5965,#5966);
#5071=AXIS2_PLACEMENT_3D('',#7734,#5967,#5968);
#5072=AXIS2_PLACEMENT_3D('',#7735,#5969,#5970);
#5073=AXIS2_PLACEMENT_3D('',#7737,#5971,#5972);
#5074=AXIS2_PLACEMENT_3D('',#7738,#5973,#5974);
#5075=AXIS2_PLACEMENT_3D('',#7740,#5975,#5976);
#5076=AXIS2_PLACEMENT_3D('',#7741,#5977,#5978);
#5077=AXIS2_PLACEMENT_3D('',#7743,#5979,#5980);
#5078=AXIS2_PLACEMENT_3D('',#7744,#5981,#5982);
#5079=AXIS2_PLACEMENT_3D('',#7746,#5983,#5984);
#5080=AXIS2_PLACEMENT_3D('',#7747,#5985,#5986);
#5081=AXIS2_PLACEMENT_3D('',#7749,#5987,#5988);
#5082=AXIS2_PLACEMENT_3D('',#7750,#5989,#5990);
#5083=AXIS2_PLACEMENT_3D('',#7752,#5991,#5992);
#5084=AXIS2_PLACEMENT_3D('',#7753,#5993,#5994);
#5085=AXIS2_PLACEMENT_3D('',#7755,#5995,#5996);
#5086=AXIS2_PLACEMENT_3D('',#7757,#5998,#5999);
#5087=AXIS2_PLACEMENT_3D('',#7759,#6000,#6001);
#5088=AXIS2_PLACEMENT_3D('',#7761,#6003,#6004);
#5089=AXIS2_PLACEMENT_3D('',#7763,#6005,#6006);
#5090=AXIS2_PLACEMENT_3D('',#7765,#6008,#6009);
#5091=AXIS2_PLACEMENT_3D('',#7767,#6010,#6011);
#5092=AXIS2_PLACEMENT_3D('',#7769,#6013,#6014);
#5093=AXIS2_PLACEMENT_3D('',#7772,#6015,#6016);
#5094=AXIS2_PLACEMENT_3D('',#7776,#6018,#6019);
#5095=AXIS2_PLACEMENT_3D('',#7778,#6021,#6022);
#5096=AXIS2_PLACEMENT_3D('',#7781,#6023,#6024);
#5097=AXIS2_PLACEMENT_3D('',#7785,#6026,#6027);
#5098=AXIS2_PLACEMENT_3D('',#7787,#6029,#6030);
#5099=AXIS2_PLACEMENT_3D('',#7789,#6031,#6032);
#5100=AXIS2_PLACEMENT_3D('',#7791,#6034,#6035);
#5101=AXIS2_PLACEMENT_3D('',#7793,#6036,#6037);
#5102=AXIS2_PLACEMENT_3D('',#7795,#6039,#6040);
#5103=AXIS2_PLACEMENT_3D('',#7797,#6041,#6042);
#5104=AXIS2_PLACEMENT_3D('',#7799,#6044,#6045);
#5105=AXIS2_PLACEMENT_3D('',#7801,#6046,#6047);
#5106=AXIS2_PLACEMENT_3D('',#7803,#6049,#6050);
#5107=AXIS2_PLACEMENT_3D('',#7805,#6051,#6052);
#5108=AXIS2_PLACEMENT_3D('',#7806,#6053,#6054);
#5109=AXIS2_PLACEMENT_3D('',#7807,#6055,#6056);
#5110=AXIS2_PLACEMENT_3D('',#7809,#6057,#6058);
#5111=AXIS2_PLACEMENT_3D('',#7810,#6059,#6060);
#5112=AXIS2_PLACEMENT_3D('',#7843,#6061,#6062);
#5113=AXIS2_PLACEMENT_3D('',#7845,#6063,#6064);
#5114=AXIS2_PLACEMENT_3D('',#7846,#6065,#6066);
#5115=AXIS2_PLACEMENT_3D('',#7847,#6067,#6068);
#5116=AXIS2_PLACEMENT_3D('',#7851,#6070,#6071);
#5117=AXIS2_PLACEMENT_3D('',#7881,#6074,#6075);
#5118=AXIS2_PLACEMENT_3D('',#7883,#6076,#6077);
#5119=AXIS2_PLACEMENT_3D('',#7884,#6078,#6079);
#5120=AXIS2_PLACEMENT_3D('',#7917,#6080,#6081);
#5121=AXIS2_PLACEMENT_3D('',#7919,#6082,#6083);
#5122=AXIS2_PLACEMENT_3D('',#7920,#6084,#6085);
#5123=AXIS2_PLACEMENT_3D('',#7921,#6086,#6087);
#5124=AXIS2_PLACEMENT_3D('',#7925,#6089,#6090);
#5125=AXIS2_PLACEMENT_3D('',#7928,#6093,#6094);
#5126=AXIS2_PLACEMENT_3D('',#7930,#6095,#6096);
#5127=AXIS2_PLACEMENT_3D('',#7932,#6098,#6099);
#5128=AXIS2_PLACEMENT_3D('',#7934,#6100,#6101);
#5129=AXIS2_PLACEMENT_3D('',#7936,#6103,#6104);
#5130=AXIS2_PLACEMENT_3D('',#7938,#6105,#6106);
#5131=AXIS2_PLACEMENT_3D('',#7940,#6108,#6109);
#5132=AXIS2_PLACEMENT_3D('',#7942,#6110,#6111);
#5133=AXIS2_PLACEMENT_3D('',#7944,#6113,#6114);
#5134=AXIS2_PLACEMENT_3D('',#7948,#6116,#6117);
#5135=AXIS2_PLACEMENT_3D('',#7952,#6120,#6121);
#5136=AXIS2_PLACEMENT_3D('',#7956,#6124,#6125);
#5137=AXIS2_PLACEMENT_3D('',#7989,#6126,#6127);
#5138=AXIS2_PLACEMENT_3D('',#7991,#6128,#6129);
#5139=AXIS2_PLACEMENT_3D('',#7992,#6130,#6131);
#5140=AXIS2_PLACEMENT_3D('',#7993,#6132,#6133);
#5141=AXIS2_PLACEMENT_3D('',#7997,#6135,#6136);
#5142=AXIS2_PLACEMENT_3D('',#8001,#6139,#6140);
#5143=AXIS2_PLACEMENT_3D('',#8005,#6143,#6144);
#5144=AXIS2_PLACEMENT_3D('',#8006,#6145,#6146);
#5145=AXIS2_PLACEMENT_3D('',#8008,#6147,#6148);
#5146=AXIS2_PLACEMENT_3D('',#8010,#6150,#6151);
#5147=AXIS2_PLACEMENT_3D('',#8012,#6152,#6153);
#5148=AXIS2_PLACEMENT_3D('',#8014,#6155,#6156);
#5149=AXIS2_PLACEMENT_3D('',#8016,#6157,#6158);
#5150=AXIS2_PLACEMENT_3D('',#8018,#6160,#6161);
#5151=AXIS2_PLACEMENT_3D('',#8020,#6162,#6163);
#5152=AXIS2_PLACEMENT_3D('',#8022,#6165,#6166);
#5153=AXIS2_PLACEMENT_3D('',#8024,#6168,#6169);
#5154=AXIS2_PLACEMENT_3D('',#8026,#6171,#6172);
#5155=AXIS2_PLACEMENT_3D('',#8028,#6174,#6175);
#5156=AXIS2_PLACEMENT_3D('',#8030,#6177,#6178);
#5157=AXIS2_PLACEMENT_3D('',#8033,#6179,#6180);
#5158=AXIS2_PLACEMENT_3D('',#8037,#6182,#6183);
#5159=AXIS2_PLACEMENT_3D('',#8039,#6185,#6186);
#5160=AXIS2_PLACEMENT_3D('',#8042,#6187,#6188);
#5161=AXIS2_PLACEMENT_3D('',#8046,#6190,#6191);
#5162=AXIS2_PLACEMENT_3D('',#8050,#6193,#6194);
#5163=AXIS2_PLACEMENT_3D('',#8054,#6196,#6197);
#5164=AXIS2_PLACEMENT_3D('',#8056,#6199,#6200);
#5165=AXIS2_PLACEMENT_3D('',#8059,#6201,#6202);
#5166=AXIS2_PLACEMENT_3D('',#8060,#6203,#6204);
#5167=AXIS2_PLACEMENT_3D('',#8062,#6205,#6206);
#5168=AXIS2_PLACEMENT_3D('',#8063,#6207,#6208);
#5169=AXIS2_PLACEMENT_3D('',#8064,#6209,#6210);
#5170=AXIS2_PLACEMENT_3D('',#8078,#6212,#6213);
#5171=AXIS2_PLACEMENT_3D('',#8079,#6214,#6215);
#5172=AXIS2_PLACEMENT_3D('',#8082,#6216,#6217);
#5173=AXIS2_PLACEMENT_3D('',#8086,#6219,#6220);
#5174=AXIS2_PLACEMENT_3D('',#8090,#6222,#6223);
#5175=AXIS2_PLACEMENT_3D('',#8094,#6225,#6226);
#5176=AXIS2_PLACEMENT_3D('',#8096,#6228,#6229);
#5177=AXIS2_PLACEMENT_3D('',#8099,#6230,#6231);
#5178=AXIS2_PLACEMENT_3D('',#8102,#6234,#6235);
#5179=AXIS2_PLACEMENT_3D('',#8105,#6238,#6239);
#5180=AXIS2_PLACEMENT_3D('',#8107,#6241,#6242);
#5181=AXIS2_PLACEMENT_3D('',#8110,#6243,#6244);
#5182=AXIS2_PLACEMENT_3D('',#8113,#6247,#6248);
#5183=AXIS2_PLACEMENT_3D('',#8115,#6249,#6250);
#5184=AXIS2_PLACEMENT_3D('',#8116,#6251,#6252);
#5185=AXIS2_PLACEMENT_3D('',#8117,#6253,#6254);
#5186=AXIS2_PLACEMENT_3D('',#8130,#6256,#6257);
#5187=AXIS2_PLACEMENT_3D('',#8133,#6260,#6261);
#5188=AXIS2_PLACEMENT_3D('',#8146,#6263,#6264);
#5189=AXIS2_PLACEMENT_3D('',#8149,#6266,#6267);
#5190=AXIS2_PLACEMENT_3D('',#8150,#6268,#6269);
#5191=AXIS2_PLACEMENT_3D('',#8153,#6270,#6271);
#5192=AXIS2_PLACEMENT_3D('',#8157,#6273,#6274);
#5193=AXIS2_PLACEMENT_3D('',#8161,#6276,#6277);
#5194=AXIS2_PLACEMENT_3D('',#8165,#6279,#6280);
#5195=AXIS2_PLACEMENT_3D('',#8167,#6282,#6283);
#5196=AXIS2_PLACEMENT_3D('',#8170,#6284,#6285);
#5197=AXIS2_PLACEMENT_3D('',#8174,#6287,#6288);
#5198=AXIS2_PLACEMENT_3D('',#8178,#6290,#6291);
#5199=AXIS2_PLACEMENT_3D('',#8182,#6293,#6294);
#5200=AXIS2_PLACEMENT_3D('',#8184,#6296,#6297);
#5201=AXIS2_PLACEMENT_3D('',#8187,#6298,#6299);
#5202=AXIS2_PLACEMENT_3D('',#8191,#6301,#6302);
#5203=AXIS2_PLACEMENT_3D('',#8195,#6304,#6305);
#5204=AXIS2_PLACEMENT_3D('',#8199,#6307,#6308);
#5205=AXIS2_PLACEMENT_3D('',#8201,#6310,#6311);
#5206=AXIS2_PLACEMENT_3D('',#8204,#6312,#6313);
#5207=AXIS2_PLACEMENT_3D('',#8208,#6315,#6316);
#5208=AXIS2_PLACEMENT_3D('',#8212,#6318,#6319);
#5209=AXIS2_PLACEMENT_3D('',#8216,#6321,#6322);
#5210=AXIS2_PLACEMENT_3D('',#8218,#6324,#6325);
#5211=AXIS2_PLACEMENT_3D('',#8220,#6327,#6328);
#5212=AXIS2_PLACEMENT_3D('',#8222,#6329,#6330);
#5213=AXIS2_PLACEMENT_3D('',#8223,#6331,#6332);
#5214=AXIS2_PLACEMENT_3D('',#8224,#6333,#6334);
#5215=AXIS2_PLACEMENT_3D('',#8237,#6336,#6337);
#5216=AXIS2_PLACEMENT_3D('',#8241,#6339,#6340);
#5217=AXIS2_PLACEMENT_3D('',#8243,#6342,#6343);
#5218=AXIS2_PLACEMENT_3D('',#8246,#6344,#6345);
#5219=AXIS2_PLACEMENT_3D('',#8250,#6347,#6348);
#5220=AXIS2_PLACEMENT_3D('',#8254,#6350,#6351);
#5221=AXIS2_PLACEMENT_3D('',#8258,#6353,#6354);
#5222=AXIS2_PLACEMENT_3D('',#8260,#6356,#6357);
#5223=AXIS2_PLACEMENT_3D('',#8263,#6358,#6359);
#5224=AXIS2_PLACEMENT_3D('',#8266,#6362,#6363);
#5225=AXIS2_PLACEMENT_3D('',#8268,#6365,#6366);
#5226=AXIS2_PLACEMENT_3D('',#8271,#6367,#6368);
#5227=AXIS2_PLACEMENT_3D('',#8274,#6371,#6372);
#5228=AXIS2_PLACEMENT_3D('',#8276,#6373,#6374);
#5229=AXIS2_PLACEMENT_3D('',#8277,#6375,#6376);
#5230=AXIS2_PLACEMENT_3D('',#8278,#6377,#6378);
#5231=AXIS2_PLACEMENT_3D('',#8279,#6379,#6380);
#5232=AXIS2_PLACEMENT_3D('',#8281,#6381,#6382);
#5233=AXIS2_PLACEMENT_3D('',#8285,#6384,#6385);
#5234=AXIS2_PLACEMENT_3D('',#8289,#6387,#6388);
#5235=AXIS2_PLACEMENT_3D('',#8292,#6390,#6391);
#5236=AXIS2_PLACEMENT_3D('',#8293,#6392,#6393);
#5237=AXIS2_PLACEMENT_3D('',#8295,#6394,#6395);
#5238=AXIS2_PLACEMENT_3D('',#8299,#6397,#6398);
#5239=AXIS2_PLACEMENT_3D('',#8303,#6400,#6401);
#5240=AXIS2_PLACEMENT_3D('',#8306,#6403,#6404);
#5241=AXIS2_PLACEMENT_3D('',#8307,#6405,#6406);
#5242=AXIS2_PLACEMENT_3D('',#8309,#6408,#6409);
#5243=AXIS2_PLACEMENT_3D('',#8311,#6410,#6411);
#5244=AXIS2_PLACEMENT_3D('',#8315,#6413,#6414);
#5245=AXIS2_PLACEMENT_3D('',#8319,#6416,#6417);
#5246=AXIS2_PLACEMENT_3D('',#8322,#6419,#6420);
#5247=AXIS2_PLACEMENT_3D('',#8323,#6421,#6422);
#5248=AXIS2_PLACEMENT_3D('',#8325,#6423,#6424);
#5249=AXIS2_PLACEMENT_3D('',#8329,#6426,#6427);
#5250=AXIS2_PLACEMENT_3D('',#8333,#6429,#6430);
#5251=AXIS2_PLACEMENT_3D('',#8336,#6432,#6433);
#5252=AXIS2_PLACEMENT_3D('',#8337,#6434,#6435);
#5253=AXIS2_PLACEMENT_3D('',#8339,#6436,#6437);
#5254=AXIS2_PLACEMENT_3D('',#8340,#6438,#6439);
#5255=AXIS2_PLACEMENT_3D('',#8341,#6440,#6441);
#5256=AXIS2_PLACEMENT_3D('',#8345,#6443,#6444);
#5257=AXIS2_PLACEMENT_3D('',#8349,#6446,#6447);
#5258=AXIS2_PLACEMENT_3D('',#8351,#6449,#6450);
#5259=AXIS2_PLACEMENT_3D('',#8353,#6451,#6452);
#5260=AXIS2_PLACEMENT_3D('',#8354,#6453,#6454);
#5261=AXIS2_PLACEMENT_3D('',#8355,#6455,#6456);
#5262=AXIS2_PLACEMENT_3D('',#8359,#6458,#6459);
#5263=AXIS2_PLACEMENT_3D('',#8363,#6461,#6462);
#5264=AXIS2_PLACEMENT_3D('',#8365,#6464,#6465);
#5265=AXIS2_PLACEMENT_3D('',#8368,#6466,#6467);
#5266=AXIS2_PLACEMENT_3D('',#8371,#6470,#6471);
#5267=AXIS2_PLACEMENT_3D('',#8375,#6474,#6475);
#5268=AXIS2_PLACEMENT_3D('',#8377,#6476,#6477);
#5269=AXIS2_PLACEMENT_3D('',#8379,#6479,#6480);
#5270=AXIS2_PLACEMENT_3D('',#8383,#6483,#6484);
#5271=AXIS2_PLACEMENT_3D('',#8385,#6485,#6486);
#5272=AXIS2_PLACEMENT_3D('',#8387,#6488,#6489);
#5273=AXIS2_PLACEMENT_3D('',#8391,#6492,#6493);
#5274=AXIS2_PLACEMENT_3D('',#8393,#6494,#6495);
#5275=AXIS2_PLACEMENT_3D('',#8395,#6497,#6498);
#5276=AXIS2_PLACEMENT_3D('',#8397,#6500,#6501);
#5277=AXIS2_PLACEMENT_3D('',#8403,#6505,#6506);
#5278=AXIS2_PLACEMENT_3D('',#8405,#6507,#6508);
#5279=AXIS2_PLACEMENT_3D('',#8407,#6510,#6511);
#5280=AXIS2_PLACEMENT_3D('',#8411,#6514,#6515);
#5281=AXIS2_PLACEMENT_3D('',#8412,#6516,#6517);
#5282=AXIS2_PLACEMENT_3D('',#8413,#6518,#6519);
#5283=AXIS2_PLACEMENT_3D('',#8415,#6520,#6521);
#5284=AXIS2_PLACEMENT_3D('',#8417,#6523,#6524);
#5285=AXIS2_PLACEMENT_3D('',#8421,#6527,#6528);
#5286=AXIS2_PLACEMENT_3D('',#8423,#6529,#6530);
#5287=AXIS2_PLACEMENT_3D('',#8425,#6532,#6533);
#5288=AXIS2_PLACEMENT_3D('',#8429,#6536,#6537);
#5289=AXIS2_PLACEMENT_3D('',#8431,#6538,#6539);
#5290=AXIS2_PLACEMENT_3D('',#8433,#6541,#6542);
#5291=AXIS2_PLACEMENT_3D('',#8437,#6545,#6546);
#5292=AXIS2_PLACEMENT_3D('',#8438,#6547,#6548);
#5293=AXIS2_PLACEMENT_3D('',#8439,#6549,#6550);
#5294=AXIS2_PLACEMENT_3D('',#8441,#6551,#6552);
#5295=AXIS2_PLACEMENT_3D('',#8443,#6554,#6555);
#5296=AXIS2_PLACEMENT_3D('',#8472,#6558,#6559);
#5297=AXIS2_PLACEMENT_3D('',#8473,#6560,#6561);
#5298=AXIS2_PLACEMENT_3D('',#8474,#6562,#6563);
#5299=AXIS2_PLACEMENT_3D('',#8476,#6564,#6565);
#5300=AXIS2_PLACEMENT_3D('',#8478,#6567,#6568);
#5301=AXIS2_PLACEMENT_3D('',#8482,#6571,#6572);
#5302=AXIS2_PLACEMENT_3D('',#8484,#6573,#6574);
#5303=AXIS2_PLACEMENT_3D('',#8486,#6576,#6577);
#5304=AXIS2_PLACEMENT_3D('',#8488,#6579,#6580);
#5305=AXIS2_PLACEMENT_3D('',#8518,#6584,#6585);
#5306=AXIS2_PLACEMENT_3D('',#8519,#6586,#6587);
#5307=AXIS2_PLACEMENT_3D('',#8520,#6588,#6589);
#5308=AXIS2_PLACEMENT_3D('',#8522,#6590,#6591);
#5309=AXIS2_PLACEMENT_3D('',#8524,#6593,#6594);
#5310=AXIS2_PLACEMENT_3D('',#8527,#6595,#6596);
#5311=AXIS2_PLACEMENT_3D('',#8530,#6599,#6600);
#5312=AXIS2_PLACEMENT_3D('',#8534,#6603,#6604);
#5313=AXIS2_PLACEMENT_3D('',#8536,#6605,#6606);
#5314=AXIS2_PLACEMENT_3D('',#8538,#6608,#6609);
#5315=AXIS2_PLACEMENT_3D('',#8542,#6612,#6613);
#5316=AXIS2_PLACEMENT_3D('',#8544,#6614,#6615);
#5317=AXIS2_PLACEMENT_3D('',#8546,#6617,#6618);
#5318=AXIS2_PLACEMENT_3D('',#8550,#6621,#6622);
#5319=AXIS2_PLACEMENT_3D('',#8552,#6623,#6624);
#5320=AXIS2_PLACEMENT_3D('',#8554,#6626,#6627);
#5321=AXIS2_PLACEMENT_3D('',#8557,#6628,#6629);
#5322=AXIS2_PLACEMENT_3D('',#8560,#6632,#6633);
#5323=AXIS2_PLACEMENT_3D('',#8564,#6636,#6637);
#5324=AXIS2_PLACEMENT_3D('',#8566,#6638,#6639);
#5325=AXIS2_PLACEMENT_3D('',#8568,#6641,#6642);
#5326=AXIS2_PLACEMENT_3D('',#8572,#6645,#6646);
#5327=AXIS2_PLACEMENT_3D('',#8574,#6647,#6648);
#5328=AXIS2_PLACEMENT_3D('',#8576,#6650,#6651);
#5329=AXIS2_PLACEMENT_3D('',#8580,#6654,#6655);
#5330=AXIS2_PLACEMENT_3D('',#8582,#6656,#6657);
#5331=AXIS2_PLACEMENT_3D('',#8584,#6659,#6660);
#5332=AXIS2_PLACEMENT_3D('',#8587,#6661,#6662);
#5333=AXIS2_PLACEMENT_3D('',#8590,#6665,#6666);
#5334=AXIS2_PLACEMENT_3D('',#8594,#6669,#6670);
#5335=AXIS2_PLACEMENT_3D('',#8596,#6671,#6672);
#5336=AXIS2_PLACEMENT_3D('',#8598,#6674,#6675);
#5337=AXIS2_PLACEMENT_3D('',#8602,#6678,#6679);
#5338=AXIS2_PLACEMENT_3D('',#8604,#6680,#6681);
#5339=AXIS2_PLACEMENT_3D('',#8606,#6683,#6684);
#5340=AXIS2_PLACEMENT_3D('',#8610,#6687,#6688);
#5341=AXIS2_PLACEMENT_3D('',#8612,#6689,#6690);
#5342=AXIS2_PLACEMENT_3D('',#8614,#6692,#6693);
#5343=AXIS2_PLACEMENT_3D('',#8617,#6694,#6695);
#5344=AXIS2_PLACEMENT_3D('',#8620,#6698,#6699);
#5345=AXIS2_PLACEMENT_3D('',#8624,#6702,#6703);
#5346=AXIS2_PLACEMENT_3D('',#8626,#6704,#6705);
#5347=AXIS2_PLACEMENT_3D('',#8628,#6707,#6708);
#5348=AXIS2_PLACEMENT_3D('',#8632,#6711,#6712);
#5349=AXIS2_PLACEMENT_3D('',#8634,#6713,#6714);
#5350=AXIS2_PLACEMENT_3D('',#8636,#6716,#6717);
#5351=AXIS2_PLACEMENT_3D('',#8640,#6720,#6721);
#5352=AXIS2_PLACEMENT_3D('',#8642,#6722,#6723);
#5353=AXIS2_PLACEMENT_3D('',#8644,#6725,#6726);
#5354=AXIS2_PLACEMENT_3D('',#8652,#6733,#6734);
#5355=AXIS2_PLACEMENT_3D('',#8654,#6735,#6736);
#5356=AXIS2_PLACEMENT_3D('',#8656,#6738,#6739);
#5357=AXIS2_PLACEMENT_3D('',#8685,#6742,#6743);
#5358=AXIS2_PLACEMENT_3D('',#8686,#6744,#6745);
#5359=AXIS2_PLACEMENT_3D('',#8687,#6746,#6747);
#5360=AXIS2_PLACEMENT_3D('',#8689,#6748,#6749);
#5361=AXIS2_PLACEMENT_3D('',#8691,#6751,#6752);
#5362=AXIS2_PLACEMENT_3D('',#8695,#6755,#6756);
#5363=AXIS2_PLACEMENT_3D('',#8697,#6757,#6758);
#5364=AXIS2_PLACEMENT_3D('',#8699,#6760,#6761);
#5365=AXIS2_PLACEMENT_3D('',#8701,#6763,#6764);
#5366=AXIS2_PLACEMENT_3D('',#8731,#6768,#6769);
#5367=AXIS2_PLACEMENT_3D('',#8732,#6770,#6771);
#5368=AXIS2_PLACEMENT_3D('',#8733,#6772,#6773);
#5369=AXIS2_PLACEMENT_3D('',#8734,#6774,#6775);
#5370=AXIS2_PLACEMENT_3D('',#8735,#6776,#6777);
#5371=AXIS2_PLACEMENT_3D('',#8737,#6778,#6779);
#5372=AXIS2_PLACEMENT_3D('',#8739,#6781,#6782);
#5373=AXIS2_PLACEMENT_3D('',#8743,#6785,#6786);
#5374=AXIS2_PLACEMENT_3D('',#8745,#6787,#6788);
#5375=AXIS2_PLACEMENT_3D('',#8747,#6790,#6791);
#5376=AXIS2_PLACEMENT_3D('',#8751,#6794,#6795);
#5377=AXIS2_PLACEMENT_3D('',#8753,#6796,#6797);
#5378=AXIS2_PLACEMENT_3D('',#8755,#6799,#6800);
#5379=AXIS2_PLACEMENT_3D('',#8759,#6803,#6804);
#5380=AXIS2_PLACEMENT_3D('',#8760,#6805,#6806);
#5381=AXIS2_PLACEMENT_3D('',#8761,#6807,#6808);
#5382=AXIS2_PLACEMENT_3D('',#8763,#6809,#6810);
#5383=AXIS2_PLACEMENT_3D('',#8765,#6812,#6813);
#5384=AXIS2_PLACEMENT_3D('',#8769,#6816,#6817);
#5385=AXIS2_PLACEMENT_3D('',#8771,#6818,#6819);
#5386=AXIS2_PLACEMENT_3D('',#8773,#6821,#6822);
#5387=AXIS2_PLACEMENT_3D('',#8777,#6825,#6826);
#5388=AXIS2_PLACEMENT_3D('',#8779,#6827,#6828);
#5389=AXIS2_PLACEMENT_3D('',#8781,#6830,#6831);
#5390=AXIS2_PLACEMENT_3D('',#8785,#6834,#6835);
#5391=AXIS2_PLACEMENT_3D('',#8786,#6836,#6837);
#5392=AXIS2_PLACEMENT_3D('',#8787,#6838,#6839);
#5393=AXIS2_PLACEMENT_3D('',#8789,#6840,#6841);
#5394=AXIS2_PLACEMENT_3D('',#8791,#6843,#6844);
#5395=AXIS2_PLACEMENT_3D('',#8795,#6847,#6848);
#5396=AXIS2_PLACEMENT_3D('',#8796,#6849,#6850);
#5397=AXIS2_PLACEMENT_3D('',#8797,#6851,#6852);
#5398=AXIS2_PLACEMENT_3D('',#8798,#6853,#6854);
#5399=AXIS2_PLACEMENT_3D('',#8799,#6855,#6856);
#5400=AXIS2_PLACEMENT_3D('',#8800,#6857,#6858);
#5401=AXIS2_PLACEMENT_3D('',#8802,#6859,#6860);
#5402=AXIS2_PLACEMENT_3D('',#8803,#6861,#6862);
#5403=AXIS2_PLACEMENT_3D('',#8804,#6863,#6864);
#5404=AXIS2_PLACEMENT_3D('',#8807,#6866,#6867);
#5405=AXIS2_PLACEMENT_3D('',#8808,#6868,#6869);
#5406=AXIS2_PLACEMENT_3D('',#8836,#6871,#6872);
#5407=AXIS2_PLACEMENT_3D('',#8837,#6873,#6874);
#5408=AXIS2_PLACEMENT_3D('',#8838,#6875,#6876);
#5409=AXIS2_PLACEMENT_3D('',#8840,#6877,#6878);
#5410=AXIS2_PLACEMENT_3D('',#8868,#6880,#6881);
#5411=AXIS2_PLACEMENT_3D('',#8869,#6882,#6883);
#5412=AXIS2_PLACEMENT_3D('',#8870,#6884,#6885);
#5413=AXIS2_PLACEMENT_3D('',#8872,#6887,#6888);
#5414=AXIS2_PLACEMENT_3D('',#8875,#6890,#6891);
#5415=AXIS2_PLACEMENT_3D('',#8876,#6892,#6893);
#5416=AXIS2_PLACEMENT_3D('',#8877,#6894,#6895);
#5417=AXIS2_PLACEMENT_3D('',#8878,#6896,#6897);
#5418=AXIS2_PLACEMENT_3D('',#8879,#6898,#6899);
#5419=AXIS2_PLACEMENT_3D('',#8880,#6900,#6901);
#5420=AXIS2_PLACEMENT_3D('',#8881,#6902,#6903);
#5421=AXIS2_PLACEMENT_3D('',#8882,#6904,#6905);
#5422=AXIS2_PLACEMENT_3D('',#8883,#6906,#6907);
#5423=AXIS2_PLACEMENT_3D('',#8884,#6908,#6909);
#5424=AXIS2_PLACEMENT_3D('',#8885,#6910,#6911);
#5425=AXIS2_PLACEMENT_3D('',#8886,#6912,#6913);
#5426=AXIS2_PLACEMENT_3D('',#8887,#6914,#6915);
#5427=AXIS2_PLACEMENT_3D('',#8888,#6916,#6917);
#5428=AXIS2_PLACEMENT_3D('',#8889,#6918,#6919);
#5429=AXIS2_PLACEMENT_3D('',#8890,#6920,#6921);
#5430=AXIS2_PLACEMENT_3D('',#8891,#6922,#6923);
#5431=AXIS2_PLACEMENT_3D('',#8892,#6924,#6925);
#5432=AXIS2_PLACEMENT_3D('',#8893,#6926,#6927);
#5433=AXIS2_PLACEMENT_3D('',#8894,#6928,#6929);
#5434=AXIS2_PLACEMENT_3D('',#8895,#6930,#6931);
#5435=AXIS2_PLACEMENT_3D('',#8896,#6932,#6933);
#5436=AXIS2_PLACEMENT_3D('',#8897,#6934,#6935);
#5437=AXIS2_PLACEMENT_3D('',#8898,#6936,#6937);
#5438=AXIS2_PLACEMENT_3D('',#8899,#6938,#6939);
#5439=AXIS2_PLACEMENT_3D('',#8900,#6940,#6941);
#5440=AXIS2_PLACEMENT_3D('',#8901,#6942,#6943);
#5441=AXIS2_PLACEMENT_3D('',#8902,#6944,#6945);
#5442=AXIS2_PLACEMENT_3D('',#8903,#6946,#6947);
#5443=AXIS2_PLACEMENT_3D('',#8904,#6948,#6949);
#5444=AXIS2_PLACEMENT_3D('',#8905,#6950,#6951);
#5445=AXIS2_PLACEMENT_3D('',#8906,#6952,#6953);
#5446=AXIS2_PLACEMENT_3D('',#8907,#6954,#6955);
#5447=AXIS2_PLACEMENT_3D('',#8908,#6956,#6957);
#5448=AXIS2_PLACEMENT_3D('',#8909,#6958,#6959);
#5449=AXIS2_PLACEMENT_3D('',#8910,#6960,#6961);
#5450=AXIS2_PLACEMENT_3D('',#8911,#6962,#6963);
#5451=AXIS2_PLACEMENT_3D('',#8912,#6964,#6965);
#5452=AXIS2_PLACEMENT_3D('',#8913,#6966,#6967);
#5453=AXIS2_PLACEMENT_3D('',#8914,#6968,#6969);
#5454=AXIS2_PLACEMENT_3D('',#8915,#6970,#6971);
#5455=AXIS2_PLACEMENT_3D('',#8916,#6972,#6973);
#5456=AXIS2_PLACEMENT_3D('',#8917,#6974,#6975);
#5457=AXIS2_PLACEMENT_3D('',#8918,#6976,#6977);
#5458=AXIS2_PLACEMENT_3D('',#8919,#6978,#6979);
#5459=AXIS2_PLACEMENT_3D('',#8920,#6980,#6981);
#5460=AXIS2_PLACEMENT_3D('',#8921,#6982,#6983);
#5461=AXIS2_PLACEMENT_3D('',#8922,#6984,#6985);
#5462=AXIS2_PLACEMENT_3D('',#8923,#6986,#6987);
#5463=AXIS2_PLACEMENT_3D('',#8924,#6988,#6989);
#5464=AXIS2_PLACEMENT_3D('',#8925,#6990,#6991);
#5465=AXIS2_PLACEMENT_3D('',#8926,#6992,#6993);
#5466=AXIS2_PLACEMENT_3D('',#8927,#6994,#6995);
#5467=AXIS2_PLACEMENT_3D('',#8928,#6996,#6997);
#5468=AXIS2_PLACEMENT_3D('',#8929,#6998,#6999);
#5469=AXIS2_PLACEMENT_3D('',#8930,#7000,#7001);
#5470=AXIS2_PLACEMENT_3D('',#8931,#7002,#7003);
#5471=AXIS2_PLACEMENT_3D('',#8932,#7004,#7005);
#5472=AXIS2_PLACEMENT_3D('',#8933,#7006,#7007);
#5473=AXIS2_PLACEMENT_3D('',#8934,#7008,#7009);
#5474=AXIS2_PLACEMENT_3D('',#8935,#7010,#7011);
#5475=AXIS2_PLACEMENT_3D('',#8936,#7012,#7013);
#5476=AXIS2_PLACEMENT_3D('',#8937,#7014,#7015);
#5477=AXIS2_PLACEMENT_3D('',#8938,#7016,#7017);
#5478=AXIS2_PLACEMENT_3D('',#8939,#7018,#7019);
#5479=AXIS2_PLACEMENT_3D('',#8940,#7020,#7021);
#5480=AXIS2_PLACEMENT_3D('',#8941,#7022,#7023);
#5481=AXIS2_PLACEMENT_3D('',#8942,#7024,#7025);
#5482=AXIS2_PLACEMENT_3D('',#8943,#7026,#7027);
#5483=AXIS2_PLACEMENT_3D('',#8944,#7028,#7029);
#5484=AXIS2_PLACEMENT_3D('',#8945,#7030,#7031);
#5485=AXIS2_PLACEMENT_3D('',#8946,#7032,#7033);
#5486=AXIS2_PLACEMENT_3D('',#8947,#7034,#7035);
#5487=AXIS2_PLACEMENT_3D('',#8948,#7036,#7037);
#5488=AXIS2_PLACEMENT_3D('',#8949,#7038,#7039);
#5489=AXIS2_PLACEMENT_3D('',#8950,#7040,#7041);
#5490=AXIS2_PLACEMENT_3D('',#8951,#7042,#7043);
#5491=AXIS2_PLACEMENT_3D('',#8952,#7044,#7045);
#5492=AXIS2_PLACEMENT_3D('',#8953,#7046,#7047);
#5493=AXIS2_PLACEMENT_3D('',#8954,#7048,#7049);
#5494=AXIS2_PLACEMENT_3D('',#8955,#7050,#7051);
#5495=AXIS2_PLACEMENT_3D('',#8956,#7052,#7053);
#5496=AXIS2_PLACEMENT_3D('',#8957,#7054,#7055);
#5497=AXIS2_PLACEMENT_3D('',#8958,#7056,#7057);
#5498=AXIS2_PLACEMENT_3D('',#8959,#7058,#7059);
#5499=AXIS2_PLACEMENT_3D('',#8960,#7060,#7061);
#5500=AXIS2_PLACEMENT_3D('',#8961,#7062,#7063);
#5501=AXIS2_PLACEMENT_3D('',#8962,#7064,#7065);
#5502=AXIS2_PLACEMENT_3D('',#8963,#7066,#7067);
#5503=AXIS2_PLACEMENT_3D('',#8964,#7068,#7069);
#5504=AXIS2_PLACEMENT_3D('',#8965,#7070,#7071);
#5505=AXIS2_PLACEMENT_3D('',#8966,#7072,#7073);
#5506=AXIS2_PLACEMENT_3D('',#8967,#7074,#7075);
#5507=AXIS2_PLACEMENT_3D('',#8968,#7076,#7077);
#5508=AXIS2_PLACEMENT_3D('',#8969,#7078,#7079);
#5509=AXIS2_PLACEMENT_3D('',#8970,#7080,#7081);
#5510=AXIS2_PLACEMENT_3D('',#8971,#7082,#7083);
#5511=AXIS2_PLACEMENT_3D('',#8972,#7084,#7085);
#5512=AXIS2_PLACEMENT_3D('',#8973,#7086,#7087);
#5513=AXIS2_PLACEMENT_3D('',#8974,#7088,#7089);
#5514=AXIS2_PLACEMENT_3D('',#8975,#7090,#7091);
#5515=AXIS2_PLACEMENT_3D('',#8976,#7092,#7093);
#5516=AXIS2_PLACEMENT_3D('',#8977,#7094,#7095);
#5517=AXIS2_PLACEMENT_3D('',#8978,#7096,#7097);
#5518=AXIS2_PLACEMENT_3D('',#8979,#7098,#7099);
#5519=AXIS2_PLACEMENT_3D('',#8980,#7100,#7101);
#5520=AXIS2_PLACEMENT_3D('',#8981,#7102,#7103);
#5521=AXIS2_PLACEMENT_3D('',#8982,#7104,#7105);
#5522=AXIS2_PLACEMENT_3D('',#8983,#7106,#7107);
#5523=AXIS2_PLACEMENT_3D('',#8984,#7108,#7109);
#5524=AXIS2_PLACEMENT_3D('',#8985,#7110,#7111);
#5525=AXIS2_PLACEMENT_3D('',#8986,#7112,#7113);
#5526=AXIS2_PLACEMENT_3D('',#8987,#7114,#7115);
#5527=AXIS2_PLACEMENT_3D('',#8988,#7116,#7117);
#5528=AXIS2_PLACEMENT_3D('',#8989,#7118,#7119);
#5529=AXIS2_PLACEMENT_3D('',#8990,#7120,#7121);
#5530=AXIS2_PLACEMENT_3D('',#8991,#7122,#7123);
#5531=AXIS2_PLACEMENT_3D('',#8992,#7124,#7125);
#5532=AXIS2_PLACEMENT_3D('',#8993,#7126,#7127);
#5533=AXIS2_PLACEMENT_3D('',#8994,#7128,#7129);
#5534=AXIS2_PLACEMENT_3D('',#8995,#7130,#7131);
#5535=AXIS2_PLACEMENT_3D('',#8996,#7132,#7133);
#5536=AXIS2_PLACEMENT_3D('',#8997,#7134,#7135);
#5537=AXIS2_PLACEMENT_3D('',#8998,#7136,#7137);
#5538=AXIS2_PLACEMENT_3D('',#8999,#7138,#7139);
#5539=AXIS2_PLACEMENT_3D('',#9000,#7140,#7141);
#5540=AXIS2_PLACEMENT_3D('',#9001,#7142,#7143);
#5541=AXIS2_PLACEMENT_3D('',#9002,#7144,#7145);
#5542=AXIS2_PLACEMENT_3D('',#9003,#7146,#7147);
#5543=AXIS2_PLACEMENT_3D('',#9004,#7148,#7149);
#5544=AXIS2_PLACEMENT_3D('',#9005,#7150,#7151);
#5545=AXIS2_PLACEMENT_3D('',#9006,#7152,#7153);
#5546=AXIS2_PLACEMENT_3D('',#9007,#7154,#7155);
#5547=AXIS2_PLACEMENT_3D('',#9008,#7156,#7157);
#5548=AXIS2_PLACEMENT_3D('',#9009,#7158,#7159);
#5549=AXIS2_PLACEMENT_3D('',#9010,#7160,#7161);
#5550=AXIS2_PLACEMENT_3D('',#9011,#7162,#7163);
#5551=AXIS2_PLACEMENT_3D('',#9012,#7164,#7165);
#5552=AXIS2_PLACEMENT_3D('',#9013,#7166,#7167);
#5553=AXIS2_PLACEMENT_3D('',#9014,#7168,#7169);
#5554=AXIS2_PLACEMENT_3D('',#9015,#7170,#7171);
#5555=AXIS2_PLACEMENT_3D('',#9016,#7172,#7173);
#5556=AXIS2_PLACEMENT_3D('',#9017,#7174,#7175);
#5557=AXIS2_PLACEMENT_3D('',#9018,#7176,#7177);
#5558=AXIS2_PLACEMENT_3D('',#9019,#7178,#7179);
#5559=AXIS2_PLACEMENT_3D('',#9020,#7180,#7181);
#5560=AXIS2_PLACEMENT_3D('',#9021,#7182,#7183);
#5561=AXIS2_PLACEMENT_3D('',#9022,#7184,#7185);
#5562=AXIS2_PLACEMENT_3D('',#9023,#7186,#7187);
#5563=AXIS2_PLACEMENT_3D('',#9024,#7188,#7189);
#5564=AXIS2_PLACEMENT_3D('',#9025,#7190,#7191);
#5565=AXIS2_PLACEMENT_3D('',#9026,#7192,#7193);
#5566=AXIS2_PLACEMENT_3D('',#9027,#7194,#7195);
#5567=AXIS2_PLACEMENT_3D('',#9028,#7196,#7197);
#5568=AXIS2_PLACEMENT_3D('',#9029,#7198,#7199);
#5569=AXIS2_PLACEMENT_3D('',#9030,#7200,#7201);
#5570=AXIS2_PLACEMENT_3D('',#9031,#7202,#7203);
#5571=AXIS2_PLACEMENT_3D('',#9032,#7204,#7205);
#5572=AXIS2_PLACEMENT_3D('',#9033,#7206,#7207);
#5573=AXIS2_PLACEMENT_3D('',#9034,#7208,#7209);
#5574=AXIS2_PLACEMENT_3D('',#9035,#7210,#7211);
#5575=AXIS2_PLACEMENT_3D('',#9036,#7212,#7213);
#5576=AXIS2_PLACEMENT_3D('',#9037,#7214,#7215);
#5577=AXIS2_PLACEMENT_3D('',#9038,#7216,#7217);
#5578=AXIS2_PLACEMENT_3D('',#9039,#7218,#7219);
#5579=AXIS2_PLACEMENT_3D('',#9040,#7220,#7221);
#5580=AXIS2_PLACEMENT_3D('',#9041,#7222,#7223);
#5581=AXIS2_PLACEMENT_3D('',#9042,#7224,#7225);
#5582=AXIS2_PLACEMENT_3D('',#9043,#7226,#7227);
#5583=AXIS2_PLACEMENT_3D('',#9044,#7228,#7229);
#5584=AXIS2_PLACEMENT_3D('',#9045,#7230,#7231);
#5585=AXIS2_PLACEMENT_3D('',#9046,#7232,#7233);
#5586=AXIS2_PLACEMENT_3D('',#9047,#7234,#7235);
#5587=AXIS2_PLACEMENT_3D('',#9048,#7236,#7237);
#5588=AXIS2_PLACEMENT_3D('',#9049,#7238,#7239);
#5589=AXIS2_PLACEMENT_3D('',#9050,#7240,#7241);
#5590=AXIS2_PLACEMENT_3D('',#9051,#7242,#7243);
#5591=AXIS2_PLACEMENT_3D('',#9052,#7244,#7245);
#5592=AXIS2_PLACEMENT_3D('',#9053,#7246,#7247);
#5593=AXIS2_PLACEMENT_3D('',#9054,#7248,#7249);
#5594=AXIS2_PLACEMENT_3D('',#9055,#7250,#7251);
#5595=AXIS2_PLACEMENT_3D('',#9057,#7253,#7254);
#5596=AXIS2_PLACEMENT_3D('',#9059,#7256,#7257);
#5597=AXIS2_PLACEMENT_3D('',#9061,#7259,#7260);
#5598=AXIS2_PLACEMENT_3D('',#9063,#7262,#7263);
#5599=AXIS2_PLACEMENT_3D('',#9065,#7265,#7266);
#5600=AXIS2_PLACEMENT_3D('',#9067,#7268,#7269);
#5601=DIRECTION('axis',(0.,0.,1.));
#5602=DIRECTION('refdir',(1.,0.,0.));
#5603=DIRECTION('center_axis',(1.,0.,0.));
#5604=DIRECTION('ref_axis',(0.,0.707106781186554,-0.707106781186541));
#5605=DIRECTION('',(1.,0.,0.));
#5606=DIRECTION('',(-1.,0.,0.));
#5607=DIRECTION('center_axis',(0.,1.,0.));
#5608=DIRECTION('ref_axis',(-1.,0.,0.));
#5609=DIRECTION('',(0.,0.,1.));
#5610=DIRECTION('',(0.,0.,1.));
#5611=DIRECTION('',(1.,0.,0.));
#5612=DIRECTION('',(0.,0.,1.));
#5613=DIRECTION('',(-1.,0.,0.));
#5614=DIRECTION('',(0.,0.,1.));
#5615=DIRECTION('',(1.,0.,0.));
#5616=DIRECTION('center_axis',(-1.,3.50262612521E-17,0.));
#5617=DIRECTION('ref_axis',(0.,-0.707106781186554,-0.707106781186541));
#5618=DIRECTION('',(-1.,3.50262612521E-17,0.));
#5619=DIRECTION('',(1.,-3.50262612521E-17,0.));
#5620=DIRECTION('center_axis',(-3.50262612521E-17,-1.,0.));
#5621=DIRECTION('ref_axis',(1.,-3.50262612521E-17,0.));
#5622=DIRECTION('',(0.,0.,1.));
#5623=DIRECTION('',(0.,0.,1.));
#5624=DIRECTION('',(-1.,3.50262612521E-17,0.));
#5625=DIRECTION('',(0.,0.,-1.));
#5626=DIRECTION('',(1.,-3.50262612521E-17,0.));
#5627=DIRECTION('',(0.,0.,1.));
#5628=DIRECTION('',(-1.,3.50262612521E-17,0.));
#5629=DIRECTION('',(0.,0.,-1.));
#5630=DIRECTION('',(1.,-3.50262612521E-17,0.));
#5631=DIRECTION('',(0.,0.,1.));
#5632=DIRECTION('',(-1.,3.50262612521E-17,0.));
#5633=DIRECTION('',(0.,0.,-1.));
#5634=DIRECTION('',(1.,-3.50262612521E-17,0.));
#5635=DIRECTION('',(0.,0.,1.));
#5636=DIRECTION('',(-1.,3.50262612521E-17,0.));
#5637=DIRECTION('',(0.,0.,-1.));
#5638=DIRECTION('',(1.,-3.50262612521E-17,0.));
#5639=DIRECTION('',(0.,0.,1.));
#5640=DIRECTION('',(-1.,3.50262612521E-17,0.));
#5641=DIRECTION('',(0.,0.,-1.));
#5642=DIRECTION('',(1.,-3.50262612521E-17,0.));
#5643=DIRECTION('',(0.,0.,1.));
#5644=DIRECTION('',(-1.,3.50262612521E-17,0.));
#5645=DIRECTION('center_axis',(0.,0.,1.));
#5646=DIRECTION('ref_axis',(-1.,0.,0.));
#5647=DIRECTION('center_axis',(0.,0.,-1.));
#5648=DIRECTION('ref_axis',(-0.707106781186568,0.707106781186527,0.));
#5649=DIRECTION('',(0.,1.,0.));
#5650=DIRECTION('center_axis',(0.,0.,-1.));
#5651=DIRECTION('ref_axis',(-0.707106781186547,-0.707106781186547,0.));
#5652=DIRECTION('center_axis',(0.,0.,-1.));
#5653=DIRECTION('ref_axis',(0.707106781186527,-0.707106781186569,0.));
#5654=DIRECTION('',(0.,-1.,0.));
#5655=DIRECTION('center_axis',(0.,0.,-1.));
#5656=DIRECTION('ref_axis',(0.707106781186527,0.707106781186568,0.));
#5657=DIRECTION('center_axis',(0.,0.,1.));
#5658=DIRECTION('ref_axis',(-0.707106781186568,0.707106781186527,0.));
#5659=DIRECTION('center_axis',(0.,0.,-1.));
#5660=DIRECTION('ref_axis',(-0.707106781186568,0.707106781186527,0.));
#5661=DIRECTION('',(0.,0.,1.));
#5662=DIRECTION('center_axis',(0.,0.,-1.));
#5663=DIRECTION('ref_axis',(0.707106781186527,0.707106781186568,0.));
#5664=DIRECTION('',(0.,0.,-1.));
#5665=DIRECTION('center_axis',(0.,0.,-1.));
#5666=DIRECTION('ref_axis',(0.707106781186527,0.707106781186568,0.));
#5667=DIRECTION('center_axis',(-1.,0.,0.));
#5668=DIRECTION('ref_axis',(0.,0.,-1.));
#5669=DIRECTION('',(0.,0.,1.));
#5670=DIRECTION('',(0.,-1.,0.));
#5671=DIRECTION('center_axis',(0.,0.,1.));
#5672=DIRECTION('ref_axis',(0.707106781186527,-0.707106781186569,0.));
#5673=DIRECTION('center_axis',(0.,0.,-1.));
#5674=DIRECTION('ref_axis',(0.707106781186527,-0.707106781186569,0.));
#5675=DIRECTION('center_axis',(0.,0.,-1.));
#5676=DIRECTION('ref_axis',(-0.707106781186547,-0.707106781186547,0.));
#5677=DIRECTION('',(0.,0.,-1.));
#5678=DIRECTION('center_axis',(0.,0.,-1.));
#5679=DIRECTION('ref_axis',(-0.707106781186547,-0.707106781186547,0.));
#5680=DIRECTION('center_axis',(1.,0.,0.));
#5681=DIRECTION('ref_axis',(0.,0.,1.));
#5682=DIRECTION('',(0.,1.,0.));
#5683=DIRECTION('center_axis',(0.,0.,1.));
#5684=DIRECTION('ref_axis',(1.,0.,0.));
#5685=DIRECTION('',(1.,-3.50262612521E-17,0.));
#5686=DIRECTION('center_axis',(0.,0.,1.));
#5687=DIRECTION('ref_axis',(-0.707106781186548,-0.707106781186548,0.));
#5688=DIRECTION('',(0.,-1.,0.));
#5689=DIRECTION('center_axis',(0.,0.,-1.));
#5690=DIRECTION('ref_axis',(0.707106781186548,0.707106781186548,0.));
#5691=DIRECTION('',(1.,0.,0.));
#5692=DIRECTION('center_axis',(0.,0.,-1.));
#5693=DIRECTION('ref_axis',(-0.707106781186548,0.707106781186548,0.));
#5694=DIRECTION('',(0.,1.,0.));
#5695=DIRECTION('center_axis',(0.,0.,1.));
#5696=DIRECTION('ref_axis',(0.707106781186548,-0.707106781186548,0.));
#5697=DIRECTION('',(1.,-3.50262612521E-17,0.));
#5698=DIRECTION('center_axis',(0.,0.,1.));
#5699=DIRECTION('ref_axis',(-0.707106781186548,-0.707106781186548,0.));
#5700=DIRECTION('',(0.,-1.,0.));
#5701=DIRECTION('center_axis',(0.,0.,-1.));
#5702=DIRECTION('ref_axis',(0.707106781186546,0.707106781186549,0.));
#5703=DIRECTION('',(1.,0.,0.));
#5704=DIRECTION('center_axis',(0.,0.,-1.));
#5705=DIRECTION('ref_axis',(-0.707106781186546,0.707106781186549,0.));
#5706=DIRECTION('',(1.64953447878294E-15,1.,0.));
#5707=DIRECTION('center_axis',(0.,0.,1.));
#5708=DIRECTION('ref_axis',(0.707106781186548,-0.707106781186548,0.));
#5709=DIRECTION('',(1.,-3.50262612521E-17,0.));
#5710=DIRECTION('center_axis',(0.,0.,-1.));
#5711=DIRECTION('ref_axis',(-0.707106781186547,0.707106781186547,0.));
#5712=DIRECTION('',(-3.67015875909142E-16,1.,0.));
#5713=DIRECTION('',(1.,0.,0.));
#5714=DIRECTION('center_axis',(0.,0.,-1.));
#5715=DIRECTION('ref_axis',(-0.707106781186548,0.707106781186548,0.));
#5716=DIRECTION('',(0.,1.,0.));
#5717=DIRECTION('center_axis',(0.,0.,-1.));
#5718=DIRECTION('ref_axis',(-0.70710678118655,-0.707106781186545,0.));
#5719=DIRECTION('',(-1.,0.,0.));
#5720=DIRECTION('',(-3.67015875909142E-16,1.,0.));
#5721=DIRECTION('center_axis',(0.,0.,-1.));
#5722=DIRECTION('ref_axis',(-0.707106781186548,-0.707106781186547,0.));
#5723=DIRECTION('',(-1.,-3.50262612521E-16,0.));
#5724=DIRECTION('center_axis',(0.,0.,1.));
#5725=DIRECTION('ref_axis',(0.447213595499908,0.894427190999941,0.));
#5726=DIRECTION('',(1.64953447878294E-15,1.,0.));
#5727=DIRECTION('center_axis',(0.,0.,-1.));
#5728=DIRECTION('ref_axis',(-0.707106781186548,-0.707106781186548,0.));
#5729=DIRECTION('',(-1.,0.,0.));
#5730=DIRECTION('center_axis',(0.,0.,-1.));
#5731=DIRECTION('ref_axis',(0.707106781186548,-0.707106781186548,0.));
#5732=DIRECTION('',(0.,-1.,0.));
#5733=DIRECTION('center_axis',(0.,0.,1.));
#5734=DIRECTION('ref_axis',(-0.707106781186548,0.707106781186548,0.));
#5735=DIRECTION('',(-1.,-3.50262612521E-16,0.));
#5736=DIRECTION('center_axis',(0.,0.,1.));
#5737=DIRECTION('ref_axis',(0.707106781186548,0.707106781186548,0.));
#5738=DIRECTION('',(0.,1.,0.));
#5739=DIRECTION('center_axis',(0.,0.,-1.));
#5740=DIRECTION('ref_axis',(-0.707106781186548,-0.707106781186548,0.));
#5741=DIRECTION('',(-1.,0.,0.));
#5742=DIRECTION('center_axis',(0.,0.,-1.));
#5743=DIRECTION('ref_axis',(0.707106781186548,-0.707106781186548,0.));
#5744=DIRECTION('',(0.,-1.,0.));
#5745=DIRECTION('center_axis',(0.,0.,1.));
#5746=DIRECTION('ref_axis',(-0.707106781186548,0.707106781186548,0.));
#5747=DIRECTION('',(-1.,-3.50262612521E-16,0.));
#5748=DIRECTION('center_axis',(0.,0.,1.));
#5749=DIRECTION('ref_axis',(0.707106781186548,0.707106781186548,0.));
#5750=DIRECTION('',(0.,1.,0.));
#5751=DIRECTION('center_axis',(0.,0.,-1.));
#5752=DIRECTION('ref_axis',(-0.707106781186542,-0.707106781186553,0.));
#5753=DIRECTION('',(-1.,0.,0.));
#5754=DIRECTION('center_axis',(0.,0.,-1.));
#5755=DIRECTION('ref_axis',(0.707106781186542,-0.707106781186553,0.));
#5756=DIRECTION('',(0.,-1.,0.));
#5757=DIRECTION('center_axis',(0.,0.,1.));
#5758=DIRECTION('ref_axis',(-0.707106781186548,0.707106781186548,0.));
#5759=DIRECTION('',(-1.,-3.50262612521E-16,0.));
#5760=DIRECTION('center_axis',(0.,0.,1.));
#5761=DIRECTION('ref_axis',(0.707106781186548,0.707106781186548,0.));
#5762=DIRECTION('',(0.,1.,0.));
#5763=DIRECTION('center_axis',(0.,0.,-1.));
#5764=DIRECTION('ref_axis',(-0.707106781186542,-0.707106781186553,0.));
#5765=DIRECTION('',(-1.,0.,0.));
#5766=DIRECTION('center_axis',(0.,0.,-1.));
#5767=DIRECTION('ref_axis',(0.707106781186542,-0.707106781186553,0.));
#5768=DIRECTION('',(0.,1.,0.));
#5769=DIRECTION('center_axis',(0.,0.,1.));
#5770=DIRECTION('ref_axis',(-0.447213595499958,0.894427190999916,0.));
#5771=DIRECTION('',(-1.,-3.50262612521E-16,0.));
#5772=DIRECTION('center_axis',(0.,0.,-1.));
#5773=DIRECTION('ref_axis',(0.707106781186548,-0.707106781186548,0.));
#5774=DIRECTION('',(0.,-1.,0.));
#5775=DIRECTION('',(-1.,8.88178419700128E-15,0.));
#5776=DIRECTION('center_axis',(0.,0.,-1.));
#5777=DIRECTION('ref_axis',(0.707106781186565,-0.70710678118653,0.));
#5778=DIRECTION('',(0.,-1.,0.));
#5779=DIRECTION('center_axis',(0.,0.,-1.));
#5780=DIRECTION('ref_axis',(0.70710678118653,0.707106781186565,0.));
#5781=DIRECTION('',(1.,0.,0.));
#5782=DIRECTION('',(0.,-1.,0.));
#5783=DIRECTION('center_axis',(0.,0.,-1.));
#5784=DIRECTION('ref_axis',(0.707106781186552,0.707106781186544,0.));
#5785=DIRECTION('',(1.,-3.50262612521E-17,0.));
#5786=DIRECTION('center_axis',(0.,0.,1.));
#5787=DIRECTION('ref_axis',(-0.707106781186548,-0.707106781186548,0.));
#5788=DIRECTION('',(0.,-1.,0.));
#5789=DIRECTION('center_axis',(0.,0.,-1.));
#5790=DIRECTION('ref_axis',(0.70710678118654,0.707106781186555,0.));
#5791=DIRECTION('',(1.,0.,0.));
#5792=DIRECTION('center_axis',(0.,0.,-1.));
#5793=DIRECTION('ref_axis',(-0.707106781186542,0.707106781186553,0.));
#5794=DIRECTION('',(0.,1.,0.));
#5795=DIRECTION('center_axis',(0.,0.,1.));
#5796=DIRECTION('ref_axis',(0.707106781186548,-0.707106781186548,0.));
#5797=DIRECTION('',(1.,-3.50262612521E-17,0.));
#5798=DIRECTION('center_axis',(0.,0.,1.));
#5799=DIRECTION('ref_axis',(-0.707106781186548,-0.707106781186548,0.));
#5800=DIRECTION('',(0.,-1.,0.));
#5801=DIRECTION('center_axis',(0.,0.,-1.));
#5802=DIRECTION('ref_axis',(0.70710678118654,0.707106781186555,0.));
#5803=DIRECTION('',(1.,0.,0.));
#5804=DIRECTION('center_axis',(0.,0.,-1.));
#5805=DIRECTION('ref_axis',(-0.707106781186542,0.707106781186553,0.));
#5806=DIRECTION('',(0.,1.,0.));
#5807=DIRECTION('center_axis',(0.,0.,1.));
#5808=DIRECTION('ref_axis',(0.707106781186548,-0.707106781186548,0.));
#5809=DIRECTION('',(1.,-3.50262612521E-17,0.));
#5810=DIRECTION('center_axis',(0.,0.,1.));
#5811=DIRECTION('ref_axis',(1.,1.18423789293348E-14,0.));
#5812=DIRECTION('',(0.,-1.,0.));
#5813=DIRECTION('center_axis',(0.,0.,1.));
#5814=DIRECTION('ref_axis',(0.,-1.,0.));
#5815=DIRECTION('',(-1.,6.79100387804741E-17,0.));
#5816=DIRECTION('center_axis',(0.,0.,1.));
#5817=DIRECTION('ref_axis',(-1.,0.,0.));
#5818=DIRECTION('',(0.,1.,0.));
#5819=DIRECTION('center_axis',(0.,0.,1.));
#5820=DIRECTION('ref_axis',(-2.22044604925032E-15,1.,0.));
#5821=DIRECTION('center_axis',(0.,0.,-1.));
#5822=DIRECTION('ref_axis',(1.,0.,0.));
#5823=DIRECTION('center_axis',(0.,0.,-1.));
#5824=DIRECTION('ref_axis',(1.,0.,0.));
#5825=DIRECTION('center_axis',(0.,0.,-1.));
#5826=DIRECTION('ref_axis',(1.,0.,0.));
#5827=DIRECTION('center_axis',(0.,0.,-1.));
#5828=DIRECTION('ref_axis',(1.,0.,0.));
#5829=DIRECTION('',(0.,-1.,0.));
#5830=DIRECTION('center_axis',(0.,0.,-1.));
#5831=DIRECTION('ref_axis',(0.707106781186548,0.707106781186548,0.));
#5832=DIRECTION('',(1.,0.,0.));
#5833=DIRECTION('center_axis',(0.,0.,-1.));
#5834=DIRECTION('ref_axis',(-0.707106781186548,0.707106781186548,0.));
#5835=DIRECTION('',(0.,1.,0.));
#5836=DIRECTION('center_axis',(0.,0.,-1.));
#5837=DIRECTION('ref_axis',(-0.707106781186548,-0.707106781186548,0.));
#5838=DIRECTION('',(-1.,0.,0.));
#5839=DIRECTION('center_axis',(0.,0.,-1.));
#5840=DIRECTION('ref_axis',(0.707106781186548,-0.707106781186548,0.));
#5841=DIRECTION('center_axis',(0.,0.,-1.));
#5842=DIRECTION('ref_axis',(1.,0.,0.));
#5843=DIRECTION('center_axis',(0.,0.,-1.));
#5844=DIRECTION('ref_axis',(1.,0.,0.));
#5845=DIRECTION('center_axis',(0.,0.,-1.));
#5846=DIRECTION('ref_axis',(1.,0.,0.));
#5847=DIRECTION('center_axis',(0.,0.,-1.));
#5848=DIRECTION('ref_axis',(1.,0.,0.));
#5849=DIRECTION('center_axis',(1.,-3.50262612521E-17,0.));
#5850=DIRECTION('ref_axis',(-2.47673068509713E-17,-0.70710678118654,-0.707106781186555));
#5851=DIRECTION('center_axis',(1.,0.,0.));
#5852=DIRECTION('ref_axis',(0.,-1.,0.));
#5853=DIRECTION('center_axis',(1.,-3.50262612521E-17,0.));
#5854=DIRECTION('ref_axis',(-2.47673068509713E-17,-0.70710678118654,-0.707106781186555));
#5855=DIRECTION('center_axis',(-1.,0.,0.));
#5856=DIRECTION('ref_axis',(0.,0.,-1.));
#5857=DIRECTION('center_axis',(0.,0.,1.));
#5858=DIRECTION('ref_axis',(1.,0.,0.));
#5859=DIRECTION('center_axis',(0.,-1.,0.));
#5860=DIRECTION('ref_axis',(-1.,0.,0.));
#5861=DIRECTION('center_axis',(0.,0.,1.));
#5862=DIRECTION('ref_axis',(1.,0.,0.));
#5863=DIRECTION('center_axis',(0.,0.,1.));
#5864=DIRECTION('ref_axis',(1.,0.,0.));
#5865=DIRECTION('',(0.,0.,1.));
#5866=DIRECTION('center_axis',(0.,0.,1.));
#5867=DIRECTION('ref_axis',(1.,0.,0.));
#5868=DIRECTION('center_axis',(0.,0.,1.));
#5869=DIRECTION('ref_axis',(1.,0.,0.));
#5870=DIRECTION('center_axis',(0.,-1.,0.));
#5871=DIRECTION('ref_axis',(-1.,0.,0.));
#5872=DIRECTION('center_axis',(0.,0.,1.));
#5873=DIRECTION('ref_axis',(1.,0.,0.));
#5874=DIRECTION('center_axis',(0.,0.,1.));
#5875=DIRECTION('ref_axis',(1.,0.,0.));
#5876=DIRECTION('',(0.,0.,1.));
#5877=DIRECTION('center_axis',(0.,0.,1.));
#5878=DIRECTION('ref_axis',(1.,0.,0.));
#5879=DIRECTION('center_axis',(0.,0.,1.));
#5880=DIRECTION('ref_axis',(1.,0.,0.));
#5881=DIRECTION('center_axis',(0.,-1.,0.));
#5882=DIRECTION('ref_axis',(-1.,0.,0.));
#5883=DIRECTION('center_axis',(0.,0.,1.));
#5884=DIRECTION('ref_axis',(1.,0.,0.));
#5885=DIRECTION('center_axis',(0.,0.,1.));
#5886=DIRECTION('ref_axis',(1.,0.,0.));
#5887=DIRECTION('',(0.,0.,1.));
#5888=DIRECTION('center_axis',(0.,0.,1.));
#5889=DIRECTION('ref_axis',(1.,0.,0.));
#5890=DIRECTION('center_axis',(0.,0.,1.));
#5891=DIRECTION('ref_axis',(1.,0.,0.));
#5892=DIRECTION('center_axis',(0.,-1.,0.));
#5893=DIRECTION('ref_axis',(-1.,0.,0.));
#5894=DIRECTION('center_axis',(0.,0.,1.));
#5895=DIRECTION('ref_axis',(1.,0.,0.));
#5896=DIRECTION('center_axis',(0.,0.,1.));
#5897=DIRECTION('ref_axis',(1.,0.,0.));
#5898=DIRECTION('',(0.,0.,1.));
#5899=DIRECTION('center_axis',(0.,0.,1.));
#5900=DIRECTION('ref_axis',(1.,0.,0.));
#5901=DIRECTION('center_axis',(0.,0.,1.));
#5902=DIRECTION('ref_axis',(1.,0.,0.));
#5903=DIRECTION('center_axis',(0.,-1.,0.));
#5904=DIRECTION('ref_axis',(-1.,0.,0.));
#5905=DIRECTION('center_axis',(0.,0.,1.));
#5906=DIRECTION('ref_axis',(1.,0.,0.));
#5907=DIRECTION('center_axis',(0.,0.,1.));
#5908=DIRECTION('ref_axis',(1.,0.,0.));
#5909=DIRECTION('',(0.,0.,1.));
#5910=DIRECTION('center_axis',(0.,0.,1.));
#5911=DIRECTION('ref_axis',(1.,0.,0.));
#5912=DIRECTION('center_axis',(0.,0.,1.));
#5913=DIRECTION('ref_axis',(1.,0.,0.));
#5914=DIRECTION('center_axis',(0.,-1.,0.));
#5915=DIRECTION('ref_axis',(-1.,0.,0.));
#5916=DIRECTION('center_axis',(0.,0.,1.));
#5917=DIRECTION('ref_axis',(1.,0.,0.));
#5918=DIRECTION('center_axis',(0.,0.,1.));
#5919=DIRECTION('ref_axis',(1.,0.,0.));
#5920=DIRECTION('',(0.,0.,1.));
#5921=DIRECTION('center_axis',(0.,0.,1.));
#5922=DIRECTION('ref_axis',(1.,0.,0.));
#5923=DIRECTION('center_axis',(0.,0.,1.));
#5924=DIRECTION('ref_axis',(1.,0.,0.));
#5925=DIRECTION('center_axis',(0.,-1.,0.));
#5926=DIRECTION('ref_axis',(-1.,0.,0.));
#5927=DIRECTION('center_axis',(0.,0.,1.));
#5928=DIRECTION('ref_axis',(1.,0.,0.));
#5929=DIRECTION('center_axis',(0.,0.,1.));
#5930=DIRECTION('ref_axis',(1.,0.,0.));
#5931=DIRECTION('',(0.,0.,1.));
#5932=DIRECTION('center_axis',(0.,0.,1.));
#5933=DIRECTION('ref_axis',(1.,0.,0.));
#5934=DIRECTION('center_axis',(0.,0.,1.));
#5935=DIRECTION('ref_axis',(1.,0.,0.));
#5936=DIRECTION('center_axis',(0.,-1.,0.));
#5937=DIRECTION('ref_axis',(-1.,0.,0.));
#5938=DIRECTION('center_axis',(0.,0.,1.));
#5939=DIRECTION('ref_axis',(1.,0.,0.));
#5940=DIRECTION('center_axis',(0.,0.,1.));
#5941=DIRECTION('ref_axis',(1.,0.,0.));
#5942=DIRECTION('',(0.,0.,1.));
#5943=DIRECTION('center_axis',(0.,0.,1.));
#5944=DIRECTION('ref_axis',(1.,0.,0.));
#5945=DIRECTION('center_axis',(0.,0.,-1.));
#5946=DIRECTION('ref_axis',(1.,0.,0.));
#5947=DIRECTION('center_axis',(0.,0.,-1.));
#5948=DIRECTION('ref_axis',(1.,0.,0.));
#5949=DIRECTION('center_axis',(0.,0.,-1.));
#5950=DIRECTION('ref_axis',(1.,0.,0.));
#5951=DIRECTION('center_axis',(0.,0.,-1.));
#5952=DIRECTION('ref_axis',(1.,0.,0.));
#5953=DIRECTION('center_axis',(0.,0.,-1.));
#5954=DIRECTION('ref_axis',(1.,0.,0.));
#5955=DIRECTION('center_axis',(0.,0.,-1.));
#5956=DIRECTION('ref_axis',(1.,0.,0.));
#5957=DIRECTION('center_axis',(0.,0.,-1.));
#5958=DIRECTION('ref_axis',(1.,0.,0.));
#5959=DIRECTION('center_axis',(0.,0.,-1.));
#5960=DIRECTION('ref_axis',(1.,0.,0.));
#5961=DIRECTION('center_axis',(0.,0.,-1.));
#5962=DIRECTION('ref_axis',(1.,0.,0.));
#5963=DIRECTION('center_axis',(0.,0.,1.));
#5964=DIRECTION('ref_axis',(1.,0.,0.));
#5965=DIRECTION('center_axis',(0.,0.,-1.));
#5966=DIRECTION('ref_axis',(1.,0.,0.));
#5967=DIRECTION('center_axis',(0.,0.,1.));
#5968=DIRECTION('ref_axis',(1.,0.,0.));
#5969=DIRECTION('center_axis',(0.,0.,-1.));
#5970=DIRECTION('ref_axis',(1.,0.,0.));
#5971=DIRECTION('center_axis',(0.,0.,1.));
#5972=DIRECTION('ref_axis',(1.,0.,0.));
#5973=DIRECTION('center_axis',(0.,0.,-1.));
#5974=DIRECTION('ref_axis',(1.,0.,0.));
#5975=DIRECTION('center_axis',(0.,0.,1.));
#5976=DIRECTION('ref_axis',(1.,0.,0.));
#5977=DIRECTION('center_axis',(0.,0.,-1.));
#5978=DIRECTION('ref_axis',(1.,0.,0.));
#5979=DIRECTION('center_axis',(0.,0.,1.));
#5980=DIRECTION('ref_axis',(1.,0.,0.));
#5981=DIRECTION('center_axis',(0.,0.,-1.));
#5982=DIRECTION('ref_axis',(1.,0.,0.));
#5983=DIRECTION('center_axis',(0.,0.,1.));
#5984=DIRECTION('ref_axis',(1.,0.,0.));
#5985=DIRECTION('center_axis',(0.,0.,-1.));
#5986=DIRECTION('ref_axis',(1.,0.,0.));
#5987=DIRECTION('center_axis',(0.,0.,1.));
#5988=DIRECTION('ref_axis',(1.,0.,0.));
#5989=DIRECTION('center_axis',(0.,0.,-1.));
#5990=DIRECTION('ref_axis',(1.,0.,0.));
#5991=DIRECTION('center_axis',(0.,0.,1.));
#5992=DIRECTION('ref_axis',(1.,0.,0.));
#5993=DIRECTION('center_axis',(0.,0.,1.));
#5994=DIRECTION('ref_axis',(1.,0.,0.));
#5995=DIRECTION('center_axis',(0.,0.,1.));
#5996=DIRECTION('ref_axis',(1.,0.,0.));
#5997=DIRECTION('',(0.,0.,1.));
#5998=DIRECTION('center_axis',(0.,0.,1.));
#5999=DIRECTION('ref_axis',(1.,0.,0.));
#6000=DIRECTION('center_axis',(0.,0.,1.));
#6001=DIRECTION('ref_axis',(1.,0.,0.));
#6002=DIRECTION('',(0.,0.,1.));
#6003=DIRECTION('center_axis',(0.,0.,1.));
#6004=DIRECTION('ref_axis',(1.,0.,0.));
#6005=DIRECTION('center_axis',(0.,0.,1.));
#6006=DIRECTION('ref_axis',(1.,0.,0.));
#6007=DIRECTION('',(0.,0.,1.));
#6008=DIRECTION('center_axis',(0.,0.,1.));
#6009=DIRECTION('ref_axis',(1.,0.,0.));
#6010=DIRECTION('center_axis',(0.,0.,1.));
#6011=DIRECTION('ref_axis',(1.,0.,0.));
#6012=DIRECTION('',(0.,0.,1.));
#6013=DIRECTION('center_axis',(0.,0.,-1.));
#6014=DIRECTION('ref_axis',(-0.707106781186547,0.707106781186547,0.));
#6015=DIRECTION('center_axis',(0.,0.,1.));
#6016=DIRECTION('ref_axis',(-0.707106781186547,0.707106781186547,0.));
#6017=DIRECTION('',(0.,0.,1.));
#6018=DIRECTION('center_axis',(0.,0.,-1.));
#6019=DIRECTION('ref_axis',(-1.,0.,0.));
#6020=DIRECTION('',(0.,0.,-1.));
#6021=DIRECTION('center_axis',(0.,0.,-1.));
#6022=DIRECTION('ref_axis',(0.707106781186547,0.707106781186547,0.));
#6023=DIRECTION('center_axis',(0.,1.1686558153949E-15,1.));
#6024=DIRECTION('ref_axis',(0.707106781186547,0.707106781186547,-8.26364451938828E-16));
#6025=DIRECTION('',(0.,0.,1.));
#6026=DIRECTION('center_axis',(0.,0.,-1.));
#6027=DIRECTION('ref_axis',(0.,1.,0.));
#6028=DIRECTION('',(0.,0.,-1.));
#6029=DIRECTION('center_axis',(0.,0.,1.));
#6030=DIRECTION('ref_axis',(1.,0.,0.));
#6031=DIRECTION('center_axis',(0.,0.,1.));
#6032=DIRECTION('ref_axis',(1.,0.,0.));
#6033=DIRECTION('',(0.,0.,1.));
#6034=DIRECTION('center_axis',(0.,0.,1.));
#6035=DIRECTION('ref_axis',(1.,0.,0.));
#6036=DIRECTION('center_axis',(0.,0.,1.));
#6037=DIRECTION('ref_axis',(1.,0.,0.));
#6038=DIRECTION('',(0.,0.,1.));
#6039=DIRECTION('center_axis',(0.,0.,1.));
#6040=DIRECTION('ref_axis',(1.,0.,0.));
#6041=DIRECTION('center_axis',(0.,0.,1.));
#6042=DIRECTION('ref_axis',(1.,0.,0.));
#6043=DIRECTION('',(0.,0.,1.));
#6044=DIRECTION('center_axis',(0.,0.,1.));
#6045=DIRECTION('ref_axis',(1.,0.,0.));
#6046=DIRECTION('center_axis',(0.,0.,1.));
#6047=DIRECTION('ref_axis',(1.,0.,0.));
#6048=DIRECTION('',(0.,0.,1.));
#6049=DIRECTION('center_axis',(0.408248290463859,0.408248290463859,-0.81649658092773));
#6050=DIRECTION('ref_axis',(0.577350269189626,0.577350269189626,0.577350269189626));
#6051=DIRECTION('center_axis',(-1.,0.,0.));
#6052=DIRECTION('ref_axis',(0.,0.,1.));
#6053=DIRECTION('center_axis',(0.,1.,0.));
#6054=DIRECTION('ref_axis',(0.707106781186559,0.,0.707106781186536));
#6055=DIRECTION('center_axis',(-0.408248290463859,0.408248290463859,-0.81649658092773));
#6056=DIRECTION('ref_axis',(-0.577350269189657,0.57735026918961,0.57735026918961));
#6057=DIRECTION('center_axis',(1.,0.,0.));
#6058=DIRECTION('ref_axis',(0.,1.,0.));
#6059=DIRECTION('center_axis',(0.,1.,0.));
#6060=DIRECTION('ref_axis',(-0.707106781186559,0.,0.707106781186536));
#6061=DIRECTION('center_axis',(0.,0.,1.));
#6062=DIRECTION('ref_axis',(0.,-1.,0.));
#6063=DIRECTION('center_axis',(0.351123441588392,0.936329177569045,0.));
#6064=DIRECTION('ref_axis',(-0.936329177569045,0.351123441588392,0.));
#6065=DIRECTION('center_axis',(-0.93632917756904,-0.351123441588403,0.));
#6066=DIRECTION('ref_axis',(-0.351123441588403,0.93632917756904,0.));
#6067=DIRECTION('center_axis',(0.,1.,0.));
#6068=DIRECTION('ref_axis',(0.,0.,-1.));
#6069=DIRECTION('',(0.,0.,-1.));
#6070=DIRECTION('center_axis',(0.,1.,0.));
#6071=DIRECTION('ref_axis',(0.707106781186553,0.,0.707106781186542));
#6072=DIRECTION('',(-1.,0.,0.));
#6073=DIRECTION('',(-1.,0.,0.));
#6074=DIRECTION('center_axis',(0.,0.,1.));
#6075=DIRECTION('ref_axis',(0.,-1.,0.));
#6076=DIRECTION('center_axis',(0.351123441588392,0.936329177569045,0.));
#6077=DIRECTION('ref_axis',(-0.936329177569045,0.351123441588392,0.));
#6078=DIRECTION('center_axis',(-0.936329177569038,-0.35112344158841,0.));
#6079=DIRECTION('ref_axis',(-0.35112344158841,0.936329177569038,0.));
#6080=DIRECTION('center_axis',(0.,0.,1.));
#6081=DIRECTION('ref_axis',(-1.,0.,0.));
#6082=DIRECTION('center_axis',(0.936329177569044,-0.351123441588394,0.));
#6083=DIRECTION('ref_axis',(0.351123441588394,0.936329177569044,0.));
#6084=DIRECTION('center_axis',(-0.351123441588385,0.936329177569047,0.));
#6085=DIRECTION('ref_axis',(0.936329177569047,0.351123441588385,0.));
#6086=DIRECTION('center_axis',(1.,0.,0.));
#6087=DIRECTION('ref_axis',(0.,0.,-1.));
#6088=DIRECTION('',(0.,0.,-1.));
#6089=DIRECTION('center_axis',(1.,0.,0.));
#6090=DIRECTION('ref_axis',(0.,-0.707106781186552,0.707106781186543));
#6091=DIRECTION('',(0.,1.,-1.1686558153949E-15));
#6092=DIRECTION('',(0.,1.,0.));
#6093=DIRECTION('center_axis',(0.,0.,-1.));
#6094=DIRECTION('ref_axis',(1.,0.,0.));
#6095=DIRECTION('center_axis',(0.,0.,-1.));
#6096=DIRECTION('ref_axis',(1.,0.,0.));
#6097=DIRECTION('',(0.707106781186546,-8.65956056235492E-17,0.707106781186549));
#6098=DIRECTION('center_axis',(0.,0.,-1.));
#6099=DIRECTION('ref_axis',(1.,0.,0.));
#6100=DIRECTION('center_axis',(0.,0.,-1.));
#6101=DIRECTION('ref_axis',(1.,0.,0.));
#6102=DIRECTION('',(0.707106781186552,-8.65956056235499E-17,0.707106781186543));
#6103=DIRECTION('center_axis',(0.,0.,-1.));
#6104=DIRECTION('ref_axis',(1.,0.,0.));
#6105=DIRECTION('center_axis',(0.,0.,-1.));
#6106=DIRECTION('ref_axis',(1.,0.,0.));
#6107=DIRECTION('',(0.707106781186552,-8.65956056235499E-17,0.707106781186543));
#6108=DIRECTION('center_axis',(0.,0.,-1.));
#6109=DIRECTION('ref_axis',(1.,0.,0.));
#6110=DIRECTION('center_axis',(0.,0.,-1.));
#6111=DIRECTION('ref_axis',(1.,0.,0.));
#6112=DIRECTION('',(0.707106781186552,-8.65956056235499E-17,0.707106781186543));
#6113=DIRECTION('center_axis',(0.,0.,-1.));
#6114=DIRECTION('ref_axis',(0.,-1.,0.));
#6115=DIRECTION('',(0.,1.,0.));
#6116=DIRECTION('center_axis',(0.,0.,1.));
#6117=DIRECTION('ref_axis',(0.707106781186548,-0.707106781186548,0.));
#6118=DIRECTION('',(1.,3.50262612521E-16,0.));
#6119=DIRECTION('',(0.,-1.,0.));
#6120=DIRECTION('center_axis',(-1.,0.,0.));
#6121=DIRECTION('ref_axis',(0.,0.,1.));
#6122=DIRECTION('',(0.,0.,-1.));
#6123=DIRECTION('',(0.,-1.,0.));
#6124=DIRECTION('center_axis',(-1.,0.,0.));
#6125=DIRECTION('ref_axis',(0.,-0.70710678118654,0.707106781186555));
#6126=DIRECTION('center_axis',(0.,0.,1.));
#6127=DIRECTION('ref_axis',(-1.,0.,0.));
#6128=DIRECTION('center_axis',(0.936329177569045,-0.351123441588392,-6.93022807710326E-15));
#6129=DIRECTION('ref_axis',(0.351123441588392,0.936329177569045,0.));
#6130=DIRECTION('center_axis',(-0.351123441588385,0.936329177569047,0.));
#6131=DIRECTION('ref_axis',(0.936329177569047,0.351123441588385,0.));
#6132=DIRECTION('center_axis',(0.,-1.1686558153949E-15,-1.));
#6133=DIRECTION('ref_axis',(0.,1.,-1.1686558153949E-15));
#6134=DIRECTION('',(1.,3.50262612521E-16,-4.09336439038077E-31));
#6135=DIRECTION('center_axis',(0.,1.1686558153949E-15,1.));
#6136=DIRECTION('ref_axis',(-0.707106781186548,-0.707106781186547,8.26364451938827E-16));
#6137=DIRECTION('',(3.67015875909142E-16,-1.,1.1686558153949E-15));
#6138=DIRECTION('',(-1.,0.,0.));
#6139=DIRECTION('center_axis',(0.,1.,0.));
#6140=DIRECTION('ref_axis',(0.,0.,1.));
#6141=DIRECTION('',(0.,0.,-1.));
#6142=DIRECTION('',(-1.,0.,0.));
#6143=DIRECTION('center_axis',(0.,1.,0.));
#6144=DIRECTION('ref_axis',(-0.707106781186548,0.,0.707106781186547));
#6145=DIRECTION('center_axis',(0.,0.,-1.));
#6146=DIRECTION('ref_axis',(1.,0.,0.));
#6147=DIRECTION('center_axis',(0.,0.,-1.));
#6148=DIRECTION('ref_axis',(1.,0.,0.));
#6149=DIRECTION('',(0.707106781186552,-8.65956056235499E-17,0.707106781186543));
#6150=DIRECTION('center_axis',(0.,0.,-1.));
#6151=DIRECTION('ref_axis',(1.,0.,0.));
#6152=DIRECTION('center_axis',(0.,0.,-1.));
#6153=DIRECTION('ref_axis',(1.,0.,0.));
#6154=DIRECTION('',(0.707106781186546,-8.65956056235491E-17,0.707106781186549));
#6155=DIRECTION('center_axis',(0.,0.,-1.));
#6156=DIRECTION('ref_axis',(1.,0.,0.));
#6157=DIRECTION('center_axis',(0.,0.,-1.));
#6158=DIRECTION('ref_axis',(1.,0.,0.));
#6159=DIRECTION('',(0.707106781186552,-8.65956056235499E-17,0.707106781186543));
#6160=DIRECTION('center_axis',(0.,0.,-1.));
#6161=DIRECTION('ref_axis',(1.,0.,0.));
#6162=DIRECTION('center_axis',(0.,0.,-1.));
#6163=DIRECTION('ref_axis',(1.,0.,0.));
#6164=DIRECTION('',(0.707106781186552,-8.65956056235499E-17,0.707106781186543));
#6165=DIRECTION('center_axis',(1.,0.,0.));
#6166=DIRECTION('ref_axis',(0.,0.707106781186558,0.707106781186537));
#6167=DIRECTION('',(1.,0.,0.));
#6168=DIRECTION('center_axis',(0.,-1.,0.));
#6169=DIRECTION('ref_axis',(0.707106781186558,0.,0.707106781186537));
#6170=DIRECTION('',(0.,-1.,0.));
#6171=DIRECTION('center_axis',(0.,1.,0.));
#6172=DIRECTION('ref_axis',(-0.707106781186558,0.,0.707106781186537));
#6173=DIRECTION('',(0.,1.,0.));
#6174=DIRECTION('center_axis',(1.,0.,0.));
#6175=DIRECTION('ref_axis',(0.,0.707106781186558,0.707106781186537));
#6176=DIRECTION('',(1.,0.,0.));
#6177=DIRECTION('center_axis',(-1.,6.79100387804741E-17,0.));
#6178=DIRECTION('ref_axis',(-1.56025297442978E-17,-0.229752920547351,0.973248989467733));
#6179=DIRECTION('center_axis',(-1.,0.,0.));
#6180=DIRECTION('ref_axis',(0.,-0.447213595499943,0.894427190999923));
#6181=DIRECTION('',(-1.,6.79100387804741E-17,0.));
#6182=DIRECTION('center_axis',(1.,0.,0.));
#6183=DIRECTION('ref_axis',(0.,0.,1.));
#6184=DIRECTION('',(1.,-6.79100387804741E-17,0.));
#6185=DIRECTION('center_axis',(0.,0.,1.));
#6186=DIRECTION('ref_axis',(-1.,0.,0.));
#6187=DIRECTION('center_axis',(0.,0.,-1.));
#6188=DIRECTION('ref_axis',(-0.707106781186548,0.707106781186548,0.));
#6189=DIRECTION('',(1.,0.,0.));
#6190=DIRECTION('center_axis',(0.,0.,-1.));
#6191=DIRECTION('ref_axis',(0.707106781186548,0.707106781186548,0.));
#6192=DIRECTION('',(0.,-1.,0.));
#6193=DIRECTION('center_axis',(0.,0.,-1.));
#6194=DIRECTION('ref_axis',(0.707106781186548,-0.707106781186548,0.));
#6195=DIRECTION('',(-1.,0.,0.));
#6196=DIRECTION('center_axis',(0.,0.,-1.));
#6197=DIRECTION('ref_axis',(-0.707106781186548,-0.707106781186548,0.));
#6198=DIRECTION('',(0.,1.,0.));
#6199=DIRECTION('center_axis',(0.,0.,-1.));
#6200=DIRECTION('ref_axis',(-1.,0.,0.));
#6201=DIRECTION('center_axis',(0.,0.,1.));
#6202=DIRECTION('ref_axis',(0.707106781186557,0.707106781186538,0.));
#6203=DIRECTION('center_axis',(-1.,0.,0.));
#6204=DIRECTION('ref_axis',(0.,-1.,0.));
#6205=DIRECTION('center_axis',(0.,0.,-1.));
#6206=DIRECTION('ref_axis',(1.,0.,0.));
#6207=DIRECTION('center_axis',(0.,-1.,0.));
#6208=DIRECTION('ref_axis',(0.,0.,1.));
#6209=DIRECTION('center_axis',(0.,1.,0.));
#6210=DIRECTION('ref_axis',(0.707106781186553,0.,0.707106781186542));
#6211=DIRECTION('',(0.,-1.,0.));
#6212=DIRECTION('center_axis',(0.,1.,0.));
#6213=DIRECTION('ref_axis',(0.,0.,1.));
#6214=DIRECTION('center_axis',(0.,0.,1.));
#6215=DIRECTION('ref_axis',(-1.,0.,0.));
#6216=DIRECTION('center_axis',(0.,0.,-1.));
#6217=DIRECTION('ref_axis',(0.707106781186585,0.70710678118651,0.));
#6218=DIRECTION('',(0.,-1.,0.));
#6219=DIRECTION('center_axis',(0.,0.,-1.));
#6220=DIRECTION('ref_axis',(0.707106781186573,-0.707106781186523,0.));
#6221=DIRECTION('',(-1.,8.88178419700128E-15,0.));
#6222=DIRECTION('center_axis',(0.,0.,1.));
#6223=DIRECTION('ref_axis',(-0.707106781186589,0.707106781186506,0.));
#6224=DIRECTION('',(0.,-1.,0.));
#6225=DIRECTION('center_axis',(0.,0.,1.));
#6226=DIRECTION('ref_axis',(-0.707106781186568,-0.707106781186527,0.));
#6227=DIRECTION('',(1.,0.,0.));
#6228=DIRECTION('center_axis',(0.,0.,1.));
#6229=DIRECTION('ref_axis',(-0.707106781186568,-0.707106781186527,0.));
#6230=DIRECTION('center_axis',(0.316227766016827,0.,-0.948683298050517));
#6231=DIRECTION('ref_axis',(-0.948683298050517,0.,-0.316227766016827));
#6232=DIRECTION('',(0.,0.,1.));
#6233=DIRECTION('',(0.,0.,-1.));
#6234=DIRECTION('center_axis',(0.,-1.,0.));
#6235=DIRECTION('ref_axis',(-0.707106781186558,0.,0.707106781186537));
#6236=DIRECTION('',(0.,1.,0.));
#6237=DIRECTION('',(0.,-1.,0.));
#6238=DIRECTION('center_axis',(0.,0.,1.));
#6239=DIRECTION('ref_axis',(0.707106781186522,-0.707106781186573,0.));
#6240=DIRECTION('',(0.,0.,-1.));
#6241=DIRECTION('center_axis',(0.,0.,-1.));
#6242=DIRECTION('ref_axis',(-0.707106781186589,0.707106781186506,0.));
#6243=DIRECTION('center_axis',(0.316227766016883,0.,-0.948683298050499));
#6244=DIRECTION('ref_axis',(-0.948683298050499,0.,-0.316227766016883));
#6245=DIRECTION('',(0.,0.,1.));
#6246=DIRECTION('',(0.,0.,-1.));
#6247=DIRECTION('center_axis',(0.,0.,-1.));
#6248=DIRECTION('ref_axis',(-1.,0.,0.));
#6249=DIRECTION('center_axis',(0.,0.,-1.));
#6250=DIRECTION('ref_axis',(0.707106781186548,-0.707106781186548,0.));
#6251=DIRECTION('center_axis',(1.,0.,0.));
#6252=DIRECTION('ref_axis',(0.,0.,1.));
#6253=DIRECTION('center_axis',(0.,0.,-1.));
#6254=DIRECTION('ref_axis',(0.707106781186548,-0.707106781186548,0.));
#6255=DIRECTION('',(0.,0.,1.));
#6256=DIRECTION('center_axis',(1.,3.50262612521E-16,0.));
#6257=DIRECTION('ref_axis',(-2.47673068509704E-16,0.707106781186516,0.707106781186579));
#6258=DIRECTION('',(-1.,-3.50262612521E-16,0.));
#6259=DIRECTION('',(1.,3.50262612521E-16,0.));
#6260=DIRECTION('center_axis',(0.,0.,1.));
#6261=DIRECTION('ref_axis',(-0.707106781186548,-0.707106781186548,0.));
#6262=DIRECTION('',(0.,0.,-1.));
#6263=DIRECTION('center_axis',(1.,3.50262612521E-16,-4.09336439038077E-31));
#6264=DIRECTION('ref_axis',(0.,-0.707106781186552,0.707106781186543));
#6265=DIRECTION('',(-1.,-3.50262612521E-16,4.09336439038077E-31));
#6266=DIRECTION('center_axis',(1.,0.,0.));
#6267=DIRECTION('ref_axis',(0.,0.,1.));
#6268=DIRECTION('center_axis',(0.,0.,1.));
#6269=DIRECTION('ref_axis',(1.,0.,0.));
#6270=DIRECTION('center_axis',(0.,0.,-1.));
#6271=DIRECTION('ref_axis',(-0.707106781186539,-0.707106781186556,0.));
#6272=DIRECTION('',(0.,-1.,1.22464679914735E-16));
#6273=DIRECTION('center_axis',(0.,0.,1.));
#6274=DIRECTION('ref_axis',(0.707106781186548,0.707106781186548,0.));
#6275=DIRECTION('',(-1.,-3.50262612521E-16,0.));
#6276=DIRECTION('center_axis',(0.,0.,1.));
#6277=DIRECTION('ref_axis',(-0.707106781186548,0.707106781186548,0.));
#6278=DIRECTION('',(0.,1.,-1.22464679914735E-16));
#6279=DIRECTION('center_axis',(0.,0.,-1.));
#6280=DIRECTION('ref_axis',(0.707106781186547,-0.707106781186547,0.));
#6281=DIRECTION('',(1.,0.,0.));
#6282=DIRECTION('center_axis',(0.,0.,1.));
#6283=DIRECTION('ref_axis',(1.,0.,0.));
#6284=DIRECTION('center_axis',(0.,0.,-1.));
#6285=DIRECTION('ref_axis',(0.707106781186547,-0.707106781186547,0.));
#6286=DIRECTION('',(1.,0.,0.));
#6287=DIRECTION('center_axis',(0.,0.,-1.));
#6288=DIRECTION('ref_axis',(-0.707106781186539,-0.707106781186556,0.));
#6289=DIRECTION('',(0.,-1.,1.22464679914735E-16));
#6290=DIRECTION('center_axis',(0.,0.,1.));
#6291=DIRECTION('ref_axis',(0.707106781186548,0.707106781186548,0.));
#6292=DIRECTION('',(-1.,-3.50262612521E-16,0.));
#6293=DIRECTION('center_axis',(0.,0.,1.));
#6294=DIRECTION('ref_axis',(-0.707106781186535,0.70710678118656,0.));
#6295=DIRECTION('',(0.,1.,-1.22464679914735E-16));
#6296=DIRECTION('center_axis',(0.,0.,1.));
#6297=DIRECTION('ref_axis',(1.,0.,0.));
#6298=DIRECTION('center_axis',(0.,0.,-1.));
#6299=DIRECTION('ref_axis',(0.707106781186539,-0.707106781186556,0.));
#6300=DIRECTION('',(1.,0.,0.));
#6301=DIRECTION('center_axis',(0.,0.,-1.));
#6302=DIRECTION('ref_axis',(-0.707106781186539,-0.707106781186556,0.));
#6303=DIRECTION('',(0.,-1.,1.22464679914735E-16));
#6304=DIRECTION('center_axis',(0.,0.,1.));
#6305=DIRECTION('ref_axis',(0.707106781186548,0.707106781186548,0.));
#6306=DIRECTION('',(-1.,-3.50262612521E-16,0.));
#6307=DIRECTION('center_axis',(0.,0.,1.));
#6308=DIRECTION('ref_axis',(-0.70710678118656,0.707106781186535,0.));
#6309=DIRECTION('',(0.,1.,-1.22464679914735E-16));
#6310=DIRECTION('center_axis',(0.,0.,1.));
#6311=DIRECTION('ref_axis',(1.,0.,0.));
#6312=DIRECTION('center_axis',(0.,0.,-1.));
#6313=DIRECTION('ref_axis',(0.707106781186539,-0.707106781186556,0.));
#6314=DIRECTION('',(1.,0.,0.));
#6315=DIRECTION('center_axis',(0.,0.,-1.));
#6316=DIRECTION('ref_axis',(-0.707106781186539,-0.707106781186556,0.));
#6317=DIRECTION('',(0.,-1.,1.22464679914735E-16));
#6318=DIRECTION('center_axis',(0.,0.,1.));
#6319=DIRECTION('ref_axis',(0.70710678118656,0.707106781186535,0.));
#6320=DIRECTION('',(-1.,-3.50262612521E-16,0.));
#6321=DIRECTION('center_axis',(0.,0.,1.));
#6322=DIRECTION('ref_axis',(-0.707106781186548,0.707106781186548,0.));
#6323=DIRECTION('',(0.,1.,-1.22464679914735E-16));
#6324=DIRECTION('center_axis',(1.,3.50262612521E-16,0.));
#6325=DIRECTION('ref_axis',(0.,-0.70710678118654,0.707106781186555));
#6326=DIRECTION('',(-1.,-3.50262612521E-16,0.));
#6327=DIRECTION('center_axis',(0.,-1.1686558153949E-15,-1.));
#6328=DIRECTION('ref_axis',(-1.,0.,0.));
#6329=DIRECTION('center_axis',(0.,-1.1686558153949E-15,-1.));
#6330=DIRECTION('ref_axis',(-0.707106781186548,-0.707106781186547,8.32667268468868E-16));
#6331=DIRECTION('center_axis',(0.,-1.,0.));
#6332=DIRECTION('ref_axis',(0.,0.,1.));
#6333=DIRECTION('center_axis',(0.,0.,-1.));
#6334=DIRECTION('ref_axis',(-0.707106781186541,-0.707106781186554,0.));
#6335=DIRECTION('',(0.,0.,1.));
#6336=DIRECTION('center_axis',(-3.67015875909142E-16,1.,0.));
#6337=DIRECTION('ref_axis',(0.707106781186553,2.59519414658477E-16,0.707106781186542));
#6338=DIRECTION('',(-3.67015875909142E-16,1.,0.));
#6339=DIRECTION('center_axis',(0.,-1.,0.));
#6340=DIRECTION('ref_axis',(1.,0.,0.));
#6341=DIRECTION('',(3.67015875909142E-16,-1.,0.));
#6342=DIRECTION('center_axis',(0.,0.,1.));
#6343=DIRECTION('ref_axis',(-1.,0.,0.));
#6344=DIRECTION('center_axis',(0.,0.,-1.));
#6345=DIRECTION('ref_axis',(-0.707106781186557,0.707106781186538,0.));
#6346=DIRECTION('',(1.,0.,0.));
#6347=DIRECTION('center_axis',(0.,0.,1.));
#6348=DIRECTION('ref_axis',(0.707106781186553,-0.707106781186542,0.));
#6349=DIRECTION('',(-3.67015875909142E-16,1.,0.));
#6350=DIRECTION('center_axis',(0.,0.,1.));
#6351=DIRECTION('ref_axis',(0.707106781186579,0.707106781186516,0.));
#6352=DIRECTION('',(-1.,0.,0.));
#6353=DIRECTION('center_axis',(0.,0.,-1.));
#6354=DIRECTION('ref_axis',(-0.707106781186544,-0.707106781186551,0.));
#6355=DIRECTION('',(0.,1.,0.));
#6356=DIRECTION('center_axis',(0.,0.,1.));
#6357=DIRECTION('ref_axis',(0.707106781186579,0.707106781186516,0.));
#6358=DIRECTION('center_axis',(-0.316227766016837,7.02166693715354E-15,
-0.948683298050514));
#6359=DIRECTION('ref_axis',(0.948683298050514,-3.94430452610506E-31,-0.316227766016837));
#6360=DIRECTION('',(0.,0.,1.));
#6361=DIRECTION('',(0.,0.,-1.));
#6362=DIRECTION('center_axis',(3.67015875909142E-16,-1.,1.1686558153949E-15));
#6363=DIRECTION('ref_axis',(-0.707106781186548,0.,0.707106781186547));
#6364=DIRECTION('',(-3.67015875909142E-16,1.,-1.1686558153949E-15));
#6365=DIRECTION('center_axis',(0.,0.,-1.));
#6366=DIRECTION('ref_axis',(0.707106781186553,-0.707106781186542,0.));
#6367=DIRECTION('center_axis',(-0.316227766016824,0.,-0.948683298050518));
#6368=DIRECTION('ref_axis',(0.948683298050518,0.,-0.316227766016824));
#6369=DIRECTION('',(0.,0.,1.));
#6370=DIRECTION('',(0.,0.,-1.));
#6371=DIRECTION('center_axis',(0.,0.,-1.));
#6372=DIRECTION('ref_axis',(-1.,0.,0.));
#6373=DIRECTION('center_axis',(0.,0.,1.));
#6374=DIRECTION('ref_axis',(-0.707106781186548,0.707106781186547,0.));
#6375=DIRECTION('center_axis',(0.,0.,-1.));
#6376=DIRECTION('ref_axis',(0.,1.,0.));
#6377=DIRECTION('center_axis',(1.,0.,0.));
#6378=DIRECTION('ref_axis',(0.,0.,1.));
#6379=DIRECTION('center_axis',(0.,0.,1.));
#6380=DIRECTION('ref_axis',(1.,0.,0.));
#6381=DIRECTION('center_axis',(0.,0.,1.));
#6382=DIRECTION('ref_axis',(0.707106781186554,-0.707106781186541,0.));
#6383=DIRECTION('',(0.,-1.,0.));
#6384=DIRECTION('center_axis',(0.,0.,-1.));
#6385=DIRECTION('ref_axis',(-0.707106781186545,0.70710678118655,0.));
#6386=DIRECTION('',(-1.,0.,0.));
#6387=DIRECTION('center_axis',(0.,0.,-1.));
#6388=DIRECTION('ref_axis',(0.707106781186552,0.707106781186543,0.));
#6389=DIRECTION('',(0.,1.,0.));
#6390=DIRECTION('center_axis',(0.,0.,1.));
#6391=DIRECTION('ref_axis',(-0.707106781186541,-0.707106781186554,0.));
#6392=DIRECTION('center_axis',(0.,0.,1.));
#6393=DIRECTION('ref_axis',(1.,0.,0.));
#6394=DIRECTION('center_axis',(0.,0.,1.));
#6395=DIRECTION('ref_axis',(0.707106781186548,-0.707106781186548,0.));
#6396=DIRECTION('',(-1.64953447878294E-15,-1.,0.));
#6397=DIRECTION('center_axis',(0.,0.,-1.));
#6398=DIRECTION('ref_axis',(-0.707106781186547,0.707106781186547,0.));
#6399=DIRECTION('',(-1.,0.,0.));
#6400=DIRECTION('center_axis',(0.,0.,-1.));
#6401=DIRECTION('ref_axis',(0.707106781186547,0.707106781186547,0.));
#6402=DIRECTION('',(0.,1.,0.));
#6403=DIRECTION('center_axis',(0.,0.,1.));
#6404=DIRECTION('ref_axis',(-0.707106781186548,-0.707106781186548,0.));
#6405=DIRECTION('center_axis',(-1.,3.50262612521E-17,0.));
#6406=DIRECTION('ref_axis',(-2.47673068509712E-17,-0.707106781186537,0.707106781186558));
#6407=DIRECTION('',(-1.,3.50262612521E-17,0.));
#6408=DIRECTION('center_axis',(0.,0.,1.));
#6409=DIRECTION('ref_axis',(1.,0.,0.));
#6410=DIRECTION('center_axis',(0.,0.,1.));
#6411=DIRECTION('ref_axis',(0.707106781186548,-0.707106781186548,0.));
#6412=DIRECTION('',(0.,-1.,0.));
#6413=DIRECTION('center_axis',(0.,0.,-1.));
#6414=DIRECTION('ref_axis',(-0.707106781186545,0.70710678118655,0.));
#6415=DIRECTION('',(-1.,0.,0.));
#6416=DIRECTION('center_axis',(0.,0.,-1.));
#6417=DIRECTION('ref_axis',(0.707106781186543,0.707106781186552,0.));
#6418=DIRECTION('',(0.,1.,0.));
#6419=DIRECTION('center_axis',(0.,0.,1.));
#6420=DIRECTION('ref_axis',(-0.707106781186554,-0.707106781186541,0.));
#6421=DIRECTION('center_axis',(0.,0.,1.));
#6422=DIRECTION('ref_axis',(1.,0.,0.));
#6423=DIRECTION('center_axis',(0.,0.,1.));
#6424=DIRECTION('ref_axis',(0.707106781186548,-0.707106781186548,0.));
#6425=DIRECTION('',(0.,-1.,0.));
#6426=DIRECTION('center_axis',(0.,0.,-1.));
#6427=DIRECTION('ref_axis',(-0.707106781186545,0.70710678118655,0.));
#6428=DIRECTION('',(-1.,0.,0.));
#6429=DIRECTION('center_axis',(0.,0.,-1.));
#6430=DIRECTION('ref_axis',(0.707106781186543,0.707106781186552,0.));
#6431=DIRECTION('',(0.,1.,0.));
#6432=DIRECTION('center_axis',(0.,0.,1.));
#6433=DIRECTION('ref_axis',(-0.707106781186554,-0.707106781186541,0.));
#6434=DIRECTION('center_axis',(0.095399707673234,-0.978895478587996,-0.180727800229626));
#6435=DIRECTION('ref_axis',(-0.456966311668624,-0.204361547263593,0.865689406196012));
#6436=DIRECTION('center_axis',(0.,1.,0.));
#6437=DIRECTION('ref_axis',(-1.,0.,0.));
#6438=DIRECTION('center_axis',(0.,0.894427190999916,0.447213595499958));
#6439=DIRECTION('ref_axis',(-0.707106781186552,-0.316227766016836,0.632455532033672));
#6440=DIRECTION('center_axis',(-3.03702926135574E-17,-0.447213595499958,
0.894427190999916));
#6441=DIRECTION('ref_axis',(1.,-1.84889274661175E-32,3.3955019390237E-17));
#6442=DIRECTION('',(0.,0.894427190999916,0.447213595499958));
#6443=DIRECTION('center_axis',(3.03702926135574E-17,0.447213595499958,-0.894427190999916));
#6444=DIRECTION('ref_axis',(2.77333911991762E-32,-0.894427190999916,-0.447213595499958));
#6445=DIRECTION('',(-1.,6.79100387804741E-17,6.8904164408836E-33));
#6446=DIRECTION('center_axis',(3.03702926135574E-17,0.447213595499958,-0.894427190999916));
#6447=DIRECTION('ref_axis',(1.54074395550979E-33,-0.894427190999916,-0.447213595499958));
#6448=DIRECTION('',(0.,-0.894427190999916,-0.447213595499958));
#6449=DIRECTION('center_axis',(-0.0953997076732102,-0.978895478587995,-0.180727800229644));
#6450=DIRECTION('ref_axis',(0.456966311668529,-0.20436154726364,0.865689406196052));
#6451=DIRECTION('center_axis',(0.,0.894427190999916,0.447213595499958));
#6452=DIRECTION('ref_axis',(0.707106781186562,-0.316227766016832,0.632455532033663));
#6453=DIRECTION('center_axis',(0.,1.,0.));
#6454=DIRECTION('ref_axis',(0.,0.,1.));
#6455=DIRECTION('center_axis',(0.,0.,1.));
#6456=DIRECTION('ref_axis',(1.,0.,0.));
#6457=DIRECTION('',(0.,-1.,0.));
#6458=DIRECTION('center_axis',(0.,0.,-1.));
#6459=DIRECTION('ref_axis',(0.707106781186548,0.707106781186548,0.));
#6460=DIRECTION('',(1.,0.,0.));
#6461=DIRECTION('center_axis',(0.,0.,-1.));
#6462=DIRECTION('ref_axis',(-0.707106781186549,0.707106781186546,0.));
#6463=DIRECTION('',(0.,1.,0.));
#6464=DIRECTION('center_axis',(0.,0.,-1.));
#6465=DIRECTION('ref_axis',(0.707106781186548,-0.707106781186548,0.));
#6466=DIRECTION('center_axis',(0.,0.,1.));
#6467=DIRECTION('ref_axis',(0.707106781186548,-0.707106781186548,0.));
#6468=DIRECTION('',(0.,0.,1.));
#6469=DIRECTION('',(0.,0.,-1.));
#6470=DIRECTION('center_axis',(0.,-1.,0.));
#6471=DIRECTION('ref_axis',(0.,0.,-1.));
#6472=DIRECTION('',(1.,0.,0.));
#6473=DIRECTION('',(0.,0.,-1.));
#6474=DIRECTION('center_axis',(0.,0.,-1.));
#6475=DIRECTION('ref_axis',(-0.707106781186548,-0.707106781186548,0.));
#6476=DIRECTION('center_axis',(0.,0.,1.));
#6477=DIRECTION('ref_axis',(-0.707106781186548,-0.707106781186548,0.));
#6478=DIRECTION('',(0.,0.,1.));
#6479=DIRECTION('center_axis',(-1.,0.,0.));
#6480=DIRECTION('ref_axis',(0.,0.,1.));
#6481=DIRECTION('',(0.,-1.,0.));
#6482=DIRECTION('',(0.,0.,-1.));
#6483=DIRECTION('center_axis',(0.,0.,1.));
#6484=DIRECTION('ref_axis',(-0.707106781186548,0.707106781186548,0.));
#6485=DIRECTION('center_axis',(0.,0.,1.));
#6486=DIRECTION('ref_axis',(-0.707106781186548,0.707106781186548,0.));
#6487=DIRECTION('',(0.,0.,1.));
#6488=DIRECTION('center_axis',(0.,1.,0.));
#6489=DIRECTION('ref_axis',(0.,0.,1.));
#6490=DIRECTION('',(-1.,0.,0.));
#6491=DIRECTION('',(0.,0.,-1.));
#6492=DIRECTION('center_axis',(0.,0.,1.));
#6493=DIRECTION('ref_axis',(0.707106781186548,0.707106781186548,0.));
#6494=DIRECTION('center_axis',(0.,0.,1.));
#6495=DIRECTION('ref_axis',(0.707106781186548,0.707106781186548,0.));
#6496=DIRECTION('',(0.,0.,1.));
#6497=DIRECTION('center_axis',(1.,0.,0.));
#6498=DIRECTION('ref_axis',(0.,0.,-1.));
#6499=DIRECTION('',(0.,1.,0.));
#6500=DIRECTION('center_axis',(0.,1.,0.));
#6501=DIRECTION('ref_axis',(-1.,0.,0.));
#6502=DIRECTION('',(-1.,0.,0.));
#6503=DIRECTION('',(0.,0.,-1.));
#6504=DIRECTION('',(0.,0.,1.));
#6505=DIRECTION('center_axis',(0.,0.,1.));
#6506=DIRECTION('ref_axis',(0.707106781186543,0.707106781186552,0.));
#6507=DIRECTION('center_axis',(0.,0.,1.));
#6508=DIRECTION('ref_axis',(0.70710678118654,0.707106781186555,0.));
#6509=DIRECTION('',(0.,0.,1.));
#6510=DIRECTION('center_axis',(1.,0.,0.));
#6511=DIRECTION('ref_axis',(0.,1.,0.));
#6512=DIRECTION('',(0.,1.,0.));
#6513=DIRECTION('',(0.,0.,-1.));
#6514=DIRECTION('center_axis',(0.,0.,-1.));
#6515=DIRECTION('ref_axis',(-0.707106781186554,-0.707106781186541,0.));
#6516=DIRECTION('center_axis',(0.,0.,-1.));
#6517=DIRECTION('ref_axis',(-0.707106781186548,-0.707106781186548,0.));
#6518=DIRECTION('center_axis',(0.,0.,1.));
#6519=DIRECTION('ref_axis',(0.707106781186548,-0.707106781186548,0.));
#6520=DIRECTION('center_axis',(0.,0.,-1.));
#6521=DIRECTION('ref_axis',(0.707106781186548,-0.707106781186548,0.));
#6522=DIRECTION('',(0.,0.,1.));
#6523=DIRECTION('center_axis',(-1.,0.,0.));
#6524=DIRECTION('ref_axis',(0.,-1.,0.));
#6525=DIRECTION('',(0.,-1.,0.));
#6526=DIRECTION('',(0.,0.,-1.));
#6527=DIRECTION('center_axis',(0.,0.,1.));
#6528=DIRECTION('ref_axis',(-0.707106781186545,0.70710678118655,0.));
#6529=DIRECTION('center_axis',(0.,0.,1.));
#6530=DIRECTION('ref_axis',(-0.707106781186542,0.707106781186553,0.));
#6531=DIRECTION('',(0.,0.,1.));
#6532=DIRECTION('center_axis',(0.,1.,0.));
#6533=DIRECTION('ref_axis',(-1.,0.,0.));
#6534=DIRECTION('',(-1.,0.,0.));
#6535=DIRECTION('',(0.,0.,-1.));
#6536=DIRECTION('center_axis',(0.,0.,1.));
#6537=DIRECTION('ref_axis',(0.707106781186543,0.707106781186552,0.));
#6538=DIRECTION('center_axis',(0.,0.,1.));
#6539=DIRECTION('ref_axis',(0.70710678118654,0.707106781186555,0.));
#6540=DIRECTION('',(0.,0.,1.));
#6541=DIRECTION('center_axis',(1.,0.,0.));
#6542=DIRECTION('ref_axis',(0.,1.,0.));
#6543=DIRECTION('',(0.,1.,0.));
#6544=DIRECTION('',(0.,0.,-1.));
#6545=DIRECTION('center_axis',(0.,0.,-1.));
#6546=DIRECTION('ref_axis',(-0.707106781186554,-0.707106781186541,0.));
#6547=DIRECTION('center_axis',(0.,0.,-1.));
#6548=DIRECTION('ref_axis',(-0.707106781186548,-0.707106781186548,0.));
#6549=DIRECTION('center_axis',(0.,0.,-1.));
#6550=DIRECTION('ref_axis',(0.707106781186547,0.707106781186547,0.));
#6551=DIRECTION('center_axis',(0.,0.,1.));
#6552=DIRECTION('ref_axis',(0.,1.,0.));
#6553=DIRECTION('',(0.,0.,1.));
#6554=DIRECTION('center_axis',(0.,1.,0.));
#6555=DIRECTION('ref_axis',(-1.,0.,0.));
#6556=DIRECTION('',(-1.,0.,0.));
#6557=DIRECTION('',(0.,0.,-1.));
#6558=DIRECTION('center_axis',(0.,-1.,0.));
#6559=DIRECTION('ref_axis',(-1.,0.,0.));
#6560=DIRECTION('center_axis',(-0.948683298050499,-3.65711819643455E-17,
0.316227766016882));
#6561=DIRECTION('ref_axis',(-0.316227766016882,-1.54074395550979E-33,-0.948683298050499));
#6562=DIRECTION('center_axis',(0.,0.,-1.));
#6563=DIRECTION('ref_axis',(0.707106781186585,0.70710678118651,0.));
#6564=DIRECTION('center_axis',(0.,0.,1.));
#6565=DIRECTION('ref_axis',(0.70710678118653,0.707106781186565,0.));
#6566=DIRECTION('',(0.,0.,1.));
#6567=DIRECTION('center_axis',(1.,0.,0.));
#6568=DIRECTION('ref_axis',(0.,0.,-1.));
#6569=DIRECTION('',(0.,1.,0.));
#6570=DIRECTION('',(0.,0.,-1.));
#6571=DIRECTION('center_axis',(0.,0.,1.));
#6572=DIRECTION('ref_axis',(0.707106781186573,-0.707106781186523,0.));
#6573=DIRECTION('center_axis',(0.,0.,1.));
#6574=DIRECTION('ref_axis',(0.707106781186565,-0.70710678118653,0.));
#6575=DIRECTION('',(0.,0.,1.));
#6576=DIRECTION('center_axis',(-8.88178419700128E-15,-1.,0.));
#6577=DIRECTION('ref_axis',(1.,-8.88178419700128E-15,0.));
#6578=DIRECTION('',(1.,-8.88178419700128E-15,0.));
#6579=DIRECTION('center_axis',(-1.,0.,0.));
#6580=DIRECTION('ref_axis',(0.,-1.,0.));
#6581=DIRECTION('',(0.,1.,0.));
#6582=DIRECTION('',(0.,1.,0.));
#6583=DIRECTION('',(0.,0.,-1.));
#6584=DIRECTION('center_axis',(0.,1.,-1.77635683940043E-13));
#6585=DIRECTION('ref_axis',(0.,-1.77635683940043E-13,-1.));
#6586=DIRECTION('center_axis',(-0.948683298050499,0.,0.316227766016882));
#6587=DIRECTION('ref_axis',(-0.316227766016882,-5.61733354972263E-14,-0.948683298050499));
#6588=DIRECTION('center_axis',(0.,0.,-1.));
#6589=DIRECTION('ref_axis',(0.707106781186543,-0.707106781186552,0.));
#6590=DIRECTION('center_axis',(0.,0.,1.));
#6591=DIRECTION('ref_axis',(0.707106781186547,-0.707106781186547,0.));
#6592=DIRECTION('',(0.,0.,1.));
#6593=DIRECTION('center_axis',(0.,0.,-1.));
#6594=DIRECTION('ref_axis',(-0.707106781186548,0.707106781186548,0.));
#6595=DIRECTION('center_axis',(0.,0.,-1.));
#6596=DIRECTION('ref_axis',(-0.447213595499958,0.894427190999916,0.));
#6597=DIRECTION('',(0.,0.,1.));
#6598=DIRECTION('',(0.,0.,-1.));
#6599=DIRECTION('center_axis',(1.,0.,0.));
#6600=DIRECTION('ref_axis',(0.,1.,0.));
#6601=DIRECTION('',(0.,1.,0.));
#6602=DIRECTION('',(0.,0.,-1.));
#6603=DIRECTION('center_axis',(0.,0.,1.));
#6604=DIRECTION('ref_axis',(0.707106781186539,-0.707106781186556,0.));
#6605=DIRECTION('center_axis',(0.,0.,1.));
#6606=DIRECTION('ref_axis',(0.707106781186542,-0.707106781186553,0.));
#6607=DIRECTION('',(0.,0.,1.));
#6608=DIRECTION('center_axis',(0.,-1.,0.));
#6609=DIRECTION('ref_axis',(1.,0.,0.));
#6610=DIRECTION('',(1.,0.,0.));
#6611=DIRECTION('',(0.,0.,-1.));
#6612=DIRECTION('center_axis',(0.,0.,1.));
#6613=DIRECTION('ref_axis',(-0.707106781186539,-0.707106781186556,0.));
#6614=DIRECTION('center_axis',(0.,0.,1.));
#6615=DIRECTION('ref_axis',(-0.707106781186542,-0.707106781186553,0.));
#6616=DIRECTION('',(0.,0.,1.));
#6617=DIRECTION('center_axis',(-1.,0.,0.));
#6618=DIRECTION('ref_axis',(0.,-1.,0.));
#6619=DIRECTION('',(0.,-1.,0.));
#6620=DIRECTION('',(0.,0.,-1.));
#6621=DIRECTION('center_axis',(0.,0.,-1.));
#6622=DIRECTION('ref_axis',(0.70710678118656,0.707106781186535,0.));
#6623=DIRECTION('center_axis',(0.,0.,-1.));
#6624=DIRECTION('ref_axis',(0.707106781186548,0.707106781186548,0.));
#6625=DIRECTION('',(0.,0.,1.));
#6626=DIRECTION('center_axis',(0.,0.,-1.));
#6627=DIRECTION('ref_axis',(-0.70710678118656,0.707106781186535,0.));
#6628=DIRECTION('center_axis',(0.,0.,-1.));
#6629=DIRECTION('ref_axis',(-0.707106781186548,0.707106781186548,0.));
#6630=DIRECTION('',(0.,0.,1.));
#6631=DIRECTION('',(0.,0.,-1.));
#6632=DIRECTION('center_axis',(1.,0.,0.));
#6633=DIRECTION('ref_axis',(0.,1.,0.));
#6634=DIRECTION('',(0.,1.,0.));
#6635=DIRECTION('',(0.,0.,-1.));
#6636=DIRECTION('center_axis',(0.,0.,1.));
#6637=DIRECTION('ref_axis',(0.707106781186539,-0.707106781186556,0.));
#6638=DIRECTION('center_axis',(0.,0.,1.));
#6639=DIRECTION('ref_axis',(0.707106781186542,-0.707106781186553,0.));
#6640=DIRECTION('',(0.,0.,1.));
#6641=DIRECTION('center_axis',(0.,-1.,0.));
#6642=DIRECTION('ref_axis',(1.,0.,0.));
#6643=DIRECTION('',(1.,0.,0.));
#6644=DIRECTION('',(0.,0.,-1.));
#6645=DIRECTION('center_axis',(0.,0.,1.));
#6646=DIRECTION('ref_axis',(-0.707106781186539,-0.707106781186556,0.));
#6647=DIRECTION('center_axis',(0.,0.,1.));
#6648=DIRECTION('ref_axis',(-0.707106781186542,-0.707106781186553,0.));
#6649=DIRECTION('',(0.,0.,1.));
#6650=DIRECTION('center_axis',(-1.,0.,0.));
#6651=DIRECTION('ref_axis',(0.,-1.,0.));
#6652=DIRECTION('',(0.,-1.,0.));
#6653=DIRECTION('',(0.,0.,-1.));
#6654=DIRECTION('center_axis',(0.,0.,-1.));
#6655=DIRECTION('ref_axis',(0.707106781186548,0.707106781186548,0.));
#6656=DIRECTION('center_axis',(0.,0.,-1.));
#6657=DIRECTION('ref_axis',(0.707106781186548,0.707106781186548,0.));
#6658=DIRECTION('',(0.,0.,1.));
#6659=DIRECTION('center_axis',(0.,0.,-1.));
#6660=DIRECTION('ref_axis',(-0.707106781186535,0.70710678118656,0.));
#6661=DIRECTION('center_axis',(0.,0.,-1.));
#6662=DIRECTION('ref_axis',(-0.707106781186548,0.707106781186548,0.));
#6663=DIRECTION('',(0.,0.,1.));
#6664=DIRECTION('',(0.,0.,-1.));
#6665=DIRECTION('center_axis',(1.,0.,0.));
#6666=DIRECTION('ref_axis',(0.,1.,0.));
#6667=DIRECTION('',(0.,1.,0.));
#6668=DIRECTION('',(0.,0.,-1.));
#6669=DIRECTION('center_axis',(0.,0.,1.));
#6670=DIRECTION('ref_axis',(0.707106781186547,-0.707106781186547,0.));
#6671=DIRECTION('center_axis',(0.,0.,1.));
#6672=DIRECTION('ref_axis',(0.707106781186547,-0.707106781186547,0.));
#6673=DIRECTION('',(0.,0.,1.));
#6674=DIRECTION('center_axis',(0.,-1.,0.));
#6675=DIRECTION('ref_axis',(1.,0.,0.));
#6676=DIRECTION('',(1.,0.,0.));
#6677=DIRECTION('',(0.,0.,-1.));
#6678=DIRECTION('center_axis',(0.,0.,1.));
#6679=DIRECTION('ref_axis',(-0.707106781186539,-0.707106781186556,0.));
#6680=DIRECTION('center_axis',(0.,0.,1.));
#6681=DIRECTION('ref_axis',(-0.707106781186547,-0.707106781186547,0.));
#6682=DIRECTION('',(0.,0.,1.));
#6683=DIRECTION('center_axis',(-1.,0.,0.));
#6684=DIRECTION('ref_axis',(0.,-1.,0.));
#6685=DIRECTION('',(0.,-1.,0.));
#6686=DIRECTION('',(0.,0.,-1.));
#6687=DIRECTION('center_axis',(0.,0.,-1.));
#6688=DIRECTION('ref_axis',(0.707106781186548,0.707106781186548,0.));
#6689=DIRECTION('center_axis',(0.,0.,-1.));
#6690=DIRECTION('ref_axis',(0.707106781186548,0.707106781186548,0.));
#6691=DIRECTION('',(0.,0.,1.));
#6692=DIRECTION('center_axis',(0.,0.,-1.));
#6693=DIRECTION('ref_axis',(-0.707106781186548,0.707106781186548,0.));
#6694=DIRECTION('center_axis',(0.,0.,-1.));
#6695=DIRECTION('ref_axis',(-0.707106781186548,0.707106781186548,0.));
#6696=DIRECTION('',(0.,0.,1.));
#6697=DIRECTION('',(0.,0.,-1.));
#6698=DIRECTION('center_axis',(1.,0.,0.));
#6699=DIRECTION('ref_axis',(0.,1.,0.));
#6700=DIRECTION('',(0.,1.,0.));
#6701=DIRECTION('',(0.,0.,-1.));
#6702=DIRECTION('center_axis',(0.,0.,1.));
#6703=DIRECTION('ref_axis',(0.707106781186547,-0.707106781186547,0.));
#6704=DIRECTION('center_axis',(0.,0.,1.));
#6705=DIRECTION('ref_axis',(0.707106781186547,-0.707106781186547,0.));
#6706=DIRECTION('',(0.,0.,1.));
#6707=DIRECTION('center_axis',(0.,-1.,0.));
#6708=DIRECTION('ref_axis',(1.,0.,0.));
#6709=DIRECTION('',(1.,0.,0.));
#6710=DIRECTION('',(0.,0.,-1.));
#6711=DIRECTION('center_axis',(0.,0.,1.));
#6712=DIRECTION('ref_axis',(-0.707106781186539,-0.707106781186556,0.));
#6713=DIRECTION('center_axis',(0.,0.,1.));
#6714=DIRECTION('ref_axis',(-0.707106781186547,-0.707106781186547,0.));
#6715=DIRECTION('',(0.,0.,1.));
#6716=DIRECTION('center_axis',(-1.,1.64953447878294E-15,0.));
#6717=DIRECTION('ref_axis',(-1.64953447878294E-15,-1.,0.));
#6718=DIRECTION('',(-1.64953447878294E-15,-1.,0.));
#6719=DIRECTION('',(0.,0.,-1.));
#6720=DIRECTION('center_axis',(0.,0.,-1.));
#6721=DIRECTION('ref_axis',(0.707106781186548,0.707106781186548,0.));
#6722=DIRECTION('center_axis',(0.,0.,-1.));
#6723=DIRECTION('ref_axis',(0.447213595499908,0.894427190999941,0.));
#6724=DIRECTION('',(0.,0.,1.));
#6725=DIRECTION('center_axis',(-3.50262612521E-16,1.,0.));
#6726=DIRECTION('ref_axis',(-1.,-3.50262612521E-16,0.));
#6727=DIRECTION('',(1.,3.50262612521E-16,0.));
#6728=DIRECTION('',(1.,3.50262612521E-16,0.));
#6729=DIRECTION('',(1.,3.50262612521E-16,0.));
#6730=DIRECTION('',(1.,3.50262612521E-16,0.));
#6731=DIRECTION('',(1.,3.50262612521E-16,0.));
#6732=DIRECTION('',(0.,0.,-1.));
#6733=DIRECTION('center_axis',(0.,0.,-1.));
#6734=DIRECTION('ref_axis',(-0.707106781186546,-0.707106781186549,0.));
#6735=DIRECTION('center_axis',(0.,0.,1.));
#6736=DIRECTION('ref_axis',(-0.707106781186548,-0.707106781186547,0.));
#6737=DIRECTION('',(0.,0.,1.));
#6738=DIRECTION('center_axis',(0.,-1.,0.));
#6739=DIRECTION('ref_axis',(1.,0.,0.));
#6740=DIRECTION('',(1.,0.,0.));
#6741=DIRECTION('',(0.,0.,-1.));
#6742=DIRECTION('center_axis',(0.,1.,0.));
#6743=DIRECTION('ref_axis',(1.,0.,0.));
#6744=DIRECTION('center_axis',(0.948683298050516,0.,0.316227766016832));
#6745=DIRECTION('ref_axis',(0.316227766016832,0.,-0.948683298050516));
#6746=DIRECTION('center_axis',(0.,0.,-1.));
#6747=DIRECTION('ref_axis',(-0.707106781186544,-0.707106781186551,0.));
#6748=DIRECTION('center_axis',(0.,0.,1.));
#6749=DIRECTION('ref_axis',(-0.70710678118655,-0.707106781186545,0.));
#6750=DIRECTION('',(0.,0.,1.));
#6751=DIRECTION('center_axis',(-1.,0.,0.));
#6752=DIRECTION('ref_axis',(0.,0.,1.));
#6753=DIRECTION('',(0.,-1.,0.));
#6754=DIRECTION('',(0.,0.,-1.));
#6755=DIRECTION('center_axis',(0.,0.,1.));
#6756=DIRECTION('ref_axis',(-0.707106781186557,0.707106781186538,0.));
#6757=DIRECTION('center_axis',(0.,0.,1.));
#6758=DIRECTION('ref_axis',(-0.707106781186548,0.707106781186548,0.));
#6759=DIRECTION('',(0.,0.,1.));
#6760=DIRECTION('center_axis',(0.,1.,0.));
#6761=DIRECTION('ref_axis',(-1.,0.,0.));
#6762=DIRECTION('',(-1.,0.,0.));
#6763=DIRECTION('center_axis',(1.,3.67015875909142E-16,0.));
#6764=DIRECTION('ref_axis',(-3.67015875909142E-16,1.,0.));
#6765=DIRECTION('',(3.67015875909142E-16,-1.,0.));
#6766=DIRECTION('',(3.67015875909142E-16,-1.,0.));
#6767=DIRECTION('',(0.,0.,-1.));
#6768=DIRECTION('center_axis',(0.,-1.,0.));
#6769=DIRECTION('ref_axis',(0.,0.,-1.));
#6770=DIRECTION('center_axis',(0.948683298050512,-1.40433338743067E-14,
0.316227766016844));
#6771=DIRECTION('ref_axis',(0.316227766016844,0.,-0.948683298050512));
#6772=DIRECTION('center_axis',(0.,0.,1.));
#6773=DIRECTION('ref_axis',(-0.707106781186547,0.707106781186547,0.));
#6774=DIRECTION('center_axis',(0.,0.,1.));
#6775=DIRECTION('ref_axis',(-1.,0.,0.));
#6776=DIRECTION('center_axis',(0.,0.,1.));
#6777=DIRECTION('ref_axis',(0.707106781186548,-0.707106781186548,0.));
#6778=DIRECTION('center_axis',(0.,0.,-1.));
#6779=DIRECTION('ref_axis',(0.707106781186548,-0.707106781186548,0.));
#6780=DIRECTION('',(0.,0.,1.));
#6781=DIRECTION('center_axis',(-1.,1.64953447878294E-15,0.));
#6782=DIRECTION('ref_axis',(-1.64953447878294E-15,-1.,0.));
#6783=DIRECTION('',(-1.64953447878294E-15,-1.,0.));
#6784=DIRECTION('',(0.,0.,-1.));
#6785=DIRECTION('center_axis',(0.,0.,1.));
#6786=DIRECTION('ref_axis',(-0.707106781186547,0.707106781186547,0.));
#6787=DIRECTION('center_axis',(0.,0.,1.));
#6788=DIRECTION('ref_axis',(-0.707106781186546,0.707106781186549,0.));
#6789=DIRECTION('',(0.,0.,1.));
#6790=DIRECTION('center_axis',(0.,1.,0.));
#6791=DIRECTION('ref_axis',(-1.,0.,0.));
#6792=DIRECTION('',(-1.,0.,0.));
#6793=DIRECTION('',(0.,0.,-1.));
#6794=DIRECTION('center_axis',(0.,0.,1.));
#6795=DIRECTION('ref_axis',(0.707106781186547,0.707106781186547,0.));
#6796=DIRECTION('center_axis',(0.,0.,1.));
#6797=DIRECTION('ref_axis',(0.707106781186546,0.707106781186549,0.));
#6798=DIRECTION('',(0.,0.,1.));
#6799=DIRECTION('center_axis',(1.,0.,0.));
#6800=DIRECTION('ref_axis',(0.,1.,0.));
#6801=DIRECTION('',(0.,1.,0.));
#6802=DIRECTION('',(0.,0.,-1.));
#6803=DIRECTION('center_axis',(0.,0.,-1.));
#6804=DIRECTION('ref_axis',(-0.707106781186548,-0.707106781186548,0.));
#6805=DIRECTION('center_axis',(0.,0.,-1.));
#6806=DIRECTION('ref_axis',(-0.707106781186548,-0.707106781186548,0.));
#6807=DIRECTION('center_axis',(0.,0.,1.));
#6808=DIRECTION('ref_axis',(0.707106781186554,-0.707106781186541,0.));
#6809=DIRECTION('center_axis',(0.,0.,-1.));
#6810=DIRECTION('ref_axis',(0.707106781186548,-0.707106781186548,0.));
#6811=DIRECTION('',(0.,0.,1.));
#6812=DIRECTION('center_axis',(-1.,0.,0.));
#6813=DIRECTION('ref_axis',(0.,-1.,0.));
#6814=DIRECTION('',(0.,-1.,0.));
#6815=DIRECTION('',(0.,0.,-1.));
#6816=DIRECTION('center_axis',(0.,0.,1.));
#6817=DIRECTION('ref_axis',(-0.707106781186545,0.70710678118655,0.));
#6818=DIRECTION('center_axis',(0.,0.,1.));
#6819=DIRECTION('ref_axis',(-0.707106781186547,0.707106781186547,0.));
#6820=DIRECTION('',(0.,0.,1.));
#6821=DIRECTION('center_axis',(0.,1.,0.));
#6822=DIRECTION('ref_axis',(-1.,0.,0.));
#6823=DIRECTION('',(-1.,0.,0.));
#6824=DIRECTION('',(0.,0.,-1.));
#6825=DIRECTION('center_axis',(0.,0.,1.));
#6826=DIRECTION('ref_axis',(0.707106781186552,0.707106781186543,0.));
#6827=DIRECTION('center_axis',(0.,0.,1.));
#6828=DIRECTION('ref_axis',(0.707106781186547,0.707106781186547,0.));
#6829=DIRECTION('',(0.,0.,1.));
#6830=DIRECTION('center_axis',(1.,0.,0.));
#6831=DIRECTION('ref_axis',(0.,1.,0.));
#6832=DIRECTION('',(0.,1.,0.));
#6833=DIRECTION('',(0.,0.,-1.));
#6834=DIRECTION('center_axis',(0.,0.,-1.));
#6835=DIRECTION('ref_axis',(-0.707106781186541,-0.707106781186554,0.));
#6836=DIRECTION('center_axis',(0.,0.,-1.));
#6837=DIRECTION('ref_axis',(-0.707106781186548,-0.707106781186548,0.));
#6838=DIRECTION('center_axis',(0.,0.,1.));
#6839=DIRECTION('ref_axis',(0.707106781186548,-0.707106781186548,0.));
#6840=DIRECTION('center_axis',(0.,0.,-1.));
#6841=DIRECTION('ref_axis',(0.707106781186548,-0.707106781186548,0.));
#6842=DIRECTION('',(0.,0.,1.));
#6843=DIRECTION('center_axis',(-1.,0.,0.));
#6844=DIRECTION('ref_axis',(0.,-1.,0.));
#6845=DIRECTION('',(0.,-1.,0.));
#6846=DIRECTION('',(0.,0.,-1.));
#6847=DIRECTION('center_axis',(0.,0.,1.));
#6848=DIRECTION('ref_axis',(-0.707106781186545,0.70710678118655,0.));
#6849=DIRECTION('center_axis',(0.,0.,1.));
#6850=DIRECTION('ref_axis',(-0.707106781186542,0.707106781186553,0.));
#6851=DIRECTION('center_axis',(-1.,0.,0.));
#6852=DIRECTION('ref_axis',(0.,0.707106781186547,0.707106781186547));
#6853=DIRECTION('center_axis',(-1.,0.,0.));
#6854=DIRECTION('ref_axis',(0.,0.,1.));
#6855=DIRECTION('center_axis',(1.,-2.96059473233373E-14,0.));
#6856=DIRECTION('ref_axis',(2.96059473233373E-14,1.,0.));
#6857=DIRECTION('center_axis',(0.,0.,1.));
#6858=DIRECTION('ref_axis',(1.,0.,0.));
#6859=DIRECTION('center_axis',(0.,1.,0.));
#6860=DIRECTION('ref_axis',(-1.,0.,0.));
#6861=DIRECTION('center_axis',(0.,0.,1.));
#6862=DIRECTION('ref_axis',(-0.707106781186549,0.707106781186546,0.));
#6863=DIRECTION('center_axis',(0.,-0.894427190999916,-0.447213595499958));
#6864=DIRECTION('ref_axis',(-0.707106781186567,-0.316227766016829,0.632455532033658));
#6865=DIRECTION('',(0.,-0.894427190999916,-0.447213595499958));
#6866=DIRECTION('center_axis',(5.95808196779346E-14,0.894427190999919,0.447213595499952));
#6867=DIRECTION('ref_axis',(-1.,5.9211894646675E-14,1.48029736616687E-14));
#6868=DIRECTION('center_axis',(0.,-1.,0.));
#6869=DIRECTION('ref_axis',(-0.707106781186547,0.,0.707106781186547));
#6870=DIRECTION('',(0.,-1.,0.));
#6871=DIRECTION('center_axis',(-1.,0.,0.));
#6872=DIRECTION('ref_axis',(0.,-1.,-7.40148683083454E-15));
#6873=DIRECTION('center_axis',(0.,-0.410364677328798,0.911921505175106));
#6874=DIRECTION('ref_axis',(0.,-0.911921505175106,-0.410364677328798));
#6875=DIRECTION('center_axis',(1.,-6.79100387804741E-17,-6.8904164408836E-33));
#6876=DIRECTION('ref_axis',(-5.77677293838288E-17,-0.850650808352042,0.52573111211913));
#6877=DIRECTION('center_axis',(-1.,0.,0.));
#6878=DIRECTION('ref_axis',(0.,-1.,0.));
#6879=DIRECTION('',(1.,-6.79100387804741E-17,-6.8904164408836E-33));
#6880=DIRECTION('center_axis',(0.,-0.894427190999923,-0.447213595499943));
#6881=DIRECTION('ref_axis',(1.,0.,0.));
#6882=DIRECTION('center_axis',(0.,-0.410364677328798,0.911921505175107));
#6883=DIRECTION('ref_axis',(0.,-0.911921505175106,-0.410364677328798));
#6884=DIRECTION('center_axis',(0.,0.894427190999916,0.447213595499958));
#6885=DIRECTION('ref_axis',(0.707106781186569,-0.316227766016828,0.632455532033657));
#6886=DIRECTION('',(0.,0.894427190999916,0.447213595499958));
#6887=DIRECTION('center_axis',(0.,1.,0.));
#6888=DIRECTION('ref_axis',(0.707106781186558,0.,0.707106781186537));
#6889=DIRECTION('',(0.,1.,0.));
#6890=DIRECTION('center_axis',(0.,-1.,0.));
#6891=DIRECTION('ref_axis',(1.,0.,0.));
#6892=DIRECTION('center_axis',(0.,0.,1.));
#6893=DIRECTION('ref_axis',(1.,0.,0.));
#6894=DIRECTION('center_axis',(0.,0.,1.));
#6895=DIRECTION('ref_axis',(0.707106781186547,0.707106781186547,0.));
#6896=DIRECTION('center_axis',(0.,0.,-1.));
#6897=DIRECTION('ref_axis',(-1.,0.,0.));
#6898=DIRECTION('center_axis',(0.,-1.,0.));
#6899=DIRECTION('ref_axis',(-1.,0.,0.));
#6900=DIRECTION('center_axis',(1.,0.,0.));
#6901=DIRECTION('ref_axis',(0.,0.,-1.));
#6902=DIRECTION('center_axis',(1.,0.,0.));
#6903=DIRECTION('ref_axis',(0.,0.707106781186519,-0.707106781186576));
#6904=DIRECTION('center_axis',(1.,0.,0.));
#6905=DIRECTION('ref_axis',(0.,0.,-1.));
#6906=DIRECTION('center_axis',(0.,0.,-1.));
#6907=DIRECTION('ref_axis',(-1.,0.,0.));
#6908=DIRECTION('center_axis',(0.,-1.,0.));
#6909=DIRECTION('ref_axis',(0.,0.,-1.));
#6910=DIRECTION('center_axis',(0.,-1.,0.));
#6911=DIRECTION('ref_axis',(0.707106781186561,0.,-0.707106781186534));
#6912=DIRECTION('center_axis',(0.,-1.,0.));
#6913=DIRECTION('ref_axis',(0.,0.,-1.));
#6914=DIRECTION('center_axis',(0.,0.,-1.));
#6915=DIRECTION('ref_axis',(-1.,0.,0.));
#6916=DIRECTION('center_axis',(-1.,0.,0.));
#6917=DIRECTION('ref_axis',(0.,0.,-1.));
#6918=DIRECTION('center_axis',(-1.,0.,0.));
#6919=DIRECTION('ref_axis',(0.,-0.707106781186519,-0.707106781186576));
#6920=DIRECTION('center_axis',(-1.,0.,0.));
#6921=DIRECTION('ref_axis',(0.,0.,-1.));
#6922=DIRECTION('center_axis',(0.,0.,-1.));
#6923=DIRECTION('ref_axis',(-1.,0.,0.));
#6924=DIRECTION('center_axis',(0.,1.,0.));
#6925=DIRECTION('ref_axis',(0.,0.,-1.));
#6926=DIRECTION('center_axis',(0.,1.,0.));
#6927=DIRECTION('ref_axis',(-0.707106781186561,0.,-0.707106781186534));
#6928=DIRECTION('center_axis',(-1.,0.,0.));
#6929=DIRECTION('ref_axis',(0.,-0.707106781186556,-0.707106781186539));
#6930=DIRECTION('center_axis',(-1.,0.,0.));
#6931=DIRECTION('ref_axis',(0.,0.,-1.));
#6932=DIRECTION('center_axis',(-1.,0.,0.));
#6933=DIRECTION('ref_axis',(0.,0.,-1.));
#6934=DIRECTION('center_axis',(0.,0.,1.));
#6935=DIRECTION('ref_axis',(1.,0.,0.));
#6936=DIRECTION('center_axis',(0.,1.,0.));
#6937=DIRECTION('ref_axis',(0.,0.,-1.));
#6938=DIRECTION('center_axis',(0.,1.,0.));
#6939=DIRECTION('ref_axis',(-0.707106781186603,0.,-0.707106781186492));
#6940=DIRECTION('center_axis',(0.,1.,0.));
#6941=DIRECTION('ref_axis',(0.,0.,-1.));
#6942=DIRECTION('center_axis',(0.,0.,1.));
#6943=DIRECTION('ref_axis',(1.,0.,0.));
#6944=DIRECTION('center_axis',(1.,0.,0.));
#6945=DIRECTION('ref_axis',(0.,-1.,0.));
#6946=DIRECTION('center_axis',(1.,-3.50262612521E-17,0.));
#6947=DIRECTION('ref_axis',(-2.47673068509713E-17,-0.70710678118654,-0.707106781186555));
#6948=DIRECTION('center_axis',(1.,0.,0.));
#6949=DIRECTION('ref_axis',(0.,-1.,0.));
#6950=DIRECTION('center_axis',(0.,0.,1.));
#6951=DIRECTION('ref_axis',(1.,0.,0.));
#6952=DIRECTION('center_axis',(0.,-1.,0.));
#6953=DIRECTION('ref_axis',(0.,0.,-1.));
#6954=DIRECTION('center_axis',(0.,-1.,0.));
#6955=DIRECTION('ref_axis',(0.707106781186603,0.,-0.707106781186492));
#6956=DIRECTION('center_axis',(0.,-1.,0.));
#6957=DIRECTION('ref_axis',(0.,0.,-1.));
#6958=DIRECTION('center_axis',(0.,0.,1.));
#6959=DIRECTION('ref_axis',(1.,0.,0.));
#6960=DIRECTION('center_axis',(-1.,0.,0.));
#6961=DIRECTION('ref_axis',(0.,0.,-1.));
#6962=DIRECTION('center_axis',(-1.,0.,0.));
#6963=DIRECTION('ref_axis',(0.,-0.707106781186556,-0.707106781186539));
#6964=DIRECTION('center_axis',(-1.,0.,0.));
#6965=DIRECTION('ref_axis',(0.,0.,-1.));
#6966=DIRECTION('center_axis',(0.,0.,1.));
#6967=DIRECTION('ref_axis',(1.,0.,0.));
#6968=DIRECTION('center_axis',(0.,1.,0.));
#6969=DIRECTION('ref_axis',(0.,0.,-1.));
#6970=DIRECTION('center_axis',(0.,1.,0.));
#6971=DIRECTION('ref_axis',(-0.707106781186603,0.,-0.707106781186492));
#6972=DIRECTION('center_axis',(0.,1.,0.));
#6973=DIRECTION('ref_axis',(0.,0.,-1.));
#6974=DIRECTION('center_axis',(0.,0.,1.));
#6975=DIRECTION('ref_axis',(1.,0.,0.));
#6976=DIRECTION('center_axis',(1.,0.,0.));
#6977=DIRECTION('ref_axis',(0.,-1.,0.));
#6978=DIRECTION('center_axis',(1.,-3.50262612521E-17,0.));
#6979=DIRECTION('ref_axis',(-2.47673068509713E-17,-0.70710678118654,-0.707106781186555));
#6980=DIRECTION('center_axis',(-1.,0.,0.));
#6981=DIRECTION('ref_axis',(0.,0.,-1.));
#6982=DIRECTION('center_axis',(0.,0.,-1.));
#6983=DIRECTION('ref_axis',(-1.,0.,0.));
#6984=DIRECTION('center_axis',(0.,-1.,0.));
#6985=DIRECTION('ref_axis',(-1.,0.,0.));
#6986=DIRECTION('center_axis',(0.,1.,0.));
#6987=DIRECTION('ref_axis',(-0.707106781186477,0.,-0.707106781186618));
#6988=DIRECTION('center_axis',(-1.,0.,0.));
#6989=DIRECTION('ref_axis',(0.,-0.70710678118654,-0.707106781186555));
#6990=DIRECTION('center_axis',(1.,0.,0.));
#6991=DIRECTION('ref_axis',(0.,-1.,0.));
#6992=DIRECTION('center_axis',(0.,0.,-1.));
#6993=DIRECTION('ref_axis',(-1.,0.,0.));
#6994=DIRECTION('center_axis',(0.,-1.,0.));
#6995=DIRECTION('ref_axis',(-1.,0.,0.));
#6996=DIRECTION('center_axis',(0.,1.,0.));
#6997=DIRECTION('ref_axis',(-0.707106781186561,0.,-0.707106781186534));
#6998=DIRECTION('center_axis',(0.,-1.,0.));
#6999=DIRECTION('ref_axis',(-1.,0.,0.));
#7000=DIRECTION('center_axis',(0.,0.,-1.));
#7001=DIRECTION('ref_axis',(-1.,0.,0.));
#7002=DIRECTION('center_axis',(-1.,0.,0.));
#7003=DIRECTION('ref_axis',(0.,1.,0.));
#7004=DIRECTION('center_axis',(1.,-8.88178419700128E-15,0.));
#7005=DIRECTION('ref_axis',(6.28036983473524E-15,0.707106781186561,-0.707106781186534));
#7006=DIRECTION('center_axis',(0.,-1.,0.));
#7007=DIRECTION('ref_axis',(-0.707106781186477,0.,-0.707106781186618));
#7008=DIRECTION('center_axis',(0.,1.,0.));
#7009=DIRECTION('ref_axis',(0.,0.,-1.));
#7010=DIRECTION('center_axis',(0.,0.,-1.));
#7011=DIRECTION('ref_axis',(-1.,0.,0.));
#7012=DIRECTION('center_axis',(1.,0.,0.));
#7013=DIRECTION('ref_axis',(0.,0.,-1.));
#7014=DIRECTION('center_axis',(-1.,-3.50262612521E-16,0.));
#7015=DIRECTION('ref_axis',(-2.47673068509713E-16,0.70710678118654,-0.707106781186555));
#7016=DIRECTION('center_axis',(1.,0.,0.));
#7017=DIRECTION('ref_axis',(0.,0.,-1.));
#7018=DIRECTION('center_axis',(0.,0.,1.));
#7019=DIRECTION('ref_axis',(1.,0.,0.));
#7020=DIRECTION('center_axis',(0.,1.,0.));
#7021=DIRECTION('ref_axis',(0.,0.,-1.));
#7022=DIRECTION('center_axis',(0.,1.,0.));
#7023=DIRECTION('ref_axis',(-0.707106781186603,0.,-0.707106781186492));
#7024=DIRECTION('center_axis',(0.,1.,0.));
#7025=DIRECTION('ref_axis',(0.,0.,-1.));
#7026=DIRECTION('center_axis',(0.,0.,-1.));
#7027=DIRECTION('ref_axis',(-1.,0.,0.));
#7028=DIRECTION('center_axis',(1.,0.,0.));
#7029=DIRECTION('ref_axis',(0.,0.,-1.));
#7030=DIRECTION('center_axis',(1.,0.,0.));
#7031=DIRECTION('ref_axis',(0.,0.70710678118654,-0.707106781186555));
#7032=DIRECTION('center_axis',(1.,0.,0.));
#7033=DIRECTION('ref_axis',(0.,0.,-1.));
#7034=DIRECTION('center_axis',(0.,0.,-1.));
#7035=DIRECTION('ref_axis',(-1.,0.,0.));
#7036=DIRECTION('center_axis',(0.,-1.,0.));
#7037=DIRECTION('ref_axis',(0.,0.,-1.));
#7038=DIRECTION('center_axis',(0.,-1.,0.));
#7039=DIRECTION('ref_axis',(0.707106781186603,0.,-0.707106781186492));
#7040=DIRECTION('center_axis',(0.,-1.,0.));
#7041=DIRECTION('ref_axis',(0.,0.,-1.));
#7042=DIRECTION('center_axis',(0.,0.,1.));
#7043=DIRECTION('ref_axis',(1.,0.,0.));
#7044=DIRECTION('center_axis',(1.,0.,0.));
#7045=DIRECTION('ref_axis',(0.,0.,-1.));
#7046=DIRECTION('center_axis',(1.,3.50262612521E-16,0.));
#7047=DIRECTION('ref_axis',(-2.47673068509713E-16,0.70710678118654,-0.707106781186555));
#7048=DIRECTION('center_axis',(1.,0.,0.));
#7049=DIRECTION('ref_axis',(0.,0.,-1.));
#7050=DIRECTION('center_axis',(0.,0.,1.));
#7051=DIRECTION('ref_axis',(1.,0.,0.));
#7052=DIRECTION('center_axis',(0.,1.,0.));
#7053=DIRECTION('ref_axis',(0.,0.,-1.));
#7054=DIRECTION('center_axis',(0.,1.,0.));
#7055=DIRECTION('ref_axis',(-0.707106781186603,0.,-0.707106781186492));
#7056=DIRECTION('center_axis',(0.,1.,0.));
#7057=DIRECTION('ref_axis',(0.,0.,-1.));
#7058=DIRECTION('center_axis',(0.,0.,-1.));
#7059=DIRECTION('ref_axis',(-1.,0.,0.));
#7060=DIRECTION('center_axis',(1.,0.,0.));
#7061=DIRECTION('ref_axis',(0.,0.,-1.));
#7062=DIRECTION('center_axis',(1.,0.,0.));
#7063=DIRECTION('ref_axis',(0.,0.70710678118654,-0.707106781186555));
#7064=DIRECTION('center_axis',(1.,0.,0.));
#7065=DIRECTION('ref_axis',(0.,0.,-1.));
#7066=DIRECTION('center_axis',(0.,0.,-1.));
#7067=DIRECTION('ref_axis',(-1.,0.,0.));
#7068=DIRECTION('center_axis',(0.,-1.,0.));
#7069=DIRECTION('ref_axis',(0.,0.,-1.));
#7070=DIRECTION('center_axis',(0.,-1.,0.));
#7071=DIRECTION('ref_axis',(0.707106781186603,0.,-0.707106781186492));
#7072=DIRECTION('center_axis',(0.,-1.,0.));
#7073=DIRECTION('ref_axis',(0.,0.,-1.));
#7074=DIRECTION('center_axis',(0.,0.,1.));
#7075=DIRECTION('ref_axis',(1.,0.,0.));
#7076=DIRECTION('center_axis',(1.,0.,0.));
#7077=DIRECTION('ref_axis',(0.,0.,-1.));
#7078=DIRECTION('center_axis',(1.,3.50262612521E-16,0.));
#7079=DIRECTION('ref_axis',(-2.47673068509713E-16,0.70710678118654,-0.707106781186555));
#7080=DIRECTION('center_axis',(1.,0.,0.));
#7081=DIRECTION('ref_axis',(0.,0.,-1.));
#7082=DIRECTION('center_axis',(0.,0.,1.));
#7083=DIRECTION('ref_axis',(1.,0.,0.));
#7084=DIRECTION('center_axis',(0.,1.,0.));
#7085=DIRECTION('ref_axis',(0.,0.,-1.));
#7086=DIRECTION('center_axis',(0.,1.,0.));
#7087=DIRECTION('ref_axis',(-0.70710678118654,0.,-0.707106781186555));
#7088=DIRECTION('center_axis',(0.,1.,0.));
#7089=DIRECTION('ref_axis',(0.,0.,-1.));
#7090=DIRECTION('center_axis',(0.,0.,-1.));
#7091=DIRECTION('ref_axis',(-1.,0.,0.));
#7092=DIRECTION('center_axis',(1.,0.,0.));
#7093=DIRECTION('ref_axis',(0.,0.,-1.));
#7094=DIRECTION('center_axis',(1.,0.,0.));
#7095=DIRECTION('ref_axis',(0.,0.70710678118654,-0.707106781186555));
#7096=DIRECTION('center_axis',(1.,0.,0.));
#7097=DIRECTION('ref_axis',(0.,0.,-1.));
#7098=DIRECTION('center_axis',(0.,0.,-1.));
#7099=DIRECTION('ref_axis',(-1.,0.,0.));
#7100=DIRECTION('center_axis',(0.,-1.,0.));
#7101=DIRECTION('ref_axis',(0.,0.,-1.));
#7102=DIRECTION('center_axis',(0.,-1.,0.));
#7103=DIRECTION('ref_axis',(0.70710678118654,0.,-0.707106781186555));
#7104=DIRECTION('center_axis',(0.,-1.,0.));
#7105=DIRECTION('ref_axis',(0.,0.,-1.));
#7106=DIRECTION('center_axis',(0.,0.,1.));
#7107=DIRECTION('ref_axis',(1.,0.,0.));
#7108=DIRECTION('center_axis',(1.,0.,0.));
#7109=DIRECTION('ref_axis',(0.,0.,-1.));
#7110=DIRECTION('center_axis',(1.,3.50262612521E-16,0.));
#7111=DIRECTION('ref_axis',(-2.47673068509713E-16,0.70710678118654,-0.707106781186555));
#7112=DIRECTION('center_axis',(1.,0.,0.));
#7113=DIRECTION('ref_axis',(0.,0.,-1.));
#7114=DIRECTION('center_axis',(0.,0.,1.));
#7115=DIRECTION('ref_axis',(1.,0.,0.));
#7116=DIRECTION('center_axis',(0.,1.,0.));
#7117=DIRECTION('ref_axis',(0.,0.,-1.));
#7118=DIRECTION('center_axis',(0.,1.,0.));
#7119=DIRECTION('ref_axis',(-0.70710678118654,0.,-0.707106781186555));
#7120=DIRECTION('center_axis',(0.,1.,0.));
#7121=DIRECTION('ref_axis',(0.,0.,-1.));
#7122=DIRECTION('center_axis',(0.,0.,-1.));
#7123=DIRECTION('ref_axis',(-1.,0.,0.));
#7124=DIRECTION('center_axis',(1.,0.,0.));
#7125=DIRECTION('ref_axis',(0.,0.,-1.));
#7126=DIRECTION('center_axis',(1.,0.,0.));
#7127=DIRECTION('ref_axis',(0.,0.70710678118654,-0.707106781186555));
#7128=DIRECTION('center_axis',(1.,0.,0.));
#7129=DIRECTION('ref_axis',(0.,0.,-1.));
#7130=DIRECTION('center_axis',(0.,0.,-1.));
#7131=DIRECTION('ref_axis',(-1.,0.,0.));
#7132=DIRECTION('center_axis',(0.,-1.,0.));
#7133=DIRECTION('ref_axis',(0.,0.,-1.));
#7134=DIRECTION('center_axis',(-1.64953447878294E-15,-1.,0.));
#7135=DIRECTION('ref_axis',(0.70710678118654,-1.16639701574842E-15,-0.707106781186555));
#7136=DIRECTION('center_axis',(0.,1.,0.));
#7137=DIRECTION('ref_axis',(1.,0.,0.));
#7138=DIRECTION('center_axis',(0.,0.,1.));
#7139=DIRECTION('ref_axis',(1.,0.,0.));
#7140=DIRECTION('center_axis',(-1.,-8.88178419700223E-14,0.));
#7141=DIRECTION('ref_axis',(-8.88178419700223E-14,1.,0.));
#7142=DIRECTION('center_axis',(1.,3.50262612521E-16,0.));
#7143=DIRECTION('ref_axis',(-2.47673068509713E-16,0.70710678118654,-0.707106781186555));
#7144=DIRECTION('center_axis',(-1.,0.,0.));
#7145=DIRECTION('ref_axis',(0.,1.,0.));
#7146=DIRECTION('center_axis',(0.,0.,-1.));
#7147=DIRECTION('ref_axis',(-1.,0.,0.));
#7148=DIRECTION('center_axis',(0.,1.,0.));
#7149=DIRECTION('ref_axis',(1.,0.,0.));
#7150=DIRECTION('center_axis',(3.67015875909142E-16,-1.,0.));
#7151=DIRECTION('ref_axis',(0.707106781186548,2.59519414658475E-16,-0.707106781186547));
#7152=DIRECTION('center_axis',(1.,0.,0.));
#7153=DIRECTION('ref_axis',(0.,0.707106781186519,-0.707106781186576));
#7154=DIRECTION('center_axis',(-1.,0.,0.));
#7155=DIRECTION('ref_axis',(0.,1.,0.));
#7156=DIRECTION('center_axis',(0.,0.,-1.));
#7157=DIRECTION('ref_axis',(-1.,0.,0.));
#7158=DIRECTION('center_axis',(0.,1.,0.));
#7159=DIRECTION('ref_axis',(1.,0.,0.));
#7160=DIRECTION('center_axis',(0.,-1.,0.));
#7161=DIRECTION('ref_axis',(0.70710678118655,0.,-0.707106781186545));
#7162=DIRECTION('center_axis',(0.,1.,0.));
#7163=DIRECTION('ref_axis',(1.,0.,0.));
#7164=DIRECTION('center_axis',(0.,0.,-1.));
#7165=DIRECTION('ref_axis',(-1.,0.,0.));
#7166=DIRECTION('center_axis',(1.,7.40148683083432E-15,0.));
#7167=DIRECTION('ref_axis',(7.40148683083432E-15,-1.,0.));
#7168=DIRECTION('center_axis',(-1.,0.,0.));
#7169=DIRECTION('ref_axis',(0.,-0.70710678118654,-0.707106781186555));
#7170=DIRECTION('center_axis',(3.67015875909142E-16,-1.,0.));
#7171=DIRECTION('ref_axis',(0.707106781186548,2.59519414658475E-16,-0.707106781186547));
#7172=DIRECTION('center_axis',(0.,-1.,0.));
#7173=DIRECTION('ref_axis',(0.,0.,-1.));
#7174=DIRECTION('center_axis',(0.,0.,1.));
#7175=DIRECTION('ref_axis',(1.,0.,0.));
#7176=DIRECTION('center_axis',(1.,0.,0.));
#7177=DIRECTION('ref_axis',(0.,-1.,0.));
#7178=DIRECTION('center_axis',(1.,-3.50262612521E-17,0.));
#7179=DIRECTION('ref_axis',(-2.47673068509713E-17,-0.70710678118654,-0.707106781186555));
#7180=DIRECTION('center_axis',(-1.,0.,0.));
#7181=DIRECTION('ref_axis',(0.,0.,-1.));
#7182=DIRECTION('center_axis',(0.,0.,1.));
#7183=DIRECTION('ref_axis',(1.,0.,0.));
#7184=DIRECTION('center_axis',(0.,-1.,0.));
#7185=DIRECTION('ref_axis',(0.,0.,-1.));
#7186=DIRECTION('center_axis',(-1.64953447878294E-15,-1.,0.));
#7187=DIRECTION('ref_axis',(0.70710678118654,-1.16639701574842E-15,-0.707106781186555));
#7188=DIRECTION('center_axis',(0.,-1.,0.));
#7189=DIRECTION('ref_axis',(0.,0.,-1.));
#7190=DIRECTION('center_axis',(0.,0.,1.));
#7191=DIRECTION('ref_axis',(1.,0.,0.));
#7192=DIRECTION('center_axis',(-1.,0.,0.));
#7193=DIRECTION('ref_axis',(0.,0.,-1.));
#7194=DIRECTION('center_axis',(-1.,0.,0.));
#7195=DIRECTION('ref_axis',(0.,-0.70710678118654,-0.707106781186555));
#7196=DIRECTION('center_axis',(-1.,0.,0.));
#7197=DIRECTION('ref_axis',(0.,0.,-1.));
#7198=DIRECTION('center_axis',(0.,0.,1.));
#7199=DIRECTION('ref_axis',(1.,0.,0.));
#7200=DIRECTION('center_axis',(0.,1.,0.));
#7201=DIRECTION('ref_axis',(0.,0.,-1.));
#7202=DIRECTION('center_axis',(0.,1.,0.));
#7203=DIRECTION('ref_axis',(-0.70710678118654,0.,-0.707106781186555));
#7204=DIRECTION('center_axis',(0.,1.,0.));
#7205=DIRECTION('ref_axis',(0.,0.,-1.));
#7206=DIRECTION('center_axis',(0.,0.,1.));
#7207=DIRECTION('ref_axis',(1.,0.,0.));
#7208=DIRECTION('center_axis',(-1.,0.,0.));
#7209=DIRECTION('ref_axis',(0.,0.,-1.));
#7210=DIRECTION('center_axis',(1.,-3.50262612521E-17,0.));
#7211=DIRECTION('ref_axis',(-2.47673068509713E-17,-0.70710678118654,-0.707106781186555));
#7212=DIRECTION('center_axis',(-1.,0.,0.));
#7213=DIRECTION('ref_axis',(0.,0.,-1.));
#7214=DIRECTION('center_axis',(0.,0.,1.));
#7215=DIRECTION('ref_axis',(1.,0.,0.));
#7216=DIRECTION('center_axis',(0.,-1.,0.));
#7217=DIRECTION('ref_axis',(0.,0.,-1.));
#7218=DIRECTION('center_axis',(0.,-1.,0.));
#7219=DIRECTION('ref_axis',(0.70710678118654,0.,-0.707106781186555));
#7220=DIRECTION('center_axis',(0.,-1.,0.));
#7221=DIRECTION('ref_axis',(0.,0.,-1.));
#7222=DIRECTION('center_axis',(0.,0.,1.));
#7223=DIRECTION('ref_axis',(1.,0.,0.));
#7224=DIRECTION('center_axis',(-1.,0.,0.));
#7225=DIRECTION('ref_axis',(0.,0.,-1.));
#7226=DIRECTION('center_axis',(-1.,0.,0.));
#7227=DIRECTION('ref_axis',(0.,-0.707106781186556,-0.707106781186539));
#7228=DIRECTION('center_axis',(-1.,0.,0.));
#7229=DIRECTION('ref_axis',(0.,0.,-1.));
#7230=DIRECTION('center_axis',(0.,0.,1.));
#7231=DIRECTION('ref_axis',(1.,0.,0.));
#7232=DIRECTION('center_axis',(0.,1.,0.));
#7233=DIRECTION('ref_axis',(0.,0.,-1.));
#7234=DIRECTION('center_axis',(0.,1.,0.));
#7235=DIRECTION('ref_axis',(-0.70710678118654,0.,-0.707106781186555));
#7236=DIRECTION('center_axis',(0.,1.,0.));
#7237=DIRECTION('ref_axis',(0.,0.,-1.));
#7238=DIRECTION('center_axis',(0.,0.,1.));
#7239=DIRECTION('ref_axis',(1.,0.,0.));
#7240=DIRECTION('center_axis',(0.,0.,1.));
#7241=DIRECTION('ref_axis',(1.,0.,0.));
#7242=DIRECTION('center_axis',(0.,-1.,0.));
#7243=DIRECTION('ref_axis',(0.,0.,-1.));
#7244=DIRECTION('center_axis',(0.,-1.,0.));
#7245=DIRECTION('ref_axis',(0.707106781186603,0.,-0.707106781186492));
#7246=DIRECTION('center_axis',(0.,-1.,0.));
#7247=DIRECTION('ref_axis',(0.,0.,-1.));
#7248=DIRECTION('center_axis',(0.,0.,1.));
#7249=DIRECTION('ref_axis',(1.,0.,0.));
#7250=DIRECTION('center_axis',(0.,0.,1.));
#7251=DIRECTION('ref_axis',(-2.22044604925032E-15,1.,0.));
#7252=DIRECTION('',(0.,0.,1.));
#7253=DIRECTION('center_axis',(-1.,0.,0.));
#7254=DIRECTION('ref_axis',(0.,-1.,0.));
#7255=DIRECTION('',(0.,0.,1.));
#7256=DIRECTION('center_axis',(0.,0.,1.));
#7257=DIRECTION('ref_axis',(-1.,0.,0.));
#7258=DIRECTION('',(0.,0.,1.));
#7259=DIRECTION('center_axis',(-6.79100387804741E-17,-1.,0.));
#7260=DIRECTION('ref_axis',(1.,-6.79100387804741E-17,0.));
#7261=DIRECTION('',(0.,0.,1.));
#7262=DIRECTION('center_axis',(0.,0.,1.));
#7263=DIRECTION('ref_axis',(0.,-1.,0.));
#7264=DIRECTION('',(0.,0.,1.));
#7265=DIRECTION('center_axis',(1.,0.,0.));
#7266=DIRECTION('ref_axis',(0.,1.,0.));
#7267=DIRECTION('',(0.,0.,1.));
#7268=DIRECTION('center_axis',(0.,0.,1.));
#7269=DIRECTION('ref_axis',(1.,1.18423789293348E-14,0.));
#7270=CARTESIAN_POINT('',(0.,0.,0.));
#7271=CARTESIAN_POINT('Origin',(216.6666475135,-33.9125,11.05));
#7272=CARTESIAN_POINT('',(140.157319290155,-33.9125,10.8));
#7273=CARTESIAN_POINT('',(139.861515301,-33.6625,11.05));
#7274=CARTESIAN_POINT('Ctrl Pts',(139.861515301,-33.6625,11.05));
#7275=CARTESIAN_POINT('Ctrl Pts',(139.896630618235,-33.6625,11.0179442477278));
#7276=CARTESIAN_POINT('Ctrl Pts',(139.934717684181,-33.6689359576477,10.9831313230951));
#7277=CARTESIAN_POINT('Ctrl Pts',(140.00752855728,-33.6975440783223,10.9174706768789));
#7278=CARTESIAN_POINT('Ctrl Pts',(140.042223455002,-33.719619915186,10.8865489880814));
#7279=CARTESIAN_POINT('Ctrl Pts',(140.090909993477,-33.7672178130037,10.8449496374815));
#7280=CARTESIAN_POINT('Ctrl Pts',(140.110364422828,-33.7918792799311,10.8289084576564));
#7281=CARTESIAN_POINT('Ctrl Pts',(140.140911056019,-33.8485906687829,10.8063887769415));
#7282=CARTESIAN_POINT('Ctrl Pts',(140.151945350062,-33.880707341658,10.8));
#7283=CARTESIAN_POINT('Ctrl Pts',(140.157319290155,-33.9125,10.8));
#7284=CARTESIAN_POINT('',(155.208295027,-33.6625,11.05));
#7285=CARTESIAN_POINT('',(216.6666475135,-33.6625,11.05));
#7286=CARTESIAN_POINT('',(154.912491037845,-33.9125,10.8));
#7287=CARTESIAN_POINT('Ctrl Pts',(154.912491037845,-33.9125,10.8));
#7288=CARTESIAN_POINT('Ctrl Pts',(154.917864977938,-33.880707341658,10.8));
#7289=CARTESIAN_POINT('Ctrl Pts',(154.928899271981,-33.8485906687829,10.8063887769415));
#7290=CARTESIAN_POINT('Ctrl Pts',(154.959445905172,-33.7918792799311,10.8289084576564));
#7291=CARTESIAN_POINT('Ctrl Pts',(154.978900334523,-33.7672178130037,10.8449496374815));
#7292=CARTESIAN_POINT('Ctrl Pts',(155.027586872998,-33.719619915186,10.8865489880814));
#7293=CARTESIAN_POINT('Ctrl Pts',(155.06228177072,-33.6975440783223,10.9174706768789));
#7294=CARTESIAN_POINT('Ctrl Pts',(155.135092643819,-33.6689359576477,10.9831313230951));
#7295=CARTESIAN_POINT('Ctrl Pts',(155.173179709765,-33.6625,11.0179442477278));
#7296=CARTESIAN_POINT('Ctrl Pts',(155.208295027,-33.6625,11.05));
#7297=CARTESIAN_POINT('',(216.6666475135,-33.9125,10.8));
#7298=CARTESIAN_POINT('Origin',(278.425,-33.6625,0.));
#7299=CARTESIAN_POINT('',(155.208295027,-33.6625,0.));
#7300=CARTESIAN_POINT('',(155.208295027,-33.6625,1.82908020499182));
#7301=CARTESIAN_POINT('',(139.861515301,-33.6625,0.));
#7302=CARTESIAN_POINT('',(139.861515301,-33.6625,5.9));
#7303=CARTESIAN_POINT('',(16.85,-33.6625,0.));
#7304=CARTESIAN_POINT('',(14.648746011867,-33.6625,0.));
#7305=CARTESIAN_POINT('',(16.85,-33.6625,14.7));
#7306=CARTESIAN_POINT('',(16.85,-33.6625,0.));
#7307=CARTESIAN_POINT('',(278.425,-33.6625,14.7));
#7308=CARTESIAN_POINT('',(213.03125,-33.6625,14.7));
#7309=CARTESIAN_POINT('',(278.425,-33.6625,0.));
#7310=CARTESIAN_POINT('',(278.425,-33.6625,0.));
#7311=CARTESIAN_POINT('',(14.648746011867,-33.6625,0.));
#7312=CARTESIAN_POINT('Origin',(87.8791475135,-41.9125,11.05));
#7313=CARTESIAN_POINT('',(154.912491037845,-41.9125,10.8));
#7314=CARTESIAN_POINT('',(155.208295027,-42.1625,11.05));
#7315=CARTESIAN_POINT('Ctrl Pts',(155.208295027,-42.1625,11.05));
#7316=CARTESIAN_POINT('Ctrl Pts',(155.173179709765,-42.1625,11.0179442477278));
#7317=CARTESIAN_POINT('Ctrl Pts',(155.135092643819,-42.1560640423523,10.9831313230951));
#7318=CARTESIAN_POINT('Ctrl Pts',(155.06228177072,-42.1274559216777,10.9174706768789));
#7319=CARTESIAN_POINT('Ctrl Pts',(155.027586872998,-42.105380084814,10.8865489880814));
#7320=CARTESIAN_POINT('Ctrl Pts',(154.978900334523,-42.0577821869963,10.8449496374815));
#7321=CARTESIAN_POINT('Ctrl Pts',(154.959445905172,-42.033120720069,10.8289084576564));
#7322=CARTESIAN_POINT('Ctrl Pts',(154.928899271981,-41.9764093312171,10.8063887769415));
#7323=CARTESIAN_POINT('Ctrl Pts',(154.917864977938,-41.944292658342,10.8));
#7324=CARTESIAN_POINT('Ctrl Pts',(154.912491037845,-41.9125,10.8));
#7325=CARTESIAN_POINT('',(139.861515301,-42.1625,11.05));
#7326=CARTESIAN_POINT('',(87.8791475135,-42.1625,11.05));
#7327=CARTESIAN_POINT('',(140.157319290155,-41.9125,10.8));
#7328=CARTESIAN_POINT('Ctrl Pts',(140.157319290155,-41.9125,10.8));
#7329=CARTESIAN_POINT('Ctrl Pts',(140.151945350062,-41.944292658342,10.8));
#7330=CARTESIAN_POINT('Ctrl Pts',(140.140911056019,-41.9764093312171,10.8063887769415));
#7331=CARTESIAN_POINT('Ctrl Pts',(140.110364422828,-42.0331207200689,10.8289084576564));
#7332=CARTESIAN_POINT('Ctrl Pts',(140.090909993477,-42.0577821869963,10.8449496374815));
#7333=CARTESIAN_POINT('Ctrl Pts',(140.042223455002,-42.105380084814,10.8865489880814));
#7334=CARTESIAN_POINT('Ctrl Pts',(140.00752855728,-42.1274559216777,10.9174706768789));
#7335=CARTESIAN_POINT('Ctrl Pts',(139.934717684181,-42.1560640423523,10.9831313230951));
#7336=CARTESIAN_POINT('Ctrl Pts',(139.896630618235,-42.1625,11.0179442477278));
#7337=CARTESIAN_POINT('Ctrl Pts',(139.861515301,-42.1625,11.05));
#7338=CARTESIAN_POINT('',(87.8791475135,-41.9125,10.8));
#7339=CARTESIAN_POINT('Origin',(20.85,-42.1625,0.));
#7340=CARTESIAN_POINT('',(139.861515301,-42.1625,0.2));
#7341=CARTESIAN_POINT('',(139.861515301,-42.1625,5.9));
#7342=CARTESIAN_POINT('',(155.208295027,-42.1625,0.2));
#7343=CARTESIAN_POINT('',(155.208295027,-42.1625,1.82908020499182));
#7344=CARTESIAN_POINT('',(197.510984141571,-42.1625,0.2));
#7345=CARTESIAN_POINT('',(84.24375,-42.1625,0.2));
#7346=CARTESIAN_POINT('',(197.510984141571,-42.1625,6.6));
#7347=CARTESIAN_POINT('',(197.510984141571,-42.1625,0.));
#7348=CARTESIAN_POINT('',(212.648213152927,-42.1625,6.6));
#7349=CARTESIAN_POINT('',(34.2147993236245,-42.1625,6.6));
#7350=CARTESIAN_POINT('',(212.648213152927,-42.1625,0.2));
#7351=CARTESIAN_POINT('',(212.648213152927,-42.1625,0.));
#7352=CARTESIAN_POINT('',(240.010984141571,-42.1625,0.2));
#7353=CARTESIAN_POINT('',(84.24375,-42.1625,0.2));
#7354=CARTESIAN_POINT('',(240.010984141571,-42.1625,6.6));
#7355=CARTESIAN_POINT('',(240.010984141571,-42.1625,0.));
#7356=CARTESIAN_POINT('',(255.148213152927,-42.1625,6.6));
#7357=CARTESIAN_POINT('',(34.2147993236245,-42.1625,6.6));
#7358=CARTESIAN_POINT('',(255.148213152927,-42.1625,0.2));
#7359=CARTESIAN_POINT('',(255.148213152927,-42.1625,0.));
#7360=CARTESIAN_POINT('',(274.425,-42.1625,0.2));
#7361=CARTESIAN_POINT('',(84.24375,-42.1625,0.2));
#7362=CARTESIAN_POINT('',(274.425,-42.1625,14.7));
#7363=CARTESIAN_POINT('',(274.425,-42.1625,0.));
#7364=CARTESIAN_POINT('',(20.85,-42.1625,14.7));
#7365=CARTESIAN_POINT('',(84.24375,-42.1625,14.7));
#7366=CARTESIAN_POINT('',(20.85,-42.1625,0.2));
#7367=CARTESIAN_POINT('',(20.85,-42.1625,0.));
#7368=CARTESIAN_POINT('',(40.0109841415713,-42.1625,0.2));
#7369=CARTESIAN_POINT('',(84.24375,-42.1625,0.2));
#7370=CARTESIAN_POINT('',(40.0109841415713,-42.1625,6.6));
#7371=CARTESIAN_POINT('',(40.0109841415713,-42.1625,0.));
#7372=CARTESIAN_POINT('',(55.1482131529266,-42.1625,6.6));
#7373=CARTESIAN_POINT('',(34.2147993236245,-42.1625,6.6));
#7374=CARTESIAN_POINT('',(55.1482131529266,-42.1625,0.2));
#7375=CARTESIAN_POINT('',(55.1482131529266,-42.1625,0.));
#7376=CARTESIAN_POINT('',(82.5109841415713,-42.1625,0.2));
#7377=CARTESIAN_POINT('',(84.24375,-42.1625,0.2));
#7378=CARTESIAN_POINT('',(82.5109841415713,-42.1625,6.6));
#7379=CARTESIAN_POINT('',(82.5109841415713,-42.1625,0.));
#7380=CARTESIAN_POINT('',(97.6482131529266,-42.1625,6.6));
#7381=CARTESIAN_POINT('',(34.2147993236245,-42.1625,6.6));
#7382=CARTESIAN_POINT('',(97.6482131529266,-42.1625,0.2));
#7383=CARTESIAN_POINT('',(97.6482131529266,-42.1625,0.));
#7384=CARTESIAN_POINT('',(84.24375,-42.1625,0.2));
#7385=CARTESIAN_POINT('Origin',(154.908295027,-33.6625,10.8));
#7386=CARTESIAN_POINT('',(154.908295027,-33.9625,10.8));
#7387=CARTESIAN_POINT('Origin',(155.208295027,-33.9625,10.8));
#7388=CARTESIAN_POINT('',(154.908295027,-41.8625,10.8));
#7389=CARTESIAN_POINT('',(154.908295027,-33.6625,10.8));
#7390=CARTESIAN_POINT('Origin',(155.208295027,-41.8625,10.8));
#7391=CARTESIAN_POINT('',(140.161515301,-41.8625,10.8));
#7392=CARTESIAN_POINT('Origin',(139.861515301,-41.8625,10.8));
#7393=CARTESIAN_POINT('',(140.161515301,-33.9625,10.8));
#7394=CARTESIAN_POINT('',(140.161515301,-33.6625,10.8));
#7395=CARTESIAN_POINT('Origin',(139.861515301,-33.9625,10.8));
#7396=CARTESIAN_POINT('Origin',(155.208295027,-33.9625,1.82908020499182));
#7397=CARTESIAN_POINT('',(154.908295027,-33.9625,0.));
#7398=CARTESIAN_POINT('Origin',(155.208295027,-33.9625,0.));
#7399=CARTESIAN_POINT('',(154.908295027,-33.9625,1.82908020499182));
#7400=CARTESIAN_POINT('Origin',(139.861515301,-33.9625,5.9));
#7401=CARTESIAN_POINT('',(140.161515301,-33.9625,0.));
#7402=CARTESIAN_POINT('',(140.161515301,-33.9625,5.9));
#7403=CARTESIAN_POINT('Origin',(139.861515301,-33.9625,0.));
#7404=CARTESIAN_POINT('Origin',(140.161515301,-33.6625,11.8));
#7405=CARTESIAN_POINT('',(140.161515301,-41.8625,0.));
#7406=CARTESIAN_POINT('',(140.161515301,-41.8625,5.9));
#7407=CARTESIAN_POINT('',(140.161515301,-61.4125,0.));
#7408=CARTESIAN_POINT('Origin',(139.861515301,-41.8625,5.9));
#7409=CARTESIAN_POINT('',(140.144358013475,-41.9625,0.));
#7410=CARTESIAN_POINT('Ctrl Pts',(140.144358013475,-41.9625,3.46944695192336E-17));
#7411=CARTESIAN_POINT('Ctrl Pts',(140.134205930111,-41.991214427958,-2.49231606465675E-16));
#7412=CARTESIAN_POINT('Ctrl Pts',(140.119040251555,-42.0193439673178,0.00646245160976918));
#7413=CARTESIAN_POINT('Ctrl Pts',(140.082270481363,-42.0679379786318,0.0279352858645338));
#7414=CARTESIAN_POINT('Ctrl Pts',(140.060679946956,-42.0883745772164,0.0430318647417843));
#7415=CARTESIAN_POINT('Ctrl Pts',(140.013623003006,-42.1230870363286,0.0777443238539657));
#7416=CARTESIAN_POINT('Ctrl Pts',(139.983771440016,-42.1383482775398,0.10114130379003));
#7417=CARTESIAN_POINT('Ctrl Pts',(139.922241278596,-42.1580688799469,0.150368382436307));
#7418=CARTESIAN_POINT('Ctrl Pts',(139.890598077403,-42.1625,0.176254012503146));
#7419=CARTESIAN_POINT('Ctrl Pts',(139.861515301,-42.1625,0.2));
#7420=CARTESIAN_POINT('Origin',(139.861515301,-41.8625,0.));
#7421=CARTESIAN_POINT('Origin',(155.208295027,-41.8625,1.82908020499182));
#7422=CARTESIAN_POINT('',(154.908295027,-41.8625,0.));
#7423=CARTESIAN_POINT('',(154.908295027,-41.8625,1.82908020499182));
#7424=CARTESIAN_POINT('',(154.925452314525,-41.9625,0.));
#7425=CARTESIAN_POINT('Origin',(155.208295027,-41.8625,0.));
#7426=CARTESIAN_POINT('Ctrl Pts',(155.208295027,-42.1625,0.2));
#7427=CARTESIAN_POINT('Ctrl Pts',(155.179212250597,-42.1625,0.176254012503146));
#7428=CARTESIAN_POINT('Ctrl Pts',(155.147569049404,-42.1580688799469,0.15036838243631));
#7429=CARTESIAN_POINT('Ctrl Pts',(155.086038887984,-42.1383482775398,0.101141303790027));
#7430=CARTESIAN_POINT('Ctrl Pts',(155.056187324994,-42.1230870363286,0.0777443238539657));
#7431=CARTESIAN_POINT('Ctrl Pts',(155.009130381044,-42.0883745772164,0.0430318647417844));
#7432=CARTESIAN_POINT('Ctrl Pts',(154.987539846637,-42.0679379786319,0.0279352858645435));
#7433=CARTESIAN_POINT('Ctrl Pts',(154.950770076445,-42.0193439673178,0.00646245160978051));
#7434=CARTESIAN_POINT('Ctrl Pts',(154.935604397889,-41.991214427958,9.51227767435384E-16));
#7435=CARTESIAN_POINT('Ctrl Pts',(154.925452314525,-41.9625,3.46944695194548E-17));
#7436=CARTESIAN_POINT('Origin',(154.908295027,-33.6625,3.65816040998365));
#7437=CARTESIAN_POINT('',(154.908295027,-57.4625,0.));
#7438=CARTESIAN_POINT('Origin',(147.6375,-80.9625,0.));
#7439=CARTESIAN_POINT('',(97.6482131529266,-41.9625,0.));
#7440=CARTESIAN_POINT('',(84.24375,-41.9625,0.));
#7441=CARTESIAN_POINT('',(96.8482131529266,-41.1625,0.));
#7442=CARTESIAN_POINT('Origin',(97.6482131529266,-41.1625,0.));
#7443=CARTESIAN_POINT('',(96.8482131529266,-37.8214345111998,0.));
#7444=CARTESIAN_POINT('',(96.8482131529266,-61.3125,0.));
#7445=CARTESIAN_POINT('',(95.1482131529266,-36.1214345111998,0.));
#7446=CARTESIAN_POINT('Origin',(95.1482131529266,-37.8214345111998,0.));
#7447=CARTESIAN_POINT('',(85.0109841415713,-36.1214345111998,0.));
#7448=CARTESIAN_POINT('',(200.892856576463,-36.1214345111998,0.));
#7449=CARTESIAN_POINT('',(83.3109841415713,-37.8214345111998,0.));
#7450=CARTESIAN_POINT('Origin',(85.0109841415713,-37.8214345111998,0.));
#7451=CARTESIAN_POINT('',(83.3109841415713,-41.1625,0.));
#7452=CARTESIAN_POINT('',(83.3109841415713,-58.6419672555999,0.));
#7453=CARTESIAN_POINT('',(82.5109841415713,-41.9625,0.));
#7454=CARTESIAN_POINT('Origin',(82.5109841415713,-41.1625,0.));
#7455=CARTESIAN_POINT('',(55.1482131529266,-41.9625,0.));
#7456=CARTESIAN_POINT('',(84.24375,-41.9625,0.));
#7457=CARTESIAN_POINT('',(54.3482131529266,-41.1625,0.));
#7458=CARTESIAN_POINT('Origin',(55.1482131529266,-41.1625,0.));
#7459=CARTESIAN_POINT('',(54.3482131529266,-37.807197957916,0.));
#7460=CARTESIAN_POINT('',(54.3482131529266,-61.314848978958,0.));
#7461=CARTESIAN_POINT('',(52.6482131529266,-36.107197957916,0.));
#7462=CARTESIAN_POINT('Origin',(52.6482131529266,-37.807197957916,0.));
#7463=CARTESIAN_POINT('',(42.5109841415713,-36.107197957916,0.));
#7464=CARTESIAN_POINT('',(100.892856576463,-36.107197957916,0.));
#7465=CARTESIAN_POINT('',(40.8109841415713,-37.807197957916,0.));
#7466=CARTESIAN_POINT('Origin',(42.5109841415713,-37.807197957916,0.));
#7467=CARTESIAN_POINT('',(40.8109841415713,-41.1625,0.));
#7468=CARTESIAN_POINT('',(40.8109841415712,-58.6348489789579,0.));
#7469=CARTESIAN_POINT('',(40.0109841415713,-41.9625,0.));
#7470=CARTESIAN_POINT('Origin',(40.0109841415713,-41.1625,0.));
#7471=CARTESIAN_POINT('',(20.85,-41.9625,0.));
#7472=CARTESIAN_POINT('',(84.24375,-41.9625,0.));
#7473=CARTESIAN_POINT('',(17.65,-45.1625,0.));
#7474=CARTESIAN_POINT('Origin',(20.85,-45.1625,0.));
#7475=CARTESIAN_POINT('',(17.65,-71.3221696206492,-3.46944695195361E-17));
#7476=CARTESIAN_POINT('',(17.65,-99.1125000000001,0.));
#7477=CARTESIAN_POINT('',(15.3522904240918,-71.3221696206492,0.));
#7478=CARTESIAN_POINT('',(82.59375,-71.3221696206492,0.));
#7479=CARTESIAN_POINT('',(14.5522904240918,-72.1221696206492,0.));
#7480=CARTESIAN_POINT('Origin',(15.3522904240918,-72.1221696206492,0.));
#7481=CARTESIAN_POINT('',(14.5522904240918,-91.5221696206492,0.));
#7482=CARTESIAN_POINT('',(14.5522904240918,-76.6423348103246,0.));
#7483=CARTESIAN_POINT('',(15.3522904240918,-92.3221696206492,0.));
#7484=CARTESIAN_POINT('Origin',(15.3522904240918,-91.5221696206492,0.));
#7485=CARTESIAN_POINT('',(17.65,-92.3221696206492,3.46944695195361E-17));
#7486=CARTESIAN_POINT('',(81.5948952120459,-92.3221696206492,0.));
#7487=CARTESIAN_POINT('',(17.65,-117.2625,0.));
#7488=CARTESIAN_POINT('',(17.65,-99.1125000000001,0.));
#7489=CARTESIAN_POINT('',(20.85,-120.4625,0.));
#7490=CARTESIAN_POINT('Origin',(20.85,-117.2625,0.));
#7491=CARTESIAN_POINT('',(40.0109841415712,-120.4625,0.));
#7492=CARTESIAN_POINT('',(211.03125,-120.4625,0.));
#7493=CARTESIAN_POINT('',(40.8109841415711,-121.2625,0.));
#7494=CARTESIAN_POINT('Origin',(40.0109841415711,-121.2625,0.));
#7495=CARTESIAN_POINT('',(40.8109841415711,-124.1025,0.));
#7496=CARTESIAN_POINT('',(40.8109841415712,-58.6348489789579,0.));
#7497=CARTESIAN_POINT('',(42.5109841415711,-125.8025,0.));
#7498=CARTESIAN_POINT('Origin',(42.5109841415711,-124.1025,0.));
#7499=CARTESIAN_POINT('',(52.6482131529266,-125.8025,0.));
#7500=CARTESIAN_POINT('',(194.324242070786,-125.8025,0.));
#7501=CARTESIAN_POINT('',(54.3482131529266,-124.1025,0.));
#7502=CARTESIAN_POINT('Origin',(52.6482131529266,-124.1025,0.));
#7503=CARTESIAN_POINT('',(54.3482131529266,-121.2625,0.));
#7504=CARTESIAN_POINT('',(54.3482131529266,-61.314848978958,0.));
#7505=CARTESIAN_POINT('',(55.1482131529266,-120.4625,0.));
#7506=CARTESIAN_POINT('Origin',(55.1482131529266,-121.2625,0.));
#7507=CARTESIAN_POINT('',(82.5109841415713,-120.4625,0.));
#7508=CARTESIAN_POINT('',(211.03125,-120.4625,0.));
#7509=CARTESIAN_POINT('',(83.3109841415713,-121.2625,0.));
#7510=CARTESIAN_POINT('Origin',(82.5109841415713,-121.2625,0.));
#7511=CARTESIAN_POINT('',(83.3109841415713,-124.1025,0.));
#7512=CARTESIAN_POINT('',(83.3109841415713,-58.6419672555999,0.));
#7513=CARTESIAN_POINT('',(85.0109841415713,-125.8025,0.));
#7514=CARTESIAN_POINT('Origin',(85.0109841415713,-124.1025,0.));
#7515=CARTESIAN_POINT('',(95.1482131529266,-125.8025,0.));
#7516=CARTESIAN_POINT('',(194.324242070786,-125.8025,0.));
#7517=CARTESIAN_POINT('',(96.8482131529266,-124.1025,0.));
#7518=CARTESIAN_POINT('Origin',(95.1482131529266,-124.1025,0.));
#7519=CARTESIAN_POINT('',(96.8482131529266,-121.2625,0.));
#7520=CARTESIAN_POINT('',(96.8482131529266,-61.3125,0.));
#7521=CARTESIAN_POINT('',(97.6482131529266,-120.4625,0.));
#7522=CARTESIAN_POINT('Origin',(97.6482131529266,-121.2625,0.));
#7523=CARTESIAN_POINT('',(197.510984141571,-120.4625,0.));
#7524=CARTESIAN_POINT('',(211.03125,-120.4625,0.));
#7525=CARTESIAN_POINT('',(198.310984141571,-121.2625,0.));
#7526=CARTESIAN_POINT('Origin',(197.510984141571,-121.2625,0.));
#7527=CARTESIAN_POINT('',(198.310984141571,-124.1025,0.));
#7528=CARTESIAN_POINT('',(198.310984141571,-58.6419672555999,0.));
#7529=CARTESIAN_POINT('',(200.010984141571,-125.8025,0.));
#7530=CARTESIAN_POINT('Origin',(200.010984141571,-124.1025,0.));
#7531=CARTESIAN_POINT('',(210.148213152927,-125.8025,0.));
#7532=CARTESIAN_POINT('',(194.324242070786,-125.8025,0.));
#7533=CARTESIAN_POINT('',(211.848213152927,-124.1025,0.));
#7534=CARTESIAN_POINT('Origin',(210.148213152927,-124.1025,0.));
#7535=CARTESIAN_POINT('',(211.848213152927,-121.2625,0.));
#7536=CARTESIAN_POINT('',(211.848213152927,-61.3125,0.));
#7537=CARTESIAN_POINT('',(212.648213152927,-120.4625,0.));
#7538=CARTESIAN_POINT('Origin',(212.648213152927,-121.2625,0.));
#7539=CARTESIAN_POINT('',(240.010984141571,-120.4625,0.));
#7540=CARTESIAN_POINT('',(211.03125,-120.4625,0.));
#7541=CARTESIAN_POINT('',(240.810984141571,-121.2625,0.));
#7542=CARTESIAN_POINT('Origin',(240.010984141571,-121.2625,0.));
#7543=CARTESIAN_POINT('',(240.810984141571,-124.1025,0.));
#7544=CARTESIAN_POINT('',(240.810984141571,-58.6419672555999,0.));
#7545=CARTESIAN_POINT('',(242.510984141571,-125.8025,0.));
#7546=CARTESIAN_POINT('Origin',(242.510984141571,-124.1025,0.));
#7547=CARTESIAN_POINT('',(252.648213152927,-125.8025,0.));
#7548=CARTESIAN_POINT('',(194.324242070786,-125.8025,0.));
#7549=CARTESIAN_POINT('',(254.348213152927,-124.1025,0.));
#7550=CARTESIAN_POINT('Origin',(252.648213152927,-124.1025,0.));
#7551=CARTESIAN_POINT('',(254.348213152927,-121.2625,0.));
#7552=CARTESIAN_POINT('',(254.348213152927,-61.3125,0.));
#7553=CARTESIAN_POINT('',(255.148213152927,-120.4625,0.));
#7554=CARTESIAN_POINT('Origin',(255.148213152927,-121.2625,0.));
#7555=CARTESIAN_POINT('',(274.425,-120.4625,0.));
#7556=CARTESIAN_POINT('',(211.03125,-120.4625,0.));
#7557=CARTESIAN_POINT('',(277.625,-117.2625,0.));
#7558=CARTESIAN_POINT('Origin',(274.425,-117.2625,0.));
#7559=CARTESIAN_POINT('',(277.625,-92.3221696206492,-3.46944695195375E-17));
#7560=CARTESIAN_POINT('',(277.625,-62.8125,0.));
#7561=CARTESIAN_POINT('',(279.922290424092,-92.3221696206492,0.));
#7562=CARTESIAN_POINT('',(212.68125,-92.3221696206486,0.));
#7563=CARTESIAN_POINT('',(280.722290424092,-91.5221696206492,0.));
#7564=CARTESIAN_POINT('Origin',(279.922290424092,-91.5221696206492,0.));
#7565=CARTESIAN_POINT('',(280.722290424092,-72.1221696206492,0.));
#7566=CARTESIAN_POINT('',(280.722290424092,-86.1423348103246,0.));
#7567=CARTESIAN_POINT('',(279.922290424092,-71.3221696206492,0.));
#7568=CARTESIAN_POINT('Origin',(279.922290424092,-72.1221696206492,0.));
#7569=CARTESIAN_POINT('',(277.625,-71.3221696206492,-6.93889390390723E-17));
#7570=CARTESIAN_POINT('',(213.679895212046,-71.3221696206492,0.));
#7571=CARTESIAN_POINT('',(277.625,-45.1625,0.));
#7572=CARTESIAN_POINT('',(277.625,-62.8125,0.));
#7573=CARTESIAN_POINT('',(274.425,-41.9625,0.));
#7574=CARTESIAN_POINT('Origin',(274.425,-45.1625,0.));
#7575=CARTESIAN_POINT('',(255.148213152927,-41.9625,0.));
#7576=CARTESIAN_POINT('',(84.24375,-41.9625,0.));
#7577=CARTESIAN_POINT('',(254.348213152927,-41.1625,0.));
#7578=CARTESIAN_POINT('Origin',(255.148213152927,-41.1625,0.));
#7579=CARTESIAN_POINT('',(254.348213152927,-37.8214345111998,0.));
#7580=CARTESIAN_POINT('',(254.348213152927,-61.3125,0.));
#7581=CARTESIAN_POINT('',(252.648213152927,-36.1214345111998,0.));
#7582=CARTESIAN_POINT('Origin',(252.648213152927,-37.8214345111998,0.));
#7583=CARTESIAN_POINT('',(242.510984141571,-36.1214345111998,0.));
#7584=CARTESIAN_POINT('',(200.892856576463,-36.1214345111998,0.));
#7585=CARTESIAN_POINT('',(240.810984141571,-37.8214345111998,0.));
#7586=CARTESIAN_POINT('Origin',(242.510984141571,-37.8214345111998,0.));
#7587=CARTESIAN_POINT('',(240.810984141571,-41.1625,0.));
#7588=CARTESIAN_POINT('',(240.810984141571,-58.6419672555999,0.));
#7589=CARTESIAN_POINT('',(240.010984141571,-41.9625,0.));
#7590=CARTESIAN_POINT('Origin',(240.010984141571,-41.1625,0.));
#7591=CARTESIAN_POINT('',(212.648213152927,-41.9625,0.));
#7592=CARTESIAN_POINT('',(84.24375,-41.9625,0.));
#7593=CARTESIAN_POINT('',(211.848213152927,-41.1625,0.));
#7594=CARTESIAN_POINT('Origin',(212.648213152927,-41.1625,0.));
#7595=CARTESIAN_POINT('',(211.848213152927,-37.8214345111998,0.));
#7596=CARTESIAN_POINT('',(211.848213152927,-61.3125,0.));
#7597=CARTESIAN_POINT('',(210.148213152927,-36.1214345111998,0.));
#7598=CARTESIAN_POINT('Origin',(210.148213152927,-37.8214345111998,0.));
#7599=CARTESIAN_POINT('',(200.010984141571,-36.1214345111998,0.));
#7600=CARTESIAN_POINT('',(200.892856576463,-36.1214345111998,0.));
#7601=CARTESIAN_POINT('',(198.310984141571,-37.8214345111998,0.));
#7602=CARTESIAN_POINT('Origin',(200.010984141571,-37.8214345111998,0.));
#7603=CARTESIAN_POINT('',(198.310984141571,-41.1625,0.));
#7604=CARTESIAN_POINT('',(198.310984141571,-58.6419672555999,0.));
#7605=CARTESIAN_POINT('',(197.510984141571,-41.9625,0.));
#7606=CARTESIAN_POINT('Origin',(197.510984141571,-41.1625,0.));
#7607=CARTESIAN_POINT('',(84.24375,-41.9625,0.));
#7608=CARTESIAN_POINT('',(281.425,-36.6625,0.));
#7609=CARTESIAN_POINT('Origin',(278.425,-36.6625,0.));
#7610=CARTESIAN_POINT('',(281.425,-125.2625,0.));
#7611=CARTESIAN_POINT('',(281.425,-36.6625,0.));
#7612=CARTESIAN_POINT('',(278.425,-128.2625,0.));
#7613=CARTESIAN_POINT('Origin',(278.425,-125.2625,0.));
#7614=CARTESIAN_POINT('',(16.85,-128.2625,0.));
#7615=CARTESIAN_POINT('',(278.425,-128.2625,0.));
#7616=CARTESIAN_POINT('',(13.85,-125.2625,0.));
#7617=CARTESIAN_POINT('Origin',(16.85,-125.2625,0.));
#7618=CARTESIAN_POINT('',(13.85,-36.6625,0.));
#7619=CARTESIAN_POINT('',(13.85,-125.2625,0.));
#7620=CARTESIAN_POINT('Origin',(16.85,-36.6625,0.));
#7621=CARTESIAN_POINT('',(23.6703137575701,-37.5043003255722,0.));
#7622=CARTESIAN_POINT('Origin',(25.4203137575701,-37.5043003255722,0.));
#7623=CARTESIAN_POINT('',(217.68031375757,-37.5043003255722,0.));
#7624=CARTESIAN_POINT('Origin',(219.43031375757,-37.5043003255722,0.));
#7625=CARTESIAN_POINT('',(266.658934559384,-124.50407870294,0.));
#7626=CARTESIAN_POINT('Origin',(268.408934559384,-124.50407870294,0.));
#7627=CARTESIAN_POINT('',(102.658934559384,-124.50407870294,0.));
#7628=CARTESIAN_POINT('Origin',(104.408934559384,-124.50407870294,0.));
#7629=CARTESIAN_POINT('',(158.312290424092,-123.622169620649,0.));
#7630=CARTESIAN_POINT('',(158.312290424092,-125.522169620649,0.));
#7631=CARTESIAN_POINT('',(158.312290424092,-103.142334810325,0.));
#7632=CARTESIAN_POINT('',(157.512290424092,-122.822169620649,0.));
#7633=CARTESIAN_POINT('Origin',(157.512290424092,-123.622169620649,0.));
#7634=CARTESIAN_POINT('',(138.112290424092,-122.822169620649,0.));
#7635=CARTESIAN_POINT('',(152.474895212046,-122.822169620649,0.));
#7636=CARTESIAN_POINT('',(137.312290424092,-123.622169620649,0.));
#7637=CARTESIAN_POINT('Origin',(138.112290424092,-123.622169620649,0.));
#7638=CARTESIAN_POINT('',(137.312290424092,-125.522169620649,0.));
#7639=CARTESIAN_POINT('',(137.312290424092,-102.392334810325,0.));
#7640=CARTESIAN_POINT('',(138.112290424092,-126.322169620649,0.));
#7641=CARTESIAN_POINT('Origin',(138.112290424092,-125.522169620649,0.));
#7642=CARTESIAN_POINT('',(157.512290424092,-126.322169620649,0.));
#7643=CARTESIAN_POINT('',(142.974895212046,-126.322169620649,0.));
#7644=CARTESIAN_POINT('Origin',(157.512290424092,-125.522169620649,0.));
#7645=CARTESIAN_POINT('',(23.6589345593841,-124.50407870294,0.));
#7646=CARTESIAN_POINT('Origin',(25.4089345593841,-124.50407870294,0.));
#7647=CARTESIAN_POINT('',(188.668934559384,-124.50407870294,0.));
#7648=CARTESIAN_POINT('Origin',(190.418934559384,-124.50407870294,0.));
#7649=CARTESIAN_POINT('',(266.67031375757,-37.5043003255722,0.));
#7650=CARTESIAN_POINT('Origin',(268.42031375757,-37.5043003255722,0.));
#7651=CARTESIAN_POINT('',(71.6703137575701,-37.5043003255722,0.));
#7652=CARTESIAN_POINT('Origin',(73.4203137575701,-37.5043003255722,0.));
#7653=CARTESIAN_POINT('Origin',(84.24375,-41.9625,0.2));
#7654=CARTESIAN_POINT('Origin',(197.510984141571,-41.9625,0.2));
#7655=CARTESIAN_POINT('Origin',(84.24375,-41.9625,0.2));
#7656=CARTESIAN_POINT('Origin',(97.6482131529266,-41.9625,0.2));
#7657=CARTESIAN_POINT('Origin',(25.4203137575701,-37.5043003255722,0.2));
#7658=CARTESIAN_POINT('',(23.8703137575701,-37.5043003255722,0.2));
#7659=CARTESIAN_POINT('Origin',(23.6703137575701,-37.5043003255722,0.2));
#7660=CARTESIAN_POINT('Origin',(25.4203137575701,-37.5043003255722,0.2));
#7661=CARTESIAN_POINT('Origin',(25.4203137575701,-37.5043003255722,0.));
#7662=CARTESIAN_POINT('',(23.8703137575701,-37.5043003255722,3.1));
#7663=CARTESIAN_POINT('',(23.8703137575701,-37.5043003255722,0.));
#7664=CARTESIAN_POINT('Origin',(25.4203137575701,-37.5043003255722,3.1));
#7665=CARTESIAN_POINT('Origin',(73.4203137575701,-37.5043003255722,0.2));
#7666=CARTESIAN_POINT('',(71.8703137575701,-37.5043003255722,0.2));
#7667=CARTESIAN_POINT('Origin',(71.6703137575701,-37.5043003255722,0.2));
#7668=CARTESIAN_POINT('Origin',(73.4203137575701,-37.5043003255722,0.2));
#7669=CARTESIAN_POINT('Origin',(73.4203137575701,-37.5043003255722,0.));
#7670=CARTESIAN_POINT('',(71.8703137575701,-37.5043003255722,3.1));
#7671=CARTESIAN_POINT('',(71.8703137575701,-37.5043003255722,0.));
#7672=CARTESIAN_POINT('Origin',(73.4203137575701,-37.5043003255722,3.1));
#7673=CARTESIAN_POINT('Origin',(219.43031375757,-37.5043003255722,0.2));
#7674=CARTESIAN_POINT('',(217.88031375757,-37.5043003255722,0.2));
#7675=CARTESIAN_POINT('Origin',(217.68031375757,-37.5043003255722,0.2));
#7676=CARTESIAN_POINT('Origin',(219.43031375757,-37.5043003255722,0.2));
#7677=CARTESIAN_POINT('Origin',(219.43031375757,-37.5043003255722,0.));
#7678=CARTESIAN_POINT('',(217.88031375757,-37.5043003255722,3.1));
#7679=CARTESIAN_POINT('',(217.88031375757,-37.5043003255722,0.));
#7680=CARTESIAN_POINT('Origin',(219.43031375757,-37.5043003255722,3.1));
#7681=CARTESIAN_POINT('Origin',(268.42031375757,-37.5043003255722,0.2));
#7682=CARTESIAN_POINT('',(266.87031375757,-37.5043003255722,0.2));
#7683=CARTESIAN_POINT('Origin',(266.67031375757,-37.5043003255722,0.2));
#7684=CARTESIAN_POINT('Origin',(268.42031375757,-37.5043003255722,0.2));
#7685=CARTESIAN_POINT('Origin',(268.42031375757,-37.5043003255722,0.));
#7686=CARTESIAN_POINT('',(266.87031375757,-37.5043003255722,3.1));
#7687=CARTESIAN_POINT('',(266.87031375757,-37.5043003255722,0.));
#7688=CARTESIAN_POINT('Origin',(268.42031375757,-37.5043003255722,3.1));
#7689=CARTESIAN_POINT('Origin',(268.408934559384,-124.50407870294,0.2));
#7690=CARTESIAN_POINT('',(266.858934559384,-124.50407870294,0.2));
#7691=CARTESIAN_POINT('Origin',(266.658934559384,-124.50407870294,0.2));
#7692=CARTESIAN_POINT('Origin',(268.408934559384,-124.50407870294,0.2));
#7693=CARTESIAN_POINT('Origin',(268.408934559384,-124.50407870294,0.));
#7694=CARTESIAN_POINT('',(266.858934559384,-124.50407870294,3.1));
#7695=CARTESIAN_POINT('',(266.858934559384,-124.50407870294,0.));
#7696=CARTESIAN_POINT('Origin',(268.408934559384,-124.50407870294,3.1));
#7697=CARTESIAN_POINT('Origin',(190.418934559384,-124.50407870294,0.2));
#7698=CARTESIAN_POINT('',(188.868934559384,-124.50407870294,0.2));
#7699=CARTESIAN_POINT('Origin',(188.668934559384,-124.50407870294,0.2));
#7700=CARTESIAN_POINT('Origin',(190.418934559384,-124.50407870294,0.2));
#7701=CARTESIAN_POINT('Origin',(190.418934559384,-124.50407870294,0.));
#7702=CARTESIAN_POINT('',(188.868934559384,-124.50407870294,3.1));
#7703=CARTESIAN_POINT('',(188.868934559384,-124.50407870294,0.));
#7704=CARTESIAN_POINT('Origin',(190.418934559384,-124.50407870294,3.1));
#7705=CARTESIAN_POINT('Origin',(104.408934559384,-124.50407870294,0.2));
#7706=CARTESIAN_POINT('',(102.858934559384,-124.50407870294,0.2));
#7707=CARTESIAN_POINT('Origin',(102.658934559384,-124.50407870294,0.2));
#7708=CARTESIAN_POINT('Origin',(104.408934559384,-124.50407870294,0.2));
#7709=CARTESIAN_POINT('Origin',(104.408934559384,-124.50407870294,0.));
#7710=CARTESIAN_POINT('',(102.858934559384,-124.50407870294,3.1));
#7711=CARTESIAN_POINT('',(102.858934559384,-124.50407870294,0.));
#7712=CARTESIAN_POINT('Origin',(104.408934559384,-124.50407870294,3.1));
#7713=CARTESIAN_POINT('Origin',(25.4089345593841,-124.50407870294,0.2));
#7714=CARTESIAN_POINT('',(23.8589345593841,-124.50407870294,0.2));
#7715=CARTESIAN_POINT('Origin',(23.6589345593841,-124.50407870294,0.2));
#7716=CARTESIAN_POINT('Origin',(25.4089345593841,-124.50407870294,0.2));
#7717=CARTESIAN_POINT('Origin',(25.4089345593841,-124.50407870294,0.));
#7718=CARTESIAN_POINT('',(23.8589345593841,-124.50407870294,3.1));
#7719=CARTESIAN_POINT('',(23.8589345593841,-124.50407870294,0.));
#7720=CARTESIAN_POINT('Origin',(25.4089345593841,-124.50407870294,3.1));
#7721=CARTESIAN_POINT('Origin',(190.418934559384,-124.50407870294,3.1));
#7722=CARTESIAN_POINT('Origin',(73.4203137575701,-37.5043003255722,3.1));
#7723=CARTESIAN_POINT('Origin',(219.43031375757,-37.5043003255722,3.1));
#7724=CARTESIAN_POINT('Origin',(104.408934559384,-124.50407870294,3.1));
#7725=CARTESIAN_POINT('Origin',(268.408934559384,-124.50407870294,3.1));
#7726=CARTESIAN_POINT('Origin',(25.4203137575701,-37.5043003255722,3.1));
#7727=CARTESIAN_POINT('Origin',(268.42031375757,-37.5043003255722,3.1));
#7728=CARTESIAN_POINT('Origin',(25.4089345593841,-124.50407870294,3.1));
#7729=CARTESIAN_POINT('Origin',(47.5816805940672,-123.082068130987,12.4));
#7730=CARTESIAN_POINT('',(46.1816805940672,-123.082068130987,12.4));
#7731=CARTESIAN_POINT('Origin',(47.5816805940672,-123.082068130987,12.4));
#7732=CARTESIAN_POINT('Origin',(90.2816805940672,-123.082068130987,12.4));
#7733=CARTESIAN_POINT('',(88.8816805940672,-123.082068130987,12.4));
#7734=CARTESIAN_POINT('Origin',(90.2816805940672,-123.082068130987,12.4));
#7735=CARTESIAN_POINT('Origin',(205.21427161855,-123.082068130987,12.3999999999998));
#7736=CARTESIAN_POINT('',(203.81427161855,-123.082068130987,12.3999999999998));
#7737=CARTESIAN_POINT('Origin',(205.21427161855,-123.082068130987,12.3999999999998));
#7738=CARTESIAN_POINT('Origin',(247.91427161855,-123.082068130987,12.4000000000002));
#7739=CARTESIAN_POINT('',(246.51427161855,-123.082068130987,12.4000000000002));
#7740=CARTESIAN_POINT('Origin',(247.91427161855,-123.082068130987,12.4000000000002));
#7741=CARTESIAN_POINT('Origin',(90.2816805940672,-38.8730681309872,12.4));
#7742=CARTESIAN_POINT('',(88.8816805940672,-38.8730681309872,12.4));
#7743=CARTESIAN_POINT('Origin',(90.2816805940672,-38.8730681309872,12.4));
#7744=CARTESIAN_POINT('Origin',(47.5866781486356,-38.8588247865382,8.6));
#7745=CARTESIAN_POINT('',(46.2866781486356,-38.8588247865382,8.6));
#7746=CARTESIAN_POINT('Origin',(47.5866781486356,-38.8588247865382,8.6));
#7747=CARTESIAN_POINT('Origin',(247.91427161855,-38.8730681309872,12.4000000000002));
#7748=CARTESIAN_POINT('',(246.51427161855,-38.8730681309872,12.4000000000002));
#7749=CARTESIAN_POINT('Origin',(247.91427161855,-38.8730681309872,12.4000000000002));
#7750=CARTESIAN_POINT('Origin',(205.21427161855,-38.8730681309871,12.3999999999998));
#7751=CARTESIAN_POINT('',(203.81427161855,-38.8730681309871,12.3999999999998));
#7752=CARTESIAN_POINT('Origin',(205.21427161855,-38.8730681309871,12.3999999999998));
#7753=CARTESIAN_POINT('Origin',(47.5816805940672,-123.082068130987,6.39999999999998));
#7754=CARTESIAN_POINT('',(46.1816805940672,-123.082068130987,7.1));
#7755=CARTESIAN_POINT('Origin',(47.5816805940672,-123.082068130987,7.1));
#7756=CARTESIAN_POINT('',(46.1816805940672,-123.082068130987,6.39999999999998));
#7757=CARTESIAN_POINT('Origin',(90.2816805940672,-123.082068130987,6.39999999999998));
#7758=CARTESIAN_POINT('',(88.8816805940672,-123.082068130987,7.1));
#7759=CARTESIAN_POINT('Origin',(90.2816805940672,-123.082068130987,7.1));
#7760=CARTESIAN_POINT('',(88.8816805940672,-123.082068130987,6.39999999999998));
#7761=CARTESIAN_POINT('Origin',(205.21427161855,-123.082068130987,6.39999999999979));
#7762=CARTESIAN_POINT('',(203.81427161855,-123.082068130987,7.1));
#7763=CARTESIAN_POINT('Origin',(205.21427161855,-123.082068130987,7.1));
#7764=CARTESIAN_POINT('',(203.81427161855,-123.082068130987,6.39999999999979));
#7765=CARTESIAN_POINT('Origin',(247.91427161855,-123.082068130987,6.4000000000002));
#7766=CARTESIAN_POINT('',(246.51427161855,-123.082068130987,7.1));
#7767=CARTESIAN_POINT('Origin',(247.91427161855,-123.082068130987,7.1));
#7768=CARTESIAN_POINT('',(246.51427161855,-123.082068130987,6.4000000000002));
#7769=CARTESIAN_POINT('Origin',(239.725,-101.0625,13.76));
#7770=CARTESIAN_POINT('',(239.725,-100.7625,10.04));
#7771=CARTESIAN_POINT('',(239.425,-101.0625,10.04));
#7772=CARTESIAN_POINT('Origin',(239.725,-101.0625,10.04));
#7773=CARTESIAN_POINT('',(239.425,-101.0625,14.7));
#7774=CARTESIAN_POINT('',(239.425,-101.0625,13.76));
#7775=CARTESIAN_POINT('',(239.725,-100.7625,14.7));
#7776=CARTESIAN_POINT('Origin',(239.725,-101.0625,14.7));
#7777=CARTESIAN_POINT('',(239.725,-100.7625,13.76));
#7778=CARTESIAN_POINT('Origin',(55.55,-101.0625,11.2801160998908));
#7779=CARTESIAN_POINT('',(55.85,-101.0625,10.0401547998544));
#7780=CARTESIAN_POINT('',(55.55,-100.7625,10.0401547998544));
#7781=CARTESIAN_POINT('Origin',(55.55,-101.0625,10.0401547998544));
#7782=CARTESIAN_POINT('',(55.55,-100.7625,14.7));
#7783=CARTESIAN_POINT('',(55.55,-100.7625,11.2801160998908));
#7784=CARTESIAN_POINT('',(55.85,-101.0625,14.7));
#7785=CARTESIAN_POINT('Origin',(55.55,-101.0625,14.7));
#7786=CARTESIAN_POINT('',(55.85,-101.0625,11.2801160998908));
#7787=CARTESIAN_POINT('Origin',(90.2816805940672,-38.8730681309872,6.39999999999998));
#7788=CARTESIAN_POINT('',(88.8816805940672,-38.8730681309872,7.1));
#7789=CARTESIAN_POINT('Origin',(90.2816805940672,-38.8730681309872,7.1));
#7790=CARTESIAN_POINT('',(88.8816805940672,-38.8730681309872,6.39999999999998));
#7791=CARTESIAN_POINT('Origin',(47.5866781486356,-38.8588247865382,6.6));
#7792=CARTESIAN_POINT('',(46.2866781486356,-38.8588247865382,7.1));
#7793=CARTESIAN_POINT('Origin',(47.5866781486356,-38.8588247865382,7.1));
#7794=CARTESIAN_POINT('',(46.2866781486356,-38.8588247865382,6.6));
#7795=CARTESIAN_POINT('Origin',(247.91427161855,-38.8730681309872,6.4000000000002));
#7796=CARTESIAN_POINT('',(246.51427161855,-38.8730681309872,7.1));
#7797=CARTESIAN_POINT('Origin',(247.91427161855,-38.8730681309872,7.1));
#7798=CARTESIAN_POINT('',(246.51427161855,-38.8730681309872,6.4000000000002));
#7799=CARTESIAN_POINT('Origin',(205.21427161855,-38.8730681309871,6.3999999999998));
#7800=CARTESIAN_POINT('',(203.81427161855,-38.8730681309871,7.1));
#7801=CARTESIAN_POINT('Origin',(205.21427161855,-38.8730681309871,7.1));
#7802=CARTESIAN_POINT('',(203.81427161855,-38.8730681309871,6.3999999999998));
#7803=CARTESIAN_POINT('Origin',(55.55,-101.0625,14.7));
#7804=CARTESIAN_POINT('',(55.55,-101.0625,15.));
#7805=CARTESIAN_POINT('Origin',(55.55,-101.0625,14.7));
#7806=CARTESIAN_POINT('Origin',(55.55,-101.0625,14.7));
#7807=CARTESIAN_POINT('Origin',(239.725,-101.0625,14.7));
#7808=CARTESIAN_POINT('',(239.725,-101.0625,15.));
#7809=CARTESIAN_POINT('Origin',(239.725,-101.0625,14.7));
#7810=CARTESIAN_POINT('Origin',(239.725,-101.0625,14.7));
#7811=CARTESIAN_POINT('Ctrl Pts',(277.725,-101.0625,15.));
#7812=CARTESIAN_POINT('Ctrl Pts',(277.545480419795,-100.995180157423,15.));
#7813=CARTESIAN_POINT('Ctrl Pts',(277.247404443283,-100.883401666231,14.9606333857992));
#7814=CARTESIAN_POINT('Ctrl Pts',(276.979764778492,-100.783036791934,14.8344664740523));
#7815=CARTESIAN_POINT('Ctrl Pts',(276.925,-100.7625,14.7448798950513));
#7816=CARTESIAN_POINT('Ctrl Pts',(276.925,-100.7625,14.7));
#7817=CARTESIAN_POINT('Ctrl Pts',(277.725,-101.0625,15.));
#7818=CARTESIAN_POINT('Ctrl Pts',(277.564180376066,-100.976480201152,15.));
#7819=CARTESIAN_POINT('Ctrl Pts',(277.296935983651,-100.834075184345,14.9343663932081));
#7820=CARTESIAN_POINT('Ctrl Pts',(277.087487683417,-100.760847095869,14.7805015124941));
#7821=CARTESIAN_POINT('Ctrl Pts',(277.0558996939,-100.7625,14.7251039013744));
#7822=CARTESIAN_POINT('Ctrl Pts',(277.0558996939,-100.7625,14.7));
#7823=CARTESIAN_POINT('Ctrl Pts',(277.725,-101.0625,15.));
#7824=CARTESIAN_POINT('Ctrl Pts',(277.601580288609,-100.939080288609,15.));
#7825=CARTESIAN_POINT('Ctrl Pts',(277.396815183088,-100.734315183088,14.9087642215824));
#7826=CARTESIAN_POINT('Ctrl Pts',(277.302758070781,-100.640258070781,14.7207970064964));
#7827=CARTESIAN_POINT('Ctrl Pts',(277.316467775868,-100.653967775868,14.7026558931164));
#7828=CARTESIAN_POINT('Ctrl Pts',(277.316467775868,-100.653967775868,14.7));
#7829=CARTESIAN_POINT('Ctrl Pts',(277.725,-101.0625,15.));
#7830=CARTESIAN_POINT('Ctrl Pts',(277.638980201152,-100.901680376066,15.));
#7831=CARTESIAN_POINT('Ctrl Pts',(277.496575184345,-100.634435983651,14.9343663932081));
#7832=CARTESIAN_POINT('Ctrl Pts',(277.423347095869,-100.424987683417,14.7805015124941));
#7833=CARTESIAN_POINT('Ctrl Pts',(277.425,-100.3933996939,14.7251039013744));
#7834=CARTESIAN_POINT('Ctrl Pts',(277.425,-100.3933996939,14.7));
#7835=CARTESIAN_POINT('Ctrl Pts',(277.725,-101.0625,15.));
#7836=CARTESIAN_POINT('Ctrl Pts',(277.657680157423,-100.882980419795,15.));
#7837=CARTESIAN_POINT('Ctrl Pts',(277.545901666231,-100.584904443283,14.9606333857992));
#7838=CARTESIAN_POINT('Ctrl Pts',(277.445536791934,-100.317264778492,14.8344664740523));
#7839=CARTESIAN_POINT('Ctrl Pts',(277.425,-100.2625,14.7448798950513));
#7840=CARTESIAN_POINT('Ctrl Pts',(277.425,-100.2625,14.7));
#7841=CARTESIAN_POINT('',(276.925,-100.7625,14.7));
#7842=CARTESIAN_POINT('',(277.425,-100.2625,14.7));
#7843=CARTESIAN_POINT('Origin',(276.925,-100.2625,14.7));
#7844=CARTESIAN_POINT('',(277.725,-101.0625,15.));
#7845=CARTESIAN_POINT('Origin',(277.725,-101.0625,14.7));
#7846=CARTESIAN_POINT('Origin',(277.725,-101.0625,14.7));
#7847=CARTESIAN_POINT('Origin',(277.425,-100.7625,15.));
#7848=CARTESIAN_POINT('',(276.925,-100.7625,9.90602540378443));
#7849=CARTESIAN_POINT('',(276.925,-100.7625,7.5));
#7850=CARTESIAN_POINT('',(276.425,-100.7625,10.04));
#7851=CARTESIAN_POINT('Origin',(276.425,-100.7625,9.04));
#7852=CARTESIAN_POINT('',(277.425,-100.7625,10.04));
#7853=CARTESIAN_POINT('',(212.53125,-100.7625,14.7));
#7854=CARTESIAN_POINT('Ctrl Pts',(239.425,-119.7625,14.7));
#7855=CARTESIAN_POINT('Ctrl Pts',(239.425,-119.7625,14.7673198425769));
#7856=CARTESIAN_POINT('Ctrl Pts',(239.479897809291,-119.908894158109,14.9246130835372));
#7857=CARTESIAN_POINT('Ctrl Pts',(239.635240209897,-120.323140559726,15.));
#7858=CARTESIAN_POINT('Ctrl Pts',(239.725,-120.5625,15.));
#7859=CARTESIAN_POINT('Ctrl Pts',(239.425,-119.8933996939,14.7));
#7860=CARTESIAN_POINT('Ctrl Pts',(239.425,-119.8933996939,14.7376558520615));
#7861=CARTESIAN_POINT('Ctrl Pts',(239.421849755826,-119.980922966443,14.8653762202022));
#7862=CARTESIAN_POINT('Ctrl Pts',(239.610306934869,-120.348073834755,15.));
#7863=CARTESIAN_POINT('Ctrl Pts',(239.725,-120.5625,15.));
#7864=CARTESIAN_POINT('Ctrl Pts',(239.316468849225,-120.153968849225,14.7));
#7865=CARTESIAN_POINT('Ctrl Pts',(239.316468849225,-120.153968849225,14.7039838396745));
#7866=CARTESIAN_POINT('Ctrl Pts',(239.28867047606,-120.12617047606,14.8037421865037));
#7867=CARTESIAN_POINT('Ctrl Pts',(239.560440384812,-120.397940384812,15.));
#7868=CARTESIAN_POINT('Ctrl Pts',(239.725,-120.5625,15.));
#7869=CARTESIAN_POINT('Ctrl Pts',(239.0558996939,-120.2625,14.7));
#7870=CARTESIAN_POINT('Ctrl Pts',(239.0558996939,-120.2625,14.7376558520616));
#7871=CARTESIAN_POINT('Ctrl Pts',(239.143422966443,-120.259349755826,14.8653762202022));
#7872=CARTESIAN_POINT('Ctrl Pts',(239.510573834755,-120.447806934869,15.));
#7873=CARTESIAN_POINT('Ctrl Pts',(239.725,-120.5625,15.));
#7874=CARTESIAN_POINT('Ctrl Pts',(238.925,-120.2625,14.7));
#7875=CARTESIAN_POINT('Ctrl Pts',(238.925,-120.2625,14.7673198425769));
#7876=CARTESIAN_POINT('Ctrl Pts',(239.071394158109,-120.317397809291,14.9246130835372));
#7877=CARTESIAN_POINT('Ctrl Pts',(239.485640559727,-120.472740209897,15.));
#7878=CARTESIAN_POINT('Ctrl Pts',(239.725,-120.5625,15.));
#7879=CARTESIAN_POINT('',(238.925,-120.2625,14.7));
#7880=CARTESIAN_POINT('',(239.425,-119.7625,14.7));
#7881=CARTESIAN_POINT('Origin',(238.925,-119.7625,14.7));
#7882=CARTESIAN_POINT('',(239.725,-120.5625,15.));
#7883=CARTESIAN_POINT('Origin',(239.725,-120.5625,14.7));
#7884=CARTESIAN_POINT('Origin',(239.725,-120.5625,14.7));
#7885=CARTESIAN_POINT('Ctrl Pts',(55.55,-120.5625,15.));
#7886=CARTESIAN_POINT('Ctrl Pts',(55.6173198425769,-120.382980419795,15.));
#7887=CARTESIAN_POINT('Ctrl Pts',(55.7291027728715,-120.084892605676,14.9606438379107));
#7888=CARTESIAN_POINT('Ctrl Pts',(55.8294663733938,-119.817256337617,14.8344716678241));
#7889=CARTESIAN_POINT('Ctrl Pts',(55.85,-119.7625,14.7448798950513));
#7890=CARTESIAN_POINT('Ctrl Pts',(55.85,-119.7625,14.7));
#7891=CARTESIAN_POINT('Ctrl Pts',(55.55,-120.5625,15.));
#7892=CARTESIAN_POINT('Ctrl Pts',(55.6360197988483,-120.401680376066,15.));
#7893=CARTESIAN_POINT('Ctrl Pts',(55.778371508385,-120.134454099025,14.9343929668805));
#7894=CARTESIAN_POINT('Ctrl Pts',(55.8516117139645,-119.925003949502,14.7805069090411));
#7895=CARTESIAN_POINT('Ctrl Pts',(55.85,-119.8933996939,14.7251039013744));
#7896=CARTESIAN_POINT('Ctrl Pts',(55.85,-119.8933996939,14.7));
#7897=CARTESIAN_POINT('Ctrl Pts',(55.55,-120.5625,15.));
#7898=CARTESIAN_POINT('Ctrl Pts',(55.673419711391,-120.439080288609,15.));
#7899=CARTESIAN_POINT('Ctrl Pts',(55.8781383390682,-120.234361660932,14.9087585905858));
#7900=CARTESIAN_POINT('Ctrl Pts',(55.9721886985809,-120.140311301419,14.7207392297928));
#7901=CARTESIAN_POINT('Ctrl Pts',(55.9585101043323,-120.153989895668,14.7026558931164));
#7902=CARTESIAN_POINT('Ctrl Pts',(55.9585101043323,-120.153989895668,14.7));
#7903=CARTESIAN_POINT('Ctrl Pts',(55.55,-120.5625,15.));
#7904=CARTESIAN_POINT('Ctrl Pts',(55.7108196239338,-120.476480201152,15.));
#7905=CARTESIAN_POINT('Ctrl Pts',(55.9780459009751,-120.334128491615,14.9343929668805));
#7906=CARTESIAN_POINT('Ctrl Pts',(56.1874960504978,-120.260888286036,14.7805069090411));
#7907=CARTESIAN_POINT('Ctrl Pts',(56.2191003061004,-120.2625,14.7251039013744));
#7908=CARTESIAN_POINT('Ctrl Pts',(56.2191003061004,-120.2625,14.7));
#7909=CARTESIAN_POINT('Ctrl Pts',(55.55,-120.5625,15.));
#7910=CARTESIAN_POINT('Ctrl Pts',(55.7295195802051,-120.495180157423,15.));
#7911=CARTESIAN_POINT('Ctrl Pts',(56.0276073943239,-120.383397227129,14.9606438379107));
#7912=CARTESIAN_POINT('Ctrl Pts',(56.2952436623835,-120.283033626606,14.8344716678241));
#7913=CARTESIAN_POINT('Ctrl Pts',(56.35,-120.2625,14.7448798950513));
#7914=CARTESIAN_POINT('Ctrl Pts',(56.35,-120.2625,14.7));
#7915=CARTESIAN_POINT('',(55.85,-119.7625,14.7));
#7916=CARTESIAN_POINT('',(56.35,-120.2625,14.7));
#7917=CARTESIAN_POINT('Origin',(56.35,-119.7625,14.7));
#7918=CARTESIAN_POINT('',(55.55,-120.5625,15.));
#7919=CARTESIAN_POINT('Origin',(55.55,-120.5625,14.7));
#7920=CARTESIAN_POINT('Origin',(55.55,-120.5625,14.7));
#7921=CARTESIAN_POINT('Origin',(55.85,-110.7625,12.5200773999272));
#7922=CARTESIAN_POINT('',(55.85,-119.7625,9.90618020363884));
#7923=CARTESIAN_POINT('',(55.85,-119.7625,6.2600386999636));
#7924=CARTESIAN_POINT('',(55.85,-119.2625,10.0401547998544));
#7925=CARTESIAN_POINT('Origin',(55.85,-119.2625,9.0401547998544));
#7926=CARTESIAN_POINT('',(55.85,-101.2625,10.0401547998544));
#7927=CARTESIAN_POINT('',(55.85,-95.8625000000001,14.7));
#7928=CARTESIAN_POINT('Origin',(47.5816805940672,-123.082068130987,6.85));
#7929=CARTESIAN_POINT('',(45.6816805940672,-123.082068130987,6.6));
#7930=CARTESIAN_POINT('Origin',(47.5816805940672,-123.082068130987,6.6));
#7931=CARTESIAN_POINT('',(45.9316805940672,-123.082068130987,6.85));
#7932=CARTESIAN_POINT('Origin',(90.2816805940672,-123.082068130987,6.85));
#7933=CARTESIAN_POINT('',(88.3816805940672,-123.082068130987,6.6));
#7934=CARTESIAN_POINT('Origin',(90.2816805940672,-123.082068130987,6.6));
#7935=CARTESIAN_POINT('',(88.6316805940672,-123.082068130987,6.85));
#7936=CARTESIAN_POINT('Origin',(205.21427161855,-123.082068130987,6.85));
#7937=CARTESIAN_POINT('',(203.31427161855,-123.082068130987,6.6));
#7938=CARTESIAN_POINT('Origin',(205.21427161855,-123.082068130987,6.6));
#7939=CARTESIAN_POINT('',(203.56427161855,-123.082068130987,6.85));
#7940=CARTESIAN_POINT('Origin',(247.91427161855,-123.082068130987,6.85));
#7941=CARTESIAN_POINT('',(246.01427161855,-123.082068130987,6.6));
#7942=CARTESIAN_POINT('Origin',(247.91427161855,-123.082068130987,6.6));
#7943=CARTESIAN_POINT('',(246.26427161855,-123.082068130987,6.85));
#7944=CARTESIAN_POINT('Origin',(277.425,-101.2625,10.04));
#7945=CARTESIAN_POINT('',(276.425,-117.2625,10.04));
#7946=CARTESIAN_POINT('',(276.425,-72.9625,10.04));
#7947=CARTESIAN_POINT('',(274.425,-119.2625,10.04));
#7948=CARTESIAN_POINT('Origin',(274.425,-117.2625,10.04));
#7949=CARTESIAN_POINT('',(239.425,-119.2625,10.04));
#7950=CARTESIAN_POINT('',(275.925,-119.2625,10.04));
#7951=CARTESIAN_POINT('',(239.425,-101.2625,10.04));
#7952=CARTESIAN_POINT('Origin',(239.425,-110.7625,12.52));
#7953=CARTESIAN_POINT('',(239.425,-119.7625,9.90602540378446));
#7954=CARTESIAN_POINT('',(239.425,-119.7625,6.26));
#7955=CARTESIAN_POINT('',(239.425,-95.8625,14.7));
#7956=CARTESIAN_POINT('Origin',(239.425,-119.2625,9.04));
#7957=CARTESIAN_POINT('Ctrl Pts',(18.35,-100.7625,14.7));
#7958=CARTESIAN_POINT('Ctrl Pts',(18.35,-100.7625,14.7448798950513));
#7959=CARTESIAN_POINT('Ctrl Pts',(18.29524989851,-100.783031288059,14.8344754097317));
#7960=CARTESIAN_POINT('Ctrl Pts',(18.027616089056,-100.883393966604,14.9606516152829));
#7961=CARTESIAN_POINT('Ctrl Pts',(17.7295195802051,-100.995180157423,15.));
#7962=CARTESIAN_POINT('Ctrl Pts',(17.55,-101.0625,15.));
#7963=CARTESIAN_POINT('Ctrl Pts',(18.2191003061004,-100.7625,14.7));
#7964=CARTESIAN_POINT('Ctrl Pts',(18.2191003061004,-100.7625,14.7251039013744));
#7965=CARTESIAN_POINT('Ctrl Pts',(18.1874838919001,-100.760918851412,14.7805103246089));
#7966=CARTESIAN_POINT('Ctrl Pts',(17.9780327438758,-100.834167504726,14.9344130868552));
#7967=CARTESIAN_POINT('Ctrl Pts',(17.7108196239338,-100.976480201152,15.));
#7968=CARTESIAN_POINT('Ctrl Pts',(17.55,-101.0625,15.));
#7969=CARTESIAN_POINT('Ctrl Pts',(17.9584929744358,-100.654007025564,14.7));
#7970=CARTESIAN_POINT('Ctrl Pts',(17.9584929744358,-100.654007025564,14.7026558931164));
#7971=CARTESIAN_POINT('Ctrl Pts',(17.9721488390076,-100.640351160992,14.7206934359436));
#7972=CARTESIAN_POINT('Ctrl Pts',(17.8781054581324,-100.734394541868,14.9087562929618));
#7973=CARTESIAN_POINT('Ctrl Pts',(17.673419711391,-100.939080288609,15.));
#7974=CARTESIAN_POINT('Ctrl Pts',(17.55,-101.0625,15.));
#7975=CARTESIAN_POINT('Ctrl Pts',(17.85,-100.3933996939,14.7));
#7976=CARTESIAN_POINT('Ctrl Pts',(17.85,-100.3933996939,14.7251039013744));
#7977=CARTESIAN_POINT('Ctrl Pts',(17.8515811485876,-100.4250161081,14.7805103246089));
#7978=CARTESIAN_POINT('Ctrl Pts',(17.7783324952744,-100.634467256124,14.9344130868552));
#7979=CARTESIAN_POINT('Ctrl Pts',(17.6360197988483,-100.901680376066,15.));
#7980=CARTESIAN_POINT('Ctrl Pts',(17.55,-101.0625,15.));
#7981=CARTESIAN_POINT('Ctrl Pts',(17.85,-100.2625,14.7));
#7982=CARTESIAN_POINT('Ctrl Pts',(17.85,-100.2625,14.7448798950513));
#7983=CARTESIAN_POINT('Ctrl Pts',(17.8294687119412,-100.31725010149,14.8344754097317));
#7984=CARTESIAN_POINT('Ctrl Pts',(17.729106033396,-100.584883910944,14.9606516152829));
#7985=CARTESIAN_POINT('Ctrl Pts',(17.6173198425769,-100.882980419795,15.));
#7986=CARTESIAN_POINT('Ctrl Pts',(17.55,-101.0625,15.));
#7987=CARTESIAN_POINT('',(17.85,-100.2625,14.7));
#7988=CARTESIAN_POINT('',(18.35,-100.7625,14.7));
#7989=CARTESIAN_POINT('Origin',(18.35,-100.2625,14.7));
#7990=CARTESIAN_POINT('',(17.55,-101.0625,15.));
#7991=CARTESIAN_POINT('Origin',(17.55,-101.0625,14.7));
#7992=CARTESIAN_POINT('Origin',(17.55,-101.0625,14.7));
#7993=CARTESIAN_POINT('Origin',(17.85,-120.2625,10.0401547998544));
#7994=CARTESIAN_POINT('',(20.85,-119.2625,10.0401547998544));
#7995=CARTESIAN_POINT('',(146.1375,-119.2625,10.0401547998544));
#7996=CARTESIAN_POINT('',(18.85,-117.2625,10.0401547998544));
#7997=CARTESIAN_POINT('Origin',(20.85,-117.2625,10.0401547998544));
#7998=CARTESIAN_POINT('',(18.85,-100.7625,10.0401547998544));
#7999=CARTESIAN_POINT('',(18.85,-118.7625,10.0401547998544));
#8000=CARTESIAN_POINT('',(17.85,-100.7625,10.0401547998544));
#8001=CARTESIAN_POINT('Origin',(17.85,-100.7625,10.0401547998544));
#8002=CARTESIAN_POINT('',(18.35,-100.7625,9.90618020363882));
#8003=CARTESIAN_POINT('',(18.35,-100.7625,5.0200773999272));
#8004=CARTESIAN_POINT('',(82.74375,-100.7625,14.7));
#8005=CARTESIAN_POINT('Origin',(18.85,-100.7625,9.04015479985438));
#8006=CARTESIAN_POINT('Origin',(90.2816805940672,-38.8730681309872,6.85));
#8007=CARTESIAN_POINT('',(88.3816805940672,-38.8730681309872,6.6));
#8008=CARTESIAN_POINT('Origin',(90.2816805940672,-38.8730681309872,6.6));
#8009=CARTESIAN_POINT('',(88.6316805940672,-38.8730681309872,6.85));
#8010=CARTESIAN_POINT('Origin',(47.5866781486356,-38.8588247865382,6.85));
#8011=CARTESIAN_POINT('',(45.7866781486356,-38.8588247865382,6.6));
#8012=CARTESIAN_POINT('Origin',(47.5866781486356,-38.8588247865382,6.6));
#8013=CARTESIAN_POINT('',(46.0366781486356,-38.8588247865382,6.85));
#8014=CARTESIAN_POINT('Origin',(247.91427161855,-38.8730681309872,6.85));
#8015=CARTESIAN_POINT('',(246.01427161855,-38.8730681309872,6.6));
#8016=CARTESIAN_POINT('Origin',(247.91427161855,-38.8730681309872,6.6));
#8017=CARTESIAN_POINT('',(246.26427161855,-38.8730681309872,6.85));
#8018=CARTESIAN_POINT('Origin',(205.21427161855,-38.8730681309871,6.85));
#8019=CARTESIAN_POINT('',(203.31427161855,-38.8730681309871,6.6));
#8020=CARTESIAN_POINT('Origin',(205.21427161855,-38.8730681309871,6.6));
#8021=CARTESIAN_POINT('',(203.56427161855,-38.8730681309871,6.85));
#8022=CARTESIAN_POINT('Origin',(82.74375,-101.0625,14.7));
#8023=CARTESIAN_POINT('',(82.74375,-101.0625,15.));
#8024=CARTESIAN_POINT('Origin',(55.55,-95.8625000000001,14.7));
#8025=CARTESIAN_POINT('',(55.55,-95.8625000000001,15.));
#8026=CARTESIAN_POINT('Origin',(239.725,-95.8625,14.7));
#8027=CARTESIAN_POINT('',(239.725,-95.8625,15.));
#8028=CARTESIAN_POINT('Origin',(212.53125,-101.0625,14.7));
#8029=CARTESIAN_POINT('',(212.53125,-101.0625,15.));
#8030=CARTESIAN_POINT('Origin',(114.940625,-124.19167960675,14.7));
#8031=CARTESIAN_POINT('',(281.125,-124.3258436854,14.9683281573));
#8032=CARTESIAN_POINT('',(281.125,-124.19167960675,15.));
#8033=CARTESIAN_POINT('Origin',(281.125,-124.19167960675,14.7));
#8034=CARTESIAN_POINT('',(14.15,-124.19167960675,15.));
#8035=CARTESIAN_POINT('',(114.940625,-124.19167960675,15.));
#8036=CARTESIAN_POINT('',(14.15,-124.3258436854,14.9683281573));
#8037=CARTESIAN_POINT('Origin',(14.15,-124.19167960675,14.7));
#8038=CARTESIAN_POINT('',(114.940625,-124.3258436854,14.9683281573));
#8039=CARTESIAN_POINT('Origin',(147.812290424092,-124.572169620649,3.6));
#8040=CARTESIAN_POINT('',(137.612290424092,-123.622169620649,3.6));
#8041=CARTESIAN_POINT('',(138.112290424092,-123.122169620649,3.6));
#8042=CARTESIAN_POINT('Origin',(138.112290424092,-123.622169620649,3.6));
#8043=CARTESIAN_POINT('',(157.512290424092,-123.122169620649,3.6));
#8044=CARTESIAN_POINT('',(157.812290424092,-123.122169620649,3.6));
#8045=CARTESIAN_POINT('',(158.012290424092,-123.622169620649,3.6));
#8046=CARTESIAN_POINT('Origin',(157.512290424092,-123.622169620649,3.6));
#8047=CARTESIAN_POINT('',(158.012290424092,-125.522169620649,3.6));
#8048=CARTESIAN_POINT('',(158.012290424092,-125.822169620649,3.6));
#8049=CARTESIAN_POINT('',(157.512290424092,-126.022169620649,3.6));
#8050=CARTESIAN_POINT('Origin',(157.512290424092,-125.522169620649,3.6));
#8051=CARTESIAN_POINT('',(138.112290424092,-126.022169620649,3.6));
#8052=CARTESIAN_POINT('',(137.812290424092,-126.022169620649,3.6));
#8053=CARTESIAN_POINT('',(137.612290424092,-125.522169620649,3.6));
#8054=CARTESIAN_POINT('Origin',(138.112290424092,-125.522169620649,3.6));
#8055=CARTESIAN_POINT('',(137.612290424092,-123.322169620649,3.6));
#8056=CARTESIAN_POINT('Origin',(274.425,-45.1625,14.7));
#8057=CARTESIAN_POINT('',(277.725,-45.1625,15.));
#8058=CARTESIAN_POINT('',(274.425,-41.8625,15.));
#8059=CARTESIAN_POINT('Origin',(274.425,-45.1625,15.));
#8060=CARTESIAN_POINT('Origin',(274.425,-41.8625,14.7));
#8061=CARTESIAN_POINT('',(277.425,-45.1625,14.7));
#8062=CARTESIAN_POINT('Origin',(274.425,-45.1625,14.7));
#8063=CARTESIAN_POINT('Origin',(277.725,-45.1625,14.7));
#8064=CARTESIAN_POINT('Origin',(276.425,-72.9625,9.04));
#8065=CARTESIAN_POINT('',(277.425,-100.2625,9.04));
#8066=CARTESIAN_POINT('Ctrl Pts',(276.925,-100.7625,9.90602540378443));
#8067=CARTESIAN_POINT('Ctrl Pts',(276.990443624604,-100.7625,9.8682415095025));
#8068=CARTESIAN_POINT('Ctrl Pts',(277.055245021067,-100.749080902922,9.82029342306491));
#8069=CARTESIAN_POINT('Ctrl Pts',(277.16846271859,-100.703465605519,9.71329766317833));
#8070=CARTESIAN_POINT('Ctrl Pts',(277.216999322001,-100.671492901244,9.65428215811389));
#8071=CARTESIAN_POINT('Ctrl Pts',(277.310425449915,-100.589475914031,9.51532872457469));
#8072=CARTESIAN_POINT('Ctrl Pts',(277.354816398979,-100.52783479965,9.4214613040413));
#8073=CARTESIAN_POINT('Ctrl Pts',(277.41207435106,-100.396303462729,9.22909093056912));
#8074=CARTESIAN_POINT('Ctrl Pts',(277.425,-100.326517381899,9.13053424970974));
#8075=CARTESIAN_POINT('Ctrl Pts',(277.425,-100.2625,9.04));
#8076=CARTESIAN_POINT('',(277.425,-117.2625,9.04));
#8077=CARTESIAN_POINT('',(277.425,-72.9625,9.04));
#8078=CARTESIAN_POINT('Origin',(276.425,-117.2625,9.04));
#8079=CARTESIAN_POINT('Origin',(278.973645212046,-81.8221696206492,3.6));
#8080=CARTESIAN_POINT('',(279.922290424092,-71.6221696206492,3.6));
#8081=CARTESIAN_POINT('',(280.422290424092,-72.1221696206492,3.6));
#8082=CARTESIAN_POINT('Origin',(279.922290424092,-72.1221696206492,3.6));
#8083=CARTESIAN_POINT('',(280.422290424092,-91.5221696206492,3.6));
#8084=CARTESIAN_POINT('',(280.422290424092,-91.8221696206492,3.6));
#8085=CARTESIAN_POINT('',(279.922290424092,-92.0221696206492,3.6));
#8086=CARTESIAN_POINT('Origin',(279.922290424092,-91.5221696206492,3.6));
#8087=CARTESIAN_POINT('',(277.725,-92.0221696206492,3.6));
#8088=CARTESIAN_POINT('',(279.722290424092,-92.0221696206492,3.6));
#8089=CARTESIAN_POINT('',(277.425,-92.3221696206492,3.6));
#8090=CARTESIAN_POINT('Origin',(277.725,-92.3221696206492,3.6));
#8091=CARTESIAN_POINT('',(277.425,-71.3221696206492,3.6));
#8092=CARTESIAN_POINT('',(277.425,-68.2423348103246,3.6));
#8093=CARTESIAN_POINT('',(277.725,-71.6221696206492,3.6));
#8094=CARTESIAN_POINT('Origin',(277.725,-71.3221696206492,3.6));
#8095=CARTESIAN_POINT('',(280.222290424092,-71.6221696206492,3.6));
#8096=CARTESIAN_POINT('Origin',(277.725,-71.3221696206492,0.1));
#8097=CARTESIAN_POINT('',(277.725,-71.6221696206492,0.3));
#8098=CARTESIAN_POINT('',(277.425,-71.3221696206492,0.2));
#8099=CARTESIAN_POINT('Origin',(277.725,-71.3221696206492,0.3));
#8100=CARTESIAN_POINT('',(277.725,-71.6221696206492,0.1));
#8101=CARTESIAN_POINT('',(277.425,-71.3221696206492,0.1));
#8102=CARTESIAN_POINT('Origin',(277.725,-62.8125,14.7));
#8103=CARTESIAN_POINT('',(277.725,-62.8125,15.));
#8104=CARTESIAN_POINT('',(277.425,-62.8125,14.7));
#8105=CARTESIAN_POINT('Origin',(276.925,-100.2625,7.5));
#8106=CARTESIAN_POINT('',(277.425,-100.2625,7.5));
#8107=CARTESIAN_POINT('Origin',(277.725,-92.3221696206492,0.1));
#8108=CARTESIAN_POINT('',(277.425,-92.3221696206492,0.19999999999998));
#8109=CARTESIAN_POINT('',(277.725,-92.0221696206492,0.3));
#8110=CARTESIAN_POINT('Origin',(277.725,-92.3221696206492,0.3));
#8111=CARTESIAN_POINT('',(277.425,-92.3221696206492,0.1));
#8112=CARTESIAN_POINT('',(277.725,-92.0221696206492,0.1));
#8113=CARTESIAN_POINT('Origin',(274.425,-117.2625,9.04));
#8114=CARTESIAN_POINT('',(274.425,-120.2625,9.04));
#8115=CARTESIAN_POINT('Origin',(274.425,-117.2625,9.04));
#8116=CARTESIAN_POINT('Origin',(274.425,-119.2625,9.04));
#8117=CARTESIAN_POINT('Origin',(238.925,-119.7625,6.26));
#8118=CARTESIAN_POINT('',(238.925,-120.2625,9.04));
#8119=CARTESIAN_POINT('',(238.925,-120.2625,6.26));
#8120=CARTESIAN_POINT('Ctrl Pts',(238.925,-120.2625,9.04));
#8121=CARTESIAN_POINT('Ctrl Pts',(238.989017381899,-120.2625,9.13053424970975));
#8122=CARTESIAN_POINT('Ctrl Pts',(239.058803462729,-120.24957435106,9.22909093056918));
#8123=CARTESIAN_POINT('Ctrl Pts',(239.19033479965,-120.192316398978,9.42146130404135));
#8124=CARTESIAN_POINT('Ctrl Pts',(239.251975914031,-120.147925449915,9.51532872457477));
#8125=CARTESIAN_POINT('Ctrl Pts',(239.333992901244,-120.054499322001,9.65428215811396));
#8126=CARTESIAN_POINT('Ctrl Pts',(239.365965605519,-120.00596271859,9.7132976631784));
#8127=CARTESIAN_POINT('Ctrl Pts',(239.411580902922,-119.892745021067,9.82029342306495));
#8128=CARTESIAN_POINT('Ctrl Pts',(239.425,-119.827943624604,9.86824150950252));
#8129=CARTESIAN_POINT('Ctrl Pts',(239.425,-119.7625,9.90602540378445));
#8130=CARTESIAN_POINT('Origin',(211.03125,-120.5625,14.7));
#8131=CARTESIAN_POINT('',(211.03125,-120.2625,14.7));
#8132=CARTESIAN_POINT('',(211.03125,-120.5625,15.));
#8133=CARTESIAN_POINT('Origin',(56.35,-119.7625,6.2600386999636));
#8134=CARTESIAN_POINT('',(56.35,-120.2625,9.0401547998544));
#8135=CARTESIAN_POINT('',(56.35,-120.2625,6.2600386999636));
#8136=CARTESIAN_POINT('Ctrl Pts',(55.85,-119.7625,9.90618020363885));
#8137=CARTESIAN_POINT('Ctrl Pts',(55.85,-119.827943624604,9.86839630935691));
#8138=CARTESIAN_POINT('Ctrl Pts',(55.863419097078,-119.892745021067,9.82044822291932));
#8139=CARTESIAN_POINT('Ctrl Pts',(55.9090343944814,-120.00596271859,9.71345246303277));
#8140=CARTESIAN_POINT('Ctrl Pts',(55.9410070987562,-120.054499322001,9.65443695796834));
#8141=CARTESIAN_POINT('Ctrl Pts',(56.0230240859695,-120.147925449915,9.51548352442915));
#8142=CARTESIAN_POINT('Ctrl Pts',(56.0846652003498,-120.192316398979,9.42161610389575));
#8143=CARTESIAN_POINT('Ctrl Pts',(56.2161965372709,-120.24957435106,9.22924573042356));
#8144=CARTESIAN_POINT('Ctrl Pts',(56.2859826181006,-120.2625,9.13068904956415));
#8145=CARTESIAN_POINT('Ctrl Pts',(56.35,-120.2625,9.0401547998544));
#8146=CARTESIAN_POINT('Origin',(146.1375,-119.2625,9.0401547998544));
#8147=CARTESIAN_POINT('',(20.85,-120.2625,9.04015479985441));
#8148=CARTESIAN_POINT('',(146.1375,-120.2625,9.0401547998544));
#8149=CARTESIAN_POINT('Origin',(20.85,-119.2625,9.0401547998544));
#8150=CARTESIAN_POINT('Origin',(47.5795986472489,-122.9325,6.6));
#8151=CARTESIAN_POINT('',(42.5109841415711,-125.6025,6.6));
#8152=CARTESIAN_POINT('',(41.0109841415713,-124.1025,6.6));
#8153=CARTESIAN_POINT('Origin',(42.5109841415711,-124.1025,6.6));
#8154=CARTESIAN_POINT('',(41.0109841415713,-121.2625,6.6));
#8155=CARTESIAN_POINT('',(41.0109841415713,-120.2614345112,6.6));
#8156=CARTESIAN_POINT('',(40.0109841415711,-120.2625,6.6));
#8157=CARTESIAN_POINT('Origin',(40.0109841415711,-121.2625,6.6));
#8158=CARTESIAN_POINT('',(55.1482131529266,-120.2625,6.6));
#8159=CARTESIAN_POINT('',(161.002299323624,-120.2625,6.6));
#8160=CARTESIAN_POINT('',(54.1482131529266,-121.2625,6.6));
#8161=CARTESIAN_POINT('Origin',(55.1482131529266,-121.2625,6.6));
#8162=CARTESIAN_POINT('',(54.1482131529266,-124.1025,6.6));
#8163=CARTESIAN_POINT('',(54.1482131529266,-125.6025,6.6));
#8164=CARTESIAN_POINT('',(52.6482131529266,-125.6025,6.6));
#8165=CARTESIAN_POINT('Origin',(52.6482131529266,-124.1025,6.6));
#8166=CARTESIAN_POINT('',(41.0109841415713,-125.6025,6.6));
#8167=CARTESIAN_POINT('Origin',(90.0795986472489,-122.9325,6.6));
#8168=CARTESIAN_POINT('',(96.6482131529266,-124.1025,6.6));
#8169=CARTESIAN_POINT('',(95.1482131529266,-125.6025,6.6));
#8170=CARTESIAN_POINT('Origin',(95.1482131529266,-124.1025,6.6));
#8171=CARTESIAN_POINT('',(85.0109841415713,-125.6025,6.6));
#8172=CARTESIAN_POINT('',(83.5109841415713,-125.6025,6.6));
#8173=CARTESIAN_POINT('',(83.5109841415713,-124.1025,6.6));
#8174=CARTESIAN_POINT('Origin',(85.0109841415713,-124.1025,6.6));
#8175=CARTESIAN_POINT('',(83.5109841415713,-121.2625,6.6));
#8176=CARTESIAN_POINT('',(83.5109841415713,-120.2614345112,6.6));
#8177=CARTESIAN_POINT('',(82.5109841415713,-120.2625,6.6));
#8178=CARTESIAN_POINT('Origin',(82.5109841415713,-121.2625,6.6));
#8179=CARTESIAN_POINT('',(97.6482131529266,-120.2625,6.6));
#8180=CARTESIAN_POINT('',(182.252299323624,-120.2625,6.6));
#8181=CARTESIAN_POINT('',(96.6482131529266,-121.2625,6.6));
#8182=CARTESIAN_POINT('Origin',(97.6482131529266,-121.2625,6.6));
#8183=CARTESIAN_POINT('',(96.6482131529266,-125.6025,6.6));
#8184=CARTESIAN_POINT('Origin',(205.079598647249,-122.9325,6.6));
#8185=CARTESIAN_POINT('',(211.648213152927,-124.1025,6.6));
#8186=CARTESIAN_POINT('',(210.148213152927,-125.6025,6.6));
#8187=CARTESIAN_POINT('Origin',(210.148213152927,-124.1025,6.6));
#8188=CARTESIAN_POINT('',(200.010984141571,-125.6025,6.6));
#8189=CARTESIAN_POINT('',(198.510984141571,-125.6025,6.6));
#8190=CARTESIAN_POINT('',(198.510984141571,-124.1025,6.6));
#8191=CARTESIAN_POINT('Origin',(200.010984141571,-124.1025,6.6));
#8192=CARTESIAN_POINT('',(198.510984141571,-121.2625,6.6));
#8193=CARTESIAN_POINT('',(198.510984141571,-120.2614345112,6.6));
#8194=CARTESIAN_POINT('',(197.510984141571,-120.2625,6.6));
#8195=CARTESIAN_POINT('Origin',(197.510984141571,-121.2625,6.6));
#8196=CARTESIAN_POINT('',(212.648213152927,-120.2625,6.6));
#8197=CARTESIAN_POINT('',(239.752299323624,-120.2625,6.6));
#8198=CARTESIAN_POINT('',(211.648213152927,-121.2625,6.6));
#8199=CARTESIAN_POINT('Origin',(212.648213152927,-121.2625,6.6));
#8200=CARTESIAN_POINT('',(211.648213152927,-125.6025,6.6));
#8201=CARTESIAN_POINT('Origin',(247.579598647249,-122.9325,6.6));
#8202=CARTESIAN_POINT('',(254.148213152927,-124.1025,6.6));
#8203=CARTESIAN_POINT('',(252.648213152927,-125.6025,6.6));
#8204=CARTESIAN_POINT('Origin',(252.648213152927,-124.1025,6.6));
#8205=CARTESIAN_POINT('',(242.510984141571,-125.6025,6.6));
#8206=CARTESIAN_POINT('',(241.010984141571,-125.6025,6.6));
#8207=CARTESIAN_POINT('',(241.010984141571,-124.1025,6.6));
#8208=CARTESIAN_POINT('Origin',(242.510984141571,-124.1025,6.6));
#8209=CARTESIAN_POINT('',(241.010984141571,-121.2625,6.6));
#8210=CARTESIAN_POINT('',(241.010984141571,-120.2614345112,6.6));
#8211=CARTESIAN_POINT('',(240.010984141571,-120.2625,6.6));
#8212=CARTESIAN_POINT('Origin',(240.010984141571,-121.2625,6.6));
#8213=CARTESIAN_POINT('',(255.148213152927,-120.2625,6.6));
#8214=CARTESIAN_POINT('',(261.002299323624,-120.2625,6.6));
#8215=CARTESIAN_POINT('',(254.148213152927,-121.2625,6.6));
#8216=CARTESIAN_POINT('Origin',(255.148213152927,-121.2625,6.6));
#8217=CARTESIAN_POINT('',(254.148213152927,-125.6025,6.6));
#8218=CARTESIAN_POINT('Origin',(275.925,-119.2625,9.04));
#8219=CARTESIAN_POINT('',(275.925,-120.2625,9.04));
#8220=CARTESIAN_POINT('Origin',(20.85,-117.2625,9.0401547998544));
#8221=CARTESIAN_POINT('',(17.85,-117.2625,9.0401547998544));
#8222=CARTESIAN_POINT('Origin',(20.85,-117.2625,9.0401547998544));
#8223=CARTESIAN_POINT('Origin',(18.85,-117.2625,9.0401547998544));
#8224=CARTESIAN_POINT('Origin',(18.35,-100.2625,5.0200773999272));
#8225=CARTESIAN_POINT('',(17.85,-100.2625,9.04015479985438));
#8226=CARTESIAN_POINT('',(17.85,-100.2625,5.0200773999272));
#8227=CARTESIAN_POINT('Ctrl Pts',(17.85,-100.2625,9.04015479985438));
#8228=CARTESIAN_POINT('Ctrl Pts',(17.85,-100.326517381899,9.13068904956413));
#8229=CARTESIAN_POINT('Ctrl Pts',(17.8629256489404,-100.396303462729,9.22924573042352));
#8230=CARTESIAN_POINT('Ctrl Pts',(17.9201836010215,-100.52783479965,9.42161610389571));
#8231=CARTESIAN_POINT('Ctrl Pts',(17.9645745500853,-100.589475914031,9.51548352442911));
#8232=CARTESIAN_POINT('Ctrl Pts',(18.058000677999,-100.671492901244,9.6544369579683));
#8233=CARTESIAN_POINT('Ctrl Pts',(18.1065372814097,-100.703465605519,9.71345246303274));
#8234=CARTESIAN_POINT('Ctrl Pts',(18.2197549789331,-100.749080902922,9.8204482229193));
#8235=CARTESIAN_POINT('Ctrl Pts',(18.2845563753959,-100.7625,9.86839630935688));
#8236=CARTESIAN_POINT('Ctrl Pts',(18.35,-100.7625,9.90618020363882));
#8237=CARTESIAN_POINT('Origin',(17.55,-99.1125000000001,14.7));
#8238=CARTESIAN_POINT('',(17.85,-45.1625,14.7));
#8239=CARTESIAN_POINT('',(17.85,-99.1125000000001,14.7));
#8240=CARTESIAN_POINT('',(17.55,-45.1625,15.));
#8241=CARTESIAN_POINT('Origin',(17.55,-45.1625,14.7));
#8242=CARTESIAN_POINT('',(17.55,-99.1125000000001,15.));
#8243=CARTESIAN_POINT('Origin',(16.3011452120459,-81.8221696206492,3.6));
#8244=CARTESIAN_POINT('',(14.8522904240918,-72.1221696206492,3.6));
#8245=CARTESIAN_POINT('',(15.3522904240918,-71.6221696206492,3.6));
#8246=CARTESIAN_POINT('Origin',(15.3522904240918,-72.1221696206492,3.6));
#8247=CARTESIAN_POINT('',(17.55,-71.6221696206492,3.6));
#8248=CARTESIAN_POINT('',(15.5522904240918,-71.6221696206492,3.6));
#8249=CARTESIAN_POINT('',(17.85,-71.3221696206492,3.6));
#8250=CARTESIAN_POINT('Origin',(17.55,-71.3221696206492,3.6));
#8251=CARTESIAN_POINT('',(17.85,-92.3221696206492,3.6));
#8252=CARTESIAN_POINT('',(17.85,-94.5423348103246,3.6));
#8253=CARTESIAN_POINT('',(17.55,-92.0221696206492,3.6));
#8254=CARTESIAN_POINT('Origin',(17.55,-92.3221696206492,3.6));
#8255=CARTESIAN_POINT('',(15.3522904240918,-92.0221696206492,3.6));
#8256=CARTESIAN_POINT('',(15.0522904240918,-92.0221696206492,3.6));
#8257=CARTESIAN_POINT('',(14.8522904240918,-91.5221696206492,3.6));
#8258=CARTESIAN_POINT('Origin',(15.3522904240918,-91.5221696206492,3.6));
#8259=CARTESIAN_POINT('',(14.8522904240918,-71.8221696206492,3.6));
#8260=CARTESIAN_POINT('Origin',(17.55,-92.3221696206492,0.1));
#8261=CARTESIAN_POINT('',(17.55,-92.0221696206492,0.299999999999995));
#8262=CARTESIAN_POINT('',(17.85,-92.3221696206492,0.2));
#8263=CARTESIAN_POINT('Origin',(17.55,-92.3221696206492,0.3));
#8264=CARTESIAN_POINT('',(17.55,-92.0221696206492,0.1));
#8265=CARTESIAN_POINT('',(17.85,-92.3221696206492,0.1));
#8266=CARTESIAN_POINT('Origin',(18.85,-118.7625,9.0401547998544));
#8267=CARTESIAN_POINT('',(17.85,-118.7625,9.0401547998544));
#8268=CARTESIAN_POINT('Origin',(17.55,-71.3221696206492,0.1));
#8269=CARTESIAN_POINT('',(17.85,-71.3221696206492,0.200000000000005));
#8270=CARTESIAN_POINT('',(17.55,-71.6221696206492,0.299999999999998));
#8271=CARTESIAN_POINT('Origin',(17.55,-71.3221696206492,0.3));
#8272=CARTESIAN_POINT('',(17.85,-71.3221696206492,0.1));
#8273=CARTESIAN_POINT('',(17.55,-71.6221696206492,0.1));
#8274=CARTESIAN_POINT('Origin',(20.85,-45.1625,14.7));
#8275=CARTESIAN_POINT('',(20.85,-41.8625,15.));
#8276=CARTESIAN_POINT('Origin',(20.85,-45.1625,15.));
#8277=CARTESIAN_POINT('Origin',(20.85,-45.1625,14.7));
#8278=CARTESIAN_POINT('Origin',(20.85,-41.8625,14.7));
#8279=CARTESIAN_POINT('Origin',(47.5795986472489,-38.9994072785585,6.6));
#8280=CARTESIAN_POINT('',(83.5109841415713,-41.1625,6.6));
#8281=CARTESIAN_POINT('Origin',(82.5109841415713,-41.1625,6.6));
#8282=CARTESIAN_POINT('',(83.5109841415713,-37.8214345111998,6.6));
#8283=CARTESIAN_POINT('',(83.5109841415713,-41.6625,6.6));
#8284=CARTESIAN_POINT('',(85.0109841415713,-36.3214345111998,6.6));
#8285=CARTESIAN_POINT('Origin',(85.0109841415713,-37.8214345111998,6.6));
#8286=CARTESIAN_POINT('',(95.1482131529266,-36.3214345111998,6.6));
#8287=CARTESIAN_POINT('',(83.5109841415713,-36.3214345111998,6.6));
#8288=CARTESIAN_POINT('',(96.6482131529266,-37.8214345111998,6.6));
#8289=CARTESIAN_POINT('Origin',(95.1482131529266,-37.8214345111998,6.6));
#8290=CARTESIAN_POINT('',(96.6482131529266,-41.1625,6.6));
#8291=CARTESIAN_POINT('',(96.6482131529266,-36.3214345111998,6.6));
#8292=CARTESIAN_POINT('Origin',(97.6482131529266,-41.1625,6.6));
#8293=CARTESIAN_POINT('Origin',(47.5795986472489,-38.9994072785585,6.6));
#8294=CARTESIAN_POINT('',(41.0109841415713,-41.1625,6.6));
#8295=CARTESIAN_POINT('Origin',(40.0109841415713,-41.1625,6.6));
#8296=CARTESIAN_POINT('',(41.0109841415713,-37.807197957916,6.6));
#8297=CARTESIAN_POINT('',(41.0109841415713,-36.307197957916,6.6));
#8298=CARTESIAN_POINT('',(42.5109841415713,-36.307197957916,6.6));
#8299=CARTESIAN_POINT('Origin',(42.5109841415713,-37.807197957916,6.6));
#8300=CARTESIAN_POINT('',(52.6482131529266,-36.307197957916,6.6));
#8301=CARTESIAN_POINT('',(54.1482131529266,-36.307197957916,6.6));
#8302=CARTESIAN_POINT('',(54.1482131529266,-37.807197957916,6.6));
#8303=CARTESIAN_POINT('Origin',(52.6482131529266,-37.807197957916,6.6));
#8304=CARTESIAN_POINT('',(54.1482131529266,-41.1625,6.6));
#8305=CARTESIAN_POINT('',(54.1482131529266,-41.667197957916,6.6));
#8306=CARTESIAN_POINT('Origin',(55.1482131529266,-41.1625,6.6));
#8307=CARTESIAN_POINT('Origin',(84.24375,-41.8625,14.7));
#8308=CARTESIAN_POINT('',(84.24375,-41.8625,15.));
#8309=CARTESIAN_POINT('Origin',(47.5795986472489,-38.9994072785585,6.6));
#8310=CARTESIAN_POINT('',(241.010984141571,-41.1625,6.6));
#8311=CARTESIAN_POINT('Origin',(240.010984141571,-41.1625,6.6));
#8312=CARTESIAN_POINT('',(241.010984141571,-37.8214345111998,6.6));
#8313=CARTESIAN_POINT('',(241.010984141571,-41.6625,6.6));
#8314=CARTESIAN_POINT('',(242.510984141571,-36.3214345111998,6.6));
#8315=CARTESIAN_POINT('Origin',(242.510984141571,-37.8214345111998,6.6));
#8316=CARTESIAN_POINT('',(252.648213152927,-36.3214345111998,6.6));
#8317=CARTESIAN_POINT('',(241.010984141571,-36.3214345111998,6.6));
#8318=CARTESIAN_POINT('',(254.148213152927,-37.8214345111998,6.6));
#8319=CARTESIAN_POINT('Origin',(252.648213152927,-37.8214345111998,6.6));
#8320=CARTESIAN_POINT('',(254.148213152927,-41.1625,6.6));
#8321=CARTESIAN_POINT('',(254.148213152927,-36.3214345111998,6.6));
#8322=CARTESIAN_POINT('Origin',(255.148213152927,-41.1625,6.6));
#8323=CARTESIAN_POINT('Origin',(47.5795986472489,-38.9994072785585,6.6));
#8324=CARTESIAN_POINT('',(198.510984141571,-41.1625,6.6));
#8325=CARTESIAN_POINT('Origin',(197.510984141571,-41.1625,6.6));
#8326=CARTESIAN_POINT('',(198.510984141571,-37.8214345111998,6.6));
#8327=CARTESIAN_POINT('',(198.510984141571,-41.6625,6.6));
#8328=CARTESIAN_POINT('',(200.010984141571,-36.3214345111998,6.6));
#8329=CARTESIAN_POINT('Origin',(200.010984141571,-37.8214345111998,6.6));
#8330=CARTESIAN_POINT('',(210.148213152927,-36.3214345111998,6.6));
#8331=CARTESIAN_POINT('',(198.510984141571,-36.3214345111998,6.6));
#8332=CARTESIAN_POINT('',(211.648213152927,-37.8214345111998,6.6));
#8333=CARTESIAN_POINT('Origin',(210.148213152927,-37.8214345111998,6.6));
#8334=CARTESIAN_POINT('',(211.648213152927,-41.1625,6.6));
#8335=CARTESIAN_POINT('',(211.648213152927,-36.3214345111998,6.6));
#8336=CARTESIAN_POINT('Origin',(212.648213152927,-41.1625,6.6));
#8337=CARTESIAN_POINT('Origin',(14.15,-124.19167960675,14.7));
#8338=CARTESIAN_POINT('',(13.85,-124.19167960675,14.7));
#8339=CARTESIAN_POINT('Origin',(14.15,-124.19167960675,14.7));
#8340=CARTESIAN_POINT('Origin',(14.15,-124.19167960675,14.7));
#8341=CARTESIAN_POINT('Origin',(82.24375,-126.2625,14.));
#8342=CARTESIAN_POINT('',(14.15,-125.39666407865,14.432917960675));
#8343=CARTESIAN_POINT('',(14.15,-93.2225,30.52));
#8344=CARTESIAN_POINT('',(16.85,-128.09666407865,13.082917960675));
#8345=CARTESIAN_POINT('Origin',(16.85,-125.39666407865,14.432917960675));
#8346=CARTESIAN_POINT('',(278.425,-128.09666407865,13.082917960675));
#8347=CARTESIAN_POINT('',(49.546875,-128.09666407865,13.082917960675));
#8348=CARTESIAN_POINT('',(281.125,-125.39666407865,14.432917960675));
#8349=CARTESIAN_POINT('Origin',(278.425,-125.39666407865,14.432917960675));
#8350=CARTESIAN_POINT('',(281.125,-128.6625,12.8));
#8351=CARTESIAN_POINT('Origin',(281.125,-124.19167960675,14.7));
#8352=CARTESIAN_POINT('',(281.425,-124.19167960675,14.7));
#8353=CARTESIAN_POINT('Origin',(281.125,-124.19167960675,14.7));
#8354=CARTESIAN_POINT('Origin',(281.125,-124.19167960675,14.7));
#8355=CARTESIAN_POINT('Origin',(147.6375,-80.9625,15.));
#8356=CARTESIAN_POINT('',(281.125,-36.6625,15.));
#8357=CARTESIAN_POINT('',(281.125,-103.1125,15.));
#8358=CARTESIAN_POINT('',(278.425,-33.9625,15.));
#8359=CARTESIAN_POINT('Origin',(278.425,-36.6625,15.));
#8360=CARTESIAN_POINT('',(16.85,-33.9625,15.));
#8361=CARTESIAN_POINT('',(213.03125,-33.9625,15.));
#8362=CARTESIAN_POINT('',(14.15,-36.6625,15.));
#8363=CARTESIAN_POINT('Origin',(16.85,-36.6625,15.));
#8364=CARTESIAN_POINT('',(14.15,-58.8125,15.));
#8365=CARTESIAN_POINT('Origin',(157.512290424092,-125.522169620649,0.2));
#8366=CARTESIAN_POINT('',(157.512290424092,-126.022169620649,0.3));
#8367=CARTESIAN_POINT('',(158.012290424092,-125.522169620649,0.3));
#8368=CARTESIAN_POINT('Origin',(157.512290424092,-125.522169620649,0.3));
#8369=CARTESIAN_POINT('',(157.512290424092,-126.022169620649,0.2));
#8370=CARTESIAN_POINT('',(158.012290424092,-125.522169620649,0.2));
#8371=CARTESIAN_POINT('Origin',(138.312290424092,-126.022169620649,0.2));
#8372=CARTESIAN_POINT('',(138.112290424092,-126.022169620649,0.3));
#8373=CARTESIAN_POINT('',(142.974895212046,-126.022169620649,0.3));
#8374=CARTESIAN_POINT('',(138.112290424092,-126.022169620649,0.2));
#8375=CARTESIAN_POINT('Origin',(138.112290424092,-125.522169620649,0.2));
#8376=CARTESIAN_POINT('',(137.612290424092,-125.522169620649,0.3));
#8377=CARTESIAN_POINT('Origin',(138.112290424092,-125.522169620649,0.3));
#8378=CARTESIAN_POINT('',(137.612290424092,-125.522169620649,0.2));
#8379=CARTESIAN_POINT('Origin',(137.612290424092,-123.822169620649,0.2));
#8380=CARTESIAN_POINT('',(137.612290424092,-123.622169620649,0.3));
#8381=CARTESIAN_POINT('',(137.612290424092,-102.392334810325,0.3));
#8382=CARTESIAN_POINT('',(137.612290424092,-123.622169620649,0.2));
#8383=CARTESIAN_POINT('Origin',(138.112290424092,-123.622169620649,0.2));
#8384=CARTESIAN_POINT('',(138.112290424092,-123.122169620649,0.3));
#8385=CARTESIAN_POINT('Origin',(138.112290424092,-123.622169620649,0.3));
#8386=CARTESIAN_POINT('',(138.112290424092,-123.122169620649,0.2));
#8387=CARTESIAN_POINT('Origin',(157.312290424092,-123.122169620649,0.2));
#8388=CARTESIAN_POINT('',(157.512290424092,-123.122169620649,0.3));
#8389=CARTESIAN_POINT('',(152.474895212046,-123.122169620649,0.3));
#8390=CARTESIAN_POINT('',(157.512290424092,-123.122169620649,0.2));
#8391=CARTESIAN_POINT('Origin',(157.512290424092,-123.622169620649,0.2));
#8392=CARTESIAN_POINT('',(158.012290424092,-123.622169620649,0.3));
#8393=CARTESIAN_POINT('Origin',(157.512290424092,-123.622169620649,0.3));
#8394=CARTESIAN_POINT('',(158.012290424092,-123.622169620649,0.2));
#8395=CARTESIAN_POINT('Origin',(158.012290424092,-125.322169620649,0.2));
#8396=CARTESIAN_POINT('',(158.012290424092,-103.142334810325,0.3));
#8397=CARTESIAN_POINT('Origin',(254.148213152927,-36.3214345111998,0.));
#8398=CARTESIAN_POINT('',(210.148213152927,-36.3214345111998,0.2));
#8399=CARTESIAN_POINT('',(200.010984141571,-36.3214345111998,0.2));
#8400=CARTESIAN_POINT('',(200.892856576463,-36.3214345111998,0.2));
#8401=CARTESIAN_POINT('',(210.148213152927,-36.3214345111998,0.));
#8402=CARTESIAN_POINT('',(200.010984141571,-36.3214345111998,0.));
#8403=CARTESIAN_POINT('Origin',(210.148213152927,-37.8214345111998,0.));
#8404=CARTESIAN_POINT('',(211.648213152927,-37.8214345111998,0.2));
#8405=CARTESIAN_POINT('Origin',(210.148213152927,-37.8214345111998,0.2));
#8406=CARTESIAN_POINT('',(211.648213152927,-37.8214345111998,0.));
#8407=CARTESIAN_POINT('Origin',(211.648213152927,-41.6625,0.));
#8408=CARTESIAN_POINT('',(211.648213152927,-41.1625,0.2));
#8409=CARTESIAN_POINT('',(211.648213152927,-61.3125,0.2));
#8410=CARTESIAN_POINT('',(211.648213152927,-41.1625,0.));
#8411=CARTESIAN_POINT('Origin',(212.648213152927,-41.1625,0.));
#8412=CARTESIAN_POINT('Origin',(212.648213152927,-41.1625,0.2));
#8413=CARTESIAN_POINT('Origin',(240.010984141571,-41.1625,0.));
#8414=CARTESIAN_POINT('',(241.010984141571,-41.1625,0.2));
#8415=CARTESIAN_POINT('Origin',(240.010984141571,-41.1625,0.2));
#8416=CARTESIAN_POINT('',(241.010984141571,-41.1625,0.));
#8417=CARTESIAN_POINT('Origin',(241.010984141571,-36.3214345111998,0.));
#8418=CARTESIAN_POINT('',(241.010984141571,-37.8214345111998,0.2));
#8419=CARTESIAN_POINT('',(241.010984141571,-58.6419672555999,0.2));
#8420=CARTESIAN_POINT('',(241.010984141571,-37.8214345111998,0.));
#8421=CARTESIAN_POINT('Origin',(242.510984141571,-37.8214345111998,0.));
#8422=CARTESIAN_POINT('',(242.510984141571,-36.3214345111998,0.2));
#8423=CARTESIAN_POINT('Origin',(242.510984141571,-37.8214345111998,0.2));
#8424=CARTESIAN_POINT('',(242.510984141571,-36.3214345111998,0.));
#8425=CARTESIAN_POINT('Origin',(254.148213152927,-36.3214345111998,0.));
#8426=CARTESIAN_POINT('',(252.648213152927,-36.3214345111998,0.2));
#8427=CARTESIAN_POINT('',(200.892856576463,-36.3214345111998,0.2));
#8428=CARTESIAN_POINT('',(252.648213152927,-36.3214345111998,0.));
#8429=CARTESIAN_POINT('Origin',(252.648213152927,-37.8214345111998,0.));
#8430=CARTESIAN_POINT('',(254.148213152927,-37.8214345111998,0.2));
#8431=CARTESIAN_POINT('Origin',(252.648213152927,-37.8214345111998,0.2));
#8432=CARTESIAN_POINT('',(254.148213152927,-37.8214345111998,0.));
#8433=CARTESIAN_POINT('Origin',(254.148213152927,-41.6625,0.));
#8434=CARTESIAN_POINT('',(254.148213152927,-41.1625,0.2));
#8435=CARTESIAN_POINT('',(254.148213152927,-61.3125,0.2));
#8436=CARTESIAN_POINT('',(254.148213152927,-41.1625,0.));
#8437=CARTESIAN_POINT('Origin',(255.148213152927,-41.1625,0.));
#8438=CARTESIAN_POINT('Origin',(255.148213152927,-41.1625,0.2));
#8439=CARTESIAN_POINT('Origin',(274.425,-45.1625,0.));
#8440=CARTESIAN_POINT('',(277.425,-45.1625,0.2));
#8441=CARTESIAN_POINT('Origin',(274.425,-45.1625,0.2));
#8442=CARTESIAN_POINT('',(277.425,-45.1625,0.));
#8443=CARTESIAN_POINT('Origin',(279.722290424092,-71.6221696206492,0.2));
#8444=CARTESIAN_POINT('',(279.922290424092,-71.6221696206492,0.3));
#8445=CARTESIAN_POINT('',(213.679895212046,-71.6221696206492,0.3));
#8446=CARTESIAN_POINT('',(279.922290424092,-71.6221696206492,0.2));
#8447=CARTESIAN_POINT('Ctrl Pts',(277.725,-71.6221696206492,0.3));
#8448=CARTESIAN_POINT('Ctrl Pts',(277.657640853638,-71.6221696206492,0.277599356259653));
#8449=CARTESIAN_POINT('Ctrl Pts',(277.500163766021,-71.5671432883344,0.225225441723102));
#8450=CARTESIAN_POINT('Ctrl Pts',(277.424916317147,-71.4116730103548,0.200247284371931));
#8451=CARTESIAN_POINT('Ctrl Pts',(277.425000323084,-71.3219071350486,0.200275169913518));
#8452=CARTESIAN_POINT('Ctrl Pts',(277.725,-71.6221696206492,0.3));
#8453=CARTESIAN_POINT('Ctrl Pts',(277.665133937409,-71.6221696206492,0.270106272489338));
#8454=CARTESIAN_POINT('Ctrl Pts',(277.525736662,-71.5861273744801,0.201177974573432));
#8455=CARTESIAN_POINT('Ctrl Pts',(277.424811347082,-71.4275378261421,0.147763016453257));
#8456=CARTESIAN_POINT('Ctrl Pts',(277.424923997339,-71.321860648403,0.147822635356591));
#8457=CARTESIAN_POINT('Ctrl Pts',(277.725,-71.6221696206492,0.3));
#8458=CARTESIAN_POINT('Ctrl Pts',(277.680120104949,-71.6221696206492,0.255120104948703));
#8459=CARTESIAN_POINT('Ctrl Pts',(277.577700519156,-71.6054041234766,0.152700519155412));
#8460=CARTESIAN_POINT('Ctrl Pts',(277.468338219091,-71.4455667138137,0.0433382190910827));
#8461=CARTESIAN_POINT('Ctrl Pts',(277.468460271368,-71.3218078244046,0.0434602713676104));
#8462=CARTESIAN_POINT('Ctrl Pts',(277.725,-71.6221696206492,0.3));
#8463=CARTESIAN_POINT('Ctrl Pts',(277.69510627249,-71.6221696206492,0.240133937408068));
#8464=CARTESIAN_POINT('Ctrl Pts',(277.626177974573,-71.58612737448,0.100736662000283));
#8465=CARTESIAN_POINT('Ctrl Pts',(277.572763016453,-71.4275378261421,-0.000188652918544022));
#8466=CARTESIAN_POINT('Ctrl Pts',(277.572822635357,-71.321860648403,-7.6002660644233E-5));
#8467=CARTESIAN_POINT('Ctrl Pts',(277.725,-71.6221696206492,0.3));
#8468=CARTESIAN_POINT('Ctrl Pts',(277.702599356259,-71.6221696206492,0.232640853637747));
#8469=CARTESIAN_POINT('Ctrl Pts',(277.650225441724,-71.5671432883344,0.0751637660202988));
#8470=CARTESIAN_POINT('Ctrl Pts',(277.625247284372,-71.4116730103548,-8.36828530498834E-5));
#8471=CARTESIAN_POINT('Ctrl Pts',(277.625275169914,-71.3219071350486,3.23084505853018E-7));
#8472=CARTESIAN_POINT('Origin',(277.625,-71.3221696206492,0.2));
#8473=CARTESIAN_POINT('Origin',(277.725,-71.3221696206492,0.3));
#8474=CARTESIAN_POINT('Origin',(279.922290424092,-72.1221696206492,0.2));
#8475=CARTESIAN_POINT('',(280.422290424092,-72.1221696206492,0.3));
#8476=CARTESIAN_POINT('Origin',(279.922290424092,-72.1221696206492,0.3));
#8477=CARTESIAN_POINT('',(280.422290424092,-72.1221696206492,0.2));
#8478=CARTESIAN_POINT('Origin',(280.422290424092,-91.3221696206492,0.2));
#8479=CARTESIAN_POINT('',(280.422290424092,-91.5221696206492,0.3));
#8480=CARTESIAN_POINT('',(280.422290424092,-86.1423348103246,0.3));
#8481=CARTESIAN_POINT('',(280.422290424092,-91.5221696206492,0.2));
#8482=CARTESIAN_POINT('Origin',(279.922290424092,-91.5221696206492,0.2));
#8483=CARTESIAN_POINT('',(279.922290424092,-92.0221696206492,0.3));
#8484=CARTESIAN_POINT('Origin',(279.922290424092,-91.5221696206492,0.3));
#8485=CARTESIAN_POINT('',(279.922290424092,-92.0221696206492,0.2));
#8486=CARTESIAN_POINT('Origin',(277.725,-92.0221696206492,0.2));
#8487=CARTESIAN_POINT('',(212.68125,-92.0221696206486,0.3));
#8488=CARTESIAN_POINT('Origin',(277.425,-44.6625,0.));
#8489=CARTESIAN_POINT('',(277.425,-62.8125,0.2));
#8490=CARTESIAN_POINT('',(277.425,-117.2625,0.2));
#8491=CARTESIAN_POINT('',(277.425,-62.8125,0.2));
#8492=CARTESIAN_POINT('',(277.425,-117.2625,0.));
#8493=CARTESIAN_POINT('Ctrl Pts',(277.725,-92.0221696206492,0.300000000000289));
#8494=CARTESIAN_POINT('Ctrl Pts',(277.702599368424,-92.0221696206491,0.232640841473038));
#8495=CARTESIAN_POINT('Ctrl Pts',(277.650225825472,-92.0771972542591,0.0751647558786736));
#8496=CARTESIAN_POINT('Ctrl Pts',(277.625247360574,-92.2326663089197,-8.37098144463296E-5));
#8497=CARTESIAN_POINT('Ctrl Pts',(277.6252752551,-92.3224321874199,3.23290043853907E-7));
#8498=CARTESIAN_POINT('Ctrl Pts',(277.725,-92.0221696206492,0.300000000000289));
#8499=CARTESIAN_POINT('Ctrl Pts',(277.6951062806,-92.0221696206491,0.240133929298356));
#8500=CARTESIAN_POINT('Ctrl Pts',(277.626178193407,-92.0582149555404,0.100737732682589));
#8501=CARTESIAN_POINT('Ctrl Pts',(277.572763052851,-92.2168014761886,-0.000188713999683563));
#8502=CARTESIAN_POINT('Ctrl Pts',(277.572822690428,-92.322478688516,-7.60275769935927E-5));
#8503=CARTESIAN_POINT('Ctrl Pts',(277.725,-92.0221696206492,0.300000000000289));
#8504=CARTESIAN_POINT('Ctrl Pts',(277.680120104949,-92.0221696206492,0.255120104948986));
#8505=CARTESIAN_POINT('Ctrl Pts',(277.577699947119,-92.0389418768233,0.152699947119083));
#8506=CARTESIAN_POINT('Ctrl Pts',(277.468339000376,-92.1987725653131,0.0433390003753123));
#8507=CARTESIAN_POINT('Ctrl Pts',(277.468461088952,-92.3225315289425,0.0434610889518613));
#8508=CARTESIAN_POINT('Ctrl Pts',(277.725,-92.0221696206492,0.300000000000289));
#8509=CARTESIAN_POINT('Ctrl Pts',(277.665133929299,-92.0221696206492,0.270106280599616));
#8510=CARTESIAN_POINT('Ctrl Pts',(277.525737732683,-92.0582149555403,0.20117819340736));
#8511=CARTESIAN_POINT('Ctrl Pts',(277.424811286001,-92.2168014761883,0.147763052850538));
#8512=CARTESIAN_POINT('Ctrl Pts',(277.424923972423,-92.3224786885157,0.147822690428416));
#8513=CARTESIAN_POINT('Ctrl Pts',(277.725,-92.0221696206492,0.300000000000289));
#8514=CARTESIAN_POINT('Ctrl Pts',(277.657640841473,-92.0221696206492,0.277599368424928));
#8515=CARTESIAN_POINT('Ctrl Pts',(277.500164755879,-92.0771972542591,0.225225825471522));
#8516=CARTESIAN_POINT('Ctrl Pts',(277.424916290186,-92.2326663089194,0.200247360573644));
#8517=CARTESIAN_POINT('Ctrl Pts',(277.42500032329,-92.3224321874196,0.20027525509972));
#8518=CARTESIAN_POINT('Origin',(277.625,-92.3221696206492,0.19999999999998));
#8519=CARTESIAN_POINT('Origin',(277.725,-92.3221696206492,0.3));
#8520=CARTESIAN_POINT('Origin',(274.425,-117.2625,0.));
#8521=CARTESIAN_POINT('',(274.425,-120.2625,0.2));
#8522=CARTESIAN_POINT('Origin',(274.425,-117.2625,0.2));
#8523=CARTESIAN_POINT('',(274.425,-120.2625,0.));
#8524=CARTESIAN_POINT('Origin',(255.148213152927,-121.2625,0.));
#8525=CARTESIAN_POINT('',(254.148213152927,-121.2625,0.2));
#8526=CARTESIAN_POINT('',(255.148213152927,-120.2625,0.2));
#8527=CARTESIAN_POINT('Origin',(255.148213152927,-121.2625,0.2));
#8528=CARTESIAN_POINT('',(254.148213152927,-121.2625,0.));
#8529=CARTESIAN_POINT('',(255.148213152927,-120.2625,0.));
#8530=CARTESIAN_POINT('Origin',(254.148213152927,-41.6625,0.));
#8531=CARTESIAN_POINT('',(254.148213152927,-124.1025,0.2));
#8532=CARTESIAN_POINT('',(254.148213152927,-61.3125,0.2));
#8533=CARTESIAN_POINT('',(254.148213152927,-124.1025,1.6352296887239E-16));
#8534=CARTESIAN_POINT('Origin',(252.648213152927,-124.1025,1.6352296887239E-16));
#8535=CARTESIAN_POINT('',(252.648213152927,-125.6025,0.2));
#8536=CARTESIAN_POINT('Origin',(252.648213152927,-124.1025,0.2));
#8537=CARTESIAN_POINT('',(252.648213152927,-125.6025,1.6352296887239E-16));
#8538=CARTESIAN_POINT('Origin',(241.010984141571,-125.6025,3.27045937744779E-16));
#8539=CARTESIAN_POINT('',(242.510984141571,-125.6025,0.2));
#8540=CARTESIAN_POINT('',(194.324242070786,-125.6025,0.2));
#8541=CARTESIAN_POINT('',(242.510984141571,-125.6025,1.6352296887239E-16));
#8542=CARTESIAN_POINT('Origin',(242.510984141571,-124.1025,1.6352296887239E-16));
#8543=CARTESIAN_POINT('',(241.010984141571,-124.1025,0.2));
#8544=CARTESIAN_POINT('Origin',(242.510984141571,-124.1025,0.2));
#8545=CARTESIAN_POINT('',(241.010984141571,-124.1025,1.6352296887239E-16));
#8546=CARTESIAN_POINT('Origin',(241.010984141571,-36.3214345111998,0.));
#8547=CARTESIAN_POINT('',(241.010984141571,-121.2625,0.2));
#8548=CARTESIAN_POINT('',(241.010984141571,-58.6419672555999,0.2));
#8549=CARTESIAN_POINT('',(241.010984141571,-121.2625,0.));
#8550=CARTESIAN_POINT('Origin',(240.010984141571,-121.2625,0.));
#8551=CARTESIAN_POINT('',(240.010984141571,-120.2625,0.2));
#8552=CARTESIAN_POINT('Origin',(240.010984141571,-121.2625,0.2));
#8553=CARTESIAN_POINT('',(240.010984141571,-120.2625,0.));
#8554=CARTESIAN_POINT('Origin',(212.648213152927,-121.2625,0.));
#8555=CARTESIAN_POINT('',(211.648213152927,-121.2625,0.2));
#8556=CARTESIAN_POINT('',(212.648213152927,-120.2625,0.2));
#8557=CARTESIAN_POINT('Origin',(212.648213152927,-121.2625,0.2));
#8558=CARTESIAN_POINT('',(211.648213152927,-121.2625,0.));
#8559=CARTESIAN_POINT('',(212.648213152927,-120.2625,0.));
#8560=CARTESIAN_POINT('Origin',(211.648213152927,-41.6625,0.));
#8561=CARTESIAN_POINT('',(211.648213152927,-124.1025,0.2));
#8562=CARTESIAN_POINT('',(211.648213152927,-61.3125,0.2));
#8563=CARTESIAN_POINT('',(211.648213152927,-124.1025,1.6352296887239E-16));
#8564=CARTESIAN_POINT('Origin',(210.148213152927,-124.1025,1.6352296887239E-16));
#8565=CARTESIAN_POINT('',(210.148213152927,-125.6025,0.2));
#8566=CARTESIAN_POINT('Origin',(210.148213152927,-124.1025,0.2));
#8567=CARTESIAN_POINT('',(210.148213152927,-125.6025,1.6352296887239E-16));
#8568=CARTESIAN_POINT('Origin',(241.010984141571,-125.6025,3.27045937744779E-16));
#8569=CARTESIAN_POINT('',(200.010984141571,-125.6025,0.2));
#8570=CARTESIAN_POINT('',(194.324242070786,-125.6025,0.2));
#8571=CARTESIAN_POINT('',(200.010984141571,-125.6025,1.6352296887239E-16));
#8572=CARTESIAN_POINT('Origin',(200.010984141571,-124.1025,1.6352296887239E-16));
#8573=CARTESIAN_POINT('',(198.510984141571,-124.1025,0.2));
#8574=CARTESIAN_POINT('Origin',(200.010984141571,-124.1025,0.2));
#8575=CARTESIAN_POINT('',(198.510984141571,-124.1025,1.6352296887239E-16));
#8576=CARTESIAN_POINT('Origin',(198.510984141571,-36.3214345111998,0.));
#8577=CARTESIAN_POINT('',(198.510984141571,-121.2625,0.2));
#8578=CARTESIAN_POINT('',(198.510984141571,-58.6419672555999,0.2));
#8579=CARTESIAN_POINT('',(198.510984141571,-121.2625,0.));
#8580=CARTESIAN_POINT('Origin',(197.510984141571,-121.2625,0.));
#8581=CARTESIAN_POINT('',(197.510984141571,-120.2625,0.2));
#8582=CARTESIAN_POINT('Origin',(197.510984141571,-121.2625,0.2));
#8583=CARTESIAN_POINT('',(197.510984141571,-120.2625,0.));
#8584=CARTESIAN_POINT('Origin',(97.6482131529266,-121.2625,0.));
#8585=CARTESIAN_POINT('',(96.6482131529266,-121.2625,0.2));
#8586=CARTESIAN_POINT('',(97.6482131529266,-120.2625,0.2));
#8587=CARTESIAN_POINT('Origin',(97.6482131529266,-121.2625,0.2));
#8588=CARTESIAN_POINT('',(96.6482131529266,-121.2625,0.));
#8589=CARTESIAN_POINT('',(97.6482131529266,-120.2625,0.));
#8590=CARTESIAN_POINT('Origin',(96.6482131529266,-41.6625,0.));
#8591=CARTESIAN_POINT('',(96.6482131529266,-124.1025,0.2));
#8592=CARTESIAN_POINT('',(96.6482131529266,-61.3125,0.2));
#8593=CARTESIAN_POINT('',(96.6482131529266,-124.1025,1.6352296887239E-16));
#8594=CARTESIAN_POINT('Origin',(95.1482131529266,-124.1025,1.6352296887239E-16));
#8595=CARTESIAN_POINT('',(95.1482131529266,-125.6025,0.2));
#8596=CARTESIAN_POINT('Origin',(95.1482131529266,-124.1025,0.2));
#8597=CARTESIAN_POINT('',(95.1482131529266,-125.6025,1.6352296887239E-16));
#8598=CARTESIAN_POINT('Origin',(241.010984141571,-125.6025,3.27045937744779E-16));
#8599=CARTESIAN_POINT('',(85.0109841415713,-125.6025,0.2));
#8600=CARTESIAN_POINT('',(194.324242070786,-125.6025,0.2));
#8601=CARTESIAN_POINT('',(85.0109841415713,-125.6025,1.6352296887239E-16));
#8602=CARTESIAN_POINT('Origin',(85.0109841415713,-124.1025,1.6352296887239E-16));
#8603=CARTESIAN_POINT('',(83.5109841415713,-124.1025,0.2));
#8604=CARTESIAN_POINT('Origin',(85.0109841415713,-124.1025,0.2));
#8605=CARTESIAN_POINT('',(83.5109841415713,-124.1025,1.6352296887239E-16));
#8606=CARTESIAN_POINT('Origin',(83.5109841415713,-36.3214345111998,0.));
#8607=CARTESIAN_POINT('',(83.5109841415713,-121.2625,0.2));
#8608=CARTESIAN_POINT('',(83.5109841415713,-58.6419672555999,0.2));
#8609=CARTESIAN_POINT('',(83.5109841415713,-121.2625,0.));
#8610=CARTESIAN_POINT('Origin',(82.5109841415713,-121.2625,0.));
#8611=CARTESIAN_POINT('',(82.5109841415713,-120.2625,0.2));
#8612=CARTESIAN_POINT('Origin',(82.5109841415713,-121.2625,0.2));
#8613=CARTESIAN_POINT('',(82.5109841415713,-120.2625,0.));
#8614=CARTESIAN_POINT('Origin',(55.1482131529266,-121.2625,0.));
#8615=CARTESIAN_POINT('',(54.1482131529266,-121.2625,0.2));
#8616=CARTESIAN_POINT('',(55.1482131529266,-120.2625,0.2));
#8617=CARTESIAN_POINT('Origin',(55.1482131529266,-121.2625,0.2));
#8618=CARTESIAN_POINT('',(54.1482131529266,-121.2625,0.));
#8619=CARTESIAN_POINT('',(55.1482131529266,-120.2625,0.));
#8620=CARTESIAN_POINT('Origin',(54.1482131529266,-41.667197957916,0.));
#8621=CARTESIAN_POINT('',(54.1482131529266,-124.1025,0.2));
#8622=CARTESIAN_POINT('',(54.1482131529266,-61.314848978958,0.2));
#8623=CARTESIAN_POINT('',(54.1482131529266,-124.1025,1.6352296887239E-16));
#8624=CARTESIAN_POINT('Origin',(52.6482131529266,-124.1025,1.6352296887239E-16));
#8625=CARTESIAN_POINT('',(52.6482131529266,-125.6025,0.2));
#8626=CARTESIAN_POINT('Origin',(52.6482131529266,-124.1025,0.2));
#8627=CARTESIAN_POINT('',(52.6482131529266,-125.6025,1.6352296887239E-16));
#8628=CARTESIAN_POINT('Origin',(241.010984141571,-125.6025,3.27045937744779E-16));
#8629=CARTESIAN_POINT('',(42.5109841415711,-125.6025,0.2));
#8630=CARTESIAN_POINT('',(194.324242070786,-125.6025,0.2));
#8631=CARTESIAN_POINT('',(42.5109841415711,-125.6025,1.6352296887239E-16));
#8632=CARTESIAN_POINT('Origin',(42.5109841415711,-124.1025,1.6352296887239E-16));
#8633=CARTESIAN_POINT('',(41.0109841415711,-124.1025,0.2));
#8634=CARTESIAN_POINT('Origin',(42.5109841415711,-124.1025,0.2));
#8635=CARTESIAN_POINT('',(41.0109841415711,-124.1025,1.6352296887239E-16));
#8636=CARTESIAN_POINT('Origin',(41.0109841415713,-36.307197957916,0.));
#8637=CARTESIAN_POINT('',(41.0109841415711,-121.2625,0.2));
#8638=CARTESIAN_POINT('',(41.0109841415712,-58.6348489789579,0.2));
#8639=CARTESIAN_POINT('',(41.0109841415711,-121.2625,0.));
#8640=CARTESIAN_POINT('Origin',(40.0109841415711,-121.2625,0.));
#8641=CARTESIAN_POINT('',(40.0109841415711,-120.2625,0.2));
#8642=CARTESIAN_POINT('Origin',(40.0109841415711,-121.2625,0.2));
#8643=CARTESIAN_POINT('',(40.0109841415711,-120.2625,0.));
#8644=CARTESIAN_POINT('Origin',(274.425,-120.2625,0.));
#8645=CARTESIAN_POINT('',(211.03125,-120.2625,0.2));
#8646=CARTESIAN_POINT('',(211.03125,-120.2625,0.2));
#8647=CARTESIAN_POINT('',(211.03125,-120.2625,0.2));
#8648=CARTESIAN_POINT('',(211.03125,-120.2625,0.2));
#8649=CARTESIAN_POINT('',(20.85,-120.2625,0.2));
#8650=CARTESIAN_POINT('',(211.03125,-120.2625,0.2));
#8651=CARTESIAN_POINT('',(20.85,-120.2625,0.));
#8652=CARTESIAN_POINT('Origin',(20.85,-117.2625,0.));
#8653=CARTESIAN_POINT('',(17.85,-117.2625,0.2));
#8654=CARTESIAN_POINT('Origin',(20.85,-117.2625,0.2));
#8655=CARTESIAN_POINT('',(17.85,-117.2625,0.));
#8656=CARTESIAN_POINT('Origin',(15.5522904240918,-92.0221696206492,0.2));
#8657=CARTESIAN_POINT('',(15.3522904240918,-92.0221696206492,0.3));
#8658=CARTESIAN_POINT('',(81.5948952120459,-92.0221696206492,0.3));
#8659=CARTESIAN_POINT('',(15.3522904240918,-92.0221696206492,0.2));
#8660=CARTESIAN_POINT('Ctrl Pts',(17.55,-92.0221696206492,0.299999999999997));
#8661=CARTESIAN_POINT('Ctrl Pts',(17.6173587328217,-92.0221696206492,0.277598942719131));
#8662=CARTESIAN_POINT('Ctrl Pts',(17.7748697231774,-92.0771519040204,0.225212450393165));
#8663=CARTESIAN_POINT('Ctrl Pts',(17.8500827668925,-92.2326635794873,0.200244693762982));
#8664=CARTESIAN_POINT('Ctrl Pts',(17.8499996838665,-92.3224293469128,0.200272274072726));
#8665=CARTESIAN_POINT('Ctrl Pts',(17.55,-92.0221696206492,0.299999999999997));
#8666=CARTESIAN_POINT('Ctrl Pts',(17.6098657868982,-92.0221696206492,0.27010599679566));
#8667=CARTESIAN_POINT('Ctrl Pts',(17.7492995675778,-92.0581073347091,0.201170563192085));
#8668=CARTESIAN_POINT('Ctrl Pts',(17.8501865758257,-92.2167993386469,0.147761780379776));
#8669=CARTESIAN_POINT('Ctrl Pts',(17.8500751542994,-92.3224753423481,0.147820764566698));
#8670=CARTESIAN_POINT('Ctrl Pts',(17.55,-92.0221696206492,0.299999999999997));
#8671=CARTESIAN_POINT('Ctrl Pts',(17.5948798950517,-92.0221696206492,0.255120104949087));
#8672=CARTESIAN_POINT('Ctrl Pts',(17.697277944231,-92.0387043541333,0.15272205577147));
#8673=CARTESIAN_POINT('Ctrl Pts',(17.8066894166124,-92.1987712398576,0.0433105833911855));
#8674=CARTESIAN_POINT('Ctrl Pts',(17.8065685953748,-92.3225276079098,0.0434314046287647));
#8675=CARTESIAN_POINT('Ctrl Pts',(17.55,-92.0221696206492,0.299999999999997));
#8676=CARTESIAN_POINT('Ctrl Pts',(17.5798940032051,-92.0221696206492,0.240134213102513));
#8677=CARTESIAN_POINT('Ctrl Pts',(17.6488294368103,-92.0581073347082,0.100700432424693));
#8678=CARTESIAN_POINT('Ctrl Pts',(17.7022382196253,-92.2167993386462,-0.00018657582355464));
#8679=CARTESIAN_POINT('Ctrl Pts',(17.7021792354384,-92.3224753423481,-7.51542973169699E-5));
#8680=CARTESIAN_POINT('Ctrl Pts',(17.55,-92.0221696206492,0.299999999999997));
#8681=CARTESIAN_POINT('Ctrl Pts',(17.5724010572819,-92.0221696206492,0.232641267179411));
#8682=CARTESIAN_POINT('Ctrl Pts',(17.6247875496104,-92.0771519040176,0.0751302768264357));
#8683=CARTESIAN_POINT('Ctrl Pts',(17.6497553062448,-92.232663579485,-8.27668924806752E-5));
#8684=CARTESIAN_POINT('Ctrl Pts',(17.649727725935,-92.3224293469128,3.16133506835347E-7));
#8685=CARTESIAN_POINT('Origin',(17.65,-92.3221696206492,0.2));
#8686=CARTESIAN_POINT('Origin',(17.55,-92.3221696206492,0.3));
#8687=CARTESIAN_POINT('Origin',(15.3522904240918,-91.5221696206492,0.2));
#8688=CARTESIAN_POINT('',(14.8522904240918,-91.5221696206492,0.3));
#8689=CARTESIAN_POINT('Origin',(15.3522904240918,-91.5221696206492,0.3));
#8690=CARTESIAN_POINT('',(14.8522904240918,-91.5221696206492,0.2));
#8691=CARTESIAN_POINT('Origin',(14.8522904240918,-72.3221696206492,0.2));
#8692=CARTESIAN_POINT('',(14.8522904240918,-72.1221696206492,0.3));
#8693=CARTESIAN_POINT('',(14.8522904240918,-76.6423348103246,0.3));
#8694=CARTESIAN_POINT('',(14.8522904240918,-72.1221696206492,0.2));
#8695=CARTESIAN_POINT('Origin',(15.3522904240918,-72.1221696206492,0.2));
#8696=CARTESIAN_POINT('',(15.3522904240918,-71.6221696206492,0.3));
#8697=CARTESIAN_POINT('Origin',(15.3522904240918,-72.1221696206492,0.3));
#8698=CARTESIAN_POINT('',(15.3522904240918,-71.6221696206492,0.2));
#8699=CARTESIAN_POINT('Origin',(17.55,-71.6221696206492,0.2));
#8700=CARTESIAN_POINT('',(82.59375,-71.6221696206492,0.3));
#8701=CARTESIAN_POINT('Origin',(17.85,-117.2625,0.));
#8702=CARTESIAN_POINT('',(17.85,-99.1125000000001,0.2));
#8703=CARTESIAN_POINT('',(17.85,-45.1625,0.2));
#8704=CARTESIAN_POINT('',(17.85,-99.1125000000001,0.2));
#8705=CARTESIAN_POINT('',(17.85,-45.1625,0.));
#8706=CARTESIAN_POINT('Ctrl Pts',(17.55,-71.6221696206492,0.299999999999997));
#8707=CARTESIAN_POINT('Ctrl Pts',(17.5724011740887,-71.6221696206492,0.232641383986225));
#8708=CARTESIAN_POINT('Ctrl Pts',(17.6247912003511,-71.56719971397,0.0751208733138355));
#8709=CARTESIAN_POINT('Ctrl Pts',(17.649756038041,-71.4116764109867,-8.25083711473526E-5));
#8710=CARTESIAN_POINT('Ctrl Pts',(17.6497285438802,-71.3219106737921,3.14182877424755E-7));
#8711=CARTESIAN_POINT('Ctrl Pts',(17.55,-71.6221696206492,0.299999999999997));
#8712=CARTESIAN_POINT('Ctrl Pts',(17.5798940810763,-71.6221696206492,0.240134290973722));
#8713=CARTESIAN_POINT('Ctrl Pts',(17.6488315206204,-71.5862612700646,0.10069025731463));
#8714=CARTESIAN_POINT('Ctrl Pts',(17.7022385683042,-71.4275404897965,-0.000185988867571162));
#8715=CARTESIAN_POINT('Ctrl Pts',(17.7021797633594,-71.3218648170945,-7.49141754256443E-5));
#8716=CARTESIAN_POINT('Ctrl Pts',(17.55,-71.6221696206492,0.299999999999997));
#8717=CARTESIAN_POINT('Ctrl Pts',(17.5948798950509,-71.6221696206492,0.255120104948359));
#8718=CARTESIAN_POINT('Ctrl Pts',(17.6972710920342,-71.6057004535528,0.152728907963472));
#8719=CARTESIAN_POINT('Ctrl Pts',(17.8066976200917,-71.4455683656989,0.043302379904802));
#8720=CARTESIAN_POINT('Ctrl Pts',(17.8065771454922,-71.3218127092579,0.0434228545042369));
#8721=CARTESIAN_POINT('Ctrl Pts',(17.55,-71.6221696206492,0.299999999999997));
#8722=CARTESIAN_POINT('Ctrl Pts',(17.6098657090256,-71.6221696206492,0.270105918922994));
#8723=CARTESIAN_POINT('Ctrl Pts',(17.7493097426829,-71.5862612700655,0.201168479377219));
#8724=CARTESIAN_POINT('Ctrl Pts',(17.8501859888655,-71.4275404897974,0.147761431690786));
#8725=CARTESIAN_POINT('Ctrl Pts',(17.8500749141733,-71.3218648170945,0.147820236635514));
#8726=CARTESIAN_POINT('Ctrl Pts',(17.55,-71.6221696206492,0.299999999999997));
#8727=CARTESIAN_POINT('Ctrl Pts',(17.6173586160127,-71.6221696206492,0.277598825910131));
#8728=CARTESIAN_POINT('Ctrl Pts',(17.7748791266825,-71.5671997139728,0.225208799645421));
#8729=CARTESIAN_POINT('Ctrl Pts',(17.8500825083712,-71.411676410989,0.200243961951409));
#8730=CARTESIAN_POINT('Ctrl Pts',(17.8499996858171,-71.3219106737921,0.200271456112213));
#8731=CARTESIAN_POINT('Origin',(17.65,-71.3221696206492,0.200000000000005));
#8732=CARTESIAN_POINT('Origin',(17.55,-71.3221696206492,0.3));
#8733=CARTESIAN_POINT('Origin',(20.85,-45.1625,0.));
#8734=CARTESIAN_POINT('Origin',(20.85,-45.1625,0.2));
#8735=CARTESIAN_POINT('Origin',(40.0109841415713,-41.1625,0.));
#8736=CARTESIAN_POINT('',(41.0109841415713,-41.1625,0.2));
#8737=CARTESIAN_POINT('Origin',(40.0109841415713,-41.1625,0.2));
#8738=CARTESIAN_POINT('',(41.0109841415713,-41.1625,0.));
#8739=CARTESIAN_POINT('Origin',(41.0109841415713,-36.307197957916,0.));
#8740=CARTESIAN_POINT('',(41.0109841415713,-37.807197957916,0.2));
#8741=CARTESIAN_POINT('',(41.0109841415712,-58.6348489789579,0.2));
#8742=CARTESIAN_POINT('',(41.0109841415713,-37.807197957916,0.));
#8743=CARTESIAN_POINT('Origin',(42.5109841415713,-37.807197957916,0.));
#8744=CARTESIAN_POINT('',(42.5109841415713,-36.307197957916,0.2));
#8745=CARTESIAN_POINT('Origin',(42.5109841415713,-37.807197957916,0.2));
#8746=CARTESIAN_POINT('',(42.5109841415713,-36.307197957916,0.));
#8747=CARTESIAN_POINT('Origin',(54.1482131529266,-36.307197957916,0.));
#8748=CARTESIAN_POINT('',(52.6482131529266,-36.307197957916,0.2));
#8749=CARTESIAN_POINT('',(100.892856576463,-36.307197957916,0.2));
#8750=CARTESIAN_POINT('',(52.6482131529266,-36.307197957916,0.));
#8751=CARTESIAN_POINT('Origin',(52.6482131529266,-37.807197957916,0.));
#8752=CARTESIAN_POINT('',(54.1482131529266,-37.807197957916,0.2));
#8753=CARTESIAN_POINT('Origin',(52.6482131529266,-37.807197957916,0.2));
#8754=CARTESIAN_POINT('',(54.1482131529266,-37.807197957916,0.));
#8755=CARTESIAN_POINT('Origin',(54.1482131529266,-41.667197957916,0.));
#8756=CARTESIAN_POINT('',(54.1482131529266,-41.1625,0.2));
#8757=CARTESIAN_POINT('',(54.1482131529266,-61.314848978958,0.2));
#8758=CARTESIAN_POINT('',(54.1482131529266,-41.1625,0.));
#8759=CARTESIAN_POINT('Origin',(55.1482131529266,-41.1625,0.));
#8760=CARTESIAN_POINT('Origin',(55.1482131529266,-41.1625,0.2));
#8761=CARTESIAN_POINT('Origin',(82.5109841415713,-41.1625,0.));
#8762=CARTESIAN_POINT('',(83.5109841415713,-41.1625,0.2));
#8763=CARTESIAN_POINT('Origin',(82.5109841415713,-41.1625,0.2));
#8764=CARTESIAN_POINT('',(83.5109841415713,-41.1625,0.));
#8765=CARTESIAN_POINT('Origin',(83.5109841415713,-36.3214345111998,0.));
#8766=CARTESIAN_POINT('',(83.5109841415713,-37.8214345111998,0.2));
#8767=CARTESIAN_POINT('',(83.5109841415713,-58.6419672555999,0.2));
#8768=CARTESIAN_POINT('',(83.5109841415713,-37.8214345111998,0.));
#8769=CARTESIAN_POINT('Origin',(85.0109841415713,-37.8214345111998,0.));
#8770=CARTESIAN_POINT('',(85.0109841415713,-36.3214345111998,0.2));
#8771=CARTESIAN_POINT('Origin',(85.0109841415713,-37.8214345111998,0.2));
#8772=CARTESIAN_POINT('',(85.0109841415713,-36.3214345111998,0.));
#8773=CARTESIAN_POINT('Origin',(254.148213152927,-36.3214345111998,0.));
#8774=CARTESIAN_POINT('',(95.1482131529266,-36.3214345111998,0.2));
#8775=CARTESIAN_POINT('',(200.892856576463,-36.3214345111998,0.2));
#8776=CARTESIAN_POINT('',(95.1482131529266,-36.3214345111998,0.));
#8777=CARTESIAN_POINT('Origin',(95.1482131529266,-37.8214345111998,0.));
#8778=CARTESIAN_POINT('',(96.6482131529266,-37.8214345111998,0.2));
#8779=CARTESIAN_POINT('Origin',(95.1482131529266,-37.8214345111998,0.2));
#8780=CARTESIAN_POINT('',(96.6482131529266,-37.8214345111998,0.));
#8781=CARTESIAN_POINT('Origin',(96.6482131529266,-41.6625,0.));
#8782=CARTESIAN_POINT('',(96.6482131529266,-41.1625,0.2));
#8783=CARTESIAN_POINT('',(96.6482131529266,-61.3125,0.2));
#8784=CARTESIAN_POINT('',(96.6482131529266,-41.1625,0.));
#8785=CARTESIAN_POINT('Origin',(97.6482131529266,-41.1625,0.));
#8786=CARTESIAN_POINT('Origin',(97.6482131529266,-41.1625,0.2));
#8787=CARTESIAN_POINT('Origin',(197.510984141571,-41.1625,0.));
#8788=CARTESIAN_POINT('',(198.510984141571,-41.1625,0.2));
#8789=CARTESIAN_POINT('Origin',(197.510984141571,-41.1625,0.2));
#8790=CARTESIAN_POINT('',(198.510984141571,-41.1625,0.));
#8791=CARTESIAN_POINT('Origin',(198.510984141571,-36.3214345111998,0.));
#8792=CARTESIAN_POINT('',(198.510984141571,-37.8214345111998,0.2));
#8793=CARTESIAN_POINT('',(198.510984141571,-58.6419672555999,0.2));
#8794=CARTESIAN_POINT('',(198.510984141571,-37.8214345111998,0.));
#8795=CARTESIAN_POINT('Origin',(200.010984141571,-37.8214345111998,0.));
#8796=CARTESIAN_POINT('Origin',(200.010984141571,-37.8214345111998,0.2));
#8797=CARTESIAN_POINT('Origin',(213.03125,-33.9625,14.7));
#8798=CARTESIAN_POINT('Origin',(278.425,-33.9625,14.7));
#8799=CARTESIAN_POINT('Origin',(16.85,-33.9625,14.7));
#8800=CARTESIAN_POINT('Origin',(16.85,-36.6625,14.7));
#8801=CARTESIAN_POINT('',(13.85,-36.6625,14.7));
#8802=CARTESIAN_POINT('Origin',(14.15,-36.6625,14.7));
#8803=CARTESIAN_POINT('Origin',(16.85,-36.6625,14.7));
#8804=CARTESIAN_POINT('Origin',(14.15,-93.08833592135,30.2516718427));
#8805=CARTESIAN_POINT('',(13.85,-125.2625,14.164589803375));
#8806=CARTESIAN_POINT('',(13.85,-93.08833592135,30.2516718427));
#8807=CARTESIAN_POINT('Origin',(14.15,-125.2625,14.164589803375));
#8808=CARTESIAN_POINT('Origin',(14.15,-58.8125,14.7));
#8809=CARTESIAN_POINT('',(13.85,-58.8125,14.7));
#8810=CARTESIAN_POINT('Ctrl Pts',(13.8505549719677,-125.205968592703,14.1891561404868));
#8811=CARTESIAN_POINT('Ctrl Pts',(13.8369824566067,-125.897734209984,13.8779176590044));
#8812=CARTESIAN_POINT('Ctrl Pts',(14.3863608377501,-127.518587350678,13.1486971980618));
#8813=CARTESIAN_POINT('Ctrl Pts',(15.9895114940963,-128.280356537409,12.8059978797897));
#8814=CARTESIAN_POINT('Ctrl Pts',(16.9061960750314,-128.26193549838,12.8142850121744));
#8815=CARTESIAN_POINT('Ctrl Pts',(13.8496525439419,-125.241372722466,14.2600247843283));
#8816=CARTESIAN_POINT('Ctrl Pts',(13.8445494828597,-125.931314315306,13.9440444966115));
#8817=CARTESIAN_POINT('Ctrl Pts',(14.4083535253487,-127.534195874274,13.2066696093886));
#8818=CARTESIAN_POINT('Ctrl Pts',(15.9974220304669,-128.280092856558,12.8614830933485));
#8819=CARTESIAN_POINT('Ctrl Pts',(16.9056800103911,-128.262053405133,12.8698307754057));
#8820=CARTESIAN_POINT('Ctrl Pts',(13.9153363194094,-125.314414052597,14.4036150602246));
#8821=CARTESIAN_POINT('Ctrl Pts',(13.9177055820526,-125.984537092003,14.0784111086857));
#8822=CARTESIAN_POINT('Ctrl Pts',(14.4803387762818,-127.531581138389,13.3247145962949));
#8823=CARTESIAN_POINT('Ctrl Pts',(16.0228773416451,-128.247358435456,12.9742707900977));
#8824=CARTESIAN_POINT('Ctrl Pts',(16.9040183129459,-128.230046170021,12.9827463291819));
#8825=CARTESIAN_POINT('Ctrl Pts',(14.0774584245534,-125.346104047445,14.4609351663753));
#8826=CARTESIAN_POINT('Ctrl Pts',(14.0699077769152,-125.982030875089,14.1423880278521));
#8827=CARTESIAN_POINT('Ctrl Pts',(14.5855911341865,-127.465311700455,13.3999376332955));
#8828=CARTESIAN_POINT('Ctrl Pts',(16.0592137956895,-128.159248702115,13.0529216785812));
#8829=CARTESIAN_POINT('Ctrl Pts',(16.901644296053,-128.142467020451,13.0613137671275));
#8830=CARTESIAN_POINT('Ctrl Pts',(14.1593639304921,-125.346176528161,14.458004403149));
#8831=CARTESIAN_POINT('Ctrl Pts',(14.1466685716922,-125.96711660394,14.1475794275785));
#8832=CARTESIAN_POINT('Ctrl Pts',(14.6386746510249,-127.42270401593,13.4198346146444));
#8833=CARTESIAN_POINT('Ctrl Pts',(16.0776263501272,-128.107114739008,13.0776181842912));
#8834=CARTESIAN_POINT('Ctrl Pts',(16.9004415131239,-128.090564470069,13.0858935761888));
#8835=CARTESIAN_POINT('',(16.85,-128.2625,12.814589803375));
#8836=CARTESIAN_POINT('Origin',(16.85,-127.9625,12.814589803375));
#8837=CARTESIAN_POINT('Origin',(16.85,-125.2625,14.164589803375));
#8838=CARTESIAN_POINT('Origin',(49.546875,-127.9625,12.814589803375));
#8839=CARTESIAN_POINT('',(278.425,-128.2625,12.814589803375));
#8840=CARTESIAN_POINT('Origin',(278.425,-127.9625,12.814589803375));
#8841=CARTESIAN_POINT('',(49.546875,-128.2625,12.814589803375));
#8842=CARTESIAN_POINT('Ctrl Pts',(278.383375633154,-128.262198133171,12.8137768830313));
#8843=CARTESIAN_POINT('Ctrl Pts',(279.070451258468,-128.272121142888,12.8093136599662));
#8844=CARTESIAN_POINT('Ctrl Pts',(280.678769694665,-127.722257389929,13.0566340145588));
#8845=CARTESIAN_POINT('Ctrl Pts',(281.438431296944,-126.132019559881,13.7719521865001));
#8846=CARTESIAN_POINT('Ctrl Pts',(281.424678848099,-125.220270115048,14.1821137728737));
#8847=CARTESIAN_POINT('Ctrl Pts',(278.383757081834,-128.2623850845,12.869451775372));
#8848=CARTESIAN_POINT('Ctrl Pts',(279.064540139369,-128.272105572319,12.8649544951823));
#8849=CARTESIAN_POINT('Ctrl Pts',(280.657629811206,-127.733511462953,13.1141544936976));
#8850=CARTESIAN_POINT('Ctrl Pts',(281.428111119941,-126.164987158485,13.8366484184352));
#8851=CARTESIAN_POINT('Ctrl Pts',(281.42556103982,-125.255716272796,14.2530494821458));
#8852=CARTESIAN_POINT('Ctrl Pts',(278.384982262226,-128.230540257638,12.9819937540028));
#8853=CARTESIAN_POINT('Ctrl Pts',(279.045541970869,-128.239875300547,12.9774259154945));
#8854=CARTESIAN_POINT('Ctrl Pts',(280.591232016999,-127.722660132044,13.2305216936686));
#8855=CARTESIAN_POINT('Ctrl Pts',(281.352884138322,-126.211299972591,13.967518376236));
#8856=CARTESIAN_POINT('Ctrl Pts',(281.360049649466,-125.328117294121,14.3960094995295));
#8857=CARTESIAN_POINT('Ctrl Pts',(278.386732543109,-128.143539293681,13.0604456044116));
#8858=CARTESIAN_POINT('Ctrl Pts',(279.018399124706,-128.152583042683,13.0559231865624));
#8859=CARTESIAN_POINT('Ctrl Pts',(280.49674931178,-127.651461327125,13.3065127694647));
#8860=CARTESIAN_POINT('Ctrl Pts',(281.205144607156,-126.197688805259,14.0338003134573));
#8861=CARTESIAN_POINT('Ctrl Pts',(281.199197035423,-125.35918351023,14.4536874636491));
#8862=CARTESIAN_POINT('Ctrl Pts',(278.387615445381,-128.092256426401,13.0850810803617));
#8863=CARTESIAN_POINT('Ctrl Pts',(279.004706190385,-128.101173747133,13.0806223464377));
#8864=CARTESIAN_POINT('Ctrl Pts',(280.449217650739,-127.607037292183,13.3276947525941));
#8865=CARTESIAN_POINT('Ctrl Pts',(281.130914975928,-126.178183932451,14.0421099155763));
#8866=CARTESIAN_POINT('Ctrl Pts',(281.118157875098,-125.359239035727,14.4515444604911));
#8867=CARTESIAN_POINT('',(281.425,-125.2625,14.164589803375));
#8868=CARTESIAN_POINT('Origin',(281.125,-125.2625,14.164589803375));
#8869=CARTESIAN_POINT('Origin',(278.425,-125.2625,14.164589803375));
#8870=CARTESIAN_POINT('Origin',(281.125,-128.52833592135,12.5316718427));
#8871=CARTESIAN_POINT('',(281.425,-128.52833592135,12.5316718427));
#8872=CARTESIAN_POINT('Origin',(281.125,-103.1125,14.7));
#8873=CARTESIAN_POINT('',(281.425,-36.6625,14.7));
#8874=CARTESIAN_POINT('',(281.425,-103.1125,14.7));
#8875=CARTESIAN_POINT('Origin',(281.125,-36.6625,14.7));
#8876=CARTESIAN_POINT('Origin',(278.425,-36.6625,14.7));
#8877=CARTESIAN_POINT('Origin',(278.425,-36.6625,14.7));
#8878=CARTESIAN_POINT('Origin',(157.512290424092,-125.522169620649,0.3));
#8879=CARTESIAN_POINT('Origin',(158.312290424092,-125.522169620649,0.3));
#8880=CARTESIAN_POINT('Origin',(157.512290424092,-126.322169620649,0.3));
#8881=CARTESIAN_POINT('Origin',(142.974895212046,-126.322169620649,0.3));
#8882=CARTESIAN_POINT('Origin',(138.112290424092,-126.322169620649,0.3));
#8883=CARTESIAN_POINT('Origin',(138.112290424092,-125.522169620649,0.3));
#8884=CARTESIAN_POINT('Origin',(137.312290424092,-125.522169620649,0.3));
#8885=CARTESIAN_POINT('Origin',(137.312290424092,-102.392334810325,0.3));
#8886=CARTESIAN_POINT('Origin',(137.312290424092,-123.622169620649,0.3));
#8887=CARTESIAN_POINT('Origin',(138.112290424092,-123.622169620649,0.3));
#8888=CARTESIAN_POINT('Origin',(138.112290424092,-122.822169620649,0.3));
#8889=CARTESIAN_POINT('Origin',(152.474895212046,-122.822169620649,0.3));
#8890=CARTESIAN_POINT('Origin',(157.512290424092,-122.822169620649,0.3));
#8891=CARTESIAN_POINT('Origin',(157.512290424092,-123.622169620649,0.3));
#8892=CARTESIAN_POINT('Origin',(158.312290424092,-123.622169620649,0.3));
#8893=CARTESIAN_POINT('Origin',(158.312290424092,-103.142334810325,0.3));
#8894=CARTESIAN_POINT('Origin',(200.892856576463,-36.1214345111998,0.2));
#8895=CARTESIAN_POINT('Origin',(210.148213152927,-36.1214345111998,0.2));
#8896=CARTESIAN_POINT('Origin',(200.010984141571,-36.1214345111998,0.2));
#8897=CARTESIAN_POINT('Origin',(210.148213152927,-37.8214345111998,0.2));
#8898=CARTESIAN_POINT('Origin',(211.848213152927,-37.8214345111998,0.2));
#8899=CARTESIAN_POINT('Origin',(211.848213152927,-61.3125,0.2));
#8900=CARTESIAN_POINT('Origin',(211.848213152927,-41.1625,0.2));
#8901=CARTESIAN_POINT('Origin',(212.648213152927,-41.1625,0.2));
#8902=CARTESIAN_POINT('Origin',(212.648213152927,-41.9625,0.2));
#8903=CARTESIAN_POINT('Origin',(84.24375,-41.9625,0.2));
#8904=CARTESIAN_POINT('Origin',(240.010984141571,-41.9625,0.2));
#8905=CARTESIAN_POINT('Origin',(240.010984141571,-41.1625,0.2));
#8906=CARTESIAN_POINT('Origin',(240.810984141571,-41.1625,0.2));
#8907=CARTESIAN_POINT('Origin',(240.810984141571,-58.6419672555999,0.2));
#8908=CARTESIAN_POINT('Origin',(240.810984141571,-37.8214345111998,0.2));
#8909=CARTESIAN_POINT('Origin',(242.510984141571,-37.8214345111998,0.2));
#8910=CARTESIAN_POINT('Origin',(242.510984141571,-36.1214345111998,0.2));
#8911=CARTESIAN_POINT('Origin',(200.892856576463,-36.1214345111998,0.2));
#8912=CARTESIAN_POINT('Origin',(252.648213152927,-36.1214345111998,0.2));
#8913=CARTESIAN_POINT('Origin',(252.648213152927,-37.8214345111998,0.2));
#8914=CARTESIAN_POINT('Origin',(254.348213152927,-37.8214345111998,0.2));
#8915=CARTESIAN_POINT('Origin',(254.348213152927,-61.3125,0.2));
#8916=CARTESIAN_POINT('Origin',(254.348213152927,-41.1625,0.2));
#8917=CARTESIAN_POINT('Origin',(255.148213152927,-41.1625,0.2));
#8918=CARTESIAN_POINT('Origin',(255.148213152927,-41.9625,0.2));
#8919=CARTESIAN_POINT('Origin',(84.24375,-41.9625,0.2));
#8920=CARTESIAN_POINT('Origin',(274.425,-41.9625,0.2));
#8921=CARTESIAN_POINT('Origin',(274.425,-45.1625,0.2));
#8922=CARTESIAN_POINT('Origin',(277.625,-45.1625,0.2));
#8923=CARTESIAN_POINT('Origin',(277.625,-62.8125,0.2));
#8924=CARTESIAN_POINT('Origin',(213.679895212046,-71.3221696206492,0.3));
#8925=CARTESIAN_POINT('Origin',(279.922290424092,-71.3221696206492,0.3));
#8926=CARTESIAN_POINT('Origin',(279.922290424092,-72.1221696206492,0.3));
#8927=CARTESIAN_POINT('Origin',(280.722290424092,-72.1221696206492,0.3));
#8928=CARTESIAN_POINT('Origin',(280.722290424092,-86.1423348103246,0.3));
#8929=CARTESIAN_POINT('Origin',(280.722290424092,-91.5221696206492,0.3));
#8930=CARTESIAN_POINT('Origin',(279.922290424092,-91.5221696206492,0.3));
#8931=CARTESIAN_POINT('Origin',(279.922290424092,-92.3221696206492,0.3));
#8932=CARTESIAN_POINT('Origin',(212.68125,-92.3221696206486,0.3));
#8933=CARTESIAN_POINT('Origin',(277.625,-62.8125,0.2));
#8934=CARTESIAN_POINT('Origin',(277.625,-117.2625,0.2));
#8935=CARTESIAN_POINT('Origin',(274.425,-117.2625,0.2));
#8936=CARTESIAN_POINT('Origin',(274.425,-120.4625,0.2));
#8937=CARTESIAN_POINT('Origin',(211.03125,-120.4625,0.2));
#8938=CARTESIAN_POINT('Origin',(255.148213152927,-120.4625,0.2));
#8939=CARTESIAN_POINT('Origin',(255.148213152927,-121.2625,0.2));
#8940=CARTESIAN_POINT('Origin',(254.348213152927,-121.2625,0.2));
#8941=CARTESIAN_POINT('Origin',(254.348213152927,-61.3125,0.2));
#8942=CARTESIAN_POINT('Origin',(254.348213152927,-124.1025,0.2));
#8943=CARTESIAN_POINT('Origin',(252.648213152927,-124.1025,0.2));
#8944=CARTESIAN_POINT('Origin',(252.648213152927,-125.8025,0.2));
#8945=CARTESIAN_POINT('Origin',(194.324242070786,-125.8025,0.2));
#8946=CARTESIAN_POINT('Origin',(242.510984141571,-125.8025,0.2));
#8947=CARTESIAN_POINT('Origin',(242.510984141571,-124.1025,0.2));
#8948=CARTESIAN_POINT('Origin',(240.810984141571,-124.1025,0.2));
#8949=CARTESIAN_POINT('Origin',(240.810984141571,-58.6419672555999,0.2));
#8950=CARTESIAN_POINT('Origin',(240.810984141571,-121.2625,0.2));
#8951=CARTESIAN_POINT('Origin',(240.010984141571,-121.2625,0.2));
#8952=CARTESIAN_POINT('Origin',(240.010984141571,-120.4625,0.2));
#8953=CARTESIAN_POINT('Origin',(211.03125,-120.4625,0.2));
#8954=CARTESIAN_POINT('Origin',(212.648213152927,-120.4625,0.2));
#8955=CARTESIAN_POINT('Origin',(212.648213152927,-121.2625,0.2));
#8956=CARTESIAN_POINT('Origin',(211.848213152927,-121.2625,0.2));
#8957=CARTESIAN_POINT('Origin',(211.848213152927,-61.3125,0.2));
#8958=CARTESIAN_POINT('Origin',(211.848213152927,-124.1025,0.2));
#8959=CARTESIAN_POINT('Origin',(210.148213152927,-124.1025,0.2));
#8960=CARTESIAN_POINT('Origin',(210.148213152927,-125.8025,0.2));
#8961=CARTESIAN_POINT('Origin',(194.324242070786,-125.8025,0.2));
#8962=CARTESIAN_POINT('Origin',(200.010984141571,-125.8025,0.2));
#8963=CARTESIAN_POINT('Origin',(200.010984141571,-124.1025,0.2));
#8964=CARTESIAN_POINT('Origin',(198.310984141571,-124.1025,0.2));
#8965=CARTESIAN_POINT('Origin',(198.310984141571,-58.6419672555999,0.2));
#8966=CARTESIAN_POINT('Origin',(198.310984141571,-121.2625,0.2));
#8967=CARTESIAN_POINT('Origin',(197.510984141571,-121.2625,0.2));
#8968=CARTESIAN_POINT('Origin',(197.510984141571,-120.4625,0.2));
#8969=CARTESIAN_POINT('Origin',(211.03125,-120.4625,0.2));
#8970=CARTESIAN_POINT('Origin',(97.6482131529266,-120.4625,0.2));
#8971=CARTESIAN_POINT('Origin',(97.6482131529266,-121.2625,0.2));
#8972=CARTESIAN_POINT('Origin',(96.8482131529266,-121.2625,0.2));
#8973=CARTESIAN_POINT('Origin',(96.8482131529266,-61.3125,0.2));
#8974=CARTESIAN_POINT('Origin',(96.8482131529266,-124.1025,0.2));
#8975=CARTESIAN_POINT('Origin',(95.1482131529266,-124.1025,0.2));
#8976=CARTESIAN_POINT('Origin',(95.1482131529266,-125.8025,0.2));
#8977=CARTESIAN_POINT('Origin',(194.324242070786,-125.8025,0.2));
#8978=CARTESIAN_POINT('Origin',(85.0109841415713,-125.8025,0.2));
#8979=CARTESIAN_POINT('Origin',(85.0109841415713,-124.1025,0.2));
#8980=CARTESIAN_POINT('Origin',(83.3109841415713,-124.1025,0.2));
#8981=CARTESIAN_POINT('Origin',(83.3109841415713,-58.6419672555999,0.2));
#8982=CARTESIAN_POINT('Origin',(83.3109841415713,-121.2625,0.2));
#8983=CARTESIAN_POINT('Origin',(82.5109841415713,-121.2625,0.2));
#8984=CARTESIAN_POINT('Origin',(82.5109841415713,-120.4625,0.2));
#8985=CARTESIAN_POINT('Origin',(211.03125,-120.4625,0.2));
#8986=CARTESIAN_POINT('Origin',(55.1482131529266,-120.4625,0.2));
#8987=CARTESIAN_POINT('Origin',(55.1482131529266,-121.2625,0.2));
#8988=CARTESIAN_POINT('Origin',(54.3482131529266,-121.2625,0.2));
#8989=CARTESIAN_POINT('Origin',(54.3482131529266,-61.314848978958,0.2));
#8990=CARTESIAN_POINT('Origin',(54.3482131529266,-124.1025,0.2));
#8991=CARTESIAN_POINT('Origin',(52.6482131529266,-124.1025,0.2));
#8992=CARTESIAN_POINT('Origin',(52.6482131529266,-125.8025,0.2));
#8993=CARTESIAN_POINT('Origin',(194.324242070786,-125.8025,0.2));
#8994=CARTESIAN_POINT('Origin',(42.5109841415711,-125.8025,0.2));
#8995=CARTESIAN_POINT('Origin',(42.5109841415711,-124.1025,0.2));
#8996=CARTESIAN_POINT('Origin',(40.8109841415711,-124.1025,0.2));
#8997=CARTESIAN_POINT('Origin',(40.8109841415712,-58.6348489789579,0.2));
#8998=CARTESIAN_POINT('Origin',(40.8109841415711,-121.2625,0.2));
#8999=CARTESIAN_POINT('Origin',(40.0109841415711,-121.2625,0.2));
#9000=CARTESIAN_POINT('Origin',(40.0109841415712,-120.4625,0.2));
#9001=CARTESIAN_POINT('Origin',(211.03125,-120.4625,0.2));
#9002=CARTESIAN_POINT('Origin',(20.85,-120.4625,0.2));
#9003=CARTESIAN_POINT('Origin',(20.85,-117.2625,0.2));
#9004=CARTESIAN_POINT('Origin',(17.65,-117.2625,0.2));
#9005=CARTESIAN_POINT('Origin',(17.65,-99.1125000000001,0.2));
#9006=CARTESIAN_POINT('Origin',(81.5948952120459,-92.3221696206492,0.3));
#9007=CARTESIAN_POINT('Origin',(15.3522904240918,-92.3221696206492,0.3));
#9008=CARTESIAN_POINT('Origin',(15.3522904240918,-91.5221696206492,0.3));
#9009=CARTESIAN_POINT('Origin',(14.5522904240918,-91.5221696206492,0.3));
#9010=CARTESIAN_POINT('Origin',(14.5522904240918,-76.6423348103246,0.3));
#9011=CARTESIAN_POINT('Origin',(14.5522904240918,-72.1221696206492,0.3));
#9012=CARTESIAN_POINT('Origin',(15.3522904240918,-72.1221696206492,0.3));
#9013=CARTESIAN_POINT('Origin',(15.3522904240918,-71.3221696206492,0.3));
#9014=CARTESIAN_POINT('Origin',(82.59375,-71.3221696206492,0.3));
#9015=CARTESIAN_POINT('Origin',(17.65,-99.1125000000001,0.2));
#9016=CARTESIAN_POINT('Origin',(17.65,-45.1625,0.2));
#9017=CARTESIAN_POINT('Origin',(20.85,-45.1625,0.2));
#9018=CARTESIAN_POINT('Origin',(20.85,-41.9625,0.2));
#9019=CARTESIAN_POINT('Origin',(84.24375,-41.9625,0.2));
#9020=CARTESIAN_POINT('Origin',(40.0109841415713,-41.9625,0.2));
#9021=CARTESIAN_POINT('Origin',(40.0109841415713,-41.1625,0.2));
#9022=CARTESIAN_POINT('Origin',(40.8109841415713,-41.1625,0.2));
#9023=CARTESIAN_POINT('Origin',(40.8109841415712,-58.6348489789579,0.2));
#9024=CARTESIAN_POINT('Origin',(40.8109841415713,-37.807197957916,0.2));
#9025=CARTESIAN_POINT('Origin',(42.5109841415713,-37.807197957916,0.2));
#9026=CARTESIAN_POINT('Origin',(42.5109841415713,-36.107197957916,0.2));
#9027=CARTESIAN_POINT('Origin',(100.892856576463,-36.107197957916,0.2));
#9028=CARTESIAN_POINT('Origin',(52.6482131529266,-36.107197957916,0.2));
#9029=CARTESIAN_POINT('Origin',(52.6482131529266,-37.807197957916,0.2));
#9030=CARTESIAN_POINT('Origin',(54.3482131529266,-37.807197957916,0.2));
#9031=CARTESIAN_POINT('Origin',(54.3482131529266,-61.314848978958,0.2));
#9032=CARTESIAN_POINT('Origin',(54.3482131529266,-41.1625,0.2));
#9033=CARTESIAN_POINT('Origin',(55.1482131529266,-41.1625,0.2));
#9034=CARTESIAN_POINT('Origin',(55.1482131529266,-41.9625,0.2));
#9035=CARTESIAN_POINT('Origin',(84.24375,-41.9625,0.2));
#9036=CARTESIAN_POINT('Origin',(82.5109841415713,-41.9625,0.2));
#9037=CARTESIAN_POINT('Origin',(82.5109841415713,-41.1625,0.2));
#9038=CARTESIAN_POINT('Origin',(83.3109841415713,-41.1625,0.2));
#9039=CARTESIAN_POINT('Origin',(83.3109841415713,-58.6419672555999,0.2));
#9040=CARTESIAN_POINT('Origin',(83.3109841415713,-37.8214345111998,0.2));
#9041=CARTESIAN_POINT('Origin',(85.0109841415713,-37.8214345111998,0.2));
#9042=CARTESIAN_POINT('Origin',(85.0109841415713,-36.1214345111998,0.2));
#9043=CARTESIAN_POINT('Origin',(200.892856576463,-36.1214345111998,0.2));
#9044=CARTESIAN_POINT('Origin',(95.1482131529266,-36.1214345111998,0.2));
#9045=CARTESIAN_POINT('Origin',(95.1482131529266,-37.8214345111998,0.2));
#9046=CARTESIAN_POINT('Origin',(96.8482131529266,-37.8214345111998,0.2));
#9047=CARTESIAN_POINT('Origin',(96.8482131529266,-61.3125,0.2));
#9048=CARTESIAN_POINT('Origin',(96.8482131529266,-41.1625,0.2));
#9049=CARTESIAN_POINT('Origin',(97.6482131529266,-41.1625,0.2));
#9050=CARTESIAN_POINT('Origin',(197.510984141571,-41.1625,0.2));
#9051=CARTESIAN_POINT('Origin',(198.310984141571,-41.1625,0.2));
#9052=CARTESIAN_POINT('Origin',(198.310984141571,-58.6419672555999,0.2));
#9053=CARTESIAN_POINT('Origin',(198.310984141571,-37.8214345111998,0.2));
#9054=CARTESIAN_POINT('Origin',(200.010984141571,-37.8214345111998,0.2));
#9055=CARTESIAN_POINT('Origin',(16.85,-36.6625,0.));
#9056=CARTESIAN_POINT('',(13.85,-36.6625,0.));
#9057=CARTESIAN_POINT('Origin',(13.85,-36.6625,0.));
#9058=CARTESIAN_POINT('',(13.85,-125.2625,0.));
#9059=CARTESIAN_POINT('Origin',(16.85,-125.2625,0.));
#9060=CARTESIAN_POINT('',(16.85,-128.2625,0.));
#9061=CARTESIAN_POINT('Origin',(16.85,-128.2625,0.));
#9062=CARTESIAN_POINT('',(278.425,-128.2625,0.));
#9063=CARTESIAN_POINT('Origin',(278.425,-125.2625,0.));
#9064=CARTESIAN_POINT('',(281.425,-125.2625,0.));
#9065=CARTESIAN_POINT('Origin',(281.425,-125.2625,0.));
#9066=CARTESIAN_POINT('',(281.425,-36.6625,14.));
#9067=CARTESIAN_POINT('Origin',(278.425,-36.6625,0.));
#9068=UNCERTAINTY_MEASURE_WITH_UNIT(LENGTH_MEASURE(0.01),#9072,
'DISTANCE_ACCURACY_VALUE',
'Maximum model space distance between geometric entities at asserted c
onnectivities');
#9069=UNCERTAINTY_MEASURE_WITH_UNIT(LENGTH_MEASURE(0.01),#9072,
'DISTANCE_ACCURACY_VALUE',
'Maximum model space distance between geometric entities at asserted c
onnectivities');
#9070=(
GEOMETRIC_REPRESENTATION_CONTEXT(3)
GLOBAL_UNCERTAINTY_ASSIGNED_CONTEXT((#9068))
GLOBAL_UNIT_ASSIGNED_CONTEXT((#9072,#9074,#9075))
REPRESENTATION_CONTEXT('','3D')
);
#9071=(
GEOMETRIC_REPRESENTATION_CONTEXT(3)
GLOBAL_UNCERTAINTY_ASSIGNED_CONTEXT((#9069))
GLOBAL_UNIT_ASSIGNED_CONTEXT((#9072,#9074,#9075))
REPRESENTATION_CONTEXT('','3D')
);
#9072=(
LENGTH_UNIT()
NAMED_UNIT(*)
SI_UNIT(.MILLI.,.METRE.)
);
#9073=(
LENGTH_UNIT()
NAMED_UNIT(*)
SI_UNIT($,.METRE.)
);
#9074=(
NAMED_UNIT(*)
PLANE_ANGLE_UNIT()
SI_UNIT($,.RADIAN.)
);
#9075=(
NAMED_UNIT(*)
SI_UNIT($,.STERADIAN.)
SOLID_ANGLE_UNIT()
);
#9076=SHAPE_DEFINITION_REPRESENTATION(#9077,#9078);
#9077=PRODUCT_DEFINITION_SHAPE('',$,#9080);
#9078=SHAPE_REPRESENTATION('',(#4939),#9070);
#9079=PRODUCT_DEFINITION_CONTEXT('part definition',#9084,'design');
#9080=PRODUCT_DEFINITION('Top','Top',#9081,#9079);
#9081=PRODUCT_DEFINITION_FORMATION('',$,#9086);
#9082=PRODUCT_RELATED_PRODUCT_CATEGORY('Top','Top',(#9086));
#9083=APPLICATION_PROTOCOL_DEFINITION('international standard',
'automotive_design',2009,#9084);
#9084=APPLICATION_CONTEXT(
'Core Data for Automotive Mechanical Design Process');
#9085=PRODUCT_CONTEXT('part definition',#9084,'mechanical');
#9086=PRODUCT('Top','Top',$,(#9085));
#9087=PRESENTATION_STYLE_ASSIGNMENT((#9089));
#9088=PRESENTATION_STYLE_ASSIGNMENT((#9090));
#9089=SURFACE_STYLE_USAGE(.BOTH.,#9091);
#9090=SURFACE_STYLE_USAGE(.BOTH.,#9092);
#9091=SURFACE_SIDE_STYLE('',(#9093));
#9092=SURFACE_SIDE_STYLE('',(#9094));
#9093=SURFACE_STYLE_FILL_AREA(#9095);
#9094=SURFACE_STYLE_FILL_AREA(#9096);
#9095=FILL_AREA_STYLE('Steel - Satin',(#9097));
#9096=FILL_AREA_STYLE('Opaque(160,160,160)',(#9098));
#9097=FILL_AREA_STYLE_COLOUR('Steel - Satin',#9099);
#9098=FILL_AREA_STYLE_COLOUR('Opaque(160,160,160)',#9100);
#9099=COLOUR_RGB('Steel - Satin',0.627450980392157,0.627450980392157,0.627450980392157);
#9100=COLOUR_RGB('Opaque(160,160,160)',0.203921568627451,0.309803921568627,
0.529411764705882);
ENDSEC;
END-ISO-10303-21;
