ISO-10303-21;
HEADER;
/* Generated by software containing ST-Developer
 * from STEP Tools, Inc. (www.steptools.com) 
 */

FILE_DESCRIPTION(
/* description */ (''),
/* implementation_level */ '2;1');

FILE_NAME(
/* name */ 'Bottom 36ribs magnets.step',
/* time_stamp */ '2026-05-15T21:15:51+02:00',
/* author */ (''),
/* organization */ (''),
/* preprocessor_version */ 'ST-DEVELOPER v20.1',
/* originating_system */ 'Autodesk Translation Framework v14.24.0.0',
/* authorisation */ '');

FILE_SCHEMA (('AUTOMOTIVE_DESIGN { 1 0 10303 214 3 1 1 }'));
ENDSEC;

DATA;
#10=MECHANICAL_DESIGN_GEOMETRIC_PRESENTATION_REPRESENTATION('',(#13),#13458);
#11=SHAPE_REPRESENTATION_RELATIONSHIP('SRR','None',#13465,#12);
#12=ADVANCED_BREP_SHAPE_REPRESENTATION('',(#14),#13457);
#13=STYLED_ITEM('',(#13475),#14);
#14=MANIFOLD_SOLID_BREP('Bottom',#6922);
#15=CONICAL_SURFACE('',#7151,4.24999999999999,0.785398163397622);
#16=CONICAL_SURFACE('',#7153,4.24999999999999,0.785398163397555);
#17=CONICAL_SURFACE('',#7158,4.24999999999999,0.785398163397631);
#18=CONICAL_SURFACE('',#7160,4.24999999999999,0.785398163397548);
#19=B_SPLINE_SURFACE_WITH_KNOTS('',3,1,((#9954,#9955),(#9956,#9957),(#9958,
#9959),(#9960,#9961),(#9962,#9963),(#9964,#9965)),.UNSPECIFIED.,.F.,.F.,
 .F.,(4,2,4),(2,2),(-1.09332182716952,-1.09312683207126,-0.970867150139264),
(0.,0.024),.UNSPECIFIED.);
#20=B_SPLINE_SURFACE_WITH_KNOTS('',3,1,((#9969,#9970),(#9971,#9972),(#9973,
#9974),(#9975,#9976),(#9977,#9978),(#9979,#9980),(#9981,#9982),(#9983,#9984),
(#9985,#9986),(#9987,#9988)),.UNSPECIFIED.,.F.,.F.,.F.,(4,2,2,2,4),(2,2),
(-0.48383833010755,-0.375555239504469,-0.265340784111945,-0.135695711157486,
0.),(0.,0.0240000000000003),.UNSPECIFIED.);
#21=B_SPLINE_SURFACE_WITH_KNOTS('',3,1,((#10005,#10006),(#10007,#10008),
(#10009,#10010),(#10011,#10012),(#10013,#10014),(#10015,#10016),(#10017,
#10018),(#10019,#10020),(#10021,#10022),(#10023,#10024),(#10025,#10026),
(#10027,#10028)),.UNSPECIFIED.,.F.,.F.,.F.,(4,2,2,2,2,4),(2,2),(-0.486613575766652,
-0.416321837195014,-0.346352639953232,-0.225581734416441,-0.111313073440235,
0.),(0.,0.024),.UNSPECIFIED.);
#22=B_SPLINE_SURFACE_WITH_KNOTS('',3,3,((#10131,#10132,#10133,#10134,#10135,
#10136,#10137,#10138,#10139,#10140,#10141,#10142,#10143),(#10144,#10145,
#10146,#10147,#10148,#10149,#10150,#10151,#10152,#10153,#10154,#10155,#10156),
(#10157,#10158,#10159,#10160,#10161,#10162,#10163,#10164,#10165,#10166,
#10167,#10168,#10169),(#10170,#10171,#10172,#10173,#10174,#10175,#10176,
#10177,#10178,#10179,#10180,#10181,#10182),(#10183,#10184,#10185,#10186,
#10187,#10188,#10189,#10190,#10191,#10192,#10193,#10194,#10195)),
 .UNSPECIFIED.,.F.,.F.,.F.,(4,1,4),(4,1,1,1,1,1,1,1,1,1,4),(-2.78214261701809E-8,
0.936131921965584,2.1843078179197),(14.0628785055125,14.1469941770746,14.2311098486367,
14.3993411917608,14.7358038780091,15.0722665642574,15.4087292505058,16.754579995499,
18.1004307404923,20.7921322304788,23.4838337204654),.UNSPECIFIED.);
#23=B_SPLINE_SURFACE_WITH_KNOTS('',3,3,((#10234,#10235,#10236,#10237,#10238,
#10239),(#10240,#10241,#10242,#10243,#10244,#10245),(#10246,#10247,#10248,
#10249,#10250,#10251),(#10252,#10253,#10254,#10255,#10256,#10257),(#10258,
#10259,#10260,#10261,#10262,#10263)),.UNSPECIFIED.,.F.,.F.,.F.,(4,1,4),
(4,1,1,4),(0.,0.571428571428571,1.),(0.351285514395536,0.624049594481745,
0.805892314539218,0.987735034596691),.UNSPECIFIED.);
#24=B_SPLINE_SURFACE_WITH_KNOTS('',3,3,((#10287,#10288,#10289,#10290),(#10291,
#10292,#10293,#10294),(#10295,#10296,#10297,#10298),(#10299,#10300,#10301,
#10302),(#10303,#10304,#10305,#10306)),.UNSPECIFIED.,.F.,.F.,.F.,(4,1,4),
(4,4),(0.,0.571428571428571,1.),(-1.36860009267925E-17,0.617304054009902),
 .UNSPECIFIED.);
#25=B_SPLINE_SURFACE_WITH_KNOTS('',3,3,((#10324,#10325,#10326,#10327,#10328,
#10329),(#10330,#10331,#10332,#10333,#10334,#10335),(#10336,#10337,#10338,
#10339,#10340,#10341),(#10342,#10343,#10344,#10345,#10346,#10347)),
 .UNSPECIFIED.,.F.,.F.,.F.,(4,4),(4,1,1,4),(-1.11794423082949E-8,1.),(4.60985222852079,
7.29032612057901,9.97080001263723,13.9915108507246),.UNSPECIFIED.);
#26=B_SPLINE_SURFACE_WITH_KNOTS('',3,1,((#11497,#11498),(#11499,#11500),
(#11501,#11502),(#11503,#11504)),.UNSPECIFIED.,.F.,.F.,.F.,(4,4),(2,2),
(0.,1.),(0.,0.144000000000155),.UNSPECIFIED.);
#27=B_SPLINE_SURFACE_WITH_KNOTS('',3,1,((#11507,#11508),(#11509,#11510),
(#11511,#11512),(#11513,#11514)),.UNSPECIFIED.,.F.,.F.,.F.,(4,4),(2,2),
(0.,1.),(0.,0.144000000000252),.UNSPECIFIED.);
#28=B_SPLINE_SURFACE_WITH_KNOTS('',3,1,((#11518,#11519),(#11520,#11521),
(#11522,#11523),(#11524,#11525)),.UNSPECIFIED.,.F.,.F.,.F.,(4,4),(2,2),
(0.,1.),(0.,0.143999999999998),.UNSPECIFIED.);
#29=B_SPLINE_SURFACE_WITH_KNOTS('',3,1,((#11527,#11528),(#11529,#11530),
(#11531,#11532),(#11533,#11534)),.UNSPECIFIED.,.F.,.F.,.F.,(4,4),(2,2),
(0.,1.),(0.,0.143999999999998),.UNSPECIFIED.);
#30=B_SPLINE_SURFACE_WITH_KNOTS('',3,1,((#11540,#11541),(#11542,#11543),
(#11544,#11545),(#11546,#11547)),.UNSPECIFIED.,.F.,.F.,.F.,(4,4),(2,2),
(0.,1.),(0.,0.144000000000022),.UNSPECIFIED.);
#31=B_SPLINE_SURFACE_WITH_KNOTS('',3,1,((#11549,#11550),(#11551,#11552),
(#11553,#11554),(#11555,#11556)),.UNSPECIFIED.,.F.,.F.,.F.,(4,4),(2,2),
(0.,1.),(0.,0.144000000000015),.UNSPECIFIED.);
#32=B_SPLINE_SURFACE_WITH_KNOTS('',3,1,((#11558,#11559),(#11560,#11561),
(#11562,#11563),(#11564,#11565)),.UNSPECIFIED.,.F.,.F.,.F.,(4,4),(2,2),
(0.,1.),(0.,0.144000000000002),.UNSPECIFIED.);
#33=B_SPLINE_SURFACE_WITH_KNOTS('',3,1,((#11567,#11568),(#11569,#11570),
(#11571,#11572),(#11573,#11574)),.UNSPECIFIED.,.F.,.F.,.F.,(4,4),(2,2),
(0.,1.),(0.,0.144000000000027),.UNSPECIFIED.);
#34=B_SPLINE_SURFACE_WITH_KNOTS('',3,1,((#11580,#11581),(#11582,#11583),
(#11584,#11585),(#11586,#11587)),.UNSPECIFIED.,.F.,.F.,.F.,(4,4),(2,2),
(0.534713199896842,1.),(0.,0.144000000000003),.UNSPECIFIED.);
#35=B_SPLINE_SURFACE_WITH_KNOTS('',3,1,((#11589,#11590),(#11591,#11592),
(#11593,#11594),(#11595,#11596)),.UNSPECIFIED.,.F.,.F.,.F.,(4,4),(2,2),
(0.,1.),(0.,0.144000000000001),.UNSPECIFIED.);
#36=B_SPLINE_SURFACE_WITH_KNOTS('',3,1,((#11598,#11599),(#11600,#11601),
(#11602,#11603),(#11604,#11605)),.UNSPECIFIED.,.F.,.F.,.F.,(4,4),(2,2),
(0.,1.),(0.,0.143999999999997),.UNSPECIFIED.);
#37=B_SPLINE_SURFACE_WITH_KNOTS('',3,1,((#11607,#11608),(#11609,#11610),
(#11611,#11612),(#11613,#11614)),.UNSPECIFIED.,.F.,.F.,.F.,(4,4),(2,2),
(0.,1.),(0.,0.144000000000004),.UNSPECIFIED.);
#38=B_SPLINE_SURFACE_WITH_KNOTS('',3,1,((#11616,#11617),(#11618,#11619),
(#11620,#11621),(#11622,#11623)),.UNSPECIFIED.,.F.,.F.,.F.,(4,4),(2,2),
(0.,1.),(0.,0.14400000000001),.UNSPECIFIED.);
#39=B_SPLINE_SURFACE_WITH_KNOTS('',3,1,((#11625,#11626),(#11627,#11628),
(#11629,#11630),(#11631,#11632)),.UNSPECIFIED.,.F.,.F.,.F.,(4,4),(2,2),
(0.,1.),(0.,0.144000000000001),.UNSPECIFIED.);
#40=B_SPLINE_SURFACE_WITH_KNOTS('',3,1,((#11634,#11635),(#11636,#11637),
(#11638,#11639),(#11640,#11641)),.UNSPECIFIED.,.F.,.F.,.F.,(4,4),(2,2),
(0.,1.),(0.,0.144000000000001),.UNSPECIFIED.);
#41=B_SPLINE_SURFACE_WITH_KNOTS('',3,1,((#11643,#11644),(#11645,#11646),
(#11647,#11648),(#11649,#11650)),.UNSPECIFIED.,.F.,.F.,.F.,(4,4),(2,2),
(0.,1.),(0.,0.144000000000001),.UNSPECIFIED.);
#42=B_SPLINE_SURFACE_WITH_KNOTS('',3,1,((#11652,#11653),(#11654,#11655),
(#11656,#11657),(#11658,#11659)),.UNSPECIFIED.,.F.,.F.,.F.,(4,4),(2,2),
(0.,1.),(0.,0.144000000000005),.UNSPECIFIED.);
#43=B_SPLINE_SURFACE_WITH_KNOTS('',3,1,((#11661,#11662),(#11663,#11664),
(#11665,#11666),(#11667,#11668)),.UNSPECIFIED.,.F.,.F.,.F.,(4,4),(2,2),
(0.,0.969444829145588),(0.,0.144000000000012),.UNSPECIFIED.);
#44=B_SPLINE_SURFACE_WITH_KNOTS('',3,1,((#11672,#11673),(#11674,#11675),
(#11676,#11677),(#11678,#11679)),.UNSPECIFIED.,.F.,.F.,.F.,(4,4),(2,2),
(0.,1.),(0.,0.144000000000001),.UNSPECIFIED.);
#45=B_SPLINE_SURFACE_WITH_KNOTS('',3,1,((#11681,#11682),(#11683,#11684),
(#11685,#11686),(#11687,#11688)),.UNSPECIFIED.,.F.,.F.,.F.,(4,4),(2,2),
(0.,1.),(0.,0.144000000000011),.UNSPECIFIED.);
#46=B_SPLINE_SURFACE_WITH_KNOTS('',3,1,((#11690,#11691),(#11692,#11693),
(#11694,#11695),(#11696,#11697)),.UNSPECIFIED.,.F.,.F.,.F.,(4,4),(2,2),
(0.,1.),(0.,0.144000000000008),.UNSPECIFIED.);
#47=B_SPLINE_SURFACE_WITH_KNOTS('',3,1,((#11701,#11702),(#11703,#11704),
(#11705,#11706),(#11707,#11708)),.UNSPECIFIED.,.F.,.F.,.F.,(4,4),(2,2),
(0.203527711692545,1.),(0.,0.144000000000001),.UNSPECIFIED.);
#48=B_SPLINE_SURFACE_WITH_KNOTS('',3,1,((#11710,#11711),(#11712,#11713),
(#11714,#11715),(#11716,#11717)),.UNSPECIFIED.,.F.,.F.,.F.,(4,4),(2,2),
(0.,1.),(0.,0.144000000000001),.UNSPECIFIED.);
#49=B_SPLINE_SURFACE_WITH_KNOTS('',3,1,((#11719,#11720),(#11721,#11722),
(#11723,#11724),(#11725,#11726)),.UNSPECIFIED.,.F.,.F.,.F.,(4,4),(2,2),
(0.,1.),(0.,0.144000000000102),.UNSPECIFIED.);
#50=B_SPLINE_SURFACE_WITH_KNOTS('',3,1,((#11728,#11729),(#11730,#11731),
(#11732,#11733),(#11734,#11735)),.UNSPECIFIED.,.F.,.F.,.F.,(4,4),(2,2),
(0.,1.),(0.,0.144),.UNSPECIFIED.);
#51=B_SPLINE_SURFACE_WITH_KNOTS('',3,1,((#11737,#11738),(#11739,#11740),
(#11741,#11742),(#11743,#11744)),.UNSPECIFIED.,.F.,.F.,.F.,(4,4),(2,2),
(0.,1.),(0.,0.144000000000059),.UNSPECIFIED.);
#52=B_SPLINE_SURFACE_WITH_KNOTS('',3,1,((#11746,#11747),(#11748,#11749),
(#11750,#11751),(#11752,#11753)),.UNSPECIFIED.,.F.,.F.,.F.,(4,4),(2,2),
(0.,1.),(0.,0.144),.UNSPECIFIED.);
#53=B_SPLINE_SURFACE_WITH_KNOTS('',3,1,((#11755,#11756),(#11757,#11758),
(#11759,#11760),(#11761,#11762)),.UNSPECIFIED.,.F.,.F.,.F.,(4,4),(2,2),
(0.,1.),(0.,0.144000000000099),.UNSPECIFIED.);
#54=B_SPLINE_SURFACE_WITH_KNOTS('',3,1,((#11764,#11765),(#11766,#11767),
(#11768,#11769),(#11770,#11771)),.UNSPECIFIED.,.F.,.F.,.F.,(4,4),(2,2),
(0.,1.),(0.,0.144000000000013),.UNSPECIFIED.);
#55=B_SPLINE_SURFACE_WITH_KNOTS('',3,1,((#11773,#11774),(#11775,#11776),
(#11777,#11778),(#11779,#11780)),.UNSPECIFIED.,.F.,.F.,.F.,(4,4),(2,2),
(0.,1.),(0.,0.144000000000415),.UNSPECIFIED.);
#56=B_SPLINE_SURFACE_WITH_KNOTS('',3,1,((#11782,#11783),(#11784,#11785),
(#11786,#11787),(#11788,#11789)),.UNSPECIFIED.,.F.,.F.,.F.,(4,4),(2,2),
(0.,1.),(0.,0.143999999999997),.UNSPECIFIED.);
#57=B_SPLINE_SURFACE_WITH_KNOTS('',3,1,((#11791,#11792),(#11793,#11794),
(#11795,#11796),(#11797,#11798)),.UNSPECIFIED.,.F.,.F.,.F.,(4,4),(2,2),
(0.,1.),(0.,0.144000000000007),.UNSPECIFIED.);
#58=B_SPLINE_SURFACE_WITH_KNOTS('',3,1,((#11800,#11801),(#11802,#11803),
(#11804,#11805),(#11806,#11807)),.UNSPECIFIED.,.F.,.F.,.F.,(4,4),(2,2),
(0.,1.),(0.,0.144),.UNSPECIFIED.);
#59=B_SPLINE_SURFACE_WITH_KNOTS('',3,1,((#11809,#11810),(#11811,#11812),
(#11813,#11814),(#11815,#11816)),.UNSPECIFIED.,.F.,.F.,.F.,(4,4),(2,2),
(0.,1.),(0.,0.144000000000016),.UNSPECIFIED.);
#60=B_SPLINE_SURFACE_WITH_KNOTS('',3,1,((#11818,#11819),(#11820,#11821),
(#11822,#11823),(#11824,#11825)),.UNSPECIFIED.,.F.,.F.,.F.,(4,4),(2,2),
(0.,1.),(0.,0.144000000000011),.UNSPECIFIED.);
#61=B_SPLINE_SURFACE_WITH_KNOTS('',3,1,((#11827,#11828),(#11829,#11830),
(#11831,#11832),(#11833,#11834)),.UNSPECIFIED.,.F.,.F.,.F.,(4,4),(2,2),
(0.,1.),(0.,0.14400000000001),.UNSPECIFIED.);
#62=B_SPLINE_SURFACE_WITH_KNOTS('',3,1,((#11836,#11837),(#11838,#11839),
(#11840,#11841),(#11842,#11843)),.UNSPECIFIED.,.F.,.F.,.F.,(4,4),(2,2),
(0.,1.),(0.,0.144000000000014),.UNSPECIFIED.);
#63=B_SPLINE_SURFACE_WITH_KNOTS('',3,1,((#11845,#11846),(#11847,#11848),
(#11849,#11850),(#11851,#11852)),.UNSPECIFIED.,.F.,.F.,.F.,(4,4),(2,2),
(0.,1.),(0.,0.144000000000001),.UNSPECIFIED.);
#64=B_SPLINE_SURFACE_WITH_KNOTS('',3,1,((#11854,#11855),(#11856,#11857),
(#11858,#11859),(#11860,#11861)),.UNSPECIFIED.,.F.,.F.,.F.,(4,4),(2,2),
(0.,0.410225143073339),(0.,0.144000000000004),.UNSPECIFIED.);
#65=B_SPLINE_SURFACE_WITH_KNOTS('',3,1,((#11865,#11866),(#11867,#11868),
(#11869,#11870),(#11871,#11872)),.UNSPECIFIED.,.F.,.F.,.F.,(4,4),(2,2),
(0.,1.),(0.,0.144000000000002),.UNSPECIFIED.);
#66=B_SPLINE_SURFACE_WITH_KNOTS('',3,1,((#11874,#11875),(#11876,#11877),
(#11878,#11879),(#11880,#11881)),.UNSPECIFIED.,.F.,.F.,.F.,(4,4),(2,2),
(0.,1.),(0.,0.144000000000007),.UNSPECIFIED.);
#67=B_SPLINE_SURFACE_WITH_KNOTS('',3,1,((#11883,#11884),(#11885,#11886),
(#11887,#11888),(#11889,#11890)),.UNSPECIFIED.,.F.,.F.,.F.,(4,4),(2,2),
(0.,1.),(0.,0.144000000000011),.UNSPECIFIED.);
#68=B_SPLINE_SURFACE_WITH_KNOTS('',3,1,((#11894,#11895),(#11896,#11897),
(#11898,#11899),(#11900,#11901)),.UNSPECIFIED.,.F.,.F.,.F.,(4,4),(2,2),
(0.0291276149473559,1.),(0.,0.144000000000001),.UNSPECIFIED.);
#69=B_SPLINE_SURFACE_WITH_KNOTS('',3,1,((#11903,#11904),(#11905,#11906),
(#11907,#11908),(#11909,#11910)),.UNSPECIFIED.,.F.,.F.,.F.,(4,4),(2,2),
(0.,1.),(0.,0.144000000000001),.UNSPECIFIED.);
#70=B_SPLINE_SURFACE_WITH_KNOTS('',3,1,((#11912,#11913),(#11914,#11915),
(#11916,#11917),(#11918,#11919)),.UNSPECIFIED.,.F.,.F.,.F.,(4,4),(2,2),
(0.,1.),(0.,0.144000000000007),.UNSPECIFIED.);
#71=B_SPLINE_SURFACE_WITH_KNOTS('',3,1,((#11921,#11922),(#11923,#11924),
(#11925,#11926),(#11927,#11928)),.UNSPECIFIED.,.F.,.F.,.F.,(4,4),(2,2),
(0.,1.),(0.,0.144000000000011),.UNSPECIFIED.);
#72=B_SPLINE_SURFACE_WITH_KNOTS('',3,1,((#11930,#11931),(#11932,#11933),
(#11934,#11935),(#11936,#11937)),.UNSPECIFIED.,.F.,.F.,.F.,(4,4),(2,2),
(0.,1.),(0.,0.144000000000001),.UNSPECIFIED.);
#73=B_SPLINE_SURFACE_WITH_KNOTS('',3,1,((#11939,#11940),(#11941,#11942),
(#11943,#11944),(#11945,#11946)),.UNSPECIFIED.,.F.,.F.,.F.,(4,4),(2,2),
(0.,1.),(0.,0.14400000000004),.UNSPECIFIED.);
#74=B_SPLINE_SURFACE_WITH_KNOTS('',3,1,((#11948,#11949),(#11950,#11951),
(#11952,#11953),(#11954,#11955)),.UNSPECIFIED.,.F.,.F.,.F.,(4,4),(2,2),
(0.,1.),(0.,0.144),.UNSPECIFIED.);
#75=B_SPLINE_SURFACE_WITH_KNOTS('',3,1,((#11957,#11958),(#11959,#11960),
(#11961,#11962),(#11963,#11964)),.UNSPECIFIED.,.F.,.F.,.F.,(4,4),(2,2),
(0.,1.),(0.,0.144000000000017),.UNSPECIFIED.);
#76=B_SPLINE_SURFACE_WITH_KNOTS('',3,1,((#11966,#11967),(#11968,#11969),
(#11970,#11971),(#11972,#11973)),.UNSPECIFIED.,.F.,.F.,.F.,(4,4),(2,2),
(0.,0.269587544753969),(0.,0.14400000000001),.UNSPECIFIED.);
#77=B_SPLINE_SURFACE_WITH_KNOTS('',3,1,((#11979,#11980),(#11981,#11982),
(#11983,#11984),(#11985,#11986)),.UNSPECIFIED.,.F.,.F.,.F.,(4,4),(2,2),
(0.,1.),(0.,0.144000000000001),.UNSPECIFIED.);
#78=B_SPLINE_SURFACE_WITH_KNOTS('',3,1,((#11988,#11989),(#11990,#11991),
(#11992,#11993),(#11994,#11995)),.UNSPECIFIED.,.F.,.F.,.F.,(4,4),(2,2),
(0.,1.),(0.,0.144000000000001),.UNSPECIFIED.);
#79=B_SPLINE_SURFACE_WITH_KNOTS('',3,1,((#12001,#12002),(#12003,#12004),
(#12005,#12006),(#12007,#12008)),.UNSPECIFIED.,.F.,.F.,.F.,(4,4),(2,2),
(0.,1.),(0.,0.143999999999998),.UNSPECIFIED.);
#80=B_SPLINE_SURFACE_WITH_KNOTS('',3,1,((#12010,#12011),(#12012,#12013),
(#12014,#12015),(#12016,#12017)),.UNSPECIFIED.,.F.,.F.,.F.,(4,4),(2,2),
(0.,1.),(0.,0.144),.UNSPECIFIED.);
#81=B_SPLINE_SURFACE_WITH_KNOTS('',3,1,((#12023,#12024),(#12025,#12026),
(#12027,#12028),(#12029,#12030)),.UNSPECIFIED.,.F.,.F.,.F.,(4,4),(2,2),
(0.,1.),(0.,0.144000000000215),.UNSPECIFIED.);
#82=B_SPLINE_SURFACE_WITH_KNOTS('',3,1,((#12034,#12035),(#12036,#12037),
(#12038,#12039),(#12040,#12041)),.UNSPECIFIED.,.F.,.F.,.F.,(4,4),(2,2),
(0.,1.),(0.,0.143999999999999),.UNSPECIFIED.);
#83=B_SPLINE_SURFACE_WITH_KNOTS('',3,1,((#12047,#12048),(#12049,#12050),
(#12051,#12052),(#12053,#12054)),.UNSPECIFIED.,.F.,.F.,.F.,(4,4),(2,2),
(0.,1.),(0.,0.144000000000047),.UNSPECIFIED.);
#84=B_SPLINE_SURFACE_WITH_KNOTS('',3,1,((#12056,#12057),(#12058,#12059),
(#12060,#12061),(#12062,#12063)),.UNSPECIFIED.,.F.,.F.,.F.,(4,4),(2,2),
(0.,1.),(0.,0.144000000000066),.UNSPECIFIED.);
#85=B_SPLINE_SURFACE_WITH_KNOTS('',3,1,((#12065,#12066),(#12067,#12068),
(#12069,#12070),(#12071,#12072)),.UNSPECIFIED.,.F.,.F.,.F.,(4,4),(2,2),
(0.,0.776071150514164),(0.,0.144000000000008),.UNSPECIFIED.);
#86=B_SPLINE_SURFACE_WITH_KNOTS('',3,1,((#12076,#12077),(#12078,#12079),
(#12080,#12081),(#12082,#12083)),.UNSPECIFIED.,.F.,.F.,.F.,(4,4),(2,2),
(0.628595203323876,1.),(0.,0.143999999999999),.UNSPECIFIED.);
#87=B_SPLINE_SURFACE_WITH_KNOTS('',3,1,((#12085,#12086),(#12087,#12088),
(#12089,#12090),(#12091,#12092)),.UNSPECIFIED.,.F.,.F.,.F.,(4,4),(2,2),
(0.,1.),(0.,0.143999999999999),.UNSPECIFIED.);
#88=B_SPLINE_SURFACE_WITH_KNOTS('',3,1,((#12094,#12095),(#12096,#12097),
(#12098,#12099),(#12100,#12101)),.UNSPECIFIED.,.F.,.F.,.F.,(4,4),(2,2),
(0.,1.),(0.,0.143999999999997),.UNSPECIFIED.);
#89=B_SPLINE_SURFACE_WITH_KNOTS('',3,1,((#12103,#12104),(#12105,#12106),
(#12107,#12108),(#12109,#12110)),.UNSPECIFIED.,.F.,.F.,.F.,(4,4),(2,2),
(0.,1.),(0.,0.14400000000004),.UNSPECIFIED.);
#90=B_SPLINE_SURFACE_WITH_KNOTS('',3,1,((#12112,#12113),(#12114,#12115),
(#12116,#12117),(#12118,#12119)),.UNSPECIFIED.,.F.,.F.,.F.,(4,4),(2,2),
(0.,1.),(0.,0.144000000000186),.UNSPECIFIED.);
#91=B_SPLINE_SURFACE_WITH_KNOTS('',3,1,((#12121,#12122),(#12123,#12124),
(#12125,#12126),(#12127,#12128)),.UNSPECIFIED.,.F.,.F.,.F.,(4,4),(2,2),
(0.,1.),(0.,0.144000000000016),.UNSPECIFIED.);
#92=B_SPLINE_SURFACE_WITH_KNOTS('',3,1,((#12130,#12131),(#12132,#12133),
(#12134,#12135),(#12136,#12137)),.UNSPECIFIED.,.F.,.F.,.F.,(4,4),(2,2),
(0.,1.),(0.,0.143999999999999),.UNSPECIFIED.);
#93=B_SPLINE_SURFACE_WITH_KNOTS('',3,1,((#12139,#12140),(#12141,#12142),
(#12143,#12144),(#12145,#12146)),.UNSPECIFIED.,.F.,.F.,.F.,(4,4),(2,2),
(0.,1.),(0.,0.143999999999999),.UNSPECIFIED.);
#94=B_SPLINE_SURFACE_WITH_KNOTS('',3,1,((#12148,#12149),(#12150,#12151),
(#12152,#12153),(#12154,#12155)),.UNSPECIFIED.,.F.,.F.,.F.,(4,4),(2,2),
(0.,1.),(0.,0.144000000000009),.UNSPECIFIED.);
#95=B_SPLINE_SURFACE_WITH_KNOTS('',3,1,((#12159,#12160),(#12161,#12162),
(#12163,#12164),(#12165,#12166)),.UNSPECIFIED.,.F.,.F.,.F.,(4,4),(2,2),
(0.0619963390082246,1.),(0.,0.143999999999999),.UNSPECIFIED.);
#96=B_SPLINE_SURFACE_WITH_KNOTS('',3,1,((#12168,#12169),(#12170,#12171),
(#12172,#12173),(#12174,#12175)),.UNSPECIFIED.,.F.,.F.,.F.,(4,4),(2,2),
(0.,1.),(0.,0.144000000000055),.UNSPECIFIED.);
#97=B_SPLINE_SURFACE_WITH_KNOTS('',3,1,((#12177,#12178),(#12179,#12180),
(#12181,#12182),(#12183,#12184)),.UNSPECIFIED.,.F.,.F.,.F.,(4,4),(2,2),
(0.,1.),(0.,0.144000000000029),.UNSPECIFIED.);
#98=B_SPLINE_SURFACE_WITH_KNOTS('',3,1,((#12186,#12187),(#12188,#12189),
(#12190,#12191),(#12192,#12193)),.UNSPECIFIED.,.F.,.F.,.F.,(4,4),(2,2),
(0.,1.),(0.,0.143999999999998),.UNSPECIFIED.);
#99=B_SPLINE_SURFACE_WITH_KNOTS('',3,1,((#12195,#12196),(#12197,#12198),
(#12199,#12200),(#12201,#12202)),.UNSPECIFIED.,.F.,.F.,.F.,(4,4),(2,2),
(0.,1.),(0.,0.143999999999999),.UNSPECIFIED.);
#100=B_SPLINE_SURFACE_WITH_KNOTS('',3,1,((#12204,#12205),(#12206,#12207),
(#12208,#12209),(#12210,#12211)),.UNSPECIFIED.,.F.,.F.,.F.,(4,4),(2,2),
(0.,1.),(0.,0.143999999999998),.UNSPECIFIED.);
#101=B_SPLINE_SURFACE_WITH_KNOTS('',3,1,((#12213,#12214),(#12215,#12216),
(#12217,#12218),(#12219,#12220)),.UNSPECIFIED.,.F.,.F.,.F.,(4,4),(2,2),
(0.,1.),(0.,0.143999999999999),.UNSPECIFIED.);
#102=B_SPLINE_SURFACE_WITH_KNOTS('',3,1,((#12222,#12223),(#12224,#12225),
(#12226,#12227),(#12228,#12229)),.UNSPECIFIED.,.F.,.F.,.F.,(4,4),(2,2),
(0.,1.),(0.,0.144000000000022),.UNSPECIFIED.);
#103=B_SPLINE_SURFACE_WITH_KNOTS('',3,1,((#12235,#12236),(#12237,#12238),
(#12239,#12240),(#12241,#12242)),.UNSPECIFIED.,.F.,.F.,.F.,(4,4),(2,2),
(0.,1.),(0.,0.144000000000003),.UNSPECIFIED.);
#104=B_SPLINE_SURFACE_WITH_KNOTS('',3,1,((#12244,#12245),(#12246,#12247),
(#12248,#12249),(#12250,#12251)),.UNSPECIFIED.,.F.,.F.,.F.,(4,4),(2,2),
(0.,1.),(0.,0.144000000000001),.UNSPECIFIED.);
#105=B_SPLINE_SURFACE_WITH_KNOTS('',3,1,((#12253,#12254),(#12255,#12256),
(#12257,#12258),(#12259,#12260)),.UNSPECIFIED.,.F.,.F.,.F.,(4,4),(2,2),
(0.,1.),(0.,0.144000000000202),.UNSPECIFIED.);
#106=B_SPLINE_SURFACE_WITH_KNOTS('',3,1,((#12262,#12263),(#12264,#12265),
(#12266,#12267),(#12268,#12269)),.UNSPECIFIED.,.F.,.F.,.F.,(4,4),(2,2),
(0.,1.),(0.,0.144000000000999),.UNSPECIFIED.);
#107=B_SPLINE_SURFACE_WITH_KNOTS('',3,1,((#12271,#12272),(#12273,#12274),
(#12275,#12276),(#12277,#12278)),.UNSPECIFIED.,.F.,.F.,.F.,(4,4),(2,2),
(0.,1.),(0.,0.144000000000009),.UNSPECIFIED.);
#108=B_SPLINE_SURFACE_WITH_KNOTS('',3,1,((#12280,#12281),(#12282,#12283),
(#12284,#12285),(#12286,#12287)),.UNSPECIFIED.,.F.,.F.,.F.,(4,4),(2,2),
(0.,1.),(0.,0.144000000000007),.UNSPECIFIED.);
#109=B_SPLINE_SURFACE_WITH_KNOTS('',3,1,((#12289,#12290),(#12291,#12292),
(#12293,#12294),(#12295,#12296)),.UNSPECIFIED.,.F.,.F.,.F.,(4,4),(2,2),
(0.,1.),(0.,0.144000000000001),.UNSPECIFIED.);
#110=B_SPLINE_SURFACE_WITH_KNOTS('',3,1,((#12298,#12299),(#12300,#12301),
(#12302,#12303),(#12304,#12305)),.UNSPECIFIED.,.F.,.F.,.F.,(4,4),(2,2),
(0.,1.),(0.,0.144000000000043),.UNSPECIFIED.);
#111=B_SPLINE_SURFACE_WITH_KNOTS('',3,1,((#12307,#12308),(#12309,#12310),
(#12311,#12312),(#12313,#12314)),.UNSPECIFIED.,.F.,.F.,.F.,(4,4),(2,2),
(0.,1.),(0.,0.144000000000001),.UNSPECIFIED.);
#112=B_SPLINE_SURFACE_WITH_KNOTS('',3,1,((#12316,#12317),(#12318,#12319),
(#12320,#12321),(#12322,#12323)),.UNSPECIFIED.,.F.,.F.,.F.,(4,4),(2,2),
(0.,1.),(0.,0.144000000000055),.UNSPECIFIED.);
#113=B_SPLINE_SURFACE_WITH_KNOTS('',3,1,((#12325,#12326),(#12327,#12328),
(#12329,#12330),(#12331,#12332)),.UNSPECIFIED.,.F.,.F.,.F.,(4,4),(2,2),
(0.,1.),(0.,0.143999999999997),.UNSPECIFIED.);
#114=B_SPLINE_SURFACE_WITH_KNOTS('',3,1,((#12334,#12335),(#12336,#12337),
(#12338,#12339),(#12340,#12341)),.UNSPECIFIED.,.F.,.F.,.F.,(4,4),(2,2),
(0.,1.),(0.,0.143999999999999),.UNSPECIFIED.);
#115=B_SPLINE_SURFACE_WITH_KNOTS('',3,1,((#12347,#12348),(#12349,#12350),
(#12351,#12352),(#12353,#12354)),.UNSPECIFIED.,.F.,.F.,.F.,(4,4),(2,2),
(0.,1.),(0.,0.144),.UNSPECIFIED.);
#116=B_SPLINE_SURFACE_WITH_KNOTS('',3,1,((#12356,#12357),(#12358,#12359),
(#12360,#12361),(#12362,#12363)),.UNSPECIFIED.,.F.,.F.,.F.,(4,4),(2,2),
(0.,0.700565469507057),(0.,0.144000000000476),.UNSPECIFIED.);
#117=B_SPLINE_SURFACE_WITH_KNOTS('',3,1,((#12367,#12368),(#12369,#12370),
(#12371,#12372),(#12373,#12374)),.UNSPECIFIED.,.F.,.F.,.F.,(4,4),(2,2),
(0.,1.),(0.,0.143999999999998),.UNSPECIFIED.);
#118=B_SPLINE_SURFACE_WITH_KNOTS('',3,1,((#12376,#12377),(#12378,#12379),
(#12380,#12381),(#12382,#12383)),.UNSPECIFIED.,.F.,.F.,.F.,(4,4),(2,2),
(0.,1.),(0.,0.143999999999999),.UNSPECIFIED.);
#119=B_SPLINE_SURFACE_WITH_KNOTS('',3,1,((#12385,#12386),(#12387,#12388),
(#12389,#12390),(#12391,#12392)),.UNSPECIFIED.,.F.,.F.,.F.,(4,4),(2,2),
(0.,1.),(0.,0.144000000000008),.UNSPECIFIED.);
#120=B_SPLINE_SURFACE_WITH_KNOTS('',3,1,((#12394,#12395),(#12396,#12397),
(#12398,#12399),(#12400,#12401)),.UNSPECIFIED.,.F.,.F.,.F.,(4,4),(2,2),
(0.,1.),(0.,0.144000000000008),.UNSPECIFIED.);
#121=B_SPLINE_SURFACE_WITH_KNOTS('',3,1,((#12403,#12404),(#12405,#12406),
(#12407,#12408),(#12409,#12410)),.UNSPECIFIED.,.F.,.F.,.F.,(4,4),(2,2),
(0.,1.),(0.,0.144000000000276),.UNSPECIFIED.);
#122=B_SPLINE_SURFACE_WITH_KNOTS('',3,1,((#12412,#12413),(#12414,#12415),
(#12416,#12417),(#12418,#12419)),.UNSPECIFIED.,.F.,.F.,.F.,(4,4),(2,2),
(0.,1.),(0.,0.143999999999997),.UNSPECIFIED.);
#123=B_SPLINE_SURFACE_WITH_KNOTS('',3,1,((#12421,#12422),(#12423,#12424),
(#12425,#12426),(#12427,#12428)),.UNSPECIFIED.,.F.,.F.,.F.,(4,4),(2,2),
(0.,1.),(0.,0.144000000000009),.UNSPECIFIED.);
#124=B_SPLINE_SURFACE_WITH_KNOTS('',3,1,((#12430,#12431),(#12432,#12433),
(#12434,#12435),(#12436,#12437)),.UNSPECIFIED.,.F.,.F.,.F.,(4,4),(2,2),
(0.,1.),(0.,0.144000000000183),.UNSPECIFIED.);
#125=B_SPLINE_SURFACE_WITH_KNOTS('',3,1,((#12439,#12440),(#12441,#12442),
(#12443,#12444),(#12445,#12446)),.UNSPECIFIED.,.F.,.F.,.F.,(4,4),(2,2),
(0.,1.),(0.,0.144000000000115),.UNSPECIFIED.);
#126=B_SPLINE_SURFACE_WITH_KNOTS('',3,1,((#12450,#12451),(#12452,#12453),
(#12454,#12455),(#12456,#12457)),.UNSPECIFIED.,.F.,.F.,.F.,(4,4),(2,2),
(0.0761722067429514,1.),(0.,0.143999999999998),.UNSPECIFIED.);
#127=B_SPLINE_SURFACE_WITH_KNOTS('',3,1,((#12459,#12460),(#12461,#12462),
(#12463,#12464),(#12465,#12466)),.UNSPECIFIED.,.F.,.F.,.F.,(4,4),(2,2),
(0.,1.),(0.,0.144000000000303),.UNSPECIFIED.);
#128=B_SPLINE_SURFACE_WITH_KNOTS('',3,1,((#12468,#12469),(#12470,#12471),
(#12472,#12473),(#12474,#12475)),.UNSPECIFIED.,.F.,.F.,.F.,(4,4),(2,2),
(0.,1.),(0.,0.144000000000009),.UNSPECIFIED.);
#129=B_SPLINE_SURFACE_WITH_KNOTS('',3,1,((#12477,#12478),(#12479,#12480),
(#12481,#12482),(#12483,#12484)),.UNSPECIFIED.,.F.,.F.,.F.,(4,4),(2,2),
(0.,1.),(0.,0.144000000000001),.UNSPECIFIED.);
#130=B_SPLINE_SURFACE_WITH_KNOTS('',3,1,((#12486,#12487),(#12488,#12489),
(#12490,#12491),(#12492,#12493)),.UNSPECIFIED.,.F.,.F.,.F.,(4,4),(2,2),
(0.,1.),(0.,0.144000000000108),.UNSPECIFIED.);
#131=B_SPLINE_SURFACE_WITH_KNOTS('',3,1,((#12495,#12496),(#12497,#12498),
(#12499,#12500),(#12501,#12502)),.UNSPECIFIED.,.F.,.F.,.F.,(4,4),(2,2),
(0.,1.),(0.,0.144000000000009),.UNSPECIFIED.);
#132=B_SPLINE_SURFACE_WITH_KNOTS('',3,1,((#12504,#12505),(#12506,#12507),
(#12508,#12509),(#12510,#12511)),.UNSPECIFIED.,.F.,.F.,.F.,(4,4),(2,2),
(0.,1.),(0.,0.14400000000004),.UNSPECIFIED.);
#133=B_SPLINE_SURFACE_WITH_KNOTS('',3,1,((#12513,#12514),(#12515,#12516),
(#12517,#12518),(#12519,#12520)),.UNSPECIFIED.,.F.,.F.,.F.,(4,4),(2,2),
(0.,1.),(0.,0.144000000000019),.UNSPECIFIED.);
#134=B_SPLINE_SURFACE_WITH_KNOTS('',3,1,((#12522,#12523),(#12524,#12525),
(#12526,#12527),(#12528,#12529)),.UNSPECIFIED.,.F.,.F.,.F.,(4,4),(2,2),
(0.,1.),(0.,0.143999999999999),.UNSPECIFIED.);
#135=B_SPLINE_SURFACE_WITH_KNOTS('',3,1,((#12531,#12532),(#12533,#12534),
(#12535,#12536),(#12537,#12538)),.UNSPECIFIED.,.F.,.F.,.F.,(4,4),(2,2),
(0.,1.),(0.,0.143999999999998),.UNSPECIFIED.);
#136=B_SPLINE_SURFACE_WITH_KNOTS('',3,1,((#12540,#12541),(#12542,#12543),
(#12544,#12545),(#12546,#12547)),.UNSPECIFIED.,.F.,.F.,.F.,(4,4),(2,2),
(0.,1.),(0.,0.144000000000008),.UNSPECIFIED.);
#137=B_SPLINE_SURFACE_WITH_KNOTS('',3,1,((#12549,#12550),(#12551,#12552),
(#12553,#12554),(#12555,#12556)),.UNSPECIFIED.,.F.,.F.,.F.,(4,4),(2,2),
(0.,1.),(0.,0.144),.UNSPECIFIED.);
#138=B_SPLINE_SURFACE_WITH_KNOTS('',3,1,((#12558,#12559),(#12560,#12561),
(#12562,#12563),(#12564,#12565)),.UNSPECIFIED.,.F.,.F.,.F.,(4,4),(2,2),
(0.,1.),(0.,0.144),.UNSPECIFIED.);
#139=B_SPLINE_SURFACE_WITH_KNOTS('',3,1,((#12567,#12568),(#12569,#12570),
(#12571,#12572),(#12573,#12574)),.UNSPECIFIED.,.F.,.F.,.F.,(4,4),(2,2),
(0.,1.),(0.,0.144),.UNSPECIFIED.);
#140=B_SPLINE_SURFACE_WITH_KNOTS('',3,1,((#12576,#12577),(#12578,#12579),
(#12580,#12581),(#12582,#12583)),.UNSPECIFIED.,.F.,.F.,.F.,(4,4),(2,2),
(0.,1.),(0.,0.144000000000001),.UNSPECIFIED.);
#141=B_SPLINE_SURFACE_WITH_KNOTS('',3,1,((#12585,#12586),(#12587,#12588),
(#12589,#12590),(#12591,#12592)),.UNSPECIFIED.,.F.,.F.,.F.,(4,4),(2,2),
(0.,1.),(0.,0.144000000000104),.UNSPECIFIED.);
#142=B_SPLINE_SURFACE_WITH_KNOTS('',3,1,((#12594,#12595),(#12596,#12597),
(#12598,#12599),(#12600,#12601)),.UNSPECIFIED.,.F.,.F.,.F.,(4,4),(2,2),
(0.,1.),(0.,0.143999999999999),.UNSPECIFIED.);
#143=B_SPLINE_SURFACE_WITH_KNOTS('',3,1,((#12603,#12604),(#12605,#12606),
(#12607,#12608),(#12609,#12610)),.UNSPECIFIED.,.F.,.F.,.F.,(4,4),(2,2),
(0.,1.),(0.,0.143999999999999),.UNSPECIFIED.);
#144=B_SPLINE_SURFACE_WITH_KNOTS('',3,1,((#12612,#12613),(#12614,#12615),
(#12616,#12617),(#12618,#12619)),.UNSPECIFIED.,.F.,.F.,.F.,(4,4),(2,2),
(0.,1.),(0.,0.144000000000011),.UNSPECIFIED.);
#145=B_SPLINE_SURFACE_WITH_KNOTS('',3,1,((#12621,#12622),(#12623,#12624),
(#12625,#12626),(#12627,#12628)),.UNSPECIFIED.,.F.,.F.,.F.,(4,4),(2,2),
(0.,1.),(0.,0.144),.UNSPECIFIED.);
#146=B_SPLINE_SURFACE_WITH_KNOTS('',3,1,((#12630,#12631),(#12632,#12633),
(#12634,#12635),(#12636,#12637)),.UNSPECIFIED.,.F.,.F.,.F.,(4,4),(2,2),
(0.,1.),(0.,0.144000000000003),.UNSPECIFIED.);
#147=B_SPLINE_SURFACE_WITH_KNOTS('',3,1,((#12639,#12640),(#12641,#12642),
(#12643,#12644),(#12645,#12646)),.UNSPECIFIED.,.F.,.F.,.F.,(4,4),(2,2),
(0.,1.),(0.,0.144000000000003),.UNSPECIFIED.);
#148=B_SPLINE_SURFACE_WITH_KNOTS('',3,1,((#12648,#12649),(#12650,#12651),
(#12652,#12653),(#12654,#12655)),.UNSPECIFIED.,.F.,.F.,.F.,(4,4),(2,2),
(0.,1.),(0.,0.144),.UNSPECIFIED.);
#149=B_SPLINE_SURFACE_WITH_KNOTS('',3,1,((#12657,#12658),(#12659,#12660),
(#12661,#12662),(#12663,#12664)),.UNSPECIFIED.,.F.,.F.,.F.,(4,4),(2,2),
(0.,1.),(0.,0.144000000000001),.UNSPECIFIED.);
#150=B_SPLINE_SURFACE_WITH_KNOTS('',3,1,((#12666,#12667),(#12668,#12669),
(#12670,#12671),(#12672,#12673)),.UNSPECIFIED.,.F.,.F.,.F.,(4,4),(2,2),
(0.,1.),(0.,0.144),.UNSPECIFIED.);
#151=B_SPLINE_SURFACE_WITH_KNOTS('',3,1,((#12675,#12676),(#12677,#12678),
(#12679,#12680),(#12681,#12682)),.UNSPECIFIED.,.F.,.F.,.F.,(4,4),(2,2),
(0.,1.),(0.,0.144000000000279),.UNSPECIFIED.);
#152=B_SPLINE_SURFACE_WITH_KNOTS('',3,1,((#12684,#12685),(#12686,#12687),
(#12688,#12689),(#12690,#12691)),.UNSPECIFIED.,.F.,.F.,.F.,(4,4),(2,2),
(0.,1.),(0.,0.143999999999999),.UNSPECIFIED.);
#153=B_SPLINE_SURFACE_WITH_KNOTS('',3,1,((#12693,#12694),(#12695,#12696),
(#12697,#12698),(#12699,#12700)),.UNSPECIFIED.,.F.,.F.,.F.,(4,4),(2,2),
(0.,1.),(0.,0.144000000000073),.UNSPECIFIED.);
#154=B_SPLINE_SURFACE_WITH_KNOTS('',3,1,((#12702,#12703),(#12704,#12705),
(#12706,#12707),(#12708,#12709)),.UNSPECIFIED.,.F.,.F.,.F.,(4,4),(2,2),
(0.,1.),(0.,0.144000000000123),.UNSPECIFIED.);
#155=B_SPLINE_SURFACE_WITH_KNOTS('',3,1,((#12711,#12712),(#12713,#12714),
(#12715,#12716),(#12717,#12718)),.UNSPECIFIED.,.F.,.F.,.F.,(4,4),(2,2),
(0.,0.572255316609999),(0.,0.144000000000096),.UNSPECIFIED.);
#156=B_SPLINE_SURFACE_WITH_KNOTS('',3,1,((#12726,#12727),(#12728,#12729),
(#12730,#12731),(#12732,#12733)),.UNSPECIFIED.,.F.,.F.,.F.,(4,4),(2,2),
(0.,1.),(0.,0.144000000000019),.UNSPECIFIED.);
#157=B_SPLINE_SURFACE_WITH_KNOTS('',3,1,((#12735,#12736),(#12737,#12738),
(#12739,#12740),(#12741,#12742)),.UNSPECIFIED.,.F.,.F.,.F.,(4,4),(2,2),
(0.,1.),(0.,0.144000000001014),.UNSPECIFIED.);
#158=B_SPLINE_SURFACE_WITH_KNOTS('',3,1,((#12748,#12749),(#12750,#12751),
(#12752,#12753),(#12754,#12755)),.UNSPECIFIED.,.F.,.F.,.F.,(4,4),(2,2),
(0.,1.),(0.,0.144000000000065),.UNSPECIFIED.);
#159=B_SPLINE_SURFACE_WITH_KNOTS('',3,1,((#12757,#12758),(#12759,#12760),
(#12761,#12762),(#12763,#12764)),.UNSPECIFIED.,.F.,.F.,.F.,(4,4),(2,2),
(0.,1.),(0.,0.144000000000251),.UNSPECIFIED.);
#160=B_SPLINE_SURFACE_WITH_KNOTS('',3,1,((#12768,#12769),(#12770,#12771),
(#12772,#12773),(#12774,#12775)),.UNSPECIFIED.,.F.,.F.,.F.,(4,4),(2,2),
(0.579479365168671,1.),(0.,0.143999999999999),.UNSPECIFIED.);
#161=B_SPLINE_SURFACE_WITH_KNOTS('',3,1,((#12777,#12778),(#12779,#12780),
(#12781,#12782),(#12783,#12784)),.UNSPECIFIED.,.F.,.F.,.F.,(4,4),(2,2),
(0.,1.),(0.,0.143999999999997),.UNSPECIFIED.);
#162=B_SPLINE_SURFACE_WITH_KNOTS('',3,1,((#12790,#12791),(#12792,#12793),
(#12794,#12795),(#12796,#12797),(#12798,#12799),(#12800,#12801),(#12802,
#12803)),.UNSPECIFIED.,.F.,.F.,.F.,(4,3,4),(2,2),(0.,1.,3.18103662125898),
(-0.024,0.143999999999997),.UNSPECIFIED.);
#163=B_SPLINE_SURFACE_WITH_KNOTS('',3,1,((#12808,#12809),(#12810,#12811),
(#12812,#12813),(#12814,#12815),(#12816,#12817),(#12818,#12819),(#12820,
#12821)),.UNSPECIFIED.,.F.,.F.,.F.,(4,3,4),(2,2),(-17.5991021094636,0.,
1.),(-0.0240000000000001,0.144000000000075),.UNSPECIFIED.);
#164=B_SPLINE_SURFACE_WITH_KNOTS('',3,1,((#12822,#12823),(#12824,#12825),
(#12826,#12827),(#12828,#12829)),.UNSPECIFIED.,.F.,.F.,.F.,(4,4),(2,2),
(0.,1.),(0.,0.144000000000008),.UNSPECIFIED.);
#165=B_SPLINE_SURFACE_WITH_KNOTS('',3,1,((#12832,#12833),(#12834,#12835),
(#12836,#12837),(#12838,#12839)),.UNSPECIFIED.,.F.,.F.,.F.,(4,4),(2,2),
(0.,1.),(0.,0.144000000000002),.UNSPECIFIED.);
#166=B_SPLINE_SURFACE_WITH_KNOTS('',3,1,((#12841,#12842),(#12843,#12844),
(#12845,#12846),(#12847,#12848)),.UNSPECIFIED.,.F.,.F.,.F.,(4,4),(2,2),
(0.,1.),(0.,0.144000000000001),.UNSPECIFIED.);
#167=B_SPLINE_SURFACE_WITH_KNOTS('',3,1,((#12850,#12851),(#12852,#12853),
(#12854,#12855),(#12856,#12857)),.UNSPECIFIED.,.F.,.F.,.F.,(4,4),(2,2),
(0.,1.),(0.,0.144000000000011),.UNSPECIFIED.);
#168=B_SPLINE_SURFACE_WITH_KNOTS('',3,1,((#12859,#12860),(#12861,#12862),
(#12863,#12864),(#12865,#12866)),.UNSPECIFIED.,.F.,.F.,.F.,(4,4),(2,2),
(0.,1.),(0.,0.144000000000006),.UNSPECIFIED.);
#169=B_SPLINE_SURFACE_WITH_KNOTS('',3,1,((#12868,#12869),(#12870,#12871),
(#12872,#12873),(#12874,#12875)),.UNSPECIFIED.,.F.,.F.,.F.,(4,4),(2,2),
(0.,1.),(0.,0.144000000000002),.UNSPECIFIED.);
#170=B_SPLINE_SURFACE_WITH_KNOTS('',3,1,((#12877,#12878),(#12879,#12880),
(#12881,#12882),(#12883,#12884)),.UNSPECIFIED.,.F.,.F.,.F.,(4,4),(2,2),
(0.,1.),(0.,0.143999999999997),.UNSPECIFIED.);
#171=B_SPLINE_SURFACE_WITH_KNOTS('',3,1,((#12886,#12887),(#12888,#12889),
(#12890,#12891),(#12892,#12893)),.UNSPECIFIED.,.F.,.F.,.F.,(4,4),(2,2),
(0.,1.),(0.,0.144),.UNSPECIFIED.);
#172=B_SPLINE_SURFACE_WITH_KNOTS('',3,1,((#12895,#12896),(#12897,#12898),
(#12899,#12900),(#12901,#12902)),.UNSPECIFIED.,.F.,.F.,.F.,(4,4),(2,2),
(0.,1.),(0.,0.144000000000011),.UNSPECIFIED.);
#173=B_SPLINE_SURFACE_WITH_KNOTS('',3,1,((#12904,#12905),(#12906,#12907),
(#12908,#12909),(#12910,#12911)),.UNSPECIFIED.,.F.,.F.,.F.,(4,4),(2,2),
(0.,1.),(0.,0.144000000000007),.UNSPECIFIED.);
#174=B_SPLINE_SURFACE_WITH_KNOTS('',3,1,((#12913,#12914),(#12915,#12916),
(#12917,#12918),(#12919,#12920)),.UNSPECIFIED.,.F.,.F.,.F.,(4,4),(2,2),
(0.,1.),(0.,0.144000000000004),.UNSPECIFIED.);
#175=B_SPLINE_SURFACE_WITH_KNOTS('',3,1,((#12921,#12922),(#12923,#12924),
(#12925,#12926),(#12927,#12928)),.UNSPECIFIED.,.F.,.F.,.F.,(4,4),(2,2),
(0.,1.),(0.,0.144000000000001),.UNSPECIFIED.);
#176=B_SPLINE_SURFACE_WITH_KNOTS('',3,1,((#12931,#12932),(#12933,#12934),
(#12935,#12936),(#12937,#12938)),.UNSPECIFIED.,.F.,.F.,.F.,(4,4),(2,2),
(0.,1.),(0.,0.144000000000001),.UNSPECIFIED.);
#177=B_SPLINE_SURFACE_WITH_KNOTS('',3,1,((#12940,#12941),(#12942,#12943),
(#12944,#12945),(#12946,#12947)),.UNSPECIFIED.,.F.,.F.,.F.,(4,4),(2,2),
(0.,1.),(0.,0.143999999999998),.UNSPECIFIED.);
#178=B_SPLINE_SURFACE_WITH_KNOTS('',3,1,((#12949,#12950),(#12951,#12952),
(#12953,#12954),(#12955,#12956)),.UNSPECIFIED.,.F.,.F.,.F.,(4,4),(2,2),
(0.,1.),(0.,0.144000000000001),.UNSPECIFIED.);
#179=B_SPLINE_SURFACE_WITH_KNOTS('',3,1,((#12958,#12959),(#12960,#12961),
(#12962,#12963),(#12964,#12965)),.UNSPECIFIED.,.F.,.F.,.F.,(4,4),(2,2),
(0.,1.),(0.,0.144000000000005),.UNSPECIFIED.);
#180=B_SPLINE_SURFACE_WITH_KNOTS('',3,1,((#12967,#12968),(#12969,#12970),
(#12971,#12972),(#12973,#12974)),.UNSPECIFIED.,.F.,.F.,.F.,(4,4),(2,2),
(0.,1.),(0.,0.144000000000007),.UNSPECIFIED.);
#181=B_SPLINE_SURFACE_WITH_KNOTS('',3,1,((#12982,#12983),(#12984,#12985),
(#12986,#12987),(#12988,#12989)),.UNSPECIFIED.,.F.,.F.,.F.,(4,4),(2,2),
(0.,1.),(0.,0.144000000000001),.UNSPECIFIED.);
#182=B_SPLINE_SURFACE_WITH_KNOTS('',3,1,((#12991,#12992),(#12993,#12994),
(#12995,#12996),(#12997,#12998)),.UNSPECIFIED.,.F.,.F.,.F.,(4,4),(2,2),
(0.,1.),(0.,0.144),.UNSPECIFIED.);
#183=B_SPLINE_SURFACE_WITH_KNOTS('',3,1,((#13000,#13001),(#13002,#13003),
(#13004,#13005),(#13006,#13007)),.UNSPECIFIED.,.F.,.F.,.F.,(4,4),(2,2),
(0.,1.),(0.,0.144000000000017),.UNSPECIFIED.);
#184=B_SPLINE_SURFACE_WITH_KNOTS('',3,1,((#13009,#13010),(#13011,#13012),
(#13013,#13014),(#13015,#13016)),.UNSPECIFIED.,.F.,.F.,.F.,(4,4),(2,2),
(0.,1.),(0.,0.144000000000002),.UNSPECIFIED.);
#185=B_SPLINE_SURFACE_WITH_KNOTS('',3,1,((#13018,#13019),(#13020,#13021),
(#13022,#13023),(#13024,#13025)),.UNSPECIFIED.,.F.,.F.,.F.,(4,4),(2,2),
(0.,1.),(0.,0.144000000000002),.UNSPECIFIED.);
#186=B_SPLINE_SURFACE_WITH_KNOTS('',3,1,((#13027,#13028),(#13029,#13030),
(#13031,#13032),(#13033,#13034)),.UNSPECIFIED.,.F.,.F.,.F.,(4,4),(2,2),
(0.,1.),(0.,0.144000000000009),.UNSPECIFIED.);
#187=B_SPLINE_SURFACE_WITH_KNOTS('',3,1,((#13044,#13045),(#13046,#13047),
(#13048,#13049),(#13050,#13051)),.UNSPECIFIED.,.F.,.F.,.F.,(4,4),(2,2),
(0.,1.),(0.,0.144000000000005),.UNSPECIFIED.);
#188=B_SPLINE_SURFACE_WITH_KNOTS('',3,1,((#13052,#13053),(#13054,#13055),
(#13056,#13057),(#13058,#13059)),.UNSPECIFIED.,.F.,.F.,.F.,(4,4),(2,2),
(0.,1.),(0.,0.144000000000001),.UNSPECIFIED.);
#189=B_SPLINE_SURFACE_WITH_KNOTS('',3,1,((#13062,#13063),(#13064,#13065),
(#13066,#13067),(#13068,#13069)),.UNSPECIFIED.,.F.,.F.,.F.,(4,4),(2,2),
(0.,1.),(0.,0.144000000000002),.UNSPECIFIED.);
#190=B_SPLINE_SURFACE_WITH_KNOTS('',3,1,((#13071,#13072),(#13073,#13074),
(#13075,#13076),(#13077,#13078)),.UNSPECIFIED.,.F.,.F.,.F.,(4,4),(2,2),
(0.,1.),(0.,0.144000000000005),.UNSPECIFIED.);
#191=B_SPLINE_SURFACE_WITH_KNOTS('',3,1,((#13080,#13081),(#13082,#13083),
(#13084,#13085),(#13086,#13087)),.UNSPECIFIED.,.F.,.F.,.F.,(4,4),(2,2),
(0.,1.),(0.,0.143999999999999),.UNSPECIFIED.);
#192=B_SPLINE_SURFACE_WITH_KNOTS('',3,1,((#13089,#13090),(#13091,#13092),
(#13093,#13094),(#13095,#13096)),.UNSPECIFIED.,.F.,.F.,.F.,(4,4),(2,2),
(0.,1.),(0.,0.144000000000031),.UNSPECIFIED.);
#193=B_SPLINE_SURFACE_WITH_KNOTS('',3,1,((#13098,#13099),(#13100,#13101),
(#13102,#13103),(#13104,#13105)),.UNSPECIFIED.,.F.,.F.,.F.,(4,4),(2,2),
(0.,1.),(0.,0.144000000000003),.UNSPECIFIED.);
#194=B_SPLINE_SURFACE_WITH_KNOTS('',3,1,((#13107,#13108),(#13109,#13110),
(#13111,#13112),(#13113,#13114)),.UNSPECIFIED.,.F.,.F.,.F.,(4,4),(2,2),
(0.,1.),(0.,0.144000000000023),.UNSPECIFIED.);
#195=B_SPLINE_SURFACE_WITH_KNOTS('',3,1,((#13116,#13117),(#13118,#13119),
(#13120,#13121),(#13122,#13123)),.UNSPECIFIED.,.F.,.F.,.F.,(4,4),(2,2),
(0.,1.),(0.,0.144000000000006),.UNSPECIFIED.);
#196=B_SPLINE_SURFACE_WITH_KNOTS('',3,1,((#13125,#13126),(#13127,#13128),
(#13129,#13130),(#13131,#13132)),.UNSPECIFIED.,.F.,.F.,.F.,(4,4),(2,2),
(0.,1.),(0.,0.144000000000005),.UNSPECIFIED.);
#197=B_SPLINE_SURFACE_WITH_KNOTS('',3,1,((#13134,#13135),(#13136,#13137),
(#13138,#13139),(#13140,#13141)),.UNSPECIFIED.,.F.,.F.,.F.,(4,4),(2,2),
(0.,1.),(0.,0.144000000000001),.UNSPECIFIED.);
#198=B_SPLINE_SURFACE_WITH_KNOTS('',3,1,((#13143,#13144),(#13145,#13146),
(#13147,#13148),(#13149,#13150)),.UNSPECIFIED.,.F.,.F.,.F.,(4,4),(2,2),
(0.,1.),(0.,0.144000000000006),.UNSPECIFIED.);
#199=B_SPLINE_SURFACE_WITH_KNOTS('',3,1,((#13151,#13152),(#13153,#13154),
(#13155,#13156),(#13157,#13158)),.UNSPECIFIED.,.F.,.F.,.F.,(4,4),(2,2),
(0.,1.),(0.,0.144000000000001),.UNSPECIFIED.);
#200=B_SPLINE_SURFACE_WITH_KNOTS('',3,1,((#13165,#13166),(#13167,#13168),
(#13169,#13170),(#13171,#13172)),.UNSPECIFIED.,.F.,.F.,.F.,(4,4),(2,2),
(0.,1.),(0.,0.144000000000001),.UNSPECIFIED.);
#201=B_SPLINE_SURFACE_WITH_KNOTS('',3,1,((#13174,#13175),(#13176,#13177),
(#13178,#13179),(#13180,#13181)),.UNSPECIFIED.,.F.,.F.,.F.,(4,4),(2,2),
(0.,1.),(0.,0.143999999999997),.UNSPECIFIED.);
#202=B_SPLINE_SURFACE_WITH_KNOTS('',3,1,((#13183,#13184),(#13185,#13186),
(#13187,#13188),(#13189,#13190)),.UNSPECIFIED.,.F.,.F.,.F.,(4,4),(2,2),
(0.,1.),(0.,0.144000000000005),.UNSPECIFIED.);
#203=B_SPLINE_SURFACE_WITH_KNOTS('',3,1,((#13192,#13193),(#13194,#13195),
(#13196,#13197),(#13198,#13199)),.UNSPECIFIED.,.F.,.F.,.F.,(4,4),(2,2),
(0.,1.),(0.,0.144000000000012),.UNSPECIFIED.);
#204=B_SPLINE_SURFACE_WITH_KNOTS('',3,1,((#13205,#13206),(#13207,#13208),
(#13209,#13210),(#13211,#13212)),.UNSPECIFIED.,.F.,.F.,.F.,(4,4),(2,2),
(0.,1.),(0.,0.144000000000001),.UNSPECIFIED.);
#205=B_SPLINE_SURFACE_WITH_KNOTS('',3,1,((#13218,#13219),(#13220,#13221),
(#13222,#13223),(#13224,#13225)),.UNSPECIFIED.,.F.,.F.,.F.,(4,4),(2,2),
(0.,1.),(0.,0.144000000000001),.UNSPECIFIED.);
#206=B_SPLINE_SURFACE_WITH_KNOTS('',3,1,((#13227,#13228),(#13229,#13230),
(#13231,#13232),(#13233,#13234)),.UNSPECIFIED.,.F.,.F.,.F.,(4,4),(2,2),
(0.,1.),(0.,0.144000000000001),.UNSPECIFIED.);
#207=B_SPLINE_SURFACE_WITH_KNOTS('',3,1,((#13236,#13237),(#13238,#13239),
(#13240,#13241),(#13242,#13243)),.UNSPECIFIED.,.F.,.F.,.F.,(4,4),(2,2),
(0.,1.),(0.,0.144000000000028),.UNSPECIFIED.);
#208=B_SPLINE_SURFACE_WITH_KNOTS('',3,1,((#13245,#13246),(#13247,#13248),
(#13249,#13250),(#13251,#13252)),.UNSPECIFIED.,.F.,.F.,.F.,(4,4),(2,2),
(0.,1.),(0.,0.144000000000012),.UNSPECIFIED.);
#209=B_SPLINE_SURFACE_WITH_KNOTS('',3,1,((#13254,#13255),(#13256,#13257),
(#13258,#13259),(#13260,#13261)),.UNSPECIFIED.,.F.,.F.,.F.,(4,4),(2,2),
(0.,1.),(0.,0.144000000000009),.UNSPECIFIED.);
#210=B_SPLINE_SURFACE_WITH_KNOTS('',3,1,((#13263,#13264),(#13265,#13266),
(#13267,#13268),(#13269,#13270)),.UNSPECIFIED.,.F.,.F.,.F.,(4,4),(2,2),
(0.,1.),(0.,0.144000000000003),.UNSPECIFIED.);
#211=B_SPLINE_SURFACE_WITH_KNOTS('',3,1,((#13272,#13273),(#13274,#13275),
(#13276,#13277),(#13278,#13279)),.UNSPECIFIED.,.F.,.F.,.F.,(4,4),(2,2),
(0.,1.),(0.,0.144000000000001),.UNSPECIFIED.);
#212=B_SPLINE_SURFACE_WITH_KNOTS('',3,1,((#13280,#13281),(#13282,#13283),
(#13284,#13285),(#13286,#13287)),.UNSPECIFIED.,.F.,.F.,.F.,(4,4),(2,2),
(0.,1.),(0.,0.144000000000001),.UNSPECIFIED.);
#213=B_SPLINE_SURFACE_WITH_KNOTS('',3,1,((#13290,#13291),(#13292,#13293),
(#13294,#13295),(#13296,#13297)),.UNSPECIFIED.,.F.,.F.,.F.,(4,4),(2,2),
(0.,1.),(0.,0.144000000000087),.UNSPECIFIED.);
#214=B_SPLINE_SURFACE_WITH_KNOTS('',3,1,((#13299,#13300),(#13301,#13302),
(#13303,#13304),(#13305,#13306)),.UNSPECIFIED.,.F.,.F.,.F.,(4,4),(2,2),
(0.,1.),(0.,0.143999999999999),.UNSPECIFIED.);
#215=B_SPLINE_SURFACE_WITH_KNOTS('',3,1,((#13308,#13309),(#13310,#13311),
(#13312,#13313),(#13314,#13315)),.UNSPECIFIED.,.F.,.F.,.F.,(4,4),(2,2),
(0.,1.),(0.,0.144000000000002),.UNSPECIFIED.);
#216=B_SPLINE_SURFACE_WITH_KNOTS('',3,1,((#13317,#13318),(#13319,#13320),
(#13321,#13322),(#13323,#13324)),.UNSPECIFIED.,.F.,.F.,.F.,(4,4),(2,2),
(0.,1.),(0.,0.144),.UNSPECIFIED.);
#217=B_SPLINE_SURFACE_WITH_KNOTS('',3,1,((#13326,#13327),(#13328,#13329),
(#13330,#13331),(#13332,#13333)),.UNSPECIFIED.,.F.,.F.,.F.,(4,4),(2,2),
(0.,1.),(0.,0.144),.UNSPECIFIED.);
#218=B_SPLINE_SURFACE_WITH_KNOTS('',3,1,((#13335,#13336),(#13337,#13338),
(#13339,#13340),(#13341,#13342)),.UNSPECIFIED.,.F.,.F.,.F.,(4,4),(2,2),
(0.,1.),(0.,0.144000000000018),.UNSPECIFIED.);
#219=B_SPLINE_SURFACE_WITH_KNOTS('',3,1,((#13348,#13349),(#13350,#13351),
(#13352,#13353),(#13354,#13355)),.UNSPECIFIED.,.F.,.F.,.F.,(4,4),(2,2),
(0.,1.),(0.,0.144000000000001),.UNSPECIFIED.);
#220=B_SPLINE_SURFACE_WITH_KNOTS('',3,1,((#13356,#13357),(#13358,#13359),
(#13360,#13361),(#13362,#13363)),.UNSPECIFIED.,.F.,.F.,.F.,(4,4),(2,2),
(0.,1.),(0.,0.144),.UNSPECIFIED.);
#221=B_SPLINE_SURFACE_WITH_KNOTS('',3,1,((#13366,#13367),(#13368,#13369),
(#13370,#13371),(#13372,#13373)),.UNSPECIFIED.,.F.,.F.,.F.,(4,4),(2,2),
(0.,1.),(0.,0.144000000000001),.UNSPECIFIED.);
#222=B_SPLINE_SURFACE_WITH_KNOTS('',3,1,((#13375,#13376),(#13377,#13378),
(#13379,#13380),(#13381,#13382)),.UNSPECIFIED.,.F.,.F.,.F.,(4,4),(2,2),
(0.,1.),(0.,0.144000000000002),.UNSPECIFIED.);
#223=B_SPLINE_SURFACE_WITH_KNOTS('',3,1,((#13384,#13385),(#13386,#13387),
(#13388,#13389),(#13390,#13391)),.UNSPECIFIED.,.F.,.F.,.F.,(4,4),(2,2),
(0.,1.),(0.,0.144000000000001),.UNSPECIFIED.);
#224=B_SPLINE_SURFACE_WITH_KNOTS('',3,1,((#13393,#13394),(#13395,#13396),
(#13397,#13398),(#13399,#13400)),.UNSPECIFIED.,.F.,.F.,.F.,(4,4),(2,2),
(0.,1.),(0.,0.144000000000001),.UNSPECIFIED.);
#225=B_SPLINE_SURFACE_WITH_KNOTS('',3,1,((#13402,#13403),(#13404,#13405),
(#13406,#13407),(#13408,#13409)),.UNSPECIFIED.,.F.,.F.,.F.,(4,4),(2,2),
(0.,1.),(0.,0.144000000000007),.UNSPECIFIED.);
#226=B_SPLINE_SURFACE_WITH_KNOTS('',3,1,((#13411,#13412),(#13413,#13414),
(#13415,#13416),(#13417,#13418)),.UNSPECIFIED.,.F.,.F.,.F.,(4,4),(2,2),
(0.,1.),(0.,0.144000000000002),.UNSPECIFIED.);
#227=B_SPLINE_SURFACE_WITH_KNOTS('',3,1,((#13420,#13421),(#13422,#13423),
(#13424,#13425),(#13426,#13427)),.UNSPECIFIED.,.F.,.F.,.F.,(4,4),(2,2),
(0.,1.),(0.,0.144000000000009),.UNSPECIFIED.);
#228=B_SPLINE_SURFACE_WITH_KNOTS('',3,1,((#13429,#13430),(#13431,#13432),
(#13433,#13434),(#13435,#13436)),.UNSPECIFIED.,.F.,.F.,.F.,(4,4),(2,2),
(0.,1.),(0.,0.144000000000016),.UNSPECIFIED.);
#229=B_SPLINE_SURFACE_WITH_KNOTS('',3,1,((#13438,#13439),(#13440,#13441),
(#13442,#13443),(#13444,#13445)),.UNSPECIFIED.,.F.,.F.,.F.,(4,4),(2,2),
(0.,1.),(0.,0.144000000000004),.UNSPECIFIED.);
#230=B_SPLINE_SURFACE_WITH_KNOTS('',3,1,((#13447,#13448),(#13449,#13450),
(#13451,#13452),(#13453,#13454)),.UNSPECIFIED.,.F.,.F.,.F.,(4,4),(2,2),
(0.,1.),(0.,0.144),.UNSPECIFIED.);
#231=TOROIDAL_SURFACE('',#6997,1.85,0.25);
#232=TOROIDAL_SURFACE('',#7003,1.85,0.25);
#233=TOROIDAL_SURFACE('',#7008,1.85,0.25);
#234=TOROIDAL_SURFACE('',#7013,1.85,0.25);
#235=TOROIDAL_SURFACE('',#7018,1.85,0.25);
#236=TOROIDAL_SURFACE('',#7023,1.85,0.25);
#237=TOROIDAL_SURFACE('',#7028,1.85,0.25);
#238=TOROIDAL_SURFACE('',#7033,1.85,0.25);
#239=TOROIDAL_SURFACE('',#7052,0.300000000000025,0.2);
#240=TOROIDAL_SURFACE('',#7058,0.300000000000025,0.2);
#241=TOROIDAL_SURFACE('',#7063,0.300000000000025,0.2);
#242=TOROIDAL_SURFACE('',#7068,0.300000000000025,0.2);
#243=TOROIDAL_SURFACE('',#7072,0.300000000000007,0.2);
#244=TOROIDAL_SURFACE('',#7079,0.299999999999972,0.2);
#245=TOROIDAL_SURFACE('',#7094,0.299999999999998,0.2);
#246=TOROIDAL_SURFACE('',#7099,0.300000000000011,0.2);
#247=ELLIPSE('',#6972,0.707106781186548,0.5);
#248=ELLIPSE('',#6974,0.707106781186548,0.5);
#249=ELLIPSE('',#6982,0.707106781186548,0.5);
#250=ELLIPSE('',#6985,0.707106781186548,0.5);
#251=ELLIPSE('',#7156,43.6770244072956,37.7479466387786);
#252=ELLIPSE('',#7163,17.737262756632,0.854912167452973);
#253=ELLIPSE('',#7164,2.16539809427959,0.380828836413999);
#254=ELLIPSE('',#7165,98.4103520487969,35.1052721569188);
#255=ELLIPSE('',#7166,599.86808069945,107.13019411438);
#256=ELLIPSE('',#7167,141.508292105866,64.2360203356018);
#257=ELLIPSE('',#7171,80.7426725542663,26.1916540213225);
#258=FACE_BOUND('',#1240,.T.);
#259=FACE_BOUND('',#1241,.T.);
#260=FACE_BOUND('',#1242,.T.);
#261=FACE_BOUND('',#1243,.T.);
#262=FACE_BOUND('',#1244,.T.);
#263=FACE_BOUND('',#1245,.T.);
#264=FACE_BOUND('',#1246,.T.);
#265=FACE_BOUND('',#1247,.T.);
#266=FACE_BOUND('',#1248,.T.);
#267=FACE_BOUND('',#1289,.T.);
#268=FACE_BOUND('',#1290,.T.);
#269=FACE_BOUND('',#1291,.T.);
#270=FACE_BOUND('',#1292,.T.);
#271=FACE_BOUND('',#1293,.T.);
#272=FACE_BOUND('',#1294,.T.);
#273=FACE_BOUND('',#1368,.T.);
#274=FACE_BOUND('',#1369,.T.);
#275=FACE_BOUND('',#1370,.T.);
#276=FACE_BOUND('',#1371,.T.);
#277=FACE_BOUND('',#1372,.T.);
#278=B_SPLINE_CURVE_WITH_KNOTS('',3,(#8354,#8355,#8356,#8357,#8358,#8359,
#8360,#8361,#8362,#8363),.UNSPECIFIED.,.F.,.F.,(4,2,2,2,4),(-0.48383833010755,
-0.375555239504469,-0.265340784111945,-0.135695711157486,0.),
 .UNSPECIFIED.);
#279=B_SPLINE_CURVE_WITH_KNOTS('',3,(#8367,#8368,#8369,#8370,#8371,#8372,
#8373,#8374,#8375,#8376,#8377,#8378),.UNSPECIFIED.,.F.,.F.,(4,2,2,2,2,4),
(-0.486613575766652,-0.416321837195014,-0.346352639953232,-0.225581734416441,
-0.111313073440235,0.),.UNSPECIFIED.);
#280=B_SPLINE_CURVE_WITH_KNOTS('',3,(#8625,#8626,#8627,#8628,#8629,#8630,
#8631),.UNSPECIFIED.,.F.,.F.,(4,3,4),(-0.657772785498977,-0.359511441467513,
0.),.UNSPECIFIED.);
#281=B_SPLINE_CURVE_WITH_KNOTS('',3,(#8633,#8634,#8635,#8636,#8637,#8638,
#8639),.UNSPECIFIED.,.F.,.F.,(4,3,4),(-1.65596656989789,-0.635165259687033,
-2.22044604925031E-16),.UNSPECIFIED.);
#282=B_SPLINE_CURVE_WITH_KNOTS('',3,(#8645,#8646,#8647,#8648),
 .UNSPECIFIED.,.F.,.F.,(4,4),(-1.53713982373766,0.),.UNSPECIFIED.);
#283=B_SPLINE_CURVE_WITH_KNOTS('',3,(#8650,#8651,#8652,#8653),
 .UNSPECIFIED.,.F.,.F.,(4,4),(-0.461930346126274,-5.55111512312578E-17),
 .UNSPECIFIED.);
#284=B_SPLINE_CURVE_WITH_KNOTS('',3,(#8657,#8658,#8659,#8660),
 .UNSPECIFIED.,.F.,.F.,(4,4),(-1.15853674229674,0.),.UNSPECIFIED.);
#285=B_SPLINE_CURVE_WITH_KNOTS('',3,(#8662,#8663,#8664,#8665),
 .UNSPECIFIED.,.F.,.F.,(4,4),(-0.357725992073687,0.),.UNSPECIFIED.);
#286=B_SPLINE_CURVE_WITH_KNOTS('',3,(#8671,#8672,#8673,#8674),
 .UNSPECIFIED.,.F.,.F.,(4,4),(-4.01825479593228,0.),.UNSPECIFIED.);
#287=B_SPLINE_CURVE_WITH_KNOTS('',3,(#8676,#8677,#8678,#8679),
 .UNSPECIFIED.,.F.,.F.,(4,4),(-1.26352458668785,0.),.UNSPECIFIED.);
#288=B_SPLINE_CURVE_WITH_KNOTS('',3,(#8687,#8688,#8689,#8690),
 .UNSPECIFIED.,.F.,.F.,(4,4),(-0.270331221750428,0.),.UNSPECIFIED.);
#289=B_SPLINE_CURVE_WITH_KNOTS('',3,(#8692,#8693,#8694,#8695),
 .UNSPECIFIED.,.F.,.F.,(4,4),(-0.879916487438735,0.),.UNSPECIFIED.);
#290=B_SPLINE_CURVE_WITH_KNOTS('',3,(#8697,#8698,#8699,#8700),
 .UNSPECIFIED.,.F.,.F.,(4,4),(-0.20647005930161,0.),.UNSPECIFIED.);
#291=B_SPLINE_CURVE_WITH_KNOTS('',3,(#8702,#8703,#8704,#8705),
 .UNSPECIFIED.,.F.,.F.,(4,4),(-1.58287089310133,0.),.UNSPECIFIED.);
#292=B_SPLINE_CURVE_WITH_KNOTS('',3,(#8707,#8708,#8709,#8710),
 .UNSPECIFIED.,.F.,.F.,(4,4),(-4.131039702427,0.),.UNSPECIFIED.);
#293=B_SPLINE_CURVE_WITH_KNOTS('',3,(#8712,#8713,#8714,#8715),
 .UNSPECIFIED.,.F.,.F.,(4,4),(-1.91338182981851,0.),.UNSPECIFIED.);
#294=B_SPLINE_CURVE_WITH_KNOTS('',3,(#8717,#8718,#8719,#8720),
 .UNSPECIFIED.,.F.,.F.,(4,4),(-1.27526748372539,0.),.UNSPECIFIED.);
#295=B_SPLINE_CURVE_WITH_KNOTS('',3,(#8722,#8723,#8724,#8725),
 .UNSPECIFIED.,.F.,.F.,(4,4),(-0.288010362685649,0.),.UNSPECIFIED.);
#296=B_SPLINE_CURVE_WITH_KNOTS('',3,(#8727,#8728,#8729,#8730),
 .UNSPECIFIED.,.F.,.F.,(4,4),(-0.211536246499722,0.),.UNSPECIFIED.);
#297=B_SPLINE_CURVE_WITH_KNOTS('',3,(#8732,#8733,#8734,#8735),
 .UNSPECIFIED.,.F.,.F.,(4,4),(-0.34735601650622,0.),.UNSPECIFIED.);
#298=B_SPLINE_CURVE_WITH_KNOTS('',3,(#8737,#8738,#8739,#8740),
 .UNSPECIFIED.,.F.,.F.,(4,4),(-0.130284910596802,0.),.UNSPECIFIED.);
#299=B_SPLINE_CURVE_WITH_KNOTS('',3,(#8742,#8743,#8744,#8745),
 .UNSPECIFIED.,.F.,.F.,(4,4),(-0.985839208717906,0.),.UNSPECIFIED.);
#300=B_SPLINE_CURVE_WITH_KNOTS('',3,(#8747,#8748,#8749,#8750),
 .UNSPECIFIED.,.F.,.F.,(4,4),(-1.19435463899453,0.),.UNSPECIFIED.);
#301=B_SPLINE_CURVE_WITH_KNOTS('',3,(#8752,#8753,#8754,#8755),
 .UNSPECIFIED.,.F.,.F.,(4,4),(-2.11819326874624,0.),.UNSPECIFIED.);
#302=B_SPLINE_CURVE_WITH_KNOTS('',3,(#8757,#8758,#8759,#8760),
 .UNSPECIFIED.,.F.,.F.,(4,4),(-3.63741725385236,0.),.UNSPECIFIED.);
#303=B_SPLINE_CURVE_WITH_KNOTS('',3,(#8762,#8763,#8764,#8765),
 .UNSPECIFIED.,.F.,.F.,(4,4),(-1.61706097933056,0.),.UNSPECIFIED.);
#304=B_SPLINE_CURVE_WITH_KNOTS('',3,(#8767,#8768,#8769,#8770),
 .UNSPECIFIED.,.F.,.F.,(4,4),(-1.30080183602004,0.),.UNSPECIFIED.);
#305=B_SPLINE_CURVE_WITH_KNOTS('',3,(#8772,#8773,#8774,#8775),
 .UNSPECIFIED.,.F.,.F.,(4,4),(-2.51007845032647,0.),.UNSPECIFIED.);
#306=B_SPLINE_CURVE_WITH_KNOTS('',3,(#8777,#8778,#8779,#8780),
 .UNSPECIFIED.,.F.,.F.,(4,4),(-0.375243208471223,0.),.UNSPECIFIED.);
#307=B_SPLINE_CURVE_WITH_KNOTS('',3,(#8782,#8783,#8784,#8785),
 .UNSPECIFIED.,.F.,.F.,(4,4),(-0.435584232264029,0.),.UNSPECIFIED.);
#308=B_SPLINE_CURVE_WITH_KNOTS('',3,(#8787,#8788,#8789,#8790),
 .UNSPECIFIED.,.F.,.F.,(4,4),(-1.82899629138971,0.),.UNSPECIFIED.);
#309=B_SPLINE_CURVE_WITH_KNOTS('',3,(#8792,#8793,#8794,#8795),
 .UNSPECIFIED.,.F.,.F.,(4,4),(-0.713848862833818,0.),.UNSPECIFIED.);
#310=B_SPLINE_CURVE_WITH_KNOTS('',3,(#8797,#8798,#8799,#8800),
 .UNSPECIFIED.,.F.,.F.,(4,4),(-0.507585229380341,0.),.UNSPECIFIED.);
#311=B_SPLINE_CURVE_WITH_KNOTS('',3,(#8802,#8803,#8804,#8805),
 .UNSPECIFIED.,.F.,.F.,(4,4),(-0.227094180686717,0.),.UNSPECIFIED.);
#312=B_SPLINE_CURVE_WITH_KNOTS('',3,(#8807,#8808,#8809,#8810),
 .UNSPECIFIED.,.F.,.F.,(4,4),(-0.45981412280255,0.),.UNSPECIFIED.);
#313=B_SPLINE_CURVE_WITH_KNOTS('',3,(#8812,#8813,#8814,#8815),
 .UNSPECIFIED.,.F.,.F.,(4,4),(-0.636755416736817,0.),.UNSPECIFIED.);
#314=B_SPLINE_CURVE_WITH_KNOTS('',3,(#8817,#8818,#8819,#8820),
 .UNSPECIFIED.,.F.,.F.,(4,4),(-1.30299269733825,0.),.UNSPECIFIED.);
#315=B_SPLINE_CURVE_WITH_KNOTS('',3,(#8822,#8823,#8824,#8825),
 .UNSPECIFIED.,.F.,.F.,(4,4),(-0.242431065002419,0.),.UNSPECIFIED.);
#316=B_SPLINE_CURVE_WITH_KNOTS('',3,(#8827,#8828,#8829,#8830),
 .UNSPECIFIED.,.F.,.F.,(4,4),(-0.354880149405688,0.),.UNSPECIFIED.);
#317=B_SPLINE_CURVE_WITH_KNOTS('',3,(#8832,#8833,#8834,#8835),
 .UNSPECIFIED.,.F.,.F.,(4,4),(-1.44927039295372,0.),.UNSPECIFIED.);
#318=B_SPLINE_CURVE_WITH_KNOTS('',3,(#8839,#8840,#8841,#8842),
 .UNSPECIFIED.,.F.,.F.,(4,4),(-0.552523649023023,0.),.UNSPECIFIED.);
#319=B_SPLINE_CURVE_WITH_KNOTS('',3,(#8844,#8845,#8846,#8847),
 .UNSPECIFIED.,.F.,.F.,(4,4),(-1.24326945394556,0.),.UNSPECIFIED.);
#320=B_SPLINE_CURVE_WITH_KNOTS('',3,(#8849,#8850,#8851,#8852),
 .UNSPECIFIED.,.F.,.F.,(4,4),(-0.295433115336138,0.),.UNSPECIFIED.);
#321=B_SPLINE_CURVE_WITH_KNOTS('',3,(#8854,#8855,#8856,#8857),
 .UNSPECIFIED.,.F.,.F.,(4,4),(-0.0362777265672611,0.),.UNSPECIFIED.);
#322=B_SPLINE_CURVE_WITH_KNOTS('',3,(#8859,#8860,#8861,#8862),
 .UNSPECIFIED.,.F.,.F.,(4,4),(-0.857635734363238,0.),.UNSPECIFIED.);
#323=B_SPLINE_CURVE_WITH_KNOTS('',3,(#8864,#8865,#8866,#8867),
 .UNSPECIFIED.,.F.,.F.,(4,4),(-1.06992724583157,0.),.UNSPECIFIED.);
#324=B_SPLINE_CURVE_WITH_KNOTS('',3,(#8869,#8870,#8871,#8872),
 .UNSPECIFIED.,.F.,.F.,(4,4),(-0.174628155799147,0.),.UNSPECIFIED.);
#325=B_SPLINE_CURVE_WITH_KNOTS('',3,(#8874,#8875,#8876,#8877),
 .UNSPECIFIED.,.F.,.F.,(4,4),(-0.255634342059816,0.),.UNSPECIFIED.);
#326=B_SPLINE_CURVE_WITH_KNOTS('',3,(#8879,#8880,#8881,#8882),
 .UNSPECIFIED.,.F.,.F.,(4,4),(-0.794795429293083,-1.11022302462516E-16),
 .UNSPECIFIED.);
#327=B_SPLINE_CURVE_WITH_KNOTS('',3,(#8886,#8887,#8888,#8889),
 .UNSPECIFIED.,.F.,.F.,(4,4),(-2.59132738574854,0.),.UNSPECIFIED.);
#328=B_SPLINE_CURVE_WITH_KNOTS('',3,(#8891,#8892,#8893,#8894,#8895,#8896,
#8897),.UNSPECIFIED.,.F.,.F.,(4,3,4),(-1.31213592855133,-0.656067964275665,
0.),.UNSPECIFIED.);
#329=B_SPLINE_CURVE_WITH_KNOTS('',3,(#8903,#8904,#8905,#8906),
 .UNSPECIFIED.,.F.,.F.,(4,4),(-1.96911131041538,0.),.UNSPECIFIED.);
#330=B_SPLINE_CURVE_WITH_KNOTS('',3,(#8908,#8909,#8910,#8911),
 .UNSPECIFIED.,.F.,.F.,(4,4),(-0.452820115982279,0.),.UNSPECIFIED.);
#331=B_SPLINE_CURVE_WITH_KNOTS('',3,(#8913,#8914,#8915,#8916),
 .UNSPECIFIED.,.F.,.F.,(4,4),(-0.639526027528324,0.),.UNSPECIFIED.);
#332=B_SPLINE_CURVE_WITH_KNOTS('',3,(#8918,#8919,#8920,#8921),
 .UNSPECIFIED.,.F.,.F.,(4,4),(-1.94538422331684,0.),.UNSPECIFIED.);
#333=B_SPLINE_CURVE_WITH_KNOTS('',3,(#8923,#8924,#8925,#8926),
 .UNSPECIFIED.,.F.,.F.,(4,4),(-0.504869542277464,0.),.UNSPECIFIED.);
#334=B_SPLINE_CURVE_WITH_KNOTS('',3,(#8928,#8929,#8930,#8931),
 .UNSPECIFIED.,.F.,.F.,(4,4),(-0.568156532311383,0.),.UNSPECIFIED.);
#335=B_SPLINE_CURVE_WITH_KNOTS('',3,(#8933,#8934,#8935,#8936),
 .UNSPECIFIED.,.F.,.F.,(4,4),(-0.307643076029434,0.),.UNSPECIFIED.);
#336=B_SPLINE_CURVE_WITH_KNOTS('',3,(#8938,#8939,#8940,#8941),
 .UNSPECIFIED.,.F.,.F.,(4,4),(-0.945776319659955,0.),.UNSPECIFIED.);
#337=B_SPLINE_CURVE_WITH_KNOTS('',3,(#8943,#8944,#8945,#8946),
 .UNSPECIFIED.,.F.,.F.,(4,4),(-2.77780484509796,0.),.UNSPECIFIED.);
#338=B_SPLINE_CURVE_WITH_KNOTS('',3,(#8948,#8949,#8950,#8951),
 .UNSPECIFIED.,.F.,.F.,(4,4),(-4.51330675977434,0.),.UNSPECIFIED.);
#339=B_SPLINE_CURVE_WITH_KNOTS('',3,(#8953,#8954,#8955,#8956),
 .UNSPECIFIED.,.F.,.F.,(4,4),(-2.02088547156152,0.),.UNSPECIFIED.);
#340=B_SPLINE_CURVE_WITH_KNOTS('',3,(#8958,#8959,#8960,#8961),
 .UNSPECIFIED.,.F.,.F.,(4,4),(-0.771282874919763,0.),.UNSPECIFIED.);
#341=B_SPLINE_CURVE_WITH_KNOTS('',3,(#8967,#8968,#8969,#8970),
 .UNSPECIFIED.,.F.,.F.,(4,4),(-0.277459992406806,0.),.UNSPECIFIED.);
#342=B_SPLINE_CURVE_WITH_KNOTS('',3,(#8972,#8973,#8974,#8975),
 .UNSPECIFIED.,.F.,.F.,(4,4),(-0.579822323833079,0.),.UNSPECIFIED.);
#343=B_SPLINE_CURVE_WITH_KNOTS('',3,(#8977,#8978,#8979,#8980),
 .UNSPECIFIED.,.F.,.F.,(4,4),(-3.1132996584981,0.),.UNSPECIFIED.);
#344=B_SPLINE_CURVE_WITH_KNOTS('',3,(#8982,#8983,#8984,#8985),
 .UNSPECIFIED.,.F.,.F.,(4,4),(-2.86934398546555,0.),.UNSPECIFIED.);
#345=B_SPLINE_CURVE_WITH_KNOTS('',3,(#8987,#8988,#8989,#8990),
 .UNSPECIFIED.,.F.,.F.,(4,4),(-0.856885218276947,0.),.UNSPECIFIED.);
#346=B_SPLINE_CURVE_WITH_KNOTS('',3,(#8992,#8993,#8994,#8995),
 .UNSPECIFIED.,.F.,.F.,(4,4),(-1.75557703028756,0.),.UNSPECIFIED.);
#347=B_SPLINE_CURVE_WITH_KNOTS('',3,(#8997,#8998,#8999,#9000),
 .UNSPECIFIED.,.F.,.F.,(4,4),(-1.07706215502171,0.),.UNSPECIFIED.);
#348=B_SPLINE_CURVE_WITH_KNOTS('',3,(#9002,#9003,#9004,#9005),
 .UNSPECIFIED.,.F.,.F.,(4,4),(-0.886238763116715,0.),.UNSPECIFIED.);
#349=B_SPLINE_CURVE_WITH_KNOTS('',3,(#9009,#9010,#9011,#9012),
 .UNSPECIFIED.,.F.,.F.,(4,4),(-0.236197658094969,0.),.UNSPECIFIED.);
#350=B_SPLINE_CURVE_WITH_KNOTS('',3,(#9014,#9015,#9016,#9017),
 .UNSPECIFIED.,.F.,.F.,(4,4),(-0.0692418243797053,0.),.UNSPECIFIED.);
#351=B_SPLINE_CURVE_WITH_KNOTS('',3,(#9019,#9020,#9021,#9022),
 .UNSPECIFIED.,.F.,.F.,(4,4),(-0.695277609405179,0.),.UNSPECIFIED.);
#352=B_SPLINE_CURVE_WITH_KNOTS('',3,(#9024,#9025,#9026,#9027),
 .UNSPECIFIED.,.F.,.F.,(4,4),(-1.60587252512905,0.),.UNSPECIFIED.);
#353=B_SPLINE_CURVE_WITH_KNOTS('',3,(#9029,#9030,#9031,#9032),
 .UNSPECIFIED.,.F.,.F.,(4,4),(-2.77571931149057,0.),.UNSPECIFIED.);
#354=B_SPLINE_CURVE_WITH_KNOTS('',3,(#9034,#9035,#9036,#9037),
 .UNSPECIFIED.,.F.,.F.,(4,4),(-0.331829269205929,0.),.UNSPECIFIED.);
#355=B_SPLINE_CURVE_WITH_KNOTS('',3,(#9039,#9040,#9041,#9042),
 .UNSPECIFIED.,.F.,.F.,(4,4),(-0.227782439788829,0.),.UNSPECIFIED.);
#356=B_SPLINE_CURVE_WITH_KNOTS('',3,(#9044,#9045,#9046,#9047),
 .UNSPECIFIED.,.F.,.F.,(4,4),(-1.28169699965056,0.),.UNSPECIFIED.);
#357=B_SPLINE_CURVE_WITH_KNOTS('',3,(#9049,#9050,#9051,#9052),
 .UNSPECIFIED.,.F.,.F.,(4,4),(-0.215980667030007,0.),.UNSPECIFIED.);
#358=B_SPLINE_CURVE_WITH_KNOTS('',3,(#9056,#9057,#9058,#9059),
 .UNSPECIFIED.,.F.,.F.,(4,4),(-1.76955055100485,0.),.UNSPECIFIED.);
#359=B_SPLINE_CURVE_WITH_KNOTS('',3,(#9061,#9062,#9063,#9064),
 .UNSPECIFIED.,.F.,.F.,(4,4),(-0.763413357709769,0.),.UNSPECIFIED.);
#360=B_SPLINE_CURVE_WITH_KNOTS('',3,(#9066,#9067,#9068,#9069),
 .UNSPECIFIED.,.F.,.F.,(4,4),(-0.271382315892086,0.),.UNSPECIFIED.);
#361=B_SPLINE_CURVE_WITH_KNOTS('',3,(#9075,#9076,#9077,#9078),
 .UNSPECIFIED.,.F.,.F.,(4,4),(-2.23664582788696,0.),.UNSPECIFIED.);
#362=B_SPLINE_CURVE_WITH_KNOTS('',3,(#9082,#9083,#9084,#9085),
 .UNSPECIFIED.,.F.,.F.,(4,4),(-2.42606858200862,0.),.UNSPECIFIED.);
#363=B_SPLINE_CURVE_WITH_KNOTS('',3,(#9091,#9092,#9093,#9094),
 .UNSPECIFIED.,.F.,.F.,(4,4),(-0.893541265995009,0.),.UNSPECIFIED.);
#364=B_SPLINE_CURVE_WITH_KNOTS('',3,(#9096,#9097,#9098,#9099),
 .UNSPECIFIED.,.F.,.F.,(4,4),(-1.72321117329523,0.),.UNSPECIFIED.);
#365=B_SPLINE_CURVE_WITH_KNOTS('',3,(#9105,#9106,#9107,#9108),
 .UNSPECIFIED.,.F.,.F.,(4,4),(-1.4995120024459,0.),.UNSPECIFIED.);
#366=B_SPLINE_CURVE_WITH_KNOTS('',3,(#9110,#9111,#9112,#9113),
 .UNSPECIFIED.,.F.,.F.,(4,4),(-1.17343893906757,0.),.UNSPECIFIED.);
#367=B_SPLINE_CURVE_WITH_KNOTS('',3,(#9119,#9120,#9121,#9122),
 .UNSPECIFIED.,.F.,.F.,(4,4),(-0.216146857048642,0.),.UNSPECIFIED.);
#368=B_SPLINE_CURVE_WITH_KNOTS('',3,(#9124,#9125,#9126,#9127),
 .UNSPECIFIED.,.F.,.F.,(4,4),(-3.78590391269309,0.),.UNSPECIFIED.);
#369=B_SPLINE_CURVE_WITH_KNOTS('',3,(#9129,#9130,#9131,#9132),
 .UNSPECIFIED.,.F.,.F.,(4,4),(-1.03407904612702,0.),.UNSPECIFIED.);
#370=B_SPLINE_CURVE_WITH_KNOTS('',3,(#9134,#9135,#9136,#9137),
 .UNSPECIFIED.,.F.,.F.,(4,4),(-3.23735142269034,0.),.UNSPECIFIED.);
#371=B_SPLINE_CURVE_WITH_KNOTS('',3,(#9139,#9140,#9141,#9142),
 .UNSPECIFIED.,.F.,.F.,(4,4),(-1.16279924689171,0.),.UNSPECIFIED.);
#372=B_SPLINE_CURVE_WITH_KNOTS('',3,(#9144,#9145,#9146,#9147),
 .UNSPECIFIED.,.F.,.F.,(4,4),(-0.721305738512033,0.),.UNSPECIFIED.);
#373=B_SPLINE_CURVE_WITH_KNOTS('',3,(#9149,#9150,#9151,#9152),
 .UNSPECIFIED.,.F.,.F.,(4,4),(-0.736535904630726,0.),.UNSPECIFIED.);
#374=B_SPLINE_CURVE_WITH_KNOTS('',3,(#9154,#9155,#9156,#9157),
 .UNSPECIFIED.,.F.,.F.,(4,4),(-2.54600953330327,0.),.UNSPECIFIED.);
#375=B_SPLINE_CURVE_WITH_KNOTS('',3,(#9159,#9160,#9161,#9162),
 .UNSPECIFIED.,.F.,.F.,(4,4),(-3.27791671698246,-4.44089209850063E-16),
 .UNSPECIFIED.);
#376=B_SPLINE_CURVE_WITH_KNOTS('',3,(#9166,#9167,#9168,#9169),
 .UNSPECIFIED.,.F.,.F.,(4,4),(-4.35582204197613,0.),.UNSPECIFIED.);
#377=B_SPLINE_CURVE_WITH_KNOTS('',3,(#9171,#9172,#9173,#9174),
 .UNSPECIFIED.,.F.,.F.,(4,4),(-1.45672975703704,0.),.UNSPECIFIED.);
#378=B_SPLINE_CURVE_WITH_KNOTS('',3,(#9176,#9177,#9178,#9179),
 .UNSPECIFIED.,.F.,.F.,(4,4),(-0.0672500797155239,0.),.UNSPECIFIED.);
#379=B_SPLINE_CURVE_WITH_KNOTS('',3,(#9183,#9184,#9185,#9186),
 .UNSPECIFIED.,.F.,.F.,(4,4),(-0.297738237228378,0.),.UNSPECIFIED.);
#380=B_SPLINE_CURVE_WITH_KNOTS('',3,(#9188,#9189,#9190,#9191),
 .UNSPECIFIED.,.F.,.F.,(4,4),(-0.345645897690599,0.),.UNSPECIFIED.);
#381=B_SPLINE_CURVE_WITH_KNOTS('',3,(#9193,#9194,#9195,#9196),
 .UNSPECIFIED.,.F.,.F.,(4,4),(-0.64510895226592,0.),.UNSPECIFIED.);
#382=B_SPLINE_CURVE_WITH_KNOTS('',3,(#9198,#9199,#9200,#9201),
 .UNSPECIFIED.,.F.,.F.,(4,4),(-0.930069721562517,0.),.UNSPECIFIED.);
#383=B_SPLINE_CURVE_WITH_KNOTS('',3,(#9203,#9204,#9205,#9206),
 .UNSPECIFIED.,.F.,.F.,(4,4),(-0.556175289533309,0.),.UNSPECIFIED.);
#384=B_SPLINE_CURVE_WITH_KNOTS('',3,(#9208,#9209,#9210,#9211),
 .UNSPECIFIED.,.F.,.F.,(4,4),(-1.22924603351621,0.),.UNSPECIFIED.);
#385=B_SPLINE_CURVE_WITH_KNOTS('',3,(#9213,#9214,#9215,#9216),
 .UNSPECIFIED.,.F.,.F.,(4,4),(-0.645030483981822,0.),.UNSPECIFIED.);
#386=B_SPLINE_CURVE_WITH_KNOTS('',3,(#9218,#9219,#9220,#9221),
 .UNSPECIFIED.,.F.,.F.,(4,4),(-0.39521699890372,0.),.UNSPECIFIED.);
#387=B_SPLINE_CURVE_WITH_KNOTS('',3,(#9223,#9224,#9225,#9226),
 .UNSPECIFIED.,.F.,.F.,(4,4),(-1.12249351956121,0.),.UNSPECIFIED.);
#388=B_SPLINE_CURVE_WITH_KNOTS('',3,(#9228,#9229,#9230,#9231),
 .UNSPECIFIED.,.F.,.F.,(4,4),(-1.06430550456275,0.),.UNSPECIFIED.);
#389=B_SPLINE_CURVE_WITH_KNOTS('',3,(#9233,#9234,#9235,#9236),
 .UNSPECIFIED.,.F.,.F.,(4,4),(-0.437818654381272,0.),.UNSPECIFIED.);
#390=B_SPLINE_CURVE_WITH_KNOTS('',3,(#9238,#9239,#9240,#9241),
 .UNSPECIFIED.,.F.,.F.,(4,4),(-0.451346446248356,0.),.UNSPECIFIED.);
#391=B_SPLINE_CURVE_WITH_KNOTS('',3,(#9243,#9244,#9245,#9246),
 .UNSPECIFIED.,.F.,.F.,(4,4),(-0.516696682648089,0.),.UNSPECIFIED.);
#392=B_SPLINE_CURVE_WITH_KNOTS('',3,(#9248,#9249,#9250,#9251),
 .UNSPECIFIED.,.F.,.F.,(4,4),(-0.741759455927878,0.),.UNSPECIFIED.);
#393=B_SPLINE_CURVE_WITH_KNOTS('',3,(#9253,#9254,#9255,#9256),
 .UNSPECIFIED.,.F.,.F.,(4,4),(-0.788862957473491,0.),.UNSPECIFIED.);
#394=B_SPLINE_CURVE_WITH_KNOTS('',3,(#9258,#9259,#9260,#9261),
 .UNSPECIFIED.,.F.,.F.,(4,4),(-1.30367028457704,0.),.UNSPECIFIED.);
#395=B_SPLINE_CURVE_WITH_KNOTS('',3,(#9263,#9264,#9265,#9266),
 .UNSPECIFIED.,.F.,.F.,(4,4),(-2.5867427729157,0.),.UNSPECIFIED.);
#396=B_SPLINE_CURVE_WITH_KNOTS('',3,(#9268,#9269,#9270,#9271),
 .UNSPECIFIED.,.F.,.F.,(4,4),(-0.227059363756599,0.),.UNSPECIFIED.);
#397=B_SPLINE_CURVE_WITH_KNOTS('',3,(#9275,#9276,#9277,#9278),
 .UNSPECIFIED.,.F.,.F.,(4,4),(-0.151577754956021,0.),.UNSPECIFIED.);
#398=B_SPLINE_CURVE_WITH_KNOTS('',3,(#9280,#9281,#9282,#9283),
 .UNSPECIFIED.,.F.,.F.,(4,4),(-1.46644992823933,0.),.UNSPECIFIED.);
#399=B_SPLINE_CURVE_WITH_KNOTS('',3,(#9285,#9286,#9287,#9288),
 .UNSPECIFIED.,.F.,.F.,(4,4),(-4.37908933900056,0.),.UNSPECIFIED.);
#400=B_SPLINE_CURVE_WITH_KNOTS('',3,(#9292,#9293,#9294,#9295),
 .UNSPECIFIED.,.F.,.F.,(4,4),(-2.0497491231748,0.),.UNSPECIFIED.);
#401=B_SPLINE_CURVE_WITH_KNOTS('',3,(#9297,#9298,#9299,#9300),
 .UNSPECIFIED.,.F.,.F.,(4,4),(-1.69913542255216,0.),.UNSPECIFIED.);
#402=B_SPLINE_CURVE_WITH_KNOTS('',3,(#9302,#9303,#9304,#9305),
 .UNSPECIFIED.,.F.,.F.,(4,4),(-2.10082325888277,0.),.UNSPECIFIED.);
#403=B_SPLINE_CURVE_WITH_KNOTS('',3,(#9307,#9308,#9309,#9310),
 .UNSPECIFIED.,.F.,.F.,(4,4),(-0.202750944111719,0.),.UNSPECIFIED.);
#404=B_SPLINE_CURVE_WITH_KNOTS('',3,(#9312,#9313,#9314,#9315),
 .UNSPECIFIED.,.F.,.F.,(4,4),(-0.163401886425592,0.),.UNSPECIFIED.);
#405=B_SPLINE_CURVE_WITH_KNOTS('',3,(#9317,#9318,#9319,#9320),
 .UNSPECIFIED.,.F.,.F.,(4,4),(-1.05977039165649,0.),.UNSPECIFIED.);
#406=B_SPLINE_CURVE_WITH_KNOTS('',3,(#9322,#9323,#9324,#9325),
 .UNSPECIFIED.,.F.,.F.,(4,4),(-1.69260378588268,0.),.UNSPECIFIED.);
#407=B_SPLINE_CURVE_WITH_KNOTS('',3,(#9327,#9328,#9329,#9330),
 .UNSPECIFIED.,.F.,.F.,(4,4),(-1.24309183996238,0.),.UNSPECIFIED.);
#408=B_SPLINE_CURVE_WITH_KNOTS('',3,(#9332,#9333,#9334,#9335),
 .UNSPECIFIED.,.F.,.F.,(4,4),(-3.85569855030588,0.),.UNSPECIFIED.);
#409=B_SPLINE_CURVE_WITH_KNOTS('',3,(#9337,#9338,#9339,#9340),
 .UNSPECIFIED.,.F.,.F.,(4,4),(-0.689930968958534,0.),.UNSPECIFIED.);
#410=B_SPLINE_CURVE_WITH_KNOTS('',3,(#9346,#9347,#9348,#9349),
 .UNSPECIFIED.,.F.,.F.,(4,4),(-2.55430997538028,0.),.UNSPECIFIED.);
#411=B_SPLINE_CURVE_WITH_KNOTS('',3,(#9351,#9352,#9353,#9354),
 .UNSPECIFIED.,.F.,.F.,(4,4),(-0.72857681403949,0.),.UNSPECIFIED.);
#412=B_SPLINE_CURVE_WITH_KNOTS('',3,(#9356,#9357,#9358,#9359),
 .UNSPECIFIED.,.F.,.F.,(4,4),(-0.736894102041815,0.),.UNSPECIFIED.);
#413=B_SPLINE_CURVE_WITH_KNOTS('',3,(#9361,#9362,#9363,#9364),
 .UNSPECIFIED.,.F.,.F.,(4,4),(-1.7414223085419,0.),.UNSPECIFIED.);
#414=B_SPLINE_CURVE_WITH_KNOTS('',3,(#9370,#9371,#9372,#9373),
 .UNSPECIFIED.,.F.,.F.,(4,4),(-1.83773525081772,0.),.UNSPECIFIED.);
#415=B_SPLINE_CURVE_WITH_KNOTS('',3,(#9375,#9376,#9377,#9378),
 .UNSPECIFIED.,.F.,.F.,(4,4),(-0.768122122276702,1.11022302462516E-16),
 .UNSPECIFIED.);
#416=B_SPLINE_CURVE_WITH_KNOTS('',3,(#9382,#9383,#9384,#9385),
 .UNSPECIFIED.,.F.,.F.,(4,4),(-1.078535002594,0.),.UNSPECIFIED.);
#417=B_SPLINE_CURVE_WITH_KNOTS('',3,(#9386,#9387,#9388,#9389),
 .UNSPECIFIED.,.F.,.F.,(4,4),(-1.23951810490818,0.),.UNSPECIFIED.);
#418=B_SPLINE_CURVE_WITH_KNOTS('',3,(#9392,#9393,#9394,#9395),
 .UNSPECIFIED.,.F.,.F.,(4,4),(-0.261208196736452,0.),.UNSPECIFIED.);
#419=B_SPLINE_CURVE_WITH_KNOTS('',3,(#9397,#9398,#9399,#9400),
 .UNSPECIFIED.,.F.,.F.,(4,4),(-0.191591679041206,0.),.UNSPECIFIED.);
#420=B_SPLINE_CURVE_WITH_KNOTS('',3,(#9402,#9403,#9404,#9405),
 .UNSPECIFIED.,.F.,.F.,(4,4),(-1.28212591071207,0.),.UNSPECIFIED.);
#421=B_SPLINE_CURVE_WITH_KNOTS('',3,(#9407,#9408,#9409,#9410),
 .UNSPECIFIED.,.F.,.F.,(4,4),(-1.18439246675707,0.),.UNSPECIFIED.);
#422=B_SPLINE_CURVE_WITH_KNOTS('',3,(#9412,#9413,#9414,#9415),
 .UNSPECIFIED.,.F.,.F.,(4,4),(-2.568944646994,0.),.UNSPECIFIED.);
#423=B_SPLINE_CURVE_WITH_KNOTS('',3,(#9417,#9418,#9419,#9420),
 .UNSPECIFIED.,.F.,.F.,(4,4),(-1.44035096243224,0.),.UNSPECIFIED.);
#424=B_SPLINE_CURVE_WITH_KNOTS('',3,(#9422,#9423,#9424,#9425),
 .UNSPECIFIED.,.F.,.F.,(4,4),(-1.04272923295364,0.),.UNSPECIFIED.);
#425=B_SPLINE_CURVE_WITH_KNOTS('',3,(#9427,#9428,#9429,#9430),
 .UNSPECIFIED.,.F.,.F.,(4,4),(-0.726530531459791,0.),.UNSPECIFIED.);
#426=B_SPLINE_CURVE_WITH_KNOTS('',3,(#9432,#9433,#9434,#9435),
 .UNSPECIFIED.,.F.,.F.,(4,4),(-0.163509266703659,0.),.UNSPECIFIED.);
#427=B_SPLINE_CURVE_WITH_KNOTS('',3,(#9437,#9438,#9439,#9440),
 .UNSPECIFIED.,.F.,.F.,(4,4),(-1.12767963096757,0.),.UNSPECIFIED.);
#428=B_SPLINE_CURVE_WITH_KNOTS('',3,(#9441,#9442,#9443,#9444),
 .UNSPECIFIED.,.F.,.F.,(4,4),(-4.46670049654786,0.),.UNSPECIFIED.);
#429=B_SPLINE_CURVE_WITH_KNOTS('',3,(#9447,#9448,#9449,#9450),
 .UNSPECIFIED.,.F.,.F.,(4,4),(-0.278211091706271,0.),.UNSPECIFIED.);
#430=B_SPLINE_CURVE_WITH_KNOTS('',3,(#9456,#9457,#9458,#9459),
 .UNSPECIFIED.,.F.,.F.,(4,4),(-3.44588407159695,0.),.UNSPECIFIED.);
#431=B_SPLINE_CURVE_WITH_KNOTS('',3,(#9461,#9462,#9463,#9464),
 .UNSPECIFIED.,.F.,.F.,(4,4),(-1.11491940017878,0.),.UNSPECIFIED.);
#432=B_SPLINE_CURVE_WITH_KNOTS('',3,(#9466,#9467,#9468,#9469),
 .UNSPECIFIED.,.F.,.F.,(4,4),(-2.20881650628212,0.),.UNSPECIFIED.);
#433=B_SPLINE_CURVE_WITH_KNOTS('',3,(#9471,#9472,#9473,#9474),
 .UNSPECIFIED.,.F.,.F.,(4,4),(-0.186893896134955,0.),.UNSPECIFIED.);
#434=B_SPLINE_CURVE_WITH_KNOTS('',3,(#9476,#9477,#9478,#9479),
 .UNSPECIFIED.,.F.,.F.,(4,4),(-0.498127337185856,0.),.UNSPECIFIED.);
#435=B_SPLINE_CURVE_WITH_KNOTS('',3,(#9481,#9482,#9483,#9484),
 .UNSPECIFIED.,.F.,.F.,(4,4),(-3.82854351304978,0.),.UNSPECIFIED.);
#436=B_SPLINE_CURVE_WITH_KNOTS('',3,(#9485,#9486,#9487,#9488),
 .UNSPECIFIED.,.F.,.F.,(4,4),(-3.2529524654024,0.),.UNSPECIFIED.);
#437=B_SPLINE_CURVE_WITH_KNOTS('',3,(#9491,#9492,#9493,#9494),
 .UNSPECIFIED.,.F.,.F.,(4,4),(-0.146591086454729,0.),.UNSPECIFIED.);
#438=B_SPLINE_CURVE_WITH_KNOTS('',3,(#9496,#9497,#9498,#9499),
 .UNSPECIFIED.,.F.,.F.,(4,4),(-0.104978364387524,0.),.UNSPECIFIED.);
#439=B_SPLINE_CURVE_WITH_KNOTS('',3,(#9501,#9502,#9503,#9504),
 .UNSPECIFIED.,.F.,.F.,(4,4),(-1.8969489172278,0.),.UNSPECIFIED.);
#440=B_SPLINE_CURVE_WITH_KNOTS('',3,(#9506,#9507,#9508,#9509),
 .UNSPECIFIED.,.F.,.F.,(4,4),(-0.959126359869194,0.),.UNSPECIFIED.);
#441=B_SPLINE_CURVE_WITH_KNOTS('',3,(#9511,#9512,#9513,#9514),
 .UNSPECIFIED.,.F.,.F.,(4,4),(-4.58142580179708,0.),.UNSPECIFIED.);
#442=B_SPLINE_CURVE_WITH_KNOTS('',3,(#9516,#9517,#9518,#9519),
 .UNSPECIFIED.,.F.,.F.,(4,4),(-1.19791164201307,0.),.UNSPECIFIED.);
#443=B_SPLINE_CURVE_WITH_KNOTS('',3,(#9521,#9522,#9523,#9524),
 .UNSPECIFIED.,.F.,.F.,(4,4),(-2.9359702825722,0.),.UNSPECIFIED.);
#444=B_SPLINE_CURVE_WITH_KNOTS('',3,(#9530,#9531,#9532,#9533),
 .UNSPECIFIED.,.F.,.F.,(4,4),(-0.20419562887985,0.),.UNSPECIFIED.);
#445=B_SPLINE_CURVE_WITH_KNOTS('',3,(#9539,#9540,#9541,#9542),
 .UNSPECIFIED.,.F.,.F.,(4,4),(-4.36196089529032,0.),.UNSPECIFIED.);
#446=B_SPLINE_CURVE_WITH_KNOTS('',3,(#9544,#9545,#9546,#9547),
 .UNSPECIFIED.,.F.,.F.,(4,4),(-3.26931991463075,0.),.UNSPECIFIED.);
#447=B_SPLINE_CURVE_WITH_KNOTS('',3,(#9549,#9550,#9551,#9552),
 .UNSPECIFIED.,.F.,.F.,(4,4),(-0.992710364827585,0.),.UNSPECIFIED.);
#448=B_SPLINE_CURVE_WITH_KNOTS('',3,(#9554,#9555,#9556,#9557),
 .UNSPECIFIED.,.F.,.F.,(4,4),(-1.27482585206423,0.),.UNSPECIFIED.);
#449=B_SPLINE_CURVE_WITH_KNOTS('',3,(#9562,#9563,#9564,#9565),
 .UNSPECIFIED.,.F.,.F.,(4,4),(-0.238199656018164,0.),.UNSPECIFIED.);
#450=B_SPLINE_CURVE_WITH_KNOTS('',3,(#9568,#9569,#9570,#9571),
 .UNSPECIFIED.,.F.,.F.,(4,4),(-0.263617166125443,0.),.UNSPECIFIED.);
#451=B_SPLINE_CURVE_WITH_KNOTS('',3,(#9573,#9574,#9575,#9576),
 .UNSPECIFIED.,.F.,.F.,(4,4),(-0.104027629864539,0.),.UNSPECIFIED.);
#452=B_SPLINE_CURVE_WITH_KNOTS('',3,(#9578,#9579,#9580,#9581),
 .UNSPECIFIED.,.F.,.F.,(4,4),(-0.836854857749631,0.),.UNSPECIFIED.);
#453=B_SPLINE_CURVE_WITH_KNOTS('',3,(#9583,#9584,#9585,#9586),
 .UNSPECIFIED.,.F.,.F.,(4,4),(-2.01077566967228,0.),.UNSPECIFIED.);
#454=B_SPLINE_CURVE_WITH_KNOTS('',3,(#9588,#9589,#9590,#9591),
 .UNSPECIFIED.,.F.,.F.,(4,4),(-2.39644762260263,0.),.UNSPECIFIED.);
#455=B_SPLINE_CURVE_WITH_KNOTS('',3,(#9593,#9594,#9595,#9596),
 .UNSPECIFIED.,.F.,.F.,(4,4),(-2.92099715788651,0.),.UNSPECIFIED.);
#456=B_SPLINE_CURVE_WITH_KNOTS('',3,(#9598,#9599,#9600,#9601),
 .UNSPECIFIED.,.F.,.F.,(4,4),(-1.09401429279975,0.),.UNSPECIFIED.);
#457=B_SPLINE_CURVE_WITH_KNOTS('',3,(#9603,#9604,#9605,#9606),
 .UNSPECIFIED.,.F.,.F.,(4,4),(-0.542334572445928,0.),.UNSPECIFIED.);
#458=B_SPLINE_CURVE_WITH_KNOTS('',3,(#9608,#9609,#9610,#9611),
 .UNSPECIFIED.,.F.,.F.,(4,4),(-2.63940427085663,0.),.UNSPECIFIED.);
#459=B_SPLINE_CURVE_WITH_KNOTS('',3,(#9613,#9614,#9615,#9616),
 .UNSPECIFIED.,.F.,.F.,(4,4),(-1.4059396441802,0.),.UNSPECIFIED.);
#460=B_SPLINE_CURVE_WITH_KNOTS('',3,(#9617,#9618,#9619,#9620),
 .UNSPECIFIED.,.F.,.F.,(4,4),(-3.11033832858858,0.),.UNSPECIFIED.);
#461=B_SPLINE_CURVE_WITH_KNOTS('',3,(#9623,#9624,#9625,#9626),
 .UNSPECIFIED.,.F.,.F.,(4,4),(-0.493789931372799,0.),.UNSPECIFIED.);
#462=B_SPLINE_CURVE_WITH_KNOTS('',3,(#9636,#9637,#9638,#9639),
 .UNSPECIFIED.,.F.,.F.,(4,4),(-0.737222960144346,0.),.UNSPECIFIED.);
#463=B_SPLINE_CURVE_WITH_KNOTS('',3,(#9641,#9642,#9643,#9644),
 .UNSPECIFIED.,.F.,.F.,(4,4),(-0.843373884435202,0.),.UNSPECIFIED.);
#464=B_SPLINE_CURVE_WITH_KNOTS('',3,(#9646,#9647,#9648,#9649),
 .UNSPECIFIED.,.F.,.F.,(4,4),(-0.977346931254908,0.),.UNSPECIFIED.);
#465=B_SPLINE_CURVE_WITH_KNOTS('',3,(#9651,#9652,#9653,#9654),
 .UNSPECIFIED.,.F.,.F.,(4,4),(-3.04380427530878,0.),.UNSPECIFIED.);
#466=B_SPLINE_CURVE_WITH_KNOTS('',3,(#9656,#9657,#9658,#9659),
 .UNSPECIFIED.,.F.,.F.,(4,4),(-1.71688830890826,0.),.UNSPECIFIED.);
#467=B_SPLINE_CURVE_WITH_KNOTS('',3,(#9661,#9662,#9663,#9664),
 .UNSPECIFIED.,.F.,.F.,(4,4),(-2.83633154287191,0.),.UNSPECIFIED.);
#468=B_SPLINE_CURVE_WITH_KNOTS('',3,(#9672,#9673,#9674,#9675),
 .UNSPECIFIED.,.F.,.F.,(4,4),(-0.714866683434976,0.),.UNSPECIFIED.);
#469=B_SPLINE_CURVE_WITH_KNOTS('',3,(#9677,#9678,#9679,#9680),
 .UNSPECIFIED.,.F.,.F.,(4,4),(-4.49081254140228,0.),.UNSPECIFIED.);
#470=B_SPLINE_CURVE_WITH_KNOTS('',3,(#9682,#9683,#9684,#9685),
 .UNSPECIFIED.,.F.,.F.,(4,4),(-2.71784080259436,0.),.UNSPECIFIED.);
#471=B_SPLINE_CURVE_WITH_KNOTS('',3,(#9687,#9688,#9689,#9690),
 .UNSPECIFIED.,.F.,.F.,(4,4),(-2.32834658467977,0.),.UNSPECIFIED.);
#472=B_SPLINE_CURVE_WITH_KNOTS('',3,(#9692,#9693,#9694,#9695),
 .UNSPECIFIED.,.F.,.F.,(4,4),(-0.912647074248711,0.),.UNSPECIFIED.);
#473=B_SPLINE_CURVE_WITH_KNOTS('',3,(#9696,#9697,#9698,#9699),
 .UNSPECIFIED.,.F.,.F.,(4,4),(-0.565447556936418,0.),.UNSPECIFIED.);
#474=B_SPLINE_CURVE_WITH_KNOTS('',3,(#9702,#9703,#9704,#9705),
 .UNSPECIFIED.,.F.,.F.,(4,4),(-0.635891215210476,0.),.UNSPECIFIED.);
#475=B_SPLINE_CURVE_WITH_KNOTS('',3,(#9707,#9708,#9709,#9710),
 .UNSPECIFIED.,.F.,.F.,(4,4),(-0.554883840544386,0.),.UNSPECIFIED.);
#476=B_SPLINE_CURVE_WITH_KNOTS('',3,(#9712,#9713,#9714,#9715),
 .UNSPECIFIED.,.F.,.F.,(4,4),(-3.38762633944718,0.),.UNSPECIFIED.);
#477=B_SPLINE_CURVE_WITH_KNOTS('',3,(#9717,#9718,#9719,#9720),
 .UNSPECIFIED.,.F.,.F.,(4,4),(-3.01533446362242,0.),.UNSPECIFIED.);
#478=B_SPLINE_CURVE_WITH_KNOTS('',3,(#9722,#9723,#9724,#9725),
 .UNSPECIFIED.,.F.,.F.,(4,4),(-0.375182178930461,0.),.UNSPECIFIED.);
#479=B_SPLINE_CURVE_WITH_KNOTS('',3,(#9727,#9728,#9729,#9730),
 .UNSPECIFIED.,.F.,.F.,(4,4),(-0.230831014368123,0.),.UNSPECIFIED.);
#480=B_SPLINE_CURVE_WITH_KNOTS('',3,(#9732,#9733,#9734,#9735),
 .UNSPECIFIED.,.F.,.F.,(4,4),(-0.766038381531938,0.),.UNSPECIFIED.);
#481=B_SPLINE_CURVE_WITH_KNOTS('',3,(#9737,#9738,#9739,#9740),
 .UNSPECIFIED.,.F.,.F.,(4,4),(-2.79148386488665,0.),.UNSPECIFIED.);
#482=B_SPLINE_CURVE_WITH_KNOTS('',3,(#9742,#9743,#9744,#9745),
 .UNSPECIFIED.,.F.,.F.,(4,4),(-2.43834510415596,0.),.UNSPECIFIED.);
#483=B_SPLINE_CURVE_WITH_KNOTS('',3,(#9747,#9748,#9749,#9750),
 .UNSPECIFIED.,.F.,.F.,(4,4),(-2.23334394403334,0.),.UNSPECIFIED.);
#484=B_SPLINE_CURVE_WITH_KNOTS('',3,(#9751,#9752,#9753,#9754),
 .UNSPECIFIED.,.F.,.F.,(4,4),(-0.778605520833467,0.),.UNSPECIFIED.);
#485=B_SPLINE_CURVE_WITH_KNOTS('',3,(#9990,#9991,#9992,#9993,#9994,#9995,
#9996,#9997,#9998,#9999,#10000,#10001,#10002,#10003),.UNSPECIFIED.,.F.,
 .F.,(4,2,2,2,2,2,4),(-0.435475178155155,-0.434451242530101,-0.331934774807006,
-0.231120924831106,-0.121487607839133,-0.0606659901970561,0.),
 .UNSPECIFIED.);
#486=B_SPLINE_CURVE_WITH_KNOTS('',3,(#10031,#10032,#10033,#10034,#10035,
#10036,#10037,#10038,#10039,#10040,#10041,#10042,#10043,#10044,#10045,#10046,
#10047,#10048,#10049,#10050,#10051,#10052,#10053,#10054),.UNSPECIFIED.,
 .F.,.F.,(4,2,2,2,2,2,2,2,2,2,2,4),(-0.061660914423092,-0.0533065112030681,
-0.0449301938400002,-0.030640721673739,-0.0175090997686345,-0.000592727361868522,
-0.000418664856349957,-0.000333794749756515,-0.000130953568988029,-7.7973854107906E-5,
-4.11789663977157E-5,-4.10972213898964E-8),.UNSPECIFIED.);
#487=B_SPLINE_CURVE_WITH_KNOTS('',3,(#10063,#10064,#10065,#10066,#10067,
#10068,#10069,#10070,#10071,#10072,#10073,#10074,#10075,#10076,#10077,#10078,
#10079,#10080,#10081,#10082,#10083,#10084),.UNSPECIFIED.,.F.,.F.,(4,2,2,
2,2,2,2,2,2,2,4),(-0.566670306728804,-0.254727797284702,-0.0483807894198048,
-0.0261713366653635,-0.0150654553802458,-0.00875972261734085,-0.0047181080448169,
-0.00132778140351299,-0.000589369374577474,-0.000270915669152262,-1.00000181213478E-6),
 .UNSPECIFIED.);
#488=B_SPLINE_CURVE_WITH_KNOTS('',3,(#10085,#10086,#10087,#10088,#10089,
#10090),.UNSPECIFIED.,.F.,.F.,(4,2,4),(0.,0.0881713855735448,0.107821233423118),
 .UNSPECIFIED.);
#489=B_SPLINE_CURVE_WITH_KNOTS('',3,(#10093,#10094,#10095,#10096,#10097,
#10098,#10099,#10100,#10101,#10102,#10103,#10104,#10105,#10106,#10107,#10108),
 .UNSPECIFIED.,.F.,.F.,(4,2,2,2,2,2,2,4),(-1.46501171936797,-1.45989509848216,
-1.45343864518989,-1.43629959249759,-1.40213827742953,-1.34183589734421,
-0.838176842938542,-0.00014743153241851),.UNSPECIFIED.);
#490=B_SPLINE_CURVE_WITH_KNOTS('',3,(#10109,#10110,#10111,#10112,#10113,
#10114),.UNSPECIFIED.,.F.,.F.,(4,2,4),(-0.547805500934678,-0.459634115361137,
-0.454061892073252),.UNSPECIFIED.);
#491=B_SPLINE_CURVE_WITH_KNOTS('',3,(#10197,#10198,#10199,#10200,#10201,
#10202),.UNSPECIFIED.,.F.,.F.,(4,1,1,4),(-0.987735034596691,-0.805892314539218,
-0.624049594481745,-0.466185634815607),.UNSPECIFIED.);
#492=B_SPLINE_CURVE_WITH_KNOTS('',3,(#10204,#10205,#10206,#10207,#10208,
#10209,#10210,#10211,#10212,#10213,#10214,#10215),.UNSPECIFIED.,.F.,.F.,
(4,2,2,2,2,4),(-0.0451983299398523,-0.0350092752533267,-0.0226509175984907,
-0.0110481930785344,-0.00521635560347922,-0.000153181848452438),
 .UNSPECIFIED.);
#493=B_SPLINE_CURVE_WITH_KNOTS('',3,(#10216,#10217,#10218,#10219,#10220,
#10221,#10222,#10223,#10224,#10225,#10226,#10227,#10228,#10229,#10230,#10231,
#10232,#10233),.UNSPECIFIED.,.F.,.F.,(4,2,2,2,2,2,2,2,4),(0.000153330289991149,
5.64787588665085,5.88150473221415,6.04505896386075,6.73529893003736,7.11548016507098,
7.43033155711539,7.6332089290783,7.64689868540246),.UNSPECIFIED.);
#494=B_SPLINE_CURVE_WITH_KNOTS('',3,(#10265,#10266,#10267,#10268,#10269,
#10270,#10271,#10272,#10273,#10274,#10275,#10276),.UNSPECIFIED.,.F.,.F.,
(4,2,2,2,2,4),(0.,0.0614169116511112,0.122989902148876,0.203791144021299,
0.269407244266207,0.335772193919851),.UNSPECIFIED.);
#495=B_SPLINE_CURVE_WITH_KNOTS('',3,(#10277,#10278,#10279,#10280,#10281,
#10282),.UNSPECIFIED.,.F.,.F.,(4,1,1,4),(0.351285514395536,0.624049594481745,
0.805892314539218,0.868270704332609),.UNSPECIFIED.);
#496=B_SPLINE_CURVE_WITH_KNOTS('',3,(#10308,#10309,#10310,#10311,#10312,
#10313,#10314,#10315,#10316,#10317,#10318,#10319),.UNSPECIFIED.,.F.,.F.,
(4,2,2,2,2,4),(9.67006030599547E-10,0.122658777669471,0.240650409589292,
0.383834824589745,0.49717278634754,0.610348249193239),.UNSPECIFIED.);
#497=B_SPLINE_CURVE_WITH_KNOTS('',3,(#10320,#10321,#10322,#10323),
 .UNSPECIFIED.,.F.,.F.,(4,4),(-0.506091872512125,1.36860009267925E-17),
 .UNSPECIFIED.);
#498=B_SPLINE_CURVE_WITH_KNOTS('',3,(#10350,#10351,#10352,#10353,#10354,
#10355,#10356,#10357,#10358,#10359,#10360,#10361,#10362,#10363,#10364,#10365,
#10366,#10367,#10368),.UNSPECIFIED.,.F.,.F.,(4,3,3,3,3,3,4),(0.050318200296514,
0.0529036857262849,0.0563631848631425,0.0676777013836085,0.0758639259033908,
0.0872714635652766,0.0889669259046439),.UNSPECIFIED.);
#499=B_SPLINE_CURVE_WITH_KNOTS('',3,(#10382,#10383,#10384,#10385,#10386,
#10387,#10388),.UNSPECIFIED.,.F.,.F.,(4,3,4),(-0.58754736528532,-0.321129126775813,
0.),.UNSPECIFIED.);
#500=B_SPLINE_CURVE_WITH_KNOTS('',3,(#10390,#10391,#10392,#10393),
 .UNSPECIFIED.,.F.,.F.,(4,4),(0.,1.),.UNSPECIFIED.);
#501=B_SPLINE_CURVE_WITH_KNOTS('',3,(#10395,#10396,#10397,#10398),
 .UNSPECIFIED.,.F.,.F.,(4,4),(0.,0.844927047012538),.UNSPECIFIED.);
#502=B_SPLINE_CURVE_WITH_KNOTS('',3,(#10402,#10403,#10404,#10405),
 .UNSPECIFIED.,.F.,.F.,(4,4),(0.314720909184162,1.),.UNSPECIFIED.);
#503=B_SPLINE_CURVE_WITH_KNOTS('',3,(#10407,#10408,#10409,#10410),
 .UNSPECIFIED.,.F.,.F.,(4,4),(0.,1.),.UNSPECIFIED.);
#504=B_SPLINE_CURVE_WITH_KNOTS('',3,(#10416,#10417,#10418,#10419),
 .UNSPECIFIED.,.F.,.F.,(4,4),(0.,1.),.UNSPECIFIED.);
#505=B_SPLINE_CURVE_WITH_KNOTS('',3,(#10421,#10422,#10423,#10424),
 .UNSPECIFIED.,.F.,.F.,(4,4),(0.,1.),.UNSPECIFIED.);
#506=B_SPLINE_CURVE_WITH_KNOTS('',3,(#10426,#10427,#10428,#10429),
 .UNSPECIFIED.,.F.,.F.,(4,4),(0.,1.),.UNSPECIFIED.);
#507=B_SPLINE_CURVE_WITH_KNOTS('',3,(#10431,#10432,#10433,#10434),
 .UNSPECIFIED.,.F.,.F.,(4,4),(0.,1.),.UNSPECIFIED.);
#508=B_SPLINE_CURVE_WITH_KNOTS('',3,(#10440,#10441,#10442,#10443),
 .UNSPECIFIED.,.F.,.F.,(4,4),(0.715679297107019,1.),.UNSPECIFIED.);
#509=B_SPLINE_CURVE_WITH_KNOTS('',3,(#10445,#10446,#10447,#10448),
 .UNSPECIFIED.,.F.,.F.,(4,4),(0.,1.),.UNSPECIFIED.);
#510=B_SPLINE_CURVE_WITH_KNOTS('',3,(#10450,#10451,#10452,#10453),
 .UNSPECIFIED.,.F.,.F.,(4,4),(0.,1.),.UNSPECIFIED.);
#511=B_SPLINE_CURVE_WITH_KNOTS('',3,(#10455,#10456,#10457,#10458),
 .UNSPECIFIED.,.F.,.F.,(4,4),(0.,1.),.UNSPECIFIED.);
#512=B_SPLINE_CURVE_WITH_KNOTS('',3,(#10460,#10461,#10462,#10463),
 .UNSPECIFIED.,.F.,.F.,(4,4),(0.,1.),.UNSPECIFIED.);
#513=B_SPLINE_CURVE_WITH_KNOTS('',3,(#10465,#10466,#10467,#10468),
 .UNSPECIFIED.,.F.,.F.,(4,4),(0.,1.),.UNSPECIFIED.);
#514=B_SPLINE_CURVE_WITH_KNOTS('',3,(#10470,#10471,#10472,#10473),
 .UNSPECIFIED.,.F.,.F.,(4,4),(0.,1.),.UNSPECIFIED.);
#515=B_SPLINE_CURVE_WITH_KNOTS('',3,(#10475,#10476,#10477,#10478),
 .UNSPECIFIED.,.F.,.F.,(4,4),(0.,1.),.UNSPECIFIED.);
#516=B_SPLINE_CURVE_WITH_KNOTS('',3,(#10480,#10481,#10482,#10483),
 .UNSPECIFIED.,.F.,.F.,(4,4),(0.,1.),.UNSPECIFIED.);
#517=B_SPLINE_CURVE_WITH_KNOTS('',3,(#10485,#10486,#10487,#10488),
 .UNSPECIFIED.,.F.,.F.,(4,4),(0.,0.791301867912308),.UNSPECIFIED.);
#518=B_SPLINE_CURVE_WITH_KNOTS('',3,(#10492,#10493,#10494,#10495),
 .UNSPECIFIED.,.F.,.F.,(4,4),(0.137042702737932,1.),.UNSPECIFIED.);
#519=B_SPLINE_CURVE_WITH_KNOTS('',3,(#10497,#10498,#10499,#10500),
 .UNSPECIFIED.,.F.,.F.,(4,4),(0.,1.),.UNSPECIFIED.);
#520=B_SPLINE_CURVE_WITH_KNOTS('',3,(#10502,#10503,#10504,#10505),
 .UNSPECIFIED.,.F.,.F.,(4,4),(0.,0.606913055690938),.UNSPECIFIED.);
#521=B_SPLINE_CURVE_WITH_KNOTS('',3,(#10509,#10510,#10511,#10512),
 .UNSPECIFIED.,.F.,.F.,(4,4),(-0.227239859152056,0.),.UNSPECIFIED.);
#522=B_SPLINE_CURVE_WITH_KNOTS('',3,(#10514,#10515,#10516,#10517),
 .UNSPECIFIED.,.F.,.F.,(4,4),(0.,1.),.UNSPECIFIED.);
#523=B_SPLINE_CURVE_WITH_KNOTS('',3,(#10519,#10520,#10521,#10522),
 .UNSPECIFIED.,.F.,.F.,(4,4),(0.,1.),.UNSPECIFIED.);
#524=B_SPLINE_CURVE_WITH_KNOTS('',3,(#10524,#10525,#10526,#10527),
 .UNSPECIFIED.,.F.,.F.,(4,4),(0.,1.),.UNSPECIFIED.);
#525=B_SPLINE_CURVE_WITH_KNOTS('',3,(#10529,#10530,#10531,#10532),
 .UNSPECIFIED.,.F.,.F.,(4,4),(0.,1.),.UNSPECIFIED.);
#526=B_SPLINE_CURVE_WITH_KNOTS('',3,(#10534,#10535,#10536,#10537),
 .UNSPECIFIED.,.F.,.F.,(4,4),(0.,1.),.UNSPECIFIED.);
#527=B_SPLINE_CURVE_WITH_KNOTS('',3,(#10539,#10540,#10541,#10542),
 .UNSPECIFIED.,.F.,.F.,(4,4),(0.,1.),.UNSPECIFIED.);
#528=B_SPLINE_CURVE_WITH_KNOTS('',3,(#10544,#10545,#10546,#10547),
 .UNSPECIFIED.,.F.,.F.,(4,4),(0.,1.),.UNSPECIFIED.);
#529=B_SPLINE_CURVE_WITH_KNOTS('',3,(#10549,#10550,#10551,#10552),
 .UNSPECIFIED.,.F.,.F.,(4,4),(0.,1.),.UNSPECIFIED.);
#530=B_SPLINE_CURVE_WITH_KNOTS('',3,(#10554,#10555,#10556,#10557),
 .UNSPECIFIED.,.F.,.F.,(4,4),(0.,1.),.UNSPECIFIED.);
#531=B_SPLINE_CURVE_WITH_KNOTS('',3,(#10559,#10560,#10561,#10562),
 .UNSPECIFIED.,.F.,.F.,(4,4),(0.,1.),.UNSPECIFIED.);
#532=B_SPLINE_CURVE_WITH_KNOTS('',3,(#10564,#10565,#10566,#10567),
 .UNSPECIFIED.,.F.,.F.,(4,4),(0.,1.),.UNSPECIFIED.);
#533=B_SPLINE_CURVE_WITH_KNOTS('',3,(#10569,#10570,#10571,#10572),
 .UNSPECIFIED.,.F.,.F.,(4,4),(0.,1.),.UNSPECIFIED.);
#534=B_SPLINE_CURVE_WITH_KNOTS('',3,(#10574,#10575,#10576,#10577),
 .UNSPECIFIED.,.F.,.F.,(4,4),(0.,1.),.UNSPECIFIED.);
#535=B_SPLINE_CURVE_WITH_KNOTS('',3,(#10579,#10580,#10581,#10582),
 .UNSPECIFIED.,.F.,.F.,(4,4),(0.,1.),.UNSPECIFIED.);
#536=B_SPLINE_CURVE_WITH_KNOTS('',3,(#10584,#10585,#10586,#10587),
 .UNSPECIFIED.,.F.,.F.,(4,4),(0.,1.),.UNSPECIFIED.);
#537=B_SPLINE_CURVE_WITH_KNOTS('',3,(#10589,#10590,#10591,#10592),
 .UNSPECIFIED.,.F.,.F.,(4,4),(0.,1.),.UNSPECIFIED.);
#538=B_SPLINE_CURVE_WITH_KNOTS('',3,(#10600,#10601,#10602,#10603),
 .UNSPECIFIED.,.F.,.F.,(4,4),(0.,1.),.UNSPECIFIED.);
#539=B_SPLINE_CURVE_WITH_KNOTS('',3,(#10605,#10606,#10607,#10608),
 .UNSPECIFIED.,.F.,.F.,(4,4),(0.,0.919580277131274),.UNSPECIFIED.);
#540=B_SPLINE_CURVE_WITH_KNOTS('',3,(#10612,#10613,#10614,#10615),
 .UNSPECIFIED.,.F.,.F.,(4,4),(0.196082217140018,1.),.UNSPECIFIED.);
#541=B_SPLINE_CURVE_WITH_KNOTS('',3,(#10617,#10618,#10619,#10620),
 .UNSPECIFIED.,.F.,.F.,(4,4),(0.,1.),.UNSPECIFIED.);
#542=B_SPLINE_CURVE_WITH_KNOTS('',3,(#10622,#10623,#10624,#10625),
 .UNSPECIFIED.,.F.,.F.,(4,4),(0.,1.),.UNSPECIFIED.);
#543=B_SPLINE_CURVE_WITH_KNOTS('',3,(#10627,#10628,#10629,#10630),
 .UNSPECIFIED.,.F.,.F.,(4,4),(0.,1.),.UNSPECIFIED.);
#544=B_SPLINE_CURVE_WITH_KNOTS('',3,(#10632,#10633,#10634,#10635),
 .UNSPECIFIED.,.F.,.F.,(4,4),(0.,1.),.UNSPECIFIED.);
#545=B_SPLINE_CURVE_WITH_KNOTS('',3,(#10637,#10638,#10639,#10640),
 .UNSPECIFIED.,.F.,.F.,(4,4),(0.,1.),.UNSPECIFIED.);
#546=B_SPLINE_CURVE_WITH_KNOTS('',3,(#10642,#10643,#10644,#10645),
 .UNSPECIFIED.,.F.,.F.,(4,4),(0.,1.),.UNSPECIFIED.);
#547=B_SPLINE_CURVE_WITH_KNOTS('',3,(#10647,#10648,#10649,#10650),
 .UNSPECIFIED.,.F.,.F.,(4,4),(0.,1.),.UNSPECIFIED.);
#548=B_SPLINE_CURVE_WITH_KNOTS('',3,(#10658,#10659,#10660,#10661),
 .UNSPECIFIED.,.F.,.F.,(4,4),(0.,1.),.UNSPECIFIED.);
#549=B_SPLINE_CURVE_WITH_KNOTS('',3,(#10663,#10664,#10665,#10666),
 .UNSPECIFIED.,.F.,.F.,(4,4),(0.,1.),.UNSPECIFIED.);
#550=B_SPLINE_CURVE_WITH_KNOTS('',3,(#10672,#10673,#10674,#10675),
 .UNSPECIFIED.,.F.,.F.,(4,4),(0.,1.),.UNSPECIFIED.);
#551=B_SPLINE_CURVE_WITH_KNOTS('',3,(#10677,#10678,#10679,#10680),
 .UNSPECIFIED.,.F.,.F.,(4,4),(0.,1.),.UNSPECIFIED.);
#552=B_SPLINE_CURVE_WITH_KNOTS('',3,(#10686,#10687,#10688,#10689),
 .UNSPECIFIED.,.F.,.F.,(4,4),(0.,0.963464103361747),.UNSPECIFIED.);
#553=B_SPLINE_CURVE_WITH_KNOTS('',3,(#10693,#10694,#10695,#10696),
 .UNSPECIFIED.,.F.,.F.,(4,4),(0.0110362003300323,1.),.UNSPECIFIED.);
#554=B_SPLINE_CURVE_WITH_KNOTS('',3,(#10702,#10703,#10704,#10705),
 .UNSPECIFIED.,.F.,.F.,(4,4),(0.,1.),.UNSPECIFIED.);
#555=B_SPLINE_CURVE_WITH_KNOTS('',3,(#10707,#10708,#10709,#10710),
 .UNSPECIFIED.,.F.,.F.,(4,4),(0.,1.),.UNSPECIFIED.);
#556=B_SPLINE_CURVE_WITH_KNOTS('',3,(#10718,#10719,#10720,#10721),
 .UNSPECIFIED.,.F.,.F.,(4,4),(0.,1.),.UNSPECIFIED.);
#557=B_SPLINE_CURVE_WITH_KNOTS('',3,(#10723,#10724,#10725,#10726),
 .UNSPECIFIED.,.F.,.F.,(4,4),(0.,1.),.UNSPECIFIED.);
#558=B_SPLINE_CURVE_WITH_KNOTS('',3,(#10728,#10729,#10730,#10731),
 .UNSPECIFIED.,.F.,.F.,(4,4),(0.,1.),.UNSPECIFIED.);
#559=B_SPLINE_CURVE_WITH_KNOTS('',3,(#10733,#10734,#10735,#10736),
 .UNSPECIFIED.,.F.,.F.,(4,4),(0.,1.),.UNSPECIFIED.);
#560=B_SPLINE_CURVE_WITH_KNOTS('',3,(#10738,#10739,#10740,#10741),
 .UNSPECIFIED.,.F.,.F.,(4,4),(0.,1.),.UNSPECIFIED.);
#561=B_SPLINE_CURVE_WITH_KNOTS('',3,(#10743,#10744,#10745,#10746),
 .UNSPECIFIED.,.F.,.F.,(4,4),(0.,1.),.UNSPECIFIED.);
#562=B_SPLINE_CURVE_WITH_KNOTS('',3,(#10748,#10749,#10750,#10751),
 .UNSPECIFIED.,.F.,.F.,(4,4),(0.,1.),.UNSPECIFIED.);
#563=B_SPLINE_CURVE_WITH_KNOTS('',3,(#10753,#10754,#10755,#10756),
 .UNSPECIFIED.,.F.,.F.,(4,4),(0.,0.851589208602671),.UNSPECIFIED.);
#564=B_SPLINE_CURVE_WITH_KNOTS('',3,(#10760,#10761,#10762,#10763),
 .UNSPECIFIED.,.F.,.F.,(4,4),(0.22807652271567,1.),.UNSPECIFIED.);
#565=B_SPLINE_CURVE_WITH_KNOTS('',3,(#10765,#10766,#10767,#10768),
 .UNSPECIFIED.,.F.,.F.,(4,4),(0.,1.),.UNSPECIFIED.);
#566=B_SPLINE_CURVE_WITH_KNOTS('',3,(#10770,#10771,#10772,#10773),
 .UNSPECIFIED.,.F.,.F.,(4,4),(0.,1.),.UNSPECIFIED.);
#567=B_SPLINE_CURVE_WITH_KNOTS('',3,(#10775,#10776,#10777,#10778),
 .UNSPECIFIED.,.F.,.F.,(4,4),(0.,1.),.UNSPECIFIED.);
#568=B_SPLINE_CURVE_WITH_KNOTS('',3,(#10780,#10781,#10782,#10783),
 .UNSPECIFIED.,.F.,.F.,(4,4),(0.,1.),.UNSPECIFIED.);
#569=B_SPLINE_CURVE_WITH_KNOTS('',3,(#10785,#10786,#10787,#10788),
 .UNSPECIFIED.,.F.,.F.,(4,4),(0.,1.),.UNSPECIFIED.);
#570=B_SPLINE_CURVE_WITH_KNOTS('',3,(#10790,#10791,#10792,#10793),
 .UNSPECIFIED.,.F.,.F.,(4,4),(0.,1.),.UNSPECIFIED.);
#571=B_SPLINE_CURVE_WITH_KNOTS('',3,(#10795,#10796,#10797,#10798),
 .UNSPECIFIED.,.F.,.F.,(4,4),(0.,1.),.UNSPECIFIED.);
#572=B_SPLINE_CURVE_WITH_KNOTS('',3,(#10804,#10805,#10806,#10807),
 .UNSPECIFIED.,.F.,.F.,(4,4),(0.,1.),.UNSPECIFIED.);
#573=B_SPLINE_CURVE_WITH_KNOTS('',3,(#10809,#10810,#10811,#10812),
 .UNSPECIFIED.,.F.,.F.,(4,4),(0.,1.),.UNSPECIFIED.);
#574=B_SPLINE_CURVE_WITH_KNOTS('',3,(#10814,#10815,#10816,#10817),
 .UNSPECIFIED.,.F.,.F.,(4,4),(0.,1.),.UNSPECIFIED.);
#575=B_SPLINE_CURVE_WITH_KNOTS('',3,(#10819,#10820,#10821,#10822),
 .UNSPECIFIED.,.F.,.F.,(4,4),(0.,1.),.UNSPECIFIED.);
#576=B_SPLINE_CURVE_WITH_KNOTS('',3,(#10824,#10825,#10826,#10827),
 .UNSPECIFIED.,.F.,.F.,(4,4),(0.,1.),.UNSPECIFIED.);
#577=B_SPLINE_CURVE_WITH_KNOTS('',3,(#10829,#10830,#10831,#10832),
 .UNSPECIFIED.,.F.,.F.,(4,4),(0.,1.),.UNSPECIFIED.);
#578=B_SPLINE_CURVE_WITH_KNOTS('',3,(#10834,#10835,#10836,#10837),
 .UNSPECIFIED.,.F.,.F.,(4,4),(0.,1.),.UNSPECIFIED.);
#579=B_SPLINE_CURVE_WITH_KNOTS('',3,(#10839,#10840,#10841,#10842),
 .UNSPECIFIED.,.F.,.F.,(4,4),(0.,1.),.UNSPECIFIED.);
#580=B_SPLINE_CURVE_WITH_KNOTS('',3,(#10844,#10845,#10846,#10847),
 .UNSPECIFIED.,.F.,.F.,(4,4),(0.,1.),.UNSPECIFIED.);
#581=B_SPLINE_CURVE_WITH_KNOTS('',3,(#10849,#10850,#10851,#10852),
 .UNSPECIFIED.,.F.,.F.,(4,4),(0.,1.),.UNSPECIFIED.);
#582=B_SPLINE_CURVE_WITH_KNOTS('',3,(#10854,#10855,#10856,#10857),
 .UNSPECIFIED.,.F.,.F.,(4,4),(0.,1.),.UNSPECIFIED.);
#583=B_SPLINE_CURVE_WITH_KNOTS('',3,(#10859,#10860,#10861,#10862),
 .UNSPECIFIED.,.F.,.F.,(4,4),(0.,1.),.UNSPECIFIED.);
#584=B_SPLINE_CURVE_WITH_KNOTS('',3,(#10868,#10869,#10870,#10871),
 .UNSPECIFIED.,.F.,.F.,(4,4),(0.,1.),.UNSPECIFIED.);
#585=B_SPLINE_CURVE_WITH_KNOTS('',3,(#10873,#10874,#10875,#10876),
 .UNSPECIFIED.,.F.,.F.,(4,4),(-2.59138497266069,-9.9999595803979E-7),
 .UNSPECIFIED.);
#586=B_SPLINE_CURVE_WITH_KNOTS('',3,(#10880,#10881,#10882,#10883),
 .UNSPECIFIED.,.F.,.F.,(4,4),(0.30724014180863,1.),.UNSPECIFIED.);
#587=B_SPLINE_CURVE_WITH_KNOTS('',3,(#10885,#10886,#10887,#10888),
 .UNSPECIFIED.,.F.,.F.,(4,4),(0.,1.),.UNSPECIFIED.);
#588=B_SPLINE_CURVE_WITH_KNOTS('',3,(#10890,#10891,#10892,#10893),
 .UNSPECIFIED.,.F.,.F.,(4,4),(0.,1.),.UNSPECIFIED.);
#589=B_SPLINE_CURVE_WITH_KNOTS('',3,(#10895,#10896,#10897,#10898),
 .UNSPECIFIED.,.F.,.F.,(4,4),(0.,1.),.UNSPECIFIED.);
#590=B_SPLINE_CURVE_WITH_KNOTS('',3,(#10900,#10901,#10902,#10903),
 .UNSPECIFIED.,.F.,.F.,(4,4),(0.,1.),.UNSPECIFIED.);
#591=B_SPLINE_CURVE_WITH_KNOTS('',3,(#10905,#10906,#10907,#10908),
 .UNSPECIFIED.,.F.,.F.,(4,4),(0.,1.),.UNSPECIFIED.);
#592=B_SPLINE_CURVE_WITH_KNOTS('',3,(#10910,#10911,#10912,#10913),
 .UNSPECIFIED.,.F.,.F.,(4,4),(0.,1.),.UNSPECIFIED.);
#593=B_SPLINE_CURVE_WITH_KNOTS('',3,(#10915,#10916,#10917,#10918),
 .UNSPECIFIED.,.F.,.F.,(4,4),(0.,1.),.UNSPECIFIED.);
#594=B_SPLINE_CURVE_WITH_KNOTS('',3,(#10920,#10921,#10922,#10923),
 .UNSPECIFIED.,.F.,.F.,(4,4),(-0.552724881747855,-9.99999283490816E-7),
 .UNSPECIFIED.);
#595=B_SPLINE_CURVE_WITH_KNOTS('',3,(#10927,#10928,#10929,#10930),
 .UNSPECIFIED.,.F.,.F.,(4,4),(0.187663103100999,1.),.UNSPECIFIED.);
#596=B_SPLINE_CURVE_WITH_KNOTS('',3,(#10932,#10933,#10934,#10935),
 .UNSPECIFIED.,.F.,.F.,(4,4),(0.,1.),.UNSPECIFIED.);
#597=B_SPLINE_CURVE_WITH_KNOTS('',3,(#10937,#10938,#10939,#10940),
 .UNSPECIFIED.,.F.,.F.,(4,4),(0.,1.),.UNSPECIFIED.);
#598=B_SPLINE_CURVE_WITH_KNOTS('',3,(#10942,#10943,#10944,#10945),
 .UNSPECIFIED.,.F.,.F.,(4,4),(0.,1.),.UNSPECIFIED.);
#599=B_SPLINE_CURVE_WITH_KNOTS('',3,(#10947,#10948,#10949,#10950),
 .UNSPECIFIED.,.F.,.F.,(4,4),(0.,1.),.UNSPECIFIED.);
#600=B_SPLINE_CURVE_WITH_KNOTS('',3,(#10952,#10953,#10954,#10955),
 .UNSPECIFIED.,.F.,.F.,(4,4),(0.,1.),.UNSPECIFIED.);
#601=B_SPLINE_CURVE_WITH_KNOTS('',3,(#10957,#10958,#10959,#10960),
 .UNSPECIFIED.,.F.,.F.,(4,4),(0.,1.),.UNSPECIFIED.);
#602=B_SPLINE_CURVE_WITH_KNOTS('',3,(#10962,#10963,#10964,#10965),
 .UNSPECIFIED.,.F.,.F.,(4,4),(0.,1.),.UNSPECIFIED.);
#603=B_SPLINE_CURVE_WITH_KNOTS('',3,(#10967,#10968,#10969,#10970),
 .UNSPECIFIED.,.F.,.F.,(4,4),(0.,1.),.UNSPECIFIED.);
#604=B_SPLINE_CURVE_WITH_KNOTS('',3,(#10972,#10973,#10974,#10975),
 .UNSPECIFIED.,.F.,.F.,(4,4),(0.,1.),.UNSPECIFIED.);
#605=B_SPLINE_CURVE_WITH_KNOTS('',3,(#10977,#10978,#10979,#10980),
 .UNSPECIFIED.,.F.,.F.,(4,4),(0.,1.),.UNSPECIFIED.);
#606=B_SPLINE_CURVE_WITH_KNOTS('',3,(#10982,#10983,#10984,#10985),
 .UNSPECIFIED.,.F.,.F.,(4,4),(0.,1.),.UNSPECIFIED.);
#607=B_SPLINE_CURVE_WITH_KNOTS('',3,(#10987,#10988,#10989,#10990),
 .UNSPECIFIED.,.F.,.F.,(4,4),(0.,1.),.UNSPECIFIED.);
#608=B_SPLINE_CURVE_WITH_KNOTS('',3,(#10992,#10993,#10994,#10995),
 .UNSPECIFIED.,.F.,.F.,(4,4),(-1.30075083302648,0.),.UNSPECIFIED.);
#609=B_SPLINE_CURVE_WITH_KNOTS('',3,(#10997,#10998,#10999,#11000),
 .UNSPECIFIED.,.F.,.F.,(4,4),(0.,1.),.UNSPECIFIED.);
#610=B_SPLINE_CURVE_WITH_KNOTS('',3,(#11002,#11003,#11004,#11005),
 .UNSPECIFIED.,.F.,.F.,(4,4),(0.,1.),.UNSPECIFIED.);
#611=B_SPLINE_CURVE_WITH_KNOTS('',3,(#11007,#11008,#11009,#11010),
 .UNSPECIFIED.,.F.,.F.,(4,4),(0.,1.),.UNSPECIFIED.);
#612=B_SPLINE_CURVE_WITH_KNOTS('',3,(#11012,#11013,#11014,#11015),
 .UNSPECIFIED.,.F.,.F.,(4,4),(0.,1.),.UNSPECIFIED.);
#613=B_SPLINE_CURVE_WITH_KNOTS('',3,(#11017,#11018,#11019,#11020),
 .UNSPECIFIED.,.F.,.F.,(4,4),(0.,1.),.UNSPECIFIED.);
#614=B_SPLINE_CURVE_WITH_KNOTS('',3,(#11022,#11023,#11024,#11025),
 .UNSPECIFIED.,.F.,.F.,(4,4),(0.,1.),.UNSPECIFIED.);
#615=B_SPLINE_CURVE_WITH_KNOTS('',3,(#11027,#11028,#11029,#11030),
 .UNSPECIFIED.,.F.,.F.,(4,4),(0.,1.),.UNSPECIFIED.);
#616=B_SPLINE_CURVE_WITH_KNOTS('',3,(#11032,#11033,#11034,#11035),
 .UNSPECIFIED.,.F.,.F.,(4,4),(0.,1.),.UNSPECIFIED.);
#617=B_SPLINE_CURVE_WITH_KNOTS('',3,(#11037,#11038,#11039,#11040),
 .UNSPECIFIED.,.F.,.F.,(4,4),(0.,1.),.UNSPECIFIED.);
#618=B_SPLINE_CURVE_WITH_KNOTS('',3,(#11042,#11043,#11044,#11045),
 .UNSPECIFIED.,.F.,.F.,(4,4),(0.,1.),.UNSPECIFIED.);
#619=B_SPLINE_CURVE_WITH_KNOTS('',3,(#11047,#11048,#11049,#11050),
 .UNSPECIFIED.,.F.,.F.,(4,4),(0.,1.),.UNSPECIFIED.);
#620=B_SPLINE_CURVE_WITH_KNOTS('',3,(#11052,#11053,#11054,#11055),
 .UNSPECIFIED.,.F.,.F.,(4,4),(0.,1.),.UNSPECIFIED.);
#621=B_SPLINE_CURVE_WITH_KNOTS('',3,(#11057,#11058,#11059,#11060),
 .UNSPECIFIED.,.F.,.F.,(4,4),(0.,1.),.UNSPECIFIED.);
#622=B_SPLINE_CURVE_WITH_KNOTS('',3,(#11062,#11063,#11064,#11065),
 .UNSPECIFIED.,.F.,.F.,(4,4),(0.,1.),.UNSPECIFIED.);
#623=B_SPLINE_CURVE_WITH_KNOTS('',3,(#11067,#11068,#11069,#11070),
 .UNSPECIFIED.,.F.,.F.,(4,4),(0.,1.),.UNSPECIFIED.);
#624=B_SPLINE_CURVE_WITH_KNOTS('',3,(#11072,#11073,#11074,#11075),
 .UNSPECIFIED.,.F.,.F.,(4,4),(-0.270427725403431,-9.99999713868771E-7),
 .UNSPECIFIED.);
#625=B_SPLINE_CURVE_WITH_KNOTS('',3,(#11083,#11084,#11085,#11086),
 .UNSPECIFIED.,.F.,.F.,(4,4),(0.,1.),.UNSPECIFIED.);
#626=B_SPLINE_CURVE_WITH_KNOTS('',3,(#11088,#11089,#11090,#11091),
 .UNSPECIFIED.,.F.,.F.,(4,4),(0.,1.),.UNSPECIFIED.);
#627=B_SPLINE_CURVE_WITH_KNOTS('',3,(#11097,#11098,#11099,#11100),
 .UNSPECIFIED.,.F.,.F.,(4,4),(0.,1.),.UNSPECIFIED.);
#628=B_SPLINE_CURVE_WITH_KNOTS('',3,(#11102,#11103,#11104,#11105),
 .UNSPECIFIED.,.F.,.F.,(4,4),(0.,0.730676909007589),.UNSPECIFIED.);
#629=B_SPLINE_CURVE_WITH_KNOTS('',3,(#11109,#11110,#11111,#11112),
 .UNSPECIFIED.,.F.,.F.,(4,4),(0.77558865389979,1.),.UNSPECIFIED.);
#630=B_SPLINE_CURVE_WITH_KNOTS('',3,(#11114,#11115,#11116,#11117),
 .UNSPECIFIED.,.F.,.F.,(4,4),(0.,1.),.UNSPECIFIED.);
#631=B_SPLINE_CURVE_WITH_KNOTS('',3,(#11122,#11123,#11124,#11125,#11126,
#11127,#11128),.UNSPECIFIED.,.F.,.F.,(4,3,4),(-0.681888079994158,-0.48126306713146,
-0.356429725794615),.UNSPECIFIED.);
#632=B_SPLINE_CURVE_WITH_KNOTS('',3,(#11132,#11133,#11134,#11135),
 .UNSPECIFIED.,.F.,.F.,(4,4),(0.,1.),.UNSPECIFIED.);
#633=B_SPLINE_CURVE_WITH_KNOTS('',3,(#11137,#11138,#11139,#11140),
 .UNSPECIFIED.,.F.,.F.,(4,4),(0.,1.),.UNSPECIFIED.);
#634=B_SPLINE_CURVE_WITH_KNOTS('',3,(#11142,#11143,#11144,#11145),
 .UNSPECIFIED.,.F.,.F.,(4,4),(0.,1.),.UNSPECIFIED.);
#635=B_SPLINE_CURVE_WITH_KNOTS('',3,(#11147,#11148,#11149,#11150),
 .UNSPECIFIED.,.F.,.F.,(4,4),(0.,1.),.UNSPECIFIED.);
#636=B_SPLINE_CURVE_WITH_KNOTS('',3,(#11152,#11153,#11154,#11155),
 .UNSPECIFIED.,.F.,.F.,(4,4),(0.,1.),.UNSPECIFIED.);
#637=B_SPLINE_CURVE_WITH_KNOTS('',3,(#11157,#11158,#11159,#11160),
 .UNSPECIFIED.,.F.,.F.,(4,4),(0.,1.),.UNSPECIFIED.);
#638=B_SPLINE_CURVE_WITH_KNOTS('',3,(#11162,#11163,#11164,#11165),
 .UNSPECIFIED.,.F.,.F.,(4,4),(0.,1.),.UNSPECIFIED.);
#639=B_SPLINE_CURVE_WITH_KNOTS('',3,(#11167,#11168,#11169,#11170),
 .UNSPECIFIED.,.F.,.F.,(4,4),(0.,1.),.UNSPECIFIED.);
#640=B_SPLINE_CURVE_WITH_KNOTS('',3,(#11172,#11173,#11174,#11175),
 .UNSPECIFIED.,.F.,.F.,(4,4),(0.,1.),.UNSPECIFIED.);
#641=B_SPLINE_CURVE_WITH_KNOTS('',3,(#11177,#11178,#11179,#11180),
 .UNSPECIFIED.,.F.,.F.,(4,4),(0.,1.),.UNSPECIFIED.);
#642=B_SPLINE_CURVE_WITH_KNOTS('',3,(#11181,#11182,#11183,#11184),
 .UNSPECIFIED.,.F.,.F.,(4,4),(0.,1.),.UNSPECIFIED.);
#643=B_SPLINE_CURVE_WITH_KNOTS('',3,(#11190,#11191,#11192,#11193),
 .UNSPECIFIED.,.F.,.F.,(4,4),(0.,1.),.UNSPECIFIED.);
#644=B_SPLINE_CURVE_WITH_KNOTS('',3,(#11195,#11196,#11197,#11198),
 .UNSPECIFIED.,.F.,.F.,(4,4),(0.,1.),.UNSPECIFIED.);
#645=B_SPLINE_CURVE_WITH_KNOTS('',3,(#11200,#11201,#11202,#11203),
 .UNSPECIFIED.,.F.,.F.,(4,4),(0.,1.),.UNSPECIFIED.);
#646=B_SPLINE_CURVE_WITH_KNOTS('',3,(#11205,#11206,#11207,#11208),
 .UNSPECIFIED.,.F.,.F.,(4,4),(0.,1.),.UNSPECIFIED.);
#647=B_SPLINE_CURVE_WITH_KNOTS('',3,(#11210,#11211,#11212,#11213),
 .UNSPECIFIED.,.F.,.F.,(4,4),(0.,1.),.UNSPECIFIED.);
#648=B_SPLINE_CURVE_WITH_KNOTS('',3,(#11215,#11216,#11217,#11218),
 .UNSPECIFIED.,.F.,.F.,(4,4),(0.,1.),.UNSPECIFIED.);
#649=B_SPLINE_CURVE_WITH_KNOTS('',3,(#11220,#11221,#11222,#11223),
 .UNSPECIFIED.,.F.,.F.,(4,4),(0.,1.),.UNSPECIFIED.);
#650=B_SPLINE_CURVE_WITH_KNOTS('',3,(#11231,#11232,#11233,#11234),
 .UNSPECIFIED.,.F.,.F.,(4,4),(0.,1.),.UNSPECIFIED.);
#651=B_SPLINE_CURVE_WITH_KNOTS('',3,(#11236,#11237,#11238,#11239),
 .UNSPECIFIED.,.F.,.F.,(4,4),(0.,1.),.UNSPECIFIED.);
#652=B_SPLINE_CURVE_WITH_KNOTS('',3,(#11241,#11242,#11243,#11244),
 .UNSPECIFIED.,.F.,.F.,(4,4),(0.,1.),.UNSPECIFIED.);
#653=B_SPLINE_CURVE_WITH_KNOTS('',3,(#11246,#11247,#11248,#11249),
 .UNSPECIFIED.,.F.,.F.,(4,4),(0.,1.),.UNSPECIFIED.);
#654=B_SPLINE_CURVE_WITH_KNOTS('',3,(#11251,#11252,#11253,#11254),
 .UNSPECIFIED.,.F.,.F.,(4,4),(0.,1.),.UNSPECIFIED.);
#655=B_SPLINE_CURVE_WITH_KNOTS('',3,(#11256,#11257,#11258,#11259),
 .UNSPECIFIED.,.F.,.F.,(4,4),(0.,1.),.UNSPECIFIED.);
#656=B_SPLINE_CURVE_WITH_KNOTS('',3,(#11268,#11269,#11270,#11271),
 .UNSPECIFIED.,.F.,.F.,(4,4),(0.,1.),.UNSPECIFIED.);
#657=B_SPLINE_CURVE_WITH_KNOTS('',3,(#11273,#11274,#11275,#11276),
 .UNSPECIFIED.,.F.,.F.,(4,4),(0.,1.),.UNSPECIFIED.);
#658=B_SPLINE_CURVE_WITH_KNOTS('',3,(#11278,#11279,#11280,#11281),
 .UNSPECIFIED.,.F.,.F.,(4,4),(0.,1.),.UNSPECIFIED.);
#659=B_SPLINE_CURVE_WITH_KNOTS('',3,(#11283,#11284,#11285,#11286),
 .UNSPECIFIED.,.F.,.F.,(4,4),(0.,1.),.UNSPECIFIED.);
#660=B_SPLINE_CURVE_WITH_KNOTS('',3,(#11288,#11289,#11290,#11291),
 .UNSPECIFIED.,.F.,.F.,(4,4),(0.,1.),.UNSPECIFIED.);
#661=B_SPLINE_CURVE_WITH_KNOTS('',3,(#11293,#11294,#11295,#11296),
 .UNSPECIFIED.,.F.,.F.,(4,4),(0.,1.),.UNSPECIFIED.);
#662=B_SPLINE_CURVE_WITH_KNOTS('',3,(#11298,#11299,#11300,#11301),
 .UNSPECIFIED.,.F.,.F.,(4,4),(0.,1.),.UNSPECIFIED.);
#663=B_SPLINE_CURVE_WITH_KNOTS('',3,(#11303,#11304,#11305,#11306),
 .UNSPECIFIED.,.F.,.F.,(4,4),(-2.92099808717836,0.),.UNSPECIFIED.);
#664=B_SPLINE_CURVE_WITH_KNOTS('',3,(#11308,#11309,#11310,#11311),
 .UNSPECIFIED.,.F.,.F.,(4,4),(0.,1.),.UNSPECIFIED.);
#665=B_SPLINE_CURVE_WITH_KNOTS('',3,(#11313,#11314,#11315,#11316),
 .UNSPECIFIED.,.F.,.F.,(4,4),(0.,1.),.UNSPECIFIED.);
#666=B_SPLINE_CURVE_WITH_KNOTS('',3,(#11321,#11322,#11323,#11324),
 .UNSPECIFIED.,.F.,.F.,(4,4),(0.,1.),.UNSPECIFIED.);
#667=B_SPLINE_CURVE_WITH_KNOTS('',3,(#11326,#11327,#11328,#11329),
 .UNSPECIFIED.,.F.,.F.,(4,4),(0.,1.),.UNSPECIFIED.);
#668=B_SPLINE_CURVE_WITH_KNOTS('',3,(#11331,#11332,#11333,#11334),
 .UNSPECIFIED.,.F.,.F.,(4,4),(0.,1.),.UNSPECIFIED.);
#669=B_SPLINE_CURVE_WITH_KNOTS('',3,(#11340,#11341,#11342,#11343),
 .UNSPECIFIED.,.F.,.F.,(4,4),(0.,1.),.UNSPECIFIED.);
#670=B_SPLINE_CURVE_WITH_KNOTS('',3,(#11345,#11346,#11347,#11348),
 .UNSPECIFIED.,.F.,.F.,(4,4),(0.,1.),.UNSPECIFIED.);
#671=B_SPLINE_CURVE_WITH_KNOTS('',3,(#11350,#11351,#11352,#11353),
 .UNSPECIFIED.,.F.,.F.,(4,4),(0.,1.),.UNSPECIFIED.);
#672=B_SPLINE_CURVE_WITH_KNOTS('',3,(#11355,#11356,#11357,#11358),
 .UNSPECIFIED.,.F.,.F.,(4,4),(0.,1.),.UNSPECIFIED.);
#673=B_SPLINE_CURVE_WITH_KNOTS('',3,(#11364,#11365,#11366,#11367),
 .UNSPECIFIED.,.F.,.F.,(4,4),(0.,1.),.UNSPECIFIED.);
#674=B_SPLINE_CURVE_WITH_KNOTS('',3,(#11373,#11374,#11375,#11376),
 .UNSPECIFIED.,.F.,.F.,(4,4),(0.,1.),.UNSPECIFIED.);
#675=B_SPLINE_CURVE_WITH_KNOTS('',3,(#11378,#11379,#11380,#11381),
 .UNSPECIFIED.,.F.,.F.,(4,4),(0.,1.),.UNSPECIFIED.);
#676=B_SPLINE_CURVE_WITH_KNOTS('',3,(#11383,#11384,#11385,#11386),
 .UNSPECIFIED.,.F.,.F.,(4,4),(0.,1.),.UNSPECIFIED.);
#677=B_SPLINE_CURVE_WITH_KNOTS('',3,(#11388,#11389,#11390,#11391),
 .UNSPECIFIED.,.F.,.F.,(4,4),(0.,1.),.UNSPECIFIED.);
#678=B_SPLINE_CURVE_WITH_KNOTS('',3,(#11392,#11393,#11394,#11395),
 .UNSPECIFIED.,.F.,.F.,(4,4),(0.,1.),.UNSPECIFIED.);
#679=B_SPLINE_CURVE_WITH_KNOTS('',3,(#11401,#11402,#11403,#11404),
 .UNSPECIFIED.,.F.,.F.,(4,4),(0.,1.),.UNSPECIFIED.);
#680=B_SPLINE_CURVE_WITH_KNOTS('',3,(#11406,#11407,#11408,#11409),
 .UNSPECIFIED.,.F.,.F.,(4,4),(0.,1.),.UNSPECIFIED.);
#681=B_SPLINE_CURVE_WITH_KNOTS('',3,(#11411,#11412,#11413,#11414),
 .UNSPECIFIED.,.F.,.F.,(4,4),(0.,1.),.UNSPECIFIED.);
#682=B_SPLINE_CURVE_WITH_KNOTS('',3,(#11416,#11417,#11418,#11419),
 .UNSPECIFIED.,.F.,.F.,(4,4),(0.,1.),.UNSPECIFIED.);
#683=B_SPLINE_CURVE_WITH_KNOTS('',3,(#11421,#11422,#11423,#11424),
 .UNSPECIFIED.,.F.,.F.,(4,4),(0.,1.),.UNSPECIFIED.);
#684=B_SPLINE_CURVE_WITH_KNOTS('',3,(#11426,#11427,#11428,#11429),
 .UNSPECIFIED.,.F.,.F.,(4,4),(0.,1.),.UNSPECIFIED.);
#685=B_SPLINE_CURVE_WITH_KNOTS('',3,(#11431,#11432,#11433,#11434),
 .UNSPECIFIED.,.F.,.F.,(4,4),(0.,1.),.UNSPECIFIED.);
#686=B_SPLINE_CURVE_WITH_KNOTS('',3,(#11436,#11437,#11438,#11439),
 .UNSPECIFIED.,.F.,.F.,(4,4),(0.,1.),.UNSPECIFIED.);
#687=B_SPLINE_CURVE_WITH_KNOTS('',3,(#11444,#11445,#11446,#11447),
 .UNSPECIFIED.,.F.,.F.,(4,4),(0.,1.),.UNSPECIFIED.);
#688=B_SPLINE_CURVE_WITH_KNOTS('',3,(#11449,#11450,#11451,#11452),
 .UNSPECIFIED.,.F.,.F.,(4,4),(0.,1.),.UNSPECIFIED.);
#689=B_SPLINE_CURVE_WITH_KNOTS('',3,(#11454,#11455,#11456,#11457),
 .UNSPECIFIED.,.F.,.F.,(4,4),(0.,1.),.UNSPECIFIED.);
#690=B_SPLINE_CURVE_WITH_KNOTS('',3,(#11459,#11460,#11461,#11462),
 .UNSPECIFIED.,.F.,.F.,(4,4),(0.,1.),.UNSPECIFIED.);
#691=B_SPLINE_CURVE_WITH_KNOTS('',3,(#11464,#11465,#11466,#11467),
 .UNSPECIFIED.,.F.,.F.,(4,4),(0.,1.),.UNSPECIFIED.);
#692=B_SPLINE_CURVE_WITH_KNOTS('',3,(#11469,#11470,#11471,#11472),
 .UNSPECIFIED.,.F.,.F.,(4,4),(0.,1.),.UNSPECIFIED.);
#693=B_SPLINE_CURVE_WITH_KNOTS('',3,(#11474,#11475,#11476,#11477),
 .UNSPECIFIED.,.F.,.F.,(4,4),(0.,1.),.UNSPECIFIED.);
#694=B_SPLINE_CURVE_WITH_KNOTS('',3,(#11479,#11480,#11481,#11482),
 .UNSPECIFIED.,.F.,.F.,(4,4),(0.,1.),.UNSPECIFIED.);
#695=B_SPLINE_CURVE_WITH_KNOTS('',3,(#11484,#11485,#11486,#11487),
 .UNSPECIFIED.,.F.,.F.,(4,4),(0.,1.),.UNSPECIFIED.);
#696=B_SPLINE_CURVE_WITH_KNOTS('',3,(#11489,#11490,#11491,#11492),
 .UNSPECIFIED.,.F.,.F.,(4,4),(0.,1.),.UNSPECIFIED.);
#697=B_SPLINE_CURVE_WITH_KNOTS('',3,(#11493,#11494,#11495,#11496),
 .UNSPECIFIED.,.F.,.F.,(4,4),(0.,1.),.UNSPECIFIED.);
#698=B_SPLINE_CURVE_WITH_KNOTS('',3,(#12804,#12805,#12806,#12807),
 .UNSPECIFIED.,.F.,.F.,(4,4),(-0.0440000000000071,-0.0240000000000088),
 .UNSPECIFIED.);
#699=CIRCLE('',#6938,0.299999999999976);
#700=CIRCLE('',#6939,0.299999999999976);
#701=CIRCLE('',#6941,0.299999999999976);
#702=CIRCLE('',#6942,0.299999999999976);
#703=CIRCLE('',#6947,3.);
#704=CIRCLE('',#6948,44.1279523557406);
#705=CIRCLE('',#6949,3.00000000000005);
#706=CIRCLE('',#6950,3.00000000000001);
#707=CIRCLE('',#6951,0.499999999999972);
#708=CIRCLE('',#6952,0.500000000000007);
#709=CIRCLE('',#6953,3.00000000000004);
#710=CIRCLE('',#6954,3.00000000000001);
#711=CIRCLE('',#6955,0.500000000000012);
#712=CIRCLE('',#6956,0.499999999999998);
#713=CIRCLE('',#6957,2.99999999999999);
#714=CIRCLE('',#6958,1.85);
#715=CIRCLE('',#6959,1.85);
#716=CIRCLE('',#6960,1.85);
#717=CIRCLE('',#6961,1.85);
#718=CIRCLE('',#6962,0.500000000000025);
#719=CIRCLE('',#6963,0.500000000000025);
#720=CIRCLE('',#6964,0.500000000000025);
#721=CIRCLE('',#6965,0.500000000000025);
#722=CIRCLE('',#6966,1.85);
#723=CIRCLE('',#6967,1.85);
#724=CIRCLE('',#6968,1.85);
#725=CIRCLE('',#6969,1.85);
#726=CIRCLE('',#6971,0.5);
#727=CIRCLE('',#6976,0.5);
#728=CIRCLE('',#6981,0.5);
#729=CIRCLE('',#6984,0.5);
#730=CIRCLE('',#6988,2.99999999999999);
#731=CIRCLE('',#6989,3.00000000000001);
#732=CIRCLE('',#6990,3.00000000000004);
#733=CIRCLE('',#6991,3.00000000000001);
#734=CIRCLE('',#6998,0.25);
#735=CIRCLE('',#6999,1.6);
#736=CIRCLE('',#7000,1.6);
#737=CIRCLE('',#7002,1.6);
#738=CIRCLE('',#7004,0.25);
#739=CIRCLE('',#7005,1.6);
#740=CIRCLE('',#7007,1.6);
#741=CIRCLE('',#7009,0.25);
#742=CIRCLE('',#7010,1.6);
#743=CIRCLE('',#7012,1.6);
#744=CIRCLE('',#7014,0.25);
#745=CIRCLE('',#7015,1.6);
#746=CIRCLE('',#7017,1.6);
#747=CIRCLE('',#7019,0.25);
#748=CIRCLE('',#7020,1.6);
#749=CIRCLE('',#7022,1.6);
#750=CIRCLE('',#7024,0.25);
#751=CIRCLE('',#7025,1.6);
#752=CIRCLE('',#7027,1.6);
#753=CIRCLE('',#7029,0.25);
#754=CIRCLE('',#7030,1.6);
#755=CIRCLE('',#7032,1.6);
#756=CIRCLE('',#7034,0.25);
#757=CIRCLE('',#7035,1.6);
#758=CIRCLE('',#7037,1.6);
#759=CIRCLE('',#7048,0.300000000000025);
#760=CIRCLE('',#7049,0.300000000000025);
#761=CIRCLE('',#7050,0.300000000000025);
#762=CIRCLE('',#7051,0.300000000000025);
#763=CIRCLE('',#7053,0.199999999999996);
#764=CIRCLE('',#7054,0.199999999999996);
#765=CIRCLE('',#7055,0.500000000000025);
#766=CIRCLE('',#7057,0.199999999999996);
#767=CIRCLE('',#7059,0.199999999999996);
#768=CIRCLE('',#7060,0.500000000000025);
#769=CIRCLE('',#7062,0.199999999999996);
#770=CIRCLE('',#7064,0.2);
#771=CIRCLE('',#7065,0.500000000000025);
#772=CIRCLE('',#7067,0.199999999999996);
#773=CIRCLE('',#7069,0.199999999999996);
#774=CIRCLE('',#7070,0.500000000000025);
#775=CIRCLE('',#7073,0.199999999999996);
#776=CIRCLE('',#7074,0.300000000000007);
#777=CIRCLE('',#7075,0.199999999999996);
#778=CIRCLE('',#7076,0.500000000000007);
#779=CIRCLE('',#7078,0.199999999999996);
#780=CIRCLE('',#7080,0.199999999999996);
#781=CIRCLE('',#7081,0.299999999999972);
#782=CIRCLE('',#7082,0.499999999999972);
#783=CIRCLE('',#7085,0.2);
#784=CIRCLE('',#7087,0.2);
#785=CIRCLE('',#7089,0.299999999999998);
#786=CIRCLE('',#7090,0.300000000000011);
#787=CIRCLE('',#7092,0.2);
#788=CIRCLE('',#7093,0.199999999999996);
#789=CIRCLE('',#7095,0.2);
#790=CIRCLE('',#7096,0.499999999999998);
#791=CIRCLE('',#7098,0.2);
#792=CIRCLE('',#7100,0.199999999999996);
#793=CIRCLE('',#7101,0.500000000000012);
#794=CIRCLE('',#7103,0.2);
#795=CIRCLE('',#7105,3.99999999999999);
#796=CIRCLE('',#7107,3.99999999999999);
#797=CIRCLE('',#7135,3.99999999999999);
#798=CIRCLE('',#7137,3.99999999999999);
#799=CIRCLE('',#7139,3.99999999999999);
#800=CIRCLE('',#7141,3.99999999999999);
#801=CIRCLE('',#7143,44.1321546016331);
#802=CIRCLE('',#7148,3.99999999999999);
#803=CIRCLE('',#7150,3.99999999999999);
#804=CIRCLE('',#7152,4.49999999999999);
#805=CIRCLE('',#7154,4.5);
#806=CIRCLE('',#7159,4.5);
#807=CIRCLE('',#7161,4.49999999999999);
#808=CYLINDRICAL_SURFACE('',#6937,0.299999999999976);
#809=CYLINDRICAL_SURFACE('',#6940,0.299999999999976);
#810=CYLINDRICAL_SURFACE('',#6970,0.5);
#811=CYLINDRICAL_SURFACE('',#6973,0.5);
#812=CYLINDRICAL_SURFACE('',#6975,0.5);
#813=CYLINDRICAL_SURFACE('',#6980,0.5);
#814=CYLINDRICAL_SURFACE('',#6983,0.5);
#815=CYLINDRICAL_SURFACE('',#6986,0.5);
#816=CYLINDRICAL_SURFACE('',#7001,1.6);
#817=CYLINDRICAL_SURFACE('',#7006,1.6);
#818=CYLINDRICAL_SURFACE('',#7011,1.6);
#819=CYLINDRICAL_SURFACE('',#7016,1.6);
#820=CYLINDRICAL_SURFACE('',#7021,1.6);
#821=CYLINDRICAL_SURFACE('',#7026,1.6);
#822=CYLINDRICAL_SURFACE('',#7031,1.6);
#823=CYLINDRICAL_SURFACE('',#7036,1.6);
#824=CYLINDRICAL_SURFACE('',#7056,0.2);
#825=CYLINDRICAL_SURFACE('',#7061,0.2);
#826=CYLINDRICAL_SURFACE('',#7066,0.2);
#827=CYLINDRICAL_SURFACE('',#7071,0.2);
#828=CYLINDRICAL_SURFACE('',#7077,0.2);
#829=CYLINDRICAL_SURFACE('',#7084,0.2);
#830=CYLINDRICAL_SURFACE('',#7086,0.2);
#831=CYLINDRICAL_SURFACE('',#7091,0.2);
#832=CYLINDRICAL_SURFACE('',#7097,0.2);
#833=CYLINDRICAL_SURFACE('',#7102,0.2);
#834=CYLINDRICAL_SURFACE('',#7108,0.500000000000025);
#835=CYLINDRICAL_SURFACE('',#7110,0.500000000000025);
#836=CYLINDRICAL_SURFACE('',#7112,0.500000000000025);
#837=CYLINDRICAL_SURFACE('',#7114,0.500000000000025);
#838=CYLINDRICAL_SURFACE('',#7116,3.00000000000001);
#839=CYLINDRICAL_SURFACE('',#7118,3.00000000000004);
#840=CYLINDRICAL_SURFACE('',#7120,0.500000000000007);
#841=CYLINDRICAL_SURFACE('',#7122,0.499999999999972);
#842=CYLINDRICAL_SURFACE('',#7125,3.00000000000001);
#843=CYLINDRICAL_SURFACE('',#7127,2.99999999999999);
#844=CYLINDRICAL_SURFACE('',#7130,0.499999999999998);
#845=CYLINDRICAL_SURFACE('',#7132,0.500000000000012);
#846=CYLINDRICAL_SURFACE('',#7138,3.99999999999999);
#847=CYLINDRICAL_SURFACE('',#7140,3.99999999999999);
#848=CYLINDRICAL_SURFACE('',#7145,3.00000000000005);
#849=CYLINDRICAL_SURFACE('',#7146,3.);
#850=CYLINDRICAL_SURFACE('',#7147,3.99999999999999);
#851=CYLINDRICAL_SURFACE('',#7149,3.99999999999999);
#852=CYLINDRICAL_SURFACE('',#7157,0.5);
#853=FACE_OUTER_BOUND('',#1233,.T.);
#854=FACE_OUTER_BOUND('',#1234,.T.);
#855=FACE_OUTER_BOUND('',#1235,.T.);
#856=FACE_OUTER_BOUND('',#1236,.T.);
#857=FACE_OUTER_BOUND('',#1237,.T.);
#858=FACE_OUTER_BOUND('',#1238,.T.);
#859=FACE_OUTER_BOUND('',#1239,.T.);
#860=FACE_OUTER_BOUND('',#1249,.T.);
#861=FACE_OUTER_BOUND('',#1250,.T.);
#862=FACE_OUTER_BOUND('',#1251,.T.);
#863=FACE_OUTER_BOUND('',#1252,.T.);
#864=FACE_OUTER_BOUND('',#1253,.T.);
#865=FACE_OUTER_BOUND('',#1254,.T.);
#866=FACE_OUTER_BOUND('',#1255,.T.);
#867=FACE_OUTER_BOUND('',#1256,.T.);
#868=FACE_OUTER_BOUND('',#1257,.T.);
#869=FACE_OUTER_BOUND('',#1258,.T.);
#870=FACE_OUTER_BOUND('',#1259,.T.);
#871=FACE_OUTER_BOUND('',#1260,.T.);
#872=FACE_OUTER_BOUND('',#1261,.T.);
#873=FACE_OUTER_BOUND('',#1262,.T.);
#874=FACE_OUTER_BOUND('',#1263,.T.);
#875=FACE_OUTER_BOUND('',#1264,.T.);
#876=FACE_OUTER_BOUND('',#1265,.T.);
#877=FACE_OUTER_BOUND('',#1266,.T.);
#878=FACE_OUTER_BOUND('',#1267,.T.);
#879=FACE_OUTER_BOUND('',#1268,.T.);
#880=FACE_OUTER_BOUND('',#1269,.T.);
#881=FACE_OUTER_BOUND('',#1270,.T.);
#882=FACE_OUTER_BOUND('',#1271,.T.);
#883=FACE_OUTER_BOUND('',#1272,.T.);
#884=FACE_OUTER_BOUND('',#1273,.T.);
#885=FACE_OUTER_BOUND('',#1274,.T.);
#886=FACE_OUTER_BOUND('',#1275,.T.);
#887=FACE_OUTER_BOUND('',#1276,.T.);
#888=FACE_OUTER_BOUND('',#1277,.T.);
#889=FACE_OUTER_BOUND('',#1278,.T.);
#890=FACE_OUTER_BOUND('',#1279,.T.);
#891=FACE_OUTER_BOUND('',#1280,.T.);
#892=FACE_OUTER_BOUND('',#1281,.T.);
#893=FACE_OUTER_BOUND('',#1282,.T.);
#894=FACE_OUTER_BOUND('',#1283,.T.);
#895=FACE_OUTER_BOUND('',#1284,.T.);
#896=FACE_OUTER_BOUND('',#1285,.T.);
#897=FACE_OUTER_BOUND('',#1286,.T.);
#898=FACE_OUTER_BOUND('',#1287,.T.);
#899=FACE_OUTER_BOUND('',#1288,.T.);
#900=FACE_OUTER_BOUND('',#1295,.T.);
#901=FACE_OUTER_BOUND('',#1296,.T.);
#902=FACE_OUTER_BOUND('',#1297,.T.);
#903=FACE_OUTER_BOUND('',#1298,.T.);
#904=FACE_OUTER_BOUND('',#1299,.T.);
#905=FACE_OUTER_BOUND('',#1300,.T.);
#906=FACE_OUTER_BOUND('',#1301,.T.);
#907=FACE_OUTER_BOUND('',#1302,.T.);
#908=FACE_OUTER_BOUND('',#1303,.T.);
#909=FACE_OUTER_BOUND('',#1304,.T.);
#910=FACE_OUTER_BOUND('',#1305,.T.);
#911=FACE_OUTER_BOUND('',#1306,.T.);
#912=FACE_OUTER_BOUND('',#1307,.T.);
#913=FACE_OUTER_BOUND('',#1308,.T.);
#914=FACE_OUTER_BOUND('',#1309,.T.);
#915=FACE_OUTER_BOUND('',#1310,.T.);
#916=FACE_OUTER_BOUND('',#1311,.T.);
#917=FACE_OUTER_BOUND('',#1312,.T.);
#918=FACE_OUTER_BOUND('',#1313,.T.);
#919=FACE_OUTER_BOUND('',#1314,.T.);
#920=FACE_OUTER_BOUND('',#1315,.T.);
#921=FACE_OUTER_BOUND('',#1316,.T.);
#922=FACE_OUTER_BOUND('',#1317,.T.);
#923=FACE_OUTER_BOUND('',#1318,.T.);
#924=FACE_OUTER_BOUND('',#1319,.T.);
#925=FACE_OUTER_BOUND('',#1320,.T.);
#926=FACE_OUTER_BOUND('',#1321,.T.);
#927=FACE_OUTER_BOUND('',#1322,.T.);
#928=FACE_OUTER_BOUND('',#1323,.T.);
#929=FACE_OUTER_BOUND('',#1324,.T.);
#930=FACE_OUTER_BOUND('',#1325,.T.);
#931=FACE_OUTER_BOUND('',#1326,.T.);
#932=FACE_OUTER_BOUND('',#1327,.T.);
#933=FACE_OUTER_BOUND('',#1328,.T.);
#934=FACE_OUTER_BOUND('',#1329,.T.);
#935=FACE_OUTER_BOUND('',#1330,.T.);
#936=FACE_OUTER_BOUND('',#1331,.T.);
#937=FACE_OUTER_BOUND('',#1332,.T.);
#938=FACE_OUTER_BOUND('',#1333,.T.);
#939=FACE_OUTER_BOUND('',#1334,.T.);
#940=FACE_OUTER_BOUND('',#1335,.T.);
#941=FACE_OUTER_BOUND('',#1336,.T.);
#942=FACE_OUTER_BOUND('',#1337,.T.);
#943=FACE_OUTER_BOUND('',#1338,.T.);
#944=FACE_OUTER_BOUND('',#1339,.T.);
#945=FACE_OUTER_BOUND('',#1340,.T.);
#946=FACE_OUTER_BOUND('',#1341,.T.);
#947=FACE_OUTER_BOUND('',#1342,.T.);
#948=FACE_OUTER_BOUND('',#1343,.T.);
#949=FACE_OUTER_BOUND('',#1344,.T.);
#950=FACE_OUTER_BOUND('',#1345,.T.);
#951=FACE_OUTER_BOUND('',#1346,.T.);
#952=FACE_OUTER_BOUND('',#1347,.T.);
#953=FACE_OUTER_BOUND('',#1348,.T.);
#954=FACE_OUTER_BOUND('',#1349,.T.);
#955=FACE_OUTER_BOUND('',#1350,.T.);
#956=FACE_OUTER_BOUND('',#1351,.T.);
#957=FACE_OUTER_BOUND('',#1352,.T.);
#958=FACE_OUTER_BOUND('',#1353,.T.);
#959=FACE_OUTER_BOUND('',#1354,.T.);
#960=FACE_OUTER_BOUND('',#1355,.T.);
#961=FACE_OUTER_BOUND('',#1356,.T.);
#962=FACE_OUTER_BOUND('',#1357,.T.);
#963=FACE_OUTER_BOUND('',#1358,.T.);
#964=FACE_OUTER_BOUND('',#1359,.T.);
#965=FACE_OUTER_BOUND('',#1360,.T.);
#966=FACE_OUTER_BOUND('',#1361,.T.);
#967=FACE_OUTER_BOUND('',#1362,.T.);
#968=FACE_OUTER_BOUND('',#1363,.T.);
#969=FACE_OUTER_BOUND('',#1364,.T.);
#970=FACE_OUTER_BOUND('',#1365,.T.);
#971=FACE_OUTER_BOUND('',#1366,.T.);
#972=FACE_OUTER_BOUND('',#1367,.T.);
#973=FACE_OUTER_BOUND('',#1373,.T.);
#974=FACE_OUTER_BOUND('',#1374,.T.);
#975=FACE_OUTER_BOUND('',#1375,.T.);
#976=FACE_OUTER_BOUND('',#1376,.T.);
#977=FACE_OUTER_BOUND('',#1377,.T.);
#978=FACE_OUTER_BOUND('',#1378,.T.);
#979=FACE_OUTER_BOUND('',#1379,.T.);
#980=FACE_OUTER_BOUND('',#1380,.T.);
#981=FACE_OUTER_BOUND('',#1381,.T.);
#982=FACE_OUTER_BOUND('',#1382,.T.);
#983=FACE_OUTER_BOUND('',#1383,.T.);
#984=FACE_OUTER_BOUND('',#1384,.T.);
#985=FACE_OUTER_BOUND('',#1385,.T.);
#986=FACE_OUTER_BOUND('',#1386,.T.);
#987=FACE_OUTER_BOUND('',#1387,.T.);
#988=FACE_OUTER_BOUND('',#1388,.T.);
#989=FACE_OUTER_BOUND('',#1389,.T.);
#990=FACE_OUTER_BOUND('',#1390,.T.);
#991=FACE_OUTER_BOUND('',#1391,.T.);
#992=FACE_OUTER_BOUND('',#1392,.T.);
#993=FACE_OUTER_BOUND('',#1393,.T.);
#994=FACE_OUTER_BOUND('',#1394,.T.);
#995=FACE_OUTER_BOUND('',#1395,.T.);
#996=FACE_OUTER_BOUND('',#1396,.T.);
#997=FACE_OUTER_BOUND('',#1397,.T.);
#998=FACE_OUTER_BOUND('',#1398,.T.);
#999=FACE_OUTER_BOUND('',#1399,.T.);
#1000=FACE_OUTER_BOUND('',#1400,.T.);
#1001=FACE_OUTER_BOUND('',#1401,.T.);
#1002=FACE_OUTER_BOUND('',#1402,.T.);
#1003=FACE_OUTER_BOUND('',#1403,.T.);
#1004=FACE_OUTER_BOUND('',#1404,.T.);
#1005=FACE_OUTER_BOUND('',#1405,.T.);
#1006=FACE_OUTER_BOUND('',#1406,.T.);
#1007=FACE_OUTER_BOUND('',#1407,.T.);
#1008=FACE_OUTER_BOUND('',#1408,.T.);
#1009=FACE_OUTER_BOUND('',#1409,.T.);
#1010=FACE_OUTER_BOUND('',#1410,.T.);
#1011=FACE_OUTER_BOUND('',#1411,.T.);
#1012=FACE_OUTER_BOUND('',#1412,.T.);
#1013=FACE_OUTER_BOUND('',#1413,.T.);
#1014=FACE_OUTER_BOUND('',#1414,.T.);
#1015=FACE_OUTER_BOUND('',#1415,.T.);
#1016=FACE_OUTER_BOUND('',#1416,.T.);
#1017=FACE_OUTER_BOUND('',#1417,.T.);
#1018=FACE_OUTER_BOUND('',#1418,.T.);
#1019=FACE_OUTER_BOUND('',#1419,.T.);
#1020=FACE_OUTER_BOUND('',#1420,.T.);
#1021=FACE_OUTER_BOUND('',#1421,.T.);
#1022=FACE_OUTER_BOUND('',#1422,.T.);
#1023=FACE_OUTER_BOUND('',#1423,.T.);
#1024=FACE_OUTER_BOUND('',#1424,.T.);
#1025=FACE_OUTER_BOUND('',#1425,.T.);
#1026=FACE_OUTER_BOUND('',#1426,.T.);
#1027=FACE_OUTER_BOUND('',#1427,.T.);
#1028=FACE_OUTER_BOUND('',#1428,.T.);
#1029=FACE_OUTER_BOUND('',#1429,.T.);
#1030=FACE_OUTER_BOUND('',#1430,.T.);
#1031=FACE_OUTER_BOUND('',#1431,.T.);
#1032=FACE_OUTER_BOUND('',#1432,.T.);
#1033=FACE_OUTER_BOUND('',#1433,.T.);
#1034=FACE_OUTER_BOUND('',#1434,.T.);
#1035=FACE_OUTER_BOUND('',#1435,.T.);
#1036=FACE_OUTER_BOUND('',#1436,.T.);
#1037=FACE_OUTER_BOUND('',#1437,.T.);
#1038=FACE_OUTER_BOUND('',#1438,.T.);
#1039=FACE_OUTER_BOUND('',#1439,.T.);
#1040=FACE_OUTER_BOUND('',#1440,.T.);
#1041=FACE_OUTER_BOUND('',#1441,.T.);
#1042=FACE_OUTER_BOUND('',#1442,.T.);
#1043=FACE_OUTER_BOUND('',#1443,.T.);
#1044=FACE_OUTER_BOUND('',#1444,.T.);
#1045=FACE_OUTER_BOUND('',#1445,.T.);
#1046=FACE_OUTER_BOUND('',#1446,.T.);
#1047=FACE_OUTER_BOUND('',#1447,.T.);
#1048=FACE_OUTER_BOUND('',#1448,.T.);
#1049=FACE_OUTER_BOUND('',#1449,.T.);
#1050=FACE_OUTER_BOUND('',#1450,.T.);
#1051=FACE_OUTER_BOUND('',#1451,.T.);
#1052=FACE_OUTER_BOUND('',#1452,.T.);
#1053=FACE_OUTER_BOUND('',#1453,.T.);
#1054=FACE_OUTER_BOUND('',#1454,.T.);
#1055=FACE_OUTER_BOUND('',#1455,.T.);
#1056=FACE_OUTER_BOUND('',#1456,.T.);
#1057=FACE_OUTER_BOUND('',#1457,.T.);
#1058=FACE_OUTER_BOUND('',#1458,.T.);
#1059=FACE_OUTER_BOUND('',#1459,.T.);
#1060=FACE_OUTER_BOUND('',#1460,.T.);
#1061=FACE_OUTER_BOUND('',#1461,.T.);
#1062=FACE_OUTER_BOUND('',#1462,.T.);
#1063=FACE_OUTER_BOUND('',#1463,.T.);
#1064=FACE_OUTER_BOUND('',#1464,.T.);
#1065=FACE_OUTER_BOUND('',#1465,.T.);
#1066=FACE_OUTER_BOUND('',#1466,.T.);
#1067=FACE_OUTER_BOUND('',#1467,.T.);
#1068=FACE_OUTER_BOUND('',#1468,.T.);
#1069=FACE_OUTER_BOUND('',#1469,.T.);
#1070=FACE_OUTER_BOUND('',#1470,.T.);
#1071=FACE_OUTER_BOUND('',#1471,.T.);
#1072=FACE_OUTER_BOUND('',#1472,.T.);
#1073=FACE_OUTER_BOUND('',#1473,.T.);
#1074=FACE_OUTER_BOUND('',#1474,.T.);
#1075=FACE_OUTER_BOUND('',#1475,.T.);
#1076=FACE_OUTER_BOUND('',#1476,.T.);
#1077=FACE_OUTER_BOUND('',#1477,.T.);
#1078=FACE_OUTER_BOUND('',#1478,.T.);
#1079=FACE_OUTER_BOUND('',#1479,.T.);
#1080=FACE_OUTER_BOUND('',#1480,.T.);
#1081=FACE_OUTER_BOUND('',#1481,.T.);
#1082=FACE_OUTER_BOUND('',#1482,.T.);
#1083=FACE_OUTER_BOUND('',#1483,.T.);
#1084=FACE_OUTER_BOUND('',#1484,.T.);
#1085=FACE_OUTER_BOUND('',#1485,.T.);
#1086=FACE_OUTER_BOUND('',#1486,.T.);
#1087=FACE_OUTER_BOUND('',#1487,.T.);
#1088=FACE_OUTER_BOUND('',#1488,.T.);
#1089=FACE_OUTER_BOUND('',#1489,.T.);
#1090=FACE_OUTER_BOUND('',#1490,.T.);
#1091=FACE_OUTER_BOUND('',#1491,.T.);
#1092=FACE_OUTER_BOUND('',#1492,.T.);
#1093=FACE_OUTER_BOUND('',#1493,.T.);
#1094=FACE_OUTER_BOUND('',#1494,.T.);
#1095=FACE_OUTER_BOUND('',#1495,.T.);
#1096=FACE_OUTER_BOUND('',#1496,.T.);
#1097=FACE_OUTER_BOUND('',#1497,.T.);
#1098=FACE_OUTER_BOUND('',#1498,.T.);
#1099=FACE_OUTER_BOUND('',#1499,.T.);
#1100=FACE_OUTER_BOUND('',#1500,.T.);
#1101=FACE_OUTER_BOUND('',#1501,.T.);
#1102=FACE_OUTER_BOUND('',#1502,.T.);
#1103=FACE_OUTER_BOUND('',#1503,.T.);
#1104=FACE_OUTER_BOUND('',#1504,.T.);
#1105=FACE_OUTER_BOUND('',#1505,.T.);
#1106=FACE_OUTER_BOUND('',#1506,.T.);
#1107=FACE_OUTER_BOUND('',#1507,.T.);
#1108=FACE_OUTER_BOUND('',#1508,.T.);
#1109=FACE_OUTER_BOUND('',#1509,.T.);
#1110=FACE_OUTER_BOUND('',#1510,.T.);
#1111=FACE_OUTER_BOUND('',#1511,.T.);
#1112=FACE_OUTER_BOUND('',#1512,.T.);
#1113=FACE_OUTER_BOUND('',#1513,.T.);
#1114=FACE_OUTER_BOUND('',#1514,.T.);
#1115=FACE_OUTER_BOUND('',#1515,.T.);
#1116=FACE_OUTER_BOUND('',#1516,.T.);
#1117=FACE_OUTER_BOUND('',#1517,.T.);
#1118=FACE_OUTER_BOUND('',#1518,.T.);
#1119=FACE_OUTER_BOUND('',#1519,.T.);
#1120=FACE_OUTER_BOUND('',#1520,.T.);
#1121=FACE_OUTER_BOUND('',#1521,.T.);
#1122=FACE_OUTER_BOUND('',#1522,.T.);
#1123=FACE_OUTER_BOUND('',#1523,.T.);
#1124=FACE_OUTER_BOUND('',#1524,.T.);
#1125=FACE_OUTER_BOUND('',#1525,.T.);
#1126=FACE_OUTER_BOUND('',#1526,.T.);
#1127=FACE_OUTER_BOUND('',#1527,.T.);
#1128=FACE_OUTER_BOUND('',#1528,.T.);
#1129=FACE_OUTER_BOUND('',#1529,.T.);
#1130=FACE_OUTER_BOUND('',#1530,.T.);
#1131=FACE_OUTER_BOUND('',#1531,.T.);
#1132=FACE_OUTER_BOUND('',#1532,.T.);
#1133=FACE_OUTER_BOUND('',#1533,.T.);
#1134=FACE_OUTER_BOUND('',#1534,.T.);
#1135=FACE_OUTER_BOUND('',#1535,.T.);
#1136=FACE_OUTER_BOUND('',#1536,.T.);
#1137=FACE_OUTER_BOUND('',#1537,.T.);
#1138=FACE_OUTER_BOUND('',#1538,.T.);
#1139=FACE_OUTER_BOUND('',#1539,.T.);
#1140=FACE_OUTER_BOUND('',#1540,.T.);
#1141=FACE_OUTER_BOUND('',#1541,.T.);
#1142=FACE_OUTER_BOUND('',#1542,.T.);
#1143=FACE_OUTER_BOUND('',#1543,.T.);
#1144=FACE_OUTER_BOUND('',#1544,.T.);
#1145=FACE_OUTER_BOUND('',#1545,.T.);
#1146=FACE_OUTER_BOUND('',#1546,.T.);
#1147=FACE_OUTER_BOUND('',#1547,.T.);
#1148=FACE_OUTER_BOUND('',#1548,.T.);
#1149=FACE_OUTER_BOUND('',#1549,.T.);
#1150=FACE_OUTER_BOUND('',#1550,.T.);
#1151=FACE_OUTER_BOUND('',#1551,.T.);
#1152=FACE_OUTER_BOUND('',#1552,.T.);
#1153=FACE_OUTER_BOUND('',#1553,.T.);
#1154=FACE_OUTER_BOUND('',#1554,.T.);
#1155=FACE_OUTER_BOUND('',#1555,.T.);
#1156=FACE_OUTER_BOUND('',#1556,.T.);
#1157=FACE_OUTER_BOUND('',#1557,.T.);
#1158=FACE_OUTER_BOUND('',#1558,.T.);
#1159=FACE_OUTER_BOUND('',#1559,.T.);
#1160=FACE_OUTER_BOUND('',#1560,.T.);
#1161=FACE_OUTER_BOUND('',#1561,.T.);
#1162=FACE_OUTER_BOUND('',#1562,.T.);
#1163=FACE_OUTER_BOUND('',#1563,.T.);
#1164=FACE_OUTER_BOUND('',#1564,.T.);
#1165=FACE_OUTER_BOUND('',#1565,.T.);
#1166=FACE_OUTER_BOUND('',#1566,.T.);
#1167=FACE_OUTER_BOUND('',#1567,.T.);
#1168=FACE_OUTER_BOUND('',#1568,.T.);
#1169=FACE_OUTER_BOUND('',#1569,.T.);
#1170=FACE_OUTER_BOUND('',#1570,.T.);
#1171=FACE_OUTER_BOUND('',#1571,.T.);
#1172=FACE_OUTER_BOUND('',#1572,.T.);
#1173=FACE_OUTER_BOUND('',#1573,.T.);
#1174=FACE_OUTER_BOUND('',#1574,.T.);
#1175=FACE_OUTER_BOUND('',#1575,.T.);
#1176=FACE_OUTER_BOUND('',#1576,.T.);
#1177=FACE_OUTER_BOUND('',#1577,.T.);
#1178=FACE_OUTER_BOUND('',#1578,.T.);
#1179=FACE_OUTER_BOUND('',#1579,.T.);
#1180=FACE_OUTER_BOUND('',#1580,.T.);
#1181=FACE_OUTER_BOUND('',#1581,.T.);
#1182=FACE_OUTER_BOUND('',#1582,.T.);
#1183=FACE_OUTER_BOUND('',#1583,.T.);
#1184=FACE_OUTER_BOUND('',#1584,.T.);
#1185=FACE_OUTER_BOUND('',#1585,.T.);
#1186=FACE_OUTER_BOUND('',#1586,.T.);
#1187=FACE_OUTER_BOUND('',#1587,.T.);
#1188=FACE_OUTER_BOUND('',#1588,.T.);
#1189=FACE_OUTER_BOUND('',#1589,.T.);
#1190=FACE_OUTER_BOUND('',#1590,.T.);
#1191=FACE_OUTER_BOUND('',#1591,.T.);
#1192=FACE_OUTER_BOUND('',#1592,.T.);
#1193=FACE_OUTER_BOUND('',#1593,.T.);
#1194=FACE_OUTER_BOUND('',#1594,.T.);
#1195=FACE_OUTER_BOUND('',#1595,.T.);
#1196=FACE_OUTER_BOUND('',#1596,.T.);
#1197=FACE_OUTER_BOUND('',#1597,.T.);
#1198=FACE_OUTER_BOUND('',#1598,.T.);
#1199=FACE_OUTER_BOUND('',#1599,.T.);
#1200=FACE_OUTER_BOUND('',#1600,.T.);
#1201=FACE_OUTER_BOUND('',#1601,.T.);
#1202=FACE_OUTER_BOUND('',#1602,.T.);
#1203=FACE_OUTER_BOUND('',#1603,.T.);
#1204=FACE_OUTER_BOUND('',#1604,.T.);
#1205=FACE_OUTER_BOUND('',#1605,.T.);
#1206=FACE_OUTER_BOUND('',#1606,.T.);
#1207=FACE_OUTER_BOUND('',#1607,.T.);
#1208=FACE_OUTER_BOUND('',#1608,.T.);
#1209=FACE_OUTER_BOUND('',#1609,.T.);
#1210=FACE_OUTER_BOUND('',#1610,.T.);
#1211=FACE_OUTER_BOUND('',#1611,.T.);
#1212=FACE_OUTER_BOUND('',#1612,.T.);
#1213=FACE_OUTER_BOUND('',#1613,.T.);
#1214=FACE_OUTER_BOUND('',#1614,.T.);
#1215=FACE_OUTER_BOUND('',#1615,.T.);
#1216=FACE_OUTER_BOUND('',#1616,.T.);
#1217=FACE_OUTER_BOUND('',#1617,.T.);
#1218=FACE_OUTER_BOUND('',#1618,.T.);
#1219=FACE_OUTER_BOUND('',#1619,.T.);
#1220=FACE_OUTER_BOUND('',#1620,.T.);
#1221=FACE_OUTER_BOUND('',#1621,.T.);
#1222=FACE_OUTER_BOUND('',#1622,.T.);
#1223=FACE_OUTER_BOUND('',#1623,.T.);
#1224=FACE_OUTER_BOUND('',#1624,.T.);
#1225=FACE_OUTER_BOUND('',#1625,.T.);
#1226=FACE_OUTER_BOUND('',#1626,.T.);
#1227=FACE_OUTER_BOUND('',#1627,.T.);
#1228=FACE_OUTER_BOUND('',#1628,.T.);
#1229=FACE_OUTER_BOUND('',#1629,.T.);
#1230=FACE_OUTER_BOUND('',#1630,.T.);
#1231=FACE_OUTER_BOUND('',#1631,.T.);
#1232=FACE_OUTER_BOUND('',#1632,.T.);
#1233=EDGE_LOOP('',(#4357,#4358,#4359,#4360));
#1234=EDGE_LOOP('',(#4361,#4362,#4363,#4364));
#1235=EDGE_LOOP('',(#4365,#4366,#4367,#4368));
#1236=EDGE_LOOP('',(#4369,#4370,#4371,#4372));
#1237=EDGE_LOOP('',(#4373,#4374,#4375,#4376,#4377,#4378));
#1238=EDGE_LOOP('',(#4379,#4380,#4381,#4382,#4383,#4384,#4385,#4386));
#1239=EDGE_LOOP('',(#4387,#4388,#4389,#4390,#4391,#4392,#4393,#4394,#4395,
#4396,#4397,#4398,#4399,#4400,#4401,#4402,#4403,#4404,#4405,#4406,#4407,
#4408,#4409,#4410,#4411,#4412,#4413,#4414,#4415,#4416,#4417,#4418,#4419,
#4420,#4421));
#1240=EDGE_LOOP('',(#4422));
#1241=EDGE_LOOP('',(#4423));
#1242=EDGE_LOOP('',(#4424));
#1243=EDGE_LOOP('',(#4425));
#1244=EDGE_LOOP('',(#4426,#4427,#4428,#4429,#4430,#4431,#4432,#4433));
#1245=EDGE_LOOP('',(#4434));
#1246=EDGE_LOOP('',(#4435));
#1247=EDGE_LOOP('',(#4436));
#1248=EDGE_LOOP('',(#4437));
#1249=EDGE_LOOP('',(#4438,#4439,#4440,#4441));
#1250=EDGE_LOOP('',(#4442,#4443,#4444,#4445));
#1251=EDGE_LOOP('',(#4446,#4447,#4448,#4449));
#1252=EDGE_LOOP('',(#4450,#4451,#4452,#4453));
#1253=EDGE_LOOP('',(#4454,#4455,#4456,#4457));
#1254=EDGE_LOOP('',(#4458,#4459,#4460,#4461));
#1255=EDGE_LOOP('',(#4462,#4463,#4464,#4465));
#1256=EDGE_LOOP('',(#4466,#4467,#4468,#4469));
#1257=EDGE_LOOP('',(#4470,#4471,#4472,#4473));
#1258=EDGE_LOOP('',(#4474,#4475,#4476,#4477,#4478,#4479,#4480,#4481,#4482,
#4483,#4484,#4485,#4486,#4487,#4488,#4489));
#1259=EDGE_LOOP('',(#4490,#4491,#4492,#4493));
#1260=EDGE_LOOP('',(#4494,#4495,#4496,#4497));
#1261=EDGE_LOOP('',(#4498,#4499,#4500,#4501));
#1262=EDGE_LOOP('',(#4502,#4503,#4504,#4505));
#1263=EDGE_LOOP('',(#4506,#4507,#4508,#4509));
#1264=EDGE_LOOP('',(#4510,#4511,#4512,#4513,#4514));
#1265=EDGE_LOOP('',(#4515,#4516,#4517,#4518,#4519));
#1266=EDGE_LOOP('',(#4520,#4521,#4522,#4523));
#1267=EDGE_LOOP('',(#4524,#4525,#4526,#4527));
#1268=EDGE_LOOP('',(#4528,#4529,#4530,#4531));
#1269=EDGE_LOOP('',(#4532,#4533,#4534,#4535));
#1270=EDGE_LOOP('',(#4536,#4537,#4538,#4539));
#1271=EDGE_LOOP('',(#4540,#4541,#4542,#4543));
#1272=EDGE_LOOP('',(#4544,#4545,#4546,#4547));
#1273=EDGE_LOOP('',(#4548,#4549,#4550,#4551));
#1274=EDGE_LOOP('',(#4552,#4553,#4554,#4555));
#1275=EDGE_LOOP('',(#4556,#4557,#4558,#4559));
#1276=EDGE_LOOP('',(#4560,#4561,#4562,#4563));
#1277=EDGE_LOOP('',(#4564,#4565,#4566,#4567));
#1278=EDGE_LOOP('',(#4568,#4569,#4570,#4571));
#1279=EDGE_LOOP('',(#4572,#4573,#4574,#4575));
#1280=EDGE_LOOP('',(#4576));
#1281=EDGE_LOOP('',(#4577));
#1282=EDGE_LOOP('',(#4578));
#1283=EDGE_LOOP('',(#4579));
#1284=EDGE_LOOP('',(#4580));
#1285=EDGE_LOOP('',(#4581));
#1286=EDGE_LOOP('',(#4582));
#1287=EDGE_LOOP('',(#4583));
#1288=EDGE_LOOP('',(#4584,#4585,#4586,#4587,#4588,#4589,#4590,#4591,#4592,
#4593,#4594,#4595,#4596,#4597,#4598,#4599,#4600,#4601,#4602,#4603,#4604,
#4605,#4606,#4607,#4608,#4609,#4610,#4611,#4612,#4613,#4614,#4615,#4616,
#4617,#4618,#4619,#4620,#4621,#4622,#4623,#4624,#4625,#4626,#4627,#4628,
#4629,#4630,#4631,#4632,#4633,#4634,#4635,#4636,#4637,#4638,#4639,#4640,
#4641,#4642,#4643,#4644,#4645,#4646,#4647,#4648,#4649,#4650,#4651,#4652,
#4653,#4654,#4655,#4656,#4657,#4658,#4659,#4660,#4661,#4662,#4663,#4664,
#4665,#4666,#4667,#4668,#4669,#4670,#4671,#4672,#4673,#4674,#4675,#4676,
#4677,#4678,#4679,#4680,#4681,#4682,#4683,#4684,#4685,#4686,#4687,#4688,
#4689,#4690,#4691,#4692,#4693,#4694,#4695,#4696,#4697,#4698,#4699,#4700,
#4701,#4702,#4703,#4704,#4705,#4706,#4707,#4708,#4709,#4710,#4711,#4712,
#4713,#4714,#4715,#4716,#4717,#4718,#4719,#4720,#4721,#4722,#4723,#4724,
#4725,#4726,#4727,#4728,#4729,#4730,#4731,#4732,#4733,#4734,#4735,#4736,
#4737,#4738,#4739,#4740,#4741,#4742,#4743,#4744,#4745,#4746,#4747,#4748,
#4749,#4750,#4751,#4752,#4753,#4754,#4755));
#1289=EDGE_LOOP('',(#4756,#4757,#4758,#4759,#4760,#4761,#4762,#4763,#4764,
#4765,#4766));
#1290=EDGE_LOOP('',(#4767,#4768,#4769,#4770,#4771,#4772,#4773,#4774,#4775,
#4776));
#1291=EDGE_LOOP('',(#4777,#4778,#4779,#4780,#4781,#4782,#4783,#4784,#4785,
#4786,#4787,#4788,#4789,#4790,#4791,#4792,#4793,#4794,#4795));
#1292=EDGE_LOOP('',(#4796,#4797,#4798,#4799,#4800,#4801,#4802,#4803,#4804,
#4805,#4806));
#1293=EDGE_LOOP('',(#4807,#4808,#4809,#4810,#4811,#4812,#4813,#4814,#4815,
#4816,#4817,#4818,#4819,#4820,#4821,#4822,#4823,#4824,#4825,#4826));
#1294=EDGE_LOOP('',(#4827,#4828,#4829,#4830,#4831,#4832,#4833,#4834,#4835,
#4836,#4837));
#1295=EDGE_LOOP('',(#4838,#4839,#4840,#4841,#4842,#4843,#4844,#4845));
#1296=EDGE_LOOP('',(#4846,#4847,#4848,#4849));
#1297=EDGE_LOOP('',(#4850,#4851,#4852,#4853));
#1298=EDGE_LOOP('',(#4854,#4855,#4856,#4857));
#1299=EDGE_LOOP('',(#4858,#4859,#4860,#4861));
#1300=EDGE_LOOP('',(#4862,#4863,#4864,#4865));
#1301=EDGE_LOOP('',(#4866,#4867,#4868,#4869));
#1302=EDGE_LOOP('',(#4870,#4871,#4872,#4873));
#1303=EDGE_LOOP('',(#4874,#4875,#4876,#4877));
#1304=EDGE_LOOP('',(#4878,#4879,#4880,#4881));
#1305=EDGE_LOOP('',(#4882,#4883,#4884,#4885));
#1306=EDGE_LOOP('',(#4886,#4887,#4888,#4889));
#1307=EDGE_LOOP('',(#4890,#4891,#4892,#4893,#4894,#4895));
#1308=EDGE_LOOP('',(#4896,#4897,#4898,#4899));
#1309=EDGE_LOOP('',(#4900,#4901,#4902,#4903));
#1310=EDGE_LOOP('',(#4904,#4905,#4906,#4907,#4908,#4909));
#1311=EDGE_LOOP('',(#4910,#4911,#4912,#4913));
#1312=EDGE_LOOP('',(#4914,#4915,#4916,#4917));
#1313=EDGE_LOOP('',(#4918,#4919,#4920,#4921));
#1314=EDGE_LOOP('',(#4922,#4923,#4924,#4925));
#1315=EDGE_LOOP('',(#4926,#4927,#4928,#4929));
#1316=EDGE_LOOP('',(#4930));
#1317=EDGE_LOOP('',(#4931));
#1318=EDGE_LOOP('',(#4932,#4933,#4934,#4935));
#1319=EDGE_LOOP('',(#4936,#4937,#4938,#4939));
#1320=EDGE_LOOP('',(#4940,#4941,#4942,#4943));
#1321=EDGE_LOOP('',(#4944,#4945,#4946,#4947));
#1322=EDGE_LOOP('',(#4948,#4949,#4950,#4951));
#1323=EDGE_LOOP('',(#4952,#4953,#4954,#4955));
#1324=EDGE_LOOP('',(#4956,#4957,#4958,#4959));
#1325=EDGE_LOOP('',(#4960,#4961,#4962,#4963));
#1326=EDGE_LOOP('',(#4964,#4965,#4966,#4967));
#1327=EDGE_LOOP('',(#4968,#4969,#4970,#4971));
#1328=EDGE_LOOP('',(#4972,#4973,#4974,#4975));
#1329=EDGE_LOOP('',(#4976,#4977,#4978,#4979));
#1330=EDGE_LOOP('',(#4980,#4981,#4982,#4983));
#1331=EDGE_LOOP('',(#4984,#4985,#4986,#4987));
#1332=EDGE_LOOP('',(#4988,#4989,#4990,#4991));
#1333=EDGE_LOOP('',(#4992,#4993,#4994,#4995));
#1334=EDGE_LOOP('',(#4996,#4997,#4998,#4999,#5000,#5001,#5002,#5003,#5004,
#5005));
#1335=EDGE_LOOP('',(#5006,#5007,#5008,#5009));
#1336=EDGE_LOOP('',(#5010,#5011,#5012,#5013,#5014,#5015,#5016,#5017,#5018,
#5019,#5020,#5021,#5022,#5023,#5024,#5025,#5026,#5027,#5028,#5029));
#1337=EDGE_LOOP('',(#5030,#5031,#5032,#5033));
#1338=EDGE_LOOP('',(#5034,#5035,#5036,#5037,#5038,#5039,#5040,#5041,#5042,
#5043));
#1339=EDGE_LOOP('',(#5044,#5045,#5046,#5047));
#1340=EDGE_LOOP('',(#5048,#5049,#5050,#5051));
#1341=EDGE_LOOP('',(#5052,#5053,#5054,#5055));
#1342=EDGE_LOOP('',(#5056,#5057,#5058,#5059));
#1343=EDGE_LOOP('',(#5060,#5061,#5062,#5063));
#1344=EDGE_LOOP('',(#5064));
#1345=EDGE_LOOP('',(#5065));
#1346=EDGE_LOOP('',(#5066,#5067,#5068,#5069));
#1347=EDGE_LOOP('',(#5070,#5071,#5072,#5073));
#1348=EDGE_LOOP('',(#5074,#5075,#5076,#5077));
#1349=EDGE_LOOP('',(#5078,#5079,#5080,#5081));
#1350=EDGE_LOOP('',(#5082,#5083,#5084,#5085));
#1351=EDGE_LOOP('',(#5086,#5087,#5088,#5089));
#1352=EDGE_LOOP('',(#5090,#5091,#5092,#5093));
#1353=EDGE_LOOP('',(#5094,#5095,#5096,#5097,#5098));
#1354=EDGE_LOOP('',(#5099,#5100,#5101,#5102,#5103));
#1355=EDGE_LOOP('',(#5104,#5105,#5106,#5107));
#1356=EDGE_LOOP('',(#5108,#5109,#5110,#5111));
#1357=EDGE_LOOP('',(#5112,#5113,#5114,#5115));
#1358=EDGE_LOOP('',(#5116,#5117,#5118,#5119));
#1359=EDGE_LOOP('',(#5120,#5121,#5122,#5123,#5124,#5125));
#1360=EDGE_LOOP('',(#5126,#5127,#5128,#5129));
#1361=EDGE_LOOP('',(#5130,#5131,#5132,#5133,#5134,#5135));
#1362=EDGE_LOOP('',(#5136,#5137,#5138,#5139));
#1363=EDGE_LOOP('',(#5140,#5141,#5142,#5143,#5144));
#1364=EDGE_LOOP('',(#5145,#5146,#5147,#5148,#5149,#5150));
#1365=EDGE_LOOP('',(#5151,#5152,#5153,#5154));
#1366=EDGE_LOOP('',(#5155,#5156,#5157,#5158));
#1367=EDGE_LOOP('',(#5159,#5160,#5161,#5162,#5163,#5164));
#1368=EDGE_LOOP('',(#5165,#5166,#5167,#5168,#5169,#5170,#5171,#5172,#5173,
#5174,#5175,#5176,#5177,#5178,#5179,#5180,#5181,#5182,#5183,#5184,#5185,
#5186,#5187,#5188,#5189,#5190,#5191,#5192,#5193,#5194,#5195,#5196,#5197,
#5198,#5199,#5200,#5201,#5202,#5203,#5204,#5205,#5206,#5207,#5208,#5209,
#5210,#5211,#5212,#5213,#5214,#5215,#5216,#5217,#5218,#5219,#5220,#5221,
#5222,#5223,#5224,#5225,#5226,#5227,#5228,#5229,#5230,#5231,#5232,#5233,
#5234,#5235,#5236,#5237,#5238,#5239,#5240,#5241,#5242,#5243,#5244,#5245,
#5246,#5247,#5248,#5249,#5250,#5251,#5252,#5253,#5254,#5255,#5256,#5257,
#5258,#5259,#5260,#5261,#5262,#5263,#5264,#5265,#5266,#5267,#5268,#5269,
#5270,#5271,#5272,#5273,#5274,#5275,#5276,#5277,#5278,#5279,#5280,#5281,
#5282,#5283,#5284,#5285,#5286,#5287,#5288,#5289,#5290,#5291,#5292,#5293,
#5294,#5295,#5296,#5297,#5298,#5299,#5300,#5301,#5302,#5303,#5304,#5305,
#5306,#5307,#5308,#5309,#5310,#5311,#5312,#5313,#5314,#5315,#5316,#5317,
#5318,#5319,#5320,#5321,#5322,#5323,#5324,#5325,#5326,#5327,#5328,#5329,
#5330,#5331,#5332,#5333,#5334,#5335,#5336));
#1369=EDGE_LOOP('',(#5337));
#1370=EDGE_LOOP('',(#5338));
#1371=EDGE_LOOP('',(#5339));
#1372=EDGE_LOOP('',(#5340));
#1373=EDGE_LOOP('',(#5341,#5342,#5343,#5344,#5345,#5346,#5347,#5348,#5349,
#5350,#5351));
#1374=EDGE_LOOP('',(#5352,#5353,#5354,#5355,#5356,#5357,#5358,#5359,#5360,
#5361,#5362,#5363,#5364,#5365,#5366,#5367,#5368,#5369,#5370,#5371));
#1375=EDGE_LOOP('',(#5372,#5373,#5374,#5375,#5376,#5377,#5378,#5379,#5380,
#5381,#5382));
#1376=EDGE_LOOP('',(#5383,#5384,#5385,#5386,#5387,#5388,#5389,#5390,#5391,
#5392,#5393,#5394,#5395,#5396,#5397,#5398,#5399,#5400,#5401));
#1377=EDGE_LOOP('',(#5402,#5403,#5404,#5405,#5406,#5407,#5408,#5409,#5410,
#5411));
#1378=EDGE_LOOP('',(#5412,#5413,#5414,#5415,#5416,#5417,#5418,#5419,#5420,
#5421,#5422));
#1379=EDGE_LOOP('',(#5423,#5424,#5425,#5426));
#1380=EDGE_LOOP('',(#5427,#5428,#5429,#5430));
#1381=EDGE_LOOP('',(#5431,#5432,#5433,#5434));
#1382=EDGE_LOOP('',(#5435,#5436,#5437,#5438));
#1383=EDGE_LOOP('',(#5439,#5440,#5441,#5442));
#1384=EDGE_LOOP('',(#5443,#5444,#5445,#5446));
#1385=EDGE_LOOP('',(#5447,#5448,#5449,#5450));
#1386=EDGE_LOOP('',(#5451,#5452,#5453,#5454));
#1387=EDGE_LOOP('',(#5455,#5456,#5457,#5458));
#1388=EDGE_LOOP('',(#5459,#5460,#5461,#5462));
#1389=EDGE_LOOP('',(#5463,#5464,#5465,#5466));
#1390=EDGE_LOOP('',(#5467,#5468,#5469,#5470));
#1391=EDGE_LOOP('',(#5471,#5472,#5473,#5474));
#1392=EDGE_LOOP('',(#5475,#5476,#5477,#5478));
#1393=EDGE_LOOP('',(#5479,#5480,#5481,#5482));
#1394=EDGE_LOOP('',(#5483,#5484,#5485,#5486));
#1395=EDGE_LOOP('',(#5487,#5488,#5489,#5490));
#1396=EDGE_LOOP('',(#5491,#5492,#5493,#5494));
#1397=EDGE_LOOP('',(#5495,#5496,#5497,#5498));
#1398=EDGE_LOOP('',(#5499,#5500,#5501,#5502));
#1399=EDGE_LOOP('',(#5503,#5504,#5505,#5506));
#1400=EDGE_LOOP('',(#5507,#5508,#5509,#5510));
#1401=EDGE_LOOP('',(#5511,#5512,#5513,#5514));
#1402=EDGE_LOOP('',(#5515,#5516,#5517,#5518));
#1403=EDGE_LOOP('',(#5519,#5520,#5521,#5522));
#1404=EDGE_LOOP('',(#5523,#5524,#5525,#5526));
#1405=EDGE_LOOP('',(#5527,#5528,#5529,#5530));
#1406=EDGE_LOOP('',(#5531,#5532,#5533,#5534));
#1407=EDGE_LOOP('',(#5535,#5536,#5537,#5538));
#1408=EDGE_LOOP('',(#5539,#5540,#5541,#5542));
#1409=EDGE_LOOP('',(#5543,#5544,#5545,#5546));
#1410=EDGE_LOOP('',(#5547,#5548,#5549,#5550));
#1411=EDGE_LOOP('',(#5551,#5552,#5553,#5554));
#1412=EDGE_LOOP('',(#5555,#5556,#5557,#5558));
#1413=EDGE_LOOP('',(#5559,#5560,#5561,#5562));
#1414=EDGE_LOOP('',(#5563,#5564,#5565,#5566));
#1415=EDGE_LOOP('',(#5567,#5568,#5569,#5570));
#1416=EDGE_LOOP('',(#5571,#5572,#5573,#5574));
#1417=EDGE_LOOP('',(#5575,#5576,#5577,#5578));
#1418=EDGE_LOOP('',(#5579,#5580,#5581,#5582));
#1419=EDGE_LOOP('',(#5583,#5584,#5585,#5586));
#1420=EDGE_LOOP('',(#5587,#5588,#5589,#5590));
#1421=EDGE_LOOP('',(#5591,#5592,#5593,#5594));
#1422=EDGE_LOOP('',(#5595,#5596,#5597,#5598));
#1423=EDGE_LOOP('',(#5599,#5600,#5601,#5602));
#1424=EDGE_LOOP('',(#5603,#5604,#5605,#5606));
#1425=EDGE_LOOP('',(#5607,#5608,#5609,#5610));
#1426=EDGE_LOOP('',(#5611,#5612,#5613,#5614));
#1427=EDGE_LOOP('',(#5615,#5616,#5617,#5618));
#1428=EDGE_LOOP('',(#5619,#5620,#5621,#5622));
#1429=EDGE_LOOP('',(#5623,#5624,#5625,#5626));
#1430=EDGE_LOOP('',(#5627,#5628,#5629,#5630));
#1431=EDGE_LOOP('',(#5631,#5632,#5633,#5634));
#1432=EDGE_LOOP('',(#5635,#5636,#5637,#5638));
#1433=EDGE_LOOP('',(#5639,#5640,#5641,#5642));
#1434=EDGE_LOOP('',(#5643,#5644,#5645,#5646));
#1435=EDGE_LOOP('',(#5647,#5648,#5649,#5650));
#1436=EDGE_LOOP('',(#5651,#5652,#5653,#5654));
#1437=EDGE_LOOP('',(#5655,#5656,#5657,#5658));
#1438=EDGE_LOOP('',(#5659,#5660,#5661,#5662));
#1439=EDGE_LOOP('',(#5663,#5664,#5665,#5666));
#1440=EDGE_LOOP('',(#5667,#5668,#5669,#5670));
#1441=EDGE_LOOP('',(#5671,#5672,#5673,#5674));
#1442=EDGE_LOOP('',(#5675,#5676,#5677,#5678));
#1443=EDGE_LOOP('',(#5679,#5680,#5681,#5682));
#1444=EDGE_LOOP('',(#5683,#5684,#5685,#5686));
#1445=EDGE_LOOP('',(#5687,#5688,#5689,#5690));
#1446=EDGE_LOOP('',(#5691,#5692,#5693,#5694));
#1447=EDGE_LOOP('',(#5695,#5696,#5697,#5698));
#1448=EDGE_LOOP('',(#5699,#5700,#5701,#5702));
#1449=EDGE_LOOP('',(#5703,#5704,#5705,#5706));
#1450=EDGE_LOOP('',(#5707,#5708,#5709,#5710));
#1451=EDGE_LOOP('',(#5711,#5712,#5713,#5714));
#1452=EDGE_LOOP('',(#5715,#5716,#5717,#5718));
#1453=EDGE_LOOP('',(#5719,#5720,#5721,#5722));
#1454=EDGE_LOOP('',(#5723,#5724,#5725,#5726));
#1455=EDGE_LOOP('',(#5727,#5728,#5729,#5730));
#1456=EDGE_LOOP('',(#5731,#5732,#5733,#5734));
#1457=EDGE_LOOP('',(#5735,#5736,#5737,#5738));
#1458=EDGE_LOOP('',(#5739,#5740,#5741,#5742));
#1459=EDGE_LOOP('',(#5743,#5744,#5745,#5746));
#1460=EDGE_LOOP('',(#5747,#5748,#5749,#5750));
#1461=EDGE_LOOP('',(#5751,#5752,#5753,#5754));
#1462=EDGE_LOOP('',(#5755,#5756,#5757,#5758));
#1463=EDGE_LOOP('',(#5759,#5760,#5761,#5762));
#1464=EDGE_LOOP('',(#5763,#5764,#5765,#5766));
#1465=EDGE_LOOP('',(#5767,#5768,#5769,#5770));
#1466=EDGE_LOOP('',(#5771,#5772,#5773,#5774));
#1467=EDGE_LOOP('',(#5775,#5776,#5777,#5778));
#1468=EDGE_LOOP('',(#5779,#5780,#5781,#5782));
#1469=EDGE_LOOP('',(#5783,#5784,#5785,#5786));
#1470=EDGE_LOOP('',(#5787,#5788,#5789,#5790));
#1471=EDGE_LOOP('',(#5791,#5792,#5793,#5794));
#1472=EDGE_LOOP('',(#5795,#5796,#5797,#5798));
#1473=EDGE_LOOP('',(#5799,#5800,#5801,#5802));
#1474=EDGE_LOOP('',(#5803,#5804,#5805,#5806));
#1475=EDGE_LOOP('',(#5807,#5808,#5809,#5810));
#1476=EDGE_LOOP('',(#5811,#5812,#5813,#5814));
#1477=EDGE_LOOP('',(#5815,#5816,#5817,#5818));
#1478=EDGE_LOOP('',(#5819,#5820,#5821,#5822));
#1479=EDGE_LOOP('',(#5823,#5824,#5825,#5826));
#1480=EDGE_LOOP('',(#5827,#5828,#5829,#5830));
#1481=EDGE_LOOP('',(#5831,#5832,#5833,#5834));
#1482=EDGE_LOOP('',(#5835,#5836,#5837,#5838));
#1483=EDGE_LOOP('',(#5839,#5840,#5841,#5842));
#1484=EDGE_LOOP('',(#5843,#5844,#5845,#5846));
#1485=EDGE_LOOP('',(#5847,#5848,#5849,#5850));
#1486=EDGE_LOOP('',(#5851,#5852,#5853,#5854));
#1487=EDGE_LOOP('',(#5855,#5856,#5857,#5858));
#1488=EDGE_LOOP('',(#5859,#5860,#5861,#5862));
#1489=EDGE_LOOP('',(#5863,#5864,#5865,#5866));
#1490=EDGE_LOOP('',(#5867,#5868,#5869,#5870));
#1491=EDGE_LOOP('',(#5871,#5872,#5873,#5874));
#1492=EDGE_LOOP('',(#5875,#5876,#5877,#5878));
#1493=EDGE_LOOP('',(#5879,#5880,#5881,#5882));
#1494=EDGE_LOOP('',(#5883,#5884,#5885,#5886));
#1495=EDGE_LOOP('',(#5887,#5888,#5889,#5890));
#1496=EDGE_LOOP('',(#5891,#5892,#5893,#5894));
#1497=EDGE_LOOP('',(#5895,#5896,#5897,#5898));
#1498=EDGE_LOOP('',(#5899,#5900,#5901,#5902));
#1499=EDGE_LOOP('',(#5903,#5904,#5905,#5906));
#1500=EDGE_LOOP('',(#5907,#5908,#5909,#5910));
#1501=EDGE_LOOP('',(#5911,#5912,#5913,#5914));
#1502=EDGE_LOOP('',(#5915,#5916,#5917,#5918));
#1503=EDGE_LOOP('',(#5919,#5920,#5921,#5922));
#1504=EDGE_LOOP('',(#5923,#5924,#5925,#5926));
#1505=EDGE_LOOP('',(#5927,#5928,#5929,#5930));
#1506=EDGE_LOOP('',(#5931,#5932,#5933,#5934));
#1507=EDGE_LOOP('',(#5935,#5936,#5937,#5938));
#1508=EDGE_LOOP('',(#5939,#5940,#5941,#5942));
#1509=EDGE_LOOP('',(#5943,#5944,#5945,#5946));
#1510=EDGE_LOOP('',(#5947,#5948,#5949,#5950));
#1511=EDGE_LOOP('',(#5951,#5952,#5953,#5954));
#1512=EDGE_LOOP('',(#5955,#5956,#5957,#5958));
#1513=EDGE_LOOP('',(#5959,#5960,#5961,#5962));
#1514=EDGE_LOOP('',(#5963,#5964,#5965,#5966));
#1515=EDGE_LOOP('',(#5967,#5968,#5969,#5970));
#1516=EDGE_LOOP('',(#5971,#5972,#5973,#5974));
#1517=EDGE_LOOP('',(#5975,#5976,#5977,#5978));
#1518=EDGE_LOOP('',(#5979,#5980,#5981,#5982));
#1519=EDGE_LOOP('',(#5983,#5984,#5985,#5986));
#1520=EDGE_LOOP('',(#5987,#5988,#5989,#5990));
#1521=EDGE_LOOP('',(#5991,#5992,#5993,#5994));
#1522=EDGE_LOOP('',(#5995,#5996,#5997,#5998));
#1523=EDGE_LOOP('',(#5999,#6000,#6001,#6002));
#1524=EDGE_LOOP('',(#6003,#6004,#6005,#6006));
#1525=EDGE_LOOP('',(#6007,#6008,#6009,#6010));
#1526=EDGE_LOOP('',(#6011,#6012,#6013,#6014));
#1527=EDGE_LOOP('',(#6015,#6016,#6017,#6018));
#1528=EDGE_LOOP('',(#6019,#6020,#6021,#6022));
#1529=EDGE_LOOP('',(#6023,#6024,#6025,#6026));
#1530=EDGE_LOOP('',(#6027,#6028,#6029,#6030));
#1531=EDGE_LOOP('',(#6031,#6032,#6033,#6034));
#1532=EDGE_LOOP('',(#6035,#6036,#6037,#6038));
#1533=EDGE_LOOP('',(#6039,#6040,#6041,#6042));
#1534=EDGE_LOOP('',(#6043,#6044,#6045,#6046));
#1535=EDGE_LOOP('',(#6047,#6048,#6049,#6050));
#1536=EDGE_LOOP('',(#6051,#6052,#6053,#6054));
#1537=EDGE_LOOP('',(#6055,#6056,#6057,#6058));
#1538=EDGE_LOOP('',(#6059,#6060,#6061,#6062));
#1539=EDGE_LOOP('',(#6063,#6064,#6065,#6066));
#1540=EDGE_LOOP('',(#6067,#6068,#6069,#6070));
#1541=EDGE_LOOP('',(#6071,#6072,#6073,#6074));
#1542=EDGE_LOOP('',(#6075,#6076,#6077,#6078));
#1543=EDGE_LOOP('',(#6079,#6080,#6081,#6082));
#1544=EDGE_LOOP('',(#6083,#6084,#6085,#6086));
#1545=EDGE_LOOP('',(#6087,#6088,#6089,#6090));
#1546=EDGE_LOOP('',(#6091,#6092,#6093,#6094));
#1547=EDGE_LOOP('',(#6095,#6096,#6097,#6098));
#1548=EDGE_LOOP('',(#6099,#6100,#6101,#6102));
#1549=EDGE_LOOP('',(#6103,#6104,#6105,#6106));
#1550=EDGE_LOOP('',(#6107,#6108,#6109,#6110));
#1551=EDGE_LOOP('',(#6111,#6112,#6113,#6114));
#1552=EDGE_LOOP('',(#6115,#6116,#6117,#6118));
#1553=EDGE_LOOP('',(#6119,#6120,#6121,#6122));
#1554=EDGE_LOOP('',(#6123,#6124,#6125,#6126));
#1555=EDGE_LOOP('',(#6127,#6128,#6129,#6130));
#1556=EDGE_LOOP('',(#6131,#6132,#6133,#6134));
#1557=EDGE_LOOP('',(#6135,#6136,#6137,#6138));
#1558=EDGE_LOOP('',(#6139,#6140,#6141,#6142));
#1559=EDGE_LOOP('',(#6143,#6144,#6145,#6146));
#1560=EDGE_LOOP('',(#6147,#6148,#6149,#6150));
#1561=EDGE_LOOP('',(#6151,#6152,#6153,#6154));
#1562=EDGE_LOOP('',(#6155,#6156,#6157,#6158));
#1563=EDGE_LOOP('',(#6159,#6160,#6161,#6162));
#1564=EDGE_LOOP('',(#6163,#6164,#6165,#6166));
#1565=EDGE_LOOP('',(#6167,#6168,#6169,#6170));
#1566=EDGE_LOOP('',(#6171,#6172,#6173,#6174));
#1567=EDGE_LOOP('',(#6175,#6176,#6177,#6178));
#1568=EDGE_LOOP('',(#6179,#6180,#6181,#6182));
#1569=EDGE_LOOP('',(#6183,#6184,#6185,#6186));
#1570=EDGE_LOOP('',(#6187,#6188,#6189,#6190));
#1571=EDGE_LOOP('',(#6191,#6192,#6193,#6194));
#1572=EDGE_LOOP('',(#6195,#6196,#6197,#6198));
#1573=EDGE_LOOP('',(#6199,#6200,#6201,#6202));
#1574=EDGE_LOOP('',(#6203,#6204,#6205,#6206));
#1575=EDGE_LOOP('',(#6207,#6208,#6209,#6210));
#1576=EDGE_LOOP('',(#6211,#6212,#6213,#6214));
#1577=EDGE_LOOP('',(#6215,#6216,#6217,#6218));
#1578=EDGE_LOOP('',(#6219,#6220,#6221,#6222));
#1579=EDGE_LOOP('',(#6223,#6224,#6225,#6226));
#1580=EDGE_LOOP('',(#6227,#6228,#6229,#6230));
#1581=EDGE_LOOP('',(#6231,#6232,#6233,#6234));
#1582=EDGE_LOOP('',(#6235,#6236,#6237,#6238));
#1583=EDGE_LOOP('',(#6239,#6240,#6241,#6242));
#1584=EDGE_LOOP('',(#6243,#6244,#6245,#6246));
#1585=EDGE_LOOP('',(#6247,#6248,#6249,#6250));
#1586=EDGE_LOOP('',(#6251,#6252,#6253,#6254));
#1587=EDGE_LOOP('',(#6255,#6256,#6257,#6258));
#1588=EDGE_LOOP('',(#6259,#6260,#6261,#6262));
#1589=EDGE_LOOP('',(#6263,#6264,#6265,#6266));
#1590=EDGE_LOOP('',(#6267,#6268,#6269,#6270));
#1591=EDGE_LOOP('',(#6271,#6272,#6273,#6274));
#1592=EDGE_LOOP('',(#6275,#6276,#6277,#6278));
#1593=EDGE_LOOP('',(#6279,#6280,#6281,#6282));
#1594=EDGE_LOOP('',(#6283,#6284,#6285,#6286));
#1595=EDGE_LOOP('',(#6287,#6288,#6289,#6290));
#1596=EDGE_LOOP('',(#6291,#6292,#6293,#6294));
#1597=EDGE_LOOP('',(#6295,#6296,#6297,#6298));
#1598=EDGE_LOOP('',(#6299,#6300,#6301,#6302));
#1599=EDGE_LOOP('',(#6303,#6304,#6305,#6306));
#1600=EDGE_LOOP('',(#6307,#6308,#6309,#6310));
#1601=EDGE_LOOP('',(#6311,#6312,#6313,#6314));
#1602=EDGE_LOOP('',(#6315,#6316,#6317,#6318));
#1603=EDGE_LOOP('',(#6319,#6320,#6321,#6322));
#1604=EDGE_LOOP('',(#6323,#6324,#6325,#6326));
#1605=EDGE_LOOP('',(#6327,#6328,#6329,#6330));
#1606=EDGE_LOOP('',(#6331,#6332,#6333,#6334));
#1607=EDGE_LOOP('',(#6335,#6336,#6337,#6338));
#1608=EDGE_LOOP('',(#6339,#6340,#6341,#6342));
#1609=EDGE_LOOP('',(#6343,#6344,#6345,#6346));
#1610=EDGE_LOOP('',(#6347,#6348,#6349,#6350));
#1611=EDGE_LOOP('',(#6351,#6352,#6353,#6354));
#1612=EDGE_LOOP('',(#6355,#6356,#6357,#6358));
#1613=EDGE_LOOP('',(#6359,#6360,#6361,#6362));
#1614=EDGE_LOOP('',(#6363,#6364,#6365,#6366));
#1615=EDGE_LOOP('',(#6367,#6368,#6369,#6370));
#1616=EDGE_LOOP('',(#6371,#6372,#6373,#6374));
#1617=EDGE_LOOP('',(#6375,#6376,#6377,#6378));
#1618=EDGE_LOOP('',(#6379,#6380,#6381,#6382));
#1619=EDGE_LOOP('',(#6383,#6384,#6385,#6386));
#1620=EDGE_LOOP('',(#6387,#6388,#6389,#6390));
#1621=EDGE_LOOP('',(#6391,#6392,#6393,#6394));
#1622=EDGE_LOOP('',(#6395,#6396,#6397,#6398));
#1623=EDGE_LOOP('',(#6399,#6400,#6401,#6402));
#1624=EDGE_LOOP('',(#6403,#6404,#6405,#6406));
#1625=EDGE_LOOP('',(#6407,#6408,#6409,#6410));
#1626=EDGE_LOOP('',(#6411,#6412,#6413,#6414));
#1627=EDGE_LOOP('',(#6415,#6416,#6417,#6418));
#1628=EDGE_LOOP('',(#6419,#6420,#6421,#6422));
#1629=EDGE_LOOP('',(#6423,#6424,#6425,#6426));
#1630=EDGE_LOOP('',(#6427,#6428,#6429,#6430));
#1631=EDGE_LOOP('',(#6431,#6432,#6433,#6434));
#1632=EDGE_LOOP('',(#6435,#6436,#6437,#6438));
#1633=LINE('',#8306,#2133);
#1634=LINE('',#8308,#2134);
#1635=LINE('',#8310,#2135);
#1636=LINE('',#8311,#2136);
#1637=LINE('',#8317,#2137);
#1638=LINE('',#8323,#2138);
#1639=LINE('',#8326,#2139);
#1640=LINE('',#8330,#2140);
#1641=LINE('',#8331,#2141);
#1642=LINE('',#8332,#2142);
#1643=LINE('',#8334,#2143);
#1644=LINE('',#8335,#2144);
#1645=LINE('',#8338,#2145);
#1646=LINE('',#8340,#2146);
#1647=LINE('',#8342,#2147);
#1648=LINE('',#8344,#2148);
#1649=LINE('',#8345,#2149);
#1650=LINE('',#8350,#2150);
#1651=LINE('',#8365,#2151);
#1652=LINE('',#8380,#2152);
#1653=LINE('',#8383,#2153);
#1654=LINE('',#8387,#2154);
#1655=LINE('',#8389,#2155);
#1656=LINE('',#8393,#2156);
#1657=LINE('',#8397,#2157);
#1658=LINE('',#8399,#2158);
#1659=LINE('',#8403,#2159);
#1660=LINE('',#8407,#2160);
#1661=LINE('',#8409,#2161);
#1662=LINE('',#8413,#2162);
#1663=LINE('',#8417,#2163);
#1664=LINE('',#8419,#2164);
#1665=LINE('',#8422,#2165);
#1666=LINE('',#8433,#2166);
#1667=LINE('',#8437,#2167);
#1668=LINE('',#8441,#2168);
#1669=LINE('',#8445,#2169);
#1670=LINE('',#8458,#2170);
#1671=LINE('',#8462,#2171);
#1672=LINE('',#8466,#2172);
#1673=LINE('',#8468,#2173);
#1674=LINE('',#8472,#2174);
#1675=LINE('',#8475,#2175);
#1676=LINE('',#8478,#2176);
#1677=LINE('',#8480,#2177);
#1678=LINE('',#8481,#2178);
#1679=LINE('',#8484,#2179);
#1680=LINE('',#8485,#2180);
#1681=LINE('',#8488,#2181);
#1682=LINE('',#8489,#2182);
#1683=LINE('',#8493,#2183);
#1684=LINE('',#8497,#2184);
#1685=LINE('',#8502,#2185);
#1686=LINE('',#8506,#2186);
#1687=LINE('',#8509,#2187);
#1688=LINE('',#8510,#2188);
#1689=LINE('',#8512,#2189);
#1690=LINE('',#8514,#2190);
#1691=LINE('',#8518,#2191);
#1692=LINE('',#8522,#2192);
#1693=LINE('',#8526,#2193);
#1694=LINE('',#8529,#2194);
#1695=LINE('',#8532,#2195);
#1696=LINE('',#8534,#2196);
#1697=LINE('',#8535,#2197);
#1698=LINE('',#8538,#2198);
#1699=LINE('',#8540,#2199);
#1700=LINE('',#8541,#2200);
#1701=LINE('',#8543,#2201);
#1702=LINE('',#8545,#2202);
#1703=LINE('',#8547,#2203);
#1704=LINE('',#8556,#2204);
#1705=LINE('',#8565,#2205);
#1706=LINE('',#8573,#2206);
#1707=LINE('',#8581,#2207);
#1708=LINE('',#8589,#2208);
#1709=LINE('',#8597,#2209);
#1710=LINE('',#8605,#2210);
#1711=LINE('',#8613,#2211);
#1712=LINE('',#8641,#2212);
#1713=LINE('',#8643,#2213);
#1714=LINE('',#8655,#2214);
#1715=LINE('',#8667,#2215);
#1716=LINE('',#8669,#2216);
#1717=LINE('',#8681,#2217);
#1718=LINE('',#8683,#2218);
#1719=LINE('',#8685,#2219);
#1720=LINE('',#8837,#2220);
#1721=LINE('',#8884,#2221);
#1722=LINE('',#8899,#2222);
#1723=LINE('',#8901,#2223);
#1724=LINE('',#8963,#2224);
#1725=LINE('',#8965,#2225);
#1726=LINE('',#9007,#2226);
#1727=LINE('',#9054,#2227);
#1728=LINE('',#9071,#2228);
#1729=LINE('',#9073,#2229);
#1730=LINE('',#9080,#2230);
#1731=LINE('',#9087,#2231);
#1732=LINE('',#9089,#2232);
#1733=LINE('',#9101,#2233);
#1734=LINE('',#9103,#2234);
#1735=LINE('',#9115,#2235);
#1736=LINE('',#9117,#2236);
#1737=LINE('',#9164,#2237);
#1738=LINE('',#9181,#2238);
#1739=LINE('',#9273,#2239);
#1740=LINE('',#9290,#2240);
#1741=LINE('',#9342,#2241);
#1742=LINE('',#9344,#2242);
#1743=LINE('',#9366,#2243);
#1744=LINE('',#9368,#2244);
#1745=LINE('',#9380,#2245);
#1746=LINE('',#9452,#2246);
#1747=LINE('',#9454,#2247);
#1748=LINE('',#9526,#2248);
#1749=LINE('',#9528,#2249);
#1750=LINE('',#9535,#2250);
#1751=LINE('',#9537,#2251);
#1752=LINE('',#9559,#2252);
#1753=LINE('',#9561,#2253);
#1754=LINE('',#9628,#2254);
#1755=LINE('',#9630,#2255);
#1756=LINE('',#9632,#2256);
#1757=LINE('',#9634,#2257);
#1758=LINE('',#9666,#2258);
#1759=LINE('',#9668,#2259);
#1760=LINE('',#9670,#2260);
#1761=LINE('',#9758,#2261);
#1762=LINE('',#9762,#2262);
#1763=LINE('',#9766,#2263);
#1764=LINE('',#9770,#2264);
#1765=LINE('',#9781,#2265);
#1766=LINE('',#9789,#2266);
#1767=LINE('',#9796,#2267);
#1768=LINE('',#9803,#2268);
#1769=LINE('',#9817,#2269);
#1770=LINE('',#9818,#2270);
#1771=LINE('',#9827,#2271);
#1772=LINE('',#9829,#2272);
#1773=LINE('',#9830,#2273);
#1774=LINE('',#9834,#2274);
#1775=LINE('',#9838,#2275);
#1776=LINE('',#9842,#2276);
#1777=LINE('',#9844,#2277);
#1778=LINE('',#9846,#2278);
#1779=LINE('',#9850,#2279);
#1780=LINE('',#9856,#2280);
#1781=LINE('',#9865,#2281);
#1782=LINE('',#9873,#2282);
#1783=LINE('',#9881,#2283);
#1784=LINE('',#9882,#2284);
#1785=LINE('',#9884,#2285);
#1786=LINE('',#9886,#2286);
#1787=LINE('',#9888,#2287);
#1788=LINE('',#9890,#2288);
#1789=LINE('',#9892,#2289);
#1790=LINE('',#9894,#2290);
#1791=LINE('',#9897,#2291);
#1792=LINE('',#9898,#2292);
#1793=LINE('',#9900,#2293);
#1794=LINE('',#9902,#2294);
#1795=LINE('',#9904,#2295);
#1796=LINE('',#9905,#2296);
#1797=LINE('',#9907,#2297);
#1798=LINE('',#9909,#2298);
#1799=LINE('',#9911,#2299);
#1800=LINE('',#9913,#2300);
#1801=LINE('',#9915,#2301);
#1802=LINE('',#9917,#2302);
#1803=LINE('',#9919,#2303);
#1804=LINE('',#9921,#2304);
#1805=LINE('',#9923,#2305);
#1806=LINE('',#9924,#2306);
#1807=LINE('',#9926,#2307);
#1808=LINE('',#9928,#2308);
#1809=LINE('',#9930,#2309);
#1810=LINE('',#9932,#2310);
#1811=LINE('',#9943,#2311);
#1812=LINE('',#9947,#2312);
#1813=LINE('',#9951,#2313);
#1814=LINE('',#9952,#2314);
#1815=LINE('',#9953,#2315);
#1816=LINE('',#9968,#2316);
#1817=LINE('',#10004,#2317);
#1818=LINE('',#10055,#2318);
#1819=LINE('',#10056,#2319);
#1820=LINE('',#10059,#2320);
#1821=LINE('',#10060,#2321);
#1822=LINE('',#10118,#2322);
#1823=LINE('',#10122,#2323);
#1824=LINE('',#10126,#2324);
#1825=LINE('',#10130,#2325);
#1826=LINE('',#10285,#2326);
#1827=LINE('',#10349,#2327);
#1828=LINE('',#10370,#2328);
#1829=LINE('',#10374,#2329);
#1830=LINE('',#10378,#2330);
#1831=LINE('',#10400,#2331);
#1832=LINE('',#10412,#2332);
#1833=LINE('',#10414,#2333);
#1834=LINE('',#10436,#2334);
#1835=LINE('',#10438,#2335);
#1836=LINE('',#10490,#2336);
#1837=LINE('',#10507,#2337);
#1838=LINE('',#10596,#2338);
#1839=LINE('',#10610,#2339);
#1840=LINE('',#10654,#2340);
#1841=LINE('',#10656,#2341);
#1842=LINE('',#10668,#2342);
#1843=LINE('',#10670,#2343);
#1844=LINE('',#10682,#2344);
#1845=LINE('',#10684,#2345);
#1846=LINE('',#10691,#2346);
#1847=LINE('',#10698,#2347);
#1848=LINE('',#10700,#2348);
#1849=LINE('',#10714,#2349);
#1850=LINE('',#10758,#2350);
#1851=LINE('',#10800,#2351);
#1852=LINE('',#10802,#2352);
#1853=LINE('',#10864,#2353);
#1854=LINE('',#10866,#2354);
#1855=LINE('',#10878,#2355);
#1856=LINE('',#10925,#2356);
#1857=LINE('',#11077,#2357);
#1858=LINE('',#11079,#2358);
#1859=LINE('',#11081,#2359);
#1860=LINE('',#11093,#2360);
#1861=LINE('',#11095,#2361);
#1862=LINE('',#11107,#2362);
#1863=LINE('',#11119,#2363);
#1864=LINE('',#11121,#2364);
#1865=LINE('',#11188,#2365);
#1866=LINE('',#11225,#2366);
#1867=LINE('',#11227,#2367);
#1868=LINE('',#11229,#2368);
#1869=LINE('',#11261,#2369);
#1870=LINE('',#11263,#2370);
#1871=LINE('',#11264,#2371);
#1872=LINE('',#11336,#2372);
#1873=LINE('',#11338,#2373);
#1874=LINE('',#11360,#2374);
#1875=LINE('',#11362,#2375);
#1876=LINE('',#11369,#2376);
#1877=LINE('',#11371,#2377);
#1878=LINE('',#11399,#2378);
#1879=LINE('',#11440,#2379);
#1880=LINE('',#11505,#2380);
#1881=LINE('',#11506,#2381);
#1882=LINE('',#11515,#2382);
#1883=LINE('',#11517,#2383);
#1884=LINE('',#11526,#2384);
#1885=LINE('',#11535,#2385);
#1886=LINE('',#11537,#2386);
#1887=LINE('',#11539,#2387);
#1888=LINE('',#11548,#2388);
#1889=LINE('',#11557,#2389);
#1890=LINE('',#11566,#2390);
#1891=LINE('',#11575,#2391);
#1892=LINE('',#11577,#2392);
#1893=LINE('',#11579,#2393);
#1894=LINE('',#11588,#2394);
#1895=LINE('',#11597,#2395);
#1896=LINE('',#11606,#2396);
#1897=LINE('',#11615,#2397);
#1898=LINE('',#11624,#2398);
#1899=LINE('',#11633,#2399);
#1900=LINE('',#11642,#2400);
#1901=LINE('',#11651,#2401);
#1902=LINE('',#11660,#2402);
#1903=LINE('',#11669,#2403);
#1904=LINE('',#11671,#2404);
#1905=LINE('',#11680,#2405);
#1906=LINE('',#11689,#2406);
#1907=LINE('',#11698,#2407);
#1908=LINE('',#11700,#2408);
#1909=LINE('',#11709,#2409);
#1910=LINE('',#11718,#2410);
#1911=LINE('',#11727,#2411);
#1912=LINE('',#11736,#2412);
#1913=LINE('',#11745,#2413);
#1914=LINE('',#11754,#2414);
#1915=LINE('',#11763,#2415);
#1916=LINE('',#11772,#2416);
#1917=LINE('',#11781,#2417);
#1918=LINE('',#11790,#2418);
#1919=LINE('',#11799,#2419);
#1920=LINE('',#11808,#2420);
#1921=LINE('',#11817,#2421);
#1922=LINE('',#11826,#2422);
#1923=LINE('',#11835,#2423);
#1924=LINE('',#11844,#2424);
#1925=LINE('',#11853,#2425);
#1926=LINE('',#11862,#2426);
#1927=LINE('',#11864,#2427);
#1928=LINE('',#11873,#2428);
#1929=LINE('',#11882,#2429);
#1930=LINE('',#11891,#2430);
#1931=LINE('',#11893,#2431);
#1932=LINE('',#11902,#2432);
#1933=LINE('',#11911,#2433);
#1934=LINE('',#11920,#2434);
#1935=LINE('',#11929,#2435);
#1936=LINE('',#11938,#2436);
#1937=LINE('',#11947,#2437);
#1938=LINE('',#11956,#2438);
#1939=LINE('',#11965,#2439);
#1940=LINE('',#11974,#2440);
#1941=LINE('',#11976,#2441);
#1942=LINE('',#11978,#2442);
#1943=LINE('',#11987,#2443);
#1944=LINE('',#11996,#2444);
#1945=LINE('',#11998,#2445);
#1946=LINE('',#12000,#2446);
#1947=LINE('',#12009,#2447);
#1948=LINE('',#12018,#2448);
#1949=LINE('',#12020,#2449);
#1950=LINE('',#12022,#2450);
#1951=LINE('',#12031,#2451);
#1952=LINE('',#12033,#2452);
#1953=LINE('',#12042,#2453);
#1954=LINE('',#12044,#2454);
#1955=LINE('',#12046,#2455);
#1956=LINE('',#12055,#2456);
#1957=LINE('',#12064,#2457);
#1958=LINE('',#12073,#2458);
#1959=LINE('',#12075,#2459);
#1960=LINE('',#12084,#2460);
#1961=LINE('',#12093,#2461);
#1962=LINE('',#12102,#2462);
#1963=LINE('',#12111,#2463);
#1964=LINE('',#12120,#2464);
#1965=LINE('',#12129,#2465);
#1966=LINE('',#12138,#2466);
#1967=LINE('',#12147,#2467);
#1968=LINE('',#12156,#2468);
#1969=LINE('',#12158,#2469);
#1970=LINE('',#12167,#2470);
#1971=LINE('',#12176,#2471);
#1972=LINE('',#12185,#2472);
#1973=LINE('',#12194,#2473);
#1974=LINE('',#12203,#2474);
#1975=LINE('',#12212,#2475);
#1976=LINE('',#12221,#2476);
#1977=LINE('',#12230,#2477);
#1978=LINE('',#12232,#2478);
#1979=LINE('',#12234,#2479);
#1980=LINE('',#12243,#2480);
#1981=LINE('',#12252,#2481);
#1982=LINE('',#12261,#2482);
#1983=LINE('',#12270,#2483);
#1984=LINE('',#12279,#2484);
#1985=LINE('',#12288,#2485);
#1986=LINE('',#12297,#2486);
#1987=LINE('',#12306,#2487);
#1988=LINE('',#12315,#2488);
#1989=LINE('',#12324,#2489);
#1990=LINE('',#12333,#2490);
#1991=LINE('',#12342,#2491);
#1992=LINE('',#12344,#2492);
#1993=LINE('',#12346,#2493);
#1994=LINE('',#12355,#2494);
#1995=LINE('',#12364,#2495);
#1996=LINE('',#12366,#2496);
#1997=LINE('',#12375,#2497);
#1998=LINE('',#12384,#2498);
#1999=LINE('',#12393,#2499);
#2000=LINE('',#12402,#2500);
#2001=LINE('',#12411,#2501);
#2002=LINE('',#12420,#2502);
#2003=LINE('',#12429,#2503);
#2004=LINE('',#12438,#2504);
#2005=LINE('',#12447,#2505);
#2006=LINE('',#12449,#2506);
#2007=LINE('',#12458,#2507);
#2008=LINE('',#12467,#2508);
#2009=LINE('',#12476,#2509);
#2010=LINE('',#12485,#2510);
#2011=LINE('',#12494,#2511);
#2012=LINE('',#12503,#2512);
#2013=LINE('',#12512,#2513);
#2014=LINE('',#12521,#2514);
#2015=LINE('',#12530,#2515);
#2016=LINE('',#12539,#2516);
#2017=LINE('',#12548,#2517);
#2018=LINE('',#12557,#2518);
#2019=LINE('',#12566,#2519);
#2020=LINE('',#12575,#2520);
#2021=LINE('',#12584,#2521);
#2022=LINE('',#12593,#2522);
#2023=LINE('',#12602,#2523);
#2024=LINE('',#12611,#2524);
#2025=LINE('',#12620,#2525);
#2026=LINE('',#12629,#2526);
#2027=LINE('',#12638,#2527);
#2028=LINE('',#12647,#2528);
#2029=LINE('',#12656,#2529);
#2030=LINE('',#12665,#2530);
#2031=LINE('',#12674,#2531);
#2032=LINE('',#12683,#2532);
#2033=LINE('',#12692,#2533);
#2034=LINE('',#12701,#2534);
#2035=LINE('',#12710,#2535);
#2036=LINE('',#12719,#2536);
#2037=LINE('',#12721,#2537);
#2038=LINE('',#12723,#2538);
#2039=LINE('',#12725,#2539);
#2040=LINE('',#12734,#2540);
#2041=LINE('',#12743,#2541);
#2042=LINE('',#12745,#2542);
#2043=LINE('',#12747,#2543);
#2044=LINE('',#12756,#2544);
#2045=LINE('',#12765,#2545);
#2046=LINE('',#12767,#2546);
#2047=LINE('',#12776,#2547);
#2048=LINE('',#12785,#2548);
#2049=LINE('',#12787,#2549);
#2050=LINE('',#12789,#2550);
#2051=LINE('',#12830,#2551);
#2052=LINE('',#12831,#2552);
#2053=LINE('',#12840,#2553);
#2054=LINE('',#12849,#2554);
#2055=LINE('',#12858,#2555);
#2056=LINE('',#12867,#2556);
#2057=LINE('',#12876,#2557);
#2058=LINE('',#12885,#2558);
#2059=LINE('',#12894,#2559);
#2060=LINE('',#12903,#2560);
#2061=LINE('',#12912,#2561);
#2062=LINE('',#12929,#2562);
#2063=LINE('',#12930,#2563);
#2064=LINE('',#12939,#2564);
#2065=LINE('',#12948,#2565);
#2066=LINE('',#12957,#2566);
#2067=LINE('',#12966,#2567);
#2068=LINE('',#12975,#2568);
#2069=LINE('',#12977,#2569);
#2070=LINE('',#12979,#2570);
#2071=LINE('',#12981,#2571);
#2072=LINE('',#12990,#2572);
#2073=LINE('',#12999,#2573);
#2074=LINE('',#13008,#2574);
#2075=LINE('',#13017,#2575);
#2076=LINE('',#13026,#2576);
#2077=LINE('',#13035,#2577);
#2078=LINE('',#13037,#2578);
#2079=LINE('',#13039,#2579);
#2080=LINE('',#13041,#2580);
#2081=LINE('',#13043,#2581);
#2082=LINE('',#13060,#2582);
#2083=LINE('',#13061,#2583);
#2084=LINE('',#13070,#2584);
#2085=LINE('',#13079,#2585);
#2086=LINE('',#13088,#2586);
#2087=LINE('',#13097,#2587);
#2088=LINE('',#13106,#2588);
#2089=LINE('',#13115,#2589);
#2090=LINE('',#13124,#2590);
#2091=LINE('',#13133,#2591);
#2092=LINE('',#13142,#2592);
#2093=LINE('',#13159,#2593);
#2094=LINE('',#13160,#2594);
#2095=LINE('',#13162,#2595);
#2096=LINE('',#13164,#2596);
#2097=LINE('',#13173,#2597);
#2098=LINE('',#13182,#2598);
#2099=LINE('',#13191,#2599);
#2100=LINE('',#13200,#2600);
#2101=LINE('',#13202,#2601);
#2102=LINE('',#13204,#2602);
#2103=LINE('',#13213,#2603);
#2104=LINE('',#13215,#2604);
#2105=LINE('',#13217,#2605);
#2106=LINE('',#13226,#2606);
#2107=LINE('',#13235,#2607);
#2108=LINE('',#13244,#2608);
#2109=LINE('',#13253,#2609);
#2110=LINE('',#13262,#2610);
#2111=LINE('',#13271,#2611);
#2112=LINE('',#13288,#2612);
#2113=LINE('',#13289,#2613);
#2114=LINE('',#13298,#2614);
#2115=LINE('',#13307,#2615);
#2116=LINE('',#13316,#2616);
#2117=LINE('',#13325,#2617);
#2118=LINE('',#13334,#2618);
#2119=LINE('',#13343,#2619);
#2120=LINE('',#13345,#2620);
#2121=LINE('',#13347,#2621);
#2122=LINE('',#13364,#2622);
#2123=LINE('',#13365,#2623);
#2124=LINE('',#13374,#2624);
#2125=LINE('',#13383,#2625);
#2126=LINE('',#13392,#2626);
#2127=LINE('',#13401,#2627);
#2128=LINE('',#13410,#2628);
#2129=LINE('',#13419,#2629);
#2130=LINE('',#13428,#2630);
#2131=LINE('',#13437,#2631);
#2132=LINE('',#13446,#2632);
#2133=VECTOR('',#7228,10.);
#2134=VECTOR('',#7229,10.);
#2135=VECTOR('',#7230,10.);
#2136=VECTOR('',#7231,10.);
#2137=VECTOR('',#7238,10.);
#2138=VECTOR('',#7243,10.);
#2139=VECTOR('',#7246,10.);
#2140=VECTOR('',#7249,10.);
#2141=VECTOR('',#7250,10.);
#2142=VECTOR('',#7251,10.);
#2143=VECTOR('',#7254,10.);
#2144=VECTOR('',#7255,10.);
#2145=VECTOR('',#7258,10.);
#2146=VECTOR('',#7259,10.);
#2147=VECTOR('',#7260,10.);
#2148=VECTOR('',#7261,10.);
#2149=VECTOR('',#7262,10.);
#2150=VECTOR('',#7267,10.);
#2151=VECTOR('',#7270,10.);
#2152=VECTOR('',#7271,10.);
#2153=VECTOR('',#7274,10.);
#2154=VECTOR('',#7277,10.);
#2155=VECTOR('',#7278,10.);
#2156=VECTOR('',#7281,10.);
#2157=VECTOR('',#7284,10.);
#2158=VECTOR('',#7285,10.);
#2159=VECTOR('',#7288,10.);
#2160=VECTOR('',#7291,10.);
#2161=VECTOR('',#7292,10.);
#2162=VECTOR('',#7295,10.);
#2163=VECTOR('',#7298,10.);
#2164=VECTOR('',#7299,10.);
#2165=VECTOR('',#7302,10.);
#2166=VECTOR('',#7311,10.);
#2167=VECTOR('',#7314,10.);
#2168=VECTOR('',#7317,10.);
#2169=VECTOR('',#7320,10.);
#2170=VECTOR('',#7333,10.);
#2171=VECTOR('',#7336,10.);
#2172=VECTOR('',#7341,10.);
#2173=VECTOR('',#7342,10.);
#2174=VECTOR('',#7347,10.);
#2175=VECTOR('',#7350,10.);
#2176=VECTOR('',#7353,10.);
#2177=VECTOR('',#7354,10.);
#2178=VECTOR('',#7355,10.);
#2179=VECTOR('',#7358,10.);
#2180=VECTOR('',#7359,10.);
#2181=VECTOR('',#7362,10.);
#2182=VECTOR('',#7363,10.);
#2183=VECTOR('',#7366,10.);
#2184=VECTOR('',#7369,10.);
#2185=VECTOR('',#7374,10.);
#2186=VECTOR('',#7377,10.);
#2187=VECTOR('',#7382,10.);
#2188=VECTOR('',#7383,10.);
#2189=VECTOR('',#7386,10.);
#2190=VECTOR('',#7387,10.);
#2191=VECTOR('',#7390,10.);
#2192=VECTOR('',#7393,10.);
#2193=VECTOR('',#7396,10.);
#2194=VECTOR('',#7399,10.);
#2195=VECTOR('',#7402,10.);
#2196=VECTOR('',#7403,10.);
#2197=VECTOR('',#7404,10.);
#2198=VECTOR('',#7407,10.);
#2199=VECTOR('',#7408,10.);
#2200=VECTOR('',#7409,10.);
#2201=VECTOR('',#7412,10.);
#2202=VECTOR('',#7415,10.);
#2203=VECTOR('',#7418,10.);
#2204=VECTOR('',#7429,1.6);
#2205=VECTOR('',#7442,1.6);
#2206=VECTOR('',#7453,1.6);
#2207=VECTOR('',#7464,1.6);
#2208=VECTOR('',#7475,1.6);
#2209=VECTOR('',#7486,1.6);
#2210=VECTOR('',#7497,1.6);
#2211=VECTOR('',#7508,1.6);
#2212=VECTOR('',#7527,10.);
#2213=VECTOR('',#7528,10.);
#2214=VECTOR('',#7529,10.);
#2215=VECTOR('',#7530,10.);
#2216=VECTOR('',#7531,10.);
#2217=VECTOR('',#7532,10.);
#2218=VECTOR('',#7533,10.);
#2219=VECTOR('',#7534,10.);
#2220=VECTOR('',#7535,10.);
#2221=VECTOR('',#7536,10.);
#2222=VECTOR('',#7537,10.);
#2223=VECTOR('',#7538,10.);
#2224=VECTOR('',#7539,10.);
#2225=VECTOR('',#7540,10.);
#2226=VECTOR('',#7541,10.);
#2227=VECTOR('',#7542,10.);
#2228=VECTOR('',#7543,10.);
#2229=VECTOR('',#7544,10.);
#2230=VECTOR('',#7545,10.);
#2231=VECTOR('',#7546,10.);
#2232=VECTOR('',#7547,10.);
#2233=VECTOR('',#7548,10.);
#2234=VECTOR('',#7549,10.);
#2235=VECTOR('',#7550,10.);
#2236=VECTOR('',#7551,10.);
#2237=VECTOR('',#7552,10.);
#2238=VECTOR('',#7553,10.);
#2239=VECTOR('',#7554,10.);
#2240=VECTOR('',#7555,10.);
#2241=VECTOR('',#7556,10.);
#2242=VECTOR('',#7557,10.);
#2243=VECTOR('',#7558,10.);
#2244=VECTOR('',#7559,10.);
#2245=VECTOR('',#7560,10.);
#2246=VECTOR('',#7561,10.);
#2247=VECTOR('',#7562,10.);
#2248=VECTOR('',#7563,10.);
#2249=VECTOR('',#7564,10.);
#2250=VECTOR('',#7565,10.);
#2251=VECTOR('',#7566,10.);
#2252=VECTOR('',#7567,10.);
#2253=VECTOR('',#7568,10.);
#2254=VECTOR('',#7569,10.);
#2255=VECTOR('',#7570,10.);
#2256=VECTOR('',#7571,10.);
#2257=VECTOR('',#7572,10.);
#2258=VECTOR('',#7573,10.);
#2259=VECTOR('',#7574,10.);
#2260=VECTOR('',#7575,10.);
#2261=VECTOR('',#7578,10.);
#2262=VECTOR('',#7581,10.);
#2263=VECTOR('',#7584,10.);
#2264=VECTOR('',#7587,10.);
#2265=VECTOR('',#7602,10.);
#2266=VECTOR('',#7613,10.);
#2267=VECTOR('',#7622,10.);
#2268=VECTOR('',#7633,10.);
#2269=VECTOR('',#7648,10.);
#2270=VECTOR('',#7649,10.);
#2271=VECTOR('',#7660,10.);
#2272=VECTOR('',#7661,10.);
#2273=VECTOR('',#7662,10.);
#2274=VECTOR('',#7667,10.);
#2275=VECTOR('',#7672,10.);
#2276=VECTOR('',#7675,10.);
#2277=VECTOR('',#7676,10.);
#2278=VECTOR('',#7677,10.);
#2279=VECTOR('',#7680,10.);
#2280=VECTOR('',#7687,10.);
#2281=VECTOR('',#7700,10.);
#2282=VECTOR('',#7711,10.);
#2283=VECTOR('',#7722,10.);
#2284=VECTOR('',#7723,10.);
#2285=VECTOR('',#7726,10.);
#2286=VECTOR('',#7729,10.);
#2287=VECTOR('',#7732,10.);
#2288=VECTOR('',#7735,10.);
#2289=VECTOR('',#7738,10.);
#2290=VECTOR('',#7741,10.);
#2291=VECTOR('',#7746,10.);
#2292=VECTOR('',#7747,10.);
#2293=VECTOR('',#7750,10.);
#2294=VECTOR('',#7753,10.);
#2295=VECTOR('',#7756,10.);
#2296=VECTOR('',#7757,10.);
#2297=VECTOR('',#7760,10.);
#2298=VECTOR('',#7763,10.);
#2299=VECTOR('',#7766,10.);
#2300=VECTOR('',#7769,10.);
#2301=VECTOR('',#7772,10.);
#2302=VECTOR('',#7775,10.);
#2303=VECTOR('',#7778,10.);
#2304=VECTOR('',#7781,10.);
#2305=VECTOR('',#7784,10.);
#2306=VECTOR('',#7785,10.);
#2307=VECTOR('',#7788,10.);
#2308=VECTOR('',#7791,10.);
#2309=VECTOR('',#7794,10.);
#2310=VECTOR('',#7797,10.);
#2311=VECTOR('',#7812,3.99999999999999);
#2312=VECTOR('',#7817,3.99999999999999);
#2313=VECTOR('',#7820,10.);
#2314=VECTOR('',#7821,10.);
#2315=VECTOR('',#7822,10.);
#2316=VECTOR('',#7825,10.);
#2317=VECTOR('',#7826,10.);
#2318=VECTOR('',#7827,10.);
#2319=VECTOR('',#7828,10.);
#2320=VECTOR('',#7831,10.);
#2321=VECTOR('',#7832,10.);
#2322=VECTOR('',#7841,3.99999999999999);
#2323=VECTOR('',#7846,3.99999999999999);
#2324=VECTOR('',#7851,4.24999999999999);
#2325=VECTOR('',#7856,4.24999999999999);
#2326=VECTOR('',#7859,10.);
#2327=VECTOR('',#7862,10.);
#2328=VECTOR('',#7865,10.);
#2329=VECTOR('',#7870,4.24999999999999);
#2330=VECTOR('',#7875,4.24999999999999);
#2331=VECTOR('',#7878,10.);
#2332=VECTOR('',#7879,10.);
#2333=VECTOR('',#7880,10.);
#2334=VECTOR('',#7881,10.);
#2335=VECTOR('',#7882,10.);
#2336=VECTOR('',#7883,10.);
#2337=VECTOR('',#7884,10.);
#2338=VECTOR('',#7887,10.);
#2339=VECTOR('',#7890,10.);
#2340=VECTOR('',#7893,10.);
#2341=VECTOR('',#7894,10.);
#2342=VECTOR('',#7895,10.);
#2343=VECTOR('',#7896,10.);
#2344=VECTOR('',#7897,10.);
#2345=VECTOR('',#7898,10.);
#2346=VECTOR('',#7899,10.);
#2347=VECTOR('',#7900,10.);
#2348=VECTOR('',#7901,10.);
#2349=VECTOR('',#7904,10.);
#2350=VECTOR('',#7907,10.);
#2351=VECTOR('',#7908,10.);
#2352=VECTOR('',#7909,10.);
#2353=VECTOR('',#7910,10.);
#2354=VECTOR('',#7911,10.);
#2355=VECTOR('',#7912,10.);
#2356=VECTOR('',#7913,10.);
#2357=VECTOR('',#7914,10.);
#2358=VECTOR('',#7915,10.);
#2359=VECTOR('',#7916,10.);
#2360=VECTOR('',#7917,10.);
#2361=VECTOR('',#7918,10.);
#2362=VECTOR('',#7919,10.);
#2363=VECTOR('',#7920,10.);
#2364=VECTOR('',#7921,10.);
#2365=VECTOR('',#7926,10.);
#2366=VECTOR('',#7927,10.);
#2367=VECTOR('',#7928,10.);
#2368=VECTOR('',#7929,10.);
#2369=VECTOR('',#7930,10.);
#2370=VECTOR('',#7931,10.);
#2371=VECTOR('',#7932,10.);
#2372=VECTOR('',#7939,10.);
#2373=VECTOR('',#7940,10.);
#2374=VECTOR('',#7941,10.);
#2375=VECTOR('',#7942,10.);
#2376=VECTOR('',#7943,10.);
#2377=VECTOR('',#7944,10.);
#2378=VECTOR('',#7947,10.);
#2379=VECTOR('',#7948,10.);
#2380=VECTOR('',#7951,10.);
#2381=VECTOR('',#7952,10.);
#2382=VECTOR('',#7953,10.);
#2383=VECTOR('',#7956,10.);
#2384=VECTOR('',#7957,10.);
#2385=VECTOR('',#7958,10.);
#2386=VECTOR('',#7961,10.);
#2387=VECTOR('',#7964,10.);
#2388=VECTOR('',#7965,10.);
#2389=VECTOR('',#7966,10.);
#2390=VECTOR('',#7967,10.);
#2391=VECTOR('',#7968,10.);
#2392=VECTOR('',#7971,10.);
#2393=VECTOR('',#7974,10.);
#2394=VECTOR('',#7975,10.);
#2395=VECTOR('',#7976,10.);
#2396=VECTOR('',#7977,10.);
#2397=VECTOR('',#7978,10.);
#2398=VECTOR('',#7979,10.);
#2399=VECTOR('',#7980,10.);
#2400=VECTOR('',#7981,10.);
#2401=VECTOR('',#7982,10.);
#2402=VECTOR('',#7983,10.);
#2403=VECTOR('',#7984,10.);
#2404=VECTOR('',#7987,10.);
#2405=VECTOR('',#7988,10.);
#2406=VECTOR('',#7989,10.);
#2407=VECTOR('',#7990,10.);
#2408=VECTOR('',#7993,10.);
#2409=VECTOR('',#7994,10.);
#2410=VECTOR('',#7995,10.);
#2411=VECTOR('',#7996,10.);
#2412=VECTOR('',#7997,10.);
#2413=VECTOR('',#7998,10.);
#2414=VECTOR('',#7999,10.);
#2415=VECTOR('',#8000,10.);
#2416=VECTOR('',#8001,10.);
#2417=VECTOR('',#8002,10.);
#2418=VECTOR('',#8003,10.);
#2419=VECTOR('',#8004,10.);
#2420=VECTOR('',#8005,10.);
#2421=VECTOR('',#8006,10.);
#2422=VECTOR('',#8007,10.);
#2423=VECTOR('',#8008,10.);
#2424=VECTOR('',#8009,10.);
#2425=VECTOR('',#8010,10.);
#2426=VECTOR('',#8011,10.);
#2427=VECTOR('',#8014,10.);
#2428=VECTOR('',#8015,10.);
#2429=VECTOR('',#8016,10.);
#2430=VECTOR('',#8017,10.);
#2431=VECTOR('',#8020,10.);
#2432=VECTOR('',#8021,10.);
#2433=VECTOR('',#8022,10.);
#2434=VECTOR('',#8023,10.);
#2435=VECTOR('',#8024,10.);
#2436=VECTOR('',#8025,10.);
#2437=VECTOR('',#8026,10.);
#2438=VECTOR('',#8027,10.);
#2439=VECTOR('',#8028,10.);
#2440=VECTOR('',#8029,10.);
#2441=VECTOR('',#8032,10.);
#2442=VECTOR('',#8035,10.);
#2443=VECTOR('',#8036,10.);
#2444=VECTOR('',#8037,10.);
#2445=VECTOR('',#8040,10.);
#2446=VECTOR('',#8043,10.);
#2447=VECTOR('',#8044,10.);
#2448=VECTOR('',#8045,10.);
#2449=VECTOR('',#8048,10.);
#2450=VECTOR('',#8051,10.);
#2451=VECTOR('',#8052,10.);
#2452=VECTOR('',#8055,10.);
#2453=VECTOR('',#8056,10.);
#2454=VECTOR('',#8059,10.);
#2455=VECTOR('',#8062,10.);
#2456=VECTOR('',#8063,10.);
#2457=VECTOR('',#8064,10.);
#2458=VECTOR('',#8065,10.);
#2459=VECTOR('',#8068,10.);
#2460=VECTOR('',#8069,10.);
#2461=VECTOR('',#8070,10.);
#2462=VECTOR('',#8071,10.);
#2463=VECTOR('',#8072,10.);
#2464=VECTOR('',#8073,10.);
#2465=VECTOR('',#8074,10.);
#2466=VECTOR('',#8075,10.);
#2467=VECTOR('',#8076,10.);
#2468=VECTOR('',#8077,10.);
#2469=VECTOR('',#8080,10.);
#2470=VECTOR('',#8081,10.);
#2471=VECTOR('',#8082,10.);
#2472=VECTOR('',#8083,10.);
#2473=VECTOR('',#8084,10.);
#2474=VECTOR('',#8085,10.);
#2475=VECTOR('',#8086,10.);
#2476=VECTOR('',#8087,10.);
#2477=VECTOR('',#8088,10.);
#2478=VECTOR('',#8091,10.);
#2479=VECTOR('',#8094,10.);
#2480=VECTOR('',#8095,10.);
#2481=VECTOR('',#8096,10.);
#2482=VECTOR('',#8097,10.);
#2483=VECTOR('',#8098,10.);
#2484=VECTOR('',#8099,10.);
#2485=VECTOR('',#8100,10.);
#2486=VECTOR('',#8101,10.);
#2487=VECTOR('',#8102,10.);
#2488=VECTOR('',#8103,10.);
#2489=VECTOR('',#8104,10.);
#2490=VECTOR('',#8105,10.);
#2491=VECTOR('',#8106,10.);
#2492=VECTOR('',#8109,10.);
#2493=VECTOR('',#8112,10.);
#2494=VECTOR('',#8113,10.);
#2495=VECTOR('',#8114,10.);
#2496=VECTOR('',#8117,10.);
#2497=VECTOR('',#8118,10.);
#2498=VECTOR('',#8119,10.);
#2499=VECTOR('',#8120,10.);
#2500=VECTOR('',#8121,10.);
#2501=VECTOR('',#8122,10.);
#2502=VECTOR('',#8123,10.);
#2503=VECTOR('',#8124,10.);
#2504=VECTOR('',#8125,10.);
#2505=VECTOR('',#8126,10.);
#2506=VECTOR('',#8129,10.);
#2507=VECTOR('',#8130,10.);
#2508=VECTOR('',#8131,10.);
#2509=VECTOR('',#8132,10.);
#2510=VECTOR('',#8133,10.);
#2511=VECTOR('',#8134,10.);
#2512=VECTOR('',#8135,10.);
#2513=VECTOR('',#8136,10.);
#2514=VECTOR('',#8137,10.);
#2515=VECTOR('',#8138,10.);
#2516=VECTOR('',#8139,10.);
#2517=VECTOR('',#8140,10.);
#2518=VECTOR('',#8141,10.);
#2519=VECTOR('',#8142,10.);
#2520=VECTOR('',#8143,10.);
#2521=VECTOR('',#8144,10.);
#2522=VECTOR('',#8145,10.);
#2523=VECTOR('',#8146,10.);
#2524=VECTOR('',#8147,10.);
#2525=VECTOR('',#8148,10.);
#2526=VECTOR('',#8149,10.);
#2527=VECTOR('',#8150,10.);
#2528=VECTOR('',#8151,10.);
#2529=VECTOR('',#8152,10.);
#2530=VECTOR('',#8153,10.);
#2531=VECTOR('',#8154,10.);
#2532=VECTOR('',#8155,10.);
#2533=VECTOR('',#8156,10.);
#2534=VECTOR('',#8157,10.);
#2535=VECTOR('',#8158,10.);
#2536=VECTOR('',#8159,10.);
#2537=VECTOR('',#8162,10.);
#2538=VECTOR('',#8165,10.);
#2539=VECTOR('',#8168,10.);
#2540=VECTOR('',#8169,10.);
#2541=VECTOR('',#8170,10.);
#2542=VECTOR('',#8173,10.);
#2543=VECTOR('',#8176,10.);
#2544=VECTOR('',#8177,10.);
#2545=VECTOR('',#8178,10.);
#2546=VECTOR('',#8181,10.);
#2547=VECTOR('',#8182,10.);
#2548=VECTOR('',#8183,10.);
#2549=VECTOR('',#8186,10.);
#2550=VECTOR('',#8189,10.);
#2551=VECTOR('',#8190,10.);
#2552=VECTOR('',#8191,10.);
#2553=VECTOR('',#8192,10.);
#2554=VECTOR('',#8193,10.);
#2555=VECTOR('',#8194,10.);
#2556=VECTOR('',#8195,10.);
#2557=VECTOR('',#8196,10.);
#2558=VECTOR('',#8197,10.);
#2559=VECTOR('',#8198,10.);
#2560=VECTOR('',#8199,10.);
#2561=VECTOR('',#8200,10.);
#2562=VECTOR('',#8201,10.);
#2563=VECTOR('',#8202,10.);
#2564=VECTOR('',#8203,10.);
#2565=VECTOR('',#8204,10.);
#2566=VECTOR('',#8205,10.);
#2567=VECTOR('',#8206,10.);
#2568=VECTOR('',#8207,10.);
#2569=VECTOR('',#8210,10.);
#2570=VECTOR('',#8213,10.);
#2571=VECTOR('',#8216,10.);
#2572=VECTOR('',#8217,10.);
#2573=VECTOR('',#8218,10.);
#2574=VECTOR('',#8219,10.);
#2575=VECTOR('',#8220,10.);
#2576=VECTOR('',#8221,10.);
#2577=VECTOR('',#8222,10.);
#2578=VECTOR('',#8225,10.);
#2579=VECTOR('',#8228,10.);
#2580=VECTOR('',#8231,10.);
#2581=VECTOR('',#8234,10.);
#2582=VECTOR('',#8235,10.);
#2583=VECTOR('',#8236,10.);
#2584=VECTOR('',#8237,10.);
#2585=VECTOR('',#8238,10.);
#2586=VECTOR('',#8239,10.);
#2587=VECTOR('',#8240,10.);
#2588=VECTOR('',#8241,10.);
#2589=VECTOR('',#8242,10.);
#2590=VECTOR('',#8243,10.);
#2591=VECTOR('',#8244,10.);
#2592=VECTOR('',#8245,10.);
#2593=VECTOR('',#8246,10.);
#2594=VECTOR('',#8247,10.);
#2595=VECTOR('',#8250,10.);
#2596=VECTOR('',#8253,10.);
#2597=VECTOR('',#8254,10.);
#2598=VECTOR('',#8255,10.);
#2599=VECTOR('',#8256,10.);
#2600=VECTOR('',#8257,10.);
#2601=VECTOR('',#8260,10.);
#2602=VECTOR('',#8263,10.);
#2603=VECTOR('',#8264,10.);
#2604=VECTOR('',#8267,10.);
#2605=VECTOR('',#8270,10.);
#2606=VECTOR('',#8271,10.);
#2607=VECTOR('',#8272,10.);
#2608=VECTOR('',#8273,10.);
#2609=VECTOR('',#8274,10.);
#2610=VECTOR('',#8275,10.);
#2611=VECTOR('',#8276,10.);
#2612=VECTOR('',#8277,10.);
#2613=VECTOR('',#8278,10.);
#2614=VECTOR('',#8279,10.);
#2615=VECTOR('',#8280,10.);
#2616=VECTOR('',#8281,10.);
#2617=VECTOR('',#8282,10.);
#2618=VECTOR('',#8283,10.);
#2619=VECTOR('',#8284,10.);
#2620=VECTOR('',#8287,10.);
#2621=VECTOR('',#8290,10.);
#2622=VECTOR('',#8291,10.);
#2623=VECTOR('',#8292,10.);
#2624=VECTOR('',#8293,10.);
#2625=VECTOR('',#8294,10.);
#2626=VECTOR('',#8295,10.);
#2627=VECTOR('',#8296,10.);
#2628=VECTOR('',#8297,10.);
#2629=VECTOR('',#8298,10.);
#2630=VECTOR('',#8299,10.);
#2631=VECTOR('',#8300,10.);
#2632=VECTOR('',#8301,10.);
#2633=VERTEX_POINT('',#8304);
#2634=VERTEX_POINT('',#8305);
#2635=VERTEX_POINT('',#8307);
#2636=VERTEX_POINT('',#8309);
#2637=VERTEX_POINT('',#8313);
#2638=VERTEX_POINT('',#8315);
#2639=VERTEX_POINT('',#8319);
#2640=VERTEX_POINT('',#8320);
#2641=VERTEX_POINT('',#8322);
#2642=VERTEX_POINT('',#8324);
#2643=VERTEX_POINT('',#8328);
#2644=VERTEX_POINT('',#8329);
#2645=VERTEX_POINT('',#8337);
#2646=VERTEX_POINT('',#8339);
#2647=VERTEX_POINT('',#8341);
#2648=VERTEX_POINT('',#8343);
#2649=VERTEX_POINT('',#8347);
#2650=VERTEX_POINT('',#8349);
#2651=VERTEX_POINT('',#8351);
#2652=VERTEX_POINT('',#8353);
#2653=VERTEX_POINT('',#8364);
#2654=VERTEX_POINT('',#8366);
#2655=VERTEX_POINT('',#8379);
#2656=VERTEX_POINT('',#8382);
#2657=VERTEX_POINT('',#8384);
#2658=VERTEX_POINT('',#8386);
#2659=VERTEX_POINT('',#8388);
#2660=VERTEX_POINT('',#8390);
#2661=VERTEX_POINT('',#8392);
#2662=VERTEX_POINT('',#8394);
#2663=VERTEX_POINT('',#8396);
#2664=VERTEX_POINT('',#8398);
#2665=VERTEX_POINT('',#8400);
#2666=VERTEX_POINT('',#8402);
#2667=VERTEX_POINT('',#8404);
#2668=VERTEX_POINT('',#8406);
#2669=VERTEX_POINT('',#8408);
#2670=VERTEX_POINT('',#8410);
#2671=VERTEX_POINT('',#8412);
#2672=VERTEX_POINT('',#8414);
#2673=VERTEX_POINT('',#8416);
#2674=VERTEX_POINT('',#8418);
#2675=VERTEX_POINT('',#8420);
#2676=VERTEX_POINT('',#8423);
#2677=VERTEX_POINT('',#8425);
#2678=VERTEX_POINT('',#8427);
#2679=VERTEX_POINT('',#8429);
#2680=VERTEX_POINT('',#8431);
#2681=VERTEX_POINT('',#8432);
#2682=VERTEX_POINT('',#8434);
#2683=VERTEX_POINT('',#8436);
#2684=VERTEX_POINT('',#8438);
#2685=VERTEX_POINT('',#8440);
#2686=VERTEX_POINT('',#8442);
#2687=VERTEX_POINT('',#8444);
#2688=VERTEX_POINT('',#8447);
#2689=VERTEX_POINT('',#8449);
#2690=VERTEX_POINT('',#8451);
#2691=VERTEX_POINT('',#8453);
#2692=VERTEX_POINT('',#8456);
#2693=VERTEX_POINT('',#8457);
#2694=VERTEX_POINT('',#8459);
#2695=VERTEX_POINT('',#8461);
#2696=VERTEX_POINT('',#8465);
#2697=VERTEX_POINT('',#8467);
#2698=VERTEX_POINT('',#8471);
#2699=VERTEX_POINT('',#8473);
#2700=VERTEX_POINT('',#8477);
#2701=VERTEX_POINT('',#8479);
#2702=VERTEX_POINT('',#8483);
#2703=VERTEX_POINT('',#8487);
#2704=VERTEX_POINT('',#8491);
#2705=VERTEX_POINT('',#8492);
#2706=VERTEX_POINT('',#8494);
#2707=VERTEX_POINT('',#8496);
#2708=VERTEX_POINT('',#8500);
#2709=VERTEX_POINT('',#8501);
#2710=VERTEX_POINT('',#8503);
#2711=VERTEX_POINT('',#8505);
#2712=VERTEX_POINT('',#8513);
#2713=VERTEX_POINT('',#8515);
#2714=VERTEX_POINT('',#8517);
#2715=VERTEX_POINT('',#8519);
#2716=VERTEX_POINT('',#8521);
#2717=VERTEX_POINT('',#8523);
#2718=VERTEX_POINT('',#8525);
#2719=VERTEX_POINT('',#8527);
#2720=VERTEX_POINT('',#8531);
#2721=VERTEX_POINT('',#8533);
#2722=VERTEX_POINT('',#8537);
#2723=VERTEX_POINT('',#8539);
#2724=VERTEX_POINT('',#8549);
#2725=VERTEX_POINT('',#8551);
#2726=VERTEX_POINT('',#8555);
#2727=VERTEX_POINT('',#8559);
#2728=VERTEX_POINT('',#8563);
#2729=VERTEX_POINT('',#8567);
#2730=VERTEX_POINT('',#8571);
#2731=VERTEX_POINT('',#8575);
#2732=VERTEX_POINT('',#8579);
#2733=VERTEX_POINT('',#8583);
#2734=VERTEX_POINT('',#8587);
#2735=VERTEX_POINT('',#8591);
#2736=VERTEX_POINT('',#8595);
#2737=VERTEX_POINT('',#8599);
#2738=VERTEX_POINT('',#8603);
#2739=VERTEX_POINT('',#8607);
#2740=VERTEX_POINT('',#8611);
#2741=VERTEX_POINT('',#8623);
#2742=VERTEX_POINT('',#8624);
#2743=VERTEX_POINT('',#8632);
#2744=VERTEX_POINT('',#8640);
#2745=VERTEX_POINT('',#8642);
#2746=VERTEX_POINT('',#8644);
#2747=VERTEX_POINT('',#8649);
#2748=VERTEX_POINT('',#8654);
#2749=VERTEX_POINT('',#8656);
#2750=VERTEX_POINT('',#8661);
#2751=VERTEX_POINT('',#8666);
#2752=VERTEX_POINT('',#8668);
#2753=VERTEX_POINT('',#8670);
#2754=VERTEX_POINT('',#8675);
#2755=VERTEX_POINT('',#8680);
#2756=VERTEX_POINT('',#8682);
#2757=VERTEX_POINT('',#8684);
#2758=VERTEX_POINT('',#8686);
#2759=VERTEX_POINT('',#8691);
#2760=VERTEX_POINT('',#8696);
#2761=VERTEX_POINT('',#8701);
#2762=VERTEX_POINT('',#8706);
#2763=VERTEX_POINT('',#8711);
#2764=VERTEX_POINT('',#8716);
#2765=VERTEX_POINT('',#8721);
#2766=VERTEX_POINT('',#8726);
#2767=VERTEX_POINT('',#8731);
#2768=VERTEX_POINT('',#8736);
#2769=VERTEX_POINT('',#8741);
#2770=VERTEX_POINT('',#8746);
#2771=VERTEX_POINT('',#8751);
#2772=VERTEX_POINT('',#8756);
#2773=VERTEX_POINT('',#8761);
#2774=VERTEX_POINT('',#8766);
#2775=VERTEX_POINT('',#8771);
#2776=VERTEX_POINT('',#8776);
#2777=VERTEX_POINT('',#8781);
#2778=VERTEX_POINT('',#8786);
#2779=VERTEX_POINT('',#8791);
#2780=VERTEX_POINT('',#8796);
#2781=VERTEX_POINT('',#8801);
#2782=VERTEX_POINT('',#8806);
#2783=VERTEX_POINT('',#8811);
#2784=VERTEX_POINT('',#8816);
#2785=VERTEX_POINT('',#8821);
#2786=VERTEX_POINT('',#8826);
#2787=VERTEX_POINT('',#8831);
#2788=VERTEX_POINT('',#8836);
#2789=VERTEX_POINT('',#8838);
#2790=VERTEX_POINT('',#8843);
#2791=VERTEX_POINT('',#8848);
#2792=VERTEX_POINT('',#8853);
#2793=VERTEX_POINT('',#8858);
#2794=VERTEX_POINT('',#8863);
#2795=VERTEX_POINT('',#8868);
#2796=VERTEX_POINT('',#8873);
#2797=VERTEX_POINT('',#8878);
#2798=VERTEX_POINT('',#8883);
#2799=VERTEX_POINT('',#8885);
#2800=VERTEX_POINT('',#8890);
#2801=VERTEX_POINT('',#8898);
#2802=VERTEX_POINT('',#8900);
#2803=VERTEX_POINT('',#8902);
#2804=VERTEX_POINT('',#8907);
#2805=VERTEX_POINT('',#8912);
#2806=VERTEX_POINT('',#8917);
#2807=VERTEX_POINT('',#8922);
#2808=VERTEX_POINT('',#8927);
#2809=VERTEX_POINT('',#8932);
#2810=VERTEX_POINT('',#8937);
#2811=VERTEX_POINT('',#8942);
#2812=VERTEX_POINT('',#8947);
#2813=VERTEX_POINT('',#8952);
#2814=VERTEX_POINT('',#8957);
#2815=VERTEX_POINT('',#8962);
#2816=VERTEX_POINT('',#8964);
#2817=VERTEX_POINT('',#8966);
#2818=VERTEX_POINT('',#8971);
#2819=VERTEX_POINT('',#8976);
#2820=VERTEX_POINT('',#8981);
#2821=VERTEX_POINT('',#8986);
#2822=VERTEX_POINT('',#8991);
#2823=VERTEX_POINT('',#8996);
#2824=VERTEX_POINT('',#9001);
#2825=VERTEX_POINT('',#9006);
#2826=VERTEX_POINT('',#9008);
#2827=VERTEX_POINT('',#9013);
#2828=VERTEX_POINT('',#9018);
#2829=VERTEX_POINT('',#9023);
#2830=VERTEX_POINT('',#9028);
#2831=VERTEX_POINT('',#9033);
#2832=VERTEX_POINT('',#9038);
#2833=VERTEX_POINT('',#9043);
#2834=VERTEX_POINT('',#9048);
#2835=VERTEX_POINT('',#9053);
#2836=VERTEX_POINT('',#9055);
#2837=VERTEX_POINT('',#9060);
#2838=VERTEX_POINT('',#9065);
#2839=VERTEX_POINT('',#9070);
#2840=VERTEX_POINT('',#9072);
#2841=VERTEX_POINT('',#9074);
#2842=VERTEX_POINT('',#9079);
#2843=VERTEX_POINT('',#9081);
#2844=VERTEX_POINT('',#9086);
#2845=VERTEX_POINT('',#9088);
#2846=VERTEX_POINT('',#9090);
#2847=VERTEX_POINT('',#9095);
#2848=VERTEX_POINT('',#9100);
#2849=VERTEX_POINT('',#9102);
#2850=VERTEX_POINT('',#9104);
#2851=VERTEX_POINT('',#9109);
#2852=VERTEX_POINT('',#9114);
#2853=VERTEX_POINT('',#9116);
#2854=VERTEX_POINT('',#9118);
#2855=VERTEX_POINT('',#9123);
#2856=VERTEX_POINT('',#9128);
#2857=VERTEX_POINT('',#9133);
#2858=VERTEX_POINT('',#9138);
#2859=VERTEX_POINT('',#9143);
#2860=VERTEX_POINT('',#9148);
#2861=VERTEX_POINT('',#9153);
#2862=VERTEX_POINT('',#9158);
#2863=VERTEX_POINT('',#9163);
#2864=VERTEX_POINT('',#9165);
#2865=VERTEX_POINT('',#9170);
#2866=VERTEX_POINT('',#9175);
#2867=VERTEX_POINT('',#9180);
#2868=VERTEX_POINT('',#9182);
#2869=VERTEX_POINT('',#9187);
#2870=VERTEX_POINT('',#9192);
#2871=VERTEX_POINT('',#9197);
#2872=VERTEX_POINT('',#9202);
#2873=VERTEX_POINT('',#9207);
#2874=VERTEX_POINT('',#9212);
#2875=VERTEX_POINT('',#9217);
#2876=VERTEX_POINT('',#9222);
#2877=VERTEX_POINT('',#9227);
#2878=VERTEX_POINT('',#9232);
#2879=VERTEX_POINT('',#9237);
#2880=VERTEX_POINT('',#9242);
#2881=VERTEX_POINT('',#9247);
#2882=VERTEX_POINT('',#9252);
#2883=VERTEX_POINT('',#9257);
#2884=VERTEX_POINT('',#9262);
#2885=VERTEX_POINT('',#9267);
#2886=VERTEX_POINT('',#9272);
#2887=VERTEX_POINT('',#9274);
#2888=VERTEX_POINT('',#9279);
#2889=VERTEX_POINT('',#9284);
#2890=VERTEX_POINT('',#9289);
#2891=VERTEX_POINT('',#9291);
#2892=VERTEX_POINT('',#9296);
#2893=VERTEX_POINT('',#9301);
#2894=VERTEX_POINT('',#9306);
#2895=VERTEX_POINT('',#9311);
#2896=VERTEX_POINT('',#9316);
#2897=VERTEX_POINT('',#9321);
#2898=VERTEX_POINT('',#9326);
#2899=VERTEX_POINT('',#9331);
#2900=VERTEX_POINT('',#9336);
#2901=VERTEX_POINT('',#9341);
#2902=VERTEX_POINT('',#9343);
#2903=VERTEX_POINT('',#9345);
#2904=VERTEX_POINT('',#9350);
#2905=VERTEX_POINT('',#9355);
#2906=VERTEX_POINT('',#9360);
#2907=VERTEX_POINT('',#9365);
#2908=VERTEX_POINT('',#9367);
#2909=VERTEX_POINT('',#9369);
#2910=VERTEX_POINT('',#9374);
#2911=VERTEX_POINT('',#9379);
#2912=VERTEX_POINT('',#9381);
#2913=VERTEX_POINT('',#9390);
#2914=VERTEX_POINT('',#9391);
#2915=VERTEX_POINT('',#9396);
#2916=VERTEX_POINT('',#9401);
#2917=VERTEX_POINT('',#9406);
#2918=VERTEX_POINT('',#9411);
#2919=VERTEX_POINT('',#9416);
#2920=VERTEX_POINT('',#9421);
#2921=VERTEX_POINT('',#9426);
#2922=VERTEX_POINT('',#9431);
#2923=VERTEX_POINT('',#9436);
#2924=VERTEX_POINT('',#9445);
#2925=VERTEX_POINT('',#9446);
#2926=VERTEX_POINT('',#9451);
#2927=VERTEX_POINT('',#9453);
#2928=VERTEX_POINT('',#9455);
#2929=VERTEX_POINT('',#9460);
#2930=VERTEX_POINT('',#9465);
#2931=VERTEX_POINT('',#9470);
#2932=VERTEX_POINT('',#9475);
#2933=VERTEX_POINT('',#9480);
#2934=VERTEX_POINT('',#9489);
#2935=VERTEX_POINT('',#9490);
#2936=VERTEX_POINT('',#9495);
#2937=VERTEX_POINT('',#9500);
#2938=VERTEX_POINT('',#9505);
#2939=VERTEX_POINT('',#9510);
#2940=VERTEX_POINT('',#9515);
#2941=VERTEX_POINT('',#9520);
#2942=VERTEX_POINT('',#9525);
#2943=VERTEX_POINT('',#9527);
#2944=VERTEX_POINT('',#9529);
#2945=VERTEX_POINT('',#9534);
#2946=VERTEX_POINT('',#9536);
#2947=VERTEX_POINT('',#9538);
#2948=VERTEX_POINT('',#9543);
#2949=VERTEX_POINT('',#9548);
#2950=VERTEX_POINT('',#9553);
#2951=VERTEX_POINT('',#9558);
#2952=VERTEX_POINT('',#9560);
#2953=VERTEX_POINT('',#9566);
#2954=VERTEX_POINT('',#9567);
#2955=VERTEX_POINT('',#9572);
#2956=VERTEX_POINT('',#9577);
#2957=VERTEX_POINT('',#9582);
#2958=VERTEX_POINT('',#9587);
#2959=VERTEX_POINT('',#9592);
#2960=VERTEX_POINT('',#9597);
#2961=VERTEX_POINT('',#9602);
#2962=VERTEX_POINT('',#9607);
#2963=VERTEX_POINT('',#9612);
#2964=VERTEX_POINT('',#9621);
#2965=VERTEX_POINT('',#9622);
#2966=VERTEX_POINT('',#9627);
#2967=VERTEX_POINT('',#9629);
#2968=VERTEX_POINT('',#9631);
#2969=VERTEX_POINT('',#9633);
#2970=VERTEX_POINT('',#9635);
#2971=VERTEX_POINT('',#9640);
#2972=VERTEX_POINT('',#9645);
#2973=VERTEX_POINT('',#9650);
#2974=VERTEX_POINT('',#9655);
#2975=VERTEX_POINT('',#9660);
#2976=VERTEX_POINT('',#9665);
#2977=VERTEX_POINT('',#9667);
#2978=VERTEX_POINT('',#9669);
#2979=VERTEX_POINT('',#9671);
#2980=VERTEX_POINT('',#9676);
#2981=VERTEX_POINT('',#9681);
#2982=VERTEX_POINT('',#9686);
#2983=VERTEX_POINT('',#9691);
#2984=VERTEX_POINT('',#9700);
#2985=VERTEX_POINT('',#9701);
#2986=VERTEX_POINT('',#9706);
#2987=VERTEX_POINT('',#9711);
#2988=VERTEX_POINT('',#9716);
#2989=VERTEX_POINT('',#9721);
#2990=VERTEX_POINT('',#9726);
#2991=VERTEX_POINT('',#9731);
#2992=VERTEX_POINT('',#9736);
#2993=VERTEX_POINT('',#9741);
#2994=VERTEX_POINT('',#9746);
#2995=VERTEX_POINT('',#9756);
#2996=VERTEX_POINT('',#9757);
#2997=VERTEX_POINT('',#9759);
#2998=VERTEX_POINT('',#9761);
#2999=VERTEX_POINT('',#9763);
#3000=VERTEX_POINT('',#9765);
#3001=VERTEX_POINT('',#9767);
#3002=VERTEX_POINT('',#9769);
#3003=VERTEX_POINT('',#9773);
#3004=VERTEX_POINT('',#9775);
#3005=VERTEX_POINT('',#9779);
#3006=VERTEX_POINT('',#9783);
#3007=VERTEX_POINT('',#9787);
#3008=VERTEX_POINT('',#9791);
#3009=VERTEX_POINT('',#9795);
#3010=VERTEX_POINT('',#9799);
#3011=VERTEX_POINT('',#9805);
#3012=VERTEX_POINT('',#9806);
#3013=VERTEX_POINT('',#9808);
#3014=VERTEX_POINT('',#9810);
#3015=VERTEX_POINT('',#9814);
#3016=VERTEX_POINT('',#9815);
#3017=VERTEX_POINT('',#9820);
#3018=VERTEX_POINT('',#9821);
#3019=VERTEX_POINT('',#9826);
#3020=VERTEX_POINT('',#9828);
#3021=VERTEX_POINT('',#9832);
#3022=VERTEX_POINT('',#9836);
#3023=VERTEX_POINT('',#9840);
#3024=VERTEX_POINT('',#9841);
#3025=VERTEX_POINT('',#9843);
#3026=VERTEX_POINT('',#9845);
#3027=VERTEX_POINT('',#9847);
#3028=VERTEX_POINT('',#9849);
#3029=VERTEX_POINT('',#9853);
#3030=VERTEX_POINT('',#9855);
#3031=VERTEX_POINT('',#9859);
#3032=VERTEX_POINT('',#9863);
#3033=VERTEX_POINT('',#9867);
#3034=VERTEX_POINT('',#9871);
#3035=VERTEX_POINT('',#9875);
#3036=VERTEX_POINT('',#9878);
#3037=VERTEX_POINT('',#9935);
#3038=VERTEX_POINT('',#9938);
#3039=VERTEX_POINT('',#9941);
#3040=VERTEX_POINT('',#9945);
#3041=VERTEX_POINT('',#9949);
#3042=VERTEX_POINT('',#9950);
#3043=VERTEX_POINT('',#9966);
#3044=VERTEX_POINT('',#9989);
#3045=VERTEX_POINT('',#10029);
#3046=VERTEX_POINT('',#10030);
#3047=VERTEX_POINT('',#10058);
#3048=VERTEX_POINT('',#10062);
#3049=VERTEX_POINT('',#10092);
#3050=VERTEX_POINT('',#10116);
#3051=VERTEX_POINT('',#10120);
#3052=VERTEX_POINT('',#10124);
#3053=VERTEX_POINT('',#10128);
#3054=VERTEX_POINT('',#10196);
#3055=VERTEX_POINT('',#10203);
#3056=VERTEX_POINT('',#10264);
#3057=VERTEX_POINT('',#10284);
#3058=VERTEX_POINT('',#10307);
#3059=VERTEX_POINT('',#10348);
#3060=VERTEX_POINT('',#10372);
#3061=VERTEX_POINT('',#10376);
#3062=VERTEX_POINT('',#10380);
#3063=VERTEX_POINT('',#10381);
#3064=VERTEX_POINT('',#10389);
#3065=VERTEX_POINT('',#10394);
#3066=VERTEX_POINT('',#10399);
#3067=VERTEX_POINT('',#10401);
#3068=VERTEX_POINT('',#10406);
#3069=VERTEX_POINT('',#10411);
#3070=VERTEX_POINT('',#10413);
#3071=VERTEX_POINT('',#10415);
#3072=VERTEX_POINT('',#10420);
#3073=VERTEX_POINT('',#10425);
#3074=VERTEX_POINT('',#10430);
#3075=VERTEX_POINT('',#10435);
#3076=VERTEX_POINT('',#10437);
#3077=VERTEX_POINT('',#10439);
#3078=VERTEX_POINT('',#10444);
#3079=VERTEX_POINT('',#10449);
#3080=VERTEX_POINT('',#10454);
#3081=VERTEX_POINT('',#10459);
#3082=VERTEX_POINT('',#10464);
#3083=VERTEX_POINT('',#10469);
#3084=VERTEX_POINT('',#10474);
#3085=VERTEX_POINT('',#10479);
#3086=VERTEX_POINT('',#10484);
#3087=VERTEX_POINT('',#10489);
#3088=VERTEX_POINT('',#10491);
#3089=VERTEX_POINT('',#10496);
#3090=VERTEX_POINT('',#10501);
#3091=VERTEX_POINT('',#10506);
#3092=VERTEX_POINT('',#10508);
#3093=VERTEX_POINT('',#10513);
#3094=VERTEX_POINT('',#10518);
#3095=VERTEX_POINT('',#10523);
#3096=VERTEX_POINT('',#10528);
#3097=VERTEX_POINT('',#10533);
#3098=VERTEX_POINT('',#10538);
#3099=VERTEX_POINT('',#10543);
#3100=VERTEX_POINT('',#10548);
#3101=VERTEX_POINT('',#10553);
#3102=VERTEX_POINT('',#10558);
#3103=VERTEX_POINT('',#10563);
#3104=VERTEX_POINT('',#10568);
#3105=VERTEX_POINT('',#10573);
#3106=VERTEX_POINT('',#10578);
#3107=VERTEX_POINT('',#10583);
#3108=VERTEX_POINT('',#10588);
#3109=VERTEX_POINT('',#10593);
#3110=VERTEX_POINT('',#10595);
#3111=VERTEX_POINT('',#10597);
#3112=VERTEX_POINT('',#10599);
#3113=VERTEX_POINT('',#10604);
#3114=VERTEX_POINT('',#10609);
#3115=VERTEX_POINT('',#10611);
#3116=VERTEX_POINT('',#10616);
#3117=VERTEX_POINT('',#10621);
#3118=VERTEX_POINT('',#10626);
#3119=VERTEX_POINT('',#10631);
#3120=VERTEX_POINT('',#10636);
#3121=VERTEX_POINT('',#10641);
#3122=VERTEX_POINT('',#10646);
#3123=VERTEX_POINT('',#10651);
#3124=VERTEX_POINT('',#10653);
#3125=VERTEX_POINT('',#10655);
#3126=VERTEX_POINT('',#10657);
#3127=VERTEX_POINT('',#10662);
#3128=VERTEX_POINT('',#10667);
#3129=VERTEX_POINT('',#10669);
#3130=VERTEX_POINT('',#10671);
#3131=VERTEX_POINT('',#10676);
#3132=VERTEX_POINT('',#10681);
#3133=VERTEX_POINT('',#10683);
#3134=VERTEX_POINT('',#10685);
#3135=VERTEX_POINT('',#10690);
#3136=VERTEX_POINT('',#10692);
#3137=VERTEX_POINT('',#10697);
#3138=VERTEX_POINT('',#10699);
#3139=VERTEX_POINT('',#10701);
#3140=VERTEX_POINT('',#10706);
#3141=VERTEX_POINT('',#10711);
#3142=VERTEX_POINT('',#10713);
#3143=VERTEX_POINT('',#10715);
#3144=VERTEX_POINT('',#10717);
#3145=VERTEX_POINT('',#10722);
#3146=VERTEX_POINT('',#10727);
#3147=VERTEX_POINT('',#10732);
#3148=VERTEX_POINT('',#10737);
#3149=VERTEX_POINT('',#10742);
#3150=VERTEX_POINT('',#10747);
#3151=VERTEX_POINT('',#10752);
#3152=VERTEX_POINT('',#10757);
#3153=VERTEX_POINT('',#10759);
#3154=VERTEX_POINT('',#10764);
#3155=VERTEX_POINT('',#10769);
#3156=VERTEX_POINT('',#10774);
#3157=VERTEX_POINT('',#10779);
#3158=VERTEX_POINT('',#10784);
#3159=VERTEX_POINT('',#10789);
#3160=VERTEX_POINT('',#10794);
#3161=VERTEX_POINT('',#10799);
#3162=VERTEX_POINT('',#10801);
#3163=VERTEX_POINT('',#10803);
#3164=VERTEX_POINT('',#10808);
#3165=VERTEX_POINT('',#10813);
#3166=VERTEX_POINT('',#10818);
#3167=VERTEX_POINT('',#10823);
#3168=VERTEX_POINT('',#10828);
#3169=VERTEX_POINT('',#10833);
#3170=VERTEX_POINT('',#10838);
#3171=VERTEX_POINT('',#10843);
#3172=VERTEX_POINT('',#10848);
#3173=VERTEX_POINT('',#10853);
#3174=VERTEX_POINT('',#10858);
#3175=VERTEX_POINT('',#10863);
#3176=VERTEX_POINT('',#10865);
#3177=VERTEX_POINT('',#10867);
#3178=VERTEX_POINT('',#10872);
#3179=VERTEX_POINT('',#10877);
#3180=VERTEX_POINT('',#10879);
#3181=VERTEX_POINT('',#10884);
#3182=VERTEX_POINT('',#10889);
#3183=VERTEX_POINT('',#10894);
#3184=VERTEX_POINT('',#10899);
#3185=VERTEX_POINT('',#10904);
#3186=VERTEX_POINT('',#10909);
#3187=VERTEX_POINT('',#10914);
#3188=VERTEX_POINT('',#10919);
#3189=VERTEX_POINT('',#10924);
#3190=VERTEX_POINT('',#10926);
#3191=VERTEX_POINT('',#10931);
#3192=VERTEX_POINT('',#10936);
#3193=VERTEX_POINT('',#10941);
#3194=VERTEX_POINT('',#10946);
#3195=VERTEX_POINT('',#10951);
#3196=VERTEX_POINT('',#10956);
#3197=VERTEX_POINT('',#10961);
#3198=VERTEX_POINT('',#10966);
#3199=VERTEX_POINT('',#10971);
#3200=VERTEX_POINT('',#10976);
#3201=VERTEX_POINT('',#10981);
#3202=VERTEX_POINT('',#10986);
#3203=VERTEX_POINT('',#10991);
#3204=VERTEX_POINT('',#10996);
#3205=VERTEX_POINT('',#11001);
#3206=VERTEX_POINT('',#11006);
#3207=VERTEX_POINT('',#11011);
#3208=VERTEX_POINT('',#11016);
#3209=VERTEX_POINT('',#11021);
#3210=VERTEX_POINT('',#11026);
#3211=VERTEX_POINT('',#11031);
#3212=VERTEX_POINT('',#11036);
#3213=VERTEX_POINT('',#11041);
#3214=VERTEX_POINT('',#11046);
#3215=VERTEX_POINT('',#11051);
#3216=VERTEX_POINT('',#11056);
#3217=VERTEX_POINT('',#11061);
#3218=VERTEX_POINT('',#11066);
#3219=VERTEX_POINT('',#11071);
#3220=VERTEX_POINT('',#11076);
#3221=VERTEX_POINT('',#11078);
#3222=VERTEX_POINT('',#11080);
#3223=VERTEX_POINT('',#11082);
#3224=VERTEX_POINT('',#11087);
#3225=VERTEX_POINT('',#11092);
#3226=VERTEX_POINT('',#11094);
#3227=VERTEX_POINT('',#11096);
#3228=VERTEX_POINT('',#11101);
#3229=VERTEX_POINT('',#11106);
#3230=VERTEX_POINT('',#11108);
#3231=VERTEX_POINT('',#11113);
#3232=VERTEX_POINT('',#11118);
#3233=VERTEX_POINT('',#11120);
#3234=VERTEX_POINT('',#11130);
#3235=VERTEX_POINT('',#11131);
#3236=VERTEX_POINT('',#11136);
#3237=VERTEX_POINT('',#11141);
#3238=VERTEX_POINT('',#11146);
#3239=VERTEX_POINT('',#11151);
#3240=VERTEX_POINT('',#11156);
#3241=VERTEX_POINT('',#11161);
#3242=VERTEX_POINT('',#11166);
#3243=VERTEX_POINT('',#11171);
#3244=VERTEX_POINT('',#11176);
#3245=VERTEX_POINT('',#11186);
#3246=VERTEX_POINT('',#11187);
#3247=VERTEX_POINT('',#11189);
#3248=VERTEX_POINT('',#11194);
#3249=VERTEX_POINT('',#11199);
#3250=VERTEX_POINT('',#11204);
#3251=VERTEX_POINT('',#11209);
#3252=VERTEX_POINT('',#11214);
#3253=VERTEX_POINT('',#11219);
#3254=VERTEX_POINT('',#11224);
#3255=VERTEX_POINT('',#11226);
#3256=VERTEX_POINT('',#11228);
#3257=VERTEX_POINT('',#11230);
#3258=VERTEX_POINT('',#11235);
#3259=VERTEX_POINT('',#11240);
#3260=VERTEX_POINT('',#11245);
#3261=VERTEX_POINT('',#11250);
#3262=VERTEX_POINT('',#11255);
#3263=VERTEX_POINT('',#11260);
#3264=VERTEX_POINT('',#11262);
#3265=VERTEX_POINT('',#11266);
#3266=VERTEX_POINT('',#11267);
#3267=VERTEX_POINT('',#11272);
#3268=VERTEX_POINT('',#11277);
#3269=VERTEX_POINT('',#11282);
#3270=VERTEX_POINT('',#11287);
#3271=VERTEX_POINT('',#11292);
#3272=VERTEX_POINT('',#11297);
#3273=VERTEX_POINT('',#11302);
#3274=VERTEX_POINT('',#11307);
#3275=VERTEX_POINT('',#11312);
#3276=VERTEX_POINT('',#11319);
#3277=VERTEX_POINT('',#11320);
#3278=VERTEX_POINT('',#11325);
#3279=VERTEX_POINT('',#11330);
#3280=VERTEX_POINT('',#11335);
#3281=VERTEX_POINT('',#11337);
#3282=VERTEX_POINT('',#11339);
#3283=VERTEX_POINT('',#11344);
#3284=VERTEX_POINT('',#11349);
#3285=VERTEX_POINT('',#11354);
#3286=VERTEX_POINT('',#11359);
#3287=VERTEX_POINT('',#11361);
#3288=VERTEX_POINT('',#11363);
#3289=VERTEX_POINT('',#11368);
#3290=VERTEX_POINT('',#11370);
#3291=VERTEX_POINT('',#11372);
#3292=VERTEX_POINT('',#11377);
#3293=VERTEX_POINT('',#11382);
#3294=VERTEX_POINT('',#11387);
#3295=VERTEX_POINT('',#11397);
#3296=VERTEX_POINT('',#11398);
#3297=VERTEX_POINT('',#11400);
#3298=VERTEX_POINT('',#11405);
#3299=VERTEX_POINT('',#11410);
#3300=VERTEX_POINT('',#11415);
#3301=VERTEX_POINT('',#11420);
#3302=VERTEX_POINT('',#11425);
#3303=VERTEX_POINT('',#11430);
#3304=VERTEX_POINT('',#11435);
#3305=VERTEX_POINT('',#11442);
#3306=VERTEX_POINT('',#11443);
#3307=VERTEX_POINT('',#11448);
#3308=VERTEX_POINT('',#11453);
#3309=VERTEX_POINT('',#11458);
#3310=VERTEX_POINT('',#11463);
#3311=VERTEX_POINT('',#11468);
#3312=VERTEX_POINT('',#11473);
#3313=VERTEX_POINT('',#11478);
#3314=VERTEX_POINT('',#11483);
#3315=VERTEX_POINT('',#11488);
#3316=EDGE_CURVE('',#2633,#2634,#1633,.T.);
#3317=EDGE_CURVE('',#2633,#2635,#1634,.T.);
#3318=EDGE_CURVE('',#2636,#2635,#1635,.T.);
#3319=EDGE_CURVE('',#2634,#2636,#1636,.T.);
#3320=EDGE_CURVE('',#2636,#2637,#699,.T.);
#3321=EDGE_CURVE('',#2635,#2638,#700,.T.);
#3322=EDGE_CURVE('',#2638,#2637,#1637,.T.);
#3323=EDGE_CURVE('',#2639,#2640,#701,.T.);
#3324=EDGE_CURVE('',#2641,#2639,#1638,.T.);
#3325=EDGE_CURVE('',#2641,#2642,#702,.T.);
#3326=EDGE_CURVE('',#2640,#2642,#1639,.T.);
#3327=EDGE_CURVE('',#2643,#2644,#1640,.T.);
#3328=EDGE_CURVE('',#2640,#2643,#1641,.T.);
#3329=EDGE_CURVE('',#2642,#2644,#1642,.T.);
#3330=EDGE_CURVE('',#2644,#2633,#1643,.T.);
#3331=EDGE_CURVE('',#2638,#2641,#1644,.T.);
#3332=EDGE_CURVE('',#2645,#2639,#1645,.T.);
#3333=EDGE_CURVE('',#2646,#2645,#1646,.T.);
#3334=EDGE_CURVE('',#2647,#2646,#1647,.T.);
#3335=EDGE_CURVE('',#2648,#2647,#1648,.T.);
#3336=EDGE_CURVE('',#2637,#2648,#1649,.T.);
#3337=EDGE_CURVE('',#2648,#2649,#703,.T.);
#3338=EDGE_CURVE('',#2649,#2650,#1650,.T.);
#3339=EDGE_CURVE('',#2650,#2651,#704,.T.);
#3340=EDGE_CURVE('',#2651,#2652,#278,.T.);
#3341=EDGE_CURVE('',#2652,#2653,#1651,.T.);
#3342=EDGE_CURVE('',#2653,#2654,#279,.T.);
#3343=EDGE_CURVE('',#2654,#2655,#1652,.T.);
#3344=EDGE_CURVE('',#2655,#2645,#705,.T.);
#3345=EDGE_CURVE('',#2643,#2656,#1653,.T.);
#3346=EDGE_CURVE('',#2656,#2657,#706,.T.);
#3347=EDGE_CURVE('',#2657,#2658,#1654,.T.);
#3348=EDGE_CURVE('',#2658,#2659,#1655,.T.);
#3349=EDGE_CURVE('',#2659,#2660,#707,.T.);
#3350=EDGE_CURVE('',#2660,#2661,#1656,.T.);
#3351=EDGE_CURVE('',#2661,#2662,#708,.T.);
#3352=EDGE_CURVE('',#2662,#2663,#1657,.T.);
#3353=EDGE_CURVE('',#2663,#2664,#1658,.T.);
#3354=EDGE_CURVE('',#2664,#2665,#709,.T.);
#3355=EDGE_CURVE('',#2665,#2666,#1659,.T.);
#3356=EDGE_CURVE('',#2666,#2667,#710,.T.);
#3357=EDGE_CURVE('',#2667,#2668,#1660,.T.);
#3358=EDGE_CURVE('',#2668,#2669,#1661,.T.);
#3359=EDGE_CURVE('',#2669,#2670,#711,.T.);
#3360=EDGE_CURVE('',#2670,#2671,#1662,.T.);
#3361=EDGE_CURVE('',#2671,#2672,#712,.T.);
#3362=EDGE_CURVE('',#2672,#2673,#1663,.T.);
#3363=EDGE_CURVE('',#2673,#2674,#1664,.T.);
#3364=EDGE_CURVE('',#2674,#2675,#713,.T.);
#3365=EDGE_CURVE('',#2675,#2634,#1665,.T.);
#3366=EDGE_CURVE('',#2676,#2676,#714,.T.);
#3367=EDGE_CURVE('',#2677,#2677,#715,.T.);
#3368=EDGE_CURVE('',#2678,#2678,#716,.T.);
#3369=EDGE_CURVE('',#2679,#2679,#717,.T.);
#3370=EDGE_CURVE('',#2680,#2681,#1666,.T.);
#3371=EDGE_CURVE('',#2681,#2682,#718,.T.);
#3372=EDGE_CURVE('',#2682,#2683,#1667,.T.);
#3373=EDGE_CURVE('',#2683,#2684,#719,.T.);
#3374=EDGE_CURVE('',#2684,#2685,#1668,.T.);
#3375=EDGE_CURVE('',#2685,#2686,#720,.T.);
#3376=EDGE_CURVE('',#2686,#2687,#1669,.T.);
#3377=EDGE_CURVE('',#2687,#2680,#721,.T.);
#3378=EDGE_CURVE('',#2688,#2688,#722,.T.);
#3379=EDGE_CURVE('',#2689,#2689,#723,.T.);
#3380=EDGE_CURVE('',#2690,#2690,#724,.T.);
#3381=EDGE_CURVE('',#2691,#2691,#725,.T.);
#3382=EDGE_CURVE('',#2692,#2693,#1670,.T.);
#3383=EDGE_CURVE('',#2693,#2694,#726,.F.);
#3384=EDGE_CURVE('',#2694,#2695,#1671,.T.);
#3385=EDGE_CURVE('',#2695,#2692,#247,.T.);
#3386=EDGE_CURVE('',#2696,#2692,#1672,.T.);
#3387=EDGE_CURVE('',#2695,#2697,#1673,.T.);
#3388=EDGE_CURVE('',#2697,#2696,#248,.T.);
#3389=EDGE_CURVE('',#2697,#2698,#1674,.T.);
#3390=EDGE_CURVE('',#2698,#2699,#727,.F.);
#3391=EDGE_CURVE('',#2699,#2696,#1675,.T.);
#3392=EDGE_CURVE('',#2692,#2700,#1676,.T.);
#3393=EDGE_CURVE('',#2700,#2701,#1677,.T.);
#3394=EDGE_CURVE('',#2693,#2701,#1678,.T.);
#3395=EDGE_CURVE('',#2696,#2702,#1679,.T.);
#3396=EDGE_CURVE('',#2702,#2700,#1680,.T.);
#3397=EDGE_CURVE('',#2699,#2703,#1681,.T.);
#3398=EDGE_CURVE('',#2703,#2702,#1682,.T.);
#3399=EDGE_CURVE('',#2704,#2705,#1683,.T.);
#3400=EDGE_CURVE('',#2705,#2706,#728,.F.);
#3401=EDGE_CURVE('',#2706,#2707,#1684,.T.);
#3402=EDGE_CURVE('',#2707,#2704,#249,.T.);
#3403=EDGE_CURVE('',#2708,#2709,#1685,.T.);
#3404=EDGE_CURVE('',#2709,#2710,#729,.F.);
#3405=EDGE_CURVE('',#2710,#2711,#1686,.T.);
#3406=EDGE_CURVE('',#2711,#2708,#250,.T.);
#3407=EDGE_CURVE('',#2707,#2708,#1687,.T.);
#3408=EDGE_CURVE('',#2711,#2704,#1688,.T.);
#3409=EDGE_CURVE('',#2705,#2694,#1689,.T.);
#3410=EDGE_CURVE('',#2712,#2710,#1690,.T.);
#3411=EDGE_CURVE('',#2713,#2712,#730,.T.);
#3412=EDGE_CURVE('',#2714,#2713,#1691,.T.);
#3413=EDGE_CURVE('',#2715,#2714,#731,.T.);
#3414=EDGE_CURVE('',#2716,#2715,#1692,.T.);
#3415=EDGE_CURVE('',#2716,#2717,#732,.T.);
#3416=EDGE_CURVE('',#2718,#2717,#1693,.T.);
#3417=EDGE_CURVE('',#2719,#2718,#733,.T.);
#3418=EDGE_CURVE('',#2698,#2719,#1694,.T.);
#3419=EDGE_CURVE('',#2706,#2720,#1695,.T.);
#3420=EDGE_CURVE('',#2720,#2721,#1696,.T.);
#3421=EDGE_CURVE('',#2707,#2721,#1697,.T.);
#3422=EDGE_CURVE('',#2708,#2722,#1698,.T.);
#3423=EDGE_CURVE('',#2722,#2723,#1699,.T.);
#3424=EDGE_CURVE('',#2709,#2723,#1700,.T.);
#3425=EDGE_CURVE('',#2721,#2722,#1701,.T.);
#3426=EDGE_CURVE('',#2723,#2720,#1702,.T.);
#3427=EDGE_CURVE('',#2701,#2703,#1703,.T.);
#3428=EDGE_CURVE('',#2676,#2724,#734,.T.);
#3429=EDGE_CURVE('',#2724,#2725,#735,.T.);
#3430=EDGE_CURVE('',#2725,#2724,#736,.T.);
#3431=EDGE_CURVE('',#2725,#2726,#1704,.T.);
#3432=EDGE_CURVE('',#2726,#2726,#737,.T.);
#3433=EDGE_CURVE('',#2691,#2727,#738,.T.);
#3434=EDGE_CURVE('',#2727,#2727,#739,.T.);
#3435=EDGE_CURVE('',#2728,#2728,#740,.T.);
#3436=EDGE_CURVE('',#2728,#2727,#1705,.T.);
#3437=EDGE_CURVE('',#2677,#2729,#741,.T.);
#3438=EDGE_CURVE('',#2729,#2729,#742,.T.);
#3439=EDGE_CURVE('',#2730,#2730,#743,.T.);
#3440=EDGE_CURVE('',#2730,#2729,#1706,.T.);
#3441=EDGE_CURVE('',#2690,#2731,#744,.T.);
#3442=EDGE_CURVE('',#2731,#2731,#745,.T.);
#3443=EDGE_CURVE('',#2732,#2732,#746,.T.);
#3444=EDGE_CURVE('',#2732,#2731,#1707,.T.);
#3445=EDGE_CURVE('',#2678,#2733,#747,.T.);
#3446=EDGE_CURVE('',#2733,#2733,#748,.T.);
#3447=EDGE_CURVE('',#2734,#2734,#749,.T.);
#3448=EDGE_CURVE('',#2734,#2733,#1708,.T.);
#3449=EDGE_CURVE('',#2689,#2735,#750,.T.);
#3450=EDGE_CURVE('',#2735,#2735,#751,.T.);
#3451=EDGE_CURVE('',#2736,#2736,#752,.T.);
#3452=EDGE_CURVE('',#2736,#2735,#1709,.T.);
#3453=EDGE_CURVE('',#2679,#2737,#753,.T.);
#3454=EDGE_CURVE('',#2737,#2737,#754,.T.);
#3455=EDGE_CURVE('',#2738,#2738,#755,.T.);
#3456=EDGE_CURVE('',#2738,#2737,#1710,.T.);
#3457=EDGE_CURVE('',#2688,#2739,#756,.T.);
#3458=EDGE_CURVE('',#2739,#2739,#757,.T.);
#3459=EDGE_CURVE('',#2740,#2740,#758,.T.);
#3460=EDGE_CURVE('',#2740,#2739,#1711,.T.);
#3461=EDGE_CURVE('',#2741,#2742,#280,.T.);
#3462=EDGE_CURVE('',#2743,#2741,#281,.T.);
#3463=EDGE_CURVE('',#2744,#2743,#1712,.T.);
#3464=EDGE_CURVE('',#2745,#2744,#1713,.T.);
#3465=EDGE_CURVE('',#2746,#2745,#282,.T.);
#3466=EDGE_CURVE('',#2747,#2746,#283,.T.);
#3467=EDGE_CURVE('',#2748,#2747,#1714,.T.);
#3468=EDGE_CURVE('',#2749,#2748,#284,.T.);
#3469=EDGE_CURVE('',#2750,#2749,#285,.T.);
#3470=EDGE_CURVE('',#2751,#2750,#1715,.T.);
#3471=EDGE_CURVE('',#2752,#2751,#1716,.T.);
#3472=EDGE_CURVE('',#2753,#2752,#286,.T.);
#3473=EDGE_CURVE('',#2754,#2753,#287,.T.);
#3474=EDGE_CURVE('',#2755,#2754,#1717,.T.);
#3475=EDGE_CURVE('',#2756,#2755,#1718,.T.);
#3476=EDGE_CURVE('',#2757,#2756,#1719,.T.);
#3477=EDGE_CURVE('',#2758,#2757,#288,.T.);
#3478=EDGE_CURVE('',#2759,#2758,#289,.T.);
#3479=EDGE_CURVE('',#2760,#2759,#290,.T.);
#3480=EDGE_CURVE('',#2761,#2760,#291,.T.);
#3481=EDGE_CURVE('',#2762,#2761,#292,.T.);
#3482=EDGE_CURVE('',#2763,#2762,#293,.T.);
#3483=EDGE_CURVE('',#2764,#2763,#294,.T.);
#3484=EDGE_CURVE('',#2765,#2764,#295,.T.);
#3485=EDGE_CURVE('',#2766,#2765,#296,.T.);
#3486=EDGE_CURVE('',#2767,#2766,#297,.T.);
#3487=EDGE_CURVE('',#2768,#2767,#298,.T.);
#3488=EDGE_CURVE('',#2769,#2768,#299,.T.);
#3489=EDGE_CURVE('',#2770,#2769,#300,.T.);
#3490=EDGE_CURVE('',#2771,#2770,#301,.T.);
#3491=EDGE_CURVE('',#2772,#2771,#302,.T.);
#3492=EDGE_CURVE('',#2773,#2772,#303,.T.);
#3493=EDGE_CURVE('',#2774,#2773,#304,.T.);
#3494=EDGE_CURVE('',#2775,#2774,#305,.T.);
#3495=EDGE_CURVE('',#2776,#2775,#306,.T.);
#3496=EDGE_CURVE('',#2777,#2776,#307,.T.);
#3497=EDGE_CURVE('',#2778,#2777,#308,.T.);
#3498=EDGE_CURVE('',#2779,#2778,#309,.T.);
#3499=EDGE_CURVE('',#2780,#2779,#310,.T.);
#3500=EDGE_CURVE('',#2781,#2780,#311,.T.);
#3501=EDGE_CURVE('',#2782,#2781,#312,.T.);
#3502=EDGE_CURVE('',#2783,#2782,#313,.T.);
#3503=EDGE_CURVE('',#2784,#2783,#314,.T.);
#3504=EDGE_CURVE('',#2785,#2784,#315,.T.);
#3505=EDGE_CURVE('',#2786,#2785,#316,.T.);
#3506=EDGE_CURVE('',#2787,#2786,#317,.T.);
#3507=EDGE_CURVE('',#2788,#2787,#1720,.T.);
#3508=EDGE_CURVE('',#2789,#2788,#318,.T.);
#3509=EDGE_CURVE('',#2790,#2789,#319,.T.);
#3510=EDGE_CURVE('',#2791,#2790,#320,.T.);
#3511=EDGE_CURVE('',#2792,#2791,#321,.T.);
#3512=EDGE_CURVE('',#2793,#2792,#322,.T.);
#3513=EDGE_CURVE('',#2794,#2793,#323,.T.);
#3514=EDGE_CURVE('',#2795,#2794,#324,.T.);
#3515=EDGE_CURVE('',#2796,#2795,#325,.T.);
#3516=EDGE_CURVE('',#2797,#2796,#326,.T.);
#3517=EDGE_CURVE('',#2798,#2797,#1721,.T.);
#3518=EDGE_CURVE('',#2799,#2798,#327,.T.);
#3519=EDGE_CURVE('',#2800,#2799,#328,.T.);
#3520=EDGE_CURVE('',#2801,#2800,#1722,.T.);
#3521=EDGE_CURVE('',#2802,#2801,#1723,.T.);
#3522=EDGE_CURVE('',#2803,#2802,#329,.T.);
#3523=EDGE_CURVE('',#2804,#2803,#330,.T.);
#3524=EDGE_CURVE('',#2805,#2804,#331,.T.);
#3525=EDGE_CURVE('',#2806,#2805,#332,.T.);
#3526=EDGE_CURVE('',#2807,#2806,#333,.T.);
#3527=EDGE_CURVE('',#2808,#2807,#334,.T.);
#3528=EDGE_CURVE('',#2809,#2808,#335,.T.);
#3529=EDGE_CURVE('',#2810,#2809,#336,.T.);
#3530=EDGE_CURVE('',#2811,#2810,#337,.T.);
#3531=EDGE_CURVE('',#2812,#2811,#338,.T.);
#3532=EDGE_CURVE('',#2813,#2812,#339,.T.);
#3533=EDGE_CURVE('',#2814,#2813,#340,.T.);
#3534=EDGE_CURVE('',#2815,#2814,#1724,.T.);
#3535=EDGE_CURVE('',#2816,#2815,#1725,.T.);
#3536=EDGE_CURVE('',#2817,#2816,#341,.T.);
#3537=EDGE_CURVE('',#2818,#2817,#342,.T.);
#3538=EDGE_CURVE('',#2819,#2818,#343,.T.);
#3539=EDGE_CURVE('',#2820,#2819,#344,.T.);
#3540=EDGE_CURVE('',#2821,#2820,#345,.T.);
#3541=EDGE_CURVE('',#2822,#2821,#346,.T.);
#3542=EDGE_CURVE('',#2823,#2822,#347,.T.);
#3543=EDGE_CURVE('',#2824,#2823,#348,.T.);
#3544=EDGE_CURVE('',#2825,#2824,#1726,.T.);
#3545=EDGE_CURVE('',#2826,#2825,#349,.T.);
#3546=EDGE_CURVE('',#2827,#2826,#350,.T.);
#3547=EDGE_CURVE('',#2828,#2827,#351,.T.);
#3548=EDGE_CURVE('',#2829,#2828,#352,.T.);
#3549=EDGE_CURVE('',#2830,#2829,#353,.T.);
#3550=EDGE_CURVE('',#2831,#2830,#354,.T.);
#3551=EDGE_CURVE('',#2832,#2831,#355,.T.);
#3552=EDGE_CURVE('',#2833,#2832,#356,.T.);
#3553=EDGE_CURVE('',#2834,#2833,#357,.T.);
#3554=EDGE_CURVE('',#2835,#2834,#1727,.T.);
#3555=EDGE_CURVE('',#2836,#2835,#358,.T.);
#3556=EDGE_CURVE('',#2837,#2836,#359,.T.);
#3557=EDGE_CURVE('',#2838,#2837,#360,.T.);
#3558=EDGE_CURVE('',#2839,#2838,#1728,.T.);
#3559=EDGE_CURVE('',#2840,#2839,#1729,.T.);
#3560=EDGE_CURVE('',#2841,#2840,#361,.T.);
#3561=EDGE_CURVE('',#2842,#2841,#1730,.T.);
#3562=EDGE_CURVE('',#2843,#2842,#362,.T.);
#3563=EDGE_CURVE('',#2844,#2843,#1731,.T.);
#3564=EDGE_CURVE('',#2845,#2844,#1732,.T.);
#3565=EDGE_CURVE('',#2846,#2845,#363,.T.);
#3566=EDGE_CURVE('',#2847,#2846,#364,.T.);
#3567=EDGE_CURVE('',#2848,#2847,#1733,.T.);
#3568=EDGE_CURVE('',#2849,#2848,#1734,.T.);
#3569=EDGE_CURVE('',#2850,#2849,#365,.T.);
#3570=EDGE_CURVE('',#2851,#2850,#366,.T.);
#3571=EDGE_CURVE('',#2852,#2851,#1735,.T.);
#3572=EDGE_CURVE('',#2853,#2852,#1736,.T.);
#3573=EDGE_CURVE('',#2854,#2853,#367,.T.);
#3574=EDGE_CURVE('',#2855,#2854,#368,.T.);
#3575=EDGE_CURVE('',#2856,#2855,#369,.T.);
#3576=EDGE_CURVE('',#2857,#2856,#370,.T.);
#3577=EDGE_CURVE('',#2858,#2857,#371,.T.);
#3578=EDGE_CURVE('',#2859,#2858,#372,.T.);
#3579=EDGE_CURVE('',#2860,#2859,#373,.T.);
#3580=EDGE_CURVE('',#2861,#2860,#374,.T.);
#3581=EDGE_CURVE('',#2862,#2861,#375,.T.);
#3582=EDGE_CURVE('',#2863,#2862,#1737,.T.);
#3583=EDGE_CURVE('',#2864,#2863,#376,.T.);
#3584=EDGE_CURVE('',#2865,#2864,#377,.T.);
#3585=EDGE_CURVE('',#2866,#2865,#378,.T.);
#3586=EDGE_CURVE('',#2867,#2866,#1738,.T.);
#3587=EDGE_CURVE('',#2868,#2867,#379,.T.);
#3588=EDGE_CURVE('',#2869,#2868,#380,.T.);
#3589=EDGE_CURVE('',#2870,#2869,#381,.T.);
#3590=EDGE_CURVE('',#2871,#2870,#382,.T.);
#3591=EDGE_CURVE('',#2872,#2871,#383,.T.);
#3592=EDGE_CURVE('',#2873,#2872,#384,.T.);
#3593=EDGE_CURVE('',#2874,#2873,#385,.T.);
#3594=EDGE_CURVE('',#2875,#2874,#386,.T.);
#3595=EDGE_CURVE('',#2876,#2875,#387,.T.);
#3596=EDGE_CURVE('',#2877,#2876,#388,.T.);
#3597=EDGE_CURVE('',#2878,#2877,#389,.T.);
#3598=EDGE_CURVE('',#2879,#2878,#390,.T.);
#3599=EDGE_CURVE('',#2880,#2879,#391,.T.);
#3600=EDGE_CURVE('',#2881,#2880,#392,.T.);
#3601=EDGE_CURVE('',#2882,#2881,#393,.T.);
#3602=EDGE_CURVE('',#2883,#2882,#394,.T.);
#3603=EDGE_CURVE('',#2884,#2883,#395,.T.);
#3604=EDGE_CURVE('',#2885,#2884,#396,.T.);
#3605=EDGE_CURVE('',#2886,#2885,#1739,.T.);
#3606=EDGE_CURVE('',#2887,#2886,#397,.T.);
#3607=EDGE_CURVE('',#2888,#2887,#398,.T.);
#3608=EDGE_CURVE('',#2889,#2888,#399,.T.);
#3609=EDGE_CURVE('',#2890,#2889,#1740,.T.);
#3610=EDGE_CURVE('',#2891,#2890,#400,.T.);
#3611=EDGE_CURVE('',#2892,#2891,#401,.T.);
#3612=EDGE_CURVE('',#2893,#2892,#402,.T.);
#3613=EDGE_CURVE('',#2894,#2893,#403,.T.);
#3614=EDGE_CURVE('',#2895,#2894,#404,.T.);
#3615=EDGE_CURVE('',#2896,#2895,#405,.T.);
#3616=EDGE_CURVE('',#2897,#2896,#406,.T.);
#3617=EDGE_CURVE('',#2898,#2897,#407,.T.);
#3618=EDGE_CURVE('',#2899,#2898,#408,.T.);
#3619=EDGE_CURVE('',#2900,#2899,#409,.T.);
#3620=EDGE_CURVE('',#2901,#2900,#1741,.T.);
#3621=EDGE_CURVE('',#2902,#2901,#1742,.T.);
#3622=EDGE_CURVE('',#2903,#2902,#410,.T.);
#3623=EDGE_CURVE('',#2904,#2903,#411,.T.);
#3624=EDGE_CURVE('',#2905,#2904,#412,.T.);
#3625=EDGE_CURVE('',#2906,#2905,#413,.T.);
#3626=EDGE_CURVE('',#2907,#2906,#1743,.T.);
#3627=EDGE_CURVE('',#2908,#2907,#1744,.T.);
#3628=EDGE_CURVE('',#2909,#2908,#414,.T.);
#3629=EDGE_CURVE('',#2910,#2909,#415,.T.);
#3630=EDGE_CURVE('',#2911,#2910,#1745,.T.);
#3631=EDGE_CURVE('',#2912,#2911,#416,.T.);
#3632=EDGE_CURVE('',#2742,#2912,#417,.T.);
#3633=EDGE_CURVE('',#2913,#2914,#418,.T.);
#3634=EDGE_CURVE('',#2915,#2913,#419,.T.);
#3635=EDGE_CURVE('',#2916,#2915,#420,.T.);
#3636=EDGE_CURVE('',#2917,#2916,#421,.T.);
#3637=EDGE_CURVE('',#2918,#2917,#422,.T.);
#3638=EDGE_CURVE('',#2919,#2918,#423,.T.);
#3639=EDGE_CURVE('',#2920,#2919,#424,.T.);
#3640=EDGE_CURVE('',#2921,#2920,#425,.T.);
#3641=EDGE_CURVE('',#2922,#2921,#426,.T.);
#3642=EDGE_CURVE('',#2923,#2922,#427,.T.);
#3643=EDGE_CURVE('',#2914,#2923,#428,.T.);
#3644=EDGE_CURVE('',#2924,#2925,#429,.T.);
#3645=EDGE_CURVE('',#2926,#2924,#1746,.T.);
#3646=EDGE_CURVE('',#2927,#2926,#1747,.T.);
#3647=EDGE_CURVE('',#2928,#2927,#430,.T.);
#3648=EDGE_CURVE('',#2929,#2928,#431,.T.);
#3649=EDGE_CURVE('',#2930,#2929,#432,.T.);
#3650=EDGE_CURVE('',#2931,#2930,#433,.T.);
#3651=EDGE_CURVE('',#2932,#2931,#434,.T.);
#3652=EDGE_CURVE('',#2933,#2932,#435,.T.);
#3653=EDGE_CURVE('',#2925,#2933,#436,.T.);
#3654=EDGE_CURVE('',#2934,#2935,#437,.T.);
#3655=EDGE_CURVE('',#2936,#2934,#438,.T.);
#3656=EDGE_CURVE('',#2937,#2936,#439,.T.);
#3657=EDGE_CURVE('',#2938,#2937,#440,.T.);
#3658=EDGE_CURVE('',#2939,#2938,#441,.T.);
#3659=EDGE_CURVE('',#2940,#2939,#442,.T.);
#3660=EDGE_CURVE('',#2941,#2940,#443,.T.);
#3661=EDGE_CURVE('',#2942,#2941,#1748,.T.);
#3662=EDGE_CURVE('',#2943,#2942,#1749,.T.);
#3663=EDGE_CURVE('',#2944,#2943,#444,.T.);
#3664=EDGE_CURVE('',#2945,#2944,#1750,.T.);
#3665=EDGE_CURVE('',#2946,#2945,#1751,.T.);
#3666=EDGE_CURVE('',#2947,#2946,#445,.T.);
#3667=EDGE_CURVE('',#2948,#2947,#446,.T.);
#3668=EDGE_CURVE('',#2949,#2948,#447,.T.);
#3669=EDGE_CURVE('',#2950,#2949,#448,.T.);
#3670=EDGE_CURVE('',#2951,#2950,#1752,.T.);
#3671=EDGE_CURVE('',#2952,#2951,#1753,.T.);
#3672=EDGE_CURVE('',#2935,#2952,#449,.T.);
#3673=EDGE_CURVE('',#2953,#2954,#450,.T.);
#3674=EDGE_CURVE('',#2955,#2953,#451,.T.);
#3675=EDGE_CURVE('',#2956,#2955,#452,.T.);
#3676=EDGE_CURVE('',#2957,#2956,#453,.T.);
#3677=EDGE_CURVE('',#2958,#2957,#454,.T.);
#3678=EDGE_CURVE('',#2959,#2958,#455,.T.);
#3679=EDGE_CURVE('',#2960,#2959,#456,.T.);
#3680=EDGE_CURVE('',#2961,#2960,#457,.T.);
#3681=EDGE_CURVE('',#2962,#2961,#458,.T.);
#3682=EDGE_CURVE('',#2963,#2962,#459,.T.);
#3683=EDGE_CURVE('',#2954,#2963,#460,.T.);
#3684=EDGE_CURVE('',#2964,#2965,#461,.T.);
#3685=EDGE_CURVE('',#2966,#2964,#1754,.T.);
#3686=EDGE_CURVE('',#2967,#2966,#1755,.T.);
#3687=EDGE_CURVE('',#2968,#2967,#1756,.T.);
#3688=EDGE_CURVE('',#2969,#2968,#1757,.T.);
#3689=EDGE_CURVE('',#2970,#2969,#462,.T.);
#3690=EDGE_CURVE('',#2971,#2970,#463,.T.);
#3691=EDGE_CURVE('',#2972,#2971,#464,.T.);
#3692=EDGE_CURVE('',#2973,#2972,#465,.T.);
#3693=EDGE_CURVE('',#2974,#2973,#466,.T.);
#3694=EDGE_CURVE('',#2975,#2974,#467,.T.);
#3695=EDGE_CURVE('',#2976,#2975,#1758,.T.);
#3696=EDGE_CURVE('',#2977,#2976,#1759,.T.);
#3697=EDGE_CURVE('',#2978,#2977,#1760,.T.);
#3698=EDGE_CURVE('',#2979,#2978,#468,.T.);
#3699=EDGE_CURVE('',#2980,#2979,#469,.T.);
#3700=EDGE_CURVE('',#2981,#2980,#470,.T.);
#3701=EDGE_CURVE('',#2982,#2981,#471,.T.);
#3702=EDGE_CURVE('',#2983,#2982,#472,.T.);
#3703=EDGE_CURVE('',#2965,#2983,#473,.T.);
#3704=EDGE_CURVE('',#2984,#2985,#474,.T.);
#3705=EDGE_CURVE('',#2986,#2984,#475,.T.);
#3706=EDGE_CURVE('',#2987,#2986,#476,.T.);
#3707=EDGE_CURVE('',#2988,#2987,#477,.T.);
#3708=EDGE_CURVE('',#2989,#2988,#478,.T.);
#3709=EDGE_CURVE('',#2990,#2989,#479,.T.);
#3710=EDGE_CURVE('',#2991,#2990,#480,.T.);
#3711=EDGE_CURVE('',#2992,#2991,#481,.T.);
#3712=EDGE_CURVE('',#2993,#2992,#482,.T.);
#3713=EDGE_CURVE('',#2994,#2993,#483,.T.);
#3714=EDGE_CURVE('',#2985,#2994,#484,.T.);
#3715=EDGE_CURVE('',#2995,#2996,#1761,.T.);
#3716=EDGE_CURVE('',#2997,#2995,#759,.T.);
#3717=EDGE_CURVE('',#2998,#2997,#1762,.T.);
#3718=EDGE_CURVE('',#2999,#2998,#760,.T.);
#3719=EDGE_CURVE('',#3000,#2999,#1763,.T.);
#3720=EDGE_CURVE('',#3001,#3000,#761,.T.);
#3721=EDGE_CURVE('',#3002,#3001,#1764,.T.);
#3722=EDGE_CURVE('',#2996,#3002,#762,.T.);
#3723=EDGE_CURVE('',#3003,#2999,#763,.T.);
#3724=EDGE_CURVE('',#3004,#2998,#764,.T.);
#3725=EDGE_CURVE('',#3004,#3003,#765,.T.);
#3726=EDGE_CURVE('',#3005,#3000,#766,.T.);
#3727=EDGE_CURVE('',#3003,#3005,#1765,.T.);
#3728=EDGE_CURVE('',#3006,#3001,#767,.T.);
#3729=EDGE_CURVE('',#3005,#3006,#768,.T.);
#3730=EDGE_CURVE('',#3007,#3002,#769,.T.);
#3731=EDGE_CURVE('',#3006,#3007,#1766,.T.);
#3732=EDGE_CURVE('',#2996,#3008,#770,.T.);
#3733=EDGE_CURVE('',#3007,#3008,#771,.T.);
#3734=EDGE_CURVE('',#3008,#3009,#1767,.T.);
#3735=EDGE_CURVE('',#3009,#2995,#772,.T.);
#3736=EDGE_CURVE('',#3010,#2997,#773,.T.);
#3737=EDGE_CURVE('',#3009,#3010,#774,.T.);
#3738=EDGE_CURVE('',#3010,#3004,#1768,.T.);
#3739=EDGE_CURVE('',#3011,#3012,#775,.T.);
#3740=EDGE_CURVE('',#3012,#3013,#776,.T.);
#3741=EDGE_CURVE('',#3014,#3013,#777,.T.);
#3742=EDGE_CURVE('',#3014,#3011,#778,.T.);
#3743=EDGE_CURVE('',#3015,#3016,#779,.T.);
#3744=EDGE_CURVE('',#3016,#3012,#1769,.T.);
#3745=EDGE_CURVE('',#3011,#3015,#1770,.T.);
#3746=EDGE_CURVE('',#3017,#3018,#780,.T.);
#3747=EDGE_CURVE('',#3018,#3016,#781,.T.);
#3748=EDGE_CURVE('',#3015,#3017,#782,.T.);
#3749=EDGE_CURVE('',#3019,#3018,#1771,.T.);
#3750=EDGE_CURVE('',#3019,#3020,#1772,.T.);
#3751=EDGE_CURVE('',#3013,#3020,#1773,.T.);
#3752=EDGE_CURVE('',#3020,#3021,#783,.T.);
#3753=EDGE_CURVE('',#3021,#3014,#1774,.T.);
#3754=EDGE_CURVE('',#3022,#3019,#784,.T.);
#3755=EDGE_CURVE('',#3017,#3022,#1775,.T.);
#3756=EDGE_CURVE('',#3023,#3024,#1776,.T.);
#3757=EDGE_CURVE('',#3023,#3025,#1777,.T.);
#3758=EDGE_CURVE('',#3026,#3025,#1778,.T.);
#3759=EDGE_CURVE('',#3027,#3026,#785,.T.);
#3760=EDGE_CURVE('',#3028,#3027,#1779,.T.);
#3761=EDGE_CURVE('',#3024,#3028,#786,.T.);
#3762=EDGE_CURVE('',#3025,#3029,#787,.T.);
#3763=EDGE_CURVE('',#3029,#3030,#1780,.T.);
#3764=EDGE_CURVE('',#3030,#3026,#788,.T.);
#3765=EDGE_CURVE('',#3031,#3027,#789,.T.);
#3766=EDGE_CURVE('',#3030,#3031,#790,.T.);
#3767=EDGE_CURVE('',#3032,#3028,#791,.T.);
#3768=EDGE_CURVE('',#3031,#3032,#1781,.T.);
#3769=EDGE_CURVE('',#3033,#3024,#792,.T.);
#3770=EDGE_CURVE('',#3032,#3033,#793,.T.);
#3771=EDGE_CURVE('',#3034,#3023,#794,.T.);
#3772=EDGE_CURVE('',#3033,#3034,#1782,.T.);
#3773=EDGE_CURVE('',#3035,#3035,#795,.T.);
#3774=EDGE_CURVE('',#3036,#3036,#796,.T.);
#3775=EDGE_CURVE('',#2680,#3004,#1783,.T.);
#3776=EDGE_CURVE('',#2687,#3003,#1784,.T.);
#3777=EDGE_CURVE('',#2686,#3005,#1785,.T.);
#3778=EDGE_CURVE('',#2685,#3006,#1786,.T.);
#3779=EDGE_CURVE('',#2684,#3007,#1787,.T.);
#3780=EDGE_CURVE('',#2683,#3008,#1788,.T.);
#3781=EDGE_CURVE('',#2682,#3009,#1789,.T.);
#3782=EDGE_CURVE('',#2681,#3010,#1790,.T.);
#3783=EDGE_CURVE('',#2667,#2714,#1791,.T.);
#3784=EDGE_CURVE('',#2715,#2666,#1792,.T.);
#3785=EDGE_CURVE('',#2665,#2716,#1793,.T.);
#3786=EDGE_CURVE('',#2717,#2664,#1794,.T.);
#3787=EDGE_CURVE('',#2663,#3021,#1795,.T.);
#3788=EDGE_CURVE('',#2662,#3014,#1796,.T.);
#3789=EDGE_CURVE('',#2661,#3011,#1797,.T.);
#3790=EDGE_CURVE('',#2660,#3015,#1798,.T.);
#3791=EDGE_CURVE('',#2659,#3017,#1799,.T.);
#3792=EDGE_CURVE('',#2658,#3022,#1800,.T.);
#3793=EDGE_CURVE('',#2657,#2718,#1801,.T.);
#3794=EDGE_CURVE('',#2719,#2656,#1802,.T.);
#3795=EDGE_CURVE('',#2675,#2712,#1803,.T.);
#3796=EDGE_CURVE('',#2713,#2674,#1804,.T.);
#3797=EDGE_CURVE('',#2668,#3034,#1805,.T.);
#3798=EDGE_CURVE('',#2673,#3029,#1806,.T.);
#3799=EDGE_CURVE('',#2672,#3030,#1807,.T.);
#3800=EDGE_CURVE('',#2671,#3031,#1808,.T.);
#3801=EDGE_CURVE('',#2670,#3032,#1809,.T.);
#3802=EDGE_CURVE('',#2669,#3033,#1810,.T.);
#3803=EDGE_CURVE('',#3037,#3037,#797,.T.);
#3804=EDGE_CURVE('',#3038,#3038,#798,.T.);
#3805=EDGE_CURVE('',#3039,#3039,#799,.T.);
#3806=EDGE_CURVE('',#3039,#3035,#1811,.T.);
#3807=EDGE_CURVE('',#3040,#3040,#800,.T.);
#3808=EDGE_CURVE('',#3040,#3036,#1812,.T.);
#3809=EDGE_CURVE('',#3041,#3042,#1813,.T.);
#3810=EDGE_CURVE('',#3042,#2650,#1814,.T.);
#3811=EDGE_CURVE('',#3041,#2649,#1815,.T.);
#3812=EDGE_CURVE('',#3043,#3042,#801,.F.);
#3813=EDGE_CURVE('',#3043,#2651,#1816,.T.);
#3814=EDGE_CURVE('',#3044,#3043,#485,.T.);
#3815=EDGE_CURVE('',#3044,#2652,#1817,.T.);
#3816=EDGE_CURVE('',#3045,#3046,#486,.T.);
#3817=EDGE_CURVE('',#3045,#2654,#1818,.T.);
#3818=EDGE_CURVE('',#3046,#2653,#1819,.T.);
#3819=EDGE_CURVE('',#3045,#3047,#1820,.T.);
#3820=EDGE_CURVE('',#3047,#2655,#1821,.T.);
#3821=EDGE_CURVE('',#3048,#3047,#487,.T.);
#3822=EDGE_CURVE('',#2646,#3048,#488,.T.);
#3823=EDGE_CURVE('',#3041,#3049,#489,.T.);
#3824=EDGE_CURVE('',#2647,#3049,#490,.T.);
#3825=EDGE_CURVE('',#3050,#3050,#802,.T.);
#3826=EDGE_CURVE('',#3050,#3037,#1822,.T.);
#3827=EDGE_CURVE('',#3051,#3051,#803,.T.);
#3828=EDGE_CURVE('',#3051,#3038,#1823,.T.);
#3829=EDGE_CURVE('',#3052,#3052,#804,.T.);
#3830=EDGE_CURVE('',#3052,#3039,#1824,.T.);
#3831=EDGE_CURVE('',#3053,#3053,#805,.T.);
#3832=EDGE_CURVE('',#3053,#3040,#1825,.T.);
#3833=EDGE_CURVE('',#3043,#3054,#491,.T.);
#3834=EDGE_CURVE('',#3049,#3055,#492,.T.);
#3835=EDGE_CURVE('',#3055,#3054,#493,.T.);
#3836=EDGE_CURVE('',#3054,#3056,#494,.T.);
#3837=EDGE_CURVE('',#3056,#3044,#495,.T.);
#3838=EDGE_CURVE('',#3056,#3057,#1826,.T.);
#3839=EDGE_CURVE('',#3046,#3057,#251,.T.);
#3840=EDGE_CURVE('',#3057,#3058,#496,.T.);
#3841=EDGE_CURVE('',#3058,#3045,#497,.T.);
#3842=EDGE_CURVE('',#3058,#3059,#1827,.T.);
#3843=EDGE_CURVE('',#3059,#3048,#498,.T.);
#3844=EDGE_CURVE('',#3059,#3055,#1828,.T.);
#3845=EDGE_CURVE('',#3060,#3060,#806,.T.);
#3846=EDGE_CURVE('',#3060,#3050,#1829,.T.);
#3847=EDGE_CURVE('',#3061,#3061,#807,.T.);
#3848=EDGE_CURVE('',#3061,#3051,#1830,.T.);
#3849=EDGE_CURVE('',#3062,#3063,#499,.T.);
#3850=EDGE_CURVE('',#3063,#3064,#500,.T.);
#3851=EDGE_CURVE('',#3064,#3065,#501,.T.);
#3852=EDGE_CURVE('',#3065,#3066,#1831,.T.);
#3853=EDGE_CURVE('',#3066,#3067,#502,.T.);
#3854=EDGE_CURVE('',#3067,#3068,#503,.T.);
#3855=EDGE_CURVE('',#3068,#3069,#1832,.T.);
#3856=EDGE_CURVE('',#3069,#3070,#1833,.T.);
#3857=EDGE_CURVE('',#3070,#3071,#504,.T.);
#3858=EDGE_CURVE('',#3071,#3072,#505,.T.);
#3859=EDGE_CURVE('',#3072,#3073,#506,.T.);
#3860=EDGE_CURVE('',#3073,#3074,#507,.T.);
#3861=EDGE_CURVE('',#3074,#3075,#1834,.T.);
#3862=EDGE_CURVE('',#3075,#3076,#1835,.T.);
#3863=EDGE_CURVE('',#3076,#3077,#508,.T.);
#3864=EDGE_CURVE('',#3077,#3078,#509,.T.);
#3865=EDGE_CURVE('',#3078,#3079,#510,.T.);
#3866=EDGE_CURVE('',#3079,#3080,#511,.T.);
#3867=EDGE_CURVE('',#3080,#3081,#512,.T.);
#3868=EDGE_CURVE('',#3081,#3082,#513,.T.);
#3869=EDGE_CURVE('',#3082,#3083,#514,.T.);
#3870=EDGE_CURVE('',#3083,#3084,#515,.T.);
#3871=EDGE_CURVE('',#3084,#3085,#516,.T.);
#3872=EDGE_CURVE('',#3085,#3086,#517,.T.);
#3873=EDGE_CURVE('',#3086,#3087,#1836,.T.);
#3874=EDGE_CURVE('',#3087,#3088,#518,.T.);
#3875=EDGE_CURVE('',#3088,#3089,#519,.T.);
#3876=EDGE_CURVE('',#3089,#3090,#520,.T.);
#3877=EDGE_CURVE('',#3091,#3090,#1837,.T.);
#3878=EDGE_CURVE('',#3091,#3092,#521,.T.);
#3879=EDGE_CURVE('',#3092,#3093,#522,.T.);
#3880=EDGE_CURVE('',#3093,#3094,#523,.T.);
#3881=EDGE_CURVE('',#3094,#3095,#524,.T.);
#3882=EDGE_CURVE('',#3095,#3096,#525,.T.);
#3883=EDGE_CURVE('',#3096,#3097,#526,.T.);
#3884=EDGE_CURVE('',#3097,#3098,#527,.T.);
#3885=EDGE_CURVE('',#3098,#3099,#528,.T.);
#3886=EDGE_CURVE('',#3099,#3100,#529,.T.);
#3887=EDGE_CURVE('',#3100,#3101,#530,.T.);
#3888=EDGE_CURVE('',#3101,#3102,#531,.T.);
#3889=EDGE_CURVE('',#3102,#3103,#532,.T.);
#3890=EDGE_CURVE('',#3103,#3104,#533,.T.);
#3891=EDGE_CURVE('',#3104,#3105,#534,.T.);
#3892=EDGE_CURVE('',#3105,#3106,#535,.T.);
#3893=EDGE_CURVE('',#3106,#3107,#536,.T.);
#3894=EDGE_CURVE('',#3107,#3108,#537,.T.);
#3895=EDGE_CURVE('',#3108,#3109,#252,.T.);
#3896=EDGE_CURVE('',#3109,#3110,#1838,.T.);
#3897=EDGE_CURVE('',#3110,#3111,#253,.T.);
#3898=EDGE_CURVE('',#3111,#3112,#538,.T.);
#3899=EDGE_CURVE('',#3112,#3113,#539,.T.);
#3900=EDGE_CURVE('',#3114,#3113,#1839,.T.);
#3901=EDGE_CURVE('',#3114,#3115,#540,.T.);
#3902=EDGE_CURVE('',#3115,#3116,#541,.T.);
#3903=EDGE_CURVE('',#3116,#3117,#542,.T.);
#3904=EDGE_CURVE('',#3117,#3118,#543,.T.);
#3905=EDGE_CURVE('',#3118,#3119,#544,.T.);
#3906=EDGE_CURVE('',#3119,#3120,#545,.T.);
#3907=EDGE_CURVE('',#3120,#3121,#546,.T.);
#3908=EDGE_CURVE('',#3121,#3122,#547,.T.);
#3909=EDGE_CURVE('',#3122,#3123,#254,.T.);
#3910=EDGE_CURVE('',#3123,#3124,#1840,.T.);
#3911=EDGE_CURVE('',#3124,#3125,#1841,.T.);
#3912=EDGE_CURVE('',#3125,#3126,#548,.T.);
#3913=EDGE_CURVE('',#3126,#3127,#549,.T.);
#3914=EDGE_CURVE('',#3127,#3128,#1842,.T.);
#3915=EDGE_CURVE('',#3128,#3129,#1843,.T.);
#3916=EDGE_CURVE('',#3129,#3130,#550,.T.);
#3917=EDGE_CURVE('',#3130,#3131,#551,.T.);
#3918=EDGE_CURVE('',#3131,#3132,#1844,.T.);
#3919=EDGE_CURVE('',#3132,#3133,#1845,.T.);
#3920=EDGE_CURVE('',#3133,#3134,#552,.T.);
#3921=EDGE_CURVE('',#3135,#3134,#1846,.T.);
#3922=EDGE_CURVE('',#3135,#3136,#553,.T.);
#3923=EDGE_CURVE('',#3136,#3137,#1847,.T.);
#3924=EDGE_CURVE('',#3137,#3138,#1848,.T.);
#3925=EDGE_CURVE('',#3138,#3139,#554,.T.);
#3926=EDGE_CURVE('',#3139,#3140,#555,.T.);
#3927=EDGE_CURVE('',#3140,#3141,#255,.T.);
#3928=EDGE_CURVE('',#3142,#3141,#1849,.T.);
#3929=EDGE_CURVE('',#3142,#3143,#256,.T.);
#3930=EDGE_CURVE('',#3143,#3144,#556,.T.);
#3931=EDGE_CURVE('',#3144,#3145,#557,.T.);
#3932=EDGE_CURVE('',#3145,#3146,#558,.T.);
#3933=EDGE_CURVE('',#3146,#3147,#559,.T.);
#3934=EDGE_CURVE('',#3147,#3148,#560,.T.);
#3935=EDGE_CURVE('',#3148,#3149,#561,.T.);
#3936=EDGE_CURVE('',#3149,#3150,#562,.T.);
#3937=EDGE_CURVE('',#3150,#3151,#563,.T.);
#3938=EDGE_CURVE('',#3151,#3152,#1850,.T.);
#3939=EDGE_CURVE('',#3152,#3153,#564,.T.);
#3940=EDGE_CURVE('',#3153,#3154,#565,.T.);
#3941=EDGE_CURVE('',#3154,#3155,#566,.T.);
#3942=EDGE_CURVE('',#3155,#3156,#567,.T.);
#3943=EDGE_CURVE('',#3156,#3157,#568,.T.);
#3944=EDGE_CURVE('',#3157,#3158,#569,.T.);
#3945=EDGE_CURVE('',#3158,#3159,#570,.T.);
#3946=EDGE_CURVE('',#3159,#3160,#571,.T.);
#3947=EDGE_CURVE('',#3160,#3161,#1851,.T.);
#3948=EDGE_CURVE('',#3161,#3162,#1852,.T.);
#3949=EDGE_CURVE('',#3162,#3163,#572,.T.);
#3950=EDGE_CURVE('',#3163,#3164,#573,.T.);
#3951=EDGE_CURVE('',#3164,#3165,#574,.T.);
#3952=EDGE_CURVE('',#3165,#3166,#575,.T.);
#3953=EDGE_CURVE('',#3166,#3167,#576,.T.);
#3954=EDGE_CURVE('',#3167,#3168,#577,.T.);
#3955=EDGE_CURVE('',#3168,#3169,#578,.T.);
#3956=EDGE_CURVE('',#3169,#3170,#579,.T.);
#3957=EDGE_CURVE('',#3170,#3171,#580,.T.);
#3958=EDGE_CURVE('',#3171,#3172,#581,.T.);
#3959=EDGE_CURVE('',#3172,#3173,#582,.T.);
#3960=EDGE_CURVE('',#3173,#3174,#583,.T.);
#3961=EDGE_CURVE('',#3174,#3175,#1853,.T.);
#3962=EDGE_CURVE('',#3175,#3176,#1854,.T.);
#3963=EDGE_CURVE('',#3176,#3177,#584,.T.);
#3964=EDGE_CURVE('',#3177,#3178,#585,.T.);
#3965=EDGE_CURVE('',#3179,#3178,#1855,.T.);
#3966=EDGE_CURVE('',#3179,#3180,#586,.T.);
#3967=EDGE_CURVE('',#3180,#3181,#587,.T.);
#3968=EDGE_CURVE('',#3181,#3182,#588,.T.);
#3969=EDGE_CURVE('',#3182,#3183,#589,.T.);
#3970=EDGE_CURVE('',#3183,#3184,#590,.T.);
#3971=EDGE_CURVE('',#3184,#3185,#591,.T.);
#3972=EDGE_CURVE('',#3185,#3186,#592,.T.);
#3973=EDGE_CURVE('',#3186,#3187,#593,.T.);
#3974=EDGE_CURVE('',#3187,#3188,#594,.T.);
#3975=EDGE_CURVE('',#3189,#3188,#1856,.T.);
#3976=EDGE_CURVE('',#3189,#3190,#595,.T.);
#3977=EDGE_CURVE('',#3190,#3191,#596,.T.);
#3978=EDGE_CURVE('',#3191,#3192,#597,.T.);
#3979=EDGE_CURVE('',#3192,#3193,#598,.T.);
#3980=EDGE_CURVE('',#3193,#3194,#599,.T.);
#3981=EDGE_CURVE('',#3194,#3195,#600,.T.);
#3982=EDGE_CURVE('',#3195,#3196,#601,.T.);
#3983=EDGE_CURVE('',#3196,#3197,#602,.T.);
#3984=EDGE_CURVE('',#3197,#3198,#603,.T.);
#3985=EDGE_CURVE('',#3198,#3199,#604,.T.);
#3986=EDGE_CURVE('',#3199,#3200,#605,.T.);
#3987=EDGE_CURVE('',#3200,#3201,#606,.T.);
#3988=EDGE_CURVE('',#3201,#3202,#607,.T.);
#3989=EDGE_CURVE('',#3202,#3203,#608,.T.);
#3990=EDGE_CURVE('',#3203,#3204,#609,.T.);
#3991=EDGE_CURVE('',#3204,#3205,#610,.T.);
#3992=EDGE_CURVE('',#3205,#3206,#611,.T.);
#3993=EDGE_CURVE('',#3206,#3207,#612,.T.);
#3994=EDGE_CURVE('',#3207,#3208,#613,.T.);
#3995=EDGE_CURVE('',#3208,#3209,#614,.T.);
#3996=EDGE_CURVE('',#3209,#3210,#615,.T.);
#3997=EDGE_CURVE('',#3210,#3211,#616,.T.);
#3998=EDGE_CURVE('',#3211,#3212,#617,.T.);
#3999=EDGE_CURVE('',#3212,#3213,#618,.T.);
#4000=EDGE_CURVE('',#3213,#3214,#619,.T.);
#4001=EDGE_CURVE('',#3214,#3215,#620,.T.);
#4002=EDGE_CURVE('',#3215,#3216,#621,.T.);
#4003=EDGE_CURVE('',#3216,#3217,#622,.T.);
#4004=EDGE_CURVE('',#3217,#3218,#623,.T.);
#4005=EDGE_CURVE('',#3218,#3219,#624,.T.);
#4006=EDGE_CURVE('',#3220,#3219,#1857,.T.);
#4007=EDGE_CURVE('',#3220,#3221,#1858,.T.);
#4008=EDGE_CURVE('',#3221,#3222,#1859,.T.);
#4009=EDGE_CURVE('',#3222,#3223,#625,.T.);
#4010=EDGE_CURVE('',#3223,#3224,#626,.T.);
#4011=EDGE_CURVE('',#3224,#3225,#1860,.T.);
#4012=EDGE_CURVE('',#3225,#3226,#1861,.T.);
#4013=EDGE_CURVE('',#3226,#3227,#627,.T.);
#4014=EDGE_CURVE('',#3227,#3228,#628,.T.);
#4015=EDGE_CURVE('',#3228,#3229,#1862,.T.);
#4016=EDGE_CURVE('',#3229,#3230,#629,.T.);
#4017=EDGE_CURVE('',#3230,#3231,#630,.T.);
#4018=EDGE_CURVE('',#3231,#3232,#1863,.T.);
#4019=EDGE_CURVE('',#3232,#3233,#1864,.T.);
#4020=EDGE_CURVE('',#3233,#3062,#631,.T.);
#4021=EDGE_CURVE('',#3234,#3235,#632,.T.);
#4022=EDGE_CURVE('',#3235,#3236,#633,.T.);
#4023=EDGE_CURVE('',#3236,#3237,#634,.T.);
#4024=EDGE_CURVE('',#3237,#3238,#635,.T.);
#4025=EDGE_CURVE('',#3238,#3239,#636,.T.);
#4026=EDGE_CURVE('',#3239,#3240,#637,.T.);
#4027=EDGE_CURVE('',#3240,#3241,#638,.T.);
#4028=EDGE_CURVE('',#3241,#3242,#639,.T.);
#4029=EDGE_CURVE('',#3242,#3243,#640,.T.);
#4030=EDGE_CURVE('',#3243,#3244,#641,.T.);
#4031=EDGE_CURVE('',#3244,#3234,#642,.T.);
#4032=EDGE_CURVE('',#3245,#3246,#1865,.T.);
#4033=EDGE_CURVE('',#3246,#3247,#643,.T.);
#4034=EDGE_CURVE('',#3247,#3248,#644,.T.);
#4035=EDGE_CURVE('',#3248,#3249,#645,.T.);
#4036=EDGE_CURVE('',#3249,#3250,#646,.T.);
#4037=EDGE_CURVE('',#3250,#3251,#647,.T.);
#4038=EDGE_CURVE('',#3251,#3252,#648,.T.);
#4039=EDGE_CURVE('',#3252,#3253,#649,.T.);
#4040=EDGE_CURVE('',#3253,#3254,#1866,.T.);
#4041=EDGE_CURVE('',#3254,#3255,#1867,.T.);
#4042=EDGE_CURVE('',#3255,#3256,#1868,.T.);
#4043=EDGE_CURVE('',#3256,#3257,#650,.T.);
#4044=EDGE_CURVE('',#3257,#3258,#651,.T.);
#4045=EDGE_CURVE('',#3258,#3259,#652,.T.);
#4046=EDGE_CURVE('',#3259,#3260,#653,.T.);
#4047=EDGE_CURVE('',#3260,#3261,#654,.T.);
#4048=EDGE_CURVE('',#3261,#3262,#655,.T.);
#4049=EDGE_CURVE('',#3262,#3263,#1869,.T.);
#4050=EDGE_CURVE('',#3263,#3264,#1870,.T.);
#4051=EDGE_CURVE('',#3264,#3245,#1871,.T.);
#4052=EDGE_CURVE('',#3265,#3266,#656,.T.);
#4053=EDGE_CURVE('',#3266,#3267,#657,.T.);
#4054=EDGE_CURVE('',#3267,#3268,#658,.T.);
#4055=EDGE_CURVE('',#3268,#3269,#659,.T.);
#4056=EDGE_CURVE('',#3269,#3270,#660,.T.);
#4057=EDGE_CURVE('',#3270,#3271,#661,.T.);
#4058=EDGE_CURVE('',#3271,#3272,#662,.T.);
#4059=EDGE_CURVE('',#3272,#3273,#663,.T.);
#4060=EDGE_CURVE('',#3273,#3274,#664,.T.);
#4061=EDGE_CURVE('',#3274,#3275,#665,.T.);
#4062=EDGE_CURVE('',#3275,#3265,#257,.T.);
#4063=EDGE_CURVE('',#3276,#3277,#666,.T.);
#4064=EDGE_CURVE('',#3277,#3278,#667,.T.);
#4065=EDGE_CURVE('',#3278,#3279,#668,.T.);
#4066=EDGE_CURVE('',#3279,#3280,#1872,.T.);
#4067=EDGE_CURVE('',#3280,#3281,#1873,.T.);
#4068=EDGE_CURVE('',#3281,#3282,#669,.T.);
#4069=EDGE_CURVE('',#3282,#3283,#670,.T.);
#4070=EDGE_CURVE('',#3283,#3284,#671,.T.);
#4071=EDGE_CURVE('',#3284,#3285,#672,.T.);
#4072=EDGE_CURVE('',#3285,#3286,#1874,.T.);
#4073=EDGE_CURVE('',#3286,#3287,#1875,.T.);
#4074=EDGE_CURVE('',#3287,#3288,#673,.T.);
#4075=EDGE_CURVE('',#3288,#3289,#1876,.T.);
#4076=EDGE_CURVE('',#3289,#3290,#1877,.T.);
#4077=EDGE_CURVE('',#3290,#3291,#674,.T.);
#4078=EDGE_CURVE('',#3291,#3292,#675,.T.);
#4079=EDGE_CURVE('',#3292,#3293,#676,.T.);
#4080=EDGE_CURVE('',#3293,#3294,#677,.T.);
#4081=EDGE_CURVE('',#3294,#3276,#678,.T.);
#4082=EDGE_CURVE('',#3295,#3296,#1878,.T.);
#4083=EDGE_CURVE('',#3296,#3297,#679,.T.);
#4084=EDGE_CURVE('',#3297,#3298,#680,.T.);
#4085=EDGE_CURVE('',#3298,#3299,#681,.T.);
#4086=EDGE_CURVE('',#3299,#3300,#682,.T.);
#4087=EDGE_CURVE('',#3300,#3301,#683,.T.);
#4088=EDGE_CURVE('',#3301,#3302,#684,.T.);
#4089=EDGE_CURVE('',#3302,#3303,#685,.T.);
#4090=EDGE_CURVE('',#3303,#3304,#686,.T.);
#4091=EDGE_CURVE('',#3304,#3295,#1879,.T.);
#4092=EDGE_CURVE('',#3305,#3306,#687,.T.);
#4093=EDGE_CURVE('',#3306,#3307,#688,.T.);
#4094=EDGE_CURVE('',#3307,#3308,#689,.T.);
#4095=EDGE_CURVE('',#3308,#3309,#690,.T.);
#4096=EDGE_CURVE('',#3309,#3310,#691,.T.);
#4097=EDGE_CURVE('',#3310,#3311,#692,.T.);
#4098=EDGE_CURVE('',#3311,#3312,#693,.T.);
#4099=EDGE_CURVE('',#3312,#3313,#694,.T.);
#4100=EDGE_CURVE('',#3313,#3314,#695,.T.);
#4101=EDGE_CURVE('',#3314,#3315,#696,.T.);
#4102=EDGE_CURVE('',#3315,#3305,#697,.T.);
#4103=EDGE_CURVE('',#3064,#2912,#1880,.T.);
#4104=EDGE_CURVE('',#3063,#2742,#1881,.T.);
#4105=EDGE_CURVE('',#2911,#3065,#1882,.T.);
#4106=EDGE_CURVE('',#3066,#2910,#1883,.T.);
#4107=EDGE_CURVE('',#3067,#2909,#1884,.T.);
#4108=EDGE_CURVE('',#3068,#2908,#1885,.T.);
#4109=EDGE_CURVE('',#3069,#2907,#1886,.T.);
#4110=EDGE_CURVE('',#3070,#2906,#1887,.T.);
#4111=EDGE_CURVE('',#3071,#2905,#1888,.T.);
#4112=EDGE_CURVE('',#3072,#2904,#1889,.T.);
#4113=EDGE_CURVE('',#3073,#2903,#1890,.T.);
#4114=EDGE_CURVE('',#3074,#2902,#1891,.T.);
#4115=EDGE_CURVE('',#2901,#3075,#1892,.T.);
#4116=EDGE_CURVE('',#3076,#2900,#1893,.T.);
#4117=EDGE_CURVE('',#3077,#2899,#1894,.T.);
#4118=EDGE_CURVE('',#3078,#2898,#1895,.T.);
#4119=EDGE_CURVE('',#3079,#2897,#1896,.T.);
#4120=EDGE_CURVE('',#3080,#2896,#1897,.T.);
#4121=EDGE_CURVE('',#3081,#2895,#1898,.T.);
#4122=EDGE_CURVE('',#3082,#2894,#1899,.T.);
#4123=EDGE_CURVE('',#3083,#2893,#1900,.T.);
#4124=EDGE_CURVE('',#3084,#2892,#1901,.T.);
#4125=EDGE_CURVE('',#3085,#2891,#1902,.T.);
#4126=EDGE_CURVE('',#2890,#3086,#1903,.T.);
#4127=EDGE_CURVE('',#3087,#2889,#1904,.T.);
#4128=EDGE_CURVE('',#3088,#2888,#1905,.T.);
#4129=EDGE_CURVE('',#3089,#2887,#1906,.T.);
#4130=EDGE_CURVE('',#2886,#3090,#1907,.T.);
#4131=EDGE_CURVE('',#3091,#2885,#1908,.T.);
#4132=EDGE_CURVE('',#3092,#2884,#1909,.T.);
#4133=EDGE_CURVE('',#3093,#2883,#1910,.T.);
#4134=EDGE_CURVE('',#3094,#2882,#1911,.T.);
#4135=EDGE_CURVE('',#3095,#2881,#1912,.T.);
#4136=EDGE_CURVE('',#3096,#2880,#1913,.T.);
#4137=EDGE_CURVE('',#3097,#2879,#1914,.T.);
#4138=EDGE_CURVE('',#3098,#2878,#1915,.T.);
#4139=EDGE_CURVE('',#3099,#2877,#1916,.T.);
#4140=EDGE_CURVE('',#3100,#2876,#1917,.T.);
#4141=EDGE_CURVE('',#3101,#2875,#1918,.T.);
#4142=EDGE_CURVE('',#3102,#2874,#1919,.T.);
#4143=EDGE_CURVE('',#3103,#2873,#1920,.T.);
#4144=EDGE_CURVE('',#3104,#2872,#1921,.T.);
#4145=EDGE_CURVE('',#3105,#2871,#1922,.T.);
#4146=EDGE_CURVE('',#3106,#2870,#1923,.T.);
#4147=EDGE_CURVE('',#3107,#2869,#1924,.T.);
#4148=EDGE_CURVE('',#3108,#2868,#1925,.T.);
#4149=EDGE_CURVE('',#2867,#3109,#1926,.T.);
#4150=EDGE_CURVE('',#3110,#2866,#1927,.T.);
#4151=EDGE_CURVE('',#3111,#2865,#1928,.T.);
#4152=EDGE_CURVE('',#3112,#2864,#1929,.T.);
#4153=EDGE_CURVE('',#2863,#3113,#1930,.T.);
#4154=EDGE_CURVE('',#3114,#2862,#1931,.T.);
#4155=EDGE_CURVE('',#3115,#2861,#1932,.T.);
#4156=EDGE_CURVE('',#3116,#2860,#1933,.T.);
#4157=EDGE_CURVE('',#3117,#2859,#1934,.T.);
#4158=EDGE_CURVE('',#3118,#2858,#1935,.T.);
#4159=EDGE_CURVE('',#3119,#2857,#1936,.T.);
#4160=EDGE_CURVE('',#3120,#2856,#1937,.T.);
#4161=EDGE_CURVE('',#3121,#2855,#1938,.T.);
#4162=EDGE_CURVE('',#3122,#2854,#1939,.T.);
#4163=EDGE_CURVE('',#2853,#3123,#1940,.T.);
#4164=EDGE_CURVE('',#3124,#2852,#1941,.T.);
#4165=EDGE_CURVE('',#3125,#2851,#1942,.T.);
#4166=EDGE_CURVE('',#3126,#2850,#1943,.T.);
#4167=EDGE_CURVE('',#3127,#2849,#1944,.T.);
#4168=EDGE_CURVE('',#3128,#2848,#1945,.T.);
#4169=EDGE_CURVE('',#3129,#2847,#1946,.T.);
#4170=EDGE_CURVE('',#3130,#2846,#1947,.T.);
#4171=EDGE_CURVE('',#3131,#2845,#1948,.T.);
#4172=EDGE_CURVE('',#3132,#2844,#1949,.T.);
#4173=EDGE_CURVE('',#3133,#2843,#1950,.T.);
#4174=EDGE_CURVE('',#2842,#3134,#1951,.T.);
#4175=EDGE_CURVE('',#3135,#2841,#1952,.T.);
#4176=EDGE_CURVE('',#3136,#2840,#1953,.T.);
#4177=EDGE_CURVE('',#3137,#2839,#1954,.T.);
#4178=EDGE_CURVE('',#3138,#2838,#1955,.T.);
#4179=EDGE_CURVE('',#3139,#2837,#1956,.T.);
#4180=EDGE_CURVE('',#3140,#2836,#1957,.T.);
#4181=EDGE_CURVE('',#2835,#3141,#1958,.T.);
#4182=EDGE_CURVE('',#3142,#2834,#1959,.T.);
#4183=EDGE_CURVE('',#3143,#2833,#1960,.T.);
#4184=EDGE_CURVE('',#3144,#2832,#1961,.T.);
#4185=EDGE_CURVE('',#3145,#2831,#1962,.T.);
#4186=EDGE_CURVE('',#3146,#2830,#1963,.T.);
#4187=EDGE_CURVE('',#3147,#2829,#1964,.T.);
#4188=EDGE_CURVE('',#3148,#2828,#1965,.T.);
#4189=EDGE_CURVE('',#3149,#2827,#1966,.T.);
#4190=EDGE_CURVE('',#3150,#2826,#1967,.T.);
#4191=EDGE_CURVE('',#2825,#3151,#1968,.T.);
#4192=EDGE_CURVE('',#3152,#2824,#1969,.T.);
#4193=EDGE_CURVE('',#3153,#2823,#1970,.T.);
#4194=EDGE_CURVE('',#3154,#2822,#1971,.T.);
#4195=EDGE_CURVE('',#3155,#2821,#1972,.T.);
#4196=EDGE_CURVE('',#3156,#2820,#1973,.T.);
#4197=EDGE_CURVE('',#3157,#2819,#1974,.T.);
#4198=EDGE_CURVE('',#3158,#2818,#1975,.T.);
#4199=EDGE_CURVE('',#3159,#2817,#1976,.T.);
#4200=EDGE_CURVE('',#3160,#2816,#1977,.T.);
#4201=EDGE_CURVE('',#3161,#2815,#1978,.T.);
#4202=EDGE_CURVE('',#3162,#2814,#1979,.T.);
#4203=EDGE_CURVE('',#3163,#2813,#1980,.T.);
#4204=EDGE_CURVE('',#3164,#2812,#1981,.T.);
#4205=EDGE_CURVE('',#3165,#2811,#1982,.T.);
#4206=EDGE_CURVE('',#3166,#2810,#1983,.T.);
#4207=EDGE_CURVE('',#3167,#2809,#1984,.T.);
#4208=EDGE_CURVE('',#3168,#2808,#1985,.T.);
#4209=EDGE_CURVE('',#3169,#2807,#1986,.T.);
#4210=EDGE_CURVE('',#3170,#2806,#1987,.T.);
#4211=EDGE_CURVE('',#3171,#2805,#1988,.T.);
#4212=EDGE_CURVE('',#3172,#2804,#1989,.T.);
#4213=EDGE_CURVE('',#3173,#2803,#1990,.T.);
#4214=EDGE_CURVE('',#3174,#2802,#1991,.T.);
#4215=EDGE_CURVE('',#3175,#2801,#1992,.T.);
#4216=EDGE_CURVE('',#3176,#2800,#1993,.T.);
#4217=EDGE_CURVE('',#3177,#2799,#1994,.T.);
#4218=EDGE_CURVE('',#2798,#3178,#1995,.T.);
#4219=EDGE_CURVE('',#3179,#2797,#1996,.T.);
#4220=EDGE_CURVE('',#3180,#2796,#1997,.T.);
#4221=EDGE_CURVE('',#3181,#2795,#1998,.T.);
#4222=EDGE_CURVE('',#3182,#2794,#1999,.T.);
#4223=EDGE_CURVE('',#3183,#2793,#2000,.T.);
#4224=EDGE_CURVE('',#3184,#2792,#2001,.T.);
#4225=EDGE_CURVE('',#3185,#2791,#2002,.T.);
#4226=EDGE_CURVE('',#3186,#2790,#2003,.T.);
#4227=EDGE_CURVE('',#3187,#2789,#2004,.T.);
#4228=EDGE_CURVE('',#2788,#3188,#2005,.T.);
#4229=EDGE_CURVE('',#3189,#2787,#2006,.T.);
#4230=EDGE_CURVE('',#3190,#2786,#2007,.T.);
#4231=EDGE_CURVE('',#3191,#2785,#2008,.T.);
#4232=EDGE_CURVE('',#3192,#2784,#2009,.T.);
#4233=EDGE_CURVE('',#3193,#2783,#2010,.T.);
#4234=EDGE_CURVE('',#3194,#2782,#2011,.T.);
#4235=EDGE_CURVE('',#3195,#2781,#2012,.T.);
#4236=EDGE_CURVE('',#3196,#2780,#2013,.T.);
#4237=EDGE_CURVE('',#3197,#2779,#2014,.T.);
#4238=EDGE_CURVE('',#3198,#2778,#2015,.T.);
#4239=EDGE_CURVE('',#3199,#2777,#2016,.T.);
#4240=EDGE_CURVE('',#3200,#2776,#2017,.T.);
#4241=EDGE_CURVE('',#3201,#2775,#2018,.T.);
#4242=EDGE_CURVE('',#3202,#2774,#2019,.T.);
#4243=EDGE_CURVE('',#3203,#2773,#2020,.T.);
#4244=EDGE_CURVE('',#3204,#2772,#2021,.T.);
#4245=EDGE_CURVE('',#3205,#2771,#2022,.T.);
#4246=EDGE_CURVE('',#3206,#2770,#2023,.T.);
#4247=EDGE_CURVE('',#3207,#2769,#2024,.T.);
#4248=EDGE_CURVE('',#3208,#2768,#2025,.T.);
#4249=EDGE_CURVE('',#3209,#2767,#2026,.T.);
#4250=EDGE_CURVE('',#3210,#2766,#2027,.T.);
#4251=EDGE_CURVE('',#3211,#2765,#2028,.T.);
#4252=EDGE_CURVE('',#3212,#2764,#2029,.T.);
#4253=EDGE_CURVE('',#3213,#2763,#2030,.T.);
#4254=EDGE_CURVE('',#3214,#2762,#2031,.T.);
#4255=EDGE_CURVE('',#3215,#2761,#2032,.T.);
#4256=EDGE_CURVE('',#3216,#2760,#2033,.T.);
#4257=EDGE_CURVE('',#3217,#2759,#2034,.T.);
#4258=EDGE_CURVE('',#3218,#2758,#2035,.T.);
#4259=EDGE_CURVE('',#2757,#3219,#2036,.T.);
#4260=EDGE_CURVE('',#3220,#2756,#2037,.T.);
#4261=EDGE_CURVE('',#3221,#2755,#2038,.T.);
#4262=EDGE_CURVE('',#3222,#2754,#2039,.T.);
#4263=EDGE_CURVE('',#3223,#2753,#2040,.T.);
#4264=EDGE_CURVE('',#3224,#2752,#2041,.T.);
#4265=EDGE_CURVE('',#3225,#2751,#2042,.T.);
#4266=EDGE_CURVE('',#3226,#2750,#2043,.T.);
#4267=EDGE_CURVE('',#3227,#2749,#2044,.T.);
#4268=EDGE_CURVE('',#2748,#3228,#2045,.T.);
#4269=EDGE_CURVE('',#3229,#2747,#2046,.T.);
#4270=EDGE_CURVE('',#3230,#2746,#2047,.T.);
#4271=EDGE_CURVE('',#3231,#2745,#2048,.T.);
#4272=EDGE_CURVE('',#3232,#2744,#2049,.T.);
#4273=EDGE_CURVE('',#3233,#2743,#2050,.T.);
#4274=EDGE_CURVE('',#2741,#3062,#698,.T.);
#4275=EDGE_CURVE('',#3237,#2994,#2051,.T.);
#4276=EDGE_CURVE('',#3236,#2985,#2052,.T.);
#4277=EDGE_CURVE('',#3238,#2993,#2053,.T.);
#4278=EDGE_CURVE('',#3239,#2992,#2054,.T.);
#4279=EDGE_CURVE('',#3240,#2991,#2055,.T.);
#4280=EDGE_CURVE('',#3241,#2990,#2056,.T.);
#4281=EDGE_CURVE('',#3242,#2989,#2057,.T.);
#4282=EDGE_CURVE('',#3243,#2988,#2058,.T.);
#4283=EDGE_CURVE('',#3244,#2987,#2059,.T.);
#4284=EDGE_CURVE('',#3234,#2986,#2060,.T.);
#4285=EDGE_CURVE('',#3235,#2984,#2061,.T.);
#4286=EDGE_CURVE('',#3248,#2983,#2062,.T.);
#4287=EDGE_CURVE('',#3247,#2965,#2063,.T.);
#4288=EDGE_CURVE('',#3249,#2982,#2064,.T.);
#4289=EDGE_CURVE('',#3250,#2981,#2065,.T.);
#4290=EDGE_CURVE('',#3251,#2980,#2066,.T.);
#4291=EDGE_CURVE('',#3252,#2979,#2067,.T.);
#4292=EDGE_CURVE('',#3253,#2978,#2068,.T.);
#4293=EDGE_CURVE('',#3254,#2977,#2069,.T.);
#4294=EDGE_CURVE('',#3255,#2976,#2070,.T.);
#4295=EDGE_CURVE('',#3256,#2975,#2071,.T.);
#4296=EDGE_CURVE('',#3257,#2974,#2072,.T.);
#4297=EDGE_CURVE('',#3258,#2973,#2073,.T.);
#4298=EDGE_CURVE('',#3259,#2972,#2074,.T.);
#4299=EDGE_CURVE('',#3260,#2971,#2075,.T.);
#4300=EDGE_CURVE('',#3261,#2970,#2076,.T.);
#4301=EDGE_CURVE('',#3262,#2969,#2077,.T.);
#4302=EDGE_CURVE('',#3263,#2968,#2078,.T.);
#4303=EDGE_CURVE('',#3264,#2967,#2079,.T.);
#4304=EDGE_CURVE('',#3245,#2966,#2080,.T.);
#4305=EDGE_CURVE('',#3246,#2964,#2081,.T.);
#4306=EDGE_CURVE('',#3268,#2963,#2082,.T.);
#4307=EDGE_CURVE('',#3267,#2954,#2083,.T.);
#4308=EDGE_CURVE('',#3269,#2962,#2084,.T.);
#4309=EDGE_CURVE('',#3270,#2961,#2085,.T.);
#4310=EDGE_CURVE('',#3271,#2960,#2086,.T.);
#4311=EDGE_CURVE('',#3272,#2959,#2087,.T.);
#4312=EDGE_CURVE('',#3273,#2958,#2088,.T.);
#4313=EDGE_CURVE('',#3274,#2957,#2089,.T.);
#4314=EDGE_CURVE('',#3275,#2956,#2090,.T.);
#4315=EDGE_CURVE('',#3265,#2955,#2091,.T.);
#4316=EDGE_CURVE('',#3266,#2953,#2092,.T.);
#4317=EDGE_CURVE('',#3279,#2952,#2093,.T.);
#4318=EDGE_CURVE('',#3278,#2935,#2094,.T.);
#4319=EDGE_CURVE('',#3280,#2951,#2095,.T.);
#4320=EDGE_CURVE('',#3281,#2950,#2096,.T.);
#4321=EDGE_CURVE('',#3282,#2949,#2097,.T.);
#4322=EDGE_CURVE('',#3283,#2948,#2098,.T.);
#4323=EDGE_CURVE('',#3284,#2947,#2099,.T.);
#4324=EDGE_CURVE('',#3285,#2946,#2100,.T.);
#4325=EDGE_CURVE('',#3286,#2945,#2101,.T.);
#4326=EDGE_CURVE('',#3287,#2944,#2102,.T.);
#4327=EDGE_CURVE('',#3288,#2943,#2103,.T.);
#4328=EDGE_CURVE('',#3289,#2942,#2104,.T.);
#4329=EDGE_CURVE('',#3290,#2941,#2105,.T.);
#4330=EDGE_CURVE('',#3291,#2940,#2106,.T.);
#4331=EDGE_CURVE('',#3292,#2939,#2107,.T.);
#4332=EDGE_CURVE('',#3293,#2938,#2108,.T.);
#4333=EDGE_CURVE('',#3294,#2937,#2109,.T.);
#4334=EDGE_CURVE('',#3276,#2936,#2110,.T.);
#4335=EDGE_CURVE('',#3277,#2934,#2111,.T.);
#4336=EDGE_CURVE('',#3298,#2933,#2112,.T.);
#4337=EDGE_CURVE('',#3297,#2925,#2113,.T.);
#4338=EDGE_CURVE('',#3299,#2932,#2114,.T.);
#4339=EDGE_CURVE('',#3300,#2931,#2115,.T.);
#4340=EDGE_CURVE('',#3301,#2930,#2116,.T.);
#4341=EDGE_CURVE('',#3302,#2929,#2117,.T.);
#4342=EDGE_CURVE('',#3303,#2928,#2118,.T.);
#4343=EDGE_CURVE('',#3304,#2927,#2119,.T.);
#4344=EDGE_CURVE('',#3295,#2926,#2120,.T.);
#4345=EDGE_CURVE('',#3296,#2924,#2121,.T.);
#4346=EDGE_CURVE('',#3308,#2923,#2122,.T.);
#4347=EDGE_CURVE('',#3307,#2914,#2123,.T.);
#4348=EDGE_CURVE('',#3309,#2922,#2124,.T.);
#4349=EDGE_CURVE('',#3310,#2921,#2125,.T.);
#4350=EDGE_CURVE('',#3311,#2920,#2126,.T.);
#4351=EDGE_CURVE('',#3312,#2919,#2127,.T.);
#4352=EDGE_CURVE('',#3313,#2918,#2128,.T.);
#4353=EDGE_CURVE('',#3314,#2917,#2129,.T.);
#4354=EDGE_CURVE('',#3315,#2916,#2130,.T.);
#4355=EDGE_CURVE('',#3305,#2915,#2131,.T.);
#4356=EDGE_CURVE('',#3306,#2913,#2132,.T.);
#4357=ORIENTED_EDGE('',*,*,#3316,.F.);
#4358=ORIENTED_EDGE('',*,*,#3317,.T.);
#4359=ORIENTED_EDGE('',*,*,#3318,.F.);
#4360=ORIENTED_EDGE('',*,*,#3319,.F.);
#4361=ORIENTED_EDGE('',*,*,#3320,.F.);
#4362=ORIENTED_EDGE('',*,*,#3318,.T.);
#4363=ORIENTED_EDGE('',*,*,#3321,.T.);
#4364=ORIENTED_EDGE('',*,*,#3322,.T.);
#4365=ORIENTED_EDGE('',*,*,#3323,.F.);
#4366=ORIENTED_EDGE('',*,*,#3324,.F.);
#4367=ORIENTED_EDGE('',*,*,#3325,.T.);
#4368=ORIENTED_EDGE('',*,*,#3326,.F.);
#4369=ORIENTED_EDGE('',*,*,#3327,.F.);
#4370=ORIENTED_EDGE('',*,*,#3328,.F.);
#4371=ORIENTED_EDGE('',*,*,#3326,.T.);
#4372=ORIENTED_EDGE('',*,*,#3329,.T.);
#4373=ORIENTED_EDGE('',*,*,#3330,.F.);
#4374=ORIENTED_EDGE('',*,*,#3329,.F.);
#4375=ORIENTED_EDGE('',*,*,#3325,.F.);
#4376=ORIENTED_EDGE('',*,*,#3331,.F.);
#4377=ORIENTED_EDGE('',*,*,#3321,.F.);
#4378=ORIENTED_EDGE('',*,*,#3317,.F.);
#4379=ORIENTED_EDGE('',*,*,#3322,.F.);
#4380=ORIENTED_EDGE('',*,*,#3331,.T.);
#4381=ORIENTED_EDGE('',*,*,#3324,.T.);
#4382=ORIENTED_EDGE('',*,*,#3332,.F.);
#4383=ORIENTED_EDGE('',*,*,#3333,.F.);
#4384=ORIENTED_EDGE('',*,*,#3334,.F.);
#4385=ORIENTED_EDGE('',*,*,#3335,.F.);
#4386=ORIENTED_EDGE('',*,*,#3336,.F.);
#4387=ORIENTED_EDGE('',*,*,#3319,.T.);
#4388=ORIENTED_EDGE('',*,*,#3320,.T.);
#4389=ORIENTED_EDGE('',*,*,#3336,.T.);
#4390=ORIENTED_EDGE('',*,*,#3337,.T.);
#4391=ORIENTED_EDGE('',*,*,#3338,.T.);
#4392=ORIENTED_EDGE('',*,*,#3339,.T.);
#4393=ORIENTED_EDGE('',*,*,#3340,.T.);
#4394=ORIENTED_EDGE('',*,*,#3341,.T.);
#4395=ORIENTED_EDGE('',*,*,#3342,.T.);
#4396=ORIENTED_EDGE('',*,*,#3343,.T.);
#4397=ORIENTED_EDGE('',*,*,#3344,.T.);
#4398=ORIENTED_EDGE('',*,*,#3332,.T.);
#4399=ORIENTED_EDGE('',*,*,#3323,.T.);
#4400=ORIENTED_EDGE('',*,*,#3328,.T.);
#4401=ORIENTED_EDGE('',*,*,#3345,.T.);
#4402=ORIENTED_EDGE('',*,*,#3346,.T.);
#4403=ORIENTED_EDGE('',*,*,#3347,.T.);
#4404=ORIENTED_EDGE('',*,*,#3348,.T.);
#4405=ORIENTED_EDGE('',*,*,#3349,.T.);
#4406=ORIENTED_EDGE('',*,*,#3350,.T.);
#4407=ORIENTED_EDGE('',*,*,#3351,.T.);
#4408=ORIENTED_EDGE('',*,*,#3352,.T.);
#4409=ORIENTED_EDGE('',*,*,#3353,.T.);
#4410=ORIENTED_EDGE('',*,*,#3354,.T.);
#4411=ORIENTED_EDGE('',*,*,#3355,.T.);
#4412=ORIENTED_EDGE('',*,*,#3356,.T.);
#4413=ORIENTED_EDGE('',*,*,#3357,.T.);
#4414=ORIENTED_EDGE('',*,*,#3358,.T.);
#4415=ORIENTED_EDGE('',*,*,#3359,.T.);
#4416=ORIENTED_EDGE('',*,*,#3360,.T.);
#4417=ORIENTED_EDGE('',*,*,#3361,.T.);
#4418=ORIENTED_EDGE('',*,*,#3362,.T.);
#4419=ORIENTED_EDGE('',*,*,#3363,.T.);
#4420=ORIENTED_EDGE('',*,*,#3364,.T.);
#4421=ORIENTED_EDGE('',*,*,#3365,.T.);
#4422=ORIENTED_EDGE('',*,*,#3366,.F.);
#4423=ORIENTED_EDGE('',*,*,#3367,.F.);
#4424=ORIENTED_EDGE('',*,*,#3368,.F.);
#4425=ORIENTED_EDGE('',*,*,#3369,.F.);
#4426=ORIENTED_EDGE('',*,*,#3370,.T.);
#4427=ORIENTED_EDGE('',*,*,#3371,.T.);
#4428=ORIENTED_EDGE('',*,*,#3372,.T.);
#4429=ORIENTED_EDGE('',*,*,#3373,.T.);
#4430=ORIENTED_EDGE('',*,*,#3374,.T.);
#4431=ORIENTED_EDGE('',*,*,#3375,.T.);
#4432=ORIENTED_EDGE('',*,*,#3376,.T.);
#4433=ORIENTED_EDGE('',*,*,#3377,.T.);
#4434=ORIENTED_EDGE('',*,*,#3378,.F.);
#4435=ORIENTED_EDGE('',*,*,#3379,.F.);
#4436=ORIENTED_EDGE('',*,*,#3380,.F.);
#4437=ORIENTED_EDGE('',*,*,#3381,.F.);
#4438=ORIENTED_EDGE('',*,*,#3382,.T.);
#4439=ORIENTED_EDGE('',*,*,#3383,.T.);
#4440=ORIENTED_EDGE('',*,*,#3384,.T.);
#4441=ORIENTED_EDGE('',*,*,#3385,.T.);
#4442=ORIENTED_EDGE('',*,*,#3386,.T.);
#4443=ORIENTED_EDGE('',*,*,#3385,.F.);
#4444=ORIENTED_EDGE('',*,*,#3387,.T.);
#4445=ORIENTED_EDGE('',*,*,#3388,.T.);
#4446=ORIENTED_EDGE('',*,*,#3389,.T.);
#4447=ORIENTED_EDGE('',*,*,#3390,.T.);
#4448=ORIENTED_EDGE('',*,*,#3391,.T.);
#4449=ORIENTED_EDGE('',*,*,#3388,.F.);
#4450=ORIENTED_EDGE('',*,*,#3382,.F.);
#4451=ORIENTED_EDGE('',*,*,#3392,.T.);
#4452=ORIENTED_EDGE('',*,*,#3393,.T.);
#4453=ORIENTED_EDGE('',*,*,#3394,.F.);
#4454=ORIENTED_EDGE('',*,*,#3386,.F.);
#4455=ORIENTED_EDGE('',*,*,#3395,.T.);
#4456=ORIENTED_EDGE('',*,*,#3396,.T.);
#4457=ORIENTED_EDGE('',*,*,#3392,.F.);
#4458=ORIENTED_EDGE('',*,*,#3391,.F.);
#4459=ORIENTED_EDGE('',*,*,#3397,.T.);
#4460=ORIENTED_EDGE('',*,*,#3398,.T.);
#4461=ORIENTED_EDGE('',*,*,#3395,.F.);
#4462=ORIENTED_EDGE('',*,*,#3399,.T.);
#4463=ORIENTED_EDGE('',*,*,#3400,.T.);
#4464=ORIENTED_EDGE('',*,*,#3401,.T.);
#4465=ORIENTED_EDGE('',*,*,#3402,.T.);
#4466=ORIENTED_EDGE('',*,*,#3403,.T.);
#4467=ORIENTED_EDGE('',*,*,#3404,.T.);
#4468=ORIENTED_EDGE('',*,*,#3405,.T.);
#4469=ORIENTED_EDGE('',*,*,#3406,.T.);
#4470=ORIENTED_EDGE('',*,*,#3407,.T.);
#4471=ORIENTED_EDGE('',*,*,#3406,.F.);
#4472=ORIENTED_EDGE('',*,*,#3408,.T.);
#4473=ORIENTED_EDGE('',*,*,#3402,.F.);
#4474=ORIENTED_EDGE('',*,*,#3384,.F.);
#4475=ORIENTED_EDGE('',*,*,#3409,.F.);
#4476=ORIENTED_EDGE('',*,*,#3399,.F.);
#4477=ORIENTED_EDGE('',*,*,#3408,.F.);
#4478=ORIENTED_EDGE('',*,*,#3405,.F.);
#4479=ORIENTED_EDGE('',*,*,#3410,.F.);
#4480=ORIENTED_EDGE('',*,*,#3411,.F.);
#4481=ORIENTED_EDGE('',*,*,#3412,.F.);
#4482=ORIENTED_EDGE('',*,*,#3413,.F.);
#4483=ORIENTED_EDGE('',*,*,#3414,.F.);
#4484=ORIENTED_EDGE('',*,*,#3415,.T.);
#4485=ORIENTED_EDGE('',*,*,#3416,.F.);
#4486=ORIENTED_EDGE('',*,*,#3417,.F.);
#4487=ORIENTED_EDGE('',*,*,#3418,.F.);
#4488=ORIENTED_EDGE('',*,*,#3389,.F.);
#4489=ORIENTED_EDGE('',*,*,#3387,.F.);
#4490=ORIENTED_EDGE('',*,*,#3401,.F.);
#4491=ORIENTED_EDGE('',*,*,#3419,.T.);
#4492=ORIENTED_EDGE('',*,*,#3420,.T.);
#4493=ORIENTED_EDGE('',*,*,#3421,.F.);
#4494=ORIENTED_EDGE('',*,*,#3403,.F.);
#4495=ORIENTED_EDGE('',*,*,#3422,.T.);
#4496=ORIENTED_EDGE('',*,*,#3423,.T.);
#4497=ORIENTED_EDGE('',*,*,#3424,.F.);
#4498=ORIENTED_EDGE('',*,*,#3407,.F.);
#4499=ORIENTED_EDGE('',*,*,#3421,.T.);
#4500=ORIENTED_EDGE('',*,*,#3425,.T.);
#4501=ORIENTED_EDGE('',*,*,#3422,.F.);
#4502=ORIENTED_EDGE('',*,*,#3425,.F.);
#4503=ORIENTED_EDGE('',*,*,#3420,.F.);
#4504=ORIENTED_EDGE('',*,*,#3426,.F.);
#4505=ORIENTED_EDGE('',*,*,#3423,.F.);
#4506=ORIENTED_EDGE('',*,*,#3398,.F.);
#4507=ORIENTED_EDGE('',*,*,#3427,.F.);
#4508=ORIENTED_EDGE('',*,*,#3393,.F.);
#4509=ORIENTED_EDGE('',*,*,#3396,.F.);
#4510=ORIENTED_EDGE('',*,*,#3366,.T.);
#4511=ORIENTED_EDGE('',*,*,#3428,.T.);
#4512=ORIENTED_EDGE('',*,*,#3429,.T.);
#4513=ORIENTED_EDGE('',*,*,#3430,.T.);
#4514=ORIENTED_EDGE('',*,*,#3428,.F.);
#4515=ORIENTED_EDGE('',*,*,#3429,.F.);
#4516=ORIENTED_EDGE('',*,*,#3430,.F.);
#4517=ORIENTED_EDGE('',*,*,#3431,.T.);
#4518=ORIENTED_EDGE('',*,*,#3432,.T.);
#4519=ORIENTED_EDGE('',*,*,#3431,.F.);
#4520=ORIENTED_EDGE('',*,*,#3381,.T.);
#4521=ORIENTED_EDGE('',*,*,#3433,.T.);
#4522=ORIENTED_EDGE('',*,*,#3434,.T.);
#4523=ORIENTED_EDGE('',*,*,#3433,.F.);
#4524=ORIENTED_EDGE('',*,*,#3435,.T.);
#4525=ORIENTED_EDGE('',*,*,#3436,.T.);
#4526=ORIENTED_EDGE('',*,*,#3434,.F.);
#4527=ORIENTED_EDGE('',*,*,#3436,.F.);
#4528=ORIENTED_EDGE('',*,*,#3367,.T.);
#4529=ORIENTED_EDGE('',*,*,#3437,.T.);
#4530=ORIENTED_EDGE('',*,*,#3438,.T.);
#4531=ORIENTED_EDGE('',*,*,#3437,.F.);
#4532=ORIENTED_EDGE('',*,*,#3439,.T.);
#4533=ORIENTED_EDGE('',*,*,#3440,.T.);
#4534=ORIENTED_EDGE('',*,*,#3438,.F.);
#4535=ORIENTED_EDGE('',*,*,#3440,.F.);
#4536=ORIENTED_EDGE('',*,*,#3380,.T.);
#4537=ORIENTED_EDGE('',*,*,#3441,.T.);
#4538=ORIENTED_EDGE('',*,*,#3442,.T.);
#4539=ORIENTED_EDGE('',*,*,#3441,.F.);
#4540=ORIENTED_EDGE('',*,*,#3443,.T.);
#4541=ORIENTED_EDGE('',*,*,#3444,.T.);
#4542=ORIENTED_EDGE('',*,*,#3442,.F.);
#4543=ORIENTED_EDGE('',*,*,#3444,.F.);
#4544=ORIENTED_EDGE('',*,*,#3368,.T.);
#4545=ORIENTED_EDGE('',*,*,#3445,.T.);
#4546=ORIENTED_EDGE('',*,*,#3446,.T.);
#4547=ORIENTED_EDGE('',*,*,#3445,.F.);
#4548=ORIENTED_EDGE('',*,*,#3447,.T.);
#4549=ORIENTED_EDGE('',*,*,#3448,.T.);
#4550=ORIENTED_EDGE('',*,*,#3446,.F.);
#4551=ORIENTED_EDGE('',*,*,#3448,.F.);
#4552=ORIENTED_EDGE('',*,*,#3379,.T.);
#4553=ORIENTED_EDGE('',*,*,#3449,.T.);
#4554=ORIENTED_EDGE('',*,*,#3450,.T.);
#4555=ORIENTED_EDGE('',*,*,#3449,.F.);
#4556=ORIENTED_EDGE('',*,*,#3451,.T.);
#4557=ORIENTED_EDGE('',*,*,#3452,.T.);
#4558=ORIENTED_EDGE('',*,*,#3450,.F.);
#4559=ORIENTED_EDGE('',*,*,#3452,.F.);
#4560=ORIENTED_EDGE('',*,*,#3369,.T.);
#4561=ORIENTED_EDGE('',*,*,#3453,.T.);
#4562=ORIENTED_EDGE('',*,*,#3454,.T.);
#4563=ORIENTED_EDGE('',*,*,#3453,.F.);
#4564=ORIENTED_EDGE('',*,*,#3455,.T.);
#4565=ORIENTED_EDGE('',*,*,#3456,.T.);
#4566=ORIENTED_EDGE('',*,*,#3454,.F.);
#4567=ORIENTED_EDGE('',*,*,#3456,.F.);
#4568=ORIENTED_EDGE('',*,*,#3378,.T.);
#4569=ORIENTED_EDGE('',*,*,#3457,.T.);
#4570=ORIENTED_EDGE('',*,*,#3458,.T.);
#4571=ORIENTED_EDGE('',*,*,#3457,.F.);
#4572=ORIENTED_EDGE('',*,*,#3459,.T.);
#4573=ORIENTED_EDGE('',*,*,#3460,.T.);
#4574=ORIENTED_EDGE('',*,*,#3458,.F.);
#4575=ORIENTED_EDGE('',*,*,#3460,.F.);
#4576=ORIENTED_EDGE('',*,*,#3459,.F.);
#4577=ORIENTED_EDGE('',*,*,#3455,.F.);
#4578=ORIENTED_EDGE('',*,*,#3451,.F.);
#4579=ORIENTED_EDGE('',*,*,#3447,.F.);
#4580=ORIENTED_EDGE('',*,*,#3443,.F.);
#4581=ORIENTED_EDGE('',*,*,#3439,.F.);
#4582=ORIENTED_EDGE('',*,*,#3435,.F.);
#4583=ORIENTED_EDGE('',*,*,#3432,.F.);
#4584=ORIENTED_EDGE('',*,*,#3461,.F.);
#4585=ORIENTED_EDGE('',*,*,#3462,.F.);
#4586=ORIENTED_EDGE('',*,*,#3463,.F.);
#4587=ORIENTED_EDGE('',*,*,#3464,.F.);
#4588=ORIENTED_EDGE('',*,*,#3465,.F.);
#4589=ORIENTED_EDGE('',*,*,#3466,.F.);
#4590=ORIENTED_EDGE('',*,*,#3467,.F.);
#4591=ORIENTED_EDGE('',*,*,#3468,.F.);
#4592=ORIENTED_EDGE('',*,*,#3469,.F.);
#4593=ORIENTED_EDGE('',*,*,#3470,.F.);
#4594=ORIENTED_EDGE('',*,*,#3471,.F.);
#4595=ORIENTED_EDGE('',*,*,#3472,.F.);
#4596=ORIENTED_EDGE('',*,*,#3473,.F.);
#4597=ORIENTED_EDGE('',*,*,#3474,.F.);
#4598=ORIENTED_EDGE('',*,*,#3475,.F.);
#4599=ORIENTED_EDGE('',*,*,#3476,.F.);
#4600=ORIENTED_EDGE('',*,*,#3477,.F.);
#4601=ORIENTED_EDGE('',*,*,#3478,.F.);
#4602=ORIENTED_EDGE('',*,*,#3479,.F.);
#4603=ORIENTED_EDGE('',*,*,#3480,.F.);
#4604=ORIENTED_EDGE('',*,*,#3481,.F.);
#4605=ORIENTED_EDGE('',*,*,#3482,.F.);
#4606=ORIENTED_EDGE('',*,*,#3483,.F.);
#4607=ORIENTED_EDGE('',*,*,#3484,.F.);
#4608=ORIENTED_EDGE('',*,*,#3485,.F.);
#4609=ORIENTED_EDGE('',*,*,#3486,.F.);
#4610=ORIENTED_EDGE('',*,*,#3487,.F.);
#4611=ORIENTED_EDGE('',*,*,#3488,.F.);
#4612=ORIENTED_EDGE('',*,*,#3489,.F.);
#4613=ORIENTED_EDGE('',*,*,#3490,.F.);
#4614=ORIENTED_EDGE('',*,*,#3491,.F.);
#4615=ORIENTED_EDGE('',*,*,#3492,.F.);
#4616=ORIENTED_EDGE('',*,*,#3493,.F.);
#4617=ORIENTED_EDGE('',*,*,#3494,.F.);
#4618=ORIENTED_EDGE('',*,*,#3495,.F.);
#4619=ORIENTED_EDGE('',*,*,#3496,.F.);
#4620=ORIENTED_EDGE('',*,*,#3497,.F.);
#4621=ORIENTED_EDGE('',*,*,#3498,.F.);
#4622=ORIENTED_EDGE('',*,*,#3499,.F.);
#4623=ORIENTED_EDGE('',*,*,#3500,.F.);
#4624=ORIENTED_EDGE('',*,*,#3501,.F.);
#4625=ORIENTED_EDGE('',*,*,#3502,.F.);
#4626=ORIENTED_EDGE('',*,*,#3503,.F.);
#4627=ORIENTED_EDGE('',*,*,#3504,.F.);
#4628=ORIENTED_EDGE('',*,*,#3505,.F.);
#4629=ORIENTED_EDGE('',*,*,#3506,.F.);
#4630=ORIENTED_EDGE('',*,*,#3507,.F.);
#4631=ORIENTED_EDGE('',*,*,#3508,.F.);
#4632=ORIENTED_EDGE('',*,*,#3509,.F.);
#4633=ORIENTED_EDGE('',*,*,#3510,.F.);
#4634=ORIENTED_EDGE('',*,*,#3511,.F.);
#4635=ORIENTED_EDGE('',*,*,#3512,.F.);
#4636=ORIENTED_EDGE('',*,*,#3513,.F.);
#4637=ORIENTED_EDGE('',*,*,#3514,.F.);
#4638=ORIENTED_EDGE('',*,*,#3515,.F.);
#4639=ORIENTED_EDGE('',*,*,#3516,.F.);
#4640=ORIENTED_EDGE('',*,*,#3517,.F.);
#4641=ORIENTED_EDGE('',*,*,#3518,.F.);
#4642=ORIENTED_EDGE('',*,*,#3519,.F.);
#4643=ORIENTED_EDGE('',*,*,#3520,.F.);
#4644=ORIENTED_EDGE('',*,*,#3521,.F.);
#4645=ORIENTED_EDGE('',*,*,#3522,.F.);
#4646=ORIENTED_EDGE('',*,*,#3523,.F.);
#4647=ORIENTED_EDGE('',*,*,#3524,.F.);
#4648=ORIENTED_EDGE('',*,*,#3525,.F.);
#4649=ORIENTED_EDGE('',*,*,#3526,.F.);
#4650=ORIENTED_EDGE('',*,*,#3527,.F.);
#4651=ORIENTED_EDGE('',*,*,#3528,.F.);
#4652=ORIENTED_EDGE('',*,*,#3529,.F.);
#4653=ORIENTED_EDGE('',*,*,#3530,.F.);
#4654=ORIENTED_EDGE('',*,*,#3531,.F.);
#4655=ORIENTED_EDGE('',*,*,#3532,.F.);
#4656=ORIENTED_EDGE('',*,*,#3533,.F.);
#4657=ORIENTED_EDGE('',*,*,#3534,.F.);
#4658=ORIENTED_EDGE('',*,*,#3535,.F.);
#4659=ORIENTED_EDGE('',*,*,#3536,.F.);
#4660=ORIENTED_EDGE('',*,*,#3537,.F.);
#4661=ORIENTED_EDGE('',*,*,#3538,.F.);
#4662=ORIENTED_EDGE('',*,*,#3539,.F.);
#4663=ORIENTED_EDGE('',*,*,#3540,.F.);
#4664=ORIENTED_EDGE('',*,*,#3541,.F.);
#4665=ORIENTED_EDGE('',*,*,#3542,.F.);
#4666=ORIENTED_EDGE('',*,*,#3543,.F.);
#4667=ORIENTED_EDGE('',*,*,#3544,.F.);
#4668=ORIENTED_EDGE('',*,*,#3545,.F.);
#4669=ORIENTED_EDGE('',*,*,#3546,.F.);
#4670=ORIENTED_EDGE('',*,*,#3547,.F.);
#4671=ORIENTED_EDGE('',*,*,#3548,.F.);
#4672=ORIENTED_EDGE('',*,*,#3549,.F.);
#4673=ORIENTED_EDGE('',*,*,#3550,.F.);
#4674=ORIENTED_EDGE('',*,*,#3551,.F.);
#4675=ORIENTED_EDGE('',*,*,#3552,.F.);
#4676=ORIENTED_EDGE('',*,*,#3553,.F.);
#4677=ORIENTED_EDGE('',*,*,#3554,.F.);
#4678=ORIENTED_EDGE('',*,*,#3555,.F.);
#4679=ORIENTED_EDGE('',*,*,#3556,.F.);
#4680=ORIENTED_EDGE('',*,*,#3557,.F.);
#4681=ORIENTED_EDGE('',*,*,#3558,.F.);
#4682=ORIENTED_EDGE('',*,*,#3559,.F.);
#4683=ORIENTED_EDGE('',*,*,#3560,.F.);
#4684=ORIENTED_EDGE('',*,*,#3561,.F.);
#4685=ORIENTED_EDGE('',*,*,#3562,.F.);
#4686=ORIENTED_EDGE('',*,*,#3563,.F.);
#4687=ORIENTED_EDGE('',*,*,#3564,.F.);
#4688=ORIENTED_EDGE('',*,*,#3565,.F.);
#4689=ORIENTED_EDGE('',*,*,#3566,.F.);
#4690=ORIENTED_EDGE('',*,*,#3567,.F.);
#4691=ORIENTED_EDGE('',*,*,#3568,.F.);
#4692=ORIENTED_EDGE('',*,*,#3569,.F.);
#4693=ORIENTED_EDGE('',*,*,#3570,.F.);
#4694=ORIENTED_EDGE('',*,*,#3571,.F.);
#4695=ORIENTED_EDGE('',*,*,#3572,.F.);
#4696=ORIENTED_EDGE('',*,*,#3573,.F.);
#4697=ORIENTED_EDGE('',*,*,#3574,.F.);
#4698=ORIENTED_EDGE('',*,*,#3575,.F.);
#4699=ORIENTED_EDGE('',*,*,#3576,.F.);
#4700=ORIENTED_EDGE('',*,*,#3577,.F.);
#4701=ORIENTED_EDGE('',*,*,#3578,.F.);
#4702=ORIENTED_EDGE('',*,*,#3579,.F.);
#4703=ORIENTED_EDGE('',*,*,#3580,.F.);
#4704=ORIENTED_EDGE('',*,*,#3581,.F.);
#4705=ORIENTED_EDGE('',*,*,#3582,.F.);
#4706=ORIENTED_EDGE('',*,*,#3583,.F.);
#4707=ORIENTED_EDGE('',*,*,#3584,.F.);
#4708=ORIENTED_EDGE('',*,*,#3585,.F.);
#4709=ORIENTED_EDGE('',*,*,#3586,.F.);
#4710=ORIENTED_EDGE('',*,*,#3587,.F.);
#4711=ORIENTED_EDGE('',*,*,#3588,.F.);
#4712=ORIENTED_EDGE('',*,*,#3589,.F.);
#4713=ORIENTED_EDGE('',*,*,#3590,.F.);
#4714=ORIENTED_EDGE('',*,*,#3591,.F.);
#4715=ORIENTED_EDGE('',*,*,#3592,.F.);
#4716=ORIENTED_EDGE('',*,*,#3593,.F.);
#4717=ORIENTED_EDGE('',*,*,#3594,.F.);
#4718=ORIENTED_EDGE('',*,*,#3595,.F.);
#4719=ORIENTED_EDGE('',*,*,#3596,.F.);
#4720=ORIENTED_EDGE('',*,*,#3597,.F.);
#4721=ORIENTED_EDGE('',*,*,#3598,.F.);
#4722=ORIENTED_EDGE('',*,*,#3599,.F.);
#4723=ORIENTED_EDGE('',*,*,#3600,.F.);
#4724=ORIENTED_EDGE('',*,*,#3601,.F.);
#4725=ORIENTED_EDGE('',*,*,#3602,.F.);
#4726=ORIENTED_EDGE('',*,*,#3603,.F.);
#4727=ORIENTED_EDGE('',*,*,#3604,.F.);
#4728=ORIENTED_EDGE('',*,*,#3605,.F.);
#4729=ORIENTED_EDGE('',*,*,#3606,.F.);
#4730=ORIENTED_EDGE('',*,*,#3607,.F.);
#4731=ORIENTED_EDGE('',*,*,#3608,.F.);
#4732=ORIENTED_EDGE('',*,*,#3609,.F.);
#4733=ORIENTED_EDGE('',*,*,#3610,.F.);
#4734=ORIENTED_EDGE('',*,*,#3611,.F.);
#4735=ORIENTED_EDGE('',*,*,#3612,.F.);
#4736=ORIENTED_EDGE('',*,*,#3613,.F.);
#4737=ORIENTED_EDGE('',*,*,#3614,.F.);
#4738=ORIENTED_EDGE('',*,*,#3615,.F.);
#4739=ORIENTED_EDGE('',*,*,#3616,.F.);
#4740=ORIENTED_EDGE('',*,*,#3617,.F.);
#4741=ORIENTED_EDGE('',*,*,#3618,.F.);
#4742=ORIENTED_EDGE('',*,*,#3619,.F.);
#4743=ORIENTED_EDGE('',*,*,#3620,.F.);
#4744=ORIENTED_EDGE('',*,*,#3621,.F.);
#4745=ORIENTED_EDGE('',*,*,#3622,.F.);
#4746=ORIENTED_EDGE('',*,*,#3623,.F.);
#4747=ORIENTED_EDGE('',*,*,#3624,.F.);
#4748=ORIENTED_EDGE('',*,*,#3625,.F.);
#4749=ORIENTED_EDGE('',*,*,#3626,.F.);
#4750=ORIENTED_EDGE('',*,*,#3627,.F.);
#4751=ORIENTED_EDGE('',*,*,#3628,.F.);
#4752=ORIENTED_EDGE('',*,*,#3629,.F.);
#4753=ORIENTED_EDGE('',*,*,#3630,.F.);
#4754=ORIENTED_EDGE('',*,*,#3631,.F.);
#4755=ORIENTED_EDGE('',*,*,#3632,.F.);
#4756=ORIENTED_EDGE('',*,*,#3633,.F.);
#4757=ORIENTED_EDGE('',*,*,#3634,.F.);
#4758=ORIENTED_EDGE('',*,*,#3635,.F.);
#4759=ORIENTED_EDGE('',*,*,#3636,.F.);
#4760=ORIENTED_EDGE('',*,*,#3637,.F.);
#4761=ORIENTED_EDGE('',*,*,#3638,.F.);
#4762=ORIENTED_EDGE('',*,*,#3639,.F.);
#4763=ORIENTED_EDGE('',*,*,#3640,.F.);
#4764=ORIENTED_EDGE('',*,*,#3641,.F.);
#4765=ORIENTED_EDGE('',*,*,#3642,.F.);
#4766=ORIENTED_EDGE('',*,*,#3643,.F.);
#4767=ORIENTED_EDGE('',*,*,#3644,.F.);
#4768=ORIENTED_EDGE('',*,*,#3645,.F.);
#4769=ORIENTED_EDGE('',*,*,#3646,.F.);
#4770=ORIENTED_EDGE('',*,*,#3647,.F.);
#4771=ORIENTED_EDGE('',*,*,#3648,.F.);
#4772=ORIENTED_EDGE('',*,*,#3649,.F.);
#4773=ORIENTED_EDGE('',*,*,#3650,.F.);
#4774=ORIENTED_EDGE('',*,*,#3651,.F.);
#4775=ORIENTED_EDGE('',*,*,#3652,.F.);
#4776=ORIENTED_EDGE('',*,*,#3653,.F.);
#4777=ORIENTED_EDGE('',*,*,#3654,.F.);
#4778=ORIENTED_EDGE('',*,*,#3655,.F.);
#4779=ORIENTED_EDGE('',*,*,#3656,.F.);
#4780=ORIENTED_EDGE('',*,*,#3657,.F.);
#4781=ORIENTED_EDGE('',*,*,#3658,.F.);
#4782=ORIENTED_EDGE('',*,*,#3659,.F.);
#4783=ORIENTED_EDGE('',*,*,#3660,.F.);
#4784=ORIENTED_EDGE('',*,*,#3661,.F.);
#4785=ORIENTED_EDGE('',*,*,#3662,.F.);
#4786=ORIENTED_EDGE('',*,*,#3663,.F.);
#4787=ORIENTED_EDGE('',*,*,#3664,.F.);
#4788=ORIENTED_EDGE('',*,*,#3665,.F.);
#4789=ORIENTED_EDGE('',*,*,#3666,.F.);
#4790=ORIENTED_EDGE('',*,*,#3667,.F.);
#4791=ORIENTED_EDGE('',*,*,#3668,.F.);
#4792=ORIENTED_EDGE('',*,*,#3669,.F.);
#4793=ORIENTED_EDGE('',*,*,#3670,.F.);
#4794=ORIENTED_EDGE('',*,*,#3671,.F.);
#4795=ORIENTED_EDGE('',*,*,#3672,.F.);
#4796=ORIENTED_EDGE('',*,*,#3673,.F.);
#4797=ORIENTED_EDGE('',*,*,#3674,.F.);
#4798=ORIENTED_EDGE('',*,*,#3675,.F.);
#4799=ORIENTED_EDGE('',*,*,#3676,.F.);
#4800=ORIENTED_EDGE('',*,*,#3677,.F.);
#4801=ORIENTED_EDGE('',*,*,#3678,.F.);
#4802=ORIENTED_EDGE('',*,*,#3679,.F.);
#4803=ORIENTED_EDGE('',*,*,#3680,.F.);
#4804=ORIENTED_EDGE('',*,*,#3681,.F.);
#4805=ORIENTED_EDGE('',*,*,#3682,.F.);
#4806=ORIENTED_EDGE('',*,*,#3683,.F.);
#4807=ORIENTED_EDGE('',*,*,#3684,.F.);
#4808=ORIENTED_EDGE('',*,*,#3685,.F.);
#4809=ORIENTED_EDGE('',*,*,#3686,.F.);
#4810=ORIENTED_EDGE('',*,*,#3687,.F.);
#4811=ORIENTED_EDGE('',*,*,#3688,.F.);
#4812=ORIENTED_EDGE('',*,*,#3689,.F.);
#4813=ORIENTED_EDGE('',*,*,#3690,.F.);
#4814=ORIENTED_EDGE('',*,*,#3691,.F.);
#4815=ORIENTED_EDGE('',*,*,#3692,.F.);
#4816=ORIENTED_EDGE('',*,*,#3693,.F.);
#4817=ORIENTED_EDGE('',*,*,#3694,.F.);
#4818=ORIENTED_EDGE('',*,*,#3695,.F.);
#4819=ORIENTED_EDGE('',*,*,#3696,.F.);
#4820=ORIENTED_EDGE('',*,*,#3697,.F.);
#4821=ORIENTED_EDGE('',*,*,#3698,.F.);
#4822=ORIENTED_EDGE('',*,*,#3699,.F.);
#4823=ORIENTED_EDGE('',*,*,#3700,.F.);
#4824=ORIENTED_EDGE('',*,*,#3701,.F.);
#4825=ORIENTED_EDGE('',*,*,#3702,.F.);
#4826=ORIENTED_EDGE('',*,*,#3703,.F.);
#4827=ORIENTED_EDGE('',*,*,#3704,.F.);
#4828=ORIENTED_EDGE('',*,*,#3705,.F.);
#4829=ORIENTED_EDGE('',*,*,#3706,.F.);
#4830=ORIENTED_EDGE('',*,*,#3707,.F.);
#4831=ORIENTED_EDGE('',*,*,#3708,.F.);
#4832=ORIENTED_EDGE('',*,*,#3709,.F.);
#4833=ORIENTED_EDGE('',*,*,#3710,.F.);
#4834=ORIENTED_EDGE('',*,*,#3711,.F.);
#4835=ORIENTED_EDGE('',*,*,#3712,.F.);
#4836=ORIENTED_EDGE('',*,*,#3713,.F.);
#4837=ORIENTED_EDGE('',*,*,#3714,.F.);
#4838=ORIENTED_EDGE('',*,*,#3715,.F.);
#4839=ORIENTED_EDGE('',*,*,#3716,.F.);
#4840=ORIENTED_EDGE('',*,*,#3717,.F.);
#4841=ORIENTED_EDGE('',*,*,#3718,.F.);
#4842=ORIENTED_EDGE('',*,*,#3719,.F.);
#4843=ORIENTED_EDGE('',*,*,#3720,.F.);
#4844=ORIENTED_EDGE('',*,*,#3721,.F.);
#4845=ORIENTED_EDGE('',*,*,#3722,.F.);
#4846=ORIENTED_EDGE('',*,*,#3723,.T.);
#4847=ORIENTED_EDGE('',*,*,#3718,.T.);
#4848=ORIENTED_EDGE('',*,*,#3724,.F.);
#4849=ORIENTED_EDGE('',*,*,#3725,.T.);
#4850=ORIENTED_EDGE('',*,*,#3726,.T.);
#4851=ORIENTED_EDGE('',*,*,#3719,.T.);
#4852=ORIENTED_EDGE('',*,*,#3723,.F.);
#4853=ORIENTED_EDGE('',*,*,#3727,.T.);
#4854=ORIENTED_EDGE('',*,*,#3728,.T.);
#4855=ORIENTED_EDGE('',*,*,#3720,.T.);
#4856=ORIENTED_EDGE('',*,*,#3726,.F.);
#4857=ORIENTED_EDGE('',*,*,#3729,.T.);
#4858=ORIENTED_EDGE('',*,*,#3730,.T.);
#4859=ORIENTED_EDGE('',*,*,#3721,.T.);
#4860=ORIENTED_EDGE('',*,*,#3728,.F.);
#4861=ORIENTED_EDGE('',*,*,#3731,.T.);
#4862=ORIENTED_EDGE('',*,*,#3732,.F.);
#4863=ORIENTED_EDGE('',*,*,#3722,.T.);
#4864=ORIENTED_EDGE('',*,*,#3730,.F.);
#4865=ORIENTED_EDGE('',*,*,#3733,.T.);
#4866=ORIENTED_EDGE('',*,*,#3732,.T.);
#4867=ORIENTED_EDGE('',*,*,#3734,.T.);
#4868=ORIENTED_EDGE('',*,*,#3735,.T.);
#4869=ORIENTED_EDGE('',*,*,#3715,.T.);
#4870=ORIENTED_EDGE('',*,*,#3736,.T.);
#4871=ORIENTED_EDGE('',*,*,#3716,.T.);
#4872=ORIENTED_EDGE('',*,*,#3735,.F.);
#4873=ORIENTED_EDGE('',*,*,#3737,.T.);
#4874=ORIENTED_EDGE('',*,*,#3724,.T.);
#4875=ORIENTED_EDGE('',*,*,#3717,.T.);
#4876=ORIENTED_EDGE('',*,*,#3736,.F.);
#4877=ORIENTED_EDGE('',*,*,#3738,.T.);
#4878=ORIENTED_EDGE('',*,*,#3739,.T.);
#4879=ORIENTED_EDGE('',*,*,#3740,.T.);
#4880=ORIENTED_EDGE('',*,*,#3741,.F.);
#4881=ORIENTED_EDGE('',*,*,#3742,.T.);
#4882=ORIENTED_EDGE('',*,*,#3743,.T.);
#4883=ORIENTED_EDGE('',*,*,#3744,.T.);
#4884=ORIENTED_EDGE('',*,*,#3739,.F.);
#4885=ORIENTED_EDGE('',*,*,#3745,.T.);
#4886=ORIENTED_EDGE('',*,*,#3746,.T.);
#4887=ORIENTED_EDGE('',*,*,#3747,.T.);
#4888=ORIENTED_EDGE('',*,*,#3743,.F.);
#4889=ORIENTED_EDGE('',*,*,#3748,.T.);
#4890=ORIENTED_EDGE('',*,*,#3749,.F.);
#4891=ORIENTED_EDGE('',*,*,#3750,.T.);
#4892=ORIENTED_EDGE('',*,*,#3751,.F.);
#4893=ORIENTED_EDGE('',*,*,#3740,.F.);
#4894=ORIENTED_EDGE('',*,*,#3744,.F.);
#4895=ORIENTED_EDGE('',*,*,#3747,.F.);
#4896=ORIENTED_EDGE('',*,*,#3752,.T.);
#4897=ORIENTED_EDGE('',*,*,#3753,.T.);
#4898=ORIENTED_EDGE('',*,*,#3741,.T.);
#4899=ORIENTED_EDGE('',*,*,#3751,.T.);
#4900=ORIENTED_EDGE('',*,*,#3754,.T.);
#4901=ORIENTED_EDGE('',*,*,#3749,.T.);
#4902=ORIENTED_EDGE('',*,*,#3746,.F.);
#4903=ORIENTED_EDGE('',*,*,#3755,.T.);
#4904=ORIENTED_EDGE('',*,*,#3756,.F.);
#4905=ORIENTED_EDGE('',*,*,#3757,.T.);
#4906=ORIENTED_EDGE('',*,*,#3758,.F.);
#4907=ORIENTED_EDGE('',*,*,#3759,.F.);
#4908=ORIENTED_EDGE('',*,*,#3760,.F.);
#4909=ORIENTED_EDGE('',*,*,#3761,.F.);
#4910=ORIENTED_EDGE('',*,*,#3762,.T.);
#4911=ORIENTED_EDGE('',*,*,#3763,.T.);
#4912=ORIENTED_EDGE('',*,*,#3764,.T.);
#4913=ORIENTED_EDGE('',*,*,#3758,.T.);
#4914=ORIENTED_EDGE('',*,*,#3765,.T.);
#4915=ORIENTED_EDGE('',*,*,#3759,.T.);
#4916=ORIENTED_EDGE('',*,*,#3764,.F.);
#4917=ORIENTED_EDGE('',*,*,#3766,.T.);
#4918=ORIENTED_EDGE('',*,*,#3767,.T.);
#4919=ORIENTED_EDGE('',*,*,#3760,.T.);
#4920=ORIENTED_EDGE('',*,*,#3765,.F.);
#4921=ORIENTED_EDGE('',*,*,#3768,.T.);
#4922=ORIENTED_EDGE('',*,*,#3769,.T.);
#4923=ORIENTED_EDGE('',*,*,#3761,.T.);
#4924=ORIENTED_EDGE('',*,*,#3767,.F.);
#4925=ORIENTED_EDGE('',*,*,#3770,.T.);
#4926=ORIENTED_EDGE('',*,*,#3771,.T.);
#4927=ORIENTED_EDGE('',*,*,#3756,.T.);
#4928=ORIENTED_EDGE('',*,*,#3769,.F.);
#4929=ORIENTED_EDGE('',*,*,#3772,.T.);
#4930=ORIENTED_EDGE('',*,*,#3773,.F.);
#4931=ORIENTED_EDGE('',*,*,#3774,.F.);
#4932=ORIENTED_EDGE('',*,*,#3725,.F.);
#4933=ORIENTED_EDGE('',*,*,#3775,.F.);
#4934=ORIENTED_EDGE('',*,*,#3377,.F.);
#4935=ORIENTED_EDGE('',*,*,#3776,.T.);
#4936=ORIENTED_EDGE('',*,*,#3727,.F.);
#4937=ORIENTED_EDGE('',*,*,#3776,.F.);
#4938=ORIENTED_EDGE('',*,*,#3376,.F.);
#4939=ORIENTED_EDGE('',*,*,#3777,.T.);
#4940=ORIENTED_EDGE('',*,*,#3729,.F.);
#4941=ORIENTED_EDGE('',*,*,#3777,.F.);
#4942=ORIENTED_EDGE('',*,*,#3375,.F.);
#4943=ORIENTED_EDGE('',*,*,#3778,.T.);
#4944=ORIENTED_EDGE('',*,*,#3731,.F.);
#4945=ORIENTED_EDGE('',*,*,#3778,.F.);
#4946=ORIENTED_EDGE('',*,*,#3374,.F.);
#4947=ORIENTED_EDGE('',*,*,#3779,.T.);
#4948=ORIENTED_EDGE('',*,*,#3733,.F.);
#4949=ORIENTED_EDGE('',*,*,#3779,.F.);
#4950=ORIENTED_EDGE('',*,*,#3373,.F.);
#4951=ORIENTED_EDGE('',*,*,#3780,.T.);
#4952=ORIENTED_EDGE('',*,*,#3734,.F.);
#4953=ORIENTED_EDGE('',*,*,#3780,.F.);
#4954=ORIENTED_EDGE('',*,*,#3372,.F.);
#4955=ORIENTED_EDGE('',*,*,#3781,.T.);
#4956=ORIENTED_EDGE('',*,*,#3737,.F.);
#4957=ORIENTED_EDGE('',*,*,#3781,.F.);
#4958=ORIENTED_EDGE('',*,*,#3371,.F.);
#4959=ORIENTED_EDGE('',*,*,#3782,.T.);
#4960=ORIENTED_EDGE('',*,*,#3738,.F.);
#4961=ORIENTED_EDGE('',*,*,#3782,.F.);
#4962=ORIENTED_EDGE('',*,*,#3370,.F.);
#4963=ORIENTED_EDGE('',*,*,#3775,.T.);
#4964=ORIENTED_EDGE('',*,*,#3413,.T.);
#4965=ORIENTED_EDGE('',*,*,#3783,.F.);
#4966=ORIENTED_EDGE('',*,*,#3356,.F.);
#4967=ORIENTED_EDGE('',*,*,#3784,.F.);
#4968=ORIENTED_EDGE('',*,*,#3414,.T.);
#4969=ORIENTED_EDGE('',*,*,#3784,.T.);
#4970=ORIENTED_EDGE('',*,*,#3355,.F.);
#4971=ORIENTED_EDGE('',*,*,#3785,.T.);
#4972=ORIENTED_EDGE('',*,*,#3415,.F.);
#4973=ORIENTED_EDGE('',*,*,#3785,.F.);
#4974=ORIENTED_EDGE('',*,*,#3354,.F.);
#4975=ORIENTED_EDGE('',*,*,#3786,.F.);
#4976=ORIENTED_EDGE('',*,*,#3753,.F.);
#4977=ORIENTED_EDGE('',*,*,#3787,.F.);
#4978=ORIENTED_EDGE('',*,*,#3352,.F.);
#4979=ORIENTED_EDGE('',*,*,#3788,.T.);
#4980=ORIENTED_EDGE('',*,*,#3742,.F.);
#4981=ORIENTED_EDGE('',*,*,#3788,.F.);
#4982=ORIENTED_EDGE('',*,*,#3351,.F.);
#4983=ORIENTED_EDGE('',*,*,#3789,.T.);
#4984=ORIENTED_EDGE('',*,*,#3745,.F.);
#4985=ORIENTED_EDGE('',*,*,#3789,.F.);
#4986=ORIENTED_EDGE('',*,*,#3350,.F.);
#4987=ORIENTED_EDGE('',*,*,#3790,.T.);
#4988=ORIENTED_EDGE('',*,*,#3748,.F.);
#4989=ORIENTED_EDGE('',*,*,#3790,.F.);
#4990=ORIENTED_EDGE('',*,*,#3349,.F.);
#4991=ORIENTED_EDGE('',*,*,#3791,.T.);
#4992=ORIENTED_EDGE('',*,*,#3755,.F.);
#4993=ORIENTED_EDGE('',*,*,#3791,.F.);
#4994=ORIENTED_EDGE('',*,*,#3348,.F.);
#4995=ORIENTED_EDGE('',*,*,#3792,.T.);
#4996=ORIENTED_EDGE('',*,*,#3754,.F.);
#4997=ORIENTED_EDGE('',*,*,#3792,.F.);
#4998=ORIENTED_EDGE('',*,*,#3347,.F.);
#4999=ORIENTED_EDGE('',*,*,#3793,.T.);
#5000=ORIENTED_EDGE('',*,*,#3416,.T.);
#5001=ORIENTED_EDGE('',*,*,#3786,.T.);
#5002=ORIENTED_EDGE('',*,*,#3353,.F.);
#5003=ORIENTED_EDGE('',*,*,#3787,.T.);
#5004=ORIENTED_EDGE('',*,*,#3752,.F.);
#5005=ORIENTED_EDGE('',*,*,#3750,.F.);
#5006=ORIENTED_EDGE('',*,*,#3417,.T.);
#5007=ORIENTED_EDGE('',*,*,#3793,.F.);
#5008=ORIENTED_EDGE('',*,*,#3346,.F.);
#5009=ORIENTED_EDGE('',*,*,#3794,.F.);
#5010=ORIENTED_EDGE('',*,*,#3316,.T.);
#5011=ORIENTED_EDGE('',*,*,#3365,.F.);
#5012=ORIENTED_EDGE('',*,*,#3795,.T.);
#5013=ORIENTED_EDGE('',*,*,#3410,.T.);
#5014=ORIENTED_EDGE('',*,*,#3404,.F.);
#5015=ORIENTED_EDGE('',*,*,#3424,.T.);
#5016=ORIENTED_EDGE('',*,*,#3426,.T.);
#5017=ORIENTED_EDGE('',*,*,#3419,.F.);
#5018=ORIENTED_EDGE('',*,*,#3400,.F.);
#5019=ORIENTED_EDGE('',*,*,#3409,.T.);
#5020=ORIENTED_EDGE('',*,*,#3383,.F.);
#5021=ORIENTED_EDGE('',*,*,#3394,.T.);
#5022=ORIENTED_EDGE('',*,*,#3427,.T.);
#5023=ORIENTED_EDGE('',*,*,#3397,.F.);
#5024=ORIENTED_EDGE('',*,*,#3390,.F.);
#5025=ORIENTED_EDGE('',*,*,#3418,.T.);
#5026=ORIENTED_EDGE('',*,*,#3794,.T.);
#5027=ORIENTED_EDGE('',*,*,#3345,.F.);
#5028=ORIENTED_EDGE('',*,*,#3327,.T.);
#5029=ORIENTED_EDGE('',*,*,#3330,.T.);
#5030=ORIENTED_EDGE('',*,*,#3411,.T.);
#5031=ORIENTED_EDGE('',*,*,#3795,.F.);
#5032=ORIENTED_EDGE('',*,*,#3364,.F.);
#5033=ORIENTED_EDGE('',*,*,#3796,.F.);
#5034=ORIENTED_EDGE('',*,*,#3771,.F.);
#5035=ORIENTED_EDGE('',*,*,#3797,.F.);
#5036=ORIENTED_EDGE('',*,*,#3357,.F.);
#5037=ORIENTED_EDGE('',*,*,#3783,.T.);
#5038=ORIENTED_EDGE('',*,*,#3412,.T.);
#5039=ORIENTED_EDGE('',*,*,#3796,.T.);
#5040=ORIENTED_EDGE('',*,*,#3363,.F.);
#5041=ORIENTED_EDGE('',*,*,#3798,.T.);
#5042=ORIENTED_EDGE('',*,*,#3762,.F.);
#5043=ORIENTED_EDGE('',*,*,#3757,.F.);
#5044=ORIENTED_EDGE('',*,*,#3763,.F.);
#5045=ORIENTED_EDGE('',*,*,#3798,.F.);
#5046=ORIENTED_EDGE('',*,*,#3362,.F.);
#5047=ORIENTED_EDGE('',*,*,#3799,.T.);
#5048=ORIENTED_EDGE('',*,*,#3766,.F.);
#5049=ORIENTED_EDGE('',*,*,#3799,.F.);
#5050=ORIENTED_EDGE('',*,*,#3361,.F.);
#5051=ORIENTED_EDGE('',*,*,#3800,.T.);
#5052=ORIENTED_EDGE('',*,*,#3768,.F.);
#5053=ORIENTED_EDGE('',*,*,#3800,.F.);
#5054=ORIENTED_EDGE('',*,*,#3360,.F.);
#5055=ORIENTED_EDGE('',*,*,#3801,.T.);
#5056=ORIENTED_EDGE('',*,*,#3770,.F.);
#5057=ORIENTED_EDGE('',*,*,#3801,.F.);
#5058=ORIENTED_EDGE('',*,*,#3359,.F.);
#5059=ORIENTED_EDGE('',*,*,#3802,.T.);
#5060=ORIENTED_EDGE('',*,*,#3772,.F.);
#5061=ORIENTED_EDGE('',*,*,#3802,.F.);
#5062=ORIENTED_EDGE('',*,*,#3358,.F.);
#5063=ORIENTED_EDGE('',*,*,#3797,.T.);
#5064=ORIENTED_EDGE('',*,*,#3803,.F.);
#5065=ORIENTED_EDGE('',*,*,#3804,.F.);
#5066=ORIENTED_EDGE('',*,*,#3805,.F.);
#5067=ORIENTED_EDGE('',*,*,#3806,.T.);
#5068=ORIENTED_EDGE('',*,*,#3773,.T.);
#5069=ORIENTED_EDGE('',*,*,#3806,.F.);
#5070=ORIENTED_EDGE('',*,*,#3807,.F.);
#5071=ORIENTED_EDGE('',*,*,#3808,.T.);
#5072=ORIENTED_EDGE('',*,*,#3774,.T.);
#5073=ORIENTED_EDGE('',*,*,#3808,.F.);
#5074=ORIENTED_EDGE('',*,*,#3809,.T.);
#5075=ORIENTED_EDGE('',*,*,#3810,.T.);
#5076=ORIENTED_EDGE('',*,*,#3338,.F.);
#5077=ORIENTED_EDGE('',*,*,#3811,.F.);
#5078=ORIENTED_EDGE('',*,*,#3812,.F.);
#5079=ORIENTED_EDGE('',*,*,#3813,.T.);
#5080=ORIENTED_EDGE('',*,*,#3339,.F.);
#5081=ORIENTED_EDGE('',*,*,#3810,.F.);
#5082=ORIENTED_EDGE('',*,*,#3814,.F.);
#5083=ORIENTED_EDGE('',*,*,#3815,.T.);
#5084=ORIENTED_EDGE('',*,*,#3340,.F.);
#5085=ORIENTED_EDGE('',*,*,#3813,.F.);
#5086=ORIENTED_EDGE('',*,*,#3816,.F.);
#5087=ORIENTED_EDGE('',*,*,#3817,.T.);
#5088=ORIENTED_EDGE('',*,*,#3342,.F.);
#5089=ORIENTED_EDGE('',*,*,#3818,.F.);
#5090=ORIENTED_EDGE('',*,*,#3819,.T.);
#5091=ORIENTED_EDGE('',*,*,#3820,.T.);
#5092=ORIENTED_EDGE('',*,*,#3343,.F.);
#5093=ORIENTED_EDGE('',*,*,#3817,.F.);
#5094=ORIENTED_EDGE('',*,*,#3821,.F.);
#5095=ORIENTED_EDGE('',*,*,#3822,.F.);
#5096=ORIENTED_EDGE('',*,*,#3333,.T.);
#5097=ORIENTED_EDGE('',*,*,#3344,.F.);
#5098=ORIENTED_EDGE('',*,*,#3820,.F.);
#5099=ORIENTED_EDGE('',*,*,#3823,.F.);
#5100=ORIENTED_EDGE('',*,*,#3811,.T.);
#5101=ORIENTED_EDGE('',*,*,#3337,.F.);
#5102=ORIENTED_EDGE('',*,*,#3335,.T.);
#5103=ORIENTED_EDGE('',*,*,#3824,.T.);
#5104=ORIENTED_EDGE('',*,*,#3825,.F.);
#5105=ORIENTED_EDGE('',*,*,#3826,.T.);
#5106=ORIENTED_EDGE('',*,*,#3803,.T.);
#5107=ORIENTED_EDGE('',*,*,#3826,.F.);
#5108=ORIENTED_EDGE('',*,*,#3827,.F.);
#5109=ORIENTED_EDGE('',*,*,#3828,.T.);
#5110=ORIENTED_EDGE('',*,*,#3804,.T.);
#5111=ORIENTED_EDGE('',*,*,#3828,.F.);
#5112=ORIENTED_EDGE('',*,*,#3829,.T.);
#5113=ORIENTED_EDGE('',*,*,#3830,.T.);
#5114=ORIENTED_EDGE('',*,*,#3805,.T.);
#5115=ORIENTED_EDGE('',*,*,#3830,.F.);
#5116=ORIENTED_EDGE('',*,*,#3831,.T.);
#5117=ORIENTED_EDGE('',*,*,#3832,.T.);
#5118=ORIENTED_EDGE('',*,*,#3807,.T.);
#5119=ORIENTED_EDGE('',*,*,#3832,.F.);
#5120=ORIENTED_EDGE('',*,*,#3833,.F.);
#5121=ORIENTED_EDGE('',*,*,#3812,.T.);
#5122=ORIENTED_EDGE('',*,*,#3809,.F.);
#5123=ORIENTED_EDGE('',*,*,#3823,.T.);
#5124=ORIENTED_EDGE('',*,*,#3834,.T.);
#5125=ORIENTED_EDGE('',*,*,#3835,.T.);
#5126=ORIENTED_EDGE('',*,*,#3836,.T.);
#5127=ORIENTED_EDGE('',*,*,#3837,.T.);
#5128=ORIENTED_EDGE('',*,*,#3814,.T.);
#5129=ORIENTED_EDGE('',*,*,#3833,.T.);
#5130=ORIENTED_EDGE('',*,*,#3838,.T.);
#5131=ORIENTED_EDGE('',*,*,#3839,.F.);
#5132=ORIENTED_EDGE('',*,*,#3818,.T.);
#5133=ORIENTED_EDGE('',*,*,#3341,.F.);
#5134=ORIENTED_EDGE('',*,*,#3815,.F.);
#5135=ORIENTED_EDGE('',*,*,#3837,.F.);
#5136=ORIENTED_EDGE('',*,*,#3840,.T.);
#5137=ORIENTED_EDGE('',*,*,#3841,.T.);
#5138=ORIENTED_EDGE('',*,*,#3816,.T.);
#5139=ORIENTED_EDGE('',*,*,#3839,.T.);
#5140=ORIENTED_EDGE('',*,*,#3819,.F.);
#5141=ORIENTED_EDGE('',*,*,#3841,.F.);
#5142=ORIENTED_EDGE('',*,*,#3842,.T.);
#5143=ORIENTED_EDGE('',*,*,#3843,.T.);
#5144=ORIENTED_EDGE('',*,*,#3821,.T.);
#5145=ORIENTED_EDGE('',*,*,#3834,.F.);
#5146=ORIENTED_EDGE('',*,*,#3824,.F.);
#5147=ORIENTED_EDGE('',*,*,#3334,.T.);
#5148=ORIENTED_EDGE('',*,*,#3822,.T.);
#5149=ORIENTED_EDGE('',*,*,#3843,.F.);
#5150=ORIENTED_EDGE('',*,*,#3844,.T.);
#5151=ORIENTED_EDGE('',*,*,#3845,.T.);
#5152=ORIENTED_EDGE('',*,*,#3846,.T.);
#5153=ORIENTED_EDGE('',*,*,#3825,.T.);
#5154=ORIENTED_EDGE('',*,*,#3846,.F.);
#5155=ORIENTED_EDGE('',*,*,#3847,.T.);
#5156=ORIENTED_EDGE('',*,*,#3848,.T.);
#5157=ORIENTED_EDGE('',*,*,#3827,.T.);
#5158=ORIENTED_EDGE('',*,*,#3848,.F.);
#5159=ORIENTED_EDGE('',*,*,#3844,.F.);
#5160=ORIENTED_EDGE('',*,*,#3842,.F.);
#5161=ORIENTED_EDGE('',*,*,#3840,.F.);
#5162=ORIENTED_EDGE('',*,*,#3838,.F.);
#5163=ORIENTED_EDGE('',*,*,#3836,.F.);
#5164=ORIENTED_EDGE('',*,*,#3835,.F.);
#5165=ORIENTED_EDGE('',*,*,#3849,.T.);
#5166=ORIENTED_EDGE('',*,*,#3850,.T.);
#5167=ORIENTED_EDGE('',*,*,#3851,.T.);
#5168=ORIENTED_EDGE('',*,*,#3852,.T.);
#5169=ORIENTED_EDGE('',*,*,#3853,.T.);
#5170=ORIENTED_EDGE('',*,*,#3854,.T.);
#5171=ORIENTED_EDGE('',*,*,#3855,.T.);
#5172=ORIENTED_EDGE('',*,*,#3856,.T.);
#5173=ORIENTED_EDGE('',*,*,#3857,.T.);
#5174=ORIENTED_EDGE('',*,*,#3858,.T.);
#5175=ORIENTED_EDGE('',*,*,#3859,.T.);
#5176=ORIENTED_EDGE('',*,*,#3860,.T.);
#5177=ORIENTED_EDGE('',*,*,#3861,.T.);
#5178=ORIENTED_EDGE('',*,*,#3862,.T.);
#5179=ORIENTED_EDGE('',*,*,#3863,.T.);
#5180=ORIENTED_EDGE('',*,*,#3864,.T.);
#5181=ORIENTED_EDGE('',*,*,#3865,.T.);
#5182=ORIENTED_EDGE('',*,*,#3866,.T.);
#5183=ORIENTED_EDGE('',*,*,#3867,.T.);
#5184=ORIENTED_EDGE('',*,*,#3868,.T.);
#5185=ORIENTED_EDGE('',*,*,#3869,.T.);
#5186=ORIENTED_EDGE('',*,*,#3870,.T.);
#5187=ORIENTED_EDGE('',*,*,#3871,.T.);
#5188=ORIENTED_EDGE('',*,*,#3872,.T.);
#5189=ORIENTED_EDGE('',*,*,#3873,.T.);
#5190=ORIENTED_EDGE('',*,*,#3874,.T.);
#5191=ORIENTED_EDGE('',*,*,#3875,.T.);
#5192=ORIENTED_EDGE('',*,*,#3876,.T.);
#5193=ORIENTED_EDGE('',*,*,#3877,.F.);
#5194=ORIENTED_EDGE('',*,*,#3878,.T.);
#5195=ORIENTED_EDGE('',*,*,#3879,.T.);
#5196=ORIENTED_EDGE('',*,*,#3880,.T.);
#5197=ORIENTED_EDGE('',*,*,#3881,.T.);
#5198=ORIENTED_EDGE('',*,*,#3882,.T.);
#5199=ORIENTED_EDGE('',*,*,#3883,.T.);
#5200=ORIENTED_EDGE('',*,*,#3884,.T.);
#5201=ORIENTED_EDGE('',*,*,#3885,.T.);
#5202=ORIENTED_EDGE('',*,*,#3886,.T.);
#5203=ORIENTED_EDGE('',*,*,#3887,.T.);
#5204=ORIENTED_EDGE('',*,*,#3888,.T.);
#5205=ORIENTED_EDGE('',*,*,#3889,.T.);
#5206=ORIENTED_EDGE('',*,*,#3890,.T.);
#5207=ORIENTED_EDGE('',*,*,#3891,.T.);
#5208=ORIENTED_EDGE('',*,*,#3892,.T.);
#5209=ORIENTED_EDGE('',*,*,#3893,.T.);
#5210=ORIENTED_EDGE('',*,*,#3894,.T.);
#5211=ORIENTED_EDGE('',*,*,#3895,.T.);
#5212=ORIENTED_EDGE('',*,*,#3896,.T.);
#5213=ORIENTED_EDGE('',*,*,#3897,.T.);
#5214=ORIENTED_EDGE('',*,*,#3898,.T.);
#5215=ORIENTED_EDGE('',*,*,#3899,.T.);
#5216=ORIENTED_EDGE('',*,*,#3900,.F.);
#5217=ORIENTED_EDGE('',*,*,#3901,.T.);
#5218=ORIENTED_EDGE('',*,*,#3902,.T.);
#5219=ORIENTED_EDGE('',*,*,#3903,.T.);
#5220=ORIENTED_EDGE('',*,*,#3904,.T.);
#5221=ORIENTED_EDGE('',*,*,#3905,.T.);
#5222=ORIENTED_EDGE('',*,*,#3906,.T.);
#5223=ORIENTED_EDGE('',*,*,#3907,.T.);
#5224=ORIENTED_EDGE('',*,*,#3908,.T.);
#5225=ORIENTED_EDGE('',*,*,#3909,.T.);
#5226=ORIENTED_EDGE('',*,*,#3910,.T.);
#5227=ORIENTED_EDGE('',*,*,#3911,.T.);
#5228=ORIENTED_EDGE('',*,*,#3912,.T.);
#5229=ORIENTED_EDGE('',*,*,#3913,.T.);
#5230=ORIENTED_EDGE('',*,*,#3914,.T.);
#5231=ORIENTED_EDGE('',*,*,#3915,.T.);
#5232=ORIENTED_EDGE('',*,*,#3916,.T.);
#5233=ORIENTED_EDGE('',*,*,#3917,.T.);
#5234=ORIENTED_EDGE('',*,*,#3918,.T.);
#5235=ORIENTED_EDGE('',*,*,#3919,.T.);
#5236=ORIENTED_EDGE('',*,*,#3920,.T.);
#5237=ORIENTED_EDGE('',*,*,#3921,.F.);
#5238=ORIENTED_EDGE('',*,*,#3922,.T.);
#5239=ORIENTED_EDGE('',*,*,#3923,.T.);
#5240=ORIENTED_EDGE('',*,*,#3924,.T.);
#5241=ORIENTED_EDGE('',*,*,#3925,.T.);
#5242=ORIENTED_EDGE('',*,*,#3926,.T.);
#5243=ORIENTED_EDGE('',*,*,#3927,.T.);
#5244=ORIENTED_EDGE('',*,*,#3928,.F.);
#5245=ORIENTED_EDGE('',*,*,#3929,.T.);
#5246=ORIENTED_EDGE('',*,*,#3930,.T.);
#5247=ORIENTED_EDGE('',*,*,#3931,.T.);
#5248=ORIENTED_EDGE('',*,*,#3932,.T.);
#5249=ORIENTED_EDGE('',*,*,#3933,.T.);
#5250=ORIENTED_EDGE('',*,*,#3934,.T.);
#5251=ORIENTED_EDGE('',*,*,#3935,.T.);
#5252=ORIENTED_EDGE('',*,*,#3936,.T.);
#5253=ORIENTED_EDGE('',*,*,#3937,.T.);
#5254=ORIENTED_EDGE('',*,*,#3938,.T.);
#5255=ORIENTED_EDGE('',*,*,#3939,.T.);
#5256=ORIENTED_EDGE('',*,*,#3940,.T.);
#5257=ORIENTED_EDGE('',*,*,#3941,.T.);
#5258=ORIENTED_EDGE('',*,*,#3942,.T.);
#5259=ORIENTED_EDGE('',*,*,#3943,.T.);
#5260=ORIENTED_EDGE('',*,*,#3944,.T.);
#5261=ORIENTED_EDGE('',*,*,#3945,.T.);
#5262=ORIENTED_EDGE('',*,*,#3946,.T.);
#5263=ORIENTED_EDGE('',*,*,#3947,.T.);
#5264=ORIENTED_EDGE('',*,*,#3948,.T.);
#5265=ORIENTED_EDGE('',*,*,#3949,.T.);
#5266=ORIENTED_EDGE('',*,*,#3950,.T.);
#5267=ORIENTED_EDGE('',*,*,#3951,.T.);
#5268=ORIENTED_EDGE('',*,*,#3952,.T.);
#5269=ORIENTED_EDGE('',*,*,#3953,.T.);
#5270=ORIENTED_EDGE('',*,*,#3954,.T.);
#5271=ORIENTED_EDGE('',*,*,#3955,.T.);
#5272=ORIENTED_EDGE('',*,*,#3956,.T.);
#5273=ORIENTED_EDGE('',*,*,#3957,.T.);
#5274=ORIENTED_EDGE('',*,*,#3958,.T.);
#5275=ORIENTED_EDGE('',*,*,#3959,.T.);
#5276=ORIENTED_EDGE('',*,*,#3960,.T.);
#5277=ORIENTED_EDGE('',*,*,#3961,.T.);
#5278=ORIENTED_EDGE('',*,*,#3962,.T.);
#5279=ORIENTED_EDGE('',*,*,#3963,.T.);
#5280=ORIENTED_EDGE('',*,*,#3964,.T.);
#5281=ORIENTED_EDGE('',*,*,#3965,.F.);
#5282=ORIENTED_EDGE('',*,*,#3966,.T.);
#5283=ORIENTED_EDGE('',*,*,#3967,.T.);
#5284=ORIENTED_EDGE('',*,*,#3968,.T.);
#5285=ORIENTED_EDGE('',*,*,#3969,.T.);
#5286=ORIENTED_EDGE('',*,*,#3970,.T.);
#5287=ORIENTED_EDGE('',*,*,#3971,.T.);
#5288=ORIENTED_EDGE('',*,*,#3972,.T.);
#5289=ORIENTED_EDGE('',*,*,#3973,.T.);
#5290=ORIENTED_EDGE('',*,*,#3974,.T.);
#5291=ORIENTED_EDGE('',*,*,#3975,.F.);
#5292=ORIENTED_EDGE('',*,*,#3976,.T.);
#5293=ORIENTED_EDGE('',*,*,#3977,.T.);
#5294=ORIENTED_EDGE('',*,*,#3978,.T.);
#5295=ORIENTED_EDGE('',*,*,#3979,.T.);
#5296=ORIENTED_EDGE('',*,*,#3980,.T.);
#5297=ORIENTED_EDGE('',*,*,#3981,.T.);
#5298=ORIENTED_EDGE('',*,*,#3982,.T.);
#5299=ORIENTED_EDGE('',*,*,#3983,.T.);
#5300=ORIENTED_EDGE('',*,*,#3984,.T.);
#5301=ORIENTED_EDGE('',*,*,#3985,.T.);
#5302=ORIENTED_EDGE('',*,*,#3986,.T.);
#5303=ORIENTED_EDGE('',*,*,#3987,.T.);
#5304=ORIENTED_EDGE('',*,*,#3988,.T.);
#5305=ORIENTED_EDGE('',*,*,#3989,.T.);
#5306=ORIENTED_EDGE('',*,*,#3990,.T.);
#5307=ORIENTED_EDGE('',*,*,#3991,.T.);
#5308=ORIENTED_EDGE('',*,*,#3992,.T.);
#5309=ORIENTED_EDGE('',*,*,#3993,.T.);
#5310=ORIENTED_EDGE('',*,*,#3994,.T.);
#5311=ORIENTED_EDGE('',*,*,#3995,.T.);
#5312=ORIENTED_EDGE('',*,*,#3996,.T.);
#5313=ORIENTED_EDGE('',*,*,#3997,.T.);
#5314=ORIENTED_EDGE('',*,*,#3998,.T.);
#5315=ORIENTED_EDGE('',*,*,#3999,.T.);
#5316=ORIENTED_EDGE('',*,*,#4000,.T.);
#5317=ORIENTED_EDGE('',*,*,#4001,.T.);
#5318=ORIENTED_EDGE('',*,*,#4002,.T.);
#5319=ORIENTED_EDGE('',*,*,#4003,.T.);
#5320=ORIENTED_EDGE('',*,*,#4004,.T.);
#5321=ORIENTED_EDGE('',*,*,#4005,.T.);
#5322=ORIENTED_EDGE('',*,*,#4006,.F.);
#5323=ORIENTED_EDGE('',*,*,#4007,.T.);
#5324=ORIENTED_EDGE('',*,*,#4008,.T.);
#5325=ORIENTED_EDGE('',*,*,#4009,.T.);
#5326=ORIENTED_EDGE('',*,*,#4010,.T.);
#5327=ORIENTED_EDGE('',*,*,#4011,.T.);
#5328=ORIENTED_EDGE('',*,*,#4012,.T.);
#5329=ORIENTED_EDGE('',*,*,#4013,.T.);
#5330=ORIENTED_EDGE('',*,*,#4014,.T.);
#5331=ORIENTED_EDGE('',*,*,#4015,.T.);
#5332=ORIENTED_EDGE('',*,*,#4016,.T.);
#5333=ORIENTED_EDGE('',*,*,#4017,.T.);
#5334=ORIENTED_EDGE('',*,*,#4018,.T.);
#5335=ORIENTED_EDGE('',*,*,#4019,.T.);
#5336=ORIENTED_EDGE('',*,*,#4020,.T.);
#5337=ORIENTED_EDGE('',*,*,#3847,.F.);
#5338=ORIENTED_EDGE('',*,*,#3845,.F.);
#5339=ORIENTED_EDGE('',*,*,#3831,.F.);
#5340=ORIENTED_EDGE('',*,*,#3829,.F.);
#5341=ORIENTED_EDGE('',*,*,#4021,.T.);
#5342=ORIENTED_EDGE('',*,*,#4022,.T.);
#5343=ORIENTED_EDGE('',*,*,#4023,.T.);
#5344=ORIENTED_EDGE('',*,*,#4024,.T.);
#5345=ORIENTED_EDGE('',*,*,#4025,.T.);
#5346=ORIENTED_EDGE('',*,*,#4026,.T.);
#5347=ORIENTED_EDGE('',*,*,#4027,.T.);
#5348=ORIENTED_EDGE('',*,*,#4028,.T.);
#5349=ORIENTED_EDGE('',*,*,#4029,.T.);
#5350=ORIENTED_EDGE('',*,*,#4030,.T.);
#5351=ORIENTED_EDGE('',*,*,#4031,.T.);
#5352=ORIENTED_EDGE('',*,*,#4032,.T.);
#5353=ORIENTED_EDGE('',*,*,#4033,.T.);
#5354=ORIENTED_EDGE('',*,*,#4034,.T.);
#5355=ORIENTED_EDGE('',*,*,#4035,.T.);
#5356=ORIENTED_EDGE('',*,*,#4036,.T.);
#5357=ORIENTED_EDGE('',*,*,#4037,.T.);
#5358=ORIENTED_EDGE('',*,*,#4038,.T.);
#5359=ORIENTED_EDGE('',*,*,#4039,.T.);
#5360=ORIENTED_EDGE('',*,*,#4040,.T.);
#5361=ORIENTED_EDGE('',*,*,#4041,.T.);
#5362=ORIENTED_EDGE('',*,*,#4042,.T.);
#5363=ORIENTED_EDGE('',*,*,#4043,.T.);
#5364=ORIENTED_EDGE('',*,*,#4044,.T.);
#5365=ORIENTED_EDGE('',*,*,#4045,.T.);
#5366=ORIENTED_EDGE('',*,*,#4046,.T.);
#5367=ORIENTED_EDGE('',*,*,#4047,.T.);
#5368=ORIENTED_EDGE('',*,*,#4048,.T.);
#5369=ORIENTED_EDGE('',*,*,#4049,.T.);
#5370=ORIENTED_EDGE('',*,*,#4050,.T.);
#5371=ORIENTED_EDGE('',*,*,#4051,.T.);
#5372=ORIENTED_EDGE('',*,*,#4052,.T.);
#5373=ORIENTED_EDGE('',*,*,#4053,.T.);
#5374=ORIENTED_EDGE('',*,*,#4054,.T.);
#5375=ORIENTED_EDGE('',*,*,#4055,.T.);
#5376=ORIENTED_EDGE('',*,*,#4056,.T.);
#5377=ORIENTED_EDGE('',*,*,#4057,.T.);
#5378=ORIENTED_EDGE('',*,*,#4058,.T.);
#5379=ORIENTED_EDGE('',*,*,#4059,.T.);
#5380=ORIENTED_EDGE('',*,*,#4060,.T.);
#5381=ORIENTED_EDGE('',*,*,#4061,.T.);
#5382=ORIENTED_EDGE('',*,*,#4062,.T.);
#5383=ORIENTED_EDGE('',*,*,#4063,.T.);
#5384=ORIENTED_EDGE('',*,*,#4064,.T.);
#5385=ORIENTED_EDGE('',*,*,#4065,.T.);
#5386=ORIENTED_EDGE('',*,*,#4066,.T.);
#5387=ORIENTED_EDGE('',*,*,#4067,.T.);
#5388=ORIENTED_EDGE('',*,*,#4068,.T.);
#5389=ORIENTED_EDGE('',*,*,#4069,.T.);
#5390=ORIENTED_EDGE('',*,*,#4070,.T.);
#5391=ORIENTED_EDGE('',*,*,#4071,.T.);
#5392=ORIENTED_EDGE('',*,*,#4072,.T.);
#5393=ORIENTED_EDGE('',*,*,#4073,.T.);
#5394=ORIENTED_EDGE('',*,*,#4074,.T.);
#5395=ORIENTED_EDGE('',*,*,#4075,.T.);
#5396=ORIENTED_EDGE('',*,*,#4076,.T.);
#5397=ORIENTED_EDGE('',*,*,#4077,.T.);
#5398=ORIENTED_EDGE('',*,*,#4078,.T.);
#5399=ORIENTED_EDGE('',*,*,#4079,.T.);
#5400=ORIENTED_EDGE('',*,*,#4080,.T.);
#5401=ORIENTED_EDGE('',*,*,#4081,.T.);
#5402=ORIENTED_EDGE('',*,*,#4082,.T.);
#5403=ORIENTED_EDGE('',*,*,#4083,.T.);
#5404=ORIENTED_EDGE('',*,*,#4084,.T.);
#5405=ORIENTED_EDGE('',*,*,#4085,.T.);
#5406=ORIENTED_EDGE('',*,*,#4086,.T.);
#5407=ORIENTED_EDGE('',*,*,#4087,.T.);
#5408=ORIENTED_EDGE('',*,*,#4088,.T.);
#5409=ORIENTED_EDGE('',*,*,#4089,.T.);
#5410=ORIENTED_EDGE('',*,*,#4090,.T.);
#5411=ORIENTED_EDGE('',*,*,#4091,.T.);
#5412=ORIENTED_EDGE('',*,*,#4092,.T.);
#5413=ORIENTED_EDGE('',*,*,#4093,.T.);
#5414=ORIENTED_EDGE('',*,*,#4094,.T.);
#5415=ORIENTED_EDGE('',*,*,#4095,.T.);
#5416=ORIENTED_EDGE('',*,*,#4096,.T.);
#5417=ORIENTED_EDGE('',*,*,#4097,.T.);
#5418=ORIENTED_EDGE('',*,*,#4098,.T.);
#5419=ORIENTED_EDGE('',*,*,#4099,.T.);
#5420=ORIENTED_EDGE('',*,*,#4100,.T.);
#5421=ORIENTED_EDGE('',*,*,#4101,.T.);
#5422=ORIENTED_EDGE('',*,*,#4102,.T.);
#5423=ORIENTED_EDGE('',*,*,#3632,.T.);
#5424=ORIENTED_EDGE('',*,*,#4103,.F.);
#5425=ORIENTED_EDGE('',*,*,#3850,.F.);
#5426=ORIENTED_EDGE('',*,*,#4104,.T.);
#5427=ORIENTED_EDGE('',*,*,#3631,.T.);
#5428=ORIENTED_EDGE('',*,*,#4105,.T.);
#5429=ORIENTED_EDGE('',*,*,#3851,.F.);
#5430=ORIENTED_EDGE('',*,*,#4103,.T.);
#5431=ORIENTED_EDGE('',*,*,#3630,.T.);
#5432=ORIENTED_EDGE('',*,*,#4106,.F.);
#5433=ORIENTED_EDGE('',*,*,#3852,.F.);
#5434=ORIENTED_EDGE('',*,*,#4105,.F.);
#5435=ORIENTED_EDGE('',*,*,#3629,.T.);
#5436=ORIENTED_EDGE('',*,*,#4107,.F.);
#5437=ORIENTED_EDGE('',*,*,#3853,.F.);
#5438=ORIENTED_EDGE('',*,*,#4106,.T.);
#5439=ORIENTED_EDGE('',*,*,#3628,.T.);
#5440=ORIENTED_EDGE('',*,*,#4108,.F.);
#5441=ORIENTED_EDGE('',*,*,#3854,.F.);
#5442=ORIENTED_EDGE('',*,*,#4107,.T.);
#5443=ORIENTED_EDGE('',*,*,#3627,.T.);
#5444=ORIENTED_EDGE('',*,*,#4109,.F.);
#5445=ORIENTED_EDGE('',*,*,#3855,.F.);
#5446=ORIENTED_EDGE('',*,*,#4108,.T.);
#5447=ORIENTED_EDGE('',*,*,#3626,.T.);
#5448=ORIENTED_EDGE('',*,*,#4110,.F.);
#5449=ORIENTED_EDGE('',*,*,#3856,.F.);
#5450=ORIENTED_EDGE('',*,*,#4109,.T.);
#5451=ORIENTED_EDGE('',*,*,#3625,.T.);
#5452=ORIENTED_EDGE('',*,*,#4111,.F.);
#5453=ORIENTED_EDGE('',*,*,#3857,.F.);
#5454=ORIENTED_EDGE('',*,*,#4110,.T.);
#5455=ORIENTED_EDGE('',*,*,#3624,.T.);
#5456=ORIENTED_EDGE('',*,*,#4112,.F.);
#5457=ORIENTED_EDGE('',*,*,#3858,.F.);
#5458=ORIENTED_EDGE('',*,*,#4111,.T.);
#5459=ORIENTED_EDGE('',*,*,#3623,.T.);
#5460=ORIENTED_EDGE('',*,*,#4113,.F.);
#5461=ORIENTED_EDGE('',*,*,#3859,.F.);
#5462=ORIENTED_EDGE('',*,*,#4112,.T.);
#5463=ORIENTED_EDGE('',*,*,#3622,.T.);
#5464=ORIENTED_EDGE('',*,*,#4114,.F.);
#5465=ORIENTED_EDGE('',*,*,#3860,.F.);
#5466=ORIENTED_EDGE('',*,*,#4113,.T.);
#5467=ORIENTED_EDGE('',*,*,#3621,.T.);
#5468=ORIENTED_EDGE('',*,*,#4115,.T.);
#5469=ORIENTED_EDGE('',*,*,#3861,.F.);
#5470=ORIENTED_EDGE('',*,*,#4114,.T.);
#5471=ORIENTED_EDGE('',*,*,#3620,.T.);
#5472=ORIENTED_EDGE('',*,*,#4116,.F.);
#5473=ORIENTED_EDGE('',*,*,#3862,.F.);
#5474=ORIENTED_EDGE('',*,*,#4115,.F.);
#5475=ORIENTED_EDGE('',*,*,#3619,.T.);
#5476=ORIENTED_EDGE('',*,*,#4117,.F.);
#5477=ORIENTED_EDGE('',*,*,#3863,.F.);
#5478=ORIENTED_EDGE('',*,*,#4116,.T.);
#5479=ORIENTED_EDGE('',*,*,#3618,.T.);
#5480=ORIENTED_EDGE('',*,*,#4118,.F.);
#5481=ORIENTED_EDGE('',*,*,#3864,.F.);
#5482=ORIENTED_EDGE('',*,*,#4117,.T.);
#5483=ORIENTED_EDGE('',*,*,#3617,.T.);
#5484=ORIENTED_EDGE('',*,*,#4119,.F.);
#5485=ORIENTED_EDGE('',*,*,#3865,.F.);
#5486=ORIENTED_EDGE('',*,*,#4118,.T.);
#5487=ORIENTED_EDGE('',*,*,#3616,.T.);
#5488=ORIENTED_EDGE('',*,*,#4120,.F.);
#5489=ORIENTED_EDGE('',*,*,#3866,.F.);
#5490=ORIENTED_EDGE('',*,*,#4119,.T.);
#5491=ORIENTED_EDGE('',*,*,#3615,.T.);
#5492=ORIENTED_EDGE('',*,*,#4121,.F.);
#5493=ORIENTED_EDGE('',*,*,#3867,.F.);
#5494=ORIENTED_EDGE('',*,*,#4120,.T.);
#5495=ORIENTED_EDGE('',*,*,#3614,.T.);
#5496=ORIENTED_EDGE('',*,*,#4122,.F.);
#5497=ORIENTED_EDGE('',*,*,#3868,.F.);
#5498=ORIENTED_EDGE('',*,*,#4121,.T.);
#5499=ORIENTED_EDGE('',*,*,#3613,.T.);
#5500=ORIENTED_EDGE('',*,*,#4123,.F.);
#5501=ORIENTED_EDGE('',*,*,#3869,.F.);
#5502=ORIENTED_EDGE('',*,*,#4122,.T.);
#5503=ORIENTED_EDGE('',*,*,#3612,.T.);
#5504=ORIENTED_EDGE('',*,*,#4124,.F.);
#5505=ORIENTED_EDGE('',*,*,#3870,.F.);
#5506=ORIENTED_EDGE('',*,*,#4123,.T.);
#5507=ORIENTED_EDGE('',*,*,#3611,.T.);
#5508=ORIENTED_EDGE('',*,*,#4125,.F.);
#5509=ORIENTED_EDGE('',*,*,#3871,.F.);
#5510=ORIENTED_EDGE('',*,*,#4124,.T.);
#5511=ORIENTED_EDGE('',*,*,#3610,.T.);
#5512=ORIENTED_EDGE('',*,*,#4126,.T.);
#5513=ORIENTED_EDGE('',*,*,#3872,.F.);
#5514=ORIENTED_EDGE('',*,*,#4125,.T.);
#5515=ORIENTED_EDGE('',*,*,#3609,.T.);
#5516=ORIENTED_EDGE('',*,*,#4127,.F.);
#5517=ORIENTED_EDGE('',*,*,#3873,.F.);
#5518=ORIENTED_EDGE('',*,*,#4126,.F.);
#5519=ORIENTED_EDGE('',*,*,#3608,.T.);
#5520=ORIENTED_EDGE('',*,*,#4128,.F.);
#5521=ORIENTED_EDGE('',*,*,#3874,.F.);
#5522=ORIENTED_EDGE('',*,*,#4127,.T.);
#5523=ORIENTED_EDGE('',*,*,#3607,.T.);
#5524=ORIENTED_EDGE('',*,*,#4129,.F.);
#5525=ORIENTED_EDGE('',*,*,#3875,.F.);
#5526=ORIENTED_EDGE('',*,*,#4128,.T.);
#5527=ORIENTED_EDGE('',*,*,#3606,.T.);
#5528=ORIENTED_EDGE('',*,*,#4130,.T.);
#5529=ORIENTED_EDGE('',*,*,#3876,.F.);
#5530=ORIENTED_EDGE('',*,*,#4129,.T.);
#5531=ORIENTED_EDGE('',*,*,#3605,.T.);
#5532=ORIENTED_EDGE('',*,*,#4131,.F.);
#5533=ORIENTED_EDGE('',*,*,#3877,.T.);
#5534=ORIENTED_EDGE('',*,*,#4130,.F.);
#5535=ORIENTED_EDGE('',*,*,#3604,.T.);
#5536=ORIENTED_EDGE('',*,*,#4132,.F.);
#5537=ORIENTED_EDGE('',*,*,#3878,.F.);
#5538=ORIENTED_EDGE('',*,*,#4131,.T.);
#5539=ORIENTED_EDGE('',*,*,#3603,.T.);
#5540=ORIENTED_EDGE('',*,*,#4133,.F.);
#5541=ORIENTED_EDGE('',*,*,#3879,.F.);
#5542=ORIENTED_EDGE('',*,*,#4132,.T.);
#5543=ORIENTED_EDGE('',*,*,#3602,.T.);
#5544=ORIENTED_EDGE('',*,*,#4134,.F.);
#5545=ORIENTED_EDGE('',*,*,#3880,.F.);
#5546=ORIENTED_EDGE('',*,*,#4133,.T.);
#5547=ORIENTED_EDGE('',*,*,#3601,.T.);
#5548=ORIENTED_EDGE('',*,*,#4135,.F.);
#5549=ORIENTED_EDGE('',*,*,#3881,.F.);
#5550=ORIENTED_EDGE('',*,*,#4134,.T.);
#5551=ORIENTED_EDGE('',*,*,#3600,.T.);
#5552=ORIENTED_EDGE('',*,*,#4136,.F.);
#5553=ORIENTED_EDGE('',*,*,#3882,.F.);
#5554=ORIENTED_EDGE('',*,*,#4135,.T.);
#5555=ORIENTED_EDGE('',*,*,#3599,.T.);
#5556=ORIENTED_EDGE('',*,*,#4137,.F.);
#5557=ORIENTED_EDGE('',*,*,#3883,.F.);
#5558=ORIENTED_EDGE('',*,*,#4136,.T.);
#5559=ORIENTED_EDGE('',*,*,#3598,.T.);
#5560=ORIENTED_EDGE('',*,*,#4138,.F.);
#5561=ORIENTED_EDGE('',*,*,#3884,.F.);
#5562=ORIENTED_EDGE('',*,*,#4137,.T.);
#5563=ORIENTED_EDGE('',*,*,#3597,.T.);
#5564=ORIENTED_EDGE('',*,*,#4139,.F.);
#5565=ORIENTED_EDGE('',*,*,#3885,.F.);
#5566=ORIENTED_EDGE('',*,*,#4138,.T.);
#5567=ORIENTED_EDGE('',*,*,#3596,.T.);
#5568=ORIENTED_EDGE('',*,*,#4140,.F.);
#5569=ORIENTED_EDGE('',*,*,#3886,.F.);
#5570=ORIENTED_EDGE('',*,*,#4139,.T.);
#5571=ORIENTED_EDGE('',*,*,#3595,.T.);
#5572=ORIENTED_EDGE('',*,*,#4141,.F.);
#5573=ORIENTED_EDGE('',*,*,#3887,.F.);
#5574=ORIENTED_EDGE('',*,*,#4140,.T.);
#5575=ORIENTED_EDGE('',*,*,#3594,.T.);
#5576=ORIENTED_EDGE('',*,*,#4142,.F.);
#5577=ORIENTED_EDGE('',*,*,#3888,.F.);
#5578=ORIENTED_EDGE('',*,*,#4141,.T.);
#5579=ORIENTED_EDGE('',*,*,#3593,.T.);
#5580=ORIENTED_EDGE('',*,*,#4143,.F.);
#5581=ORIENTED_EDGE('',*,*,#3889,.F.);
#5582=ORIENTED_EDGE('',*,*,#4142,.T.);
#5583=ORIENTED_EDGE('',*,*,#3592,.T.);
#5584=ORIENTED_EDGE('',*,*,#4144,.F.);
#5585=ORIENTED_EDGE('',*,*,#3890,.F.);
#5586=ORIENTED_EDGE('',*,*,#4143,.T.);
#5587=ORIENTED_EDGE('',*,*,#3591,.T.);
#5588=ORIENTED_EDGE('',*,*,#4145,.F.);
#5589=ORIENTED_EDGE('',*,*,#3891,.F.);
#5590=ORIENTED_EDGE('',*,*,#4144,.T.);
#5591=ORIENTED_EDGE('',*,*,#3590,.T.);
#5592=ORIENTED_EDGE('',*,*,#4146,.F.);
#5593=ORIENTED_EDGE('',*,*,#3892,.F.);
#5594=ORIENTED_EDGE('',*,*,#4145,.T.);
#5595=ORIENTED_EDGE('',*,*,#3589,.T.);
#5596=ORIENTED_EDGE('',*,*,#4147,.F.);
#5597=ORIENTED_EDGE('',*,*,#3893,.F.);
#5598=ORIENTED_EDGE('',*,*,#4146,.T.);
#5599=ORIENTED_EDGE('',*,*,#3588,.T.);
#5600=ORIENTED_EDGE('',*,*,#4148,.F.);
#5601=ORIENTED_EDGE('',*,*,#3894,.F.);
#5602=ORIENTED_EDGE('',*,*,#4147,.T.);
#5603=ORIENTED_EDGE('',*,*,#3587,.T.);
#5604=ORIENTED_EDGE('',*,*,#4149,.T.);
#5605=ORIENTED_EDGE('',*,*,#3895,.F.);
#5606=ORIENTED_EDGE('',*,*,#4148,.T.);
#5607=ORIENTED_EDGE('',*,*,#3586,.T.);
#5608=ORIENTED_EDGE('',*,*,#4150,.F.);
#5609=ORIENTED_EDGE('',*,*,#3896,.F.);
#5610=ORIENTED_EDGE('',*,*,#4149,.F.);
#5611=ORIENTED_EDGE('',*,*,#3585,.T.);
#5612=ORIENTED_EDGE('',*,*,#4151,.F.);
#5613=ORIENTED_EDGE('',*,*,#3897,.F.);
#5614=ORIENTED_EDGE('',*,*,#4150,.T.);
#5615=ORIENTED_EDGE('',*,*,#3584,.T.);
#5616=ORIENTED_EDGE('',*,*,#4152,.F.);
#5617=ORIENTED_EDGE('',*,*,#3898,.F.);
#5618=ORIENTED_EDGE('',*,*,#4151,.T.);
#5619=ORIENTED_EDGE('',*,*,#3583,.T.);
#5620=ORIENTED_EDGE('',*,*,#4153,.T.);
#5621=ORIENTED_EDGE('',*,*,#3899,.F.);
#5622=ORIENTED_EDGE('',*,*,#4152,.T.);
#5623=ORIENTED_EDGE('',*,*,#3582,.T.);
#5624=ORIENTED_EDGE('',*,*,#4154,.F.);
#5625=ORIENTED_EDGE('',*,*,#3900,.T.);
#5626=ORIENTED_EDGE('',*,*,#4153,.F.);
#5627=ORIENTED_EDGE('',*,*,#3581,.T.);
#5628=ORIENTED_EDGE('',*,*,#4155,.F.);
#5629=ORIENTED_EDGE('',*,*,#3901,.F.);
#5630=ORIENTED_EDGE('',*,*,#4154,.T.);
#5631=ORIENTED_EDGE('',*,*,#3580,.T.);
#5632=ORIENTED_EDGE('',*,*,#4156,.F.);
#5633=ORIENTED_EDGE('',*,*,#3902,.F.);
#5634=ORIENTED_EDGE('',*,*,#4155,.T.);
#5635=ORIENTED_EDGE('',*,*,#3579,.T.);
#5636=ORIENTED_EDGE('',*,*,#4157,.F.);
#5637=ORIENTED_EDGE('',*,*,#3903,.F.);
#5638=ORIENTED_EDGE('',*,*,#4156,.T.);
#5639=ORIENTED_EDGE('',*,*,#3578,.T.);
#5640=ORIENTED_EDGE('',*,*,#4158,.F.);
#5641=ORIENTED_EDGE('',*,*,#3904,.F.);
#5642=ORIENTED_EDGE('',*,*,#4157,.T.);
#5643=ORIENTED_EDGE('',*,*,#3577,.T.);
#5644=ORIENTED_EDGE('',*,*,#4159,.F.);
#5645=ORIENTED_EDGE('',*,*,#3905,.F.);
#5646=ORIENTED_EDGE('',*,*,#4158,.T.);
#5647=ORIENTED_EDGE('',*,*,#3576,.T.);
#5648=ORIENTED_EDGE('',*,*,#4160,.F.);
#5649=ORIENTED_EDGE('',*,*,#3906,.F.);
#5650=ORIENTED_EDGE('',*,*,#4159,.T.);
#5651=ORIENTED_EDGE('',*,*,#3575,.T.);
#5652=ORIENTED_EDGE('',*,*,#4161,.F.);
#5653=ORIENTED_EDGE('',*,*,#3907,.F.);
#5654=ORIENTED_EDGE('',*,*,#4160,.T.);
#5655=ORIENTED_EDGE('',*,*,#3574,.T.);
#5656=ORIENTED_EDGE('',*,*,#4162,.F.);
#5657=ORIENTED_EDGE('',*,*,#3908,.F.);
#5658=ORIENTED_EDGE('',*,*,#4161,.T.);
#5659=ORIENTED_EDGE('',*,*,#3573,.T.);
#5660=ORIENTED_EDGE('',*,*,#4163,.T.);
#5661=ORIENTED_EDGE('',*,*,#3909,.F.);
#5662=ORIENTED_EDGE('',*,*,#4162,.T.);
#5663=ORIENTED_EDGE('',*,*,#3572,.T.);
#5664=ORIENTED_EDGE('',*,*,#4164,.F.);
#5665=ORIENTED_EDGE('',*,*,#3910,.F.);
#5666=ORIENTED_EDGE('',*,*,#4163,.F.);
#5667=ORIENTED_EDGE('',*,*,#3571,.T.);
#5668=ORIENTED_EDGE('',*,*,#4165,.F.);
#5669=ORIENTED_EDGE('',*,*,#3911,.F.);
#5670=ORIENTED_EDGE('',*,*,#4164,.T.);
#5671=ORIENTED_EDGE('',*,*,#3570,.T.);
#5672=ORIENTED_EDGE('',*,*,#4166,.F.);
#5673=ORIENTED_EDGE('',*,*,#3912,.F.);
#5674=ORIENTED_EDGE('',*,*,#4165,.T.);
#5675=ORIENTED_EDGE('',*,*,#3569,.T.);
#5676=ORIENTED_EDGE('',*,*,#4167,.F.);
#5677=ORIENTED_EDGE('',*,*,#3913,.F.);
#5678=ORIENTED_EDGE('',*,*,#4166,.T.);
#5679=ORIENTED_EDGE('',*,*,#3568,.T.);
#5680=ORIENTED_EDGE('',*,*,#4168,.F.);
#5681=ORIENTED_EDGE('',*,*,#3914,.F.);
#5682=ORIENTED_EDGE('',*,*,#4167,.T.);
#5683=ORIENTED_EDGE('',*,*,#3567,.T.);
#5684=ORIENTED_EDGE('',*,*,#4169,.F.);
#5685=ORIENTED_EDGE('',*,*,#3915,.F.);
#5686=ORIENTED_EDGE('',*,*,#4168,.T.);
#5687=ORIENTED_EDGE('',*,*,#3566,.T.);
#5688=ORIENTED_EDGE('',*,*,#4170,.F.);
#5689=ORIENTED_EDGE('',*,*,#3916,.F.);
#5690=ORIENTED_EDGE('',*,*,#4169,.T.);
#5691=ORIENTED_EDGE('',*,*,#3565,.T.);
#5692=ORIENTED_EDGE('',*,*,#4171,.F.);
#5693=ORIENTED_EDGE('',*,*,#3917,.F.);
#5694=ORIENTED_EDGE('',*,*,#4170,.T.);
#5695=ORIENTED_EDGE('',*,*,#3564,.T.);
#5696=ORIENTED_EDGE('',*,*,#4172,.F.);
#5697=ORIENTED_EDGE('',*,*,#3918,.F.);
#5698=ORIENTED_EDGE('',*,*,#4171,.T.);
#5699=ORIENTED_EDGE('',*,*,#3563,.T.);
#5700=ORIENTED_EDGE('',*,*,#4173,.F.);
#5701=ORIENTED_EDGE('',*,*,#3919,.F.);
#5702=ORIENTED_EDGE('',*,*,#4172,.T.);
#5703=ORIENTED_EDGE('',*,*,#3562,.T.);
#5704=ORIENTED_EDGE('',*,*,#4174,.T.);
#5705=ORIENTED_EDGE('',*,*,#3920,.F.);
#5706=ORIENTED_EDGE('',*,*,#4173,.T.);
#5707=ORIENTED_EDGE('',*,*,#3561,.T.);
#5708=ORIENTED_EDGE('',*,*,#4175,.F.);
#5709=ORIENTED_EDGE('',*,*,#3921,.T.);
#5710=ORIENTED_EDGE('',*,*,#4174,.F.);
#5711=ORIENTED_EDGE('',*,*,#3560,.T.);
#5712=ORIENTED_EDGE('',*,*,#4176,.F.);
#5713=ORIENTED_EDGE('',*,*,#3922,.F.);
#5714=ORIENTED_EDGE('',*,*,#4175,.T.);
#5715=ORIENTED_EDGE('',*,*,#3559,.T.);
#5716=ORIENTED_EDGE('',*,*,#4177,.F.);
#5717=ORIENTED_EDGE('',*,*,#3923,.F.);
#5718=ORIENTED_EDGE('',*,*,#4176,.T.);
#5719=ORIENTED_EDGE('',*,*,#3558,.T.);
#5720=ORIENTED_EDGE('',*,*,#4178,.F.);
#5721=ORIENTED_EDGE('',*,*,#3924,.F.);
#5722=ORIENTED_EDGE('',*,*,#4177,.T.);
#5723=ORIENTED_EDGE('',*,*,#3557,.T.);
#5724=ORIENTED_EDGE('',*,*,#4179,.F.);
#5725=ORIENTED_EDGE('',*,*,#3925,.F.);
#5726=ORIENTED_EDGE('',*,*,#4178,.T.);
#5727=ORIENTED_EDGE('',*,*,#3556,.T.);
#5728=ORIENTED_EDGE('',*,*,#4180,.F.);
#5729=ORIENTED_EDGE('',*,*,#3926,.F.);
#5730=ORIENTED_EDGE('',*,*,#4179,.T.);
#5731=ORIENTED_EDGE('',*,*,#3555,.T.);
#5732=ORIENTED_EDGE('',*,*,#4181,.T.);
#5733=ORIENTED_EDGE('',*,*,#3927,.F.);
#5734=ORIENTED_EDGE('',*,*,#4180,.T.);
#5735=ORIENTED_EDGE('',*,*,#3554,.T.);
#5736=ORIENTED_EDGE('',*,*,#4182,.F.);
#5737=ORIENTED_EDGE('',*,*,#3928,.T.);
#5738=ORIENTED_EDGE('',*,*,#4181,.F.);
#5739=ORIENTED_EDGE('',*,*,#3553,.T.);
#5740=ORIENTED_EDGE('',*,*,#4183,.F.);
#5741=ORIENTED_EDGE('',*,*,#3929,.F.);
#5742=ORIENTED_EDGE('',*,*,#4182,.T.);
#5743=ORIENTED_EDGE('',*,*,#3552,.T.);
#5744=ORIENTED_EDGE('',*,*,#4184,.F.);
#5745=ORIENTED_EDGE('',*,*,#3930,.F.);
#5746=ORIENTED_EDGE('',*,*,#4183,.T.);
#5747=ORIENTED_EDGE('',*,*,#3551,.T.);
#5748=ORIENTED_EDGE('',*,*,#4185,.F.);
#5749=ORIENTED_EDGE('',*,*,#3931,.F.);
#5750=ORIENTED_EDGE('',*,*,#4184,.T.);
#5751=ORIENTED_EDGE('',*,*,#3550,.T.);
#5752=ORIENTED_EDGE('',*,*,#4186,.F.);
#5753=ORIENTED_EDGE('',*,*,#3932,.F.);
#5754=ORIENTED_EDGE('',*,*,#4185,.T.);
#5755=ORIENTED_EDGE('',*,*,#3549,.T.);
#5756=ORIENTED_EDGE('',*,*,#4187,.F.);
#5757=ORIENTED_EDGE('',*,*,#3933,.F.);
#5758=ORIENTED_EDGE('',*,*,#4186,.T.);
#5759=ORIENTED_EDGE('',*,*,#3548,.T.);
#5760=ORIENTED_EDGE('',*,*,#4188,.F.);
#5761=ORIENTED_EDGE('',*,*,#3934,.F.);
#5762=ORIENTED_EDGE('',*,*,#4187,.T.);
#5763=ORIENTED_EDGE('',*,*,#3547,.T.);
#5764=ORIENTED_EDGE('',*,*,#4189,.F.);
#5765=ORIENTED_EDGE('',*,*,#3935,.F.);
#5766=ORIENTED_EDGE('',*,*,#4188,.T.);
#5767=ORIENTED_EDGE('',*,*,#3546,.T.);
#5768=ORIENTED_EDGE('',*,*,#4190,.F.);
#5769=ORIENTED_EDGE('',*,*,#3936,.F.);
#5770=ORIENTED_EDGE('',*,*,#4189,.T.);
#5771=ORIENTED_EDGE('',*,*,#3545,.T.);
#5772=ORIENTED_EDGE('',*,*,#4191,.T.);
#5773=ORIENTED_EDGE('',*,*,#3937,.F.);
#5774=ORIENTED_EDGE('',*,*,#4190,.T.);
#5775=ORIENTED_EDGE('',*,*,#3544,.T.);
#5776=ORIENTED_EDGE('',*,*,#4192,.F.);
#5777=ORIENTED_EDGE('',*,*,#3938,.F.);
#5778=ORIENTED_EDGE('',*,*,#4191,.F.);
#5779=ORIENTED_EDGE('',*,*,#3543,.T.);
#5780=ORIENTED_EDGE('',*,*,#4193,.F.);
#5781=ORIENTED_EDGE('',*,*,#3939,.F.);
#5782=ORIENTED_EDGE('',*,*,#4192,.T.);
#5783=ORIENTED_EDGE('',*,*,#3542,.T.);
#5784=ORIENTED_EDGE('',*,*,#4194,.F.);
#5785=ORIENTED_EDGE('',*,*,#3940,.F.);
#5786=ORIENTED_EDGE('',*,*,#4193,.T.);
#5787=ORIENTED_EDGE('',*,*,#3541,.T.);
#5788=ORIENTED_EDGE('',*,*,#4195,.F.);
#5789=ORIENTED_EDGE('',*,*,#3941,.F.);
#5790=ORIENTED_EDGE('',*,*,#4194,.T.);
#5791=ORIENTED_EDGE('',*,*,#3540,.T.);
#5792=ORIENTED_EDGE('',*,*,#4196,.F.);
#5793=ORIENTED_EDGE('',*,*,#3942,.F.);
#5794=ORIENTED_EDGE('',*,*,#4195,.T.);
#5795=ORIENTED_EDGE('',*,*,#3539,.T.);
#5796=ORIENTED_EDGE('',*,*,#4197,.F.);
#5797=ORIENTED_EDGE('',*,*,#3943,.F.);
#5798=ORIENTED_EDGE('',*,*,#4196,.T.);
#5799=ORIENTED_EDGE('',*,*,#3538,.T.);
#5800=ORIENTED_EDGE('',*,*,#4198,.F.);
#5801=ORIENTED_EDGE('',*,*,#3944,.F.);
#5802=ORIENTED_EDGE('',*,*,#4197,.T.);
#5803=ORIENTED_EDGE('',*,*,#3537,.T.);
#5804=ORIENTED_EDGE('',*,*,#4199,.F.);
#5805=ORIENTED_EDGE('',*,*,#3945,.F.);
#5806=ORIENTED_EDGE('',*,*,#4198,.T.);
#5807=ORIENTED_EDGE('',*,*,#3536,.T.);
#5808=ORIENTED_EDGE('',*,*,#4200,.F.);
#5809=ORIENTED_EDGE('',*,*,#3946,.F.);
#5810=ORIENTED_EDGE('',*,*,#4199,.T.);
#5811=ORIENTED_EDGE('',*,*,#3535,.T.);
#5812=ORIENTED_EDGE('',*,*,#4201,.F.);
#5813=ORIENTED_EDGE('',*,*,#3947,.F.);
#5814=ORIENTED_EDGE('',*,*,#4200,.T.);
#5815=ORIENTED_EDGE('',*,*,#3534,.T.);
#5816=ORIENTED_EDGE('',*,*,#4202,.F.);
#5817=ORIENTED_EDGE('',*,*,#3948,.F.);
#5818=ORIENTED_EDGE('',*,*,#4201,.T.);
#5819=ORIENTED_EDGE('',*,*,#3533,.T.);
#5820=ORIENTED_EDGE('',*,*,#4203,.F.);
#5821=ORIENTED_EDGE('',*,*,#3949,.F.);
#5822=ORIENTED_EDGE('',*,*,#4202,.T.);
#5823=ORIENTED_EDGE('',*,*,#3532,.T.);
#5824=ORIENTED_EDGE('',*,*,#4204,.F.);
#5825=ORIENTED_EDGE('',*,*,#3950,.F.);
#5826=ORIENTED_EDGE('',*,*,#4203,.T.);
#5827=ORIENTED_EDGE('',*,*,#3531,.T.);
#5828=ORIENTED_EDGE('',*,*,#4205,.F.);
#5829=ORIENTED_EDGE('',*,*,#3951,.F.);
#5830=ORIENTED_EDGE('',*,*,#4204,.T.);
#5831=ORIENTED_EDGE('',*,*,#3530,.T.);
#5832=ORIENTED_EDGE('',*,*,#4206,.F.);
#5833=ORIENTED_EDGE('',*,*,#3952,.F.);
#5834=ORIENTED_EDGE('',*,*,#4205,.T.);
#5835=ORIENTED_EDGE('',*,*,#3529,.T.);
#5836=ORIENTED_EDGE('',*,*,#4207,.F.);
#5837=ORIENTED_EDGE('',*,*,#3953,.F.);
#5838=ORIENTED_EDGE('',*,*,#4206,.T.);
#5839=ORIENTED_EDGE('',*,*,#3528,.T.);
#5840=ORIENTED_EDGE('',*,*,#4208,.F.);
#5841=ORIENTED_EDGE('',*,*,#3954,.F.);
#5842=ORIENTED_EDGE('',*,*,#4207,.T.);
#5843=ORIENTED_EDGE('',*,*,#3527,.T.);
#5844=ORIENTED_EDGE('',*,*,#4209,.F.);
#5845=ORIENTED_EDGE('',*,*,#3955,.F.);
#5846=ORIENTED_EDGE('',*,*,#4208,.T.);
#5847=ORIENTED_EDGE('',*,*,#3526,.T.);
#5848=ORIENTED_EDGE('',*,*,#4210,.F.);
#5849=ORIENTED_EDGE('',*,*,#3956,.F.);
#5850=ORIENTED_EDGE('',*,*,#4209,.T.);
#5851=ORIENTED_EDGE('',*,*,#3525,.T.);
#5852=ORIENTED_EDGE('',*,*,#4211,.F.);
#5853=ORIENTED_EDGE('',*,*,#3957,.F.);
#5854=ORIENTED_EDGE('',*,*,#4210,.T.);
#5855=ORIENTED_EDGE('',*,*,#3524,.T.);
#5856=ORIENTED_EDGE('',*,*,#4212,.F.);
#5857=ORIENTED_EDGE('',*,*,#3958,.F.);
#5858=ORIENTED_EDGE('',*,*,#4211,.T.);
#5859=ORIENTED_EDGE('',*,*,#3523,.T.);
#5860=ORIENTED_EDGE('',*,*,#4213,.F.);
#5861=ORIENTED_EDGE('',*,*,#3959,.F.);
#5862=ORIENTED_EDGE('',*,*,#4212,.T.);
#5863=ORIENTED_EDGE('',*,*,#3522,.T.);
#5864=ORIENTED_EDGE('',*,*,#4214,.F.);
#5865=ORIENTED_EDGE('',*,*,#3960,.F.);
#5866=ORIENTED_EDGE('',*,*,#4213,.T.);
#5867=ORIENTED_EDGE('',*,*,#3521,.T.);
#5868=ORIENTED_EDGE('',*,*,#4215,.F.);
#5869=ORIENTED_EDGE('',*,*,#3961,.F.);
#5870=ORIENTED_EDGE('',*,*,#4214,.T.);
#5871=ORIENTED_EDGE('',*,*,#3520,.T.);
#5872=ORIENTED_EDGE('',*,*,#4216,.F.);
#5873=ORIENTED_EDGE('',*,*,#3962,.F.);
#5874=ORIENTED_EDGE('',*,*,#4215,.T.);
#5875=ORIENTED_EDGE('',*,*,#3519,.T.);
#5876=ORIENTED_EDGE('',*,*,#4217,.F.);
#5877=ORIENTED_EDGE('',*,*,#3963,.F.);
#5878=ORIENTED_EDGE('',*,*,#4216,.T.);
#5879=ORIENTED_EDGE('',*,*,#3518,.T.);
#5880=ORIENTED_EDGE('',*,*,#4218,.T.);
#5881=ORIENTED_EDGE('',*,*,#3964,.F.);
#5882=ORIENTED_EDGE('',*,*,#4217,.T.);
#5883=ORIENTED_EDGE('',*,*,#3517,.T.);
#5884=ORIENTED_EDGE('',*,*,#4219,.F.);
#5885=ORIENTED_EDGE('',*,*,#3965,.T.);
#5886=ORIENTED_EDGE('',*,*,#4218,.F.);
#5887=ORIENTED_EDGE('',*,*,#3516,.T.);
#5888=ORIENTED_EDGE('',*,*,#4220,.F.);
#5889=ORIENTED_EDGE('',*,*,#3966,.F.);
#5890=ORIENTED_EDGE('',*,*,#4219,.T.);
#5891=ORIENTED_EDGE('',*,*,#3515,.T.);
#5892=ORIENTED_EDGE('',*,*,#4221,.F.);
#5893=ORIENTED_EDGE('',*,*,#3967,.F.);
#5894=ORIENTED_EDGE('',*,*,#4220,.T.);
#5895=ORIENTED_EDGE('',*,*,#3514,.T.);
#5896=ORIENTED_EDGE('',*,*,#4222,.F.);
#5897=ORIENTED_EDGE('',*,*,#3968,.F.);
#5898=ORIENTED_EDGE('',*,*,#4221,.T.);
#5899=ORIENTED_EDGE('',*,*,#3513,.T.);
#5900=ORIENTED_EDGE('',*,*,#4223,.F.);
#5901=ORIENTED_EDGE('',*,*,#3969,.F.);
#5902=ORIENTED_EDGE('',*,*,#4222,.T.);
#5903=ORIENTED_EDGE('',*,*,#3512,.T.);
#5904=ORIENTED_EDGE('',*,*,#4224,.F.);
#5905=ORIENTED_EDGE('',*,*,#3970,.F.);
#5906=ORIENTED_EDGE('',*,*,#4223,.T.);
#5907=ORIENTED_EDGE('',*,*,#3511,.T.);
#5908=ORIENTED_EDGE('',*,*,#4225,.F.);
#5909=ORIENTED_EDGE('',*,*,#3971,.F.);
#5910=ORIENTED_EDGE('',*,*,#4224,.T.);
#5911=ORIENTED_EDGE('',*,*,#3510,.T.);
#5912=ORIENTED_EDGE('',*,*,#4226,.F.);
#5913=ORIENTED_EDGE('',*,*,#3972,.F.);
#5914=ORIENTED_EDGE('',*,*,#4225,.T.);
#5915=ORIENTED_EDGE('',*,*,#3509,.T.);
#5916=ORIENTED_EDGE('',*,*,#4227,.F.);
#5917=ORIENTED_EDGE('',*,*,#3973,.F.);
#5918=ORIENTED_EDGE('',*,*,#4226,.T.);
#5919=ORIENTED_EDGE('',*,*,#3508,.T.);
#5920=ORIENTED_EDGE('',*,*,#4228,.T.);
#5921=ORIENTED_EDGE('',*,*,#3974,.F.);
#5922=ORIENTED_EDGE('',*,*,#4227,.T.);
#5923=ORIENTED_EDGE('',*,*,#3507,.T.);
#5924=ORIENTED_EDGE('',*,*,#4229,.F.);
#5925=ORIENTED_EDGE('',*,*,#3975,.T.);
#5926=ORIENTED_EDGE('',*,*,#4228,.F.);
#5927=ORIENTED_EDGE('',*,*,#3506,.T.);
#5928=ORIENTED_EDGE('',*,*,#4230,.F.);
#5929=ORIENTED_EDGE('',*,*,#3976,.F.);
#5930=ORIENTED_EDGE('',*,*,#4229,.T.);
#5931=ORIENTED_EDGE('',*,*,#3505,.T.);
#5932=ORIENTED_EDGE('',*,*,#4231,.F.);
#5933=ORIENTED_EDGE('',*,*,#3977,.F.);
#5934=ORIENTED_EDGE('',*,*,#4230,.T.);
#5935=ORIENTED_EDGE('',*,*,#3504,.T.);
#5936=ORIENTED_EDGE('',*,*,#4232,.F.);
#5937=ORIENTED_EDGE('',*,*,#3978,.F.);
#5938=ORIENTED_EDGE('',*,*,#4231,.T.);
#5939=ORIENTED_EDGE('',*,*,#3503,.T.);
#5940=ORIENTED_EDGE('',*,*,#4233,.F.);
#5941=ORIENTED_EDGE('',*,*,#3979,.F.);
#5942=ORIENTED_EDGE('',*,*,#4232,.T.);
#5943=ORIENTED_EDGE('',*,*,#3502,.T.);
#5944=ORIENTED_EDGE('',*,*,#4234,.F.);
#5945=ORIENTED_EDGE('',*,*,#3980,.F.);
#5946=ORIENTED_EDGE('',*,*,#4233,.T.);
#5947=ORIENTED_EDGE('',*,*,#3501,.T.);
#5948=ORIENTED_EDGE('',*,*,#4235,.F.);
#5949=ORIENTED_EDGE('',*,*,#3981,.F.);
#5950=ORIENTED_EDGE('',*,*,#4234,.T.);
#5951=ORIENTED_EDGE('',*,*,#3500,.T.);
#5952=ORIENTED_EDGE('',*,*,#4236,.F.);
#5953=ORIENTED_EDGE('',*,*,#3982,.F.);
#5954=ORIENTED_EDGE('',*,*,#4235,.T.);
#5955=ORIENTED_EDGE('',*,*,#3499,.T.);
#5956=ORIENTED_EDGE('',*,*,#4237,.F.);
#5957=ORIENTED_EDGE('',*,*,#3983,.F.);
#5958=ORIENTED_EDGE('',*,*,#4236,.T.);
#5959=ORIENTED_EDGE('',*,*,#3498,.T.);
#5960=ORIENTED_EDGE('',*,*,#4238,.F.);
#5961=ORIENTED_EDGE('',*,*,#3984,.F.);
#5962=ORIENTED_EDGE('',*,*,#4237,.T.);
#5963=ORIENTED_EDGE('',*,*,#3497,.T.);
#5964=ORIENTED_EDGE('',*,*,#4239,.F.);
#5965=ORIENTED_EDGE('',*,*,#3985,.F.);
#5966=ORIENTED_EDGE('',*,*,#4238,.T.);
#5967=ORIENTED_EDGE('',*,*,#3496,.T.);
#5968=ORIENTED_EDGE('',*,*,#4240,.F.);
#5969=ORIENTED_EDGE('',*,*,#3986,.F.);
#5970=ORIENTED_EDGE('',*,*,#4239,.T.);
#5971=ORIENTED_EDGE('',*,*,#3495,.T.);
#5972=ORIENTED_EDGE('',*,*,#4241,.F.);
#5973=ORIENTED_EDGE('',*,*,#3987,.F.);
#5974=ORIENTED_EDGE('',*,*,#4240,.T.);
#5975=ORIENTED_EDGE('',*,*,#3494,.T.);
#5976=ORIENTED_EDGE('',*,*,#4242,.F.);
#5977=ORIENTED_EDGE('',*,*,#3988,.F.);
#5978=ORIENTED_EDGE('',*,*,#4241,.T.);
#5979=ORIENTED_EDGE('',*,*,#3493,.T.);
#5980=ORIENTED_EDGE('',*,*,#4243,.F.);
#5981=ORIENTED_EDGE('',*,*,#3989,.F.);
#5982=ORIENTED_EDGE('',*,*,#4242,.T.);
#5983=ORIENTED_EDGE('',*,*,#3492,.T.);
#5984=ORIENTED_EDGE('',*,*,#4244,.F.);
#5985=ORIENTED_EDGE('',*,*,#3990,.F.);
#5986=ORIENTED_EDGE('',*,*,#4243,.T.);
#5987=ORIENTED_EDGE('',*,*,#3491,.T.);
#5988=ORIENTED_EDGE('',*,*,#4245,.F.);
#5989=ORIENTED_EDGE('',*,*,#3991,.F.);
#5990=ORIENTED_EDGE('',*,*,#4244,.T.);
#5991=ORIENTED_EDGE('',*,*,#3490,.T.);
#5992=ORIENTED_EDGE('',*,*,#4246,.F.);
#5993=ORIENTED_EDGE('',*,*,#3992,.F.);
#5994=ORIENTED_EDGE('',*,*,#4245,.T.);
#5995=ORIENTED_EDGE('',*,*,#3489,.T.);
#5996=ORIENTED_EDGE('',*,*,#4247,.F.);
#5997=ORIENTED_EDGE('',*,*,#3993,.F.);
#5998=ORIENTED_EDGE('',*,*,#4246,.T.);
#5999=ORIENTED_EDGE('',*,*,#3488,.T.);
#6000=ORIENTED_EDGE('',*,*,#4248,.F.);
#6001=ORIENTED_EDGE('',*,*,#3994,.F.);
#6002=ORIENTED_EDGE('',*,*,#4247,.T.);
#6003=ORIENTED_EDGE('',*,*,#3487,.T.);
#6004=ORIENTED_EDGE('',*,*,#4249,.F.);
#6005=ORIENTED_EDGE('',*,*,#3995,.F.);
#6006=ORIENTED_EDGE('',*,*,#4248,.T.);
#6007=ORIENTED_EDGE('',*,*,#3486,.T.);
#6008=ORIENTED_EDGE('',*,*,#4250,.F.);
#6009=ORIENTED_EDGE('',*,*,#3996,.F.);
#6010=ORIENTED_EDGE('',*,*,#4249,.T.);
#6011=ORIENTED_EDGE('',*,*,#3485,.T.);
#6012=ORIENTED_EDGE('',*,*,#4251,.F.);
#6013=ORIENTED_EDGE('',*,*,#3997,.F.);
#6014=ORIENTED_EDGE('',*,*,#4250,.T.);
#6015=ORIENTED_EDGE('',*,*,#3484,.T.);
#6016=ORIENTED_EDGE('',*,*,#4252,.F.);
#6017=ORIENTED_EDGE('',*,*,#3998,.F.);
#6018=ORIENTED_EDGE('',*,*,#4251,.T.);
#6019=ORIENTED_EDGE('',*,*,#3483,.T.);
#6020=ORIENTED_EDGE('',*,*,#4253,.F.);
#6021=ORIENTED_EDGE('',*,*,#3999,.F.);
#6022=ORIENTED_EDGE('',*,*,#4252,.T.);
#6023=ORIENTED_EDGE('',*,*,#3482,.T.);
#6024=ORIENTED_EDGE('',*,*,#4254,.F.);
#6025=ORIENTED_EDGE('',*,*,#4000,.F.);
#6026=ORIENTED_EDGE('',*,*,#4253,.T.);
#6027=ORIENTED_EDGE('',*,*,#3481,.T.);
#6028=ORIENTED_EDGE('',*,*,#4255,.F.);
#6029=ORIENTED_EDGE('',*,*,#4001,.F.);
#6030=ORIENTED_EDGE('',*,*,#4254,.T.);
#6031=ORIENTED_EDGE('',*,*,#3480,.T.);
#6032=ORIENTED_EDGE('',*,*,#4256,.F.);
#6033=ORIENTED_EDGE('',*,*,#4002,.F.);
#6034=ORIENTED_EDGE('',*,*,#4255,.T.);
#6035=ORIENTED_EDGE('',*,*,#3479,.T.);
#6036=ORIENTED_EDGE('',*,*,#4257,.F.);
#6037=ORIENTED_EDGE('',*,*,#4003,.F.);
#6038=ORIENTED_EDGE('',*,*,#4256,.T.);
#6039=ORIENTED_EDGE('',*,*,#3478,.T.);
#6040=ORIENTED_EDGE('',*,*,#4258,.F.);
#6041=ORIENTED_EDGE('',*,*,#4004,.F.);
#6042=ORIENTED_EDGE('',*,*,#4257,.T.);
#6043=ORIENTED_EDGE('',*,*,#3477,.T.);
#6044=ORIENTED_EDGE('',*,*,#4259,.T.);
#6045=ORIENTED_EDGE('',*,*,#4005,.F.);
#6046=ORIENTED_EDGE('',*,*,#4258,.T.);
#6047=ORIENTED_EDGE('',*,*,#3476,.T.);
#6048=ORIENTED_EDGE('',*,*,#4260,.F.);
#6049=ORIENTED_EDGE('',*,*,#4006,.T.);
#6050=ORIENTED_EDGE('',*,*,#4259,.F.);
#6051=ORIENTED_EDGE('',*,*,#3475,.T.);
#6052=ORIENTED_EDGE('',*,*,#4261,.F.);
#6053=ORIENTED_EDGE('',*,*,#4007,.F.);
#6054=ORIENTED_EDGE('',*,*,#4260,.T.);
#6055=ORIENTED_EDGE('',*,*,#3474,.T.);
#6056=ORIENTED_EDGE('',*,*,#4262,.F.);
#6057=ORIENTED_EDGE('',*,*,#4008,.F.);
#6058=ORIENTED_EDGE('',*,*,#4261,.T.);
#6059=ORIENTED_EDGE('',*,*,#3473,.T.);
#6060=ORIENTED_EDGE('',*,*,#4263,.F.);
#6061=ORIENTED_EDGE('',*,*,#4009,.F.);
#6062=ORIENTED_EDGE('',*,*,#4262,.T.);
#6063=ORIENTED_EDGE('',*,*,#3472,.T.);
#6064=ORIENTED_EDGE('',*,*,#4264,.F.);
#6065=ORIENTED_EDGE('',*,*,#4010,.F.);
#6066=ORIENTED_EDGE('',*,*,#4263,.T.);
#6067=ORIENTED_EDGE('',*,*,#3471,.T.);
#6068=ORIENTED_EDGE('',*,*,#4265,.F.);
#6069=ORIENTED_EDGE('',*,*,#4011,.F.);
#6070=ORIENTED_EDGE('',*,*,#4264,.T.);
#6071=ORIENTED_EDGE('',*,*,#3470,.T.);
#6072=ORIENTED_EDGE('',*,*,#4266,.F.);
#6073=ORIENTED_EDGE('',*,*,#4012,.F.);
#6074=ORIENTED_EDGE('',*,*,#4265,.T.);
#6075=ORIENTED_EDGE('',*,*,#3469,.T.);
#6076=ORIENTED_EDGE('',*,*,#4267,.F.);
#6077=ORIENTED_EDGE('',*,*,#4013,.F.);
#6078=ORIENTED_EDGE('',*,*,#4266,.T.);
#6079=ORIENTED_EDGE('',*,*,#3468,.T.);
#6080=ORIENTED_EDGE('',*,*,#4268,.T.);
#6081=ORIENTED_EDGE('',*,*,#4014,.F.);
#6082=ORIENTED_EDGE('',*,*,#4267,.T.);
#6083=ORIENTED_EDGE('',*,*,#3467,.T.);
#6084=ORIENTED_EDGE('',*,*,#4269,.F.);
#6085=ORIENTED_EDGE('',*,*,#4015,.F.);
#6086=ORIENTED_EDGE('',*,*,#4268,.F.);
#6087=ORIENTED_EDGE('',*,*,#3466,.T.);
#6088=ORIENTED_EDGE('',*,*,#4270,.F.);
#6089=ORIENTED_EDGE('',*,*,#4016,.F.);
#6090=ORIENTED_EDGE('',*,*,#4269,.T.);
#6091=ORIENTED_EDGE('',*,*,#3465,.T.);
#6092=ORIENTED_EDGE('',*,*,#4271,.F.);
#6093=ORIENTED_EDGE('',*,*,#4017,.F.);
#6094=ORIENTED_EDGE('',*,*,#4270,.T.);
#6095=ORIENTED_EDGE('',*,*,#3464,.T.);
#6096=ORIENTED_EDGE('',*,*,#4272,.F.);
#6097=ORIENTED_EDGE('',*,*,#4018,.F.);
#6098=ORIENTED_EDGE('',*,*,#4271,.T.);
#6099=ORIENTED_EDGE('',*,*,#3463,.T.);
#6100=ORIENTED_EDGE('',*,*,#4273,.F.);
#6101=ORIENTED_EDGE('',*,*,#4019,.F.);
#6102=ORIENTED_EDGE('',*,*,#4272,.T.);
#6103=ORIENTED_EDGE('',*,*,#3462,.T.);
#6104=ORIENTED_EDGE('',*,*,#4274,.T.);
#6105=ORIENTED_EDGE('',*,*,#4020,.F.);
#6106=ORIENTED_EDGE('',*,*,#4273,.T.);
#6107=ORIENTED_EDGE('',*,*,#3461,.T.);
#6108=ORIENTED_EDGE('',*,*,#4104,.F.);
#6109=ORIENTED_EDGE('',*,*,#3849,.F.);
#6110=ORIENTED_EDGE('',*,*,#4274,.F.);
#6111=ORIENTED_EDGE('',*,*,#3714,.T.);
#6112=ORIENTED_EDGE('',*,*,#4275,.F.);
#6113=ORIENTED_EDGE('',*,*,#4023,.F.);
#6114=ORIENTED_EDGE('',*,*,#4276,.T.);
#6115=ORIENTED_EDGE('',*,*,#3713,.T.);
#6116=ORIENTED_EDGE('',*,*,#4277,.F.);
#6117=ORIENTED_EDGE('',*,*,#4024,.F.);
#6118=ORIENTED_EDGE('',*,*,#4275,.T.);
#6119=ORIENTED_EDGE('',*,*,#3712,.T.);
#6120=ORIENTED_EDGE('',*,*,#4278,.F.);
#6121=ORIENTED_EDGE('',*,*,#4025,.F.);
#6122=ORIENTED_EDGE('',*,*,#4277,.T.);
#6123=ORIENTED_EDGE('',*,*,#3711,.T.);
#6124=ORIENTED_EDGE('',*,*,#4279,.F.);
#6125=ORIENTED_EDGE('',*,*,#4026,.F.);
#6126=ORIENTED_EDGE('',*,*,#4278,.T.);
#6127=ORIENTED_EDGE('',*,*,#3710,.T.);
#6128=ORIENTED_EDGE('',*,*,#4280,.F.);
#6129=ORIENTED_EDGE('',*,*,#4027,.F.);
#6130=ORIENTED_EDGE('',*,*,#4279,.T.);
#6131=ORIENTED_EDGE('',*,*,#3709,.T.);
#6132=ORIENTED_EDGE('',*,*,#4281,.F.);
#6133=ORIENTED_EDGE('',*,*,#4028,.F.);
#6134=ORIENTED_EDGE('',*,*,#4280,.T.);
#6135=ORIENTED_EDGE('',*,*,#3708,.T.);
#6136=ORIENTED_EDGE('',*,*,#4282,.F.);
#6137=ORIENTED_EDGE('',*,*,#4029,.F.);
#6138=ORIENTED_EDGE('',*,*,#4281,.T.);
#6139=ORIENTED_EDGE('',*,*,#3707,.T.);
#6140=ORIENTED_EDGE('',*,*,#4283,.F.);
#6141=ORIENTED_EDGE('',*,*,#4030,.F.);
#6142=ORIENTED_EDGE('',*,*,#4282,.T.);
#6143=ORIENTED_EDGE('',*,*,#3706,.T.);
#6144=ORIENTED_EDGE('',*,*,#4284,.F.);
#6145=ORIENTED_EDGE('',*,*,#4031,.F.);
#6146=ORIENTED_EDGE('',*,*,#4283,.T.);
#6147=ORIENTED_EDGE('',*,*,#3705,.T.);
#6148=ORIENTED_EDGE('',*,*,#4285,.F.);
#6149=ORIENTED_EDGE('',*,*,#4021,.F.);
#6150=ORIENTED_EDGE('',*,*,#4284,.T.);
#6151=ORIENTED_EDGE('',*,*,#3704,.T.);
#6152=ORIENTED_EDGE('',*,*,#4276,.F.);
#6153=ORIENTED_EDGE('',*,*,#4022,.F.);
#6154=ORIENTED_EDGE('',*,*,#4285,.T.);
#6155=ORIENTED_EDGE('',*,*,#3703,.T.);
#6156=ORIENTED_EDGE('',*,*,#4286,.F.);
#6157=ORIENTED_EDGE('',*,*,#4034,.F.);
#6158=ORIENTED_EDGE('',*,*,#4287,.T.);
#6159=ORIENTED_EDGE('',*,*,#3702,.T.);
#6160=ORIENTED_EDGE('',*,*,#4288,.F.);
#6161=ORIENTED_EDGE('',*,*,#4035,.F.);
#6162=ORIENTED_EDGE('',*,*,#4286,.T.);
#6163=ORIENTED_EDGE('',*,*,#3701,.T.);
#6164=ORIENTED_EDGE('',*,*,#4289,.F.);
#6165=ORIENTED_EDGE('',*,*,#4036,.F.);
#6166=ORIENTED_EDGE('',*,*,#4288,.T.);
#6167=ORIENTED_EDGE('',*,*,#3700,.T.);
#6168=ORIENTED_EDGE('',*,*,#4290,.F.);
#6169=ORIENTED_EDGE('',*,*,#4037,.F.);
#6170=ORIENTED_EDGE('',*,*,#4289,.T.);
#6171=ORIENTED_EDGE('',*,*,#3699,.T.);
#6172=ORIENTED_EDGE('',*,*,#4291,.F.);
#6173=ORIENTED_EDGE('',*,*,#4038,.F.);
#6174=ORIENTED_EDGE('',*,*,#4290,.T.);
#6175=ORIENTED_EDGE('',*,*,#3698,.T.);
#6176=ORIENTED_EDGE('',*,*,#4292,.F.);
#6177=ORIENTED_EDGE('',*,*,#4039,.F.);
#6178=ORIENTED_EDGE('',*,*,#4291,.T.);
#6179=ORIENTED_EDGE('',*,*,#3697,.T.);
#6180=ORIENTED_EDGE('',*,*,#4293,.F.);
#6181=ORIENTED_EDGE('',*,*,#4040,.F.);
#6182=ORIENTED_EDGE('',*,*,#4292,.T.);
#6183=ORIENTED_EDGE('',*,*,#3696,.T.);
#6184=ORIENTED_EDGE('',*,*,#4294,.F.);
#6185=ORIENTED_EDGE('',*,*,#4041,.F.);
#6186=ORIENTED_EDGE('',*,*,#4293,.T.);
#6187=ORIENTED_EDGE('',*,*,#3695,.T.);
#6188=ORIENTED_EDGE('',*,*,#4295,.F.);
#6189=ORIENTED_EDGE('',*,*,#4042,.F.);
#6190=ORIENTED_EDGE('',*,*,#4294,.T.);
#6191=ORIENTED_EDGE('',*,*,#3694,.T.);
#6192=ORIENTED_EDGE('',*,*,#4296,.F.);
#6193=ORIENTED_EDGE('',*,*,#4043,.F.);
#6194=ORIENTED_EDGE('',*,*,#4295,.T.);
#6195=ORIENTED_EDGE('',*,*,#3693,.T.);
#6196=ORIENTED_EDGE('',*,*,#4297,.F.);
#6197=ORIENTED_EDGE('',*,*,#4044,.F.);
#6198=ORIENTED_EDGE('',*,*,#4296,.T.);
#6199=ORIENTED_EDGE('',*,*,#3692,.T.);
#6200=ORIENTED_EDGE('',*,*,#4298,.F.);
#6201=ORIENTED_EDGE('',*,*,#4045,.F.);
#6202=ORIENTED_EDGE('',*,*,#4297,.T.);
#6203=ORIENTED_EDGE('',*,*,#3691,.T.);
#6204=ORIENTED_EDGE('',*,*,#4299,.F.);
#6205=ORIENTED_EDGE('',*,*,#4046,.F.);
#6206=ORIENTED_EDGE('',*,*,#4298,.T.);
#6207=ORIENTED_EDGE('',*,*,#3690,.T.);
#6208=ORIENTED_EDGE('',*,*,#4300,.F.);
#6209=ORIENTED_EDGE('',*,*,#4047,.F.);
#6210=ORIENTED_EDGE('',*,*,#4299,.T.);
#6211=ORIENTED_EDGE('',*,*,#3689,.T.);
#6212=ORIENTED_EDGE('',*,*,#4301,.F.);
#6213=ORIENTED_EDGE('',*,*,#4048,.F.);
#6214=ORIENTED_EDGE('',*,*,#4300,.T.);
#6215=ORIENTED_EDGE('',*,*,#3688,.T.);
#6216=ORIENTED_EDGE('',*,*,#4302,.F.);
#6217=ORIENTED_EDGE('',*,*,#4049,.F.);
#6218=ORIENTED_EDGE('',*,*,#4301,.T.);
#6219=ORIENTED_EDGE('',*,*,#3687,.T.);
#6220=ORIENTED_EDGE('',*,*,#4303,.F.);
#6221=ORIENTED_EDGE('',*,*,#4050,.F.);
#6222=ORIENTED_EDGE('',*,*,#4302,.T.);
#6223=ORIENTED_EDGE('',*,*,#3686,.T.);
#6224=ORIENTED_EDGE('',*,*,#4304,.F.);
#6225=ORIENTED_EDGE('',*,*,#4051,.F.);
#6226=ORIENTED_EDGE('',*,*,#4303,.T.);
#6227=ORIENTED_EDGE('',*,*,#3685,.T.);
#6228=ORIENTED_EDGE('',*,*,#4305,.F.);
#6229=ORIENTED_EDGE('',*,*,#4032,.F.);
#6230=ORIENTED_EDGE('',*,*,#4304,.T.);
#6231=ORIENTED_EDGE('',*,*,#3684,.T.);
#6232=ORIENTED_EDGE('',*,*,#4287,.F.);
#6233=ORIENTED_EDGE('',*,*,#4033,.F.);
#6234=ORIENTED_EDGE('',*,*,#4305,.T.);
#6235=ORIENTED_EDGE('',*,*,#3683,.T.);
#6236=ORIENTED_EDGE('',*,*,#4306,.F.);
#6237=ORIENTED_EDGE('',*,*,#4054,.F.);
#6238=ORIENTED_EDGE('',*,*,#4307,.T.);
#6239=ORIENTED_EDGE('',*,*,#3682,.T.);
#6240=ORIENTED_EDGE('',*,*,#4308,.F.);
#6241=ORIENTED_EDGE('',*,*,#4055,.F.);
#6242=ORIENTED_EDGE('',*,*,#4306,.T.);
#6243=ORIENTED_EDGE('',*,*,#3681,.T.);
#6244=ORIENTED_EDGE('',*,*,#4309,.F.);
#6245=ORIENTED_EDGE('',*,*,#4056,.F.);
#6246=ORIENTED_EDGE('',*,*,#4308,.T.);
#6247=ORIENTED_EDGE('',*,*,#3680,.T.);
#6248=ORIENTED_EDGE('',*,*,#4310,.F.);
#6249=ORIENTED_EDGE('',*,*,#4057,.F.);
#6250=ORIENTED_EDGE('',*,*,#4309,.T.);
#6251=ORIENTED_EDGE('',*,*,#3679,.T.);
#6252=ORIENTED_EDGE('',*,*,#4311,.F.);
#6253=ORIENTED_EDGE('',*,*,#4058,.F.);
#6254=ORIENTED_EDGE('',*,*,#4310,.T.);
#6255=ORIENTED_EDGE('',*,*,#3678,.T.);
#6256=ORIENTED_EDGE('',*,*,#4312,.F.);
#6257=ORIENTED_EDGE('',*,*,#4059,.F.);
#6258=ORIENTED_EDGE('',*,*,#4311,.T.);
#6259=ORIENTED_EDGE('',*,*,#3677,.T.);
#6260=ORIENTED_EDGE('',*,*,#4313,.F.);
#6261=ORIENTED_EDGE('',*,*,#4060,.F.);
#6262=ORIENTED_EDGE('',*,*,#4312,.T.);
#6263=ORIENTED_EDGE('',*,*,#3676,.T.);
#6264=ORIENTED_EDGE('',*,*,#4314,.F.);
#6265=ORIENTED_EDGE('',*,*,#4061,.F.);
#6266=ORIENTED_EDGE('',*,*,#4313,.T.);
#6267=ORIENTED_EDGE('',*,*,#3675,.T.);
#6268=ORIENTED_EDGE('',*,*,#4315,.F.);
#6269=ORIENTED_EDGE('',*,*,#4062,.F.);
#6270=ORIENTED_EDGE('',*,*,#4314,.T.);
#6271=ORIENTED_EDGE('',*,*,#3674,.T.);
#6272=ORIENTED_EDGE('',*,*,#4316,.F.);
#6273=ORIENTED_EDGE('',*,*,#4052,.F.);
#6274=ORIENTED_EDGE('',*,*,#4315,.T.);
#6275=ORIENTED_EDGE('',*,*,#3673,.T.);
#6276=ORIENTED_EDGE('',*,*,#4307,.F.);
#6277=ORIENTED_EDGE('',*,*,#4053,.F.);
#6278=ORIENTED_EDGE('',*,*,#4316,.T.);
#6279=ORIENTED_EDGE('',*,*,#3672,.T.);
#6280=ORIENTED_EDGE('',*,*,#4317,.F.);
#6281=ORIENTED_EDGE('',*,*,#4065,.F.);
#6282=ORIENTED_EDGE('',*,*,#4318,.T.);
#6283=ORIENTED_EDGE('',*,*,#3671,.T.);
#6284=ORIENTED_EDGE('',*,*,#4319,.F.);
#6285=ORIENTED_EDGE('',*,*,#4066,.F.);
#6286=ORIENTED_EDGE('',*,*,#4317,.T.);
#6287=ORIENTED_EDGE('',*,*,#3670,.T.);
#6288=ORIENTED_EDGE('',*,*,#4320,.F.);
#6289=ORIENTED_EDGE('',*,*,#4067,.F.);
#6290=ORIENTED_EDGE('',*,*,#4319,.T.);
#6291=ORIENTED_EDGE('',*,*,#3669,.T.);
#6292=ORIENTED_EDGE('',*,*,#4321,.F.);
#6293=ORIENTED_EDGE('',*,*,#4068,.F.);
#6294=ORIENTED_EDGE('',*,*,#4320,.T.);
#6295=ORIENTED_EDGE('',*,*,#3668,.T.);
#6296=ORIENTED_EDGE('',*,*,#4322,.F.);
#6297=ORIENTED_EDGE('',*,*,#4069,.F.);
#6298=ORIENTED_EDGE('',*,*,#4321,.T.);
#6299=ORIENTED_EDGE('',*,*,#3667,.T.);
#6300=ORIENTED_EDGE('',*,*,#4323,.F.);
#6301=ORIENTED_EDGE('',*,*,#4070,.F.);
#6302=ORIENTED_EDGE('',*,*,#4322,.T.);
#6303=ORIENTED_EDGE('',*,*,#3666,.T.);
#6304=ORIENTED_EDGE('',*,*,#4324,.F.);
#6305=ORIENTED_EDGE('',*,*,#4071,.F.);
#6306=ORIENTED_EDGE('',*,*,#4323,.T.);
#6307=ORIENTED_EDGE('',*,*,#3665,.T.);
#6308=ORIENTED_EDGE('',*,*,#4325,.F.);
#6309=ORIENTED_EDGE('',*,*,#4072,.F.);
#6310=ORIENTED_EDGE('',*,*,#4324,.T.);
#6311=ORIENTED_EDGE('',*,*,#3664,.T.);
#6312=ORIENTED_EDGE('',*,*,#4326,.F.);
#6313=ORIENTED_EDGE('',*,*,#4073,.F.);
#6314=ORIENTED_EDGE('',*,*,#4325,.T.);
#6315=ORIENTED_EDGE('',*,*,#3663,.T.);
#6316=ORIENTED_EDGE('',*,*,#4327,.F.);
#6317=ORIENTED_EDGE('',*,*,#4074,.F.);
#6318=ORIENTED_EDGE('',*,*,#4326,.T.);
#6319=ORIENTED_EDGE('',*,*,#3662,.T.);
#6320=ORIENTED_EDGE('',*,*,#4328,.F.);
#6321=ORIENTED_EDGE('',*,*,#4075,.F.);
#6322=ORIENTED_EDGE('',*,*,#4327,.T.);
#6323=ORIENTED_EDGE('',*,*,#3661,.T.);
#6324=ORIENTED_EDGE('',*,*,#4329,.F.);
#6325=ORIENTED_EDGE('',*,*,#4076,.F.);
#6326=ORIENTED_EDGE('',*,*,#4328,.T.);
#6327=ORIENTED_EDGE('',*,*,#3660,.T.);
#6328=ORIENTED_EDGE('',*,*,#4330,.F.);
#6329=ORIENTED_EDGE('',*,*,#4077,.F.);
#6330=ORIENTED_EDGE('',*,*,#4329,.T.);
#6331=ORIENTED_EDGE('',*,*,#3659,.T.);
#6332=ORIENTED_EDGE('',*,*,#4331,.F.);
#6333=ORIENTED_EDGE('',*,*,#4078,.F.);
#6334=ORIENTED_EDGE('',*,*,#4330,.T.);
#6335=ORIENTED_EDGE('',*,*,#3658,.T.);
#6336=ORIENTED_EDGE('',*,*,#4332,.F.);
#6337=ORIENTED_EDGE('',*,*,#4079,.F.);
#6338=ORIENTED_EDGE('',*,*,#4331,.T.);
#6339=ORIENTED_EDGE('',*,*,#3657,.T.);
#6340=ORIENTED_EDGE('',*,*,#4333,.F.);
#6341=ORIENTED_EDGE('',*,*,#4080,.F.);
#6342=ORIENTED_EDGE('',*,*,#4332,.T.);
#6343=ORIENTED_EDGE('',*,*,#3656,.T.);
#6344=ORIENTED_EDGE('',*,*,#4334,.F.);
#6345=ORIENTED_EDGE('',*,*,#4081,.F.);
#6346=ORIENTED_EDGE('',*,*,#4333,.T.);
#6347=ORIENTED_EDGE('',*,*,#3655,.T.);
#6348=ORIENTED_EDGE('',*,*,#4335,.F.);
#6349=ORIENTED_EDGE('',*,*,#4063,.F.);
#6350=ORIENTED_EDGE('',*,*,#4334,.T.);
#6351=ORIENTED_EDGE('',*,*,#3654,.T.);
#6352=ORIENTED_EDGE('',*,*,#4318,.F.);
#6353=ORIENTED_EDGE('',*,*,#4064,.F.);
#6354=ORIENTED_EDGE('',*,*,#4335,.T.);
#6355=ORIENTED_EDGE('',*,*,#3653,.T.);
#6356=ORIENTED_EDGE('',*,*,#4336,.F.);
#6357=ORIENTED_EDGE('',*,*,#4084,.F.);
#6358=ORIENTED_EDGE('',*,*,#4337,.T.);
#6359=ORIENTED_EDGE('',*,*,#3652,.T.);
#6360=ORIENTED_EDGE('',*,*,#4338,.F.);
#6361=ORIENTED_EDGE('',*,*,#4085,.F.);
#6362=ORIENTED_EDGE('',*,*,#4336,.T.);
#6363=ORIENTED_EDGE('',*,*,#3651,.T.);
#6364=ORIENTED_EDGE('',*,*,#4339,.F.);
#6365=ORIENTED_EDGE('',*,*,#4086,.F.);
#6366=ORIENTED_EDGE('',*,*,#4338,.T.);
#6367=ORIENTED_EDGE('',*,*,#3650,.T.);
#6368=ORIENTED_EDGE('',*,*,#4340,.F.);
#6369=ORIENTED_EDGE('',*,*,#4087,.F.);
#6370=ORIENTED_EDGE('',*,*,#4339,.T.);
#6371=ORIENTED_EDGE('',*,*,#3649,.T.);
#6372=ORIENTED_EDGE('',*,*,#4341,.F.);
#6373=ORIENTED_EDGE('',*,*,#4088,.F.);
#6374=ORIENTED_EDGE('',*,*,#4340,.T.);
#6375=ORIENTED_EDGE('',*,*,#3648,.T.);
#6376=ORIENTED_EDGE('',*,*,#4342,.F.);
#6377=ORIENTED_EDGE('',*,*,#4089,.F.);
#6378=ORIENTED_EDGE('',*,*,#4341,.T.);
#6379=ORIENTED_EDGE('',*,*,#3647,.T.);
#6380=ORIENTED_EDGE('',*,*,#4343,.F.);
#6381=ORIENTED_EDGE('',*,*,#4090,.F.);
#6382=ORIENTED_EDGE('',*,*,#4342,.T.);
#6383=ORIENTED_EDGE('',*,*,#3646,.T.);
#6384=ORIENTED_EDGE('',*,*,#4344,.F.);
#6385=ORIENTED_EDGE('',*,*,#4091,.F.);
#6386=ORIENTED_EDGE('',*,*,#4343,.T.);
#6387=ORIENTED_EDGE('',*,*,#3645,.T.);
#6388=ORIENTED_EDGE('',*,*,#4345,.F.);
#6389=ORIENTED_EDGE('',*,*,#4082,.F.);
#6390=ORIENTED_EDGE('',*,*,#4344,.T.);
#6391=ORIENTED_EDGE('',*,*,#3644,.T.);
#6392=ORIENTED_EDGE('',*,*,#4337,.F.);
#6393=ORIENTED_EDGE('',*,*,#4083,.F.);
#6394=ORIENTED_EDGE('',*,*,#4345,.T.);
#6395=ORIENTED_EDGE('',*,*,#3643,.T.);
#6396=ORIENTED_EDGE('',*,*,#4346,.F.);
#6397=ORIENTED_EDGE('',*,*,#4094,.F.);
#6398=ORIENTED_EDGE('',*,*,#4347,.T.);
#6399=ORIENTED_EDGE('',*,*,#3642,.T.);
#6400=ORIENTED_EDGE('',*,*,#4348,.F.);
#6401=ORIENTED_EDGE('',*,*,#4095,.F.);
#6402=ORIENTED_EDGE('',*,*,#4346,.T.);
#6403=ORIENTED_EDGE('',*,*,#3641,.T.);
#6404=ORIENTED_EDGE('',*,*,#4349,.F.);
#6405=ORIENTED_EDGE('',*,*,#4096,.F.);
#6406=ORIENTED_EDGE('',*,*,#4348,.T.);
#6407=ORIENTED_EDGE('',*,*,#3640,.T.);
#6408=ORIENTED_EDGE('',*,*,#4350,.F.);
#6409=ORIENTED_EDGE('',*,*,#4097,.F.);
#6410=ORIENTED_EDGE('',*,*,#4349,.T.);
#6411=ORIENTED_EDGE('',*,*,#3639,.T.);
#6412=ORIENTED_EDGE('',*,*,#4351,.F.);
#6413=ORIENTED_EDGE('',*,*,#4098,.F.);
#6414=ORIENTED_EDGE('',*,*,#4350,.T.);
#6415=ORIENTED_EDGE('',*,*,#3638,.T.);
#6416=ORIENTED_EDGE('',*,*,#4352,.F.);
#6417=ORIENTED_EDGE('',*,*,#4099,.F.);
#6418=ORIENTED_EDGE('',*,*,#4351,.T.);
#6419=ORIENTED_EDGE('',*,*,#3637,.T.);
#6420=ORIENTED_EDGE('',*,*,#4353,.F.);
#6421=ORIENTED_EDGE('',*,*,#4100,.F.);
#6422=ORIENTED_EDGE('',*,*,#4352,.T.);
#6423=ORIENTED_EDGE('',*,*,#3636,.T.);
#6424=ORIENTED_EDGE('',*,*,#4354,.F.);
#6425=ORIENTED_EDGE('',*,*,#4101,.F.);
#6426=ORIENTED_EDGE('',*,*,#4353,.T.);
#6427=ORIENTED_EDGE('',*,*,#3635,.T.);
#6428=ORIENTED_EDGE('',*,*,#4355,.F.);
#6429=ORIENTED_EDGE('',*,*,#4102,.F.);
#6430=ORIENTED_EDGE('',*,*,#4354,.T.);
#6431=ORIENTED_EDGE('',*,*,#3634,.T.);
#6432=ORIENTED_EDGE('',*,*,#4356,.F.);
#6433=ORIENTED_EDGE('',*,*,#4092,.F.);
#6434=ORIENTED_EDGE('',*,*,#4355,.T.);
#6435=ORIENTED_EDGE('',*,*,#3633,.T.);
#6436=ORIENTED_EDGE('',*,*,#4347,.F.);
#6437=ORIENTED_EDGE('',*,*,#4093,.F.);
#6438=ORIENTED_EDGE('',*,*,#4356,.T.);
#6439=PLANE('',#6936);
#6440=PLANE('',#6943);
#6441=PLANE('',#6944);
#6442=PLANE('',#6945);
#6443=PLANE('',#6946);
#6444=PLANE('',#6977);
#6445=PLANE('',#6978);
#6446=PLANE('',#6979);
#6447=PLANE('',#6987);
#6448=PLANE('',#6992);
#6449=PLANE('',#6993);
#6450=PLANE('',#6994);
#6451=PLANE('',#6995);
#6452=PLANE('',#6996);
#6453=PLANE('',#7038);
#6454=PLANE('',#7039);
#6455=PLANE('',#7040);
#6456=PLANE('',#7041);
#6457=PLANE('',#7042);
#6458=PLANE('',#7043);
#6459=PLANE('',#7044);
#6460=PLANE('',#7045);
#6461=PLANE('',#7046);
#6462=PLANE('',#7047);
#6463=PLANE('',#7083);
#6464=PLANE('',#7088);
#6465=PLANE('',#7104);
#6466=PLANE('',#7106);
#6467=PLANE('',#7109);
#6468=PLANE('',#7111);
#6469=PLANE('',#7113);
#6470=PLANE('',#7115);
#6471=PLANE('',#7117);
#6472=PLANE('',#7119);
#6473=PLANE('',#7121);
#6474=PLANE('',#7123);
#6475=PLANE('',#7124);
#6476=PLANE('',#7126);
#6477=PLANE('',#7128);
#6478=PLANE('',#7129);
#6479=PLANE('',#7131);
#6480=PLANE('',#7133);
#6481=PLANE('',#7134);
#6482=PLANE('',#7136);
#6483=PLANE('',#7142);
#6484=PLANE('',#7144);
#6485=PLANE('',#7155);
#6486=PLANE('',#7162);
#6487=PLANE('',#7168);
#6488=PLANE('',#7169);
#6489=PLANE('',#7170);
#6490=PLANE('',#7172);
#6491=PLANE('',#7173);
#6492=PLANE('',#7174);
#6493=PLANE('',#7175);
#6494=PLANE('',#7176);
#6495=PLANE('',#7177);
#6496=PLANE('',#7178);
#6497=PLANE('',#7179);
#6498=PLANE('',#7180);
#6499=PLANE('',#7181);
#6500=PLANE('',#7182);
#6501=PLANE('',#7183);
#6502=PLANE('',#7184);
#6503=PLANE('',#7185);
#6504=PLANE('',#7186);
#6505=PLANE('',#7187);
#6506=PLANE('',#7188);
#6507=PLANE('',#7189);
#6508=PLANE('',#7190);
#6509=PLANE('',#7191);
#6510=PLANE('',#7192);
#6511=PLANE('',#7193);
#6512=PLANE('',#7194);
#6513=PLANE('',#7195);
#6514=PLANE('',#7196);
#6515=PLANE('',#7197);
#6516=PLANE('',#7198);
#6517=PLANE('',#7199);
#6518=PLANE('',#7200);
#6519=PLANE('',#7201);
#6520=PLANE('',#7202);
#6521=PLANE('',#7203);
#6522=PLANE('',#7204);
#6523=PLANE('',#7205);
#6524=PLANE('',#7206);
#6525=PLANE('',#7207);
#6526=PLANE('',#7208);
#6527=PLANE('',#7209);
#6528=PLANE('',#7210);
#6529=PLANE('',#7211);
#6530=PLANE('',#7212);
#6531=PLANE('',#7213);
#6532=PLANE('',#7214);
#6533=PLANE('',#7215);
#6534=PLANE('',#7216);
#6535=PLANE('',#7217);
#6536=PLANE('',#7218);
#6537=PLANE('',#7219);
#6538=PLANE('',#7220);
#6539=PLANE('',#7221);
#6540=PLANE('',#7222);
#6541=PLANE('',#7223);
#6542=ADVANCED_FACE('',(#853),#6439,.F.);
#6543=ADVANCED_FACE('',(#854),#808,.T.);
#6544=ADVANCED_FACE('',(#855),#809,.T.);
#6545=ADVANCED_FACE('',(#856),#6440,.F.);
#6546=ADVANCED_FACE('',(#857),#6441,.T.);
#6547=ADVANCED_FACE('',(#858),#6442,.T.);
#6548=ADVANCED_FACE('',(#859,#258,#259,#260,#261,#262,#263,#264,#265,#266),
#6443,.F.);
#6549=ADVANCED_FACE('',(#860),#810,.T.);
#6550=ADVANCED_FACE('',(#861),#811,.T.);
#6551=ADVANCED_FACE('',(#862),#812,.T.);
#6552=ADVANCED_FACE('',(#863),#6444,.F.);
#6553=ADVANCED_FACE('',(#864),#6445,.F.);
#6554=ADVANCED_FACE('',(#865),#6446,.F.);
#6555=ADVANCED_FACE('',(#866),#813,.T.);
#6556=ADVANCED_FACE('',(#867),#814,.T.);
#6557=ADVANCED_FACE('',(#868),#815,.T.);
#6558=ADVANCED_FACE('',(#869),#6447,.F.);
#6559=ADVANCED_FACE('',(#870),#6448,.F.);
#6560=ADVANCED_FACE('',(#871),#6449,.F.);
#6561=ADVANCED_FACE('',(#872),#6450,.F.);
#6562=ADVANCED_FACE('',(#873),#6451,.F.);
#6563=ADVANCED_FACE('',(#874),#6452,.F.);
#6564=ADVANCED_FACE('',(#875),#231,.T.);
#6565=ADVANCED_FACE('',(#876),#816,.F.);
#6566=ADVANCED_FACE('',(#877),#232,.T.);
#6567=ADVANCED_FACE('',(#878),#817,.F.);
#6568=ADVANCED_FACE('',(#879),#233,.T.);
#6569=ADVANCED_FACE('',(#880),#818,.F.);
#6570=ADVANCED_FACE('',(#881),#234,.T.);
#6571=ADVANCED_FACE('',(#882),#819,.F.);
#6572=ADVANCED_FACE('',(#883),#235,.T.);
#6573=ADVANCED_FACE('',(#884),#820,.F.);
#6574=ADVANCED_FACE('',(#885),#236,.T.);
#6575=ADVANCED_FACE('',(#886),#821,.F.);
#6576=ADVANCED_FACE('',(#887),#237,.T.);
#6577=ADVANCED_FACE('',(#888),#822,.F.);
#6578=ADVANCED_FACE('',(#889),#238,.T.);
#6579=ADVANCED_FACE('',(#890),#823,.F.);
#6580=ADVANCED_FACE('',(#891),#6453,.F.);
#6581=ADVANCED_FACE('',(#892),#6454,.F.);
#6582=ADVANCED_FACE('',(#893),#6455,.F.);
#6583=ADVANCED_FACE('',(#894),#6456,.F.);
#6584=ADVANCED_FACE('',(#895),#6457,.F.);
#6585=ADVANCED_FACE('',(#896),#6458,.F.);
#6586=ADVANCED_FACE('',(#897),#6459,.F.);
#6587=ADVANCED_FACE('',(#898),#6460,.F.);
#6588=ADVANCED_FACE('',(#899,#267,#268,#269,#270,#271,#272),#6461,.T.);
#6589=ADVANCED_FACE('',(#900),#6462,.T.);
#6590=ADVANCED_FACE('',(#901),#239,.T.);
#6591=ADVANCED_FACE('',(#902),#824,.T.);
#6592=ADVANCED_FACE('',(#903),#240,.T.);
#6593=ADVANCED_FACE('',(#904),#825,.T.);
#6594=ADVANCED_FACE('',(#905),#241,.T.);
#6595=ADVANCED_FACE('',(#906),#826,.T.);
#6596=ADVANCED_FACE('',(#907),#242,.T.);
#6597=ADVANCED_FACE('',(#908),#827,.T.);
#6598=ADVANCED_FACE('',(#909),#243,.T.);
#6599=ADVANCED_FACE('',(#910),#828,.T.);
#6600=ADVANCED_FACE('',(#911),#244,.T.);
#6601=ADVANCED_FACE('',(#912),#6463,.T.);
#6602=ADVANCED_FACE('',(#913),#829,.T.);
#6603=ADVANCED_FACE('',(#914),#830,.T.);
#6604=ADVANCED_FACE('',(#915),#6464,.T.);
#6605=ADVANCED_FACE('',(#916),#831,.T.);
#6606=ADVANCED_FACE('',(#917),#245,.T.);
#6607=ADVANCED_FACE('',(#918),#832,.T.);
#6608=ADVANCED_FACE('',(#919),#246,.T.);
#6609=ADVANCED_FACE('',(#920),#833,.T.);
#6610=ADVANCED_FACE('',(#921),#6465,.T.);
#6611=ADVANCED_FACE('',(#922),#6466,.T.);
#6612=ADVANCED_FACE('',(#923),#834,.T.);
#6613=ADVANCED_FACE('',(#924),#6467,.T.);
#6614=ADVANCED_FACE('',(#925),#835,.T.);
#6615=ADVANCED_FACE('',(#926),#6468,.T.);
#6616=ADVANCED_FACE('',(#927),#836,.T.);
#6617=ADVANCED_FACE('',(#928),#6469,.T.);
#6618=ADVANCED_FACE('',(#929),#837,.T.);
#6619=ADVANCED_FACE('',(#930),#6470,.T.);
#6620=ADVANCED_FACE('',(#931),#838,.F.);
#6621=ADVANCED_FACE('',(#932),#6471,.T.);
#6622=ADVANCED_FACE('',(#933),#839,.F.);
#6623=ADVANCED_FACE('',(#934),#6472,.T.);
#6624=ADVANCED_FACE('',(#935),#840,.T.);
#6625=ADVANCED_FACE('',(#936),#6473,.T.);
#6626=ADVANCED_FACE('',(#937),#841,.T.);
#6627=ADVANCED_FACE('',(#938),#6474,.T.);
#6628=ADVANCED_FACE('',(#939),#6475,.T.);
#6629=ADVANCED_FACE('',(#940),#842,.F.);
#6630=ADVANCED_FACE('',(#941),#6476,.T.);
#6631=ADVANCED_FACE('',(#942),#843,.F.);
#6632=ADVANCED_FACE('',(#943),#6477,.T.);
#6633=ADVANCED_FACE('',(#944),#6478,.T.);
#6634=ADVANCED_FACE('',(#945),#844,.T.);
#6635=ADVANCED_FACE('',(#946),#6479,.T.);
#6636=ADVANCED_FACE('',(#947),#845,.T.);
#6637=ADVANCED_FACE('',(#948),#6480,.T.);
#6638=ADVANCED_FACE('',(#949),#6481,.T.);
#6639=ADVANCED_FACE('',(#950),#6482,.T.);
#6640=ADVANCED_FACE('',(#951),#846,.F.);
#6641=ADVANCED_FACE('',(#952),#847,.F.);
#6642=ADVANCED_FACE('',(#953),#6483,.T.);
#6643=ADVANCED_FACE('',(#954),#19,.T.);
#6644=ADVANCED_FACE('',(#955),#20,.T.);
#6645=ADVANCED_FACE('',(#956),#21,.T.);
#6646=ADVANCED_FACE('',(#957),#6484,.T.);
#6647=ADVANCED_FACE('',(#958),#848,.T.);
#6648=ADVANCED_FACE('',(#959),#849,.T.);
#6649=ADVANCED_FACE('',(#960),#850,.F.);
#6650=ADVANCED_FACE('',(#961),#851,.F.);
#6651=ADVANCED_FACE('',(#962),#15,.F.);
#6652=ADVANCED_FACE('',(#963),#16,.F.);
#6653=ADVANCED_FACE('',(#964),#22,.F.);
#6654=ADVANCED_FACE('',(#965),#23,.F.);
#6655=ADVANCED_FACE('',(#966),#6485,.T.);
#6656=ADVANCED_FACE('',(#967),#24,.F.);
#6657=ADVANCED_FACE('',(#968),#25,.F.);
#6658=ADVANCED_FACE('',(#969),#852,.T.);
#6659=ADVANCED_FACE('',(#970),#17,.F.);
#6660=ADVANCED_FACE('',(#971),#18,.F.);
#6661=ADVANCED_FACE('',(#972,#273,#274,#275,#276,#277),#6486,.F.);
#6662=ADVANCED_FACE('',(#973),#6487,.F.);
#6663=ADVANCED_FACE('',(#974),#6488,.F.);
#6664=ADVANCED_FACE('',(#975),#6489,.F.);
#6665=ADVANCED_FACE('',(#976),#6490,.F.);
#6666=ADVANCED_FACE('',(#977),#6491,.F.);
#6667=ADVANCED_FACE('',(#978),#6492,.F.);
#6668=ADVANCED_FACE('',(#979),#26,.F.);
#6669=ADVANCED_FACE('',(#980),#27,.F.);
#6670=ADVANCED_FACE('',(#981),#6493,.T.);
#6671=ADVANCED_FACE('',(#982),#28,.F.);
#6672=ADVANCED_FACE('',(#983),#29,.F.);
#6673=ADVANCED_FACE('',(#984),#6494,.F.);
#6674=ADVANCED_FACE('',(#985),#6495,.F.);
#6675=ADVANCED_FACE('',(#986),#30,.F.);
#6676=ADVANCED_FACE('',(#987),#31,.F.);
#6677=ADVANCED_FACE('',(#988),#32,.F.);
#6678=ADVANCED_FACE('',(#989),#33,.F.);
#6679=ADVANCED_FACE('',(#990),#6496,.F.);
#6680=ADVANCED_FACE('',(#991),#6497,.T.);
#6681=ADVANCED_FACE('',(#992),#34,.F.);
#6682=ADVANCED_FACE('',(#993),#35,.F.);
#6683=ADVANCED_FACE('',(#994),#36,.F.);
#6684=ADVANCED_FACE('',(#995),#37,.F.);
#6685=ADVANCED_FACE('',(#996),#38,.F.);
#6686=ADVANCED_FACE('',(#997),#39,.F.);
#6687=ADVANCED_FACE('',(#998),#40,.F.);
#6688=ADVANCED_FACE('',(#999),#41,.F.);
#6689=ADVANCED_FACE('',(#1000),#42,.F.);
#6690=ADVANCED_FACE('',(#1001),#43,.F.);
#6691=ADVANCED_FACE('',(#1002),#6498,.T.);
#6692=ADVANCED_FACE('',(#1003),#44,.F.);
#6693=ADVANCED_FACE('',(#1004),#45,.F.);
#6694=ADVANCED_FACE('',(#1005),#46,.F.);
#6695=ADVANCED_FACE('',(#1006),#6499,.T.);
#6696=ADVANCED_FACE('',(#1007),#47,.F.);
#6697=ADVANCED_FACE('',(#1008),#48,.F.);
#6698=ADVANCED_FACE('',(#1009),#49,.F.);
#6699=ADVANCED_FACE('',(#1010),#50,.F.);
#6700=ADVANCED_FACE('',(#1011),#51,.F.);
#6701=ADVANCED_FACE('',(#1012),#52,.F.);
#6702=ADVANCED_FACE('',(#1013),#53,.F.);
#6703=ADVANCED_FACE('',(#1014),#54,.F.);
#6704=ADVANCED_FACE('',(#1015),#55,.F.);
#6705=ADVANCED_FACE('',(#1016),#56,.F.);
#6706=ADVANCED_FACE('',(#1017),#57,.F.);
#6707=ADVANCED_FACE('',(#1018),#58,.F.);
#6708=ADVANCED_FACE('',(#1019),#59,.F.);
#6709=ADVANCED_FACE('',(#1020),#60,.F.);
#6710=ADVANCED_FACE('',(#1021),#61,.F.);
#6711=ADVANCED_FACE('',(#1022),#62,.F.);
#6712=ADVANCED_FACE('',(#1023),#63,.F.);
#6713=ADVANCED_FACE('',(#1024),#64,.F.);
#6714=ADVANCED_FACE('',(#1025),#6500,.T.);
#6715=ADVANCED_FACE('',(#1026),#65,.F.);
#6716=ADVANCED_FACE('',(#1027),#66,.F.);
#6717=ADVANCED_FACE('',(#1028),#67,.F.);
#6718=ADVANCED_FACE('',(#1029),#6501,.T.);
#6719=ADVANCED_FACE('',(#1030),#68,.F.);
#6720=ADVANCED_FACE('',(#1031),#69,.F.);
#6721=ADVANCED_FACE('',(#1032),#70,.F.);
#6722=ADVANCED_FACE('',(#1033),#71,.F.);
#6723=ADVANCED_FACE('',(#1034),#72,.F.);
#6724=ADVANCED_FACE('',(#1035),#73,.F.);
#6725=ADVANCED_FACE('',(#1036),#74,.F.);
#6726=ADVANCED_FACE('',(#1037),#75,.F.);
#6727=ADVANCED_FACE('',(#1038),#76,.F.);
#6728=ADVANCED_FACE('',(#1039),#6502,.T.);
#6729=ADVANCED_FACE('',(#1040),#6503,.F.);
#6730=ADVANCED_FACE('',(#1041),#77,.F.);
#6731=ADVANCED_FACE('',(#1042),#78,.F.);
#6732=ADVANCED_FACE('',(#1043),#6504,.F.);
#6733=ADVANCED_FACE('',(#1044),#6505,.F.);
#6734=ADVANCED_FACE('',(#1045),#79,.F.);
#6735=ADVANCED_FACE('',(#1046),#80,.F.);
#6736=ADVANCED_FACE('',(#1047),#6506,.F.);
#6737=ADVANCED_FACE('',(#1048),#6507,.F.);
#6738=ADVANCED_FACE('',(#1049),#81,.F.);
#6739=ADVANCED_FACE('',(#1050),#6508,.T.);
#6740=ADVANCED_FACE('',(#1051),#82,.F.);
#6741=ADVANCED_FACE('',(#1052),#6509,.F.);
#6742=ADVANCED_FACE('',(#1053),#6510,.F.);
#6743=ADVANCED_FACE('',(#1054),#83,.F.);
#6744=ADVANCED_FACE('',(#1055),#84,.F.);
#6745=ADVANCED_FACE('',(#1056),#85,.F.);
#6746=ADVANCED_FACE('',(#1057),#6511,.T.);
#6747=ADVANCED_FACE('',(#1058),#86,.F.);
#6748=ADVANCED_FACE('',(#1059),#87,.F.);
#6749=ADVANCED_FACE('',(#1060),#88,.F.);
#6750=ADVANCED_FACE('',(#1061),#89,.F.);
#6751=ADVANCED_FACE('',(#1062),#90,.F.);
#6752=ADVANCED_FACE('',(#1063),#91,.F.);
#6753=ADVANCED_FACE('',(#1064),#92,.F.);
#6754=ADVANCED_FACE('',(#1065),#93,.F.);
#6755=ADVANCED_FACE('',(#1066),#94,.F.);
#6756=ADVANCED_FACE('',(#1067),#6512,.T.);
#6757=ADVANCED_FACE('',(#1068),#95,.F.);
#6758=ADVANCED_FACE('',(#1069),#96,.F.);
#6759=ADVANCED_FACE('',(#1070),#97,.F.);
#6760=ADVANCED_FACE('',(#1071),#98,.F.);
#6761=ADVANCED_FACE('',(#1072),#99,.F.);
#6762=ADVANCED_FACE('',(#1073),#100,.F.);
#6763=ADVANCED_FACE('',(#1074),#101,.F.);
#6764=ADVANCED_FACE('',(#1075),#102,.F.);
#6765=ADVANCED_FACE('',(#1076),#6513,.F.);
#6766=ADVANCED_FACE('',(#1077),#6514,.F.);
#6767=ADVANCED_FACE('',(#1078),#103,.F.);
#6768=ADVANCED_FACE('',(#1079),#104,.F.);
#6769=ADVANCED_FACE('',(#1080),#105,.F.);
#6770=ADVANCED_FACE('',(#1081),#106,.F.);
#6771=ADVANCED_FACE('',(#1082),#107,.F.);
#6772=ADVANCED_FACE('',(#1083),#108,.F.);
#6773=ADVANCED_FACE('',(#1084),#109,.F.);
#6774=ADVANCED_FACE('',(#1085),#110,.F.);
#6775=ADVANCED_FACE('',(#1086),#111,.F.);
#6776=ADVANCED_FACE('',(#1087),#112,.F.);
#6777=ADVANCED_FACE('',(#1088),#113,.F.);
#6778=ADVANCED_FACE('',(#1089),#114,.F.);
#6779=ADVANCED_FACE('',(#1090),#6515,.F.);
#6780=ADVANCED_FACE('',(#1091),#6516,.F.);
#6781=ADVANCED_FACE('',(#1092),#115,.F.);
#6782=ADVANCED_FACE('',(#1093),#116,.F.);
#6783=ADVANCED_FACE('',(#1094),#6517,.T.);
#6784=ADVANCED_FACE('',(#1095),#117,.F.);
#6785=ADVANCED_FACE('',(#1096),#118,.F.);
#6786=ADVANCED_FACE('',(#1097),#119,.F.);
#6787=ADVANCED_FACE('',(#1098),#120,.F.);
#6788=ADVANCED_FACE('',(#1099),#121,.F.);
#6789=ADVANCED_FACE('',(#1100),#122,.F.);
#6790=ADVANCED_FACE('',(#1101),#123,.F.);
#6791=ADVANCED_FACE('',(#1102),#124,.F.);
#6792=ADVANCED_FACE('',(#1103),#125,.F.);
#6793=ADVANCED_FACE('',(#1104),#6518,.T.);
#6794=ADVANCED_FACE('',(#1105),#126,.F.);
#6795=ADVANCED_FACE('',(#1106),#127,.F.);
#6796=ADVANCED_FACE('',(#1107),#128,.F.);
#6797=ADVANCED_FACE('',(#1108),#129,.F.);
#6798=ADVANCED_FACE('',(#1109),#130,.F.);
#6799=ADVANCED_FACE('',(#1110),#131,.F.);
#6800=ADVANCED_FACE('',(#1111),#132,.F.);
#6801=ADVANCED_FACE('',(#1112),#133,.F.);
#6802=ADVANCED_FACE('',(#1113),#134,.F.);
#6803=ADVANCED_FACE('',(#1114),#135,.F.);
#6804=ADVANCED_FACE('',(#1115),#136,.F.);
#6805=ADVANCED_FACE('',(#1116),#137,.F.);
#6806=ADVANCED_FACE('',(#1117),#138,.F.);
#6807=ADVANCED_FACE('',(#1118),#139,.F.);
#6808=ADVANCED_FACE('',(#1119),#140,.F.);
#6809=ADVANCED_FACE('',(#1120),#141,.F.);
#6810=ADVANCED_FACE('',(#1121),#142,.F.);
#6811=ADVANCED_FACE('',(#1122),#143,.F.);
#6812=ADVANCED_FACE('',(#1123),#144,.F.);
#6813=ADVANCED_FACE('',(#1124),#145,.F.);
#6814=ADVANCED_FACE('',(#1125),#146,.F.);
#6815=ADVANCED_FACE('',(#1126),#147,.F.);
#6816=ADVANCED_FACE('',(#1127),#148,.F.);
#6817=ADVANCED_FACE('',(#1128),#149,.F.);
#6818=ADVANCED_FACE('',(#1129),#150,.F.);
#6819=ADVANCED_FACE('',(#1130),#151,.F.);
#6820=ADVANCED_FACE('',(#1131),#152,.F.);
#6821=ADVANCED_FACE('',(#1132),#153,.F.);
#6822=ADVANCED_FACE('',(#1133),#154,.F.);
#6823=ADVANCED_FACE('',(#1134),#155,.F.);
#6824=ADVANCED_FACE('',(#1135),#6519,.T.);
#6825=ADVANCED_FACE('',(#1136),#6520,.F.);
#6826=ADVANCED_FACE('',(#1137),#6521,.F.);
#6827=ADVANCED_FACE('',(#1138),#156,.F.);
#6828=ADVANCED_FACE('',(#1139),#157,.F.);
#6829=ADVANCED_FACE('',(#1140),#6522,.F.);
#6830=ADVANCED_FACE('',(#1141),#6523,.F.);
#6831=ADVANCED_FACE('',(#1142),#158,.F.);
#6832=ADVANCED_FACE('',(#1143),#159,.F.);
#6833=ADVANCED_FACE('',(#1144),#6524,.T.);
#6834=ADVANCED_FACE('',(#1145),#160,.F.);
#6835=ADVANCED_FACE('',(#1146),#161,.F.);
#6836=ADVANCED_FACE('',(#1147),#6525,.F.);
#6837=ADVANCED_FACE('',(#1148),#6526,.F.);
#6838=ADVANCED_FACE('',(#1149),#162,.F.);
#6839=ADVANCED_FACE('',(#1150),#163,.F.);
#6840=ADVANCED_FACE('',(#1151),#164,.F.);
#6841=ADVANCED_FACE('',(#1152),#165,.F.);
#6842=ADVANCED_FACE('',(#1153),#166,.F.);
#6843=ADVANCED_FACE('',(#1154),#167,.F.);
#6844=ADVANCED_FACE('',(#1155),#168,.F.);
#6845=ADVANCED_FACE('',(#1156),#169,.F.);
#6846=ADVANCED_FACE('',(#1157),#170,.F.);
#6847=ADVANCED_FACE('',(#1158),#171,.F.);
#6848=ADVANCED_FACE('',(#1159),#172,.F.);
#6849=ADVANCED_FACE('',(#1160),#173,.F.);
#6850=ADVANCED_FACE('',(#1161),#174,.F.);
#6851=ADVANCED_FACE('',(#1162),#175,.F.);
#6852=ADVANCED_FACE('',(#1163),#176,.F.);
#6853=ADVANCED_FACE('',(#1164),#177,.F.);
#6854=ADVANCED_FACE('',(#1165),#178,.F.);
#6855=ADVANCED_FACE('',(#1166),#179,.F.);
#6856=ADVANCED_FACE('',(#1167),#180,.F.);
#6857=ADVANCED_FACE('',(#1168),#6527,.F.);
#6858=ADVANCED_FACE('',(#1169),#6528,.F.);
#6859=ADVANCED_FACE('',(#1170),#6529,.F.);
#6860=ADVANCED_FACE('',(#1171),#181,.F.);
#6861=ADVANCED_FACE('',(#1172),#182,.F.);
#6862=ADVANCED_FACE('',(#1173),#183,.F.);
#6863=ADVANCED_FACE('',(#1174),#184,.F.);
#6864=ADVANCED_FACE('',(#1175),#185,.F.);
#6865=ADVANCED_FACE('',(#1176),#186,.F.);
#6866=ADVANCED_FACE('',(#1177),#6530,.F.);
#6867=ADVANCED_FACE('',(#1178),#6531,.F.);
#6868=ADVANCED_FACE('',(#1179),#6532,.F.);
#6869=ADVANCED_FACE('',(#1180),#6533,.F.);
#6870=ADVANCED_FACE('',(#1181),#187,.F.);
#6871=ADVANCED_FACE('',(#1182),#188,.F.);
#6872=ADVANCED_FACE('',(#1183),#189,.F.);
#6873=ADVANCED_FACE('',(#1184),#190,.F.);
#6874=ADVANCED_FACE('',(#1185),#191,.F.);
#6875=ADVANCED_FACE('',(#1186),#192,.F.);
#6876=ADVANCED_FACE('',(#1187),#193,.F.);
#6877=ADVANCED_FACE('',(#1188),#194,.F.);
#6878=ADVANCED_FACE('',(#1189),#195,.F.);
#6879=ADVANCED_FACE('',(#1190),#196,.F.);
#6880=ADVANCED_FACE('',(#1191),#197,.F.);
#6881=ADVANCED_FACE('',(#1192),#198,.F.);
#6882=ADVANCED_FACE('',(#1193),#199,.F.);
#6883=ADVANCED_FACE('',(#1194),#6534,.F.);
#6884=ADVANCED_FACE('',(#1195),#6535,.F.);
#6885=ADVANCED_FACE('',(#1196),#200,.F.);
#6886=ADVANCED_FACE('',(#1197),#201,.F.);
#6887=ADVANCED_FACE('',(#1198),#202,.F.);
#6888=ADVANCED_FACE('',(#1199),#203,.F.);
#6889=ADVANCED_FACE('',(#1200),#6536,.F.);
#6890=ADVANCED_FACE('',(#1201),#6537,.F.);
#6891=ADVANCED_FACE('',(#1202),#204,.F.);
#6892=ADVANCED_FACE('',(#1203),#6538,.F.);
#6893=ADVANCED_FACE('',(#1204),#6539,.F.);
#6894=ADVANCED_FACE('',(#1205),#205,.F.);
#6895=ADVANCED_FACE('',(#1206),#206,.F.);
#6896=ADVANCED_FACE('',(#1207),#207,.F.);
#6897=ADVANCED_FACE('',(#1208),#208,.F.);
#6898=ADVANCED_FACE('',(#1209),#209,.F.);
#6899=ADVANCED_FACE('',(#1210),#210,.F.);
#6900=ADVANCED_FACE('',(#1211),#211,.F.);
#6901=ADVANCED_FACE('',(#1212),#212,.F.);
#6902=ADVANCED_FACE('',(#1213),#213,.F.);
#6903=ADVANCED_FACE('',(#1214),#214,.F.);
#6904=ADVANCED_FACE('',(#1215),#215,.F.);
#6905=ADVANCED_FACE('',(#1216),#216,.F.);
#6906=ADVANCED_FACE('',(#1217),#217,.F.);
#6907=ADVANCED_FACE('',(#1218),#218,.F.);
#6908=ADVANCED_FACE('',(#1219),#6540,.F.);
#6909=ADVANCED_FACE('',(#1220),#6541,.F.);
#6910=ADVANCED_FACE('',(#1221),#219,.F.);
#6911=ADVANCED_FACE('',(#1222),#220,.F.);
#6912=ADVANCED_FACE('',(#1223),#221,.F.);
#6913=ADVANCED_FACE('',(#1224),#222,.F.);
#6914=ADVANCED_FACE('',(#1225),#223,.F.);
#6915=ADVANCED_FACE('',(#1226),#224,.F.);
#6916=ADVANCED_FACE('',(#1227),#225,.F.);
#6917=ADVANCED_FACE('',(#1228),#226,.F.);
#6918=ADVANCED_FACE('',(#1229),#227,.F.);
#6919=ADVANCED_FACE('',(#1230),#228,.F.);
#6920=ADVANCED_FACE('',(#1231),#229,.F.);
#6921=ADVANCED_FACE('',(#1232),#230,.F.);
#6922=CLOSED_SHELL('',(#6542,#6543,#6544,#6545,#6546,#6547,#6548,#6549,
#6550,#6551,#6552,#6553,#6554,#6555,#6556,#6557,#6558,#6559,#6560,#6561,
#6562,#6563,#6564,#6565,#6566,#6567,#6568,#6569,#6570,#6571,#6572,#6573,
#6574,#6575,#6576,#6577,#6578,#6579,#6580,#6581,#6582,#6583,#6584,#6585,
#6586,#6587,#6588,#6589,#6590,#6591,#6592,#6593,#6594,#6595,#6596,#6597,
#6598,#6599,#6600,#6601,#6602,#6603,#6604,#6605,#6606,#6607,#6608,#6609,
#6610,#6611,#6612,#6613,#6614,#6615,#6616,#6617,#6618,#6619,#6620,#6621,
#6622,#6623,#6624,#6625,#6626,#6627,#6628,#6629,#6630,#6631,#6632,#6633,
#6634,#6635,#6636,#6637,#6638,#6639,#6640,#6641,#6642,#6643,#6644,#6645,
#6646,#6647,#6648,#6649,#6650,#6651,#6652,#6653,#6654,#6655,#6656,#6657,
#6658,#6659,#6660,#6661,#6662,#6663,#6664,#6665,#6666,#6667,#6668,#6669,
#6670,#6671,#6672,#6673,#6674,#6675,#6676,#6677,#6678,#6679,#6680,#6681,
#6682,#6683,#6684,#6685,#6686,#6687,#6688,#6689,#6690,#6691,#6692,#6693,
#6694,#6695,#6696,#6697,#6698,#6699,#6700,#6701,#6702,#6703,#6704,#6705,
#6706,#6707,#6708,#6709,#6710,#6711,#6712,#6713,#6714,#6715,#6716,#6717,
#6718,#6719,#6720,#6721,#6722,#6723,#6724,#6725,#6726,#6727,#6728,#6729,
#6730,#6731,#6732,#6733,#6734,#6735,#6736,#6737,#6738,#6739,#6740,#6741,
#6742,#6743,#6744,#6745,#6746,#6747,#6748,#6749,#6750,#6751,#6752,#6753,
#6754,#6755,#6756,#6757,#6758,#6759,#6760,#6761,#6762,#6763,#6764,#6765,
#6766,#6767,#6768,#6769,#6770,#6771,#6772,#6773,#6774,#6775,#6776,#6777,
#6778,#6779,#6780,#6781,#6782,#6783,#6784,#6785,#6786,#6787,#6788,#6789,
#6790,#6791,#6792,#6793,#6794,#6795,#6796,#6797,#6798,#6799,#6800,#6801,
#6802,#6803,#6804,#6805,#6806,#6807,#6808,#6809,#6810,#6811,#6812,#6813,
#6814,#6815,#6816,#6817,#6818,#6819,#6820,#6821,#6822,#6823,#6824,#6825,
#6826,#6827,#6828,#6829,#6830,#6831,#6832,#6833,#6834,#6835,#6836,#6837,
#6838,#6839,#6840,#6841,#6842,#6843,#6844,#6845,#6846,#6847,#6848,#6849,
#6850,#6851,#6852,#6853,#6854,#6855,#6856,#6857,#6858,#6859,#6860,#6861,
#6862,#6863,#6864,#6865,#6866,#6867,#6868,#6869,#6870,#6871,#6872,#6873,
#6874,#6875,#6876,#6877,#6878,#6879,#6880,#6881,#6882,#6883,#6884,#6885,
#6886,#6887,#6888,#6889,#6890,#6891,#6892,#6893,#6894,#6895,#6896,#6897,
#6898,#6899,#6900,#6901,#6902,#6903,#6904,#6905,#6906,#6907,#6908,#6909,
#6910,#6911,#6912,#6913,#6914,#6915,#6916,#6917,#6918,#6919,#6920,#6921));
#6923=DERIVED_UNIT_ELEMENT(#6925,1.);
#6924=DERIVED_UNIT_ELEMENT(#13460,-3.);
#6925=(
MASS_UNIT()
NAMED_UNIT(*)
SI_UNIT(.KILO.,.GRAM.)
);
#6926=DERIVED_UNIT((#6923,#6924));
#6927=MEASURE_REPRESENTATION_ITEM('density measure',
POSITIVE_RATIO_MEASURE(7850.),#6926);
#6928=PROPERTY_DEFINITION_REPRESENTATION(#6933,#6930);
#6929=PROPERTY_DEFINITION_REPRESENTATION(#6934,#6931);
#6930=REPRESENTATION('material name',(#6932),#13457);
#6931=REPRESENTATION('density',(#6927),#13457);
#6932=DESCRIPTIVE_REPRESENTATION_ITEM('Steel','Steel');
#6933=PROPERTY_DEFINITION('material property','material name',#13467);
#6934=PROPERTY_DEFINITION('material property','density of part',#13467);
#6935=AXIS2_PLACEMENT_3D('',#8302,#7224,#7225);
#6936=AXIS2_PLACEMENT_3D('',#8303,#7226,#7227);
#6937=AXIS2_PLACEMENT_3D('',#8312,#7232,#7233);
#6938=AXIS2_PLACEMENT_3D('',#8314,#7234,#7235);
#6939=AXIS2_PLACEMENT_3D('',#8316,#7236,#7237);
#6940=AXIS2_PLACEMENT_3D('',#8318,#7239,#7240);
#6941=AXIS2_PLACEMENT_3D('',#8321,#7241,#7242);
#6942=AXIS2_PLACEMENT_3D('',#8325,#7244,#7245);
#6943=AXIS2_PLACEMENT_3D('',#8327,#7247,#7248);
#6944=AXIS2_PLACEMENT_3D('',#8333,#7252,#7253);
#6945=AXIS2_PLACEMENT_3D('',#8336,#7256,#7257);
#6946=AXIS2_PLACEMENT_3D('',#8346,#7263,#7264);
#6947=AXIS2_PLACEMENT_3D('',#8348,#7265,#7266);
#6948=AXIS2_PLACEMENT_3D('',#8352,#7268,#7269);
#6949=AXIS2_PLACEMENT_3D('',#8381,#7272,#7273);
#6950=AXIS2_PLACEMENT_3D('',#8385,#7275,#7276);
#6951=AXIS2_PLACEMENT_3D('',#8391,#7279,#7280);
#6952=AXIS2_PLACEMENT_3D('',#8395,#7282,#7283);
#6953=AXIS2_PLACEMENT_3D('',#8401,#7286,#7287);
#6954=AXIS2_PLACEMENT_3D('',#8405,#7289,#7290);
#6955=AXIS2_PLACEMENT_3D('',#8411,#7293,#7294);
#6956=AXIS2_PLACEMENT_3D('',#8415,#7296,#7297);
#6957=AXIS2_PLACEMENT_3D('',#8421,#7300,#7301);
#6958=AXIS2_PLACEMENT_3D('',#8424,#7303,#7304);
#6959=AXIS2_PLACEMENT_3D('',#8426,#7305,#7306);
#6960=AXIS2_PLACEMENT_3D('',#8428,#7307,#7308);
#6961=AXIS2_PLACEMENT_3D('',#8430,#7309,#7310);
#6962=AXIS2_PLACEMENT_3D('',#8435,#7312,#7313);
#6963=AXIS2_PLACEMENT_3D('',#8439,#7315,#7316);
#6964=AXIS2_PLACEMENT_3D('',#8443,#7318,#7319);
#6965=AXIS2_PLACEMENT_3D('',#8446,#7321,#7322);
#6966=AXIS2_PLACEMENT_3D('',#8448,#7323,#7324);
#6967=AXIS2_PLACEMENT_3D('',#8450,#7325,#7326);
#6968=AXIS2_PLACEMENT_3D('',#8452,#7327,#7328);
#6969=AXIS2_PLACEMENT_3D('',#8454,#7329,#7330);
#6970=AXIS2_PLACEMENT_3D('',#8455,#7331,#7332);
#6971=AXIS2_PLACEMENT_3D('',#8460,#7334,#7335);
#6972=AXIS2_PLACEMENT_3D('',#8463,#7337,#7338);
#6973=AXIS2_PLACEMENT_3D('',#8464,#7339,#7340);
#6974=AXIS2_PLACEMENT_3D('',#8469,#7343,#7344);
#6975=AXIS2_PLACEMENT_3D('',#8470,#7345,#7346);
#6976=AXIS2_PLACEMENT_3D('',#8474,#7348,#7349);
#6977=AXIS2_PLACEMENT_3D('',#8476,#7351,#7352);
#6978=AXIS2_PLACEMENT_3D('',#8482,#7356,#7357);
#6979=AXIS2_PLACEMENT_3D('',#8486,#7360,#7361);
#6980=AXIS2_PLACEMENT_3D('',#8490,#7364,#7365);
#6981=AXIS2_PLACEMENT_3D('',#8495,#7367,#7368);
#6982=AXIS2_PLACEMENT_3D('',#8498,#7370,#7371);
#6983=AXIS2_PLACEMENT_3D('',#8499,#7372,#7373);
#6984=AXIS2_PLACEMENT_3D('',#8504,#7375,#7376);
#6985=AXIS2_PLACEMENT_3D('',#8507,#7378,#7379);
#6986=AXIS2_PLACEMENT_3D('',#8508,#7380,#7381);
#6987=AXIS2_PLACEMENT_3D('',#8511,#7384,#7385);
#6988=AXIS2_PLACEMENT_3D('',#8516,#7388,#7389);
#6989=AXIS2_PLACEMENT_3D('',#8520,#7391,#7392);
#6990=AXIS2_PLACEMENT_3D('',#8524,#7394,#7395);
#6991=AXIS2_PLACEMENT_3D('',#8528,#7397,#7398);
#6992=AXIS2_PLACEMENT_3D('',#8530,#7400,#7401);
#6993=AXIS2_PLACEMENT_3D('',#8536,#7405,#7406);
#6994=AXIS2_PLACEMENT_3D('',#8542,#7410,#7411);
#6995=AXIS2_PLACEMENT_3D('',#8544,#7413,#7414);
#6996=AXIS2_PLACEMENT_3D('',#8546,#7416,#7417);
#6997=AXIS2_PLACEMENT_3D('',#8548,#7419,#7420);
#6998=AXIS2_PLACEMENT_3D('',#8550,#7421,#7422);
#6999=AXIS2_PLACEMENT_3D('',#8552,#7423,#7424);
#7000=AXIS2_PLACEMENT_3D('',#8553,#7425,#7426);
#7001=AXIS2_PLACEMENT_3D('',#8554,#7427,#7428);
#7002=AXIS2_PLACEMENT_3D('',#8557,#7430,#7431);
#7003=AXIS2_PLACEMENT_3D('',#8558,#7432,#7433);
#7004=AXIS2_PLACEMENT_3D('',#8560,#7434,#7435);
#7005=AXIS2_PLACEMENT_3D('',#8561,#7436,#7437);
#7006=AXIS2_PLACEMENT_3D('',#8562,#7438,#7439);
#7007=AXIS2_PLACEMENT_3D('',#8564,#7440,#7441);
#7008=AXIS2_PLACEMENT_3D('',#8566,#7443,#7444);
#7009=AXIS2_PLACEMENT_3D('',#8568,#7445,#7446);
#7010=AXIS2_PLACEMENT_3D('',#8569,#7447,#7448);
#7011=AXIS2_PLACEMENT_3D('',#8570,#7449,#7450);
#7012=AXIS2_PLACEMENT_3D('',#8572,#7451,#7452);
#7013=AXIS2_PLACEMENT_3D('',#8574,#7454,#7455);
#7014=AXIS2_PLACEMENT_3D('',#8576,#7456,#7457);
#7015=AXIS2_PLACEMENT_3D('',#8577,#7458,#7459);
#7016=AXIS2_PLACEMENT_3D('',#8578,#7460,#7461);
#7017=AXIS2_PLACEMENT_3D('',#8580,#7462,#7463);
#7018=AXIS2_PLACEMENT_3D('',#8582,#7465,#7466);
#7019=AXIS2_PLACEMENT_3D('',#8584,#7467,#7468);
#7020=AXIS2_PLACEMENT_3D('',#8585,#7469,#7470);
#7021=AXIS2_PLACEMENT_3D('',#8586,#7471,#7472);
#7022=AXIS2_PLACEMENT_3D('',#8588,#7473,#7474);
#7023=AXIS2_PLACEMENT_3D('',#8590,#7476,#7477);
#7024=AXIS2_PLACEMENT_3D('',#8592,#7478,#7479);
#7025=AXIS2_PLACEMENT_3D('',#8593,#7480,#7481);
#7026=AXIS2_PLACEMENT_3D('',#8594,#7482,#7483);
#7027=AXIS2_PLACEMENT_3D('',#8596,#7484,#7485);
#7028=AXIS2_PLACEMENT_3D('',#8598,#7487,#7488);
#7029=AXIS2_PLACEMENT_3D('',#8600,#7489,#7490);
#7030=AXIS2_PLACEMENT_3D('',#8601,#7491,#7492);
#7031=AXIS2_PLACEMENT_3D('',#8602,#7493,#7494);
#7032=AXIS2_PLACEMENT_3D('',#8604,#7495,#7496);
#7033=AXIS2_PLACEMENT_3D('',#8606,#7498,#7499);
#7034=AXIS2_PLACEMENT_3D('',#8608,#7500,#7501);
#7035=AXIS2_PLACEMENT_3D('',#8609,#7502,#7503);
#7036=AXIS2_PLACEMENT_3D('',#8610,#7504,#7505);
#7037=AXIS2_PLACEMENT_3D('',#8612,#7506,#7507);
#7038=AXIS2_PLACEMENT_3D('',#8614,#7509,#7510);
#7039=AXIS2_PLACEMENT_3D('',#8615,#7511,#7512);
#7040=AXIS2_PLACEMENT_3D('',#8616,#7513,#7514);
#7041=AXIS2_PLACEMENT_3D('',#8617,#7515,#7516);
#7042=AXIS2_PLACEMENT_3D('',#8618,#7517,#7518);
#7043=AXIS2_PLACEMENT_3D('',#8619,#7519,#7520);
#7044=AXIS2_PLACEMENT_3D('',#8620,#7521,#7522);
#7045=AXIS2_PLACEMENT_3D('',#8621,#7523,#7524);
#7046=AXIS2_PLACEMENT_3D('',#8622,#7525,#7526);
#7047=AXIS2_PLACEMENT_3D('',#9755,#7576,#7577);
#7048=AXIS2_PLACEMENT_3D('',#9760,#7579,#7580);
#7049=AXIS2_PLACEMENT_3D('',#9764,#7582,#7583);
#7050=AXIS2_PLACEMENT_3D('',#9768,#7585,#7586);
#7051=AXIS2_PLACEMENT_3D('',#9771,#7588,#7589);
#7052=AXIS2_PLACEMENT_3D('',#9772,#7590,#7591);
#7053=AXIS2_PLACEMENT_3D('',#9774,#7592,#7593);
#7054=AXIS2_PLACEMENT_3D('',#9776,#7594,#7595);
#7055=AXIS2_PLACEMENT_3D('',#9777,#7596,#7597);
#7056=AXIS2_PLACEMENT_3D('',#9778,#7598,#7599);
#7057=AXIS2_PLACEMENT_3D('',#9780,#7600,#7601);
#7058=AXIS2_PLACEMENT_3D('',#9782,#7603,#7604);
#7059=AXIS2_PLACEMENT_3D('',#9784,#7605,#7606);
#7060=AXIS2_PLACEMENT_3D('',#9785,#7607,#7608);
#7061=AXIS2_PLACEMENT_3D('',#9786,#7609,#7610);
#7062=AXIS2_PLACEMENT_3D('',#9788,#7611,#7612);
#7063=AXIS2_PLACEMENT_3D('',#9790,#7614,#7615);
#7064=AXIS2_PLACEMENT_3D('',#9792,#7616,#7617);
#7065=AXIS2_PLACEMENT_3D('',#9793,#7618,#7619);
#7066=AXIS2_PLACEMENT_3D('',#9794,#7620,#7621);
#7067=AXIS2_PLACEMENT_3D('',#9797,#7623,#7624);
#7068=AXIS2_PLACEMENT_3D('',#9798,#7625,#7626);
#7069=AXIS2_PLACEMENT_3D('',#9800,#7627,#7628);
#7070=AXIS2_PLACEMENT_3D('',#9801,#7629,#7630);
#7071=AXIS2_PLACEMENT_3D('',#9802,#7631,#7632);
#7072=AXIS2_PLACEMENT_3D('',#9804,#7634,#7635);
#7073=AXIS2_PLACEMENT_3D('',#9807,#7636,#7637);
#7074=AXIS2_PLACEMENT_3D('',#9809,#7638,#7639);
#7075=AXIS2_PLACEMENT_3D('',#9811,#7640,#7641);
#7076=AXIS2_PLACEMENT_3D('',#9812,#7642,#7643);
#7077=AXIS2_PLACEMENT_3D('',#9813,#7644,#7645);
#7078=AXIS2_PLACEMENT_3D('',#9816,#7646,#7647);
#7079=AXIS2_PLACEMENT_3D('',#9819,#7650,#7651);
#7080=AXIS2_PLACEMENT_3D('',#9822,#7652,#7653);
#7081=AXIS2_PLACEMENT_3D('',#9823,#7654,#7655);
#7082=AXIS2_PLACEMENT_3D('',#9824,#7656,#7657);
#7083=AXIS2_PLACEMENT_3D('',#9825,#7658,#7659);
#7084=AXIS2_PLACEMENT_3D('',#9831,#7663,#7664);
#7085=AXIS2_PLACEMENT_3D('',#9833,#7665,#7666);
#7086=AXIS2_PLACEMENT_3D('',#9835,#7668,#7669);
#7087=AXIS2_PLACEMENT_3D('',#9837,#7670,#7671);
#7088=AXIS2_PLACEMENT_3D('',#9839,#7673,#7674);
#7089=AXIS2_PLACEMENT_3D('',#9848,#7678,#7679);
#7090=AXIS2_PLACEMENT_3D('',#9851,#7681,#7682);
#7091=AXIS2_PLACEMENT_3D('',#9852,#7683,#7684);
#7092=AXIS2_PLACEMENT_3D('',#9854,#7685,#7686);
#7093=AXIS2_PLACEMENT_3D('',#9857,#7688,#7689);
#7094=AXIS2_PLACEMENT_3D('',#9858,#7690,#7691);
#7095=AXIS2_PLACEMENT_3D('',#9860,#7692,#7693);
#7096=AXIS2_PLACEMENT_3D('',#9861,#7694,#7695);
#7097=AXIS2_PLACEMENT_3D('',#9862,#7696,#7697);
#7098=AXIS2_PLACEMENT_3D('',#9864,#7698,#7699);
#7099=AXIS2_PLACEMENT_3D('',#9866,#7701,#7702);
#7100=AXIS2_PLACEMENT_3D('',#9868,#7703,#7704);
#7101=AXIS2_PLACEMENT_3D('',#9869,#7705,#7706);
#7102=AXIS2_PLACEMENT_3D('',#9870,#7707,#7708);
#7103=AXIS2_PLACEMENT_3D('',#9872,#7709,#7710);
#7104=AXIS2_PLACEMENT_3D('',#9874,#7712,#7713);
#7105=AXIS2_PLACEMENT_3D('',#9876,#7714,#7715);
#7106=AXIS2_PLACEMENT_3D('',#9877,#7716,#7717);
#7107=AXIS2_PLACEMENT_3D('',#9879,#7718,#7719);
#7108=AXIS2_PLACEMENT_3D('',#9880,#7720,#7721);
#7109=AXIS2_PLACEMENT_3D('',#9883,#7724,#7725);
#7110=AXIS2_PLACEMENT_3D('',#9885,#7727,#7728);
#7111=AXIS2_PLACEMENT_3D('',#9887,#7730,#7731);
#7112=AXIS2_PLACEMENT_3D('',#9889,#7733,#7734);
#7113=AXIS2_PLACEMENT_3D('',#9891,#7736,#7737);
#7114=AXIS2_PLACEMENT_3D('',#9893,#7739,#7740);
#7115=AXIS2_PLACEMENT_3D('',#9895,#7742,#7743);
#7116=AXIS2_PLACEMENT_3D('',#9896,#7744,#7745);
#7117=AXIS2_PLACEMENT_3D('',#9899,#7748,#7749);
#7118=AXIS2_PLACEMENT_3D('',#9901,#7751,#7752);
#7119=AXIS2_PLACEMENT_3D('',#9903,#7754,#7755);
#7120=AXIS2_PLACEMENT_3D('',#9906,#7758,#7759);
#7121=AXIS2_PLACEMENT_3D('',#9908,#7761,#7762);
#7122=AXIS2_PLACEMENT_3D('',#9910,#7764,#7765);
#7123=AXIS2_PLACEMENT_3D('',#9912,#7767,#7768);
#7124=AXIS2_PLACEMENT_3D('',#9914,#7770,#7771);
#7125=AXIS2_PLACEMENT_3D('',#9916,#7773,#7774);
#7126=AXIS2_PLACEMENT_3D('',#9918,#7776,#7777);
#7127=AXIS2_PLACEMENT_3D('',#9920,#7779,#7780);
#7128=AXIS2_PLACEMENT_3D('',#9922,#7782,#7783);
#7129=AXIS2_PLACEMENT_3D('',#9925,#7786,#7787);
#7130=AXIS2_PLACEMENT_3D('',#9927,#7789,#7790);
#7131=AXIS2_PLACEMENT_3D('',#9929,#7792,#7793);
#7132=AXIS2_PLACEMENT_3D('',#9931,#7795,#7796);
#7133=AXIS2_PLACEMENT_3D('',#9933,#7798,#7799);
#7134=AXIS2_PLACEMENT_3D('',#9934,#7800,#7801);
#7135=AXIS2_PLACEMENT_3D('',#9936,#7802,#7803);
#7136=AXIS2_PLACEMENT_3D('',#9937,#7804,#7805);
#7137=AXIS2_PLACEMENT_3D('',#9939,#7806,#7807);
#7138=AXIS2_PLACEMENT_3D('',#9940,#7808,#7809);
#7139=AXIS2_PLACEMENT_3D('',#9942,#7810,#7811);
#7140=AXIS2_PLACEMENT_3D('',#9944,#7813,#7814);
#7141=AXIS2_PLACEMENT_3D('',#9946,#7815,#7816);
#7142=AXIS2_PLACEMENT_3D('',#9948,#7818,#7819);
#7143=AXIS2_PLACEMENT_3D('',#9967,#7823,#7824);
#7144=AXIS2_PLACEMENT_3D('',#10057,#7829,#7830);
#7145=AXIS2_PLACEMENT_3D('',#10061,#7833,#7834);
#7146=AXIS2_PLACEMENT_3D('',#10091,#7835,#7836);
#7147=AXIS2_PLACEMENT_3D('',#10115,#7837,#7838);
#7148=AXIS2_PLACEMENT_3D('',#10117,#7839,#7840);
#7149=AXIS2_PLACEMENT_3D('',#10119,#7842,#7843);
#7150=AXIS2_PLACEMENT_3D('',#10121,#7844,#7845);
#7151=AXIS2_PLACEMENT_3D('',#10123,#7847,#7848);
#7152=AXIS2_PLACEMENT_3D('',#10125,#7849,#7850);
#7153=AXIS2_PLACEMENT_3D('',#10127,#7852,#7853);
#7154=AXIS2_PLACEMENT_3D('',#10129,#7854,#7855);
#7155=AXIS2_PLACEMENT_3D('',#10283,#7857,#7858);
#7156=AXIS2_PLACEMENT_3D('',#10286,#7860,#7861);
#7157=AXIS2_PLACEMENT_3D('',#10369,#7863,#7864);
#7158=AXIS2_PLACEMENT_3D('',#10371,#7866,#7867);
#7159=AXIS2_PLACEMENT_3D('',#10373,#7868,#7869);
#7160=AXIS2_PLACEMENT_3D('',#10375,#7871,#7872);
#7161=AXIS2_PLACEMENT_3D('',#10377,#7873,#7874);
#7162=AXIS2_PLACEMENT_3D('',#10379,#7876,#7877);
#7163=AXIS2_PLACEMENT_3D('',#10594,#7885,#7886);
#7164=AXIS2_PLACEMENT_3D('',#10598,#7888,#7889);
#7165=AXIS2_PLACEMENT_3D('',#10652,#7891,#7892);
#7166=AXIS2_PLACEMENT_3D('',#10712,#7902,#7903);
#7167=AXIS2_PLACEMENT_3D('',#10716,#7905,#7906);
#7168=AXIS2_PLACEMENT_3D('',#11129,#7922,#7923);
#7169=AXIS2_PLACEMENT_3D('',#11185,#7924,#7925);
#7170=AXIS2_PLACEMENT_3D('',#11265,#7933,#7934);
#7171=AXIS2_PLACEMENT_3D('',#11317,#7935,#7936);
#7172=AXIS2_PLACEMENT_3D('',#11318,#7937,#7938);
#7173=AXIS2_PLACEMENT_3D('',#11396,#7945,#7946);
#7174=AXIS2_PLACEMENT_3D('',#11441,#7949,#7950);
#7175=AXIS2_PLACEMENT_3D('',#11516,#7954,#7955);
#7176=AXIS2_PLACEMENT_3D('',#11536,#7959,#7960);
#7177=AXIS2_PLACEMENT_3D('',#11538,#7962,#7963);
#7178=AXIS2_PLACEMENT_3D('',#11576,#7969,#7970);
#7179=AXIS2_PLACEMENT_3D('',#11578,#7972,#7973);
#7180=AXIS2_PLACEMENT_3D('',#11670,#7985,#7986);
#7181=AXIS2_PLACEMENT_3D('',#11699,#7991,#7992);
#7182=AXIS2_PLACEMENT_3D('',#11863,#8012,#8013);
#7183=AXIS2_PLACEMENT_3D('',#11892,#8018,#8019);
#7184=AXIS2_PLACEMENT_3D('',#11975,#8030,#8031);
#7185=AXIS2_PLACEMENT_3D('',#11977,#8033,#8034);
#7186=AXIS2_PLACEMENT_3D('',#11997,#8038,#8039);
#7187=AXIS2_PLACEMENT_3D('',#11999,#8041,#8042);
#7188=AXIS2_PLACEMENT_3D('',#12019,#8046,#8047);
#7189=AXIS2_PLACEMENT_3D('',#12021,#8049,#8050);
#7190=AXIS2_PLACEMENT_3D('',#12032,#8053,#8054);
#7191=AXIS2_PLACEMENT_3D('',#12043,#8057,#8058);
#7192=AXIS2_PLACEMENT_3D('',#12045,#8060,#8061);
#7193=AXIS2_PLACEMENT_3D('',#12074,#8066,#8067);
#7194=AXIS2_PLACEMENT_3D('',#12157,#8078,#8079);
#7195=AXIS2_PLACEMENT_3D('',#12231,#8089,#8090);
#7196=AXIS2_PLACEMENT_3D('',#12233,#8092,#8093);
#7197=AXIS2_PLACEMENT_3D('',#12343,#8107,#8108);
#7198=AXIS2_PLACEMENT_3D('',#12345,#8110,#8111);
#7199=AXIS2_PLACEMENT_3D('',#12365,#8115,#8116);
#7200=AXIS2_PLACEMENT_3D('',#12448,#8127,#8128);
#7201=AXIS2_PLACEMENT_3D('',#12720,#8160,#8161);
#7202=AXIS2_PLACEMENT_3D('',#12722,#8163,#8164);
#7203=AXIS2_PLACEMENT_3D('',#12724,#8166,#8167);
#7204=AXIS2_PLACEMENT_3D('',#12744,#8171,#8172);
#7205=AXIS2_PLACEMENT_3D('',#12746,#8174,#8175);
#7206=AXIS2_PLACEMENT_3D('',#12766,#8179,#8180);
#7207=AXIS2_PLACEMENT_3D('',#12786,#8184,#8185);
#7208=AXIS2_PLACEMENT_3D('',#12788,#8187,#8188);
#7209=AXIS2_PLACEMENT_3D('',#12976,#8208,#8209);
#7210=AXIS2_PLACEMENT_3D('',#12978,#8211,#8212);
#7211=AXIS2_PLACEMENT_3D('',#12980,#8214,#8215);
#7212=AXIS2_PLACEMENT_3D('',#13036,#8223,#8224);
#7213=AXIS2_PLACEMENT_3D('',#13038,#8226,#8227);
#7214=AXIS2_PLACEMENT_3D('',#13040,#8229,#8230);
#7215=AXIS2_PLACEMENT_3D('',#13042,#8232,#8233);
#7216=AXIS2_PLACEMENT_3D('',#13161,#8248,#8249);
#7217=AXIS2_PLACEMENT_3D('',#13163,#8251,#8252);
#7218=AXIS2_PLACEMENT_3D('',#13201,#8258,#8259);
#7219=AXIS2_PLACEMENT_3D('',#13203,#8261,#8262);
#7220=AXIS2_PLACEMENT_3D('',#13214,#8265,#8266);
#7221=AXIS2_PLACEMENT_3D('',#13216,#8268,#8269);
#7222=AXIS2_PLACEMENT_3D('',#13344,#8285,#8286);
#7223=AXIS2_PLACEMENT_3D('',#13346,#8288,#8289);
#7224=DIRECTION('axis',(0.,0.,1.));
#7225=DIRECTION('refdir',(1.,0.,0.));
#7226=DIRECTION('center_axis',(-1.,-2.24855296126614E-15,0.));
#7227=DIRECTION('ref_axis',(-2.24855296126614E-15,1.,-3.84630592233308E-64));
#7228=DIRECTION('',(0.,0.,1.));
#7229=DIRECTION('',(-2.24855296126614E-15,1.,-3.84630592233308E-64));
#7230=DIRECTION('',(0.,0.,-1.));
#7231=DIRECTION('',(-2.24855296126614E-15,1.,0.));
#7232=DIRECTION('center_axis',(0.,0.,-1.));
#7233=DIRECTION('ref_axis',(1.,-4.44089209850098E-14,0.));
#7234=DIRECTION('center_axis',(0.,0.,1.));
#7235=DIRECTION('ref_axis',(1.,-4.44089209850098E-14,0.));
#7236=DIRECTION('center_axis',(-1.6752418779523E-47,1.14345125039071E-33,
1.));
#7237=DIRECTION('ref_axis',(1.,-4.44089209850098E-14,6.75318550083349E-47));
#7238=DIRECTION('',(0.,0.,1.));
#7239=DIRECTION('center_axis',(0.,0.,-1.));
#7240=DIRECTION('ref_axis',(5.92118946466798E-14,1.,0.));
#7241=DIRECTION('center_axis',(0.,0.,1.));
#7242=DIRECTION('ref_axis',(5.92118946466798E-14,1.,0.));
#7243=DIRECTION('',(0.,0.,1.));
#7244=DIRECTION('center_axis',(0.,0.,1.));
#7245=DIRECTION('ref_axis',(5.92118946466798E-14,1.,0.));
#7246=DIRECTION('',(0.,0.,-1.));
#7247=DIRECTION('center_axis',(1.,-2.24855296126614E-15,0.));
#7248=DIRECTION('ref_axis',(-2.24855296126614E-15,-1.,2.34037056533133E-34));
#7249=DIRECTION('',(0.,0.,-1.));
#7250=DIRECTION('',(-2.24855296126614E-15,-1.,0.));
#7251=DIRECTION('',(-2.24855296126614E-15,-1.,2.34037056533133E-34));
#7252=DIRECTION('center_axis',(6.16297582203916E-33,-2.24049472643641E-46,
1.));
#7253=DIRECTION('ref_axis',(-1.,0.,6.16297582203916E-33));
#7254=DIRECTION('',(-1.,6.98871580367955E-17,6.16297582203916E-33));
#7255=DIRECTION('',(1.,0.,-6.16297582203916E-33));
#7256=DIRECTION('center_axis',(0.,1.,0.));
#7257=DIRECTION('ref_axis',(1.,0.,0.));
#7258=DIRECTION('',(-1.,0.,0.));
#7259=DIRECTION('',(0.,0.,1.));
#7260=DIRECTION('',(1.,0.,0.));
#7261=DIRECTION('',(0.,0.,-1.));
#7262=DIRECTION('',(-1.,0.,0.));
#7263=DIRECTION('center_axis',(0.,0.,-1.));
#7264=DIRECTION('ref_axis',(1.,0.,0.));
#7265=DIRECTION('center_axis',(0.,0.,1.));
#7266=DIRECTION('ref_axis',(-1.,0.,0.));
#7267=DIRECTION('',(0.,-1.,0.));
#7268=DIRECTION('center_axis',(-1.53601727696769E-12,-2.13099682584782E-14,
1.));
#7269=DIRECTION('ref_axis',(-0.999615131226974,-0.0277414747639578,-1.53601737190346E-12));
#7270=DIRECTION('',(1.,-1.35820077560948E-16,0.));
#7271=DIRECTION('',(0.,1.,0.));
#7272=DIRECTION('center_axis',(0.,0.,1.));
#7273=DIRECTION('ref_axis',(1.18423789293348E-14,1.,0.));
#7274=DIRECTION('',(1.,-6.98871580367955E-17,0.));
#7275=DIRECTION('center_axis',(0.,0.,-1.));
#7276=DIRECTION('ref_axis',(1.1842378929335E-14,1.,0.));
#7277=DIRECTION('',(4.85343398743238E-16,-1.,0.));
#7278=DIRECTION('',(1.,0.,0.));
#7279=DIRECTION('center_axis',(0.,0.,-1.));
#7280=DIRECTION('ref_axis',(1.,-5.32907051820105E-14,0.));
#7281=DIRECTION('',(-1.86984930463184E-15,-1.,0.));
#7282=DIRECTION('center_axis',(0.,0.,-1.));
#7283=DIRECTION('ref_axis',(0.,-1.,0.));
#7284=DIRECTION('',(-1.,8.88178419700128E-15,0.));
#7285=DIRECTION('',(4.85343398743238E-16,-1.,0.));
#7286=DIRECTION('center_axis',(0.,0.,-1.));
#7287=DIRECTION('ref_axis',(1.,-5.92118946466742E-15,0.));
#7288=DIRECTION('',(-1.,-2.09661474110387E-16,0.));
#7289=DIRECTION('center_axis',(0.,0.,-1.));
#7290=DIRECTION('ref_axis',(-8.88178419700123E-15,-1.,0.));
#7291=DIRECTION('',(-3.03339624214523E-16,1.,0.));
#7292=DIRECTION('',(-1.,0.,0.));
#7293=DIRECTION('center_axis',(0.,0.,-1.));
#7294=DIRECTION('ref_axis',(-1.,0.,0.));
#7295=DIRECTION('',(1.86984930463184E-15,1.,0.));
#7296=DIRECTION('center_axis',(0.,0.,-1.));
#7297=DIRECTION('ref_axis',(0.,1.,0.));
#7298=DIRECTION('',(1.,0.,0.));
#7299=DIRECTION('',(-3.03339624214523E-16,1.,0.));
#7300=DIRECTION('center_axis',(0.,0.,-1.));
#7301=DIRECTION('ref_axis',(-1.,0.,0.));
#7302=DIRECTION('',(1.,-6.98871580367955E-17,0.));
#7303=DIRECTION('center_axis',(0.,0.,1.));
#7304=DIRECTION('ref_axis',(-1.,0.,0.));
#7305=DIRECTION('center_axis',(0.,0.,1.));
#7306=DIRECTION('ref_axis',(-1.,0.,0.));
#7307=DIRECTION('center_axis',(0.,0.,1.));
#7308=DIRECTION('ref_axis',(-1.,0.,0.));
#7309=DIRECTION('center_axis',(0.,0.,1.));
#7310=DIRECTION('ref_axis',(-1.,0.,0.));
#7311=DIRECTION('',(-1.,0.,0.));
#7312=DIRECTION('center_axis',(0.,0.,-1.));
#7313=DIRECTION('ref_axis',(-1.,-3.55271367880032E-14,0.));
#7314=DIRECTION('',(0.,1.,0.));
#7315=DIRECTION('center_axis',(0.,0.,-1.));
#7316=DIRECTION('ref_axis',(-3.55271367880032E-14,1.,0.));
#7317=DIRECTION('',(1.,0.,0.));
#7318=DIRECTION('center_axis',(0.,0.,-1.));
#7319=DIRECTION('ref_axis',(1.,3.55271367880032E-14,0.));
#7320=DIRECTION('',(0.,-1.,0.));
#7321=DIRECTION('center_axis',(0.,0.,-1.));
#7322=DIRECTION('ref_axis',(3.55271367880032E-14,-1.,0.));
#7323=DIRECTION('center_axis',(0.,0.,1.));
#7324=DIRECTION('ref_axis',(-1.,0.,0.));
#7325=DIRECTION('center_axis',(0.,0.,1.));
#7326=DIRECTION('ref_axis',(-1.,0.,0.));
#7327=DIRECTION('center_axis',(0.,0.,1.));
#7328=DIRECTION('ref_axis',(-1.,0.,0.));
#7329=DIRECTION('center_axis',(0.,0.,1.));
#7330=DIRECTION('ref_axis',(-1.,0.,0.));
#7331=DIRECTION('center_axis',(0.,1.,0.));
#7332=DIRECTION('ref_axis',(0.707106781186553,0.,0.707106781186542));
#7333=DIRECTION('',(0.,1.,0.));
#7334=DIRECTION('center_axis',(6.98871580367955E-17,1.,0.));
#7335=DIRECTION('ref_axis',(0.707106781186553,0.,0.707106781186542));
#7336=DIRECTION('',(0.,-1.,0.));
#7337=DIRECTION('center_axis',(-0.707106781186548,0.707106781186548,0.));
#7338=DIRECTION('ref_axis',(-0.707106781186547,-0.707106781186547,0.));
#7339=DIRECTION('center_axis',(-1.,0.,0.));
#7340=DIRECTION('ref_axis',(0.,0.707106781186553,0.707106781186542));
#7341=DIRECTION('',(-1.,0.,0.));
#7342=DIRECTION('',(1.,0.,0.));
#7343=DIRECTION('center_axis',(-0.707106781186548,-0.707106781186548,0.));
#7344=DIRECTION('ref_axis',(0.707106781186547,-0.707106781186547,0.));
#7345=DIRECTION('center_axis',(0.,-1.,0.));
#7346=DIRECTION('ref_axis',(-0.707106781186553,0.,0.707106781186542));
#7347=DIRECTION('',(0.,1.,0.));
#7348=DIRECTION('center_axis',(6.98871580367955E-17,1.,0.));
#7349=DIRECTION('ref_axis',(-0.707106781186553,0.,0.707106781186542));
#7350=DIRECTION('',(0.,-1.,0.));
#7351=DIRECTION('center_axis',(-1.,0.,0.));
#7352=DIRECTION('ref_axis',(0.,1.,0.));
#7353=DIRECTION('',(0.,0.,-1.));
#7354=DIRECTION('',(0.,1.,0.));
#7355=DIRECTION('',(0.,0.,-1.));
#7356=DIRECTION('center_axis',(0.,-1.,0.));
#7357=DIRECTION('ref_axis',(-1.,0.,0.));
#7358=DIRECTION('',(0.,0.,-1.));
#7359=DIRECTION('',(-1.,0.,0.));
#7360=DIRECTION('center_axis',(1.,0.,0.));
#7361=DIRECTION('ref_axis',(0.,-1.,0.));
#7362=DIRECTION('',(0.,0.,-1.));
#7363=DIRECTION('',(0.,-1.,0.));
#7364=DIRECTION('center_axis',(0.,-1.,0.));
#7365=DIRECTION('ref_axis',(-0.707106781186553,0.,0.707106781186542));
#7366=DIRECTION('',(0.,1.,0.));
#7367=DIRECTION('center_axis',(6.98871580367955E-17,1.,0.));
#7368=DIRECTION('ref_axis',(-0.707106781186553,0.,0.707106781186542));
#7369=DIRECTION('',(0.,-1.,0.));
#7370=DIRECTION('center_axis',(0.707106781186548,0.707106781186548,0.));
#7371=DIRECTION('ref_axis',(-0.707106781186547,0.707106781186547,0.));
#7372=DIRECTION('center_axis',(0.,1.,0.));
#7373=DIRECTION('ref_axis',(0.707106781186553,0.,0.707106781186542));
#7374=DIRECTION('',(0.,1.,0.));
#7375=DIRECTION('center_axis',(6.98871580367955E-17,1.,0.));
#7376=DIRECTION('ref_axis',(0.707106781186553,0.,0.707106781186542));
#7377=DIRECTION('',(0.,-1.,0.));
#7378=DIRECTION('center_axis',(-0.707106781186548,0.707106781186548,0.));
#7379=DIRECTION('ref_axis',(-0.707106781186547,-0.707106781186547,0.));
#7380=DIRECTION('center_axis',(-1.,0.,0.));
#7381=DIRECTION('ref_axis',(0.,0.707106781186553,0.707106781186542));
#7382=DIRECTION('',(-1.,0.,0.));
#7383=DIRECTION('',(1.,0.,0.));
#7384=DIRECTION('center_axis',(0.,0.,-1.));
#7385=DIRECTION('ref_axis',(1.,0.,0.));
#7386=DIRECTION('',(1.,-6.98871580367955E-17,0.));
#7387=DIRECTION('',(1.,-6.98871580367955E-17,0.));
#7388=DIRECTION('center_axis',(0.,0.,-1.));
#7389=DIRECTION('ref_axis',(-1.,0.,0.));
#7390=DIRECTION('',(-3.03339624214523E-16,1.,0.));
#7391=DIRECTION('center_axis',(0.,0.,-1.));
#7392=DIRECTION('ref_axis',(-8.88178419700123E-15,-1.,0.));
#7393=DIRECTION('',(-1.,-2.09661474110387E-16,0.));
#7394=DIRECTION('center_axis',(0.,0.,1.));
#7395=DIRECTION('ref_axis',(1.,-5.92118946466742E-15,0.));
#7396=DIRECTION('',(4.85343398743238E-16,-1.,0.));
#7397=DIRECTION('center_axis',(0.,0.,-1.));
#7398=DIRECTION('ref_axis',(1.1842378929335E-14,1.,0.));
#7399=DIRECTION('',(1.,-6.98871580367955E-17,0.));
#7400=DIRECTION('center_axis',(1.,0.,0.));
#7401=DIRECTION('ref_axis',(0.,-1.,0.));
#7402=DIRECTION('',(0.,0.,-1.));
#7403=DIRECTION('',(0.,-1.,0.));
#7404=DIRECTION('',(0.,0.,-1.));
#7405=DIRECTION('center_axis',(-1.,0.,0.));
#7406=DIRECTION('ref_axis',(0.,1.,0.));
#7407=DIRECTION('',(0.,0.,-1.));
#7408=DIRECTION('',(0.,1.,0.));
#7409=DIRECTION('',(0.,0.,-1.));
#7410=DIRECTION('center_axis',(0.,-1.,0.));
#7411=DIRECTION('ref_axis',(-1.,0.,0.));
#7412=DIRECTION('',(-1.,0.,0.));
#7413=DIRECTION('center_axis',(0.,0.,-1.));
#7414=DIRECTION('ref_axis',(-1.,0.,0.));
#7415=DIRECTION('',(1.,0.,0.));
#7416=DIRECTION('center_axis',(0.,0.,-1.));
#7417=DIRECTION('ref_axis',(-1.,0.,0.));
#7418=DIRECTION('',(1.,0.,0.));
#7419=DIRECTION('center_axis',(0.,0.,-1.));
#7420=DIRECTION('ref_axis',(-1.,0.,0.));
#7421=DIRECTION('center_axis',(0.,-1.,0.));
#7422=DIRECTION('ref_axis',(1.,0.,0.));
#7423=DIRECTION('center_axis',(0.,0.,-1.));
#7424=DIRECTION('ref_axis',(-1.,0.,0.));
#7425=DIRECTION('center_axis',(0.,0.,-1.));
#7426=DIRECTION('ref_axis',(-1.,0.,0.));
#7427=DIRECTION('center_axis',(0.,0.,-1.));
#7428=DIRECTION('ref_axis',(1.,0.,0.));
#7429=DIRECTION('',(0.,0.,-1.));
#7430=DIRECTION('center_axis',(0.,0.,-1.));
#7431=DIRECTION('ref_axis',(1.,0.,0.));
#7432=DIRECTION('center_axis',(0.,0.,-1.));
#7433=DIRECTION('ref_axis',(-1.,0.,0.));
#7434=DIRECTION('center_axis',(0.,-1.,0.));
#7435=DIRECTION('ref_axis',(1.,0.,0.));
#7436=DIRECTION('center_axis',(0.,0.,-1.));
#7437=DIRECTION('ref_axis',(-1.,0.,0.));
#7438=DIRECTION('center_axis',(0.,0.,1.));
#7439=DIRECTION('ref_axis',(-1.,0.,0.));
#7440=DIRECTION('center_axis',(0.,0.,-1.));
#7441=DIRECTION('ref_axis',(-1.,0.,0.));
#7442=DIRECTION('',(0.,0.,1.));
#7443=DIRECTION('center_axis',(0.,0.,-1.));
#7444=DIRECTION('ref_axis',(-1.,0.,0.));
#7445=DIRECTION('center_axis',(0.,-1.,0.));
#7446=DIRECTION('ref_axis',(1.,0.,0.));
#7447=DIRECTION('center_axis',(0.,0.,-1.));
#7448=DIRECTION('ref_axis',(-1.,0.,0.));
#7449=DIRECTION('center_axis',(0.,0.,1.));
#7450=DIRECTION('ref_axis',(-1.,0.,0.));
#7451=DIRECTION('center_axis',(0.,0.,-1.));
#7452=DIRECTION('ref_axis',(-1.,0.,0.));
#7453=DIRECTION('',(0.,0.,1.));
#7454=DIRECTION('center_axis',(0.,0.,-1.));
#7455=DIRECTION('ref_axis',(-1.,0.,0.));
#7456=DIRECTION('center_axis',(0.,-1.,0.));
#7457=DIRECTION('ref_axis',(1.,0.,0.));
#7458=DIRECTION('center_axis',(0.,0.,-1.));
#7459=DIRECTION('ref_axis',(-1.,0.,0.));
#7460=DIRECTION('center_axis',(0.,0.,1.));
#7461=DIRECTION('ref_axis',(-1.,0.,0.));
#7462=DIRECTION('center_axis',(0.,0.,-1.));
#7463=DIRECTION('ref_axis',(-1.,0.,0.));
#7464=DIRECTION('',(0.,0.,1.));
#7465=DIRECTION('center_axis',(0.,0.,-1.));
#7466=DIRECTION('ref_axis',(-1.,0.,0.));
#7467=DIRECTION('center_axis',(0.,-1.,0.));
#7468=DIRECTION('ref_axis',(1.,0.,0.));
#7469=DIRECTION('center_axis',(0.,0.,-1.));
#7470=DIRECTION('ref_axis',(-1.,0.,0.));
#7471=DIRECTION('center_axis',(0.,0.,1.));
#7472=DIRECTION('ref_axis',(-1.,0.,0.));
#7473=DIRECTION('center_axis',(0.,0.,-1.));
#7474=DIRECTION('ref_axis',(-1.,0.,0.));
#7475=DIRECTION('',(0.,0.,1.));
#7476=DIRECTION('center_axis',(0.,0.,-1.));
#7477=DIRECTION('ref_axis',(-1.,0.,0.));
#7478=DIRECTION('center_axis',(0.,-1.,0.));
#7479=DIRECTION('ref_axis',(1.,0.,0.));
#7480=DIRECTION('center_axis',(0.,0.,-1.));
#7481=DIRECTION('ref_axis',(-1.,0.,0.));
#7482=DIRECTION('center_axis',(0.,0.,1.));
#7483=DIRECTION('ref_axis',(-1.,0.,0.));
#7484=DIRECTION('center_axis',(0.,0.,-1.));
#7485=DIRECTION('ref_axis',(-1.,0.,0.));
#7486=DIRECTION('',(0.,0.,1.));
#7487=DIRECTION('center_axis',(0.,0.,-1.));
#7488=DIRECTION('ref_axis',(-1.,0.,0.));
#7489=DIRECTION('center_axis',(0.,-1.,0.));
#7490=DIRECTION('ref_axis',(1.,0.,0.));
#7491=DIRECTION('center_axis',(0.,0.,-1.));
#7492=DIRECTION('ref_axis',(-1.,0.,0.));
#7493=DIRECTION('center_axis',(0.,0.,1.));
#7494=DIRECTION('ref_axis',(-1.,0.,0.));
#7495=DIRECTION('center_axis',(0.,0.,-1.));
#7496=DIRECTION('ref_axis',(-1.,0.,0.));
#7497=DIRECTION('',(0.,0.,1.));
#7498=DIRECTION('center_axis',(0.,0.,-1.));
#7499=DIRECTION('ref_axis',(-1.,0.,0.));
#7500=DIRECTION('center_axis',(0.,-1.,0.));
#7501=DIRECTION('ref_axis',(1.,0.,0.));
#7502=DIRECTION('center_axis',(0.,0.,-1.));
#7503=DIRECTION('ref_axis',(-1.,0.,0.));
#7504=DIRECTION('center_axis',(0.,0.,1.));
#7505=DIRECTION('ref_axis',(-1.,0.,0.));
#7506=DIRECTION('center_axis',(0.,0.,-1.));
#7507=DIRECTION('ref_axis',(-1.,0.,0.));
#7508=DIRECTION('',(0.,0.,1.));
#7509=DIRECTION('center_axis',(0.,0.,-1.));
#7510=DIRECTION('ref_axis',(1.,0.,0.));
#7511=DIRECTION('center_axis',(0.,0.,-1.));
#7512=DIRECTION('ref_axis',(1.,0.,0.));
#7513=DIRECTION('center_axis',(0.,0.,-1.));
#7514=DIRECTION('ref_axis',(1.,0.,0.));
#7515=DIRECTION('center_axis',(0.,0.,-1.));
#7516=DIRECTION('ref_axis',(1.,0.,0.));
#7517=DIRECTION('center_axis',(0.,0.,-1.));
#7518=DIRECTION('ref_axis',(1.,0.,0.));
#7519=DIRECTION('center_axis',(0.,0.,-1.));
#7520=DIRECTION('ref_axis',(1.,0.,0.));
#7521=DIRECTION('center_axis',(0.,0.,-1.));
#7522=DIRECTION('ref_axis',(1.,0.,0.));
#7523=DIRECTION('center_axis',(0.,0.,-1.));
#7524=DIRECTION('ref_axis',(1.,0.,0.));
#7525=DIRECTION('center_axis',(-4.62759492804918E-18,-0.0871557427476578,
-0.996194698091746));
#7526=DIRECTION('ref_axis',(1.,-4.03321473089424E-19,-4.60998553223884E-18));
#7527=DIRECTION('',(0.679041981617439,0.73130596958809,-0.0639809819077917));
#7528=DIRECTION('',(-0.172380331752242,0.981282128839349,-0.0858510619940278));
#7529=DIRECTION('',(1.,-4.03321473089436E-19,-4.60998553223884E-18));
#7530=DIRECTION('',(0.087893810296372,-0.992339275206209,0.0868184369520749));
#7531=DIRECTION('',(0.783497679089532,0.619030116522491,-0.0541581175768495));
#7532=DIRECTION('',(0.985030467155705,-0.171724372546882,0.0150239358489545));
#7533=DIRECTION('',(-0.691571499125996,0.719559410148742,-0.0629532911214153));
#7534=DIRECTION('',(1.,-4.03321473089436E-19,-4.60998553223884E-18));
#7535=DIRECTION('',(1.,-4.03321473089436E-19,-4.60998553223884E-18));
#7536=DIRECTION('',(1.,-4.03321473089436E-19,-4.60998553223884E-18));
#7537=DIRECTION('',(0.218029629322928,-0.97222839577573,0.0850589629883713));
#7538=DIRECTION('',(0.695421427516053,0.715867643665253,-0.0626303034057251));
#7539=DIRECTION('',(-0.325512939396517,-0.94193952988625,0.0824090305919847));
#7540=DIRECTION('',(0.474790242570469,-0.876749943876436,0.0767056808361779));
#7541=DIRECTION('',(1.,-4.03321473089436E-19,-4.60998553223884E-18));
#7542=DIRECTION('',(1.,-4.03321473089436E-19,-4.60998553223884E-18));
#7543=DIRECTION('',(0.554700196225236,-0.828884091765031,0.0725179614064216));
#7544=DIRECTION('',(0.272322465799353,0.958544561322056,-0.0838617826001094));
#7545=DIRECTION('',(1.,-4.03321473089436E-19,-4.60998553223884E-18));
#7546=DIRECTION('',(-0.412887794593926,-0.9073160997381,0.07937987296164));
#7547=DIRECTION('',(0.266879082981319,-0.960062738185713,0.0839946058649067));
#7548=DIRECTION('',(-0.568681799759898,-0.819427523206943,0.0716906188617332));
#7549=DIRECTION('',(0.044400613620721,-0.99521225732209,0.0870697903177273));
#7550=DIRECTION('',(-0.692531828189711,-0.718642224481645,0.0628730477731959));
#7551=DIRECTION('',(-1.,4.03321473089435E-19,4.60998553223884E-18));
#7552=DIRECTION('',(-1.,4.03321473089436E-19,4.60998553223884E-18));
#7553=DIRECTION('',(-1.,4.03321473089435E-19,4.60998553223884E-18));
#7554=DIRECTION('',(-1.,4.03321473089435E-19,4.60998553223884E-18));
#7555=DIRECTION('',(-1.,4.03321473089435E-19,4.60998553223884E-18));
#7556=DIRECTION('',(-1.,4.03321473089436E-19,4.60998553223884E-18));
#7557=DIRECTION('',(-0.686012868689002,0.724820708829524,-0.0634135951114076));
#7558=DIRECTION('',(0.193921957083687,0.977283893657032,-0.0855012617414646));
#7559=DIRECTION('',(-0.460317164454982,0.884376357436355,-0.0773729055660312));
#7560=DIRECTION('',(1.,-4.03321473089436E-19,-4.60998553223884E-18));
#7561=DIRECTION('',(0.0428178383922084,-0.995281083767709,0.0870758118514697));
#7562=DIRECTION('',(0.74614130128354,0.663254099772679,-0.0580272147672013));
#7563=DIRECTION('',(-0.76735896359235,-0.638777736916388,0.0558858104929288));
#7564=DIRECTION('',(0.0919169242170403,-0.991977486174128,0.0867867845131798));
#7565=DIRECTION('',(0.129339184067776,-0.987827072249308,0.0864236703458179));
#7566=DIRECTION('',(0.847998304005087,0.527982134025414,-0.0461924512714486));
#7567=DIRECTION('',(-0.542525431475671,-0.836842774321535,0.0732142559067172));
#7568=DIRECTION('',(0.599999999999992,-0.796955758473402,0.0697245941981267));
#7569=DIRECTION('',(0.684435908416328,-0.726298689875,0.063542901697793));
#7570=DIRECTION('',(0.539426990681681,0.838828188292233,-0.0733879571215593));
#7571=DIRECTION('',(0.548656441486831,0.832866496126556,-0.0728663766416312));
#7572=DIRECTION('',(-0.603857687995468,0.794058971881581,-0.0694711582106885));
#7573=DIRECTION('',(0.839570157152149,-0.541184043031844,0.0473474686464119));
#7574=DIRECTION('',(0.071247049987907,0.993663068336864,-0.0869342538438607));
#7575=DIRECTION('',(-0.744242283694668,0.665368143562318,-0.0582121696329921));
#7576=DIRECTION('center_axis',(0.,0.,1.));
#7577=DIRECTION('ref_axis',(-1.,0.,0.));
#7578=DIRECTION('',(0.,1.,0.));
#7579=DIRECTION('center_axis',(0.,0.,-1.));
#7580=DIRECTION('ref_axis',(-0.707106781186548,-0.707106781186548,0.));
#7581=DIRECTION('',(-1.,0.,0.));
#7582=DIRECTION('center_axis',(0.,0.,-1.));
#7583=DIRECTION('ref_axis',(0.707106781186548,-0.707106781186548,0.));
#7584=DIRECTION('',(0.,-1.,0.));
#7585=DIRECTION('center_axis',(0.,0.,-1.));
#7586=DIRECTION('ref_axis',(0.707106781186548,0.707106781186548,0.));
#7587=DIRECTION('',(1.,0.,0.));
#7588=DIRECTION('center_axis',(0.,0.,-1.));
#7589=DIRECTION('ref_axis',(-0.707106781186548,0.707106781186548,0.));
#7590=DIRECTION('center_axis',(0.,0.,1.));
#7591=DIRECTION('ref_axis',(1.,0.,0.));
#7592=DIRECTION('center_axis',(0.,-1.,0.));
#7593=DIRECTION('ref_axis',(1.,0.,0.));
#7594=DIRECTION('center_axis',(-1.,0.,0.));
#7595=DIRECTION('ref_axis',(0.,-1.,0.));
#7596=DIRECTION('center_axis',(0.,0.,1.));
#7597=DIRECTION('ref_axis',(0.707106781186548,-0.707106781186548,0.));
#7598=DIRECTION('center_axis',(0.,1.,0.));
#7599=DIRECTION('ref_axis',(0.70710678118654,0.,0.707106781186555));
#7600=DIRECTION('center_axis',(0.,-1.,0.));
#7601=DIRECTION('ref_axis',(1.,0.,0.));
#7602=DIRECTION('',(0.,1.,0.));
#7603=DIRECTION('center_axis',(0.,0.,1.));
#7604=DIRECTION('ref_axis',(1.,0.,0.));
#7605=DIRECTION('center_axis',(1.,0.,0.));
#7606=DIRECTION('ref_axis',(0.,1.,0.));
#7607=DIRECTION('center_axis',(0.,0.,1.));
#7608=DIRECTION('ref_axis',(0.707106781186548,0.707106781186548,0.));
#7609=DIRECTION('center_axis',(-1.,0.,0.));
#7610=DIRECTION('ref_axis',(0.,0.70710678118654,0.707106781186555));
#7611=DIRECTION('center_axis',(1.,0.,0.));
#7612=DIRECTION('ref_axis',(0.,1.,0.));
#7613=DIRECTION('',(-1.,0.,0.));
#7614=DIRECTION('center_axis',(0.,0.,1.));
#7615=DIRECTION('ref_axis',(1.,0.,0.));
#7616=DIRECTION('center_axis',(0.,-1.,0.));
#7617=DIRECTION('ref_axis',(0.,0.,1.));
#7618=DIRECTION('center_axis',(0.,0.,1.));
#7619=DIRECTION('ref_axis',(-0.707106781186548,0.707106781186548,0.));
#7620=DIRECTION('center_axis',(0.,-1.,0.));
#7621=DIRECTION('ref_axis',(-0.70710678118654,0.,0.707106781186555));
#7622=DIRECTION('',(0.,-1.,0.));
#7623=DIRECTION('center_axis',(0.,1.,0.));
#7624=DIRECTION('ref_axis',(-1.,0.,0.));
#7625=DIRECTION('center_axis',(0.,0.,1.));
#7626=DIRECTION('ref_axis',(1.,0.,0.));
#7627=DIRECTION('center_axis',(-1.,0.,0.));
#7628=DIRECTION('ref_axis',(0.,-1.,0.));
#7629=DIRECTION('center_axis',(0.,0.,1.));
#7630=DIRECTION('ref_axis',(-0.707106781186548,-0.707106781186548,0.));
#7631=DIRECTION('center_axis',(1.,0.,0.));
#7632=DIRECTION('ref_axis',(0.,-0.70710678118654,0.707106781186555));
#7633=DIRECTION('',(1.,0.,0.));
#7634=DIRECTION('center_axis',(0.,0.,1.));
#7635=DIRECTION('ref_axis',(1.,0.,0.));
#7636=DIRECTION('center_axis',(8.88178419700144E-14,-1.,0.));
#7637=DIRECTION('ref_axis',(1.,8.88178419700144E-14,0.));
#7638=DIRECTION('center_axis',(0.,0.,-1.));
#7639=DIRECTION('ref_axis',(0.707106781186565,-0.70710678118653,0.));
#7640=DIRECTION('center_axis',(-1.,0.,0.));
#7641=DIRECTION('ref_axis',(0.,-1.,0.));
#7642=DIRECTION('center_axis',(0.,0.,1.));
#7643=DIRECTION('ref_axis',(0.707106781186565,-0.70710678118653,0.));
#7644=DIRECTION('center_axis',(1.86984930463184E-15,1.,0.));
#7645=DIRECTION('ref_axis',(0.707106781186477,-1.32218312310199E-15,0.707106781186618));
#7646=DIRECTION('center_axis',(0.,-1.,0.));
#7647=DIRECTION('ref_axis',(1.,0.,0.));
#7648=DIRECTION('',(-1.86984930463184E-15,-1.,0.));
#7649=DIRECTION('',(1.86984930463184E-15,1.,0.));
#7650=DIRECTION('center_axis',(0.,0.,1.));
#7651=DIRECTION('ref_axis',(1.,0.,0.));
#7652=DIRECTION('center_axis',(1.,0.,0.));
#7653=DIRECTION('ref_axis',(0.,1.,0.));
#7654=DIRECTION('center_axis',(0.,0.,-1.));
#7655=DIRECTION('ref_axis',(0.707106781186547,0.707106781186547,0.));
#7656=DIRECTION('center_axis',(0.,0.,1.));
#7657=DIRECTION('ref_axis',(0.707106781186548,0.707106781186548,0.));
#7658=DIRECTION('center_axis',(0.,0.,1.));
#7659=DIRECTION('ref_axis',(-1.,0.,0.));
#7660=DIRECTION('',(1.,0.,0.));
#7661=DIRECTION('',(4.85343398743238E-16,-1.,0.));
#7662=DIRECTION('',(-1.,8.88178419700128E-15,0.));
#7663=DIRECTION('center_axis',(1.,-8.88178419700128E-15,0.));
#7664=DIRECTION('ref_axis',(-6.28036983473505E-15,-0.70710678118654,0.707106781186555));
#7665=DIRECTION('center_axis',(1.,4.85343398743238E-16,0.));
#7666=DIRECTION('ref_axis',(3.43189608455466E-16,-0.70710678118654,0.707106781186555));
#7667=DIRECTION('',(1.,-8.88178419700128E-15,0.));
#7668=DIRECTION('center_axis',(-1.,0.,0.));
#7669=DIRECTION('ref_axis',(0.,0.70710678118654,0.707106781186555));
#7670=DIRECTION('center_axis',(1.,4.85343398743238E-16,0.));
#7671=DIRECTION('ref_axis',(-3.43189608455466E-16,0.70710678118654,0.707106781186555));
#7672=DIRECTION('',(-1.,0.,0.));
#7673=DIRECTION('center_axis',(0.,0.,1.));
#7674=DIRECTION('ref_axis',(-1.,0.,0.));
#7675=DIRECTION('',(-1.,0.,0.));
#7676=DIRECTION('',(-3.64007549057428E-16,1.,0.));
#7677=DIRECTION('',(1.,0.,0.));
#7678=DIRECTION('center_axis',(0.,0.,-1.));
#7679=DIRECTION('ref_axis',(-0.707106781186548,0.707106781186548,0.));
#7680=DIRECTION('',(1.86984930463184E-15,1.,0.));
#7681=DIRECTION('center_axis',(0.,0.,-1.));
#7682=DIRECTION('ref_axis',(-0.707106781186561,-0.707106781186534,0.));
#7683=DIRECTION('center_axis',(-1.,0.,0.));
#7684=DIRECTION('ref_axis',(0.,0.70710678118654,0.707106781186555));
#7685=DIRECTION('center_axis',(-1.,-3.03339624214523E-16,0.));
#7686=DIRECTION('ref_axis',(-2.14493505284666E-16,0.70710678118654,0.707106781186555));
#7687=DIRECTION('',(-1.,0.,0.));
#7688=DIRECTION('center_axis',(1.,0.,0.));
#7689=DIRECTION('ref_axis',(0.,1.,0.));
#7690=DIRECTION('center_axis',(0.,0.,1.));
#7691=DIRECTION('ref_axis',(1.,0.,0.));
#7692=DIRECTION('center_axis',(0.,1.,0.));
#7693=DIRECTION('ref_axis',(-1.,0.,0.));
#7694=DIRECTION('center_axis',(0.,0.,1.));
#7695=DIRECTION('ref_axis',(-0.707106781186548,0.707106781186548,0.));
#7696=DIRECTION('center_axis',(-1.86984930463184E-15,-1.,0.));
#7697=DIRECTION('ref_axis',(-0.707106781186548,1.32218312310212E-15,0.707106781186548));
#7698=DIRECTION('center_axis',(0.,1.,0.));
#7699=DIRECTION('ref_axis',(-1.,0.,0.));
#7700=DIRECTION('',(-1.86984930463184E-15,-1.,0.));
#7701=DIRECTION('center_axis',(0.,0.,1.));
#7702=DIRECTION('ref_axis',(1.,0.,0.));
#7703=DIRECTION('center_axis',(-1.,2.22044604925036E-14,0.));
#7704=DIRECTION('ref_axis',(-2.22044604925036E-14,-1.,0.));
#7705=DIRECTION('center_axis',(0.,0.,1.));
#7706=DIRECTION('ref_axis',(-0.707106781186561,-0.707106781186534,0.));
#7707=DIRECTION('center_axis',(1.,0.,0.));
#7708=DIRECTION('ref_axis',(0.,-0.70710678118654,0.707106781186555));
#7709=DIRECTION('center_axis',(-1.,-3.03339624214523E-16,0.));
#7710=DIRECTION('ref_axis',(2.14493505284666E-16,-0.70710678118654,0.707106781186555));
#7711=DIRECTION('',(1.,0.,0.));
#7712=DIRECTION('center_axis',(-4.19082355898662E-31,-0.0871557427476582,
-0.996194698091746));
#7713=DIRECTION('ref_axis',(1.,-3.65254340007861E-32,-4.17487621010045E-31));
#7714=DIRECTION('center_axis',(0.,0.0871557427476577,0.996194698091746));
#7715=DIRECTION('ref_axis',(1.,0.,0.));
#7716=DIRECTION('center_axis',(-1.10933564796705E-31,-0.0871557427476582,
-0.996194698091746));
#7717=DIRECTION('ref_axis',(1.,-9.66849723550228E-33,-1.10511429090895E-31));
#7718=DIRECTION('center_axis',(0.,0.0871557427476577,0.996194698091746));
#7719=DIRECTION('ref_axis',(1.,0.,0.));
#7720=DIRECTION('center_axis',(0.,0.,1.));
#7721=DIRECTION('ref_axis',(3.55271367880032E-14,-1.,0.));
#7722=DIRECTION('',(0.,0.,1.));
#7723=DIRECTION('',(0.,0.,1.));
#7724=DIRECTION('center_axis',(1.,0.,0.));
#7725=DIRECTION('ref_axis',(0.,1.,0.));
#7726=DIRECTION('',(0.,0.,1.));
#7727=DIRECTION('center_axis',(0.,0.,1.));
#7728=DIRECTION('ref_axis',(1.,3.55271367880032E-14,0.));
#7729=DIRECTION('',(0.,0.,1.));
#7730=DIRECTION('center_axis',(0.,1.,0.));
#7731=DIRECTION('ref_axis',(-1.,0.,0.));
#7732=DIRECTION('',(0.,0.,1.));
#7733=DIRECTION('center_axis',(0.,0.,1.));
#7734=DIRECTION('ref_axis',(-3.55271367880032E-14,1.,0.));
#7735=DIRECTION('',(0.,0.,1.));
#7736=DIRECTION('center_axis',(-1.,0.,0.));
#7737=DIRECTION('ref_axis',(0.,-1.,0.));
#7738=DIRECTION('',(0.,0.,1.));
#7739=DIRECTION('center_axis',(0.,0.,1.));
#7740=DIRECTION('ref_axis',(-1.,-3.55271367880032E-14,0.));
#7741=DIRECTION('',(0.,0.,1.));
#7742=DIRECTION('center_axis',(0.,-1.,0.));
#7743=DIRECTION('ref_axis',(1.,0.,0.));
#7744=DIRECTION('center_axis',(0.,0.,-1.));
#7745=DIRECTION('ref_axis',(-8.88178419700123E-15,-1.,0.));
#7746=DIRECTION('',(0.,0.,-1.));
#7747=DIRECTION('',(0.,0.,1.));
#7748=DIRECTION('center_axis',(-2.09661474110387E-16,1.,0.));
#7749=DIRECTION('ref_axis',(1.,2.09661474110387E-16,0.));
#7750=DIRECTION('',(0.,0.,-1.));
#7751=DIRECTION('center_axis',(0.,0.,-1.));
#7752=DIRECTION('ref_axis',(1.,-5.92118946466742E-15,0.));
#7753=DIRECTION('',(0.,0.,1.));
#7754=DIRECTION('center_axis',(-8.88178419700128E-15,-1.,0.));
#7755=DIRECTION('ref_axis',(1.,-8.88178419700128E-15,0.));
#7756=DIRECTION('',(0.,0.,1.));
#7757=DIRECTION('',(0.,0.,1.));
#7758=DIRECTION('center_axis',(0.,0.,1.));
#7759=DIRECTION('ref_axis',(0.,-1.,0.));
#7760=DIRECTION('',(0.,0.,1.));
#7761=DIRECTION('center_axis',(1.,-1.86984930463184E-15,0.));
#7762=DIRECTION('ref_axis',(1.86984930463184E-15,1.,0.));
#7763=DIRECTION('',(0.,0.,1.));
#7764=DIRECTION('center_axis',(0.,0.,1.));
#7765=DIRECTION('ref_axis',(1.,-5.32907051820105E-14,0.));
#7766=DIRECTION('',(0.,0.,1.));
#7767=DIRECTION('center_axis',(0.,1.,0.));
#7768=DIRECTION('ref_axis',(-1.,0.,0.));
#7769=DIRECTION('',(0.,0.,1.));
#7770=DIRECTION('center_axis',(-1.,-4.85343398743238E-16,0.));
#7771=DIRECTION('ref_axis',(-4.85343398743238E-16,1.,0.));
#7772=DIRECTION('',(0.,0.,-1.));
#7773=DIRECTION('center_axis',(0.,0.,-1.));
#7774=DIRECTION('ref_axis',(1.1842378929335E-14,1.,0.));
#7775=DIRECTION('',(0.,0.,1.));
#7776=DIRECTION('center_axis',(-6.98871580367955E-17,-1.,0.));
#7777=DIRECTION('ref_axis',(-1.,6.98871580367955E-17,0.));
#7778=DIRECTION('',(0.,0.,-1.));
#7779=DIRECTION('center_axis',(0.,0.,-1.));
#7780=DIRECTION('ref_axis',(-1.,0.,0.));
#7781=DIRECTION('',(0.,0.,1.));
#7782=DIRECTION('center_axis',(1.,3.03339624214523E-16,0.));
#7783=DIRECTION('ref_axis',(3.03339624214523E-16,-1.,0.));
#7784=DIRECTION('',(0.,0.,1.));
#7785=DIRECTION('',(0.,0.,1.));
#7786=DIRECTION('center_axis',(0.,1.,0.));
#7787=DIRECTION('ref_axis',(-1.,0.,0.));
#7788=DIRECTION('',(0.,0.,1.));
#7789=DIRECTION('center_axis',(0.,0.,1.));
#7790=DIRECTION('ref_axis',(0.,1.,0.));
#7791=DIRECTION('',(0.,0.,1.));
#7792=DIRECTION('center_axis',(-1.,1.86984930463184E-15,0.));
#7793=DIRECTION('ref_axis',(-1.86984930463184E-15,-1.,0.));
#7794=DIRECTION('',(0.,0.,1.));
#7795=DIRECTION('center_axis',(0.,0.,1.));
#7796=DIRECTION('ref_axis',(-1.,0.,0.));
#7797=DIRECTION('',(0.,0.,1.));
#7798=DIRECTION('center_axis',(0.,-1.,0.));
#7799=DIRECTION('ref_axis',(1.,0.,0.));
#7800=DIRECTION('center_axis',(2.95822839457879E-31,-0.0871557427476581,
-0.996194698091746));
#7801=DIRECTION('ref_axis',(1.,2.57826592946726E-32,2.94697144242385E-31));
#7802=DIRECTION('center_axis',(0.,0.0871557427476577,0.996194698091746));
#7803=DIRECTION('ref_axis',(1.,0.,0.));
#7804=DIRECTION('center_axis',(0.,-0.0871557427476582,-0.996194698091746));
#7805=DIRECTION('ref_axis',(1.,0.,0.));
#7806=DIRECTION('center_axis',(0.,0.0871557427476577,0.996194698091746));
#7807=DIRECTION('ref_axis',(1.,0.,0.));
#7808=DIRECTION('center_axis',(0.,0.0871557427476599,0.996194698091745));
#7809=DIRECTION('ref_axis',(1.,0.,0.));
#7810=DIRECTION('center_axis',(0.,0.0871557427476582,0.996194698091746));
#7811=DIRECTION('ref_axis',(1.,0.,0.));
#7812=DIRECTION('',(0.,0.0871557427476599,0.996194698091745));
#7813=DIRECTION('center_axis',(0.,0.0871557427476599,0.996194698091745));
#7814=DIRECTION('ref_axis',(1.,0.,0.));
#7815=DIRECTION('center_axis',(0.,0.0871557427476582,0.996194698091746));
#7816=DIRECTION('ref_axis',(1.,0.,0.));
#7817=DIRECTION('',(0.,0.0871557427476599,0.996194698091745));
#7818=DIRECTION('center_axis',(-1.,0.,0.));
#7819=DIRECTION('ref_axis',(0.,-1.,0.));
#7820=DIRECTION('',(0.,-1.,0.));
#7821=DIRECTION('',(0.,0.,1.));
#7822=DIRECTION('',(0.,0.,1.));
#7823=DIRECTION('center_axis',(-0.000218646472259699,-3.0787843669385E-6,
0.99999997609212));
#7824=DIRECTION('ref_axis',(-0.999615145950086,-0.027740082558569,-0.000218647736239274));
#7825=DIRECTION('',(0.,0.,1.));
#7826=DIRECTION('',(0.,0.,1.));
#7827=DIRECTION('',(0.,0.,1.));
#7828=DIRECTION('',(0.,0.,1.));
#7829=DIRECTION('center_axis',(1.,0.,0.));
#7830=DIRECTION('ref_axis',(0.,1.,0.));
#7831=DIRECTION('',(0.,1.,0.));
#7832=DIRECTION('',(0.,0.,1.));
#7833=DIRECTION('center_axis',(0.,0.,-1.));
#7834=DIRECTION('ref_axis',(1.18423789293348E-14,1.,0.));
#7835=DIRECTION('center_axis',(0.,0.,-1.));
#7836=DIRECTION('ref_axis',(-1.,0.,0.));
#7837=DIRECTION('center_axis',(0.,0.0871557427476599,0.996194698091745));
#7838=DIRECTION('ref_axis',(1.,0.,0.));
#7839=DIRECTION('center_axis',(0.,0.0871557427476582,0.996194698091746));
#7840=DIRECTION('ref_axis',(1.,0.,0.));
#7841=DIRECTION('',(0.,0.0871557427476599,0.996194698091745));
#7842=DIRECTION('center_axis',(0.,0.0871557427476599,0.996194698091745));
#7843=DIRECTION('ref_axis',(1.,0.,0.));
#7844=DIRECTION('center_axis',(0.,0.0871557427476582,0.996194698091746));
#7845=DIRECTION('ref_axis',(1.,0.,0.));
#7846=DIRECTION('',(0.,0.0871557427476599,0.996194698091745));
#7847=DIRECTION('center_axis',(0.,-0.0871557427476639,-0.996194698091745));
#7848=DIRECTION('ref_axis',(1.,0.,0.));
#7849=DIRECTION('center_axis',(0.,-0.0871557427476582,-0.996194698091746));
#7850=DIRECTION('ref_axis',(1.,0.,0.));
#7851=DIRECTION('',(0.70710678118667,0.0616284167162126,0.704416026402636));
#7852=DIRECTION('center_axis',(0.,-0.0871557427476506,-0.996194698091746));
#7853=DIRECTION('ref_axis',(1.,0.,0.));
#7854=DIRECTION('center_axis',(0.,-0.0871557427476582,-0.996194698091746));
#7855=DIRECTION('ref_axis',(1.,0.,0.));
#7856=DIRECTION('',(0.707106781186623,0.0616284167162074,0.704416026402684));
#7857=DIRECTION('center_axis',(-1.35820077560948E-16,-1.,0.));
#7858=DIRECTION('ref_axis',(-1.,1.35820077560948E-16,0.));
#7859=DIRECTION('',(1.,-1.35820077560948E-16,1.18827170657947E-17));
#7860=DIRECTION('center_axis',(5.40938737162395E-12,1.,-2.30841825318026E-12));
#7861=DIRECTION('ref_axis',(0.214459961066818,1.09461077457615E-12,0.976732780805077));
#7862=DIRECTION('',(0.,0.996194698091746,-0.0871557427476582));
#7863=DIRECTION('center_axis',(1.,0.,0.));
#7864=DIRECTION('ref_axis',(0.,0.675590207615659,-0.737277336810125));
#7865=DIRECTION('',(-1.,0.,0.));
#7866=DIRECTION('center_axis',(0.,-0.0871557427476639,-0.996194698091745));
#7867=DIRECTION('ref_axis',(1.,0.,0.));
#7868=DIRECTION('center_axis',(0.,-0.0871557427476582,-0.996194698091746));
#7869=DIRECTION('ref_axis',(1.,0.,0.));
#7870=DIRECTION('',(0.707106781186677,0.061628416716212,0.70441602640263));
#7871=DIRECTION('center_axis',(0.,-0.087155742747651,-0.996194698091746));
#7872=DIRECTION('ref_axis',(1.,0.,0.));
#7873=DIRECTION('center_axis',(0.,-0.0871557427476582,-0.996194698091746));
#7874=DIRECTION('ref_axis',(1.,0.,0.));
#7875=DIRECTION('',(0.707106781186618,0.061628416716208,0.704416026402689));
#7876=DIRECTION('center_axis',(0.,0.0871557427476582,0.996194698091746));
#7877=DIRECTION('ref_axis',(1.,0.,0.));
#7878=DIRECTION('',(1.,0.,0.));
#7879=DIRECTION('',(-0.460317164454982,0.884376357436355,-0.0773729055660316));
#7880=DIRECTION('',(0.193921957083687,0.977283893657033,-0.085501261741465));
#7881=DIRECTION('',(-0.686012868689002,0.724820708829524,-0.0634135951114078));
#7882=DIRECTION('',(-1.,0.,0.));
#7883=DIRECTION('',(-1.,0.,0.));
#7884=DIRECTION('',(1.,0.,0.));
#7885=DIRECTION('center_axis',(1.39066089078664E-12,0.0871557427475106,
0.996194698091758));
#7886=DIRECTION('ref_axis',(-0.0330982546732834,-0.995648885679549,0.0871079903490768));
#7887=DIRECTION('',(-1.,0.,0.));
#7888=DIRECTION('center_axis',(5.21493270370231E-13,-0.0871557427476409,
-0.996194698091747));
#7889=DIRECTION('ref_axis',(0.0786191992425127,0.993111196942467,-0.0868859713530687));
#7890=DIRECTION('',(1.,0.,0.));
#7891=DIRECTION('center_axis',(-1.41598371930407E-12,-0.0871557427484873,
-0.996194698091673));
#7892=DIRECTION('ref_axis',(0.999065670174401,-0.0430534405211912,0.00376668797000792));
#7893=DIRECTION('',(-1.,0.,0.));
#7894=DIRECTION('',(-0.692531828189711,-0.718642224481644,0.0628730477731962));
#7895=DIRECTION('',(0.044400613620721,-0.99521225732209,0.0870697903177277));
#7896=DIRECTION('',(-0.568681799759898,-0.819427523206943,0.0716906188617335));
#7897=DIRECTION('',(0.266879082981319,-0.960062738185713,0.0839946058649071));
#7898=DIRECTION('',(-0.412887794593927,-0.9073160997381,0.0793798729616403));
#7899=DIRECTION('',(-1.,1.35820077560948E-16,-1.18827170657947E-17));
#7900=DIRECTION('',(0.272322465799353,0.958544561322056,-0.0838617826001097));
#7901=DIRECTION('',(0.554700196225236,-0.828884091765031,0.0725179614064219));
#7902=DIRECTION('center_axis',(8.84762485530735E-15,0.0871557427476605,
0.996194698091745));
#7903=DIRECTION('ref_axis',(0.965088917826859,0.260925776679842,-0.0228280474811922));
#7904=DIRECTION('',(-1.,1.35820077560948E-16,-1.18827170657947E-17));
#7905=DIRECTION('center_axis',(-2.46675783726769E-13,-0.0871557427478681,
-0.996194698091727));
#7906=DIRECTION('ref_axis',(0.743350474016719,0.666356765322728,-0.0582986628298688));
#7907=DIRECTION('',(1.,0.,0.));
#7908=DIRECTION('',(0.474790242570469,-0.876749943876436,0.0767056808361782));
#7909=DIRECTION('',(-0.325512939396518,-0.941939529886249,0.0824090305919851));
#7910=DIRECTION('',(0.695421427516053,0.715867643665253,-0.0626303034057254));
#7911=DIRECTION('',(0.218029629322928,-0.97222839577573,0.0850589629883717));
#7912=DIRECTION('',(-1.,1.35820077560948E-16,-1.18827170657947E-17));
#7913=DIRECTION('',(-1.,1.35820077560948E-16,-1.18827170657947E-17));
#7914=DIRECTION('',(-1.,1.35820077560948E-16,-1.18827170657947E-17));
#7915=DIRECTION('',(-0.691571499125996,0.719559410148742,-0.0629532911214156));
#7916=DIRECTION('',(0.985030467155705,-0.171724372546881,0.0150239358489545));
#7917=DIRECTION('',(0.783497679089532,0.619030116522491,-0.0541581175768497));
#7918=DIRECTION('',(0.0878938102963721,-0.992339275206209,0.0868184369520753));
#7919=DIRECTION('',(1.,0.,0.));
#7920=DIRECTION('',(-0.172380331752242,0.981282128839349,-0.0858510619940282));
#7921=DIRECTION('',(0.679041981617439,0.73130596958809,-0.063980981907792));
#7922=DIRECTION('center_axis',(0.,0.0871557427476582,0.996194698091746));
#7923=DIRECTION('ref_axis',(1.,0.,0.));
#7924=DIRECTION('center_axis',(0.,0.0871557427476582,0.996194698091746));
#7925=DIRECTION('ref_axis',(1.,0.,0.));
#7926=DIRECTION('',(0.684435908416328,-0.726298689875,0.0635429016977933));
#7927=DIRECTION('',(-0.744242283694668,0.665368143562318,-0.0582121696329923));
#7928=DIRECTION('',(0.071247049987907,0.993663068336864,-0.0869342538438611));
#7929=DIRECTION('',(0.839570157152149,-0.541184043031844,0.0473474686464121));
#7930=DIRECTION('',(-0.603857687995468,0.794058971881581,-0.0694711582106888));
#7931=DIRECTION('',(0.548656441486831,0.832866496126556,-0.0728663766416316));
#7932=DIRECTION('',(0.539426990681681,0.838828188292233,-0.0733879571215596));
#7933=DIRECTION('center_axis',(0.,0.0871557427476582,0.996194698091746));
#7934=DIRECTION('ref_axis',(1.,0.,0.));
#7935=DIRECTION('center_axis',(4.7833507667929E-15,-0.087155742747656,-0.996194698091746));
#7936=DIRECTION('ref_axis',(0.997418950561483,0.0715281463778476,-0.0062579019310796));
#7937=DIRECTION('center_axis',(0.,0.0871557427476582,0.996194698091746));
#7938=DIRECTION('ref_axis',(1.,0.,0.));
#7939=DIRECTION('',(0.599999999999992,-0.796955758473402,0.069724594198127));
#7940=DIRECTION('',(-0.542525431475671,-0.836842774321535,0.0732142559067175));
#7941=DIRECTION('',(0.847998304005087,0.527982134025414,-0.0461924512714488));
#7942=DIRECTION('',(0.129339184067776,-0.987827072249308,0.0864236703458183));
#7943=DIRECTION('',(0.0919169242170403,-0.991977486174128,0.0867867845131802));
#7944=DIRECTION('',(-0.76735896359235,-0.638777736916388,0.0558858104929291));
#7945=DIRECTION('center_axis',(0.,0.0871557427476582,0.996194698091746));
#7946=DIRECTION('ref_axis',(1.,0.,0.));
#7947=DIRECTION('',(0.0428178383922084,-0.995281083767709,0.0870758118514701));
#7948=DIRECTION('',(0.74614130128354,0.663254099772679,-0.0580272147672015));
#7949=DIRECTION('center_axis',(0.,0.0871557427476582,0.996194698091746));
#7950=DIRECTION('ref_axis',(1.,0.,0.));
#7951=DIRECTION('',(0.,0.0871557427476613,0.996194698091745));
#7952=DIRECTION('',(0.,0.0871557427476613,0.996194698091745));
#7953=DIRECTION('',(0.,-0.0871557427483294,-0.996194698091687));
#7954=DIRECTION('center_axis',(0.,0.996194698091745,-0.0871557427476613));
#7955=DIRECTION('ref_axis',(0.,0.0871557427476613,0.996194698091745));
#7956=DIRECTION('',(0.,0.0871557427475068,0.996194698091759));
#7957=DIRECTION('',(0.,0.0871557427476613,0.996194698091745));
#7958=DIRECTION('',(0.,0.0871557427476613,0.996194698091745));
#7959=DIRECTION('center_axis',(0.887754531448939,0.458565518670679,-0.0401192843675713));
#7960=DIRECTION('ref_axis',(-0.460317164454982,0.884376357436355,-0.0773729055660312));
#7961=DIRECTION('',(0.,0.0871557427476613,0.996194698091745));
#7962=DIRECTION('center_axis',(0.981016959364533,-0.193184025490344,0.0169014122047088));
#7963=DIRECTION('ref_axis',(0.193921957083687,0.977283893657033,-0.0855012617414646));
#7964=DIRECTION('',(0.,0.0871557427476613,0.996194698091745));
#7965=DIRECTION('',(0.,0.0871557427476614,0.996194698091745));
#7966=DIRECTION('',(0.,0.0871557427476614,0.996194698091745));
#7967=DIRECTION('',(0.,0.0871557427476614,0.996194698091745));
#7968=DIRECTION('',(0.,0.0871557427476614,0.996194698091745));
#7969=DIRECTION('center_axis',(0.727589406185306,0.683402382610692,-0.0597899611050438));
#7970=DIRECTION('ref_axis',(-0.686012868689002,0.724820708829524,-0.0634135951114077));
#7971=DIRECTION('',(9.53682646410054E-18,-0.0871557427476613,-0.996194698091745));
#7972=DIRECTION('center_axis',(0.,-0.996194698091745,0.0871557427476612));
#7973=DIRECTION('ref_axis',(0.,-0.0871557427476612,-0.996194698091745));
#7974=DIRECTION('',(0.,0.0871557427476647,0.996194698091745));
#7975=DIRECTION('',(0.,0.0871557427476614,0.996194698091745));
#7976=DIRECTION('',(0.,0.0871557427476614,0.996194698091745));
#7977=DIRECTION('',(0.,0.0871557427476614,0.996194698091745));
#7978=DIRECTION('',(0.,0.0871557427476614,0.996194698091745));
#7979=DIRECTION('',(0.,0.0871557427476614,0.996194698091745));
#7980=DIRECTION('',(0.,0.0871557427476614,0.996194698091745));
#7981=DIRECTION('',(0.,0.0871557427476614,0.996194698091745));
#7982=DIRECTION('',(0.,0.0871557427476614,0.996194698091745));
#7983=DIRECTION('',(0.,0.0871557427476614,0.996194698091745));
#7984=DIRECTION('',(0.,-0.0871557427476647,-0.996194698091745));
#7985=DIRECTION('center_axis',(0.,-0.996194698091745,0.0871557427476611));
#7986=DIRECTION('ref_axis',(0.,-0.0871557427476611,-0.996194698091745));
#7987=DIRECTION('',(0.,0.0871557427476647,0.996194698091745));
#7988=DIRECTION('',(0.,0.0871557427476614,0.996194698091745));
#7989=DIRECTION('',(0.,0.0871557427476614,0.996194698091745));
#7990=DIRECTION('',(0.,-0.0871557427476647,-0.996194698091745));
#7991=DIRECTION('center_axis',(0.,-0.996194698091745,0.0871557427476611));
#7992=DIRECTION('ref_axis',(0.,-0.0871557427476611,-0.996194698091745));
#7993=DIRECTION('',(0.,0.0871557427476719,0.996194698091744));
#7994=DIRECTION('',(0.,0.0871557427476614,0.996194698091745));
#7995=DIRECTION('',(0.,0.0871557427476614,0.996194698091745));
#7996=DIRECTION('',(0.,0.0871557427476614,0.996194698091745));
#7997=DIRECTION('',(0.,0.0871557427476613,0.996194698091745));
#7998=DIRECTION('',(0.,0.0871557427476613,0.996194698091745));
#7999=DIRECTION('',(0.,0.0871557427476613,0.996194698091745));
#8000=DIRECTION('',(0.,0.0871557427476613,0.996194698091745));
#8001=DIRECTION('',(0.,0.0871557427476613,0.996194698091745));
#8002=DIRECTION('',(0.,0.0871557427476613,0.996194698091745));
#8003=DIRECTION('',(0.,0.0871557427476613,0.996194698091745));
#8004=DIRECTION('',(0.,0.0871557427476613,0.996194698091745));
#8005=DIRECTION('',(0.,0.0871557427476614,0.996194698091745));
#8006=DIRECTION('',(0.,0.0871557427476614,0.996194698091745));
#8007=DIRECTION('',(0.,0.0871557427476614,0.996194698091745));
#8008=DIRECTION('',(0.,0.0871557427476614,0.996194698091745));
#8009=DIRECTION('',(0.,0.0871557427476614,0.996194698091745));
#8010=DIRECTION('',(0.,0.0871557427476614,0.996194698091745));
#8011=DIRECTION('',(0.,-0.0871557427476719,-0.996194698091744));
#8012=DIRECTION('center_axis',(0.,-0.996194698091745,0.0871557427476611));
#8013=DIRECTION('ref_axis',(0.,-0.0871557427476611,-0.996194698091745));
#8014=DIRECTION('',(0.,0.0871557427476647,0.996194698091745));
#8015=DIRECTION('',(0.,0.0871557427476614,0.996194698091745));
#8016=DIRECTION('',(0.,0.0871557427476614,0.996194698091745));
#8017=DIRECTION('',(8.14163551391845E-14,-0.0871557427476719,-0.996194698091744));
#8018=DIRECTION('center_axis',(0.,-0.996194698091745,0.0871557427476612));
#8019=DIRECTION('ref_axis',(0.,-0.0871557427476612,-0.996194698091745));
#8020=DIRECTION('',(0.,0.0871557427476647,0.996194698091745));
#8021=DIRECTION('',(0.,0.0871557427476614,0.996194698091745));
#8022=DIRECTION('',(0.,0.0871557427476614,0.996194698091745));
#8023=DIRECTION('',(0.,0.0871557427476614,0.996194698091745));
#8024=DIRECTION('',(0.,0.0871557427476614,0.996194698091745));
#8025=DIRECTION('',(0.,0.0871557427476614,0.996194698091745));
#8026=DIRECTION('',(0.,0.0871557427476614,0.996194698091745));
#8027=DIRECTION('',(0.,0.0871557427476614,0.996194698091745));
#8028=DIRECTION('',(0.,0.0871557427476614,0.996194698091745));
#8029=DIRECTION('',(0.,-0.0871557427476647,-0.996194698091745));
#8030=DIRECTION('center_axis',(0.,-0.996194698091745,0.0871557427476611));
#8031=DIRECTION('ref_axis',(0.,-0.0871557427476611,-0.996194698091745));
#8032=DIRECTION('',(0.,0.0871557427476613,0.996194698091745));
#8033=DIRECTION('center_axis',(-0.721387321030954,0.689896535502373,-0.06035812586227));
#8034=DIRECTION('ref_axis',(-0.692531828189711,-0.718642224481645,0.0628730477731959));
#8035=DIRECTION('',(0.,0.0871557427476614,0.996194698091745));
#8036=DIRECTION('',(0.,0.0871557427476614,0.996194698091745));
#8037=DIRECTION('',(0.,0.0871557427476614,0.996194698091745));
#8038=DIRECTION('center_axis',(-0.999013806466209,-0.0442316558809824,0.00386976845856587));
#8039=DIRECTION('ref_axis',(0.044400613620721,-0.99521225732209,0.0870697903177273));
#8040=DIRECTION('',(0.,0.0871557427476613,0.996194698091745));
#8041=DIRECTION('center_axis',(-0.822557603224141,0.566517793822082,-0.0495638846451508));
#8042=DIRECTION('ref_axis',(-0.568681799759898,-0.819427523206943,0.0716906188617332));
#8043=DIRECTION('',(0.,0.0871557427476614,0.996194698091745));
#8044=DIRECTION('',(0.,0.0871557427476613,0.996194698091745));
#8045=DIRECTION('',(0.,0.0871557427476613,0.996194698091745));
#8046=DIRECTION('center_axis',(-0.963730021877004,-0.265863527497577,0.0232600447010516));
#8047=DIRECTION('ref_axis',(0.266879082981319,-0.960062738185713,0.0839946058649067));
#8048=DIRECTION('',(0.,0.0871557427476613,0.996194698091745));
#8049=DIRECTION('center_axis',(-0.910781899839563,0.411316631881263,-0.0359855424092775));
#8050=DIRECTION('ref_axis',(-0.412887794593926,-0.9073160997381,0.07937987296164));
#8051=DIRECTION('',(0.,0.0871557427476613,0.996194698091745));
#8052=DIRECTION('',(0.,-0.0871557427483302,-0.996194698091687));
#8053=DIRECTION('center_axis',(0.,0.996194698091745,-0.0871557427476613));
#8054=DIRECTION('ref_axis',(0.,0.0871557427476613,0.996194698091745));
#8055=DIRECTION('',(0.,0.0871557427483294,0.996194698091687));
#8056=DIRECTION('',(0.,0.0871557427476613,0.996194698091745));
#8057=DIRECTION('center_axis',(0.962206045824365,-0.271286196600586,0.0237344667736172));
#8058=DIRECTION('ref_axis',(0.272322465799353,0.958544561322056,-0.0838617826001094));
#8059=DIRECTION('',(0.,0.0871557427476613,0.996194698091745));
#8060=DIRECTION('center_axis',(-0.832050294337839,-0.552589394510031,0.048345307604284));
#8061=DIRECTION('ref_axis',(0.554700196225236,-0.828884091765032,0.0725179614064216));
#8062=DIRECTION('',(0.,0.0871557427476613,0.996194698091745));
#8063=DIRECTION('',(0.,0.0871557427476613,0.996194698091745));
#8064=DIRECTION('',(0.,0.0871557427476613,0.996194698091745));
#8065=DIRECTION('',(0.,-0.0871557427483294,-0.996194698091687));
#8066=DIRECTION('center_axis',(0.,0.996194698091745,-0.0871557427476613));
#8067=DIRECTION('ref_axis',(0.,0.0871557427476613,0.996194698091745));
#8068=DIRECTION('',(0.,0.0871557427483302,0.996194698091687));
#8069=DIRECTION('',(0.,0.0871557427476613,0.996194698091745));
#8070=DIRECTION('',(0.,0.0871557427476613,0.996194698091745));
#8071=DIRECTION('',(0.,0.0871557427476613,0.996194698091745));
#8072=DIRECTION('',(0.,0.0871557427476613,0.996194698091745));
#8073=DIRECTION('',(0.,0.0871557427476613,0.996194698091745));
#8074=DIRECTION('',(0.,0.0871557427476613,0.996194698091745));
#8075=DIRECTION('',(0.,0.0871557427476613,0.996194698091745));
#8076=DIRECTION('',(0.,0.0871557427476613,0.996194698091745));
#8077=DIRECTION('',(0.,-0.0871557427483294,-0.996194698091687));
#8078=DIRECTION('center_axis',(0.,0.996194698091745,-0.0871557427476613));
#8079=DIRECTION('ref_axis',(0.,0.0871557427476613,0.996194698091745));
#8080=DIRECTION('',(0.,0.0871557427483302,0.996194698091687));
#8081=DIRECTION('',(0.,0.0871557427476613,0.996194698091745));
#8082=DIRECTION('',(0.,0.0871557427476613,0.996194698091745));
#8083=DIRECTION('',(0.,0.0871557427476613,0.996194698091745));
#8084=DIRECTION('',(0.,0.0871557427476613,0.996194698091745));
#8085=DIRECTION('',(0.,0.0871557427476613,0.996194698091745));
#8086=DIRECTION('',(0.,0.0871557427476614,0.996194698091745));
#8087=DIRECTION('',(0.,0.0871557427476614,0.996194698091745));
#8088=DIRECTION('',(0.,0.0871557427476614,0.996194698091745));
#8089=DIRECTION('center_axis',(-0.880098986228183,-0.472983522354395,0.0413806962405715));
#8090=DIRECTION('ref_axis',(0.474790242570469,-0.876749943876436,0.0767056808361779));
#8091=DIRECTION('',(0.,0.0871557427476613,0.996194698091745));
#8092=DIRECTION('center_axis',(-0.945537585866072,0.32427426438707,-0.028370322007078));
#8093=DIRECTION('ref_axis',(-0.325512939396517,-0.94193952988625,0.0824090305919847));
#8094=DIRECTION('',(0.,0.0871557427476614,0.996194698091745));
#8095=DIRECTION('',(0.,0.0871557427476613,0.996194698091745));
#8096=DIRECTION('',(0.,0.0871557427476613,0.996194698091745));
#8097=DIRECTION('',(0.,0.0871557427476613,0.996194698091745));
#8098=DIRECTION('',(0.,0.0871557427476613,0.996194698091745));
#8099=DIRECTION('',(0.,0.0871557427476613,0.996194698091745));
#8100=DIRECTION('',(0.,0.0871557427476613,0.996194698091745));
#8101=DIRECTION('',(0.,0.0871557427476613,0.996194698091745));
#8102=DIRECTION('',(0.,0.0871557427476613,0.996194698091745));
#8103=DIRECTION('',(0.,0.0871557427476613,0.996194698091745));
#8104=DIRECTION('',(0.,0.0871557427476613,0.996194698091745));
#8105=DIRECTION('',(0.,0.0871557427476613,0.996194698091745));
#8106=DIRECTION('',(0.,0.0871557427476613,0.996194698091745));
#8107=DIRECTION('center_axis',(0.718602141766594,-0.692775139030885,0.0606099710378005));
#8108=DIRECTION('ref_axis',(0.695421427516053,0.715867643665254,-0.0626303034057251));
#8109=DIRECTION('',(0.,0.0871557427476613,0.996194698091745));
#8110=DIRECTION('center_axis',(-0.975942150302623,-0.217199960758409,0.019002534284637));
#8111=DIRECTION('ref_axis',(0.218029629322928,-0.97222839577573,0.0850589629883713));
#8112=DIRECTION('',(0.,0.0871557427476613,0.996194698091745));
#8113=DIRECTION('',(0.,0.0871557427476613,0.996194698091745));
#8114=DIRECTION('',(0.,-0.0871557427483302,-0.996194698091687));
#8115=DIRECTION('center_axis',(0.,0.996194698091745,-0.0871557427476613));
#8116=DIRECTION('ref_axis',(0.,0.0871557427476613,0.996194698091745));
#8117=DIRECTION('',(0.,0.0871557427483302,0.996194698091687));
#8118=DIRECTION('',(0.,0.0871557427476613,0.996194698091745));
#8119=DIRECTION('',(0.,0.0871557427476613,0.996194698091745));
#8120=DIRECTION('',(0.,0.0871557427476613,0.996194698091745));
#8121=DIRECTION('',(0.,0.0871557427476613,0.996194698091745));
#8122=DIRECTION('',(0.,0.0871557427476613,0.996194698091745));
#8123=DIRECTION('',(0.,0.0871557427476613,0.996194698091745));
#8124=DIRECTION('',(0.,0.0871557427476613,0.996194698091745));
#8125=DIRECTION('',(0.,0.0871557427476613,0.996194698091745));
#8126=DIRECTION('',(0.,-0.0871557427483302,-0.996194698091687));
#8127=DIRECTION('center_axis',(0.,0.996194698091745,-0.0871557427476613));
#8128=DIRECTION('ref_axis',(0.,0.0871557427476613,0.996194698091745));
#8129=DIRECTION('',(0.,0.0871557427483294,0.996194698091687));
#8130=DIRECTION('',(0.,0.0871557427476613,0.996194698091745));
#8131=DIRECTION('',(0.,0.0871557427476613,0.996194698091745));
#8132=DIRECTION('',(0.,0.0871557427476613,0.996194698091745));
#8133=DIRECTION('',(0.,0.0871557427476613,0.996194698091745));
#8134=DIRECTION('',(0.,0.0871557427476613,0.996194698091745));
#8135=DIRECTION('',(0.,0.0871557427476613,0.996194698091745));
#8136=DIRECTION('',(0.,0.0871557427476613,0.996194698091745));
#8137=DIRECTION('',(0.,0.0871557427476613,0.996194698091745));
#8138=DIRECTION('',(0.,0.0871557427476613,0.996194698091745));
#8139=DIRECTION('',(0.,0.0871557427476613,0.996194698091745));
#8140=DIRECTION('',(0.,0.0871557427476613,0.996194698091745));
#8141=DIRECTION('',(0.,0.0871557427476613,0.996194698091745));
#8142=DIRECTION('',(0.,0.0871557427476613,0.996194698091745));
#8143=DIRECTION('',(0.,0.0871557427476613,0.996194698091745));
#8144=DIRECTION('',(0.,0.0871557427476613,0.996194698091745));
#8145=DIRECTION('',(0.,0.0871557427476613,0.996194698091745));
#8146=DIRECTION('',(0.,0.0871557427476613,0.996194698091745));
#8147=DIRECTION('',(0.,0.0871557427476613,0.996194698091745));
#8148=DIRECTION('',(0.,0.0871557427476614,0.996194698091745));
#8149=DIRECTION('',(0.,0.0871557427476614,0.996194698091745));
#8150=DIRECTION('',(0.,0.0871557427476614,0.996194698091745));
#8151=DIRECTION('',(0.,0.0871557427476614,0.996194698091745));
#8152=DIRECTION('',(0.,0.0871557427476614,0.996194698091745));
#8153=DIRECTION('',(0.,0.0871557427476613,0.996194698091745));
#8154=DIRECTION('',(0.,0.0871557427476613,0.996194698091745));
#8155=DIRECTION('',(0.,0.0871557427476613,0.996194698091745));
#8156=DIRECTION('',(0.,0.0871557427476613,0.996194698091745));
#8157=DIRECTION('',(0.,0.0871557427476613,0.996194698091745));
#8158=DIRECTION('',(0.,0.0871557427476613,0.996194698091745));
#8159=DIRECTION('',(0.,-0.0871557427483302,-0.996194698091687));
#8160=DIRECTION('center_axis',(0.,0.996194698091745,-0.0871557427476613));
#8161=DIRECTION('ref_axis',(0.,0.0871557427476613,0.996194698091745));
#8162=DIRECTION('',(4.80327907619513E-17,0.0871557427476613,0.996194698091745));
#8163=DIRECTION('center_axis',(0.722308010198297,0.688939860780677,-0.0602744276694398));
#8164=DIRECTION('ref_axis',(-0.691571499125996,0.719559410148742,-0.0629532911214153));
#8165=DIRECTION('',(0.,0.0871557427476613,0.996194698091745));
#8166=DIRECTION('center_axis',(-0.172380331752244,-0.981282128839348,0.0858510619940312));
#8167=DIRECTION('ref_axis',(0.985030467155705,-0.171724372546882,0.0150239358489544));
#8168=DIRECTION('',(0.,0.0871557427476613,0.996194698091745));
#8169=DIRECTION('',(0.,0.0871557427476613,0.996194698091745));
#8170=DIRECTION('',(0.,0.0871557427476613,0.996194698091745));
#8171=DIRECTION('center_axis',(0.621394711002046,-0.78051623387618,0.068286322162117));
#8172=DIRECTION('ref_axis',(0.783497679089532,0.619030116522491,-0.0541581175768495));
#8173=DIRECTION('',(0.,0.0871557427476614,0.996194698091745));
#8174=DIRECTION('center_axis',(-0.99612985002538,-0.0875593478123275,0.00766045031930236));
#8175=DIRECTION('ref_axis',(0.0878938102963721,-0.992339275206209,0.0868184369520749));
#8176=DIRECTION('',(0.,0.0871557427476613,0.996194698091745));
#8177=DIRECTION('',(0.,0.0871557427476613,0.996194698091745));
#8178=DIRECTION('',(0.,-0.0871557427483294,-0.996194698091687));
#8179=DIRECTION('center_axis',(0.,0.996194698091745,-0.0871557427476613));
#8180=DIRECTION('ref_axis',(0.,0.0871557427476613,0.996194698091745));
#8181=DIRECTION('',(0.,0.0871557427483302,0.996194698091687));
#8182=DIRECTION('',(0.,0.0871557427476613,0.996194698091745));
#8183=DIRECTION('',(0.,0.0871557427476613,0.996194698091745));
#8184=DIRECTION('center_axis',(0.985030467155705,0.17172437254688,-0.015023935848955));
#8185=DIRECTION('ref_axis',(-0.172380331752242,0.981282128839349,-0.0858510619940278));
#8186=DIRECTION('',(0.,0.0871557427476613,0.996194698091745));
#8187=DIRECTION('center_axis',(0.734099439586397,-0.676458021869005,0.0591824082647117));
#8188=DIRECTION('ref_axis',(0.679041981617439,0.73130596958809,-0.0639809819077919));
#8189=DIRECTION('',(0.,0.0871557427476613,0.996194698091745));
#8190=DIRECTION('',(0.,0.0871557427476614,0.996194698091745));
#8191=DIRECTION('',(0.,0.0871557427476614,0.996194698091745));
#8192=DIRECTION('',(0.,0.0871557427476614,0.996194698091745));
#8193=DIRECTION('',(0.,0.0871557427476614,0.996194698091745));
#8194=DIRECTION('',(0.,0.0871557427476614,0.996194698091745));
#8195=DIRECTION('',(0.,0.0871557427476614,0.996194698091745));
#8196=DIRECTION('',(0.,0.0871557427476614,0.996194698091745));
#8197=DIRECTION('',(0.,0.0871557427476614,0.996194698091745));
#8198=DIRECTION('',(0.,0.0871557427476614,0.996194698091745));
#8199=DIRECTION('',(0.,0.0871557427476614,0.996194698091745));
#8200=DIRECTION('',(0.,0.0871557427476614,0.996194698091745));
#8201=DIRECTION('',(0.,0.0871557427476614,0.996194698091745));
#8202=DIRECTION('',(0.,0.0871557427476614,0.996194698091745));
#8203=DIRECTION('',(0.,0.0871557427476614,0.996194698091745));
#8204=DIRECTION('',(0.,0.0871557427476614,0.996194698091745));
#8205=DIRECTION('',(0.,0.0871557427476613,0.996194698091745));
#8206=DIRECTION('',(0.,0.0871557427476613,0.996194698091745));
#8207=DIRECTION('',(0.,0.0871557427476614,0.996194698091745));
#8208=DIRECTION('center_axis',(0.667909741777245,0.741410217112321,-0.0648649890196245));
#8209=DIRECTION('ref_axis',(-0.744242283694668,0.665368143562318,-0.0582121696329921));
#8210=DIRECTION('',(0.,0.0871557427476613,0.996194698091745));
#8211=DIRECTION('center_axis',(0.997458699830735,-0.0709759334526305,0.00620958956027579));
#8212=DIRECTION('ref_axis',(0.071247049987907,0.993663068336864,-0.0869342538438607));
#8213=DIRECTION('',(0.,0.0871557427476613,0.996194698091745));
#8214=DIRECTION('center_axis',(-0.543251278157277,-0.836375339231024,0.0731733606353663));
#8215=DIRECTION('ref_axis',(0.839570157152149,-0.541184043031844,0.0473474686464119));
#8216=DIRECTION('',(0.,0.0871557427476614,0.996194698091745));
#8217=DIRECTION('',(0.,0.0871557427476614,0.996194698091745));
#8218=DIRECTION('',(0.,0.0871557427476614,0.996194698091745));
#8219=DIRECTION('',(0.,0.0871557427476614,0.996194698091745));
#8220=DIRECTION('',(0.,0.0871557427476614,0.996194698091745));
#8221=DIRECTION('',(0.,0.0871557427476614,0.996194698091745));
#8222=DIRECTION('',(0.,0.0871557427476614,0.996194698091745));
#8223=DIRECTION('center_axis',(0.797092148154006,0.601559827183024,-0.0526296653111305));
#8224=DIRECTION('ref_axis',(-0.603857687995468,0.794058971881581,-0.0694711582106885));
#8225=DIRECTION('',(0.,0.0871557427476613,0.996194698091745));
#8226=DIRECTION('center_axis',(0.836047910837057,-0.546568638083065,0.0478185596710736));
#8227=DIRECTION('ref_axis',(0.548656441486831,0.832866496126556,-0.0728663766416313));
#8228=DIRECTION('',(0.,0.0871557427476614,0.996194698091745));
#8229=DIRECTION('center_axis',(0.84203237569829,-0.537374308124676,0.0470141600309977));
#8230=DIRECTION('ref_axis',(0.539426990681681,0.838828188292233,-0.0733879571215593));
#8231=DIRECTION('',(0.,0.0871557427476613,0.996194698091745));
#8232=DIRECTION('center_axis',(-0.729073032878268,-0.681831423147953,0.0596525199611954));
#8233=DIRECTION('ref_axis',(0.684435908416328,-0.726298689875,0.063542901697793));
#8234=DIRECTION('',(0.,0.0871557427476614,0.996194698091745));
#8235=DIRECTION('',(0.,0.0871557427476614,0.996194698091745));
#8236=DIRECTION('',(0.,0.0871557427476614,0.996194698091745));
#8237=DIRECTION('',(0.,0.0871557427476614,0.996194698091745));
#8238=DIRECTION('',(0.,0.0871557427476614,0.996194698091745));
#8239=DIRECTION('',(0.,0.0871557427476614,0.996194698091745));
#8240=DIRECTION('',(0.,0.0871557427476614,0.996194698091745));
#8241=DIRECTION('',(0.,0.0871557427476614,0.996194698091745));
#8242=DIRECTION('',(0.,0.0871557427476614,0.996194698091745));
#8243=DIRECTION('',(0.,0.0871557427476614,0.996194698091745));
#8244=DIRECTION('',(0.,0.0871557427476614,0.996194698091745));
#8245=DIRECTION('',(0.,0.0871557427476614,0.996194698091745));
#8246=DIRECTION('',(0.,0.0871557427476614,0.996194698091745));
#8247=DIRECTION('',(0.,0.0871557427476614,0.996194698091745));
#8248=DIRECTION('center_axis',(-0.800000000000006,-0.597716818855039,0.0522934456485961));
#8249=DIRECTION('ref_axis',(0.599999999999992,-0.796955758473403,0.0697245941981267));
#8250=DIRECTION('',(0.,0.0871557427476613,0.996194698091745));
#8251=DIRECTION('center_axis',(-0.840039377768767,0.540460958416,-0.0472842069397575));
#8252=DIRECTION('ref_axis',(-0.542525431475671,-0.836842774321535,0.0732142559067172));
#8253=DIRECTION('',(0.,0.0871557427476614,0.996194698091745));
#8254=DIRECTION('',(0.,0.0871557427476614,0.996194698091745));
#8255=DIRECTION('',(0.,0.0871557427476614,0.996194698091745));
#8256=DIRECTION('',(0.,0.0871557427476614,0.996194698091745));
#8257=DIRECTION('',(0.,0.0871557427476614,0.996194698091745));
#8258=DIRECTION('center_axis',(0.529998940003181,-0.84477141444066,0.0739079220343205));
#8259=DIRECTION('ref_axis',(0.847998304005087,0.527982134025414,-0.0461924512714486));
#8260=DIRECTION('',(0.,0.0871557427476613,0.996194698091745));
#8261=DIRECTION('center_axis',(-0.991600411186221,-0.128847009423831,0.0112726526538035));
#8262=DIRECTION('ref_axis',(0.129339184067776,-0.987827072249308,0.0864236703458179));
#8263=DIRECTION('',(0.,0.0871557427476614,0.996194698091745));
#8264=DIRECTION('',(0.,0.0871557427476614,0.996194698091745));
#8265=DIRECTION('center_axis',(-0.995766679017971,-0.0915671525699163,0.00801108780121665));
#8266=DIRECTION('ref_axis',(0.0919169242170403,-0.991977486174128,0.0867867845131798));
#8267=DIRECTION('',(0.,0.0871557427476613,0.996194698091745));
#8268=DIRECTION('center_axis',(-0.641217764097716,0.764438931063876,-0.0668797404259669));
#8269=DIRECTION('ref_axis',(-0.76735896359235,-0.638777736916388,0.0558858104929288));
#8270=DIRECTION('',(0.,0.0871557427476614,0.996194698091745));
#8271=DIRECTION('',(0.,0.0871557427476613,0.996194698091745));
#8272=DIRECTION('',(0.,0.0871557427476613,0.996194698091745));
#8273=DIRECTION('',(0.,0.0871557427476614,0.996194698091745));
#8274=DIRECTION('',(0.,0.0871557427476614,0.996194698091745));
#8275=DIRECTION('',(0.,0.0871557427476614,0.996194698091745));
#8276=DIRECTION('',(0.,0.0871557427476614,0.996194698091745));
#8277=DIRECTION('',(0.,0.0871557427476613,0.996194698091745));
#8278=DIRECTION('',(0.,0.0871557427476613,0.996194698091745));
#8279=DIRECTION('',(0.,0.0871557427476613,0.996194698091745));
#8280=DIRECTION('',(0.,0.0871557427476613,0.996194698091745));
#8281=DIRECTION('',(0.,0.0871557427476613,0.996194698091745));
#8282=DIRECTION('',(0.,0.0871557427476613,0.996194698091745));
#8283=DIRECTION('',(0.,0.0871557427476613,0.996194698091745));
#8284=DIRECTION('',(0.,0.0871557427476613,0.996194698091745));
#8285=DIRECTION('center_axis',(0.66578762268377,-0.743302008365938,0.0650304993080735));
#8286=DIRECTION('ref_axis',(0.74614130128354,0.663254099772679,-0.0580272147672013));
#8287=DIRECTION('',(0.,0.0871557427476614,0.996194698091745));
#8288=DIRECTION('center_axis',(-0.999082895817669,-0.0426549035900672,0.00373182050792225));
#8289=DIRECTION('ref_axis',(0.0428178383922084,-0.99528108376771,0.0870758118514698));
#8290=DIRECTION('',(0.,0.0871557427476613,0.996194698091745));
#8291=DIRECTION('',(0.,0.0871557427476613,0.996194698091745));
#8292=DIRECTION('',(0.,0.0871557427476613,0.996194698091745));
#8293=DIRECTION('',(0.,0.0871557427476613,0.996194698091745));
#8294=DIRECTION('',(0.,0.0871557427476613,0.996194698091745));
#8295=DIRECTION('',(0.,0.0871557427476613,0.996194698091745));
#8296=DIRECTION('',(0.,0.0871557427476613,0.996194698091745));
#8297=DIRECTION('',(0.,0.0871557427476613,0.996194698091745));
#8298=DIRECTION('',(0.,0.0871557427476613,0.996194698091745));
#8299=DIRECTION('',(0.,0.0871557427476613,0.996194698091745));
#8300=DIRECTION('',(0.,0.0871557427476613,0.996194698091745));
#8301=DIRECTION('',(0.,0.0871557427476614,0.996194698091745));
#8302=CARTESIAN_POINT('',(0.,0.,0.));
#8303=CARTESIAN_POINT('Origin',(140.161515301,-41.8625,3.65816040998365));
#8304=CARTESIAN_POINT('',(140.161515301,-41.3625,0.15816040998365));
#8305=CARTESIAN_POINT('',(140.161515301,-41.3625,0.2));
#8306=CARTESIAN_POINT('',(140.161515301,-41.3625,1.82908020499183));
#8307=CARTESIAN_POINT('',(140.161515301,-33.9625,0.15816040998365));
#8308=CARTESIAN_POINT('',(140.161515301,-33.9625,0.15816040998365));
#8309=CARTESIAN_POINT('',(140.161515301,-33.9625,0.2));
#8310=CARTESIAN_POINT('',(140.161515301,-33.9625,3.65816040998365));
#8311=CARTESIAN_POINT('',(140.161515301,-61.4125,0.2));
#8312=CARTESIAN_POINT('Origin',(139.861515301,-33.9625,3.65816040998365));
#8313=CARTESIAN_POINT('',(139.861515301,-33.6625,0.2));
#8314=CARTESIAN_POINT('Origin',(139.861515301,-33.9625,0.2));
#8315=CARTESIAN_POINT('',(139.861515301,-33.6625,0.15816040998365));
#8316=CARTESIAN_POINT('Origin',(139.861515301,-33.9625,0.15816040998365));
#8317=CARTESIAN_POINT('',(139.861515301,-33.6625,3.65816040998365));
#8318=CARTESIAN_POINT('Origin',(155.208295027,-33.9625,3.65816040998365));
#8319=CARTESIAN_POINT('',(155.208295027,-33.6625,0.2));
#8320=CARTESIAN_POINT('',(154.908295027,-33.9625,0.2));
#8321=CARTESIAN_POINT('Origin',(155.208295027,-33.9625,0.2));
#8322=CARTESIAN_POINT('',(155.208295027,-33.6625,0.15816040998365));
#8323=CARTESIAN_POINT('',(155.208295027,-33.6625,3.65816040998365));
#8324=CARTESIAN_POINT('',(154.908295027,-33.9625,0.15816040998365));
#8325=CARTESIAN_POINT('Origin',(155.208295027,-33.9625,0.15816040998365));
#8326=CARTESIAN_POINT('',(154.908295027,-33.9625,3.65816040998365));
#8327=CARTESIAN_POINT('Origin',(154.908295027,-33.9625,3.65816040998365));
#8328=CARTESIAN_POINT('',(154.908295027,-41.3625,0.2));
#8329=CARTESIAN_POINT('',(154.908295027,-41.3625,0.15816040998365));
#8330=CARTESIAN_POINT('',(154.908295027,-41.3625,1.82908020499183));
#8331=CARTESIAN_POINT('',(154.908295027,-57.4625,0.2));
#8332=CARTESIAN_POINT('',(154.908295027,-41.8625,0.15816040998365));
#8333=CARTESIAN_POINT('Origin',(147.534905164,-37.9125,0.15816040998365));
#8334=CARTESIAN_POINT('',(84.192452582,-41.3625,0.15816040998365));
#8335=CARTESIAN_POINT('',(82.192452582,-33.6625,0.15816040998365));
#8336=CARTESIAN_POINT('Origin',(16.85,-33.6625,0.));
#8337=CARTESIAN_POINT('',(278.425,-33.6625,0.2));
#8338=CARTESIAN_POINT('',(278.425,-33.6625,0.2));
#8339=CARTESIAN_POINT('',(278.425,-33.6625,-12.4543457494654));
#8340=CARTESIAN_POINT('',(278.425,-33.6625,0.));
#8341=CARTESIAN_POINT('',(16.85,-33.6625,-12.4543457494654));
#8342=CARTESIAN_POINT('',(82.24375,-33.6625,-12.4543457494654));
#8343=CARTESIAN_POINT('',(16.85,-33.6625,0.2));
#8344=CARTESIAN_POINT('',(16.85,-33.6625,0.));
#8345=CARTESIAN_POINT('',(278.425,-33.6625,0.2));
#8346=CARTESIAN_POINT('Origin',(147.6375,-80.9625,0.2));
#8347=CARTESIAN_POINT('',(13.85,-36.6625,0.2));
#8348=CARTESIAN_POINT('Origin',(16.85,-36.6625,0.2));
#8349=CARTESIAN_POINT('',(13.85,-124.115652518318,0.2));
#8350=CARTESIAN_POINT('',(13.85,-36.6625,0.2));
#8351=CARTESIAN_POINT('',(13.8669834708782,-125.339816926975,0.2));
#8352=CARTESIAN_POINT('Origin',(57.9779523557394,-124.115642450313,0.200000000067781));
#8353=CARTESIAN_POINT('',(17.0945103066385,-128.2625,0.20000000000267));
#8354=CARTESIAN_POINT('Ctrl Pts',(13.8669834708781,-125.339816926975,0.200000000000001));
#8355=CARTESIAN_POINT('Ctrl Pts',(13.8769657420637,-125.699513467409,0.200000000000001));
#8356=CARTESIAN_POINT('Ctrl Pts',(13.9564372890225,-126.052602160901,0.200000000000003));
#8357=CARTESIAN_POINT('Ctrl Pts',(14.2452220671973,-126.71908347644,0.200000000000003));
#8358=CARTESIAN_POINT('Ctrl Pts',(14.453419412131,-127.023978333106,0.199999999999989));
#8359=CARTESIAN_POINT('Ctrl Pts',(15.01271050665,-127.593213599818,0.199999999999989));
#8360=CARTESIAN_POINT('Ctrl Pts',(15.3763368784404,-127.834843647226,0.199999999999989));
#8361=CARTESIAN_POINT('Ctrl Pts',(16.1924866006224,-128.174351722044,0.199999999999989));
#8362=CARTESIAN_POINT('Ctrl Pts',(16.642191269449,-128.2625,0.200000000000002));
#8363=CARTESIAN_POINT('Ctrl Pts',(17.0945103066407,-128.2625,0.200000000000002));
#8364=CARTESIAN_POINT('',(278.24140207635,-128.2625,0.199999999314269));
#8365=CARTESIAN_POINT('',(16.85,-128.2625,0.2));
#8366=CARTESIAN_POINT('',(281.425,-125.2625,0.200000000000001));
#8367=CARTESIAN_POINT('Ctrl Pts',(278.241402076853,-128.2625,0.200000000000001));
#8368=CARTESIAN_POINT('Ctrl Pts',(278.476208209922,-128.2625,0.200000000000001));
#8369=CARTESIAN_POINT('Ctrl Pts',(278.710616087975,-128.238205329034,0.199999999999768));
#8370=CARTESIAN_POINT('Ctrl Pts',(279.169037352045,-128.141487828472,0.199999999999768));
#8371=CARTESIAN_POINT('Ctrl Pts',(279.392229758666,-128.069467044575,0.199999999988138));
#8372=CARTESIAN_POINT('Ctrl Pts',(279.974131768616,-127.810182475542,0.199999999988138));
#8373=CARTESIAN_POINT('Ctrl Pts',(280.309257702448,-127.579124016634,0.199999999998777));
#8374=CARTESIAN_POINT('Ctrl Pts',(280.855740089847,-127.016549263004,0.199999999998777));
#8375=CARTESIAN_POINT('Ctrl Pts',(281.067691959566,-126.696240159509,0.199999999999997));
#8376=CARTESIAN_POINT('Ctrl Pts',(281.352237932675,-125.999972589765,0.199999999999997));
#8377=CARTESIAN_POINT('Ctrl Pts',(281.425,-125.633543578134,0.2));
#8378=CARTESIAN_POINT('Ctrl Pts',(281.425,-125.2625,0.2));
#8379=CARTESIAN_POINT('',(281.425,-36.6625,0.2));
#8380=CARTESIAN_POINT('',(281.425,-125.2625,0.2));
#8381=CARTESIAN_POINT('Origin',(278.425,-36.6625,0.2));
#8382=CARTESIAN_POINT('',(274.725,-41.3625,0.2));
#8383=CARTESIAN_POINT('',(20.55,-41.3625,0.2));
#8384=CARTESIAN_POINT('',(277.725,-44.3625,0.2));
#8385=CARTESIAN_POINT('Origin',(274.725,-44.3625,0.2));
#8386=CARTESIAN_POINT('',(277.725,-71.8221696206492,0.2));
#8387=CARTESIAN_POINT('',(277.725,-44.3625,0.2));
#8388=CARTESIAN_POINT('',(279.722290424092,-71.8221696206492,0.2));
#8389=CARTESIAN_POINT('',(213.679895212046,-71.8221696206492,0.2));
#8390=CARTESIAN_POINT('',(280.222290424092,-72.3221696206492,0.2));
#8391=CARTESIAN_POINT('Origin',(279.722290424092,-72.3221696206491,0.2));
#8392=CARTESIAN_POINT('',(280.222290424092,-91.3221696206492,0.2));
#8393=CARTESIAN_POINT('',(280.222290424092,-86.1423348103247,0.2));
#8394=CARTESIAN_POINT('',(279.722290424092,-91.8221696206492,0.2));
#8395=CARTESIAN_POINT('Origin',(279.722290424092,-91.3221696206492,0.2));
#8396=CARTESIAN_POINT('',(277.725,-91.8221696206492,0.2));
#8397=CARTESIAN_POINT('',(212.68125,-91.8221696206486,0.2));
#8398=CARTESIAN_POINT('',(277.725,-117.5625,0.2));
#8399=CARTESIAN_POINT('',(277.725,-44.3625,0.2));
#8400=CARTESIAN_POINT('',(274.725,-120.5625,0.2));
#8401=CARTESIAN_POINT('Origin',(274.725,-117.5625,0.2));
#8402=CARTESIAN_POINT('',(20.55,-120.5625,0.2));
#8403=CARTESIAN_POINT('',(274.725,-120.5625,0.2));
#8404=CARTESIAN_POINT('',(17.55,-117.5625,0.2));
#8405=CARTESIAN_POINT('Origin',(20.55,-117.5625,0.2));
#8406=CARTESIAN_POINT('',(17.55,-91.8221696206492,0.2));
#8407=CARTESIAN_POINT('',(17.55,-117.5625,0.2));
#8408=CARTESIAN_POINT('',(15.5522904240918,-91.8221696206492,0.2));
#8409=CARTESIAN_POINT('',(81.5948952120459,-91.8221696206492,0.2));
#8410=CARTESIAN_POINT('',(15.0522904240918,-91.3221696206492,0.2));
#8411=CARTESIAN_POINT('Origin',(15.5522904240918,-91.3221696206492,0.2));
#8412=CARTESIAN_POINT('',(15.0522904240918,-72.3221696206492,0.2));
#8413=CARTESIAN_POINT('',(15.0522904240918,-76.6423348103245,0.2));
#8414=CARTESIAN_POINT('',(15.5522904240918,-71.8221696206492,0.2));
#8415=CARTESIAN_POINT('Origin',(15.5522904240918,-72.3221696206492,0.2));
#8416=CARTESIAN_POINT('',(17.55,-71.8221696206492,0.2));
#8417=CARTESIAN_POINT('',(82.59375,-71.8221696206492,0.2));
#8418=CARTESIAN_POINT('',(17.55,-44.3625,0.2));
#8419=CARTESIAN_POINT('',(17.55,-117.5625,0.2));
#8420=CARTESIAN_POINT('',(20.55,-41.3625,0.2));
#8421=CARTESIAN_POINT('Origin',(20.55,-44.3625,0.2));
#8422=CARTESIAN_POINT('',(20.55,-41.3625,0.2));
#8423=CARTESIAN_POINT('',(269.740617540342,-123.990319634752,0.2));
#8424=CARTESIAN_POINT('Origin',(267.890617540342,-123.990319634752,0.2));
#8425=CARTESIAN_POINT('',(69.7406175403422,-123.990319634752,0.2));
#8426=CARTESIAN_POINT('Origin',(67.8906175403422,-123.990319634752,0.2));
#8427=CARTESIAN_POINT('',(27.7406175403422,-37.9903196347518,0.2));
#8428=CARTESIAN_POINT('Origin',(25.8906175403422,-37.9903196347518,0.2));
#8429=CARTESIAN_POINT('',(227.740617540342,-37.9903196347518,0.2));
#8430=CARTESIAN_POINT('Origin',(225.890617540342,-37.9903196347518,0.2));
#8431=CARTESIAN_POINT('',(157.312290424092,-125.822169620649,0.2));
#8432=CARTESIAN_POINT('',(138.312290424092,-125.822169620649,0.2));
#8433=CARTESIAN_POINT('',(142.974895212046,-125.822169620649,0.2));
#8434=CARTESIAN_POINT('',(137.812290424092,-125.322169620649,0.2));
#8435=CARTESIAN_POINT('Origin',(138.312290424092,-125.322169620649,0.2));
#8436=CARTESIAN_POINT('',(137.812290424092,-123.822169620649,0.2));
#8437=CARTESIAN_POINT('',(137.812290424092,-102.392334810325,0.2));
#8438=CARTESIAN_POINT('',(138.312290424092,-123.322169620649,0.2));
#8439=CARTESIAN_POINT('Origin',(138.312290424092,-123.822169620649,0.2));
#8440=CARTESIAN_POINT('',(157.312290424092,-123.322169620649,0.2));
#8441=CARTESIAN_POINT('',(152.474895212046,-123.322169620649,0.2));
#8442=CARTESIAN_POINT('',(157.812290424092,-123.822169620649,0.2));
#8443=CARTESIAN_POINT('Origin',(157.312290424092,-123.822169620649,0.2));
#8444=CARTESIAN_POINT('',(157.812290424092,-125.322169620649,0.2));
#8445=CARTESIAN_POINT('',(157.812290424092,-103.142334810325,0.2));
#8446=CARTESIAN_POINT('Origin',(157.312290424092,-125.322169620649,0.2));
#8447=CARTESIAN_POINT('',(269.740617540342,-37.9903196347518,0.2));
#8448=CARTESIAN_POINT('Origin',(267.890617540342,-37.9903196347518,0.2));
#8449=CARTESIAN_POINT('',(69.7406175403422,-37.9903196347518,0.2));
#8450=CARTESIAN_POINT('Origin',(67.8906175403422,-37.9903196347518,0.2));
#8451=CARTESIAN_POINT('',(27.7406175403422,-123.990319634752,0.2));
#8452=CARTESIAN_POINT('Origin',(25.8906175403422,-123.990319634752,0.2));
#8453=CARTESIAN_POINT('',(227.740617540342,-123.990319634752,0.2));
#8454=CARTESIAN_POINT('Origin',(225.890617540342,-123.990319634752,0.2));
#8455=CARTESIAN_POINT('Origin',(152.16539443318,-81.1625,-2.5));
#8456=CARTESIAN_POINT('',(152.66539443318,-81.3625,-2.5));
#8457=CARTESIAN_POINT('',(152.66539443318,-41.3625,-2.5));
#8458=CARTESIAN_POINT('',(152.66539443318,-81.1625,-2.5));
#8459=CARTESIAN_POINT('',(152.16539443318,-41.3625,-2.));
#8460=CARTESIAN_POINT('Origin',(152.16539443318,-41.3625,-2.5));
#8461=CARTESIAN_POINT('',(152.16539443318,-81.8625,-2.));
#8462=CARTESIAN_POINT('',(152.16539443318,-81.1625,-2.));
#8463=CARTESIAN_POINT('Origin',(152.16539443318,-81.8625,-2.5));
#8464=CARTESIAN_POINT('Origin',(152.65144721659,-81.8625,-2.5));
#8465=CARTESIAN_POINT('',(157.66539443318,-81.3625,-2.5));
#8466=CARTESIAN_POINT('',(152.65144721659,-81.3625,-2.5));
#8467=CARTESIAN_POINT('',(158.16539443318,-81.8625,-2.));
#8468=CARTESIAN_POINT('',(152.65144721659,-81.8625,-2.));
#8469=CARTESIAN_POINT('Origin',(158.16539443318,-81.8625,-2.5));
#8470=CARTESIAN_POINT('Origin',(158.16539443318,-61.1625,-2.5));
#8471=CARTESIAN_POINT('',(158.16539443318,-41.3625,-2.));
#8472=CARTESIAN_POINT('',(158.16539443318,-61.1625,-2.));
#8473=CARTESIAN_POINT('',(157.66539443318,-41.3625,-2.5));
#8474=CARTESIAN_POINT('Origin',(158.16539443318,-41.3625,-2.5));
#8475=CARTESIAN_POINT('',(157.66539443318,-61.1625,-2.5));
#8476=CARTESIAN_POINT('Origin',(152.66539443318,-81.3625,-2.));
#8477=CARTESIAN_POINT('',(152.66539443318,-81.3625,-5.));
#8478=CARTESIAN_POINT('',(152.66539443318,-81.3625,-2.));
#8479=CARTESIAN_POINT('',(152.66539443318,-41.3625,-5.));
#8480=CARTESIAN_POINT('',(152.66539443318,-81.3625,-5.));
#8481=CARTESIAN_POINT('',(152.66539443318,-41.3625,-2.));
#8482=CARTESIAN_POINT('Origin',(157.66539443318,-81.3625,-2.));
#8483=CARTESIAN_POINT('',(157.66539443318,-81.3625,-5.));
#8484=CARTESIAN_POINT('',(157.66539443318,-81.3625,-2.));
#8485=CARTESIAN_POINT('',(157.66539443318,-81.3625,-5.));
#8486=CARTESIAN_POINT('Origin',(157.66539443318,-41.3625,-2.));
#8487=CARTESIAN_POINT('',(157.66539443318,-41.3625,-5.));
#8488=CARTESIAN_POINT('',(157.66539443318,-41.3625,-2.));
#8489=CARTESIAN_POINT('',(157.66539443318,-41.3625,-5.));
#8490=CARTESIAN_POINT('Origin',(143.16539443318,-61.1625,-2.5));
#8491=CARTESIAN_POINT('',(143.16539443318,-81.8625,-2.));
#8492=CARTESIAN_POINT('',(143.16539443318,-41.3625,-2.));
#8493=CARTESIAN_POINT('',(143.16539443318,-61.1625,-2.));
#8494=CARTESIAN_POINT('',(142.66539443318,-41.3625,-2.5));
#8495=CARTESIAN_POINT('Origin',(143.16539443318,-41.3625,-2.5));
#8496=CARTESIAN_POINT('',(142.66539443318,-81.3625,-2.5));
#8497=CARTESIAN_POINT('',(142.66539443318,-61.1625,-2.5));
#8498=CARTESIAN_POINT('Origin',(143.16539443318,-81.8625,-2.5));
#8499=CARTESIAN_POINT('Origin',(137.16539443318,-81.1625,-2.5));
#8500=CARTESIAN_POINT('',(137.66539443318,-81.3625,-2.5));
#8501=CARTESIAN_POINT('',(137.66539443318,-41.3625,-2.5));
#8502=CARTESIAN_POINT('',(137.66539443318,-81.1625,-2.5));
#8503=CARTESIAN_POINT('',(137.16539443318,-41.3625,-2.));
#8504=CARTESIAN_POINT('Origin',(137.16539443318,-41.3625,-2.5));
#8505=CARTESIAN_POINT('',(137.16539443318,-81.8625,-2.));
#8506=CARTESIAN_POINT('',(137.16539443318,-81.1625,-2.));
#8507=CARTESIAN_POINT('Origin',(137.16539443318,-81.8625,-2.5));
#8508=CARTESIAN_POINT('Origin',(145.15144721659,-81.8625,-2.5));
#8509=CARTESIAN_POINT('',(145.15144721659,-81.3625,-2.5));
#8510=CARTESIAN_POINT('',(145.15144721659,-81.8625,-2.));
#8511=CARTESIAN_POINT('Origin',(147.6375,-80.9625,-2.));
#8512=CARTESIAN_POINT('',(20.55,-41.3625,-2.));
#8513=CARTESIAN_POINT('',(20.55,-41.3625,-2.));
#8514=CARTESIAN_POINT('',(20.55,-41.3625,-2.));
#8515=CARTESIAN_POINT('',(17.55,-44.3625,-2.));
#8516=CARTESIAN_POINT('Origin',(20.55,-44.3625,-2.));
#8517=CARTESIAN_POINT('',(17.55,-117.5625,-2.));
#8518=CARTESIAN_POINT('',(17.55,-117.5625,-2.));
#8519=CARTESIAN_POINT('',(20.55,-120.5625,-2.));
#8520=CARTESIAN_POINT('Origin',(20.55,-117.5625,-2.));
#8521=CARTESIAN_POINT('',(274.725,-120.5625,-2.));
#8522=CARTESIAN_POINT('',(274.725,-120.5625,-2.));
#8523=CARTESIAN_POINT('',(277.725,-117.5625,-2.));
#8524=CARTESIAN_POINT('Origin',(274.725,-117.5625,-2.));
#8525=CARTESIAN_POINT('',(277.725,-44.3625,-2.));
#8526=CARTESIAN_POINT('',(277.725,-44.3625,-2.));
#8527=CARTESIAN_POINT('',(274.725,-41.3625,-2.));
#8528=CARTESIAN_POINT('Origin',(274.725,-44.3625,-2.));
#8529=CARTESIAN_POINT('',(20.55,-41.3625,-2.));
#8530=CARTESIAN_POINT('Origin',(142.66539443318,-41.3625,-2.));
#8531=CARTESIAN_POINT('',(142.66539443318,-41.3625,-5.));
#8532=CARTESIAN_POINT('',(142.66539443318,-41.3625,-2.));
#8533=CARTESIAN_POINT('',(142.66539443318,-81.3625,-5.));
#8534=CARTESIAN_POINT('',(142.66539443318,-41.3625,-5.));
#8535=CARTESIAN_POINT('',(142.66539443318,-81.3625,-2.));
#8536=CARTESIAN_POINT('Origin',(137.66539443318,-81.3625,-2.));
#8537=CARTESIAN_POINT('',(137.66539443318,-81.3625,-5.));
#8538=CARTESIAN_POINT('',(137.66539443318,-81.3625,-2.));
#8539=CARTESIAN_POINT('',(137.66539443318,-41.3625,-5.));
#8540=CARTESIAN_POINT('',(137.66539443318,-81.3625,-5.));
#8541=CARTESIAN_POINT('',(137.66539443318,-41.3625,-2.));
#8542=CARTESIAN_POINT('Origin',(142.66539443318,-81.3625,-2.));
#8543=CARTESIAN_POINT('',(142.66539443318,-81.3625,-5.));
#8544=CARTESIAN_POINT('Origin',(140.16539443318,-61.3625,-5.));
#8545=CARTESIAN_POINT('',(137.66539443318,-41.3625,-5.));
#8546=CARTESIAN_POINT('Origin',(155.16539443318,-61.3625,-5.));
#8547=CARTESIAN_POINT('',(152.66539443318,-41.3625,-5.));
#8548=CARTESIAN_POINT('Origin',(267.890617540342,-123.990319634752,-0.05));
#8549=CARTESIAN_POINT('',(269.490617540342,-123.990319634752,-0.05));
#8550=CARTESIAN_POINT('Origin',(269.740617540342,-123.990319634752,-0.05));
#8551=CARTESIAN_POINT('',(266.290617540342,-123.990319634752,-0.05));
#8552=CARTESIAN_POINT('Origin',(267.890617540342,-123.990319634752,-0.05));
#8553=CARTESIAN_POINT('Origin',(267.890617540342,-123.990319634752,-0.05));
#8554=CARTESIAN_POINT('Origin',(267.890617540342,-123.990319634752,0.));
#8555=CARTESIAN_POINT('',(266.290617540342,-123.990319634752,-2.9));
#8556=CARTESIAN_POINT('',(266.290617540342,-123.990319634752,0.));
#8557=CARTESIAN_POINT('Origin',(267.890617540342,-123.990319634752,-2.9));
#8558=CARTESIAN_POINT('Origin',(225.890617540342,-123.990319634752,-0.05));
#8559=CARTESIAN_POINT('',(227.490617540342,-123.990319634752,-0.05));
#8560=CARTESIAN_POINT('Origin',(227.740617540342,-123.990319634752,-0.05));
#8561=CARTESIAN_POINT('Origin',(225.890617540342,-123.990319634752,-0.05));
#8562=CARTESIAN_POINT('Origin',(225.890617540342,-123.990319634752,1.55));
#8563=CARTESIAN_POINT('',(227.490617540342,-123.990319634752,-2.9));
#8564=CARTESIAN_POINT('Origin',(225.890617540342,-123.990319634752,-2.9));
#8565=CARTESIAN_POINT('',(227.490617540342,-123.990319634752,1.55));
#8566=CARTESIAN_POINT('Origin',(67.8906175403422,-123.990319634752,-0.05));
#8567=CARTESIAN_POINT('',(69.4906175403422,-123.990319634752,-0.05));
#8568=CARTESIAN_POINT('Origin',(69.7406175403422,-123.990319634752,-0.05));
#8569=CARTESIAN_POINT('Origin',(67.8906175403422,-123.990319634752,-0.05));
#8570=CARTESIAN_POINT('Origin',(67.8906175403422,-123.990319634752,1.55));
#8571=CARTESIAN_POINT('',(69.4906175403422,-123.990319634752,-2.9));
#8572=CARTESIAN_POINT('Origin',(67.8906175403422,-123.990319634752,-2.9));
#8573=CARTESIAN_POINT('',(69.4906175403422,-123.990319634752,1.55));
#8574=CARTESIAN_POINT('Origin',(25.8906175403422,-123.990319634752,-0.05));
#8575=CARTESIAN_POINT('',(27.4906175403422,-123.990319634752,-0.05));
#8576=CARTESIAN_POINT('Origin',(27.7406175403422,-123.990319634752,-0.05));
#8577=CARTESIAN_POINT('Origin',(25.8906175403422,-123.990319634752,-0.05));
#8578=CARTESIAN_POINT('Origin',(25.8906175403422,-123.990319634752,1.55));
#8579=CARTESIAN_POINT('',(27.4906175403422,-123.990319634752,-2.9));
#8580=CARTESIAN_POINT('Origin',(25.8906175403422,-123.990319634752,-2.9));
#8581=CARTESIAN_POINT('',(27.4906175403422,-123.990319634752,1.55));
#8582=CARTESIAN_POINT('Origin',(25.8906175403422,-37.9903196347518,-0.05));
#8583=CARTESIAN_POINT('',(27.4906175403422,-37.9903196347518,-0.05));
#8584=CARTESIAN_POINT('Origin',(27.7406175403422,-37.9903196347518,-0.05));
#8585=CARTESIAN_POINT('Origin',(25.8906175403422,-37.9903196347518,-0.05));
#8586=CARTESIAN_POINT('Origin',(25.8906175403422,-37.9903196347518,1.55));
#8587=CARTESIAN_POINT('',(27.4906175403422,-37.9903196347518,-2.9));
#8588=CARTESIAN_POINT('Origin',(25.8906175403422,-37.9903196347518,-2.9));
#8589=CARTESIAN_POINT('',(27.4906175403422,-37.9903196347518,1.55));
#8590=CARTESIAN_POINT('Origin',(67.8906175403422,-37.9903196347518,-0.05));
#8591=CARTESIAN_POINT('',(69.4906175403422,-37.9903196347518,-0.05));
#8592=CARTESIAN_POINT('Origin',(69.7406175403422,-37.9903196347518,-0.05));
#8593=CARTESIAN_POINT('Origin',(67.8906175403422,-37.9903196347518,-0.05));
#8594=CARTESIAN_POINT('Origin',(67.8906175403422,-37.9903196347518,1.55));
#8595=CARTESIAN_POINT('',(69.4906175403422,-37.9903196347518,-2.9));
#8596=CARTESIAN_POINT('Origin',(67.8906175403422,-37.9903196347518,-2.9));
#8597=CARTESIAN_POINT('',(69.4906175403422,-37.9903196347518,1.55));
#8598=CARTESIAN_POINT('Origin',(225.890617540342,-37.9903196347518,-0.05));
#8599=CARTESIAN_POINT('',(227.490617540342,-37.9903196347518,-0.05));
#8600=CARTESIAN_POINT('Origin',(227.740617540342,-37.9903196347518,-0.05));
#8601=CARTESIAN_POINT('Origin',(225.890617540342,-37.9903196347518,-0.05));
#8602=CARTESIAN_POINT('Origin',(225.890617540342,-37.9903196347518,1.55));
#8603=CARTESIAN_POINT('',(227.490617540342,-37.9903196347518,-2.9));
#8604=CARTESIAN_POINT('Origin',(225.890617540342,-37.9903196347518,-2.9));
#8605=CARTESIAN_POINT('',(227.490617540342,-37.9903196347518,1.55));
#8606=CARTESIAN_POINT('Origin',(267.890617540342,-37.9903196347518,-0.05));
#8607=CARTESIAN_POINT('',(269.490617540342,-37.9903196347518,-0.05));
#8608=CARTESIAN_POINT('Origin',(269.740617540342,-37.9903196347518,-0.05));
#8609=CARTESIAN_POINT('Origin',(267.890617540342,-37.9903196347518,-0.05));
#8610=CARTESIAN_POINT('Origin',(267.890617540342,-37.9903196347518,1.55));
#8611=CARTESIAN_POINT('',(269.490617540342,-37.9903196347518,-2.9));
#8612=CARTESIAN_POINT('Origin',(267.890617540342,-37.9903196347518,-2.9));
#8613=CARTESIAN_POINT('',(269.490617540342,-37.9903196347518,1.55));
#8614=CARTESIAN_POINT('Origin',(267.890617540342,-37.9903196347518,-2.9));
#8615=CARTESIAN_POINT('Origin',(225.890617540342,-37.9903196347518,-2.9));
#8616=CARTESIAN_POINT('Origin',(67.8906175403422,-37.9903196347518,-2.9));
#8617=CARTESIAN_POINT('Origin',(25.8906175403422,-37.9903196347518,-2.9));
#8618=CARTESIAN_POINT('Origin',(25.8906175403422,-123.990319634752,-2.9));
#8619=CARTESIAN_POINT('Origin',(67.8906175403422,-123.990319634752,-2.9));
#8620=CARTESIAN_POINT('Origin',(225.890617540342,-123.990319634752,-2.9));
#8621=CARTESIAN_POINT('Origin',(267.890617540342,-123.990319634752,-2.9));
#8622=CARTESIAN_POINT('Origin',(156.126619791667,-80.9886467228243,-8.65873470587967));
#8623=CARTESIAN_POINT('',(257.348854166667,-101.051842644029,-6.90343250867469));
#8624=CARTESIAN_POINT('',(258.198960416667,-105.206739806305,-6.53992610885959));
#8625=CARTESIAN_POINT('Ctrl Pts',(257.348854166667,-101.051842644029,-6.90343250867473));
#8626=CARTESIAN_POINT('Ctrl Pts',(257.348854166667,-101.129908150181,-6.89660266187399));
#8627=CARTESIAN_POINT('Ctrl Pts',(257.348854166667,-101.207973656334,-6.88977281507325));
#8628=CARTESIAN_POINT('Ctrl Pts',(257.348854166667,-101.286039162487,-6.88294296827252));
#8629=CARTESIAN_POINT('Ctrl Pts',(257.348854166667,-101.380135977939,-6.87471056364661));
#8630=CARTESIAN_POINT('Ctrl Pts',(257.726679166667,-103.16797547152,-6.71829487575434));
#8631=CARTESIAN_POINT('Ctrl Pts',(258.198960416667,-105.206739806305,-6.53992610885966));
#8632=CARTESIAN_POINT('',(254.452195833333,-104.548062098143,-6.59755294124096));
#8633=CARTESIAN_POINT('Ctrl Pts',(254.452195833333,-104.548062098143,-6.59755294124098));
#8634=CARTESIAN_POINT('Ctrl Pts',(255.081904166667,-103.826653179681,-6.66066804337295));
#8635=CARTESIAN_POINT('Ctrl Pts',(255.99498125,-102.760222604562,-6.75396862913324));
#8636=CARTESIAN_POINT('Ctrl Pts',(256.4672625,-102.164276106702,-6.806107191764));
#8637=CARTESIAN_POINT('Ctrl Pts',(256.761126388889,-101.793464952477,-6.8385489640676));
#8638=CARTESIAN_POINT('Ctrl Pts',(257.054990277778,-101.422653798253,-6.8709907363712));
#8639=CARTESIAN_POINT('Ctrl Pts',(257.348854166667,-101.051842644029,-6.9034325086748));
#8640=CARTESIAN_POINT('',(253.287235416667,-105.802686304165,-6.48778754622886));
#8641=CARTESIAN_POINT('',(237.095281640605,-123.240890091687,-4.96214240256577));
#8642=CARTESIAN_POINT('',(253.72803125,-108.311934716208,-6.26825675620462));
#8643=CARTESIAN_POINT('',(249.949312770447,-86.8014243452828,-8.15018256031738));
#8644=CARTESIAN_POINT('',(251.996333333333,-120.826811171275,-5.17334694095879));
#8645=CARTESIAN_POINT('Ctrl Pts',(251.996333333333,-120.826811171275,-5.17334694095879));
#8646=CARTESIAN_POINT('Ctrl Pts',(254.231797916667,-116.310164029597,-5.5685023630024));
#8647=CARTESIAN_POINT('Ctrl Pts',(254.641108333333,-113.330431540295,-5.82919517615617));
#8648=CARTESIAN_POINT('Ctrl Pts',(253.72803125,-108.311934716208,-6.26825675620462));
#8649=CARTESIAN_POINT('',(249.676037137682,-124.800062628549,-4.82573248110942));
#8650=CARTESIAN_POINT('Ctrl Pts',(249.676037137682,-124.80006262855,-4.82573248110937));
#8651=CARTESIAN_POINT('Ctrl Pts',(250.516739562366,-123.580171667336,-4.93245911095328));
#8652=CARTESIAN_POINT('Ctrl Pts',(251.282699174927,-122.262725896583,-5.04772068070433));
#8653=CARTESIAN_POINT('Ctrl Pts',(251.996333333333,-120.826811171275,-5.17334694095877));
#8654=CARTESIAN_POINT('',(242.355474490505,-124.800062628549,-4.82573248110939));
#8655=CARTESIAN_POINT('',(93.2611492952875,-124.800062628549,-4.82573248110938));
#8656=CARTESIAN_POINT('',(248.06065625,-114.898711797822,-5.69198843239103));
#8657=CARTESIAN_POINT('Ctrl Pts',(248.06065625,-114.898711797822,-5.69198843239106));
#8658=CARTESIAN_POINT('Ctrl Pts',(247.255457907492,-118.382266557746,-5.38721688212596));
#8659=CARTESIAN_POINT('Ctrl Pts',(245.206341054494,-121.882567061251,-5.08098026913519));
#8660=CARTESIAN_POINT('Ctrl Pts',(242.355474490505,-124.800062628549,-4.82573248110943));
#8661=CARTESIAN_POINT('',(248.469966666667,-111.699420072467,-5.9718901896719));
#8662=CARTESIAN_POINT('Ctrl Pts',(248.469966666667,-111.699420072466,-5.97189018967192));
#8663=CARTESIAN_POINT('Ctrl Pts',(248.5329375,-112.264000965177,-5.92249576191647));
#8664=CARTESIAN_POINT('Ctrl Pts',(248.344025,-113.706818802102,-5.79626555765254));
#8665=CARTESIAN_POINT('Ctrl Pts',(248.06065625,-114.898711797822,-5.69198843239104));
#8666=CARTESIAN_POINT('',(248.375510416667,-110.632989497349,-6.06519077543222));
#8667=CARTESIAN_POINT('',(246.716491914898,-91.9023278950354,-7.70391132597488));
#8668=CARTESIAN_POINT('',(246.54935625,-112.075807334273,-5.93896057116828));
#8669=CARTESIAN_POINT('',(226.391991147017,-128.001848216725,-4.54561253910332));
#8670=CARTESIAN_POINT('',(208.8613125,-124.433855763587,-4.85777143029896));
#8671=CARTESIAN_POINT('Ctrl Pts',(208.8613125,-124.433855763587,-4.85777143029894));
#8672=CARTESIAN_POINT('Ctrl Pts',(222.777866666667,-124.433855763587,-4.85777143029894));
#8673=CARTESIAN_POINT('Ctrl Pts',(236.53699375,-119.917208621908,-5.25292685234255));
#8674=CARTESIAN_POINT('Ctrl Pts',(246.54935625,-112.075807334273,-5.93896057116825));
#8675=CARTESIAN_POINT('',(198.94340625,-123.649715634824,-4.92637480218154));
#8676=CARTESIAN_POINT('Ctrl Pts',(198.94340625,-123.649715634824,-4.92637480218153));
#8677=CARTESIAN_POINT('Ctrl Pts',(202.406802083333,-124.277027737835,-4.87149210467547));
#8678=CARTESIAN_POINT('Ctrl Pts',(204.390383333333,-124.433855763588,-4.85777143029896));
#8679=CARTESIAN_POINT('Ctrl Pts',(208.8613125,-124.433855763588,-4.85777143029896));
#8680=CARTESIAN_POINT('',(197.683989583333,-123.43015639877,-4.94558374630868));
#8681=CARTESIAN_POINT('',(173.905697320111,-119.284789879367,-5.30825632291626));
#8682=CARTESIAN_POINT('',(199.000612077082,-124.800062628549,-4.82573248110939));
#8683=CARTESIAN_POINT('',(177.813721106521,-102.755737798898,-6.75436099878694));
#8684=CARTESIAN_POINT('',(191.856525725044,-124.800062628549,-4.82573248110943));
#8685=CARTESIAN_POINT('',(93.2611492952875,-124.800062628549,-4.82573248110938));
#8686=CARTESIAN_POINT('',(190.221945833333,-122.583285059705,-5.01967538794183));
#8687=CARTESIAN_POINT('Ctrl Pts',(190.221945833333,-122.583285059705,-5.01967538794187));
#8688=CARTESIAN_POINT('Ctrl Pts',(190.6101685812,-123.180218243625,-4.96745050146639));
#8689=CARTESIAN_POINT('Ctrl Pts',(191.186156459168,-123.955187566586,-4.89964947112696));
#8690=CARTESIAN_POINT('Ctrl Pts',(191.856525725044,-124.800062628549,-4.82573248110941));
#8691=CARTESIAN_POINT('',(191.29245,-116.4983576605,-5.55203755375057));
#8692=CARTESIAN_POINT('Ctrl Pts',(191.29245,-116.498357660499,-5.55203755375059));
#8693=CARTESIAN_POINT('Ctrl Pts',(189.11995625,-117.251132184113,-5.48617831674333));
#8694=CARTESIAN_POINT('Ctrl Pts',(188.647675,-120.074036647662,-5.23920617796607));
#8695=CARTESIAN_POINT('Ctrl Pts',(190.221945833333,-122.583285059705,-5.01967538794185));
#8696=CARTESIAN_POINT('',(195.857835416667,-117.219766578962,-5.48892245161861));
#8697=CARTESIAN_POINT('Ctrl Pts',(195.857835416667,-117.219766578962,-5.4889224516186));
#8698=CARTESIAN_POINT('Ctrl Pts',(193.622370833333,-116.717916896553,-5.53282860962345));
#8699=CARTESIAN_POINT('Ctrl Pts',(191.57581875,-116.404260845048,-5.56026995837648));
#8700=CARTESIAN_POINT('Ctrl Pts',(191.29245,-116.498357660499,-5.55203755375057));
#8701=CARTESIAN_POINT('',(211.537572916667,-118.693950021038,-5.35994811247938));
#8702=CARTESIAN_POINT('Ctrl Pts',(211.537572916667,-118.693950021038,-5.35994811247939));
#8703=CARTESIAN_POINT('Ctrl Pts',(205.964654166667,-118.913509257092,-5.34073916835227));
#8704=CARTESIAN_POINT('Ctrl Pts',(201.525210416667,-118.474390784984,-5.37915705660651));
#8705=CARTESIAN_POINT('Ctrl Pts',(195.857835416667,-117.219766578963,-5.48892245161862));
#8706=CARTESIAN_POINT('',(248.218083333333,-103.105244261218,-6.72378314550488));
#8707=CARTESIAN_POINT('Ctrl Pts',(248.218083333333,-103.105244261218,-6.72378314550491));
#8708=CARTESIAN_POINT('Ctrl Pts',(238.363147916667,-112.985409883639,-5.85938065978453));
#8709=CARTESIAN_POINT('Ctrl Pts',(226.272747916667,-118.129369128328,-5.40934254023486));
#8710=CARTESIAN_POINT('Ctrl Pts',(211.537572916667,-118.693950021038,-5.35994811247941));
#8711=CARTESIAN_POINT('',(255.869039583333,-88.6457002868177,-7.98882932301948));
#8712=CARTESIAN_POINT('Ctrl Pts',(255.869039583333,-88.6457002868177,-7.98882932301948));
#8713=CARTESIAN_POINT('Ctrl Pts',(255.05041875,-94.1974123984637,-7.50311745009089));
#8714=CARTESIAN_POINT('Ctrl Pts',(252.751983333333,-98.5572315143892,-7.12168270242379));
#8715=CARTESIAN_POINT('Ctrl Pts',(248.218083333333,-103.105244261217,-6.72378314550488));
#8716=CARTESIAN_POINT('',(252.626041666667,-72.7747040806429,-9.37736156992271));
#8717=CARTESIAN_POINT('Ctrl Pts',(252.626041666667,-72.774704080643,-9.37736156992271));
#8718=CARTESIAN_POINT('Ctrl Pts',(255.207845833333,-78.2323193768374,-8.89988210162002));
#8719=CARTESIAN_POINT('Ctrl Pts',(256.4672625,-84.4427091966449,-8.35654339631006));
#8720=CARTESIAN_POINT('Ctrl Pts',(255.869039583333,-88.6457002868177,-7.98882932301948));
#8721=CARTESIAN_POINT('',(251.303654166667,-70.1713588531479,-9.60512476457284));
#8722=CARTESIAN_POINT('Ctrl Pts',(251.303654166667,-70.1713588531479,-9.60512476457284));
#8723=CARTESIAN_POINT('Ctrl Pts',(251.366625,-70.1713588531479,-9.60512476457284));
#8724=CARTESIAN_POINT('Ctrl Pts',(251.964847916667,-71.331886243718,-9.50359177418664));
#8725=CARTESIAN_POINT('Ctrl Pts',(252.626041666667,-72.774704080643,-9.37736156992271));
#8726=CARTESIAN_POINT('',(249.823839583333,-72.3983168188365,-9.41029118842634));
#8727=CARTESIAN_POINT('Ctrl Pts',(249.823839583333,-72.3983168188365,-9.41029118842634));
#8728=CARTESIAN_POINT('Ctrl Pts',(250.579489583333,-71.1750582179653,-9.51731244856315));
#8729=CARTESIAN_POINT('Ctrl Pts',(251.240683333333,-70.2027244582985,-9.60238062969754));
#8730=CARTESIAN_POINT('Ctrl Pts',(251.303654166667,-70.1713588531479,-9.60512476457284));
#8731=CARTESIAN_POINT('',(248.62739375,-75.2839524926864,-9.15783077989848));
#8732=CARTESIAN_POINT('Ctrl Pts',(248.62739375,-75.2839524926864,-9.15783077989848));
#8733=CARTESIAN_POINT('Ctrl Pts',(248.5329375,-74.8134684154283,-9.19899280302803));
#8734=CARTESIAN_POINT('Ctrl Pts',(248.879277083333,-73.9038658660625,-9.27857271441181));
#8735=CARTESIAN_POINT('Ctrl Pts',(249.823839583333,-72.3983168188365,-9.41029118842634));
#8736=CARTESIAN_POINT('',(249.446014583333,-78.4832442180418,-8.87792902261759));
#8737=CARTESIAN_POINT('Ctrl Pts',(249.446014583333,-78.4832442180418,-8.87792902261759));
#8738=CARTESIAN_POINT('Ctrl Pts',(249.099675,-77.1031575914179,-8.99867095713092));
#8739=CARTESIAN_POINT('Ctrl Pts',(248.72185,-75.6603397544929,-9.12490116139485));
#8740=CARTESIAN_POINT('Ctrl Pts',(248.62739375,-75.2839524926864,-9.15783077989848));
#8741=CARTESIAN_POINT('',(249.4775,-86.6696671623335,-8.16170982016356));
#8742=CARTESIAN_POINT('Ctrl Pts',(249.4775,-86.6696671623335,-8.16170982016355));
#8743=CARTESIAN_POINT('Ctrl Pts',(250.264635416667,-83.5331066472792,-8.43612330769384));
#8744=CARTESIAN_POINT('Ctrl Pts',(250.264635416667,-81.6511703382466,-8.60077140021201));
#8745=CARTESIAN_POINT('Ctrl Pts',(249.446014583333,-78.4832442180418,-8.87792902261759));
#8746=CARTESIAN_POINT('',(243.022989583333,-97.0203168620125,-7.25614531131363));
#8747=CARTESIAN_POINT('Ctrl Pts',(243.022989583333,-97.0203168620125,-7.25614531131364));
#8748=CARTESIAN_POINT('Ctrl Pts',(246.675297916667,-93.3191754542485,-7.57995322659936));
#8749=CARTESIAN_POINT('Ctrl Pts',(248.501452083333,-90.402174175248,-7.83515777000253));
#8750=CARTESIAN_POINT('Ctrl Pts',(249.4775,-86.6696671623335,-8.16170982016356));
#8751=CARTESIAN_POINT('',(225.139272916667,-107.653257008047,-6.32588358858597));
#8752=CARTESIAN_POINT('Ctrl Pts',(225.139272916667,-107.653257008047,-6.32588358858598));
#8753=CARTESIAN_POINT('Ctrl Pts',(232.538345833333,-105.175374201153,-6.5426702437349));
#8754=CARTESIAN_POINT('Ctrl Pts',(238.23720625,-101.787888844896,-6.83903681026761));
#8755=CARTESIAN_POINT('Ctrl Pts',(243.022989583333,-97.0203168620125,-7.25614531131363));
#8756=CARTESIAN_POINT('',(189.87560625,-106.367267196875,-6.43839311847338));
#8757=CARTESIAN_POINT('Ctrl Pts',(189.87560625,-106.367267196875,-6.43839311847337));
#8758=CARTESIAN_POINT('Ctrl Pts',(200.36025,-111.448495231263,-5.99384326867432));
#8759=CARTESIAN_POINT('Ctrl Pts',(212.419164583333,-111.88761370337,-5.95542538042007));
#8760=CARTESIAN_POINT('Ctrl Pts',(225.139272916667,-107.653257008047,-6.32588358858596));
#8761=CARTESIAN_POINT('',(176.872129166667,-96.1734455229479,-7.3302369529468));
#8762=CARTESIAN_POINT('Ctrl Pts',(176.872129166667,-96.1734455229479,-7.33023695294681));
#8763=CARTESIAN_POINT('Ctrl Pts',(181.248602083333,-101.097845531583,-6.89940777752427));
#8764=CARTESIAN_POINT('Ctrl Pts',(184.932395833333,-103.983481205433,-6.6469473689964));
#8765=CARTESIAN_POINT('Ctrl Pts',(189.87560625,-106.367267196874,-6.43839311847339));
#8766=CARTESIAN_POINT('',(167.174620833333,-87.2969792653442,-8.1068271226575));
#8767=CARTESIAN_POINT('Ctrl Pts',(167.174620833333,-87.2969792653443,-8.1068271226575));
#8768=CARTESIAN_POINT('Ctrl Pts',(169.976822916667,-89.1475499692263,-7.94492316501464));
#8769=CARTESIAN_POINT('Ctrl Pts',(173.377247916667,-92.2527448791301,-7.67325381235966));
#8770=CARTESIAN_POINT('Ctrl Pts',(176.872129166667,-96.1734455229479,-7.33023695294681));
#8771=CARTESIAN_POINT('',(159.712577083333,-83.062622570021,-8.47728533082338));
#8772=CARTESIAN_POINT('Ctrl Pts',(159.712577083333,-83.062622570021,-8.47728533082338));
#8773=CARTESIAN_POINT('Ctrl Pts',(159.995945833333,-82.6235040979134,-8.51570321907762));
#8774=CARTESIAN_POINT('Ctrl Pts',(160.02743125,-82.654869703064,-8.51295908420232));
#8775=CARTESIAN_POINT('Ctrl Pts',(167.174620833333,-87.2969792653443,-8.1068271226575));
#8776=CARTESIAN_POINT('',(160.184858333333,-87.6106353168497,-8.07938577390447));
#8777=CARTESIAN_POINT('Ctrl Pts',(160.184858333333,-87.6106353168497,-8.07938577390448));
#8778=CARTESIAN_POINT('Ctrl Pts',(159.429208333333,-85.9796238490215,-8.22208078742022));
#8779=CARTESIAN_POINT('Ctrl Pts',(159.208810416667,-83.8781283039351,-8.40593782406551));
#8780=CARTESIAN_POINT('Ctrl Pts',(159.712577083333,-83.062622570021,-8.47728533082338));
#8781=CARTESIAN_POINT('',(165.254010416667,-93.6955627160551,-7.54702360809573));
#8782=CARTESIAN_POINT('Ctrl Pts',(165.254010416667,-93.6955627160551,-7.54702360809572));
#8783=CARTESIAN_POINT('Ctrl Pts',(162.325866666667,-90.6530990164524,-7.81320469100009));
#8784=CARTESIAN_POINT('Ctrl Pts',(160.688625,-88.6770658919682,-7.98608518814417));
#8785=CARTESIAN_POINT('Ctrl Pts',(160.184858333333,-87.6106353168497,-8.07938577390447));
#8786=CARTESIAN_POINT('',(176.84064375,-107.088676115337,-6.37527801634142));
#8787=CARTESIAN_POINT('Ctrl Pts',(176.84064375,-107.088676115337,-6.37527801634145));
#8788=CARTESIAN_POINT('Ctrl Pts',(174.447752083333,-103.826653179681,-6.66066804337295));
#8789=CARTESIAN_POINT('Ctrl Pts',(169.504541666667,-98.1181130422816,-7.16010059067806));
#8790=CARTESIAN_POINT('Ctrl Pts',(165.254010416667,-93.6955627160551,-7.54702360809576));
#8791=CARTESIAN_POINT('',(180.209583333333,-113.738184407252,-5.79352142277723));
#8792=CARTESIAN_POINT('Ctrl Pts',(180.209583333333,-113.738184407252,-5.79352142277726));
#8793=CARTESIAN_POINT('Ctrl Pts',(180.209583333333,-112.703119437284,-5.88407787366225));
#8794=CARTESIAN_POINT('Ctrl Pts',(178.509370833333,-109.378365291327,-6.17495617044435));
#8795=CARTESIAN_POINT('Ctrl Pts',(176.84064375,-107.088676115337,-6.37527801634145));
#8796=CARTESIAN_POINT('',(176.494304166667,-115.463292690532,-5.64259400463557));
#8797=CARTESIAN_POINT('Ctrl Pts',(176.494304166667,-115.463292690531,-5.64259400463559));
#8798=CARTESIAN_POINT('Ctrl Pts',(178.068575,-116.561088870801,-5.546549284));
#8799=CARTESIAN_POINT('Ctrl Pts',(180.209583333333,-115.557389505984,-5.63436160000968));
#8800=CARTESIAN_POINT('Ctrl Pts',(180.209583333333,-113.738184407252,-5.79352142277725));
#8801=CARTESIAN_POINT('',(174.57369375,-113.204969119693,-5.84017171565737));
#8802=CARTESIAN_POINT('Ctrl Pts',(174.57369375,-113.204969119693,-5.84017171565739));
#8803=CARTESIAN_POINT('Ctrl Pts',(175.2348875,-114.17730287936,-5.755103534523));
#8804=CARTESIAN_POINT('Ctrl Pts',(176.116479166667,-115.212367849328,-5.66454708363801));
#8805=CARTESIAN_POINT('Ctrl Pts',(176.494304166667,-115.463292690531,-5.64259400463558));
#8806=CARTESIAN_POINT('',(171.393666666667,-109.064709239821,-6.20239751919735));
#8807=CARTESIAN_POINT('Ctrl Pts',(171.393666666667,-109.064709239821,-6.20239751919732));
#8808=CARTESIAN_POINT('Ctrl Pts',(172.464170833333,-110.350699050993,-6.0898879893099));
#8809=CARTESIAN_POINT('Ctrl Pts',(173.881014583333,-112.232635360025,-5.92523989679172));
#8810=CARTESIAN_POINT('Ctrl Pts',(174.57369375,-113.204969119692,-5.84017171565734));
#8811=CARTESIAN_POINT('',(167.080164583333,-103.732556364229,-6.66890044799883));
#8812=CARTESIAN_POINT('Ctrl Pts',(167.080164583333,-103.732556364229,-6.66890044799884));
#8813=CARTESIAN_POINT('Ctrl Pts',(168.402552083333,-105.363567832057,-6.52620543448309));
#8814=CARTESIAN_POINT('Ctrl Pts',(170.354647916667,-107.778719428649,-6.31490704908478));
#8815=CARTESIAN_POINT('Ctrl Pts',(171.393666666667,-109.064709239822,-6.20239751919736));
#8816=CARTESIAN_POINT('',(157.634539583333,-93.5073690851518,-7.56348841734754));
#8817=CARTESIAN_POINT('Ctrl Pts',(157.634539583333,-93.5073690851518,-7.56348841734754));
#8818=CARTESIAN_POINT('Ctrl Pts',(157.886422916667,-93.2564442439474,-7.58544149634997));
#8819=CARTESIAN_POINT('Ctrl Pts',(163.5223125,-99.3727372483033,-7.05033519566592));
#8820=CARTESIAN_POINT('Ctrl Pts',(167.080164583333,-103.732556364228,-6.66890044799883));
#8821=CARTESIAN_POINT('',(155.9658125,-99.9059525358625,-7.00368490278577));
#8822=CARTESIAN_POINT('Ctrl Pts',(155.9658125,-99.9059525358625,-7.00368490278577));
#8823=CARTESIAN_POINT('Ctrl Pts',(155.9658125,-99.1531780122495,-7.06954413979304));
#8824=CARTESIAN_POINT('Ctrl Pts',(157.38265625,-93.7582939263562,-7.54153533834512));
#8825=CARTESIAN_POINT('Ctrl Pts',(157.634539583333,-93.5073690851518,-7.56348841734754));
#8826=CARTESIAN_POINT('',(158.6105875,-103.575728338476,-6.68262112237533));
#8827=CARTESIAN_POINT('Ctrl Pts',(158.6105875,-103.575728338476,-6.68262112237531));
#8828=CARTESIAN_POINT('Ctrl Pts',(156.910375,-101.693792029443,-6.84726921489348));
#8829=CARTESIAN_POINT('Ctrl Pts',(155.9658125,-100.37643661312,-6.9625228796562));
#8830=CARTESIAN_POINT('Ctrl Pts',(155.9658125,-99.9059525358623,-7.00368490278574));
#8831=CARTESIAN_POINT('',(174.248156475082,-124.800062628549,-4.82573248110939));
#8832=CARTESIAN_POINT('Ctrl Pts',(174.248156475082,-124.800062628549,-4.82573248110939));
#8833=CARTESIAN_POINT('Ctrl Pts',(169.158591320372,-117.166140414176,-5.49361413310579));
#8834=CARTESIAN_POINT('Ctrl Pts',(161.858836740417,-107.19380858522,-6.36608011705817));
#8835=CARTESIAN_POINT('Ctrl Pts',(158.6105875,-103.575728338477,-6.68262112237534));
#8836=CARTESIAN_POINT('',(167.500503733758,-124.800062628549,-4.82573248110939));
#8837=CARTESIAN_POINT('',(93.2611492952875,-124.800062628549,-4.82573248110938));
#8838=CARTESIAN_POINT('',(164.152020833333,-120.011305437361,-5.24469444771666));
#8839=CARTESIAN_POINT('Ctrl Pts',(164.152020833333,-120.011305437361,-5.24469444771666));
#8840=CARTESIAN_POINT('Ctrl Pts',(165.263711367461,-121.684800874898,-5.09828256846982));
#8841=CARTESIAN_POINT('Ctrl Pts',(166.608004514483,-123.609323592972,-4.92990864794021));
#8842=CARTESIAN_POINT('Ctrl Pts',(167.500503733758,-124.80006262855,-4.8257324811094));
#8843=CARTESIAN_POINT('',(156.501064583333,-109.848849368585,-6.13379414731478));
#8844=CARTESIAN_POINT('Ctrl Pts',(156.501064583333,-109.848849368585,-6.13379414731478));
#8845=CARTESIAN_POINT('Ctrl Pts',(159.55515,-113.424528355747,-5.82096277153026));
#8846=CARTESIAN_POINT('Ctrl Pts',(161.412789583333,-115.90241116264,-5.60417611638134));
#8847=CARTESIAN_POINT('Ctrl Pts',(164.152020833333,-120.011305437361,-5.24469444771666));
#8848=CARTESIAN_POINT('',(154.580454166667,-107.621891402896,-6.32862772346128));
#8849=CARTESIAN_POINT('Ctrl Pts',(154.580454166667,-107.621891402896,-6.32862772346125));
#8850=CARTESIAN_POINT('Ctrl Pts',(154.611939583333,-107.653257008046,-6.32588358858595));
#8851=CARTESIAN_POINT('Ctrl Pts',(155.462045833333,-108.625590767713,-6.24081540745156));
#8852=CARTESIAN_POINT('Ctrl Pts',(156.501064583333,-109.848849368584,-6.13379414731475));
#8853=CARTESIAN_POINT('',(153.60440625,-109.033343634671,-6.20514165407265));
#8854=CARTESIAN_POINT('Ctrl Pts',(153.60440625,-109.033343634671,-6.20514165407265));
#8855=CARTESIAN_POINT('Ctrl Pts',(154.139658333333,-108.217837900757,-6.27648916083051));
#8856=CARTESIAN_POINT('Ctrl Pts',(154.54896875,-107.590525797745,-6.33137185833658));
#8857=CARTESIAN_POINT('Ctrl Pts',(154.580454166667,-107.621891402897,-6.32862772346128));
#8858=CARTESIAN_POINT('',(147.086925,-112.420828990929,-5.90877508753994));
#8859=CARTESIAN_POINT('Ctrl Pts',(147.086925,-112.420828990929,-5.90877508753992));
#8860=CARTESIAN_POINT('Ctrl Pts',(150.266952083333,-112.232635360025,-5.92523989679174));
#8861=CARTESIAN_POINT('Ctrl Pts',(152.124591666667,-111.260301600359,-6.01030807792613));
#8862=CARTESIAN_POINT('Ctrl Pts',(153.60440625,-109.03334363467,-6.20514165407263));
#8863=CARTESIAN_POINT('',(139.467454166667,-110.225236630391,-6.10086452881113));
#8864=CARTESIAN_POINT('Ctrl Pts',(139.467454166667,-110.225236630391,-6.10086452881112));
#8865=CARTESIAN_POINT('Ctrl Pts',(141.32509375,-112.013076123972,-5.94444884091886));
#8866=CARTESIAN_POINT('Ctrl Pts',(143.4975875,-112.640388226982,-5.88956614341281));
#8867=CARTESIAN_POINT('Ctrl Pts',(147.086925,-112.420828990929,-5.90877508753992));
#8868=CARTESIAN_POINT('',(137.92466875,-108.43739713681,-6.2572802167034));
#8869=CARTESIAN_POINT('Ctrl Pts',(137.92466875,-108.43739713681,-6.25728021670339));
#8870=CARTESIAN_POINT('Ctrl Pts',(138.019125,-108.688321978014,-6.23532713770097));
#8871=CARTESIAN_POINT('Ctrl Pts',(138.711804166667,-109.503827711928,-6.1639796309431));
#8872=CARTESIAN_POINT('Ctrl Pts',(139.467454166667,-110.225236630391,-6.10086452881113));
#8873=CARTESIAN_POINT('',(132.1628375,-114.396862115414,-5.73589459039587));
#8874=CARTESIAN_POINT('Ctrl Pts',(132.1628375,-114.396862115414,-5.73589459039585));
#8875=CARTESIAN_POINT('Ctrl Pts',(136.22445625,-109.409730896477,-6.172212035569));
#8876=CARTESIAN_POINT('Ctrl Pts',(137.704270833333,-107.872816244101,-6.30667464445883));
#8877=CARTESIAN_POINT('Ctrl Pts',(137.92466875,-108.43739713681,-6.25728021670338));
#8878=CARTESIAN_POINT('',(124.734310412762,-124.800062628549,-4.82573248110939));
#8879=CARTESIAN_POINT('Ctrl Pts',(124.734310412753,-124.800062628563,-4.82573248110816));
#8880=CARTESIAN_POINT('Ctrl Pts',(126.740525315428,-121.739849151097,-5.09346646835576));
#8881=CARTESIAN_POINT('Ctrl Pts',(130.396079044407,-116.548016500855,-5.54769296817565));
#8882=CARTESIAN_POINT('Ctrl Pts',(132.1628375,-114.396862115414,-5.73589459039585));
#8883=CARTESIAN_POINT('',(118.18760194267,-124.800062628549,-4.82573248110939));
#8884=CARTESIAN_POINT('',(93.2611492952875,-124.800062628549,-4.82573248110938));
#8885=CARTESIAN_POINT('',(133.86305,-103.669825153928,-6.67438871774943));
#8886=CARTESIAN_POINT('Ctrl Pts',(133.86305,-103.669825153928,-6.67438871774944));
#8887=CARTESIAN_POINT('Ctrl Pts',(129.30002947329,-108.473532399125,-6.25411879089734));
#8888=CARTESIAN_POINT('Ctrl Pts',(123.955172116859,-115.689198471287,-5.62282980979459));
#8889=CARTESIAN_POINT('Ctrl Pts',(118.18760194267,-124.800062628549,-4.82573248110942));
#8890=CARTESIAN_POINT('',(135.752175,-95.891155076593,-7.35493416682453));
#8891=CARTESIAN_POINT('Ctrl Pts',(135.752175,-95.891155076593,-7.35493416682453));
#8892=CARTESIAN_POINT('Ctrl Pts',(136.287427083334,-98.2278926603082,-7.15049611861447));
#8893=CARTESIAN_POINT('Ctrl Pts',(136.562924479167,-99.3805786495906,-7.0496491619471));
#8894=CARTESIAN_POINT('Ctrl Pts',(136.33071953125,-100.34507100797,-6.96526701453154));
#8895=CARTESIAN_POINT('Ctrl Pts',(136.098514583333,-101.309563366349,-6.88088486711598));
#8896=CARTESIAN_POINT('Ctrl Pts',(135.358607291666,-102.085862093825,-6.81296752895223));
#8897=CARTESIAN_POINT('Ctrl Pts',(133.86305,-103.669825153927,-6.67438871774944));
#8898=CARTESIAN_POINT('',(135.09098125,-92.942788192442,-7.61288284510301));
#8899=CARTESIAN_POINT('',(134.314280959708,-89.4793594851866,-7.91589359391809));
#8900=CARTESIAN_POINT('',(131.31273125,-96.8321232311093,-7.27261012056545));
#8901=CARTESIAN_POINT('',(141.28672802086,-86.5648791057969,-8.17087758718342));
#8902=CARTESIAN_POINT('',(119.41124375,-110.946645548854,-6.03774942667918));
#8903=CARTESIAN_POINT('Ctrl Pts',(119.41124375,-110.946645548854,-6.03774942667918));
#8904=CARTESIAN_POINT('Ctrl Pts',(121.646708333333,-107.684622613198,-6.32313945371067));
#8905=CARTESIAN_POINT('Ctrl Pts',(126.904772916667,-101.44286718824,-6.86922229389593));
#8906=CARTESIAN_POINT('Ctrl Pts',(131.31273125,-96.8321232311093,-7.27261012056545));
#8907=CARTESIAN_POINT('',(116.892410416667,-114.145937274209,-5.75784766939829));
#8908=CARTESIAN_POINT('Ctrl Pts',(116.892410416667,-114.145937274209,-5.75784766939833));
#8909=CARTESIAN_POINT('Ctrl Pts',(117.396177083333,-113.675453196951,-5.79900969252787));
#8910=CARTESIAN_POINT('Ctrl Pts',(118.529652083333,-112.232635360026,-5.9252398967918));
#8911=CARTESIAN_POINT('Ctrl Pts',(119.41124375,-110.946645548854,-6.03774942667922));
#8912=CARTESIAN_POINT('',(112.98821875,-113.079506699091,-5.85114825515858));
#8913=CARTESIAN_POINT('Ctrl Pts',(112.98821875,-113.079506699091,-5.85114825515858));
#8914=CARTESIAN_POINT('Ctrl Pts',(113.491985416667,-115.149636639027,-5.67003535338859));
#8915=CARTESIAN_POINT('Ctrl Pts',(115.286654166667,-115.651486321435,-5.62612919538375));
#8916=CARTESIAN_POINT('Ctrl Pts',(116.892410416667,-114.145937274209,-5.75784766939828));
#8917=CARTESIAN_POINT('',(128.29013125,-92.25274487913,-7.67325381235966));
#8918=CARTESIAN_POINT('Ctrl Pts',(128.29013125,-92.2527448791301,-7.67325381235965));
#8919=CARTESIAN_POINT('Ctrl Pts',(117.616575,-103.512997128174,-6.68810939212594));
#8920=CARTESIAN_POINT('Ctrl Pts',(112.358510416667,-110.632989497348,-6.0651907754322));
#8921=CARTESIAN_POINT('Ctrl Pts',(112.98821875,-113.07950669909,-5.85114825515859));
#8922=CARTESIAN_POINT('',(132.194322916667,-87.5479041065486,-8.08487404365508));
#8923=CARTESIAN_POINT('Ctrl Pts',(132.194322916667,-87.5479041065486,-8.08487404365508));
#8924=CARTESIAN_POINT('Ctrl Pts',(131.87946875,-88.2379474198606,-8.02450307639842));
#8925=CARTESIAN_POINT('Ctrl Pts',(130.116285416667,-90.3394429649469,-7.84064603975313));
#8926=CARTESIAN_POINT('Ctrl Pts',(128.29013125,-92.2527448791301,-7.67325381235966));
#8927=CARTESIAN_POINT('',(132.82403125,-82.7176009133651,-8.50747081445171));
#8928=CARTESIAN_POINT('Ctrl Pts',(132.82403125,-82.7176009133651,-8.50747081445171));
#8929=CARTESIAN_POINT('Ctrl Pts',(133.264827083333,-82.7176009133651,-8.50747081445171));
#8930=CARTESIAN_POINT('Ctrl Pts',(132.792545833333,-86.3246455056775,-8.19189530379189));
#8931=CARTESIAN_POINT('Ctrl Pts',(132.194322916667,-87.5479041065486,-8.08487404365508));
#8932=CARTESIAN_POINT('',(123.315435416667,-88.6770658919682,-7.98608518814418));
#8933=CARTESIAN_POINT('Ctrl Pts',(123.315435416667,-88.6770658919682,-7.98608518814418));
#8934=CARTESIAN_POINT('Ctrl Pts',(125.424958333333,-87.1715168447421,-8.11780366215872));
#8935=CARTESIAN_POINT('Ctrl Pts',(132.5406625,-82.7176009133651,-8.50747081445171));
#8936=CARTESIAN_POINT('Ctrl Pts',(132.82403125,-82.7176009133651,-8.50747081445171));
#8937=CARTESIAN_POINT('',(116.073789583333,-95.7343270508403,-7.36865484120104));
#8938=CARTESIAN_POINT('Ctrl Pts',(116.073789583333,-95.7343270508403,-7.36865484120105));
#8939=CARTESIAN_POINT('Ctrl Pts',(119.820554166667,-91.4058735400654,-7.74734545399284));
#8940=CARTESIAN_POINT('Ctrl Pts',(120.765116666667,-90.4962709906997,-7.82692536537663));
#8941=CARTESIAN_POINT('Ctrl Pts',(123.315435416667,-88.6770658919682,-7.98608518814419));
#8942=CARTESIAN_POINT('',(98.5678979166667,-107.966913059552,-6.29844223983294));
#8943=CARTESIAN_POINT('Ctrl Pts',(98.5678979166667,-107.966913059552,-6.29844223983292));
#8944=CARTESIAN_POINT('Ctrl Pts',(106.0929125,-105.489030252659,-6.51522889498184));
#8945=CARTESIAN_POINT('Ctrl Pts',(110.028589583333,-102.728856999411,-6.75671276400849));
#8946=CARTESIAN_POINT('Ctrl Pts',(116.073789583333,-95.7343270508401,-7.36865484120101));
#8947=CARTESIAN_POINT('',(55.0550520833333,-100.846920690379,-6.92136085652668));
#8948=CARTESIAN_POINT('Ctrl Pts',(55.0550520833333,-100.846920690379,-6.92136085652671));
#8949=CARTESIAN_POINT('Ctrl Pts',(67.9640729166667,-109.409730896477,-6.17221203556904));
#8950=CARTESIAN_POINT('Ctrl Pts',(85.50145,-112.264000965177,-5.92249576191648));
#8951=CARTESIAN_POINT('Ctrl Pts',(98.5678979166667,-107.966913059553,-6.29844223983297));
#8952=CARTESIAN_POINT('',(42.7442541666667,-85.1327525099568,-8.2961724290534));
#8953=CARTESIAN_POINT('Ctrl Pts',(42.7442541666667,-85.1327525099569,-8.29617242905339));
#8954=CARTESIAN_POINT('Ctrl Pts',(44.1296125,-90.5590022010008,-7.821437095626));
#8955=CARTESIAN_POINT('Ctrl Pts',(49.1043083333333,-96.8948544414105,-7.26712185081483));
#8956=CARTESIAN_POINT('Ctrl Pts',(55.0550520833333,-100.846920690378,-6.92136085652668));
#8957=CARTESIAN_POINT('',(43.2480208333333,-75.9426302008478,-9.10020394751712));
#8958=CARTESIAN_POINT('Ctrl Pts',(43.2480208333333,-75.9426302008478,-9.10020394751712));
#8959=CARTESIAN_POINT('Ctrl Pts',(42.3034583333333,-78.6087066386439,-8.86695248311638));
#8960=CARTESIAN_POINT('Ctrl Pts',(42.0830604166667,-82.654869703064,-8.51295908420232));
#8961=CARTESIAN_POINT('Ctrl Pts',(42.7442541666667,-85.1327525099569,-8.2961724290534));
#8962=CARTESIAN_POINT('',(43.9092145833333,-74.0293282866647,-9.26759617491061));
#8963=CARTESIAN_POINT('',(48.7793413685827,-59.9366014565456,-10.5005500107136));
#8964=CARTESIAN_POINT('',(42.6183125,-71.6455422952234,-9.47615042543361));
#8965=CARTESIAN_POINT('',(57.3716841854803,-98.8891893575642,-7.09264015437745));
#8966=CARTESIAN_POINT('',(41.2329541666667,-69.2303906986317,-9.68744881083192));
#8967=CARTESIAN_POINT('Ctrl Pts',(41.2329541666667,-69.2303906986316,-9.68744881083193));
#8968=CARTESIAN_POINT('Ctrl Pts',(41.2644395833333,-69.2303906986316,-9.68744881083193));
#8969=CARTESIAN_POINT('Ctrl Pts',(41.8941479166667,-70.2968212737501,-9.59414822507162));
#8970=CARTESIAN_POINT('Ctrl Pts',(42.6183125,-71.6455422952234,-9.47615042543361));
#8971=CARTESIAN_POINT('',(38.36778125,-75.8171677802457,-9.11118048701833));
#8972=CARTESIAN_POINT('Ctrl Pts',(38.36778125,-75.8171677802456,-9.11118048701833));
#8973=CARTESIAN_POINT('Ctrl Pts',(39.0919458333333,-73.7156722351593,-9.29503752366362));
#8974=CARTESIAN_POINT('Ctrl Pts',(41.01255625,-69.2303906986316,-9.68744881083193));
#8975=CARTESIAN_POINT('Ctrl Pts',(41.2329541666667,-69.2303906986316,-9.68744881083193));
#8976=CARTESIAN_POINT('',(45.4834854166667,-103.889384389982,-6.65517977362231));
#8977=CARTESIAN_POINT('Ctrl Pts',(45.4834854166667,-103.889384389982,-6.6551797736223));
#8978=CARTESIAN_POINT('Ctrl Pts',(36.9824229166667,-95.7970582611414,-7.36316657145043));
#8979=CARTESIAN_POINT('Ctrl Pts',(34.6839875,-86.6383015571829,-8.16445395503885));
#8980=CARTESIAN_POINT('Ctrl Pts',(38.36778125,-75.8171677802456,-9.11118048701832));
#8981=CARTESIAN_POINT('',(75.20571875,-117.752981866522,-5.44227215873847));
#8982=CARTESIAN_POINT('Ctrl Pts',(75.20571875,-117.752981866522,-5.44227215873845));
#8983=CARTESIAN_POINT('Ctrl Pts',(63.30423125,-115.526023900833,-5.63710573488495));
#8984=CARTESIAN_POINT('Ctrl Pts',(52.25285,-110.350699050994,-6.08988798930991));
#8985=CARTESIAN_POINT('Ctrl Pts',(45.4834854166667,-103.889384389982,-6.6551797736223));
#8986=CARTESIAN_POINT('',(83.70678125,-118.286197154081,-5.39562186585832));
#8987=CARTESIAN_POINT('Ctrl Pts',(83.70678125,-118.286197154081,-5.39562186585833));
#8988=CARTESIAN_POINT('Ctrl Pts',(79.6451625,-118.286197154081,-5.39562186585833));
#8989=CARTESIAN_POINT('Ctrl Pts',(77.2522708333333,-118.129369128328,-5.40934254023484));
#8990=CARTESIAN_POINT('Ctrl Pts',(75.20571875,-117.752981866522,-5.44227215873847));
#8991=CARTESIAN_POINT('',(96.9621416666667,-116.686551291403,-5.53557274449877));
#8992=CARTESIAN_POINT('Ctrl Pts',(96.9621416666667,-116.686551291403,-5.5355727444988));
#8993=CARTESIAN_POINT('Ctrl Pts',(91.0428833333334,-118.098003523178,-5.41208667511017));
#8994=CARTESIAN_POINT('Ctrl Pts',(89.56306875,-118.254831548931,-5.39836600073365));
#8995=CARTESIAN_POINT('Ctrl Pts',(83.70678125,-118.286197154081,-5.39562186585835));
#8996=CARTESIAN_POINT('',(101.684954166667,-116.466992055349,-5.55478168862589));
#8997=CARTESIAN_POINT('Ctrl Pts',(101.684954166667,-116.466992055349,-5.55478168862586));
#8998=CARTESIAN_POINT('Ctrl Pts',(100.457022916667,-115.871045557488,-5.60692025125661));
#8999=CARTESIAN_POINT('Ctrl Pts',(100.457022916667,-115.871045557488,-5.60692025125661));
#9000=CARTESIAN_POINT('Ctrl Pts',(96.9621416666667,-116.686551291402,-5.53557274449874));
#9001=CARTESIAN_POINT('',(100.43573019081,-124.800062628549,-4.82573248110942));
#9002=CARTESIAN_POINT('Ctrl Pts',(100.43573019081,-124.80006262855,-4.82573248110938));
#9003=CARTESIAN_POINT('Ctrl Pts',(103.854460148159,-120.498889285851,-5.20203638845542));
#9004=CARTESIAN_POINT('Ctrl Pts',(104.261213392277,-117.726008099086,-5.44463205760167));
#9005=CARTESIAN_POINT('Ctrl Pts',(101.684954166667,-116.46699205535,-5.55478168862588));
#9006=CARTESIAN_POINT('',(93.1270820971345,-124.800062628549,-4.82573248110939));
#9007=CARTESIAN_POINT('',(93.2611492952875,-124.800062628549,-4.82573248110938));
#9008=CARTESIAN_POINT('',(94.7896479166667,-122.991037926662,-4.98400163456289));
#9009=CARTESIAN_POINT('Ctrl Pts',(94.7896479166667,-122.991037926662,-4.98400163456287));
#9010=CARTESIAN_POINT('Ctrl Pts',(94.8432731987901,-123.017748537529,-4.9816647589161));
#9011=CARTESIAN_POINT('Ctrl Pts',(94.1205643843161,-123.795092591405,-4.91365596654269));
#9012=CARTESIAN_POINT('Ctrl Pts',(93.1270820971343,-124.800062628549,-4.82573248110936));
#9013=CARTESIAN_POINT('',(92.3652708333333,-123.43015639877,-4.94558374630866));
#9014=CARTESIAN_POINT('Ctrl Pts',(92.3652708333333,-123.43015639877,-4.94558374630867));
#9015=CARTESIAN_POINT('Ctrl Pts',(93.6561729166667,-123.147865952415,-4.97028096018639));
#9016=CARTESIAN_POINT('Ctrl Pts',(94.7581625,-122.959672321512,-4.98674576943821));
#9017=CARTESIAN_POINT('Ctrl Pts',(94.7896479166667,-122.991037926663,-4.98400163456291));
#9018=CARTESIAN_POINT('',(83.70678125,-123.932006081179,-4.90167758830381));
#9019=CARTESIAN_POINT('Ctrl Pts',(83.70678125,-123.932006081179,-4.90167758830379));
#9020=CARTESIAN_POINT('Ctrl Pts',(88.1147395833333,-123.932006081179,-4.90167758830379));
#9021=CARTESIAN_POINT('Ctrl Pts',(90.7280291666667,-123.775178055426,-4.9153982626803));
#9022=CARTESIAN_POINT('Ctrl Pts',(92.3652708333333,-123.43015639877,-4.94558374630863));
#9023=CARTESIAN_POINT('',(73.88333125,-123.241962767867,-4.96204855556046));
#9024=CARTESIAN_POINT('Ctrl Pts',(73.88333125,-123.241962767867,-4.96204855556046));
#9025=CARTESIAN_POINT('Ctrl Pts',(76.90593125,-123.869274870877,-4.90716585805441));
#9026=CARTESIAN_POINT('Ctrl Pts',(78.322775,-123.963371686329,-4.8989334534285));
#9027=CARTESIAN_POINT('Ctrl Pts',(83.70678125,-123.932006081179,-4.90167758830381));
#9028=CARTESIAN_POINT('',(48.1282604166667,-112.954044278489,-5.8621247946598));
#9029=CARTESIAN_POINT('Ctrl Pts',(48.1282604166667,-112.954044278489,-5.86212479465978));
#9030=CARTESIAN_POINT('Ctrl Pts',(55.0235666666667,-117.62751944592,-5.45324869823966));
#9031=CARTESIAN_POINT('Ctrl Pts',(64.24879375,-121.297295248532,-5.13218491782923));
#9032=CARTESIAN_POINT('Ctrl Pts',(73.88333125,-123.241962767867,-4.96204855556045));
#9033=CARTESIAN_POINT('',(44.79080625,-110.664355102499,-6.06244664055691));
#9034=CARTESIAN_POINT('Ctrl Pts',(44.79080625,-110.664355102498,-6.06244664055692));
#9035=CARTESIAN_POINT('Ctrl Pts',(45.1056604166667,-110.915279943704,-6.04049356155449));
#9036=CARTESIAN_POINT('Ctrl Pts',(46.6169604166667,-111.950344913671,-5.9499371106695));
#9037=CARTESIAN_POINT('Ctrl Pts',(48.1282604166667,-112.954044278489,-5.86212479465981));
#9038=CARTESIAN_POINT('',(44.1925833333333,-111.918979308521,-5.95268124554479));
#9039=CARTESIAN_POINT('Ctrl Pts',(44.1925833333333,-111.918979308521,-5.95268124554478));
#9040=CARTESIAN_POINT('Ctrl Pts',(44.1925833333333,-110.319333445842,-6.09263212418522));
#9041=CARTESIAN_POINT('Ctrl Pts',(44.22406875,-110.256602235542,-6.09812039393583));
#9042=CARTESIAN_POINT('Ctrl Pts',(44.79080625,-110.664355102498,-6.0624466405569));
#9043=CARTESIAN_POINT('',(49.70253125,-123.336059583318,-4.95381615093457));
#9044=CARTESIAN_POINT('Ctrl Pts',(49.70253125,-123.336059583318,-4.95381615093461));
#9045=CARTESIAN_POINT('Ctrl Pts',(45.7983395833333,-119.478090149802,-5.29134474059685));
#9046=CARTESIAN_POINT('Ctrl Pts',(44.22406875,-116.184701608995,-5.57947890250365));
#9047=CARTESIAN_POINT('Ctrl Pts',(44.1925833333333,-111.918979308521,-5.95268124554483));
#9048=CARTESIAN_POINT('',(51.2843355536699,-124.800062628549,-4.82573248110939));
#9049=CARTESIAN_POINT('Ctrl Pts',(51.28433555367,-124.800062628549,-4.8257324811094));
#9050=CARTESIAN_POINT('Ctrl Pts',(50.7381495002529,-124.330418619865,-4.86682100776211));
#9051=CARTESIAN_POINT('Ctrl Pts',(50.2107800352172,-123.842374328463,-4.90951935055837));
#9052=CARTESIAN_POINT('Ctrl Pts',(49.70253125,-123.336059583318,-4.95381615093457));
#9053=CARTESIAN_POINT('',(43.3401292940197,-124.800062628549,-4.82573248110943));
#9054=CARTESIAN_POINT('',(93.2611492952875,-124.800062628549,-4.82573248110938));
#9055=CARTESIAN_POINT('',(38.8400625,-108.43739713681,-6.2572802167034));
#9056=CARTESIAN_POINT('Ctrl Pts',(38.8400625,-108.43739713681,-6.25728021670339));
#9057=CARTESIAN_POINT('Ctrl Pts',(37.8948659064764,-114.547779045585,-5.72269106987171));
#9058=CARTESIAN_POINT('Ctrl Pts',(39.403092706292,-120.018347504983,-5.24407834663191));
#9059=CARTESIAN_POINT('Ctrl Pts',(43.3401292940198,-124.800062628549,-4.82573248110939));
#9060=CARTESIAN_POINT('',(38.4937229166667,-104.893083754799,-6.56736745761262));
#9061=CARTESIAN_POINT('Ctrl Pts',(38.4937229166667,-104.893083754799,-6.56736745761265));
#9062=CARTESIAN_POINT('Ctrl Pts',(39.2178875,-105.865417514465,-6.48229927647827));
#9063=CARTESIAN_POINT('Ctrl Pts',(39.2178875,-105.928148724767,-6.47681100672766));
#9064=CARTESIAN_POINT('Ctrl Pts',(38.8400625,-108.43739713681,-6.25728021670343));
#9065=CARTESIAN_POINT('',(36.7305395833333,-102.415200947906,-6.78415411276154));
#9066=CARTESIAN_POINT('Ctrl Pts',(36.7305395833333,-102.415200947906,-6.78415411276158));
#9067=CARTESIAN_POINT('Ctrl Pts',(37.2972770833333,-103.230706681821,-6.7128066060037));
#9068=CARTESIAN_POINT('Ctrl Pts',(38.0844125,-104.328502862089,-6.6167618853681));
#9069=CARTESIAN_POINT('Ctrl Pts',(38.4937229166667,-104.893083754799,-6.56736745761265));
#9070=CARTESIAN_POINT('',(35.72300625,-100.90965190068,-6.91587258677609));
#9071=CARTESIAN_POINT('',(49.6319236761027,-121.693636594798,-5.09750954314441));
#9072=CARTESIAN_POINT('',(35.250725,-102.572028973659,-6.77043343838503));
#9073=CARTESIAN_POINT('',(42.5713263519343,-76.8043326107967,-9.02481475531362));
#9074=CARTESIAN_POINT('',(35.1511980119001,-124.800062628549,-4.82573248110939));
#9075=CARTESIAN_POINT('Ctrl Pts',(35.1511980119001,-124.80006262855,-4.82573248110938));
#9076=CARTESIAN_POINT('Ctrl Pts',(33.14145901841,-119.755300640582,-5.26709196524296));
#9077=CARTESIAN_POINT('Ctrl Pts',(33.1644832008424,-109.706502024843,-6.14624792617514));
#9078=CARTESIAN_POINT('Ctrl Pts',(35.250725,-102.572028973659,-6.77043343838501));
#9079=CARTESIAN_POINT('',(29.4295442338892,-124.800062628549,-4.82573248110943));
#9080=CARTESIAN_POINT('',(93.2611492952875,-124.800062628549,-4.82573248110938));
#9081=CARTESIAN_POINT('',(31.3465333333333,-97.1457792826147,-7.24516877181242));
#9082=CARTESIAN_POINT('Ctrl Pts',(31.3465333333333,-97.1457792826147,-7.24516877181242));
#9083=CARTESIAN_POINT('Ctrl Pts',(27.888335497233,-104.761127212592,-6.5789121591338));
#9084=CARTESIAN_POINT('Ctrl Pts',(27.0897718930972,-116.831151721407,-5.52292184613249));
#9085=CARTESIAN_POINT('Ctrl Pts',(29.4295442338894,-124.800062628549,-4.82573248110937));
#9086=CARTESIAN_POINT('',(32.4170375,-94.7933588963241,-7.45097888746015));
#9087=CARTESIAN_POINT('',(45.5673662976748,-65.8956651616023,-9.97919949129239));
#9088=CARTESIAN_POINT('',(31.8503,-92.7545945615388,-7.62934765435481));
#9089=CARTESIAN_POINT('',(34.7571788910021,-103.211712730912,-6.71446836138367));
#9090=CARTESIAN_POINT('',(31.2835625,-81.4002454970422,-8.62272447921443));
#9091=CARTESIAN_POINT('Ctrl Pts',(31.2835625,-81.4002454970423,-8.62272447921443));
#9092=CARTESIAN_POINT('Ctrl Pts',(30.7797958333333,-84.9445588790536,-8.31263723830521));
#9093=CARTESIAN_POINT('Ctrl Pts',(31.0316791666667,-89.9003244928394,-7.87906392800737));
#9094=CARTESIAN_POINT('Ctrl Pts',(31.8503,-92.7545945615388,-7.62934765435481));
#9095=CARTESIAN_POINT('',(37.3287625,-65.5919805011686,-10.005768456367));
#9096=CARTESIAN_POINT('Ctrl Pts',(37.3287625,-65.5919805011687,-10.005768456367));
#9097=CARTESIAN_POINT('Ctrl Pts',(34.0542791666667,-70.3595524840512,-9.58865995532103));
#9098=CARTESIAN_POINT('Ctrl Pts',(32.0706979166667,-75.5662429390413,-9.13313356602077));
#9099=CARTESIAN_POINT('Ctrl Pts',(31.2835625,-81.4002454970423,-8.62272447921444));
#9100=CARTESIAN_POINT('',(39.0919458333333,-63.0513664839747,-10.2280433812666));
#9101=CARTESIAN_POINT('',(53.8050756160429,-41.850857690554,-12.0828475616725));
#9102=CARTESIAN_POINT('',(38.9030333333333,-58.8170097886513,-10.5985015894325));
#9103=CARTESIAN_POINT('',(39.512191528137,-72.4709134778082,-9.40393980375645));
#9104=CARTESIAN_POINT('',(40.5717604166667,-47.6508543550582,-11.5754136050402));
#9105=CARTESIAN_POINT('Ctrl Pts',(40.5717604166667,-47.6508543550582,-11.5754136050403));
#9106=CARTESIAN_POINT('Ctrl Pts',(39.0919458333333,-51.2578989473706,-11.2598380943805));
#9107=CARTESIAN_POINT('Ctrl Pts',(38.7141208333333,-53.7985129645646,-11.037563169481));
#9108=CARTESIAN_POINT('Ctrl Pts',(38.9030333333333,-58.8170097886514,-10.5985015894325));
#9109=CARTESIAN_POINT('',(46.9003291666667,-37.8647855480888,-12.4315836861347));
#9110=CARTESIAN_POINT('Ctrl Pts',(46.9003291666667,-37.8647855480888,-12.4315836861347));
#9111=CARTESIAN_POINT('Ctrl Pts',(44.22406875,-40.6563244064871,-12.1873556822328));
#9112=CARTESIAN_POINT('Ctrl Pts',(42.051575,-44.0438097627458,-11.8909891157));
#9113=CARTESIAN_POINT('Ctrl Pts',(40.5717604166667,-47.6508543550582,-11.5754136050402));
#9114=CARTESIAN_POINT('',(47.082903001896,-37.6753281661454,-12.448159059276));
#9115=CARTESIAN_POINT('',(63.4131509646687,-20.7293839588143,-13.9307370701604));
#9116=CARTESIAN_POINT('',(56.3153820462747,-37.6753281661454,-12.4481590592761));
#9117=CARTESIAN_POINT('',(105.554775378993,-37.6753281661454,-12.4481590592761));
#9118=CARTESIAN_POINT('',(57.4164583333333,-39.5271626210676,-12.2861445377436));
#9119=CARTESIAN_POINT('Ctrl Pts',(57.4164583333333,-39.5271626210676,-12.2861445377437));
#9120=CARTESIAN_POINT('Ctrl Pts',(57.0039538355899,-38.9107604306811,-12.340072741575));
#9121=CARTESIAN_POINT('Ctrl Pts',(56.63694560908,-38.2932594974053,-12.3940970729533));
#9122=CARTESIAN_POINT('Ctrl Pts',(56.3153820462746,-37.6753281661453,-12.448159059276));
#9123=CARTESIAN_POINT('',(90.4761458333333,-57.060535900221,-10.7521731424494));
#9124=CARTESIAN_POINT('Ctrl Pts',(90.4761458333333,-57.060535900221,-10.7521731424494));
#9125=CARTESIAN_POINT('Ctrl Pts',(74.8908645833333,-53.9553409903173,-11.0238424951044));
#9126=CARTESIAN_POINT('Ctrl Pts',(62.8004645833333,-47.5567575396066,-11.5836460096661));
#9127=CARTESIAN_POINT('Ctrl Pts',(57.4164583333333,-39.5271626210676,-12.2861445377437));
#9128=CARTESIAN_POINT('',(102.755458333333,-57.7819448186835,-10.6890580403174));
#9129=CARTESIAN_POINT('Ctrl Pts',(102.755458333333,-57.7819448186835,-10.6890580403175));
#9130=CARTESIAN_POINT('Ctrl Pts',(94.9785604166667,-57.7819448186835,-10.6890580403175));
#9131=CARTESIAN_POINT('Ctrl Pts',(93.71914375,-57.7192136083824,-10.6945463100681));
#9132=CARTESIAN_POINT('Ctrl Pts',(90.4761458333333,-57.060535900221,-10.7521731424495));
#9133=CARTESIAN_POINT('',(127.2511125,-53.9239753851668,-11.0265866299796));
#9134=CARTESIAN_POINT('Ctrl Pts',(127.2511125,-53.9239753851667,-11.0265866299797));
#9135=CARTESIAN_POINT('Ctrl Pts',(119.474214583333,-56.9664390847694,-10.7604055470753));
#9136=CARTESIAN_POINT('Ctrl Pts',(114.247635416667,-57.7819448186835,-10.6890580403174));
#9137=CARTESIAN_POINT('Ctrl Pts',(102.755458333333,-57.7819448186835,-10.6890580403174));
#9138=CARTESIAN_POINT('',(131.092333333333,-48.5604569044239,-11.4958336936564));
#9139=CARTESIAN_POINT('Ctrl Pts',(131.092333333333,-48.5604569044239,-11.4958336936565));
#9140=CARTESIAN_POINT('Ctrl Pts',(131.092333333333,-52.261598312188,-11.1720257783708));
#9141=CARTESIAN_POINT('Ctrl Pts',(130.871935416667,-52.5125231533923,-11.1500726993684));
#9142=CARTESIAN_POINT('Ctrl Pts',(127.2511125,-53.9239753851667,-11.0265866299798));
#9143=CARTESIAN_POINT('',(130.55708125,-46.1766709129827,-11.7043879441794));
#9144=CARTESIAN_POINT('Ctrl Pts',(130.55708125,-46.1766709129827,-11.7043879441795));
#9145=CARTESIAN_POINT('Ctrl Pts',(131.0293625,-45.9884772820794,-11.7208527534313));
#9146=CARTESIAN_POINT('Ctrl Pts',(131.092333333333,-46.2080365181332,-11.7016438093042));
#9147=CARTESIAN_POINT('Ctrl Pts',(131.092333333333,-48.5604569044239,-11.4958336936564));
#9148=CARTESIAN_POINT('',(119.852039583333,-49.1877690074348,-11.4409509961504));
#9149=CARTESIAN_POINT('Ctrl Pts',(119.852039583333,-49.1877690074348,-11.4409509961504));
#9150=CARTESIAN_POINT('Ctrl Pts',(122.5283,-48.7172849301766,-11.4821130192799));
#9151=CARTESIAN_POINT('Ctrl Pts',(128.29013125,-47.0862734623484,-11.6248080327957));
#9152=CARTESIAN_POINT('Ctrl Pts',(130.55708125,-46.1766709129827,-11.7043879441795));
#9153=CARTESIAN_POINT('',(94.8211333333333,-49.6268874795424,-11.4025331078961));
#9154=CARTESIAN_POINT('Ctrl Pts',(94.8211333333333,-49.6268874795424,-11.4025331078962));
#9155=CARTESIAN_POINT('Ctrl Pts',(101.873866666667,-50.7246836598114,-11.3064883872606));
#9156=CARTESIAN_POINT('Ctrl Pts',(112.264054166667,-50.5364900289081,-11.3229531965125));
#9157=CARTESIAN_POINT('Ctrl Pts',(119.852039583333,-49.1877690074348,-11.4409509961505));
#9158=CARTESIAN_POINT('',(66.9035358180667,-37.6753281661454,-12.448159059276));
#9159=CARTESIAN_POINT('Ctrl Pts',(66.9035358180667,-37.6753281661453,-12.4481590592761));
#9160=CARTESIAN_POINT('Ctrl Pts',(72.4510567049019,-43.1376518858491,-11.9702676572932));
#9161=CARTESIAN_POINT('Ctrl Pts',(83.0765108627158,-47.8113810014929,-11.5613693432833));
#9162=CARTESIAN_POINT('Ctrl Pts',(94.8211333333333,-49.6268874795424,-11.4025331078961));
#9163=CARTESIAN_POINT('',(75.8195684334095,-37.6753281661454,-12.4481590592761));
#9164=CARTESIAN_POINT('',(113.582097267396,-37.6753281661454,-12.4481590592761));
#9165=CARTESIAN_POINT('',(124.952677083333,-42.381432689767,-12.0364282640911));
#9166=CARTESIAN_POINT('Ctrl Pts',(124.952677083333,-42.381432689767,-12.0364282640911));
#9167=CARTESIAN_POINT('Ctrl Pts',(109.549485209484,-47.2847753088105,-11.6074413715413));
#9168=CARTESIAN_POINT('Ctrl Pts',(88.4219298728662,-45.1063086165673,-11.7980325109814));
#9169=CARTESIAN_POINT('Ctrl Pts',(75.8195684334095,-37.6753281661453,-12.4481590592761));
#9170=CARTESIAN_POINT('',(131.973925,-38.335269625347,-12.3904216630051));
#9171=CARTESIAN_POINT('Ctrl Pts',(131.973925,-38.335269625347,-12.3904216630052));
#9172=CARTESIAN_POINT('Ctrl Pts',(131.470158333333,-39.9035498828741,-12.25321491924));
#9173=CARTESIAN_POINT('Ctrl Pts',(129.832916666667,-40.8445180373904,-12.1708908729809));
#9174=CARTESIAN_POINT('Ctrl Pts',(124.952677083333,-42.381432689767,-12.0364282640911));
#9175=CARTESIAN_POINT('',(132.134932391637,-37.6753281661454,-12.448159059276));
#9176=CARTESIAN_POINT('Ctrl Pts',(132.134932391638,-37.675328166141,-12.4481590592765));
#9177=CARTESIAN_POINT('Ctrl Pts',(132.087849905991,-37.9313527640949,-12.4257598093717));
#9178=CARTESIAN_POINT('Ctrl Pts',(132.033161918712,-38.1582351122893,-12.4059101759506));
#9179=CARTESIAN_POINT('Ctrl Pts',(131.973925,-38.335269625347,-12.3904216630052));
#9180=CARTESIAN_POINT('',(137.08961669446,-37.6753281661454,-12.448159059276));
#9181=CARTESIAN_POINT('',(146.739022401007,-37.6753281661454,-12.4481590592761));
#9182=CARTESIAN_POINT('',(136.759708333333,-40.6876900116377,-12.1846115473574));
#9183=CARTESIAN_POINT('Ctrl Pts',(136.759708333333,-40.6876900116377,-12.1846115473575));
#9184=CARTESIAN_POINT('Ctrl Pts',(136.871155004964,-39.9244097507717,-12.2513899172764));
#9185=CARTESIAN_POINT('Ctrl Pts',(136.982601676595,-38.894026795184,-12.3415367449806));
#9186=CARTESIAN_POINT('Ctrl Pts',(137.08961669446,-37.6753281661421,-12.4481590592764));
#9187=CARTESIAN_POINT('',(136.444854166667,-46.3962301490365,-11.6851790000523));
#9188=CARTESIAN_POINT('Ctrl Pts',(136.444854166667,-46.3962301490365,-11.6851790000524));
#9189=CARTESIAN_POINT('Ctrl Pts',(136.444854166667,-44.3574658142512,-11.8635477669471));
#9190=CARTESIAN_POINT('Ctrl Pts',(136.60228125,-41.8168517970572,-12.0858226918466));
#9191=CARTESIAN_POINT('Ctrl Pts',(136.759708333333,-40.6876900116377,-12.1846115473575));
#9192=CARTESIAN_POINT('',(135.972572916667,-52.5125231533923,-11.1500726993683));
#9193=CARTESIAN_POINT('Ctrl Pts',(135.972572916667,-52.5125231533923,-11.1500726993683));
#9194=CARTESIAN_POINT('Ctrl Pts',(136.22445625,-51.163802131919,-11.2680704990063));
#9195=CARTESIAN_POINT('Ctrl Pts',(136.444854166667,-48.4036288786712,-11.509554368033));
#9196=CARTESIAN_POINT('Ctrl Pts',(136.444854166667,-46.3962301490365,-11.6851790000523));
#9197=CARTESIAN_POINT('',(136.004058333333,-60.353924441028,-10.4640389805426));
#9198=CARTESIAN_POINT('Ctrl Pts',(136.004058333333,-60.353924441028,-10.4640389805426));
#9199=CARTESIAN_POINT('Ctrl Pts',(135.37435,-57.6878480032319,-10.6972904449433));
#9200=CARTESIAN_POINT('Ctrl Pts',(135.37435,-55.6490836684466,-10.875659211838));
#9201=CARTESIAN_POINT('Ctrl Pts',(135.972572916667,-52.5125231533923,-11.1500726993683));
#9202=CARTESIAN_POINT('',(136.3189125,-66.2820238144806,-9.94539748911039));
#9203=CARTESIAN_POINT('Ctrl Pts',(136.3189125,-66.2820238144806,-9.94539748911039));
#9204=CARTESIAN_POINT('Ctrl Pts',(136.476339583333,-63.3650225354801,-10.2006020325135));
#9205=CARTESIAN_POINT('Ctrl Pts',(136.381883333333,-61.9849359088563,-10.3213439670268));
#9206=CARTESIAN_POINT('Ctrl Pts',(136.004058333333,-60.353924441028,-10.4640389805426));
#9207=CARTESIAN_POINT('',(137.861697916667,-79.1105563210526,-8.82304632511154));
#9208=CARTESIAN_POINT('Ctrl Pts',(137.861697916667,-79.1105563210526,-8.82304632511154));
#9209=CARTESIAN_POINT('Ctrl Pts',(136.381883333333,-72.429682423987,-9.40754705355104));
#9210=CARTESIAN_POINT('Ctrl Pts',(136.13,-70.3595524840512,-9.58865995532102));
#9211=CARTESIAN_POINT('Ctrl Pts',(136.3189125,-66.2820238144806,-9.94539748911044));
#9212=CARTESIAN_POINT('',(139.1526,-86.0109894541719,-8.21933665254492));
#9213=CARTESIAN_POINT('Ctrl Pts',(139.1526,-86.010989454172,-8.21933665254492));
#9214=CARTESIAN_POINT('Ctrl Pts',(138.900716666667,-84.2858811708922,-8.37026407068657));
#9215=CARTESIAN_POINT('Ctrl Pts',(138.30249375,-81.1806862609885,-8.64193342334155));
#9216=CARTESIAN_POINT('Ctrl Pts',(137.861697916667,-79.1105563210526,-8.82304632511154));
#9217=CARTESIAN_POINT('',(140.034191666667,-90.7158302267534,-7.80771642124949));
#9218=CARTESIAN_POINT('Ctrl Pts',(140.034191666667,-90.7158302267535,-7.80771642124949));
#9219=CARTESIAN_POINT('Ctrl Pts',(139.782308333333,-89.8375932825383,-7.88455219775796));
#9220=CARTESIAN_POINT('Ctrl Pts',(139.404483333333,-87.7360977374519,-8.06840923440325));
#9221=CARTESIAN_POINT('Ctrl Pts',(139.1526,-86.010989454172,-8.21933665254491));
#9222=CARTESIAN_POINT('',(142.143714583333,-101.536964003691,-6.86098988927002));
#9223=CARTESIAN_POINT('Ctrl Pts',(142.143714583333,-101.536964003691,-6.86098988927004));
#9224=CARTESIAN_POINT('Ctrl Pts',(141.860345833333,-98.6199627246903,-7.1161944326732));
#9225=CARTESIAN_POINT('Ctrl Pts',(140.915783333333,-93.8210251366572,-7.53604706859454));
#9226=CARTESIAN_POINT('Ctrl Pts',(140.034191666667,-90.7158302267535,-7.80771642124952));
#9227=CARTESIAN_POINT('',(143.906897916667,-106.586826432928,-6.41918417434626));
#9228=CARTESIAN_POINT('Ctrl Pts',(143.906897916667,-106.586826432928,-6.41918417434625));
#9229=CARTESIAN_POINT('Ctrl Pts',(142.804908333333,-105.990879935067,-6.471322736977));
#9230=CARTESIAN_POINT('Ctrl Pts',(142.45856875,-105.049911780551,-6.55364678323609));
#9231=CARTESIAN_POINT('Ctrl Pts',(142.143714583333,-101.53696400369,-6.86098988927));
#9232=CARTESIAN_POINT('',(148.2204,-106.461364012326,-6.43016071384748));
#9233=CARTESIAN_POINT('Ctrl Pts',(148.2204,-106.461364012326,-6.43016071384752));
#9234=CARTESIAN_POINT('Ctrl Pts',(147.18138125,-107.120041720488,-6.37253388146616));
#9235=CARTESIAN_POINT('Ctrl Pts',(145.071858333333,-107.214138535939,-6.36430147684026));
#9236=CARTESIAN_POINT('Ctrl Pts',(143.906897916667,-106.586826432929,-6.41918417434631));
#9237=CARTESIAN_POINT('',(150.266952083333,-100.90965190068,-6.91587258677608));
#9238=CARTESIAN_POINT('Ctrl Pts',(150.266952083333,-100.90965190068,-6.91587258677611));
#9239=CARTESIAN_POINT('Ctrl Pts',(149.857641666667,-104.453965282692,-6.60578534586689));
#9240=CARTESIAN_POINT('Ctrl Pts',(149.385360416667,-105.677223883563,-6.49876408573008));
#9241=CARTESIAN_POINT('Ctrl Pts',(148.2204,-106.461364012326,-6.43016071384751));
#9242=CARTESIAN_POINT('',(151.71528125,-93.8523907418078,-7.53330293371921));
#9243=CARTESIAN_POINT('Ctrl Pts',(151.71528125,-93.8523907418078,-7.53330293371921));
#9244=CARTESIAN_POINT('Ctrl Pts',(151.117058333333,-96.0793487074963,-7.33846935757272));
#9245=CARTESIAN_POINT('Ctrl Pts',(150.48735,-99.2786404328517,-7.05856760029183));
#9246=CARTESIAN_POINT('Ctrl Pts',(150.266952083333,-100.909651900679,-6.91587258677608));
#9247=CARTESIAN_POINT('',(153.446979166667,-86.0109894541719,-8.21933665254492));
#9248=CARTESIAN_POINT('Ctrl Pts',(153.446979166667,-86.010989454172,-8.21933665254492));
#9249=CARTESIAN_POINT('Ctrl Pts',(153.069154166667,-88.0811193941079,-8.03822375077493));
#9250=CARTESIAN_POINT('Ctrl Pts',(152.28201875,-91.5940671709687,-7.73088064474102));
#9251=CARTESIAN_POINT('Ctrl Pts',(151.71528125,-93.8523907418078,-7.53330293371921));
#9252=CARTESIAN_POINT('',(155.084220833333,-77.6991040892782,-8.94653239450016));
#9253=CARTESIAN_POINT('Ctrl Pts',(155.084220833333,-77.6991040892782,-8.94653239450016));
#9254=CARTESIAN_POINT('Ctrl Pts',(154.54896875,-80.2083525013216,-8.72700160447594));
#9255=CARTESIAN_POINT('Ctrl Pts',(153.79331875,-83.9408595142362,-8.4004495543149));
#9256=CARTESIAN_POINT('Ctrl Pts',(153.446979166667,-86.010989454172,-8.21933665254492));
#9257=CARTESIAN_POINT('',(156.186210416667,-65.7801741320719,-9.98930364711523));
#9258=CARTESIAN_POINT('Ctrl Pts',(156.186210416667,-65.7801741320719,-9.98930364711524));
#9259=CARTESIAN_POINT('Ctrl Pts',(156.091754166667,-72.6178760548903,-9.39108224429922));
#9260=CARTESIAN_POINT('Ctrl Pts',(155.997297916667,-73.4647473939549,-9.31699060266604));
#9261=CARTESIAN_POINT('Ctrl Pts',(155.084220833333,-77.6991040892782,-8.94653239450016));
#9262=CARTESIAN_POINT('',(155.713929166667,-40.0603779086268,-12.2394942448635));
#9263=CARTESIAN_POINT('Ctrl Pts',(155.713929166667,-40.0603779086268,-12.2394942448635));
#9264=CARTESIAN_POINT('Ctrl Pts',(156.24918125,-43.2283040288316,-11.9623366224579));
#9265=CARTESIAN_POINT('Ctrl Pts',(156.406608333333,-52.0734046812847,-11.1884905876225));
#9266=CARTESIAN_POINT('Ctrl Pts',(156.186210416667,-65.7801741320719,-9.98930364711525));
#9267=CARTESIAN_POINT('',(155.435191108092,-37.6753281661454,-12.448159059276));
#9268=CARTESIAN_POINT('Ctrl Pts',(155.435191108091,-37.6753281661361,-12.4481590592769));
#9269=CARTESIAN_POINT('Ctrl Pts',(155.539073314259,-38.744454171508,-12.3546226539261));
#9270=CARTESIAN_POINT('Ctrl Pts',(155.636955672677,-39.6002943889903,-12.2797463371068));
#9271=CARTESIAN_POINT('Ctrl Pts',(155.713929166667,-40.0603779086268,-12.2394942448636));
#9272=CARTESIAN_POINT('',(160.426363160591,-37.6753281661454,-12.4481590592761));
#9273=CARTESIAN_POINT('',(158.095125875207,-37.6753281661454,-12.4481590592761));
#9274=CARTESIAN_POINT('',(160.8775375,-39.1507753592611,-12.3190741562473));
#9275=CARTESIAN_POINT('Ctrl Pts',(160.8775375,-39.1507753592611,-12.3190741562473));
#9276=CARTESIAN_POINT('Ctrl Pts',(160.724666216488,-38.9794496018704,-12.334063217789));
#9277=CARTESIAN_POINT('Ctrl Pts',(160.560197485751,-38.4268644350438,-12.3824081555189));
#9278=CARTESIAN_POINT('Ctrl Pts',(160.426363160592,-37.6753281661453,-12.4481590592761));
#9279=CARTESIAN_POINT('',(174.4792375,-43.9497129472941,-11.8992215203259));
#9280=CARTESIAN_POINT('Ctrl Pts',(174.4792375,-43.9497129472941,-11.899221520326));
#9281=CARTESIAN_POINT('Ctrl Pts',(169.158202083333,-43.0401103979284,-11.9788014317097));
#9282=CARTESIAN_POINT('Ctrl Pts',(162.136954166667,-40.5622275910355,-12.1955880868587));
#9283=CARTESIAN_POINT('Ctrl Pts',(160.8775375,-39.1507753592611,-12.3190741562473));
#9284=CARTESIAN_POINT('',(217.272704330547,-37.6753281661454,-12.448159059276));
#9285=CARTESIAN_POINT('Ctrl Pts',(217.272704330547,-37.6753281661454,-12.4481590592761));
#9286=CARTESIAN_POINT('Ctrl Pts',(207.233450806629,-43.9600736925872,-11.8983150725672));
#9287=CARTESIAN_POINT('Ctrl Pts',(190.129485860226,-46.6293635542166,-11.66478247001));
#9288=CARTESIAN_POINT('Ctrl Pts',(174.4792375,-43.9497129472941,-11.8992215203261));
#9289=CARTESIAN_POINT('',(226.12641336272,-37.6753281661454,-12.448159059276));
#9290=CARTESIAN_POINT('',(192.437081027841,-37.6753281661454,-12.4481590592761));
#9291=CARTESIAN_POINT('',(202.564229166667,-48.8427473507788,-11.4711364797787));
#9292=CARTESIAN_POINT('Ctrl Pts',(202.564229166667,-48.8427473507788,-11.4711364797788));
#9293=CARTESIAN_POINT('Ctrl Pts',(212.928648279124,-46.7082564236099,-11.657880238305));
#9294=CARTESIAN_POINT('Ctrl Pts',(221.38072540182,-42.6490607004452,-12.0130138471148));
#9295=CARTESIAN_POINT('Ctrl Pts',(226.12641336272,-37.6753281661452,-12.4481590592762));
#9296=CARTESIAN_POINT('',(184.932395833333,-50.3169307928543,-11.3421621406395));
#9297=CARTESIAN_POINT('Ctrl Pts',(184.932395833333,-50.3169307928543,-11.3421621406395));
#9298=CARTESIAN_POINT('Ctrl Pts',(191.701760416667,-50.5364900289081,-11.3229531965124));
#9299=CARTESIAN_POINT('Ctrl Pts',(196.204175,-50.1601027671016,-11.355882815016));
#9300=CARTESIAN_POINT('Ctrl Pts',(202.564229166667,-48.8427473507788,-11.4711364797787));
#9301=CARTESIAN_POINT('',(164.214991666667,-46.6157893850903,-11.6659700559252));
#9302=CARTESIAN_POINT('Ctrl Pts',(164.214991666667,-46.6157893850903,-11.6659700559253));
#9303=CARTESIAN_POINT('Ctrl Pts',(169.819395833333,-48.8741129559293,-11.4683923449035));
#9304=CARTESIAN_POINT('Ctrl Pts',(176.525789583333,-50.06600595165,-11.364115219642));
#9305=CARTESIAN_POINT('Ctrl Pts',(184.932395833333,-50.3169307928543,-11.3421621406396));
#9306=CARTESIAN_POINT('',(161.601702083333,-45.7061868357245,-11.745549967309));
#9307=CARTESIAN_POINT('Ctrl Pts',(161.601702083333,-45.7061868357245,-11.745549967309));
#9308=CARTESIAN_POINT('Ctrl Pts',(161.759129166667,-45.7061868357245,-11.745549967309));
#9309=CARTESIAN_POINT('Ctrl Pts',(162.955575,-46.1139397026816,-11.7098762139301));
#9310=CARTESIAN_POINT('Ctrl Pts',(164.214991666667,-46.6157893850903,-11.6659700559252));
#9311=CARTESIAN_POINT('',(161.318333333333,-48.7800161404777,-11.4766247495293));
#9312=CARTESIAN_POINT('Ctrl Pts',(161.318333333333,-48.7800161404777,-11.4766247495294));
#9313=CARTESIAN_POINT('Ctrl Pts',(161.318333333333,-47.0862734623484,-11.6248080327958));
#9314=CARTESIAN_POINT('Ctrl Pts',(161.444275,-45.7061868357245,-11.7455499673091));
#9315=CARTESIAN_POINT('Ctrl Pts',(161.601702083333,-45.7061868357245,-11.7455499673091));
#9316=CARTESIAN_POINT('',(163.9001375,-53.5162225182096,-11.0622603833586));
#9317=CARTESIAN_POINT('Ctrl Pts',(163.9001375,-53.5162225182097,-11.0622603833586));
#9318=CARTESIAN_POINT('Ctrl Pts',(161.412789583333,-52.4497919430912,-11.1555609691189));
#9319=CARTESIAN_POINT('Ctrl Pts',(161.318333333333,-52.2929639173385,-11.1692816434954));
#9320=CARTESIAN_POINT('Ctrl Pts',(161.318333333333,-48.7800161404777,-11.4766247495293));
#9321=CARTESIAN_POINT('',(180.681864583333,-57.6564823980814,-10.7000345798187));
#9322=CARTESIAN_POINT('Ctrl Pts',(180.681864583333,-57.6564823980814,-10.7000345798187));
#9323=CARTESIAN_POINT('Ctrl Pts',(174.38478125,-56.8723422693178,-10.7686379517013));
#9324=CARTESIAN_POINT('Ctrl Pts',(168.276610416667,-55.3667932220917,-10.9003564257158));
#9325=CARTESIAN_POINT('Ctrl Pts',(163.9001375,-53.5162225182097,-11.0622603833587));
#9326=CARTESIAN_POINT('',(199.4156875,-57.6878480032319,-10.6972904449434));
#9327=CARTESIAN_POINT('Ctrl Pts',(199.4156875,-57.6878480032319,-10.6972904449434));
#9328=CARTESIAN_POINT('Ctrl Pts',(195.983777083333,-58.15833208049,-10.6561284218139));
#9329=CARTESIAN_POINT('Ctrl Pts',(184.77496875,-58.15833208049,-10.6561284218139));
#9330=CARTESIAN_POINT('Ctrl Pts',(180.681864583333,-57.6564823980814,-10.7000345798187));
#9331=CARTESIAN_POINT('',(232.601316666667,-43.196938423681,-11.9650807573332));
#9332=CARTESIAN_POINT('Ctrl Pts',(232.601316666667,-43.1969384236811,-11.9650807573333));
#9333=CARTESIAN_POINT('Ctrl Pts',(225.611554166667,-50.473758818607,-11.3284414662631));
#9334=CARTESIAN_POINT('Ctrl Pts',(213.836008333333,-55.6177180632961,-10.8784033467134));
#9335=CARTESIAN_POINT('Ctrl Pts',(199.4156875,-57.6878480032319,-10.6972904449434));
#9336=CARTESIAN_POINT('',(236.698517076487,-37.6753281661454,-12.448159059276));
#9337=CARTESIAN_POINT('Ctrl Pts',(236.698517076487,-37.6753281661452,-12.4481590592761));
#9338=CARTESIAN_POINT('Ctrl Pts',(235.739054944155,-39.5048445950747,-12.2880971120103));
#9339=CARTESIAN_POINT('Ctrl Pts',(234.373803914581,-41.3420171158433,-12.1273653435017));
#9340=CARTESIAN_POINT('Ctrl Pts',(232.601316666667,-43.1969384236811,-11.9650807573332));
#9341=CARTESIAN_POINT('',(245.658472245162,-37.6753281661454,-12.4481590592761));
#9342=CARTESIAN_POINT('',(200.0470859375,-37.6753281661454,-12.4481590592761));
#9343=CARTESIAN_POINT('',(246.045589583333,-38.0843447841426,-12.4123747420076));
#9344=CARTESIAN_POINT('',(235.635477365568,-27.085331119727,-13.3746637476107));
#9345=CARTESIAN_POINT('',(254.10585625,-61.5144518315981,-10.3625059901564));
#9346=CARTESIAN_POINT('Ctrl Pts',(254.10585625,-61.5144518315981,-10.3625059901564));
#9347=CARTESIAN_POINT('Ctrl Pts',(255.42824375,-54.1435346212206,-11.0073776858525));
#9348=CARTESIAN_POINT('Ctrl Pts',(252.090789583333,-44.4829282348533,-11.8525712274458));
#9349=CARTESIAN_POINT('Ctrl Pts',(246.045589583333,-38.0843447841426,-12.4123747420076));
#9350=CARTESIAN_POINT('',(254.357739583333,-64.7137435569535,-10.0826042328755));
#9351=CARTESIAN_POINT('Ctrl Pts',(254.357739583333,-64.7137435569535,-10.0826042328755));
#9352=CARTESIAN_POINT('Ctrl Pts',(253.696545833333,-63.992334638491,-10.1457193350075));
#9353=CARTESIAN_POINT('Ctrl Pts',(253.696545833333,-63.8982378230394,-10.1539517396334));
#9354=CARTESIAN_POINT('Ctrl Pts',(254.10585625,-61.5144518315981,-10.3625059901564));
#9355=CARTESIAN_POINT('',(259.4898625,-75.0643932566326,-9.1770397240256));
#9356=CARTESIAN_POINT('Ctrl Pts',(259.4898625,-75.0643932566326,-9.1770397240256));
#9357=CARTESIAN_POINT('Ctrl Pts',(258.45084375,-71.9591983467289,-9.44870907668058));
#9358=CARTESIAN_POINT('Ctrl Pts',(255.459729166667,-65.8742709475236,-9.98107124248934));
#9359=CARTESIAN_POINT('Ctrl Pts',(254.357739583333,-64.7137435569535,-10.0826042328755));
#9360=CARTESIAN_POINT('',(260.938191666667,-92.1272824585279,-7.68423035186087));
#9361=CARTESIAN_POINT('Ctrl Pts',(260.938191666667,-92.1272824585279,-7.68423035186087));
#9362=CARTESIAN_POINT('Ctrl Pts',(261.945725,-86.7951295829356,-8.15073328066235));
#9363=CARTESIAN_POINT('Ctrl Pts',(261.47344375,-80.9611270249346,-8.66114236746867));
#9364=CARTESIAN_POINT('Ctrl Pts',(259.4898625,-75.0643932566326,-9.1770397240256));
#9365=CARTESIAN_POINT('',(260.402939583333,-94.8247245014745,-7.44823475258484));
#9366=CARTESIAN_POINT('',(259.763366277347,-98.0479009800611,-7.1662433501651));
#9367=CARTESIAN_POINT('',(261.28453125,-96.5184671796039,-7.30005146931847));
#9368=CARTESIAN_POINT('',(246.958235971959,-68.994321195274,-9.70810221617991));
#9369=CARTESIAN_POINT('',(264.5905,-117.941175497425,-5.42580734948665));
#9370=CARTESIAN_POINT('Ctrl Pts',(264.5905,-117.941175497425,-5.42580734948666));
#9371=CARTESIAN_POINT('Ctrl Pts',(265.220208333333,-109.911580578886,-6.12830587756418));
#9372=CARTESIAN_POINT('Ctrl Pts',(263.992277083333,-101.850620055197,-6.83354854051701));
#9373=CARTESIAN_POINT('Ctrl Pts',(261.28453125,-96.5184671796039,-7.30005146931848));
#9374=CARTESIAN_POINT('',(263.59456174911,-124.800062628549,-4.82573248110938));
#9375=CARTESIAN_POINT('Ctrl Pts',(263.59456174911,-124.80006262855,-4.82573248110937));
#9376=CARTESIAN_POINT('Ctrl Pts',(264.059087830962,-123.09083528311,-4.97527049722381));
#9377=CARTESIAN_POINT('Ctrl Pts',(264.310008129805,-121.208292891254,-5.13997161511824));
#9378=CARTESIAN_POINT('Ctrl Pts',(264.5905,-117.941175497425,-5.42580734948664));
#9379=CARTESIAN_POINT('',(257.476356262268,-124.800062628549,-4.82573248110939));
#9380=CARTESIAN_POINT('',(93.2611492952875,-124.800062628549,-4.82573248110938));
#9381=CARTESIAN_POINT('',(259.049066666667,-113.769550012403,-5.79077728790193));
#9382=CARTESIAN_POINT('Ctrl Pts',(259.049066666667,-113.769550012403,-5.79077728790192));
#9383=CARTESIAN_POINT('Ctrl Pts',(259.075669546795,-118.725358214135,-5.35720025164148));
#9384=CARTESIAN_POINT('Ctrl Pts',(258.652722567949,-121.777849875209,-5.09014183579012));
#9385=CARTESIAN_POINT('Ctrl Pts',(257.476356262268,-124.800062628549,-4.82573248110939));
#9386=CARTESIAN_POINT('Ctrl Pts',(258.198960416667,-105.206739806305,-6.53992610885957));
#9387=CARTESIAN_POINT('Ctrl Pts',(258.891639583333,-108.343300321359,-6.26551262132929));
#9388=CARTESIAN_POINT('Ctrl Pts',(259.049066666667,-109.660655737682,-6.15025895656657));
#9389=CARTESIAN_POINT('Ctrl Pts',(259.049066666667,-113.769550012403,-5.79077728790191));
#9390=CARTESIAN_POINT('',(48.5060854166667,-78.9537282952999,-8.83676699948805));
#9391=CARTESIAN_POINT('',(50.6156083333333,-80.7415677888808,-8.68035131159579));
#9392=CARTESIAN_POINT('Ctrl Pts',(48.5060854166667,-78.9537282952999,-8.83676699948805));
#9393=CARTESIAN_POINT('Ctrl Pts',(48.6005416666667,-78.9537282952999,-8.83676699948805));
#9394=CARTESIAN_POINT('Ctrl Pts',(49.5451041666667,-79.7692340292141,-8.76541949273018));
#9395=CARTESIAN_POINT('Ctrl Pts',(50.6156083333333,-80.7415677888808,-8.68035131159579));
#9396=CARTESIAN_POINT('',(47.9708333333333,-81.6511703382466,-8.60077140021201));
#9397=CARTESIAN_POINT('Ctrl Pts',(47.9708333333333,-81.6511703382466,-8.60077140021201));
#9398=CARTESIAN_POINT('Ctrl Pts',(47.9708333333333,-80.3024493167733,-8.71876919985003));
#9399=CARTESIAN_POINT('Ctrl Pts',(48.2542020833333,-78.9537282952999,-8.83676699948805));
#9400=CARTESIAN_POINT('Ctrl Pts',(48.5060854166667,-78.9537282952999,-8.83676699948805));
#9401=CARTESIAN_POINT('',(53.8900916666667,-92.7859601666893,-7.62660351947951));
#9402=CARTESIAN_POINT('Ctrl Pts',(53.8900916666667,-92.7859601666893,-7.62660351947951));
#9403=CARTESIAN_POINT('Ctrl Pts',(50.2062979166667,-89.3671092052801,-7.92571422088752));
#9404=CARTESIAN_POINT('Ctrl Pts',(47.9708333333333,-85.1013869048063,-8.2989165639287));
#9405=CARTESIAN_POINT('Ctrl Pts',(47.9708333333333,-81.6511703382466,-8.60077140021201));
#9406=CARTESIAN_POINT('',(63.8079979166667,-99.1845436174001,-7.06680000491773));
#9407=CARTESIAN_POINT('Ctrl Pts',(63.8079979166667,-99.1845436174001,-7.06680000491773));
#9408=CARTESIAN_POINT('Ctrl Pts',(58.77033125,-96.7693920208082,-7.27809839031604));
#9409=CARTESIAN_POINT('Ctrl Pts',(56.69229375,-95.4206709993349,-7.39609618995406));
#9410=CARTESIAN_POINT('Ctrl Pts',(53.8900916666667,-92.7859601666893,-7.6266035194795));
#9411=CARTESIAN_POINT('',(85.123625,-104.171674836337,-6.63048255974459));
#9412=CARTESIAN_POINT('Ctrl Pts',(85.123625,-104.171674836337,-6.63048255974457));
#9413=CARTESIAN_POINT('Ctrl Pts',(76.6225625,-104.140309231186,-6.63322669461987));
#9414=CARTESIAN_POINT('Ctrl Pts',(71.7108375,-103.011147445767,-6.73201555013077));
#9415=CARTESIAN_POINT('Ctrl Pts',(63.8079979166667,-99.1845436174001,-7.06680000491772));
#9416=CARTESIAN_POINT('',(93.8136,-103.512997128175,-6.68810939212595));
#9417=CARTESIAN_POINT('Ctrl Pts',(93.8136,-103.512997128175,-6.68810939212598));
#9418=CARTESIAN_POINT('Ctrl Pts',(91.4207083333333,-104.077578020885,-6.63871496437053));
#9419=CARTESIAN_POINT('Ctrl Pts',(90.0038645833334,-104.171674836337,-6.63048255974462));
#9420=CARTESIAN_POINT('Ctrl Pts',(85.123625,-104.171674836337,-6.63048255974462));
#9421=CARTESIAN_POINT('',(103.668535416667,-99.7491245101098,-7.01740557716229));
#9422=CARTESIAN_POINT('Ctrl Pts',(103.668535416667,-99.7491245101098,-7.01740557716228));
#9423=CARTESIAN_POINT('Ctrl Pts',(101.055245833333,-101.254673557335,-6.88568710314774));
#9424=CARTESIAN_POINT('Ctrl Pts',(97.3714520833333,-102.66612578911,-6.76220103375911));
#9425=CARTESIAN_POINT('Ctrl Pts',(93.8136,-103.512997128174,-6.68810939212594));
#9426=CARTESIAN_POINT('',(110.6268125,-93.1623474284958,-7.59367390097587));
#9427=CARTESIAN_POINT('Ctrl Pts',(110.6268125,-93.1623474284958,-7.59367390097588));
#9428=CARTESIAN_POINT('Ctrl Pts',(111.823258333333,-92.942788192442,-7.612882845103));
#9429=CARTESIAN_POINT('Ctrl Pts',(106.18736875,-98.2749410680343,-7.14637991630152));
#9430=CARTESIAN_POINT('Ctrl Pts',(103.668535416667,-99.7491245101098,-7.01740557716229));
#9431=CARTESIAN_POINT('',(107.50975625,-93.8210251366572,-7.53604706859452));
#9432=CARTESIAN_POINT('Ctrl Pts',(107.50975625,-93.8210251366572,-7.53604706859452));
#9433=CARTESIAN_POINT('Ctrl Pts',(108.800658333333,-93.5387346903023,-7.56074428247224));
#9434=CARTESIAN_POINT('Ctrl Pts',(110.186016666667,-93.2564442439474,-7.58544149634997));
#9435=CARTESIAN_POINT('Ctrl Pts',(110.6268125,-93.1623474284958,-7.59367390097588));
#9436=CARTESIAN_POINT('',(92.5226979166667,-94.8247245014745,-7.44823475258483));
#9437=CARTESIAN_POINT('Ctrl Pts',(92.5226979166667,-94.8247245014745,-7.44823475258483));
#9438=CARTESIAN_POINT('Ctrl Pts',(97.68630625,-95.0442837375284,-7.42902580845771));
#9439=CARTESIAN_POINT('Ctrl Pts',(103.8259625,-94.6365308705713,-7.46469956183664));
#9440=CARTESIAN_POINT('Ctrl Pts',(107.50975625,-93.8210251366572,-7.53604706859452));
#9441=CARTESIAN_POINT('Ctrl Pts',(50.6156083333333,-80.7415677888808,-8.68035131159579));
#9442=CARTESIAN_POINT('Ctrl Pts',(58.95924375,-88.4575066559144,-8.0052941322713));
#9443=CARTESIAN_POINT('Ctrl Pts',(75.8669125,-94.1346811881626,-7.50860571984149));
#9444=CARTESIAN_POINT('Ctrl Pts',(92.5226979166667,-94.8247245014745,-7.44823475258483));
#9445=CARTESIAN_POINT('',(244.062008333333,-81.3375142867412,-8.62821274896504));
#9446=CARTESIAN_POINT('',(243.810125,-85.2268493254085,-8.28794002442749));
#9447=CARTESIAN_POINT('Ctrl Pts',(244.062008333333,-81.3375142867412,-8.62821274896504));
#9448=CARTESIAN_POINT('Ctrl Pts',(244.124979166667,-82.5294072824618,-8.52393562370353));
#9449=CARTESIAN_POINT('Ctrl Pts',(243.9990375,-84.2858811708922,-8.37026407068656));
#9450=CARTESIAN_POINT('Ctrl Pts',(243.810125,-85.2268493254085,-8.28794002442748));
#9451=CARTESIAN_POINT('',(243.967552083333,-79.1419219262032,-8.82030219023625));
#9452=CARTESIAN_POINT('',(243.926680744597,-78.1918863373165,-8.90341953420999));
#9453=CARTESIAN_POINT('',(241.921,-80.9611270249346,-8.66114236746867));
#9454=CARTESIAN_POINT('',(218.032121231613,-102.196242618789,-6.80331048434384));
#9455=CARTESIAN_POINT('',(210.08924375,-94.040584372711,-7.5168381244674));
#9456=CARTESIAN_POINT('Ctrl Pts',(210.08924375,-94.040584372711,-7.5168381244674));
#9457=CARTESIAN_POINT('Ctrl Pts',(223.533516666667,-91.9704544327752,-7.69795102623738));
#9458=CARTESIAN_POINT('Ctrl Pts',(234.742325,-87.3910760807959,-8.0985947180316));
#9459=CARTESIAN_POINT('Ctrl Pts',(241.921,-80.9611270249346,-8.66114236746867));
#9460=CARTESIAN_POINT('',(198.156270833333,-94.7619932911735,-7.45372302233543));
#9461=CARTESIAN_POINT('Ctrl Pts',(198.156270833333,-94.7619932911735,-7.45372302233543));
#9462=CARTESIAN_POINT('Ctrl Pts',(204.169985416667,-94.7619932911735,-7.45372302233543));
#9463=CARTESIAN_POINT('Ctrl Pts',(206.40545,-94.6051652654208,-7.46744369671195));
#9464=CARTESIAN_POINT('Ctrl Pts',(210.08924375,-94.040584372711,-7.5168381244674));
#9465=CARTESIAN_POINT('',(182.9803,-93.2250786387969,-7.58818563122527));
#9466=CARTESIAN_POINT('Ctrl Pts',(182.9803,-93.2250786387969,-7.58818563122527));
#9467=CARTESIAN_POINT('Ctrl Pts',(187.79756875,-94.4797028448186,-7.47842023621316));
#9468=CARTESIAN_POINT('Ctrl Pts',(190.7257125,-94.7933588963241,-7.45097888746013));
#9469=CARTESIAN_POINT('Ctrl Pts',(198.156270833333,-94.7619932911735,-7.45372302233543));
#9470=CARTESIAN_POINT('',(181.469,-93.0368850078936,-7.60465044047709));
#9471=CARTESIAN_POINT('Ctrl Pts',(181.469,-93.0368850078937,-7.60465044047708));
#9472=CARTESIAN_POINT('Ctrl Pts',(181.469,-92.942788192442,-7.61288284510299));
#9473=CARTESIAN_POINT('Ctrl Pts',(182.161679166667,-93.0368850078937,-7.60465044047708));
#9474=CARTESIAN_POINT('Ctrl Pts',(182.9803,-93.2250786387969,-7.58818563122526));
#9475=CARTESIAN_POINT('',(186.538152083333,-98.086747437131,-7.16284472555333));
#9476=CARTESIAN_POINT('Ctrl Pts',(186.538152083333,-98.086747437131,-7.16284472555333));
#9477=CARTESIAN_POINT('Ctrl Pts',(184.428629166667,-96.5498327847544,-7.29730733444318));
#9478=CARTESIAN_POINT('Ctrl Pts',(181.469,-93.5701002954528,-7.55800014759695));
#9479=CARTESIAN_POINT('Ctrl Pts',(181.469,-93.0368850078937,-7.60465044047709));
#9480=CARTESIAN_POINT('',(223.12420625,-102.446566553057,-6.78140997788624));
#9481=CARTESIAN_POINT('Ctrl Pts',(223.12420625,-102.446566553056,-6.78140997788624));
#9482=CARTESIAN_POINT('Ctrl Pts',(210.026272916667,-106.900482484433,-6.39174282559325));
#9483=CARTESIAN_POINT('Ctrl Pts',(196.204175,-105.238105411455,-6.53718197398429));
#9484=CARTESIAN_POINT('Ctrl Pts',(186.538152083333,-98.086747437131,-7.16284472555333));
#9485=CARTESIAN_POINT('Ctrl Pts',(243.810125,-85.2268493254085,-8.28794002442749));
#9486=CARTESIAN_POINT('Ctrl Pts',(242.361795833333,-91.9077232224741,-7.70343929598799));
#9487=CARTESIAN_POINT('Ctrl Pts',(234.207072916667,-98.7140595401419,-7.10796202804728));
#9488=CARTESIAN_POINT('Ctrl Pts',(223.12420625,-102.446566553056,-6.78140997788624));
#9489=CARTESIAN_POINT('',(51.4972,-41.0013460631431,-12.1571701986044));
#9490=CARTESIAN_POINT('',(52.25285,-42.0050454279605,-12.0693578825947));
#9491=CARTESIAN_POINT('Ctrl Pts',(51.4972,-41.0013460631431,-12.1571701986045));
#9492=CARTESIAN_POINT('Ctrl Pts',(51.6231416666667,-41.0013460631431,-12.1571701986045));
#9493=CARTESIAN_POINT('Ctrl Pts',(51.96948125,-41.4718301404013,-12.116008175475));
#9494=CARTESIAN_POINT('Ctrl Pts',(52.25285,-42.0050454279605,-12.0693578825948));
#9495=CARTESIAN_POINT('',(50.3007541666667,-42.1932390588637,-12.0528930733429));
#9496=CARTESIAN_POINT('Ctrl Pts',(50.3007541666667,-42.1932390588637,-12.052893073343));
#9497=CARTESIAN_POINT('Ctrl Pts',(50.83600625,-41.5345613507023,-12.1105199057244));
#9498=CARTESIAN_POINT('Ctrl Pts',(51.3712583333333,-41.0013460631431,-12.1571701986045));
#9499=CARTESIAN_POINT('Ctrl Pts',(51.4972,-41.0013460631431,-12.1571701986045));
#9500=CARTESIAN_POINT('',(44.5074375,-57.3114607414254,-10.730220063447));
#9501=CARTESIAN_POINT('Ctrl Pts',(44.5074375,-57.3114607414254,-10.730220063447));
#9502=CARTESIAN_POINT('Ctrl Pts',(44.5074375,-51.6656518143277,-11.2241643410015));
#9503=CARTESIAN_POINT('Ctrl Pts',(46.2706208333333,-47.0862734623484,-11.6248080327957));
#9504=CARTESIAN_POINT('Ctrl Pts',(50.3007541666667,-42.1932390588637,-12.0528930733429));
#9505=CARTESIAN_POINT('',(46.3650770833333,-66.5956798659861,-9.91795614035736));
#9506=CARTESIAN_POINT('Ctrl Pts',(46.3650770833333,-66.5956798659861,-9.91795614035736));
#9507=CARTESIAN_POINT('Ctrl Pts',(45.1371458333333,-63.9609690333404,-10.1484634698829));
#9508=CARTESIAN_POINT('Ctrl Pts',(44.5074375,-60.9185053337378,-10.4146445527872));
#9509=CARTESIAN_POINT('Ctrl Pts',(44.5074375,-57.3114607414254,-10.7302200634471));
#9510=CARTESIAN_POINT('',(84.8087708333333,-88.3634098404628,-8.01352653689721));
#9511=CARTESIAN_POINT('Ctrl Pts',(84.8087708333333,-88.3634098404628,-8.0135265368972));
#9512=CARTESIAN_POINT('Ctrl Pts',(65.0674145833333,-85.5718709820645,-8.25775454079915));
#9513=CARTESIAN_POINT('Ctrl Pts',(51.7175979166667,-78.0127601407836,-8.91909104574713));
#9514=CARTESIAN_POINT('Ctrl Pts',(46.3650770833333,-66.5956798659861,-9.91795614035733));
#9515=CARTESIAN_POINT('',(102.912885416667,-88.7084314971187,-7.98334105326887));
#9516=CARTESIAN_POINT('Ctrl Pts',(102.912885416667,-88.7084314971187,-7.98334105326888));
#9517=CARTESIAN_POINT('Ctrl Pts',(99.0716645833333,-89.1161843640758,-7.94766729988994));
#9518=CARTESIAN_POINT('Ctrl Pts',(88.7444479166667,-88.9279907331725,-7.96413210914176));
#9519=CARTESIAN_POINT('Ctrl Pts',(84.8087708333333,-88.3634098404628,-8.01352653689721));
#9520=CARTESIAN_POINT('',(129.486577083333,-77.8872977201815,-8.93006758524835));
#9521=CARTESIAN_POINT('Ctrl Pts',(129.486577083333,-77.8872977201815,-8.93006758524834));
#9522=CARTESIAN_POINT('Ctrl Pts',(121.741164583333,-84.2231499605911,-8.37575234043717));
#9523=CARTESIAN_POINT('Ctrl Pts',(113.55495625,-87.5479041065486,-8.08487404365507));
#9524=CARTESIAN_POINT('Ctrl Pts',(102.912885416667,-88.7084314971187,-7.98334105326887));
#9525=CARTESIAN_POINT('',(131.7850125,-75.9739958059984,-9.09745981264184));
#9526=CARTESIAN_POINT('',(137.713238291908,-71.0391232952813,-9.52920521327527));
#9527=CARTESIAN_POINT('',(131.5961,-73.9352314712131,-9.2758285795365));
#9528=CARTESIAN_POINT('',(132.023750597486,-78.5504834312736,-8.87204635371541));
#9529=CARTESIAN_POINT('',(131.218275,-70.4536492995028,-9.58042755069511));
#9530=CARTESIAN_POINT('Ctrl Pts',(131.218275,-70.4536492995028,-9.58042755069511));
#9531=CARTESIAN_POINT('Ctrl Pts',(131.31273125,-71.2377894282664,-9.51182417881255));
#9532=CARTESIAN_POINT('Ctrl Pts',(131.470158333333,-72.8060696857935,-9.3746174350474));
#9533=CARTESIAN_POINT('Ctrl Pts',(131.5961,-73.9352314712131,-9.2758285795365));
#9534=CARTESIAN_POINT('',(131.0293625,-69.0108314625779,-9.70665775495906));
#9535=CARTESIAN_POINT('',(132.010311892995,-76.5028252762972,-9.05119322905225));
#9536=CARTESIAN_POINT('',(128.0067625,-70.8927677716104,-9.54200966244088));
#9537=CARTESIAN_POINT('',(135.839869937753,-66.0157052096898,-9.96869734791562));
#9538=CARTESIAN_POINT('',(84.9661979166667,-79.0791907159021,-8.82579045998684));
#9539=CARTESIAN_POINT('Ctrl Pts',(84.9661979166667,-79.0791907159021,-8.82579045998684));
#9540=CARTESIAN_POINT('Ctrl Pts',(102.377633333333,-81.1806862609885,-8.64193342334155));
#9541=CARTESIAN_POINT('Ctrl Pts',(115.601508333333,-78.6400722437945,-8.86420834824108));
#9542=CARTESIAN_POINT('Ctrl Pts',(128.0067625,-70.8927677716104,-9.54200966244088));
#9543=CARTESIAN_POINT('',(55.5903041666667,-66.2506582093301,-9.94814162398569));
#9544=CARTESIAN_POINT('Ctrl Pts',(55.5903041666667,-66.2506582093301,-9.94814162398569));
#9545=CARTESIAN_POINT('Ctrl Pts',(61.79293125,-72.8688008960946,-9.36912916529675));
#9546=CARTESIAN_POINT('Ctrl Pts',(72.6239145833333,-77.6050072738266,-8.95476479912603));
#9547=CARTESIAN_POINT('Ctrl Pts',(84.9661979166667,-79.0791907159021,-8.82579045998679));
#9548=CARTESIAN_POINT('',(51.2453166666667,-57.6251167929308,-10.702778714694));
#9549=CARTESIAN_POINT('Ctrl Pts',(51.2453166666667,-57.6251167929308,-10.702778714694));
#9550=CARTESIAN_POINT('Ctrl Pts',(51.9065104166667,-61.0753333594905,-10.4009238784107));
#9551=CARTESIAN_POINT('Ctrl Pts',(53.2288979166667,-63.7727754024372,-10.1649282791347));
#9552=CARTESIAN_POINT('Ctrl Pts',(55.5903041666667,-66.2506582093301,-9.94814162398577));
#9553=CARTESIAN_POINT('',(53.3233541666667,-46.5216925696386,-11.6742024605511));
#9554=CARTESIAN_POINT('Ctrl Pts',(53.3233541666667,-46.5216925696386,-11.6742024605512));
#9555=CARTESIAN_POINT('Ctrl Pts',(51.0878895833333,-50.06600595165,-11.364115219642));
#9556=CARTESIAN_POINT('Ctrl Pts',(50.45818125,-53.422125702758,-11.0704927879846));
#9557=CARTESIAN_POINT('Ctrl Pts',(51.2453166666667,-57.6251167929308,-10.702778714694));
#9558=CARTESIAN_POINT('',(54.2994020833333,-45.0161435224126,-11.8059209345657));
#9559=CARTESIAN_POINT('',(61.0565853432931,-34.5932220190225,-12.7178084069329));
#9560=CARTESIAN_POINT('',(53.5437520833334,-44.0124441575952,-11.8937332505753));
#9561=CARTESIAN_POINT('',(80.9168552273125,-80.3710311207298,-8.71276906947967));
#9562=CARTESIAN_POINT('Ctrl Pts',(52.25285,-42.0050454279605,-12.0693578825948));
#9563=CARTESIAN_POINT('Ctrl Pts',(52.53621875,-42.5696263206703,-12.0199634548394));
#9564=CARTESIAN_POINT('Ctrl Pts',(53.1344416666667,-43.479228870036,-11.9403835434556));
#9565=CARTESIAN_POINT('Ctrl Pts',(53.5437520833333,-44.0124441575952,-11.8937332505755));
#9566=CARTESIAN_POINT('',(58.58141875,-49.4700594537897,-11.4162537822727));
#9567=CARTESIAN_POINT('',(60.84836875,-51.0069741061663,-11.2817911733828));
#9568=CARTESIAN_POINT('Ctrl Pts',(58.58141875,-49.4700594537897,-11.4162537822727));
#9569=CARTESIAN_POINT('Ctrl Pts',(58.675875,-49.4700594537897,-11.4162537822727));
#9570=CARTESIAN_POINT('Ctrl Pts',(59.6834083333333,-50.1601027671016,-11.355882815016));
#9571=CARTESIAN_POINT('Ctrl Pts',(60.84836875,-51.0069741061663,-11.2817911733828));
#9572=CARTESIAN_POINT('',(57.5109145833333,-51.2578989473705,-11.2598380943804));
#9573=CARTESIAN_POINT('Ctrl Pts',(57.5109145833333,-51.2578989473706,-11.2598380943804));
#9574=CARTESIAN_POINT('Ctrl Pts',(58.01468125,-50.2855651877038,-11.3449062755148));
#9575=CARTESIAN_POINT('Ctrl Pts',(58.4869625,-49.4700594537897,-11.4162537822727));
#9576=CARTESIAN_POINT('Ctrl Pts',(58.58141875,-49.4700594537897,-11.4162537822727));
#9577=CARTESIAN_POINT('',(57.3220020833333,-59.256128260759,-10.5600837011782));
#9578=CARTESIAN_POINT('Ctrl Pts',(57.3220020833333,-59.256128260759,-10.5600837011782));
#9579=CARTESIAN_POINT('Ctrl Pts',(56.12555625,-56.6841486384145,-10.785102760953));
#9580=CARTESIAN_POINT('Ctrl Pts',(56.1885270833333,-53.9867065954678,-11.0210983602291));
#9581=CARTESIAN_POINT('Ctrl Pts',(57.5109145833333,-51.2578989473706,-11.2598380943804));
#9582=CARTESIAN_POINT('',(77.4096979166667,-72.0532951621805,-9.44047667205466));
#9583=CARTESIAN_POINT('Ctrl Pts',(77.4096979166667,-72.0532951621805,-9.44047667205467));
#9584=CARTESIAN_POINT('Ctrl Pts',(67.7121895833333,-69.481315539836,-9.6654957318295));
#9585=CARTESIAN_POINT('Ctrl Pts',(59.7463791666667,-64.4314531105986,-10.1073014467532));
#9586=CARTESIAN_POINT('Ctrl Pts',(57.3220020833333,-59.256128260759,-10.5600837011782));
#9587=CARTESIAN_POINT('',(100.236625,-74.280253127869,-9.24564309590817));
#9588=CARTESIAN_POINT('Ctrl Pts',(100.236625,-74.280253127869,-9.24564309590817));
#9589=CARTESIAN_POINT('Ctrl Pts',(94.0339979166667,-74.9702964411809,-9.1852721286515));
#9590=CARTESIAN_POINT('Ctrl Pts',(85.1865958333333,-74.1234251021163,-9.25936377028469));
#9591=CARTESIAN_POINT('Ctrl Pts',(77.4096979166667,-72.0532951621804,-9.44047667205466));
#9592=CARTESIAN_POINT('',(127.565966666667,-64.9333027930073,-10.0633952887484));
#9593=CARTESIAN_POINT('Ctrl Pts',(127.565966666667,-64.9333027930073,-10.0633952887484));
#9594=CARTESIAN_POINT('Ctrl Pts',(120.0724375,-69.9204340119436,-9.62707784357524));
#9595=CARTESIAN_POINT('Ctrl Pts',(110.815725,-73.0883601321484,-9.34992022116965));
#9596=CARTESIAN_POINT('Ctrl Pts',(100.236625,-74.2802531278691,-9.24564309590814));
#9597=CARTESIAN_POINT('',(130.93490625,-60.7930429131357,-10.4256210922884));
#9598=CARTESIAN_POINT('Ctrl Pts',(130.93490625,-60.7930429131356,-10.4256210922884));
#9599=CARTESIAN_POINT('Ctrl Pts',(131.249760416667,-62.141763934609,-10.3076232926504));
#9600=CARTESIAN_POINT('Ctrl Pts',(130.588566666667,-62.9572696685231,-10.2362757858925));
#9601=CARTESIAN_POINT('Ctrl Pts',(127.565966666667,-64.9333027930073,-10.0633952887485));
#9602=CARTESIAN_POINT('',(127.219627083333,-59.9148059689204,-10.5024568687969));
#9603=CARTESIAN_POINT('Ctrl Pts',(127.219627083333,-59.9148059689204,-10.5024568687969));
#9604=CARTESIAN_POINT('Ctrl Pts',(130.0848,-59.0052034195547,-10.5820367801807));
#9605=CARTESIAN_POINT('Ctrl Pts',(130.55708125,-59.0993002350063,-10.5738043755548));
#9606=CARTESIAN_POINT('Ctrl Pts',(130.93490625,-60.7930429131356,-10.4256210922884));
#9607=CARTESIAN_POINT('',(100.488508333333,-63.4904849560823,-10.1896254930123));
#9608=CARTESIAN_POINT('Ctrl Pts',(100.488508333333,-63.4904849560823,-10.1896254930123));
#9609=CARTESIAN_POINT('Ctrl Pts',(110.91018125,-63.7414097972867,-10.1676724140099));
#9610=CARTESIAN_POINT('Ctrl Pts',(118.498166666667,-62.7377104324693,-10.2554847300196));
#9611=CARTESIAN_POINT('Ctrl Pts',(127.219627083333,-59.9148059689204,-10.5024568687968));
#9612=CARTESIAN_POINT('',(89.37415625,-62.549516801566,-10.2719495392714));
#9613=CARTESIAN_POINT('Ctrl Pts',(89.37415625,-62.549516801566,-10.2719495392714));
#9614=CARTESIAN_POINT('Ctrl Pts',(92.8690375,-63.1768289045769,-10.2170668417653));
#9615=CARTESIAN_POINT('Ctrl Pts',(95.1674729166667,-63.3650225354801,-10.2006020325135));
#9616=CARTESIAN_POINT('Ctrl Pts',(100.488508333333,-63.4904849560823,-10.1896254930123));
#9617=CARTESIAN_POINT('Ctrl Pts',(60.84836875,-51.0069741061663,-11.2817911733829));
#9618=CARTESIAN_POINT('Ctrl Pts',(68.5622958333333,-56.6841486384145,-10.7851027609531));
#9619=CARTESIAN_POINT('Ctrl Pts',(77.8819791666667,-60.4480212564797,-10.4558065759168));
#9620=CARTESIAN_POINT('Ctrl Pts',(89.37415625,-62.549516801566,-10.2719495392715));
#9621=CARTESIAN_POINT('',(242.58219375,-42.5696263206703,-12.0199634548393));
#9622=CARTESIAN_POINT('',(245.352910416667,-46.4903269644881,-11.6769465954264));
#9623=CARTESIAN_POINT('Ctrl Pts',(242.58219375,-42.5696263206703,-12.0199634548393));
#9624=CARTESIAN_POINT('Ctrl Pts',(243.369329166667,-43.4164976597349,-11.9458718132061));
#9625=CARTESIAN_POINT('Ctrl Pts',(244.628745833333,-45.2043371533159,-11.7894561253138));
#9626=CARTESIAN_POINT('Ctrl Pts',(245.352910416667,-46.4903269644881,-11.6769465954264));
#9627=CARTESIAN_POINT('',(241.133864583333,-41.0327116682936,-12.1544260637291));
#9628=CARTESIAN_POINT('',(231.230097126091,-30.5231909950353,-13.0738899817306));
#9629=CARTESIAN_POINT('',(239.8429625,-43.0401103979283,-11.9788014317097));
#9630=CARTESIAN_POINT('',(219.011692012128,-75.433478147445,-9.14474898020081));
#9631=CARTESIAN_POINT('',(238.520575,-45.0475091275632,-11.8031767996904));
#9632=CARTESIAN_POINT('',(217.844657892485,-76.4337780809961,-9.05723407588936));
#9633=CARTESIAN_POINT('',(239.307710416667,-46.082574097531,-11.7126203488054));
#9634=CARTESIAN_POINT('',(232.574726194022,-37.2288546934177,-12.4872204267048));
#9635=CARTESIAN_POINT('',(241.7320875,-52.7007167842956,-11.1336078901165));
#9636=CARTESIAN_POINT('Ctrl Pts',(241.7320875,-52.7007167842956,-11.1336078901165));
#9637=CARTESIAN_POINT('Ctrl Pts',(241.291291666667,-49.4386938486391,-11.418997917148));
#9638=CARTESIAN_POINT('Ctrl Pts',(240.756039583333,-48.0272416168647,-11.5424839865366));
#9639=CARTESIAN_POINT('Ctrl Pts',(239.307710416667,-46.082574097531,-11.7126203488054));
#9640=CARTESIAN_POINT('',(241.763572916667,-58.0328696598879,-10.667104961315));
#9641=CARTESIAN_POINT('Ctrl Pts',(241.763572916667,-58.0328696598879,-10.667104961315));
#9642=CARTESIAN_POINT('Ctrl Pts',(242.141397916667,-56.2450301663069,-10.8235206492073));
#9643=CARTESIAN_POINT('Ctrl Pts',(242.141397916667,-55.4922556426939,-10.8893798862145));
#9644=CARTESIAN_POINT('Ctrl Pts',(241.7320875,-52.7007167842956,-11.1336078901165));
#9645=CARTESIAN_POINT('',(236.72590625,-66.5643142608355,-9.92070027523266));
#9646=CARTESIAN_POINT('Ctrl Pts',(236.72590625,-66.5643142608355,-9.92070027523267));
#9647=CARTESIAN_POINT('Ctrl Pts',(239.622564583333,-63.6786785869856,-10.1731606837606));
#9648=CARTESIAN_POINT('Ctrl Pts',(241.102379166667,-61.2007957800927,-10.3899473389095));
#9649=CARTESIAN_POINT('Ctrl Pts',(241.763572916667,-58.0328696598879,-10.6671049613151));
#9650=CARTESIAN_POINT('',(208.074177083333,-79.1419219262032,-8.82030219023623));
#9651=CARTESIAN_POINT('Ctrl Pts',(208.074177083333,-79.1419219262032,-8.82030219023623));
#9652=CARTESIAN_POINT('Ctrl Pts',(219.944179166667,-77.5422760635255,-8.96025306887668));
#9653=CARTESIAN_POINT('Ctrl Pts',(230.176939583333,-73.0256289218473,-9.35540849092028));
#9654=CARTESIAN_POINT('Ctrl Pts',(236.72590625,-66.5643142608355,-9.92070027523264));
#9655=CARTESIAN_POINT('',(187.136375,-79.1732875313537,-8.81755805536093));
#9656=CARTESIAN_POINT('Ctrl Pts',(187.136375,-79.1732875313537,-8.81755805536093));
#9657=CARTESIAN_POINT('Ctrl Pts',(192.0481,-79.9260620549668,-8.75169881835367));
#9658=CARTESIAN_POINT('Ctrl Pts',(202.375316666667,-79.8946964498162,-8.75444295322897));
#9659=CARTESIAN_POINT('Ctrl Pts',(208.074177083333,-79.1419219262032,-8.82030219023623));
#9660=CARTESIAN_POINT('',(164.152020833333,-70.9868645870621,-9.53377725781497));
#9661=CARTESIAN_POINT('Ctrl Pts',(164.152020833333,-70.9868645870621,-9.53377725781496));
#9662=CARTESIAN_POINT('Ctrl Pts',(170.732472916667,-75.2839524926864,-9.15783077989847));
#9663=CARTESIAN_POINT('Ctrl Pts',(177.533322916667,-77.6991040892782,-8.94653239450015));
#9664=CARTESIAN_POINT('Ctrl Pts',(187.136375,-79.1732875313537,-8.81755805536092));
#9665=CARTESIAN_POINT('',(161.475760416667,-69.2617563037822,-9.68470467595664));
#9666=CARTESIAN_POINT('',(162.275032975669,-69.7769646532935,-9.63962978602047));
#9667=CARTESIAN_POINT('',(160.97199375,-76.2876518575038,-9.07001846388881));
#9668=CARTESIAN_POINT('',(160.792017352573,-78.7977333180842,-8.85041479156141));
#9669=CARTESIAN_POINT('',(162.199925,-77.3854480377728,-8.97397374325319));
#9670=CARTESIAN_POINT('',(161.416905397506,-76.6854121614208,-9.03521894649542));
#9671=CARTESIAN_POINT('',(171.236239583333,-83.3449130163759,-8.45258811694566));
#9672=CARTESIAN_POINT('Ctrl Pts',(171.236239583333,-83.3449130163759,-8.45258811694566));
#9673=CARTESIAN_POINT('Ctrl Pts',(168.4340375,-81.9020951794509,-8.57881832120959));
#9674=CARTESIAN_POINT('Ctrl Pts',(163.963108333333,-78.9537282952999,-8.83676699948805));
#9675=CARTESIAN_POINT('Ctrl Pts',(162.199925,-77.3854480377728,-8.97397374325319));
#9676=CARTESIAN_POINT('',(217.204947916667,-86.7951295829356,-8.15073328066235));
#9677=CARTESIAN_POINT('Ctrl Pts',(217.204947916667,-86.7951295829356,-8.15073328066235));
#9678=CARTESIAN_POINT('Ctrl Pts',(200.202822916667,-90.8099270422051,-7.79948401662359));
#9679=CARTESIAN_POINT('Ctrl Pts',(183.45258125,-89.5553028361834,-7.9092494116357));
#9680=CARTESIAN_POINT('Ctrl Pts',(171.236239583333,-83.3449130163759,-8.45258811694566));
#9681=CARTESIAN_POINT('',(240.819010416667,-74.3743499433207,-9.23741069128226));
#9682=CARTESIAN_POINT('Ctrl Pts',(240.819010416667,-74.3743499433207,-9.23741069128226));
#9683=CARTESIAN_POINT('Ctrl Pts',(234.616383333333,-80.4906429476765,-8.70230439059821));
#9684=CARTESIAN_POINT('Ctrl Pts',(227.09136875,-84.4427091966449,-8.35654339631005));
#9685=CARTESIAN_POINT('Ctrl Pts',(217.204947916667,-86.7951295829356,-8.15073328066234));
#9686=CARTESIAN_POINT('',(248.658879166667,-57.7819448186835,-10.6890580403174));
#9687=CARTESIAN_POINT('Ctrl Pts',(248.658879166667,-57.7819448186835,-10.6890580403175));
#9688=CARTESIAN_POINT('Ctrl Pts',(248.690364583333,-63.9296034281899,-10.1512076047582));
#9689=CARTESIAN_POINT('Ctrl Pts',(246.328958333333,-68.9167346471262,-9.71489015958496));
#9690=CARTESIAN_POINT('Ctrl Pts',(240.819010416667,-74.3743499433207,-9.23741069128228));
#9691=CARTESIAN_POINT('',(247.68283125,-51.6029206040266,-11.2296526107521));
#9692=CARTESIAN_POINT('Ctrl Pts',(247.68283125,-51.6029206040266,-11.2296526107521));
#9693=CARTESIAN_POINT('Ctrl Pts',(248.5329375,-54.0180722006184,-11.0183542253538));
#9694=CARTESIAN_POINT('Ctrl Pts',(248.658879166667,-54.7394811190809,-10.9552391232218));
#9695=CARTESIAN_POINT('Ctrl Pts',(248.658879166667,-57.7819448186835,-10.6890580403174));
#9696=CARTESIAN_POINT('Ctrl Pts',(245.352910416667,-46.4903269644881,-11.6769465954265));
#9697=CARTESIAN_POINT('Ctrl Pts',(246.108560416667,-47.8076823808109,-11.5616929306638));
#9698=CARTESIAN_POINT('Ctrl Pts',(247.147579166667,-50.0973715568005,-11.3613710847667));
#9699=CARTESIAN_POINT('Ctrl Pts',(247.68283125,-51.6029206040266,-11.2296526107522));
#9700=CARTESIAN_POINT('',(233.734791666667,-49.9405435310478,-11.3750917591431));
#9701=CARTESIAN_POINT('',(235.655402083333,-51.7597486297793,-11.2159319363755));
#9702=CARTESIAN_POINT('Ctrl Pts',(233.734791666667,-49.9405435310478,-11.3750917591432));
#9703=CARTESIAN_POINT('Ctrl Pts',(234.27004375,-49.2818658228864,-11.4327185915246));
#9704=CARTESIAN_POINT('Ctrl Pts',(234.742325,-49.720984294994,-11.3943007032703));
#9705=CARTESIAN_POINT('Ctrl Pts',(235.655402083333,-51.7597486297793,-11.2159319363757));
#9706=CARTESIAN_POINT('',(224.604020833333,-55.7431804838982,-10.8674268072121));
#9707=CARTESIAN_POINT('Ctrl Pts',(224.604020833333,-55.7431804838982,-10.8674268072121));
#9708=CARTESIAN_POINT('Ctrl Pts',(227.689591666667,-54.2062658315216,-11.0018894161019));
#9709=CARTESIAN_POINT('Ctrl Pts',(232.979141666667,-50.818780475263,-11.2982559826346));
#9710=CARTESIAN_POINT('Ctrl Pts',(233.734791666667,-49.9405435310478,-11.3750917591431));
#9711=CARTESIAN_POINT('',(192.268497916667,-63.4904849560823,-10.1896254930123));
#9712=CARTESIAN_POINT('Ctrl Pts',(192.268497916667,-63.4904849560823,-10.1896254930123));
#9713=CARTESIAN_POINT('Ctrl Pts',(204.736722916667,-63.2081945097274,-10.21432270689));
#9714=CARTESIAN_POINT('Ctrl Pts',(214.213833333333,-60.9185053337378,-10.4146445527871));
#9715=CARTESIAN_POINT('Ctrl Pts',(224.604020833333,-55.7431804838982,-10.8674268072121));
#9716=CARTESIAN_POINT('',(166.670854166667,-60.0716339946731,-10.4887361944203));
#9717=CARTESIAN_POINT('Ctrl Pts',(166.670854166667,-60.0716339946731,-10.4887361944203));
#9718=CARTESIAN_POINT('Ctrl Pts',(174.353295833333,-62.7377104324693,-10.2554847300196));
#9719=CARTESIAN_POINT('Ctrl Pts',(181.846825,-63.7414097972867,-10.1676724140099));
#9720=CARTESIAN_POINT('Ctrl Pts',(192.268497916667,-63.4904849560823,-10.1896254930123));
#9721=CARTESIAN_POINT('',(162.262895833333,-58.7542785783504,-10.6039898591831));
#9722=CARTESIAN_POINT('Ctrl Pts',(162.262895833333,-58.7542785783504,-10.6039898591831));
#9723=CARTESIAN_POINT('Ctrl Pts',(162.703691666667,-58.7856441835009,-10.6012457243078));
#9724=CARTESIAN_POINT('Ctrl Pts',(164.687272916667,-59.3815906813612,-10.5491071616771));
#9725=CARTESIAN_POINT('Ctrl Pts',(166.670854166667,-60.0716339946731,-10.4887361944204));
#9726=CARTESIAN_POINT('',(161.381304166667,-60.2598276255764,-10.4722713851685));
#9727=CARTESIAN_POINT('Ctrl Pts',(161.381304166667,-60.2598276255764,-10.4722713851685));
#9728=CARTESIAN_POINT('Ctrl Pts',(161.475760416667,-58.848375393802,-10.5957574545571));
#9729=CARTESIAN_POINT('Ctrl Pts',(161.53873125,-58.7229129731998,-10.6067339940583));
#9730=CARTESIAN_POINT('Ctrl Pts',(162.262895833333,-58.7542785783504,-10.603989859183));
#9731=CARTESIAN_POINT('',(164.907670833333,-65.4037868702653,-10.0222332656189));
#9732=CARTESIAN_POINT('Ctrl Pts',(164.907670833333,-65.4037868702654,-10.0222332656189));
#9733=CARTESIAN_POINT('Ctrl Pts',(161.664672916667,-63.2709257200285,-10.2088344371395));
#9734=CARTESIAN_POINT('Ctrl Pts',(161.223877083333,-62.6436136170177,-10.2637171346456));
#9735=CARTESIAN_POINT('Ctrl Pts',(161.381304166667,-60.2598276255764,-10.4722713851686));
#9736=CARTESIAN_POINT('',(190.914625,-74.1234251021163,-9.25936377028469));
#9737=CARTESIAN_POINT('Ctrl Pts',(190.914625,-74.1234251021163,-9.25936377028469));
#9738=CARTESIAN_POINT('Ctrl Pts',(180.05215625,-72.774704080643,-9.37736156992271));
#9739=CARTESIAN_POINT('Ctrl Pts',(171.960404166667,-70.0458964325458,-9.61610130407404));
#9740=CARTESIAN_POINT('Ctrl Pts',(164.907670833333,-65.4037868702654,-10.0222332656188));
#9741=CARTESIAN_POINT('',(217.204947916667,-71.676907900374,-9.47340629055831));
#9742=CARTESIAN_POINT('Ctrl Pts',(217.204947916667,-71.676907900374,-9.4734062905583));
#9743=CARTESIAN_POINT('Ctrl Pts',(209.553991666667,-74.1547907072669,-9.25661963540937));
#9744=CARTESIAN_POINT('Ctrl Pts',(198.974891666667,-75.1271244669337,-9.17155145427499));
#9745=CARTESIAN_POINT('Ctrl Pts',(190.914625,-74.1234251021163,-9.25936377028468));
#9746=CARTESIAN_POINT('',(235.529460416667,-59.256128260759,-10.5600837011782));
#9747=CARTESIAN_POINT('Ctrl Pts',(235.529460416667,-59.256128260759,-10.5600837011782));
#9748=CARTESIAN_POINT('Ctrl Pts',(233.388452083333,-63.6159473766845,-10.1786489535111));
#9749=CARTESIAN_POINT('Ctrl Pts',(225.328185416667,-69.0735626728789,-9.70116948520842));
#9750=CARTESIAN_POINT('Ctrl Pts',(217.204947916667,-71.676907900374,-9.47340629055829));
#9751=CARTESIAN_POINT('Ctrl Pts',(235.655402083333,-51.7597486297793,-11.2159319363756));
#9752=CARTESIAN_POINT('Ctrl Pts',(236.72590625,-54.1435346212206,-11.0073776858525));
#9753=CARTESIAN_POINT('Ctrl Pts',(236.694420833333,-56.9350734796189,-10.7631496819506));
#9754=CARTESIAN_POINT('Ctrl Pts',(235.529460416667,-59.256128260759,-10.5600837011782));
#9755=CARTESIAN_POINT('Origin',(147.812290424092,-124.572169620649,3.2));
#9756=CARTESIAN_POINT('',(138.012290424092,-125.322169620649,3.2));
#9757=CARTESIAN_POINT('',(138.012290424092,-123.822169620649,3.2));
#9758=CARTESIAN_POINT('',(138.012290424092,-124.197169620649,3.2));
#9759=CARTESIAN_POINT('',(138.312290424092,-125.622169620649,3.2));
#9760=CARTESIAN_POINT('Origin',(138.312290424092,-125.322169620649,3.2));
#9761=CARTESIAN_POINT('',(157.312290424092,-125.622169620649,3.2));
#9762=CARTESIAN_POINT('',(143.062290424092,-125.622169620649,3.2));
#9763=CARTESIAN_POINT('',(157.612290424092,-125.322169620649,3.2));
#9764=CARTESIAN_POINT('Origin',(157.312290424092,-125.322169620649,3.2));
#9765=CARTESIAN_POINT('',(157.612290424092,-123.822169620649,3.2));
#9766=CARTESIAN_POINT('',(157.612290424092,-124.947169620649,3.2));
#9767=CARTESIAN_POINT('',(157.312290424092,-123.522169620649,3.2));
#9768=CARTESIAN_POINT('Origin',(157.312290424092,-123.822169620649,3.2));
#9769=CARTESIAN_POINT('',(138.312290424092,-123.522169620649,3.2));
#9770=CARTESIAN_POINT('',(152.562290424092,-123.522169620649,3.2));
#9771=CARTESIAN_POINT('Origin',(138.312290424092,-123.822169620649,3.2));
#9772=CARTESIAN_POINT('Origin',(157.312290424092,-125.322169620649,3.));
#9773=CARTESIAN_POINT('',(157.812290424092,-125.322169620649,3.));
#9774=CARTESIAN_POINT('Origin',(157.612290424092,-125.322169620649,3.));
#9775=CARTESIAN_POINT('',(157.312290424092,-125.822169620649,3.));
#9776=CARTESIAN_POINT('Origin',(157.312290424092,-125.622169620649,3.));
#9777=CARTESIAN_POINT('Origin',(157.312290424092,-125.322169620649,3.));
#9778=CARTESIAN_POINT('Origin',(157.612290424092,-124.947169620649,3.));
#9779=CARTESIAN_POINT('',(157.812290424092,-123.822169620649,3.));
#9780=CARTESIAN_POINT('Origin',(157.612290424092,-123.822169620649,3.));
#9781=CARTESIAN_POINT('',(157.812290424092,-124.947169620649,3.));
#9782=CARTESIAN_POINT('Origin',(157.312290424092,-123.822169620649,3.));
#9783=CARTESIAN_POINT('',(157.312290424092,-123.322169620649,3.));
#9784=CARTESIAN_POINT('Origin',(157.312290424092,-123.522169620649,3.));
#9785=CARTESIAN_POINT('Origin',(157.312290424092,-123.822169620649,3.));
#9786=CARTESIAN_POINT('Origin',(152.562290424092,-123.522169620649,3.));
#9787=CARTESIAN_POINT('',(138.312290424092,-123.322169620649,3.));
#9788=CARTESIAN_POINT('Origin',(138.312290424092,-123.522169620649,3.));
#9789=CARTESIAN_POINT('',(152.562290424092,-123.322169620649,3.));
#9790=CARTESIAN_POINT('Origin',(138.312290424092,-123.822169620649,3.));
#9791=CARTESIAN_POINT('',(137.812290424092,-123.822169620649,3.));
#9792=CARTESIAN_POINT('Origin',(138.012290424092,-123.822169620649,3.));
#9793=CARTESIAN_POINT('Origin',(138.312290424092,-123.822169620649,3.));
#9794=CARTESIAN_POINT('Origin',(138.012290424092,-124.197169620649,3.));
#9795=CARTESIAN_POINT('',(137.812290424092,-125.322169620649,3.));
#9796=CARTESIAN_POINT('',(137.812290424092,-124.197169620649,3.));
#9797=CARTESIAN_POINT('Origin',(138.012290424092,-125.322169620649,3.));
#9798=CARTESIAN_POINT('Origin',(138.312290424092,-125.322169620649,3.));
#9799=CARTESIAN_POINT('',(138.312290424092,-125.822169620649,3.));
#9800=CARTESIAN_POINT('Origin',(138.312290424092,-125.622169620649,3.));
#9801=CARTESIAN_POINT('Origin',(138.312290424092,-125.322169620649,3.));
#9802=CARTESIAN_POINT('Origin',(143.062290424092,-125.622169620649,3.));
#9803=CARTESIAN_POINT('',(143.062290424092,-125.822169620649,3.));
#9804=CARTESIAN_POINT('Origin',(279.722290424092,-91.3221696206492,3.));
#9805=CARTESIAN_POINT('',(280.222290424092,-91.3221696206492,3.));
#9806=CARTESIAN_POINT('',(280.022290424092,-91.3221696206492,3.2));
#9807=CARTESIAN_POINT('Origin',(280.022290424092,-91.3221696206492,3.));
#9808=CARTESIAN_POINT('',(279.722290424092,-91.6221696206492,3.2));
#9809=CARTESIAN_POINT('Origin',(279.722290424092,-91.3221696206492,3.2));
#9810=CARTESIAN_POINT('',(279.722290424092,-91.8221696206492,3.));
#9811=CARTESIAN_POINT('Origin',(279.722290424092,-91.6221696206492,3.));
#9812=CARTESIAN_POINT('Origin',(279.722290424092,-91.3221696206492,3.));
#9813=CARTESIAN_POINT('Origin',(280.022290424092,-86.5721696206492,3.));
#9814=CARTESIAN_POINT('',(280.222290424092,-72.3221696206492,3.));
#9815=CARTESIAN_POINT('',(280.022290424092,-72.3221696206492,3.2));
#9816=CARTESIAN_POINT('Origin',(280.022290424092,-72.3221696206492,3.));
#9817=CARTESIAN_POINT('',(280.022290424092,-86.5721696206492,3.2));
#9818=CARTESIAN_POINT('',(280.222290424092,-86.5721696206492,3.));
#9819=CARTESIAN_POINT('Origin',(279.722290424092,-72.3221696206491,3.));
#9820=CARTESIAN_POINT('',(279.722290424092,-71.8221696206492,3.));
#9821=CARTESIAN_POINT('',(279.722290424092,-72.0221696206492,3.2));
#9822=CARTESIAN_POINT('Origin',(279.722290424092,-72.0221696206492,3.));
#9823=CARTESIAN_POINT('Origin',(279.722290424092,-72.3221696206491,3.2));
#9824=CARTESIAN_POINT('Origin',(279.722290424092,-72.3221696206491,3.));
#9825=CARTESIAN_POINT('Origin',(278.973645212046,-81.8221696206492,3.2));
#9826=CARTESIAN_POINT('',(277.725,-72.0221696206492,3.2));
#9827=CARTESIAN_POINT('',(279.347967818069,-72.0221696206492,3.2));
#9828=CARTESIAN_POINT('',(277.725,-91.6221696206492,3.2));
#9829=CARTESIAN_POINT('',(277.725,-44.3625,3.2));
#9830=CARTESIAN_POINT('',(278.349322606023,-91.6221696206492,3.2));
#9831=CARTESIAN_POINT('Origin',(278.349322606023,-91.6221696206492,3.));
#9832=CARTESIAN_POINT('',(277.725,-91.8221696206492,3.));
#9833=CARTESIAN_POINT('Origin',(277.725,-91.6221696206492,3.));
#9834=CARTESIAN_POINT('',(278.349322606023,-91.8221696206492,3.));
#9835=CARTESIAN_POINT('Origin',(279.347967818069,-72.0221696206492,3.));
#9836=CARTESIAN_POINT('',(277.725,-71.8221696206492,3.));
#9837=CARTESIAN_POINT('Origin',(277.725,-72.0221696206492,3.));
#9838=CARTESIAN_POINT('',(279.347967818069,-71.8221696206492,3.));
#9839=CARTESIAN_POINT('Origin',(16.3011452120459,-81.8221696206492,3.2));
#9840=CARTESIAN_POINT('',(17.55,-91.6221696206492,3.2));
#9841=CARTESIAN_POINT('',(15.5522904240918,-91.6221696206492,3.2));
#9842=CARTESIAN_POINT('',(15.9267178180688,-91.6221696206492,3.2));
#9843=CARTESIAN_POINT('',(17.55,-72.0221696206492,3.2));
#9844=CARTESIAN_POINT('',(17.55,-117.5625,3.2));
#9845=CARTESIAN_POINT('',(15.5522904240918,-72.0221696206492,3.2));
#9846=CARTESIAN_POINT('',(16.9255726060229,-72.0221696206492,3.2));
#9847=CARTESIAN_POINT('',(15.2522904240918,-72.3221696206492,3.2));
#9848=CARTESIAN_POINT('Origin',(15.5522904240918,-72.3221696206492,3.2));
#9849=CARTESIAN_POINT('',(15.2522904240918,-91.3221696206492,3.2));
#9850=CARTESIAN_POINT('',(15.2522904240918,-77.0721696206492,3.2));
#9851=CARTESIAN_POINT('Origin',(15.5522904240918,-91.3221696206492,3.2));
#9852=CARTESIAN_POINT('Origin',(16.9255726060229,-72.0221696206492,3.));
#9853=CARTESIAN_POINT('',(17.55,-71.8221696206492,3.));
#9854=CARTESIAN_POINT('Origin',(17.55,-72.0221696206492,3.));
#9855=CARTESIAN_POINT('',(15.5522904240918,-71.8221696206492,3.));
#9856=CARTESIAN_POINT('',(16.9255726060229,-71.8221696206492,3.));
#9857=CARTESIAN_POINT('Origin',(15.5522904240918,-72.0221696206492,3.));
#9858=CARTESIAN_POINT('Origin',(15.5522904240918,-72.3221696206492,3.));
#9859=CARTESIAN_POINT('',(15.0522904240918,-72.3221696206492,3.));
#9860=CARTESIAN_POINT('Origin',(15.2522904240918,-72.3221696206492,3.));
#9861=CARTESIAN_POINT('Origin',(15.5522904240918,-72.3221696206492,3.));
#9862=CARTESIAN_POINT('Origin',(15.2522904240918,-77.0721696206492,3.));
#9863=CARTESIAN_POINT('',(15.0522904240918,-91.3221696206492,3.));
#9864=CARTESIAN_POINT('Origin',(15.2522904240918,-91.3221696206492,3.));
#9865=CARTESIAN_POINT('',(15.0522904240918,-77.0721696206492,3.));
#9866=CARTESIAN_POINT('Origin',(15.5522904240918,-91.3221696206492,3.));
#9867=CARTESIAN_POINT('',(15.5522904240918,-91.8221696206492,3.));
#9868=CARTESIAN_POINT('Origin',(15.5522904240918,-91.6221696206492,3.));
#9869=CARTESIAN_POINT('Origin',(15.5522904240918,-91.3221696206492,3.));
#9870=CARTESIAN_POINT('Origin',(15.9267178180688,-91.6221696206492,3.));
#9871=CARTESIAN_POINT('',(17.55,-91.8221696206492,3.));
#9872=CARTESIAN_POINT('Origin',(17.55,-91.6221696206492,3.));
#9873=CARTESIAN_POINT('',(15.9267178180688,-91.8221696206492,3.));
#9874=CARTESIAN_POINT('Origin',(22.35,-121.7840555607,-4.28654303862558));
#9875=CARTESIAN_POINT('',(18.35,-121.7840555607,-4.28654303862562));
#9876=CARTESIAN_POINT('Origin',(22.35,-121.7840555607,-4.28654303862563));
#9877=CARTESIAN_POINT('Origin',(272.925,-42.0884797133601,-11.2590024584382));
#9878=CARTESIAN_POINT('',(268.925,-42.0884797133601,-11.2590024584382));
#9879=CARTESIAN_POINT('Origin',(272.925,-42.0884797133601,-11.2590024584382));
#9880=CARTESIAN_POINT('Origin',(157.312290424092,-125.322169620649,0.2));
#9881=CARTESIAN_POINT('',(157.312290424092,-125.822169620649,0.2));
#9882=CARTESIAN_POINT('',(157.812290424092,-125.322169620649,0.2));
#9883=CARTESIAN_POINT('Origin',(157.812290424092,-125.322169620649,0.2));
#9884=CARTESIAN_POINT('',(157.812290424092,-123.822169620649,0.2));
#9885=CARTESIAN_POINT('Origin',(157.312290424092,-123.822169620649,0.2));
#9886=CARTESIAN_POINT('',(157.312290424092,-123.322169620649,0.2));
#9887=CARTESIAN_POINT('Origin',(157.312290424092,-123.322169620649,0.2));
#9888=CARTESIAN_POINT('',(138.312290424092,-123.322169620649,0.2));
#9889=CARTESIAN_POINT('Origin',(138.312290424092,-123.822169620649,0.2));
#9890=CARTESIAN_POINT('',(137.812290424092,-123.822169620649,0.2));
#9891=CARTESIAN_POINT('Origin',(137.812290424092,-123.822169620649,0.2));
#9892=CARTESIAN_POINT('',(137.812290424092,-125.322169620649,0.2));
#9893=CARTESIAN_POINT('Origin',(138.312290424092,-125.322169620649,0.2));
#9894=CARTESIAN_POINT('',(138.312290424092,-125.822169620649,0.2));
#9895=CARTESIAN_POINT('Origin',(138.312290424092,-125.822169620649,0.2));
#9896=CARTESIAN_POINT('Origin',(20.55,-117.5625,0.));
#9897=CARTESIAN_POINT('',(17.55,-117.5625,0.));
#9898=CARTESIAN_POINT('',(20.55,-120.5625,0.));
#9899=CARTESIAN_POINT('Origin',(20.55,-120.5625,0.));
#9900=CARTESIAN_POINT('',(274.725,-120.5625,0.));
#9901=CARTESIAN_POINT('Origin',(274.725,-117.5625,0.));
#9902=CARTESIAN_POINT('',(277.725,-117.5625,0.));
#9903=CARTESIAN_POINT('Origin',(277.725,-91.8221696206492,0.2));
#9904=CARTESIAN_POINT('',(277.725,-91.8221696206492,0.2));
#9905=CARTESIAN_POINT('',(279.722290424092,-91.8221696206492,0.2));
#9906=CARTESIAN_POINT('Origin',(279.722290424092,-91.3221696206492,0.2));
#9907=CARTESIAN_POINT('',(280.222290424092,-91.3221696206492,0.2));
#9908=CARTESIAN_POINT('Origin',(280.222290424092,-91.3221696206492,0.2));
#9909=CARTESIAN_POINT('',(280.222290424092,-72.3221696206492,0.2));
#9910=CARTESIAN_POINT('Origin',(279.722290424092,-72.3221696206491,0.2));
#9911=CARTESIAN_POINT('',(279.722290424092,-71.8221696206492,0.2));
#9912=CARTESIAN_POINT('Origin',(279.722290424092,-71.8221696206492,0.2));
#9913=CARTESIAN_POINT('',(277.725,-71.8221696206492,0.2));
#9914=CARTESIAN_POINT('Origin',(277.725,-117.5625,0.));
#9915=CARTESIAN_POINT('',(277.725,-44.3625,0.));
#9916=CARTESIAN_POINT('Origin',(274.725,-44.3625,0.));
#9917=CARTESIAN_POINT('',(274.725,-41.3625,0.));
#9918=CARTESIAN_POINT('Origin',(20.85,-41.3625,0.));
#9919=CARTESIAN_POINT('',(20.55,-41.3625,0.));
#9920=CARTESIAN_POINT('Origin',(20.55,-44.3625,0.));
#9921=CARTESIAN_POINT('',(17.55,-44.3625,0.));
#9922=CARTESIAN_POINT('Origin',(17.55,-117.2625,0.));
#9923=CARTESIAN_POINT('',(17.55,-91.8221696206492,0.2));
#9924=CARTESIAN_POINT('',(17.55,-71.8221696206492,0.2));
#9925=CARTESIAN_POINT('Origin',(17.55,-71.8221696206492,0.2));
#9926=CARTESIAN_POINT('',(15.5522904240918,-71.8221696206492,0.2));
#9927=CARTESIAN_POINT('Origin',(15.5522904240918,-72.3221696206492,0.2));
#9928=CARTESIAN_POINT('',(15.0522904240918,-72.3221696206492,0.2));
#9929=CARTESIAN_POINT('Origin',(15.0522904240918,-72.3221696206492,0.2));
#9930=CARTESIAN_POINT('',(15.0522904240918,-91.3221696206492,0.2));
#9931=CARTESIAN_POINT('Origin',(15.5522904240918,-91.3221696206492,0.2));
#9932=CARTESIAN_POINT('',(15.5522904240918,-91.8221696206492,0.2));
#9933=CARTESIAN_POINT('Origin',(15.5522904240918,-91.8221696206492,0.2));
#9934=CARTESIAN_POINT('Origin',(272.925,-121.7840555607,-4.28654303862557));
#9935=CARTESIAN_POINT('',(268.925,-121.7840555607,-4.28654303862562));
#9936=CARTESIAN_POINT('Origin',(272.925,-121.7840555607,-4.28654303862562));
#9937=CARTESIAN_POINT('Origin',(22.35,-42.0884797133601,-11.2590024584382));
#9938=CARTESIAN_POINT('',(18.35,-42.0884797133601,-11.2590024584382));
#9939=CARTESIAN_POINT('Origin',(22.35,-42.0884797133601,-11.2590024584382));
#9940=CARTESIAN_POINT('Origin',(22.35,-121.958367046195,-6.27893243480911));
#9941=CARTESIAN_POINT('',(18.35,-121.827633432074,-4.78464038767163));
#9942=CARTESIAN_POINT('Origin',(22.35,-121.827633432074,-4.78464038767163));
#9943=CARTESIAN_POINT('',(18.35,-121.958367046195,-6.27893243480911));
#9944=CARTESIAN_POINT('Origin',(272.925,-42.2627911988555,-13.2513918546217));
#9945=CARTESIAN_POINT('',(268.925,-42.132057584734,-11.7570998074842));
#9946=CARTESIAN_POINT('Origin',(272.925,-42.132057584734,-11.7570998074842));
#9947=CARTESIAN_POINT('',(268.925,-42.2627911988555,-13.2513918546217));
#9948=CARTESIAN_POINT('Origin',(13.85,-36.6625,0.));
#9949=CARTESIAN_POINT('',(13.85,-36.6625,0.));
#9950=CARTESIAN_POINT('',(13.850000626157,-124.114981167979,-1.71356516111121E-6));
#9951=CARTESIAN_POINT('',(13.85,-36.6625,0.));
#9952=CARTESIAN_POINT('',(13.85,-124.115652518318,0.));
#9953=CARTESIAN_POINT('',(13.85,-36.6625,0.));
#9954=CARTESIAN_POINT('Ctrl Pts',(13.85,-124.115652518318,0.));
#9955=CARTESIAN_POINT('Ctrl Pts',(13.85,-124.115652518318,0.24));
#9956=CARTESIAN_POINT('Ctrl Pts',(13.85,-124.116302500598,9.2516005006843E-19));
#9957=CARTESIAN_POINT('Ctrl Pts',(13.85,-124.116302500598,0.24));
#9958=CARTESIAN_POINT('Ctrl Pts',(13.8500000143616,-124.11695248321,-1.33226762944932E-14));
#9959=CARTESIAN_POINT('Ctrl Pts',(13.8500000143616,-124.11695248321,0.239999999999987));
#9960=CARTESIAN_POINT('Ctrl Pts',(13.8500180521697,-124.525133872451,-1.33226769279533E-14));
#9961=CARTESIAN_POINT('Ctrl Pts',(13.8500180521697,-124.525133872451,0.239999999999987));
#9962=CARTESIAN_POINT('Ctrl Pts',(13.8556817975806,-124.932577661413,0.));
#9963=CARTESIAN_POINT('Ctrl Pts',(13.8556817975806,-124.932577661413,0.24));
#9964=CARTESIAN_POINT('Ctrl Pts',(13.8669834708781,-125.339816926975,0.));
#9965=CARTESIAN_POINT('Ctrl Pts',(13.8669834708781,-125.339816926975,0.24));
#9966=CARTESIAN_POINT('',(13.866983307546,-125.339816931507,4.40734745912856E-7));
#9967=CARTESIAN_POINT('Origin',(57.9821529395424,-124.11558584795,0.00965071822967982));
#9968=CARTESIAN_POINT('',(13.8669834708781,-125.339816926975,0.));
#9969=CARTESIAN_POINT('Ctrl Pts',(13.8669834708781,-125.339816926975,7.5045487181495E-16));
#9970=CARTESIAN_POINT('Ctrl Pts',(13.8669834708781,-125.339816926975,0.240000000000003));
#9971=CARTESIAN_POINT('Ctrl Pts',(13.8769657420637,-125.699513467409,7.50646776659764E-16));
#9972=CARTESIAN_POINT('Ctrl Pts',(13.8769657420637,-125.699513467409,0.240000000000003));
#9973=CARTESIAN_POINT('Ctrl Pts',(13.9564372890225,-126.052602160901,2.63677968348475E-15));
#9974=CARTESIAN_POINT('Ctrl Pts',(13.9564372890225,-126.052602160901,0.240000000000005));
#9975=CARTESIAN_POINT('Ctrl Pts',(14.2452220671973,-126.71908347644,2.63677968348475E-15));
#9976=CARTESIAN_POINT('Ctrl Pts',(14.2452220671973,-126.71908347644,0.240000000000005));
#9977=CARTESIAN_POINT('Ctrl Pts',(14.453419412131,-127.023978333106,-1.05577056585211E-14));
#9978=CARTESIAN_POINT('Ctrl Pts',(14.453419412131,-127.023978333106,0.239999999999992));
#9979=CARTESIAN_POINT('Ctrl Pts',(15.01271050665,-127.593213599818,-1.05346653528927E-14));
#9980=CARTESIAN_POINT('Ctrl Pts',(15.01271050665,-127.593213599818,0.239999999999992));
#9981=CARTESIAN_POINT('Ctrl Pts',(15.3763368784404,-127.834843647226,-1.1334721182255E-14));
#9982=CARTESIAN_POINT('Ctrl Pts',(15.3763368784404,-127.834843647226,0.239999999999991));
#9983=CARTESIAN_POINT('Ctrl Pts',(16.1924866006224,-128.174351722044,-1.12849377185952E-14));
#9984=CARTESIAN_POINT('Ctrl Pts',(16.1924866006224,-128.174351722044,0.239999999999991));
#9985=CARTESIAN_POINT('Ctrl Pts',(16.642191269449,-128.2625,1.68109186073274E-15));
#9986=CARTESIAN_POINT('Ctrl Pts',(16.642191269449,-128.2625,0.240000000000004));
#9987=CARTESIAN_POINT('Ctrl Pts',(17.0945103066407,-128.2625,1.680138192741E-15));
#9988=CARTESIAN_POINT('Ctrl Pts',(17.0945103066407,-128.2625,0.240000000000004));
#9989=CARTESIAN_POINT('',(17.0945103041953,-128.262500000383,0.00104113643842752));
#9990=CARTESIAN_POINT('Ctrl Pts',(17.0945103041953,-128.262500000383,0.00104113643842752));
#9991=CARTESIAN_POINT('Ctrl Pts',(17.0904824728923,-128.26250000038,0.00135767238211217));
#9992=CARTESIAN_POINT('Ctrl Pts',(17.0863922305601,-128.26249286554,0.00167673278252715));
#9993=CARTESIAN_POINT('Ctrl Pts',(16.6790696157634,-128.261071771432,0.0332922589865326));
#9994=CARTESIAN_POINT('Ctrl Pts',(16.2775286603613,-128.18973676973,0.0431811338219555));
#9995=CARTESIAN_POINT('Ctrl Pts',(15.5245690745283,-127.910604973097,0.0343615814213739));
#9996=CARTESIAN_POINT('Ctrl Pts',(15.1787176749485,-127.707379110523,0.0169651003593099));
#9997=CARTESIAN_POINT('Ctrl Pts',(14.5553033509623,-127.161220652198,-0.00515967842180876));
#9998=CARTESIAN_POINT('Ctrl Pts',(14.319029316585,-126.836985947294,0.000768408639312461));
#9999=CARTESIAN_POINT('Ctrl Pts',(14.0682393522094,-126.326708476095,0.00369212923331594));
#10000=CARTESIAN_POINT('Ctrl Pts',(13.9981462897763,-126.135908649625,0.0036582016742842));
#10001=CARTESIAN_POINT('Ctrl Pts',(13.900163119142,-125.742655843875,0.00179608134626072));
#10002=CARTESIAN_POINT('Ctrl Pts',(13.872593304272,-125.541959067445,-4.7842375186226E-14));
#10003=CARTESIAN_POINT('Ctrl Pts',(13.8669834708781,-125.339816926975,-1.69975795591415E-15));
#10004=CARTESIAN_POINT('',(17.0945103066385,-128.2625,2.67022515210158E-12));
#10005=CARTESIAN_POINT('Ctrl Pts',(278.241402076853,-128.2625,1.27936944595515E-15));
#10006=CARTESIAN_POINT('Ctrl Pts',(278.241402076853,-128.2625,0.240000000000001));
#10007=CARTESIAN_POINT('Ctrl Pts',(278.476208209922,-128.2625,1.27989056794127E-15));
#10008=CARTESIAN_POINT('Ctrl Pts',(278.476208209922,-128.2625,0.240000000000001));
#10009=CARTESIAN_POINT('Ctrl Pts',(278.710616087975,-128.238205329034,-2.31563972730216E-13));
#10010=CARTESIAN_POINT('Ctrl Pts',(278.710616087975,-128.238205329034,0.239999999999768));
#10011=CARTESIAN_POINT('Ctrl Pts',(279.169037352045,-128.141487828472,-2.31537866450048E-13));
#10012=CARTESIAN_POINT('Ctrl Pts',(279.169037352045,-128.141487828472,0.239999999999768));
#10013=CARTESIAN_POINT('Ctrl Pts',(279.392229758666,-128.069467044575,-1.18618309619123E-11));
#10014=CARTESIAN_POINT('Ctrl Pts',(279.392229758666,-128.069467044575,0.239999999988138));
#10015=CARTESIAN_POINT('Ctrl Pts',(279.974131768616,-127.810182475542,-1.18618309619123E-11));
#10016=CARTESIAN_POINT('Ctrl Pts',(279.974131768616,-127.810182475542,0.239999999988138));
#10017=CARTESIAN_POINT('Ctrl Pts',(280.309257702448,-127.579124016634,-1.22291066162461E-12));
#10018=CARTESIAN_POINT('Ctrl Pts',(280.309257702448,-127.579124016634,0.239999999998777));
#10019=CARTESIAN_POINT('Ctrl Pts',(280.855740089847,-127.016549263004,-1.22291066162461E-12));
#10020=CARTESIAN_POINT('Ctrl Pts',(280.855740089847,-127.016549263004,0.239999999998777));
#10021=CARTESIAN_POINT('Ctrl Pts',(281.067691959566,-126.696240159509,-2.76999950911583E-15));
#10022=CARTESIAN_POINT('Ctrl Pts',(281.067691959566,-126.696240159509,0.239999999999997));
#10023=CARTESIAN_POINT('Ctrl Pts',(281.352237932675,-125.999972589765,-2.78097185359133E-15));
#10024=CARTESIAN_POINT('Ctrl Pts',(281.352237932675,-125.999972589765,0.239999999999997));
#10025=CARTESIAN_POINT('Ctrl Pts',(281.425,-125.633543578134,-5.73540526520171E-17));
#10026=CARTESIAN_POINT('Ctrl Pts',(281.425,-125.633543578134,0.24));
#10027=CARTESIAN_POINT('Ctrl Pts',(281.425,-125.2625,-5.7538983998641E-17));
#10028=CARTESIAN_POINT('Ctrl Pts',(281.425,-125.2625,0.24));
#10029=CARTESIAN_POINT('',(281.425,-125.2625,4.89407658968747E-16));
#10030=CARTESIAN_POINT('',(278.24140207635,-128.2625,2.83971943844971E-5));
#10031=CARTESIAN_POINT('Ctrl Pts',(281.425,-125.2625,6.93889390390723E-17));
#10032=CARTESIAN_POINT('Ctrl Pts',(281.425,-125.469488819513,8.00564733270363E-17));
#10033=CARTESIAN_POINT('Ctrl Pts',(281.402362937163,-125.675708027172,0.00224521078262167));
#10034=CARTESIAN_POINT('Ctrl Pts',(281.312532404312,-126.080873346381,0.0045925133101156));
#10035=CARTESIAN_POINT('Ctrl Pts',(281.245621382432,-126.27799477637,0.00465137089346697));
#10036=CARTESIAN_POINT('Ctrl Pts',(281.009180844815,-126.78804460368,0.00127079687741202));
#10037=CARTESIAN_POINT('Ctrl Pts',(280.785060392436,-127.118039376266,-0.00577482119408977));
#10038=CARTESIAN_POINT('Ctrl Pts',(280.167028145665,-127.685093160771,0.0196182665801993));
#10039=CARTESIAN_POINT('Ctrl Pts',(279.820966903136,-127.896801059858,0.0397830636725593));
#10040=CARTESIAN_POINT('Ctrl Pts',(278.959529393391,-128.226973823536,0.0504631928170054));
#10041=CARTESIAN_POINT('Ctrl Pts',(278.534311565667,-128.261051928512,0.0264382383377939));
#10042=CARTESIAN_POINT('Ctrl Pts',(278.255907473655,-128.262470274754,0.0021784571182408));
#10043=CARTESIAN_POINT('Ctrl Pts',(278.253061772542,-128.262481052308,0.00192908423976049));
#10044=CARTESIAN_POINT('Ctrl Pts',(278.249139071852,-128.262491450088,0.00157911077178458));
#10045=CARTESIAN_POINT('Ctrl Pts',(278.247512678874,-128.262494763527,0.00143293750549673));
#10046=CARTESIAN_POINT('Ctrl Pts',(278.243106577074,-128.262500990654,0.00101782669371953));
#10047=CARTESIAN_POINT('Ctrl Pts',(278.24231031648,-128.262499901547,0.000902544550986227));
#10048=CARTESIAN_POINT('Ctrl Pts',(278.241814399138,-128.262499976578,0.000644839119415672));
#10049=CARTESIAN_POINT('Ctrl Pts',(278.241731515047,-128.262499984802,0.000581444781849748));
#10050=CARTESIAN_POINT('Ctrl Pts',(278.241610955212,-128.26249999395,0.000446086500132281));
#10051=CARTESIAN_POINT('Ctrl Pts',(278.241569386316,-128.262499996083,0.000385002260223677));
#10052=CARTESIAN_POINT('Ctrl Pts',(278.241492371838,-128.262499999045,0.000248578071434399));
#10053=CARTESIAN_POINT('Ctrl Pts',(278.241449322705,-128.2625,0.000157127183485618));
#10054=CARTESIAN_POINT('Ctrl Pts',(278.241402076299,-128.2625,2.83972132470073E-5));
#10055=CARTESIAN_POINT('',(281.425,-125.2625,4.89407658968747E-16));
#10056=CARTESIAN_POINT('',(278.24140207635,-128.2625,-6.85731185376404E-10));
#10057=CARTESIAN_POINT('Origin',(281.425,-125.2625,0.));
#10058=CARTESIAN_POINT('',(281.425,-36.6625,0.));
#10059=CARTESIAN_POINT('',(281.425,-125.2625,0.));
#10060=CARTESIAN_POINT('',(281.425,-36.6625,0.));
#10061=CARTESIAN_POINT('Origin',(278.425,-36.6625,0.));
#10062=CARTESIAN_POINT('',(279.466536365259,-33.8491033345086,-12.8439384378755));
#10063=CARTESIAN_POINT('Ctrl Pts',(279.466536343541,-33.8491031127685,-12.8439382115703));
#10064=CARTESIAN_POINT('Ctrl Pts',(280.195444825265,-34.1189493894445,-10.3543228530298));
#10065=CARTESIAN_POINT('Ctrl Pts',(280.781407029005,-34.6546485449105,-7.58383948432624));
#10066=CARTESIAN_POINT('Ctrl Pts',(281.340877852239,-35.7946000987555,-2.63770466011379));
#10067=CARTESIAN_POINT('Ctrl Pts',(281.396853581154,-36.1963602507125,-1.04135335236813));
#10068=CARTESIAN_POINT('Ctrl Pts',(281.416923582477,-36.4412236198123,-0.339462622370034));
#10069=CARTESIAN_POINT('Ctrl Pts',(281.41896270932,-36.4699174066558,-0.262367536327866));
#10070=CARTESIAN_POINT('Ctrl Pts',(281.421403034442,-36.5148717776156,-0.162412326011271));
#10071=CARTESIAN_POINT('Ctrl Pts',(281.42224427531,-36.5325341160258,-0.126425093578029));
#10072=CARTESIAN_POINT('Ctrl Pts',(281.423350475165,-36.562440542272,-0.0771759139974244));
#10073=CARTESIAN_POINT('Ctrl Pts',(281.423756409325,-36.5750350241253,-0.058645893247777));
#10074=CARTESIAN_POINT('Ctrl Pts',(281.424312114209,-36.5976544436777,-0.0327751307649436));
#10075=CARTESIAN_POINT('Ctrl Pts',(281.424520592234,-36.6077425003981,-0.0229247118351519));
#10076=CARTESIAN_POINT('Ctrl Pts',(281.424816694469,-36.6280650514733,-0.00881780589685026));
#10077=CARTESIAN_POINT('Ctrl Pts',(281.42492269208,-36.6382901279641,-0.00371866939284288));
#10078=CARTESIAN_POINT('Ctrl Pts',(281.424981728691,-36.6517562620134,-0.000878965083641432));
#10079=CARTESIAN_POINT('Ctrl Pts',(281.424989479062,-36.6541855062913,-0.000506066609129603));
#10080=CARTESIAN_POINT('Ctrl Pts',(281.424996334818,-36.6576929203704,-0.000176273324288915));
#10081=CARTESIAN_POINT('Ctrl Pts',(281.424997845678,-36.6587515803541,-0.000103602719539916));
#10082=CARTESIAN_POINT('Ctrl Pts',(281.424999601244,-36.6607109960394,-1.91717846213254E-5));
#10083=CARTESIAN_POINT('Ctrl Pts',(281.425,-36.6616002795211,5.33793605945804E-12));
#10084=CARTESIAN_POINT('Ctrl Pts',(281.425,-36.6625,5.33760338603485E-12));
#10085=CARTESIAN_POINT('Ctrl Pts',(278.425,-33.6625,-12.4543457494654));
#10086=CARTESIAN_POINT('Ctrl Pts',(278.697102803296,-33.6625,-12.5654312537414));
#10087=CARTESIAN_POINT('Ctrl Pts',(278.991824618944,-33.7015320787792,-12.6867728798984));
#10088=CARTESIAN_POINT('Ctrl Pts',(279.340882400654,-33.8049549663089,-12.805029751031));
#10089=CARTESIAN_POINT('Ctrl Pts',(279.404068267314,-33.8259770548696,-12.8253352379859));
#10090=CARTESIAN_POINT('Ctrl Pts',(279.466536450615,-33.8491031524079,-12.8439383776289));
#10091=CARTESIAN_POINT('Origin',(16.85,-36.6625,0.));
#10092=CARTESIAN_POINT('',(15.94372330732,-33.8026638934538,-12.8015027405022));
#10093=CARTESIAN_POINT('Ctrl Pts',(13.85,-36.6625,1.36308208201335E-13));
#10094=CARTESIAN_POINT('Ctrl Pts',(13.85,-36.658075825412,1.36136816354729E-13));
#10095=CARTESIAN_POINT('Ctrl Pts',(13.8500097543678,-36.6536830361465,-0.000303547110946217));
#10096=CARTESIAN_POINT('Ctrl Pts',(13.8500533776096,-36.643768875683,-0.00166153437976485));
#10097=CARTESIAN_POINT('Ctrl Pts',(13.8500925802723,-36.6383345032119,-0.00288211593146918));
#10098=CARTESIAN_POINT('Ctrl Pts',(13.8502844461041,-36.618826052352,-0.00884990130317797));
#10099=CARTESIAN_POINT('Ctrl Pts',(13.8505147080138,-36.6056319253768,-0.0160030507961163));
#10100=CARTESIAN_POINT('Ctrl Pts',(13.8513458991283,-36.5694753273674,-0.0416156242013551));
#10101=CARTESIAN_POINT('Ctrl Pts',(13.8521498872849,-36.547103416887,-0.0661425559421422));
#10102=CARTESIAN_POINT('Ctrl Pts',(13.8547223377189,-36.4903789508107,-0.142471751080875));
#10103=CARTESIAN_POINT('Ctrl Pts',(13.8569331463018,-36.4562503793841,-0.205825806193464));
#10104=CARTESIAN_POINT('Ctrl Pts',(13.8802147157711,-36.1631958234114,-0.832585679602044));
#10105=CARTESIAN_POINT('Ctrl Pts',(13.946812253475,-35.7692296591698,-2.35896105215399));
#10106=CARTESIAN_POINT('Ctrl Pts',(14.5047847865304,-34.6310372718771,-7.1908900341003));
#10107=CARTESIAN_POINT('Ctrl Pts',(15.1337514374728,-34.059342458246,-10.1403272197706));
#10108=CARTESIAN_POINT('Ctrl Pts',(15.94372330732,-33.8026638934538,-12.8015027405022));
#10109=CARTESIAN_POINT('Ctrl Pts',(16.85,-33.6625,-12.4543457494654));
#10110=CARTESIAN_POINT('Ctrl Pts',(16.5778971967041,-33.6625,-12.5654312537414));
#10111=CARTESIAN_POINT('Ctrl Pts',(16.2831753810565,-33.7015320787793,-12.6867728798985));
#10112=CARTESIAN_POINT('Ctrl Pts',(15.9796921512711,-33.7914516095442,-12.7895896027338));
#10113=CARTESIAN_POINT('Ctrl Pts',(15.9616874107663,-33.7969711028002,-12.7956020336834));
#10114=CARTESIAN_POINT('Ctrl Pts',(15.94372330732,-33.8026638934539,-12.8015027405022));
#10115=CARTESIAN_POINT('Origin',(272.925,-121.958367046195,-6.27893243480911));
#10116=CARTESIAN_POINT('',(268.925,-121.827633432074,-4.78464038767163));
#10117=CARTESIAN_POINT('Origin',(272.925,-121.827633432074,-4.78464038767163));
#10118=CARTESIAN_POINT('',(268.925,-121.958367046195,-6.27893243480911));
#10119=CARTESIAN_POINT('Origin',(22.35,-42.2627911988554,-13.2513918546217));
#10120=CARTESIAN_POINT('',(18.35,-42.1320575847339,-11.7570998074842));
#10121=CARTESIAN_POINT('Origin',(22.35,-42.1320575847339,-11.7570998074842));
#10122=CARTESIAN_POINT('',(18.35,-42.2627911988554,-13.2513918546217));
#10123=CARTESIAN_POINT('Origin',(22.35,-121.84942236776,-5.03368906219448));
#10124=CARTESIAN_POINT('',(17.85,-121.871211303447,-5.28273773671733));
#10125=CARTESIAN_POINT('Origin',(22.35,-121.871211303447,-5.28273773671733));
#10126=CARTESIAN_POINT('',(18.1,-121.84942236776,-5.03368906219448));
#10127=CARTESIAN_POINT('Origin',(272.925,-42.1538465204209,-12.0061484820071));
#10128=CARTESIAN_POINT('',(268.425,-42.1756354561078,-12.25519715653));
#10129=CARTESIAN_POINT('Origin',(272.925,-42.1756354561078,-12.25519715653));
#10130=CARTESIAN_POINT('',(268.675,-42.1538465204209,-12.0061484820071));
#10131=CARTESIAN_POINT('Ctrl Pts',(13.8499993928626,-124.115656181238,1.37809622976482E-6));
#10132=CARTESIAN_POINT('Ctrl Pts',(13.8499999970848,-124.115652475535,7.31577449873041E-9));
#10133=CARTESIAN_POINT('Ctrl Pts',(13.8499999916594,-123.947563837583,2.17491804130582E-8));
#10134=CARTESIAN_POINT('Ctrl Pts',(13.8499999837183,-123.239390165843,4.51236183559452E-8));
#10135=CARTESIAN_POINT('Ctrl Pts',(13.849999974627,-121.610329847976,7.58640498759356E-8));
#10136=CARTESIAN_POINT('Ctrl Pts',(13.8499999674311,-119.063609005933,1.06306335768835E-7));
#10137=CARTESIAN_POINT('Ctrl Pts',(13.8499999617715,-115.826674753313,1.36237930251554E-7));
#10138=CARTESIAN_POINT('Ctrl Pts',(13.8499999547191,-109.328869255991,1.85485319798501E-7));
#10139=CARTESIAN_POINT('Ctrl Pts',(13.8499999518426,-99.4180479588767,2.40737237608895E-7));
#10140=CARTESIAN_POINT('Ctrl Pts',(13.8499999548472,-81.6681563984147,3.18953504414684E-7));
#10141=CARTESIAN_POINT('Ctrl Pts',(13.8499999671177,-59.4067850933685,3.95223537099362E-7));
#10142=CARTESIAN_POINT('Ctrl Pts',(13.8499999810274,-41.5430167748611,4.45668535664589E-7));
#10143=CARTESIAN_POINT('Ctrl Pts',(13.8499999887036,-32.6055422406892,4.68982964421709E-7));
#10144=CARTESIAN_POINT('Ctrl Pts',(13.8499999995985,-124.595509984219,-1.59998464085661E-10));
#10145=CARTESIAN_POINT('Ctrl Pts',(13.8826964729986,-124.595509984219,-0.0820534217018949));
#10146=CARTESIAN_POINT('Ctrl Pts',(13.9435479816178,-124.42743969116,-0.243937900407516));
#10147=CARTESIAN_POINT('Ctrl Pts',(14.0326144371386,-123.719343266602,-0.506104621446668));
#10148=CARTESIAN_POINT('Ctrl Pts',(14.1345819813933,-122.090460653221,-0.850888019270652));
#10149=CARTESIAN_POINT('Ctrl Pts',(14.2152919765638,-119.544018463694,-1.19232742822977));
#10150=CARTESIAN_POINT('Ctrl Pts',(14.2787694936988,-116.307437743591,-1.52803894365331));
#10151=CARTESIAN_POINT('Ctrl Pts',(14.3578683949383,-109.810346484534,-2.08039561097507));
#10152=CARTESIAN_POINT('Ctrl Pts',(14.3901313180982,-99.9006121164661,-2.70009881685851));
#10153=CARTESIAN_POINT('Ctrl Pts',(14.356432407801,-82.1526982913486,-3.577369203134));
#10154=CARTESIAN_POINT('Ctrl Pts',(14.2188071005458,-59.893800172783,-4.43281070819591));
#10155=CARTESIAN_POINT('Ctrl Pts',(14.06279571911,-42.0321056625786,-4.99859970735678));
#10156=CARTESIAN_POINT('Ctrl Pts',(13.9766996199073,-33.0956325154908,-5.26009336739037));
#10157=CARTESIAN_POINT('Ctrl Pts',(13.865762238476,-125.715177506986,0.00628090335993368));
#10158=CARTESIAN_POINT('Ctrl Pts',(13.9747879343487,-125.715177506986,-0.267324487437658));
#10159=CARTESIAN_POINT('Ctrl Pts',(14.1811494903535,-125.547149989009,-0.805766697988773));
#10160=CARTESIAN_POINT('Ctrl Pts',(14.4928632772419,-124.839233820939,-1.67468175258692));
#10161=CARTESIAN_POINT('Ctrl Pts',(14.867106114466,-123.210766151931,-2.81321984691096));
#10162=CARTESIAN_POINT('Ctrl Pts',(15.1904590290058,-120.664974005451,-3.93649893101709));
#10163=CARTESIAN_POINT('Ctrl Pts',(15.4718986563934,-117.429221222295,-5.03918509764477));
#10164=CARTESIAN_POINT('Ctrl Pts',(15.8768166396518,-110.933797692451,-6.85178521886829));
#10165=CARTESIAN_POINT('Ctrl Pts',(16.2035506000751,-101.02662119851,-8.88738366736836));
#10166=CARTESIAN_POINT('Ctrl Pts',(16.4885142818124,-83.2833450159861,-11.7857983474309));
#10167=CARTESIAN_POINT('Ctrl Pts',(16.5366091535866,-61.0303434894142,-14.6500985069636));
#10168=CARTESIAN_POINT('Ctrl Pts',(16.4234083178941,-43.1735052707224,-16.5824836584804));
#10169=CARTESIAN_POINT('Ctrl Pts',(16.3426130394539,-34.239469595394,-17.4869265704528));
#10170=CARTESIAN_POINT('Ctrl Pts',(13.9182888994931,-126.833645201142,0.0272116158454069));
#10171=CARTESIAN_POINT('Ctrl Pts',(14.1036493964474,-126.833645201142,-0.437959744003794));
#10172=CARTESIAN_POINT('Ctrl Pts',(14.4635731036472,-126.665398020625,-1.34978551117544));
#10173=CARTESIAN_POINT('Ctrl Pts',(15.0318565122939,-125.956556430746,-2.81207051783984));
#10174=CARTESIAN_POINT('Ctrl Pts',(15.7564776295986,-124.325959035209,-4.71367993929474));
#10175=CARTESIAN_POINT('Ctrl Pts',(16.4448911135312,-121.776829961743,-6.57102497679786));
#10176=CARTESIAN_POINT('Ctrl Pts',(17.10013869517,-118.536833109943,-8.38028907013901));
#10177=CARTESIAN_POINT('Ctrl Pts',(18.1449195353669,-112.032854442195,-11.3320728489854));
#10178=CARTESIAN_POINT('Ctrl Pts',(19.2470073298177,-102.112595308389,-14.6003913119748));
#10179=CARTESIAN_POINT('Ctrl Pts',(20.7215960298948,-84.3455916723989,-19.1920637546744));
#10180=CARTESIAN_POINT('Ctrl Pts',(22.0571219985517,-62.0626129345346,-23.6571152355559));
#10181=CARTESIAN_POINT('Ctrl Pts',(22.892527300011,-44.1809829376444,-26.6239419707556));
#10182=CARTESIAN_POINT('Ctrl Pts',(23.2681689804762,-35.2346617149445,-28.0076135311468));
#10183=CARTESIAN_POINT('Ctrl Pts',(13.9602845530649,-127.471856101679,0.0439459548178545));
#10184=CARTESIAN_POINT('Ctrl Pts',(14.1892311499777,-127.471856101679,-0.530606884480023));
#10185=CARTESIAN_POINT('Ctrl Pts',(14.6394483268177,-127.30328392359,-1.65457249168445));
#10186=CARTESIAN_POINT('Ctrl Pts',(15.3650730774224,-126.593073140171,-3.45080789576343));
#10187=CARTESIAN_POINT('Ctrl Pts',(16.3143243506009,-124.959327173752,-5.77607034579047));
#10188=CARTESIAN_POINT('Ctrl Pts',(17.2486568708137,-122.405282882987,-8.03188533810568));
#10189=CARTESIAN_POINT('Ctrl Pts',(18.1639927260959,-119.159043540532,-10.2160400945257));
#10190=CARTESIAN_POINT('Ctrl Pts',(19.6654400737777,-112.642565433358,-13.7575457593968));
#10191=CARTESIAN_POINT('Ctrl Pts',(21.3440407288436,-102.70328812772,-17.6255885331586));
#10192=CARTESIAN_POINT('Ctrl Pts',(23.7212379196707,-84.9025051537102,-22.9769851631168));
#10193=CARTESIAN_POINT('Ctrl Pts',(26.0521156163929,-62.5774440920758,-28.0610545325143));
#10194=CARTESIAN_POINT('Ctrl Pts',(27.6096255628059,-44.662716130704,-31.3609957030626));
#10195=CARTESIAN_POINT('Ctrl Pts',(28.3359361213794,-35.6997835414397,-32.8805525205334));
#10196=CARTESIAN_POINT('',(15.9850507799208,-125.47322436658,-4.96749520792222));
#10197=CARTESIAN_POINT('Ctrl Pts',(13.8669834708781,-125.339816926975,-2.63677968348475E-15));
#10198=CARTESIAN_POINT('Ctrl Pts',(14.0877745565143,-125.340076207873,-0.554122756324014));
#10199=CARTESIAN_POINT('Ctrl Pts',(14.5445884394728,-125.387289629788,-1.70974218331956));
#10200=CARTESIAN_POINT('Ctrl Pts',(15.2534183747378,-125.431616198646,-3.38451899744915));
#10201=CARTESIAN_POINT('Ctrl Pts',(15.7478302502903,-125.460499710638,-4.46692315632111));
#10202=CARTESIAN_POINT('Ctrl Pts',(15.9850507799208,-125.47322436658,-4.96749520792222));
#10203=CARTESIAN_POINT('',(16.0011051717758,-34.2060778696966,-12.952443098658));
#10204=CARTESIAN_POINT('Ctrl Pts',(15.94372330732,-33.8026638934538,-12.8015027405022));
#10205=CARTESIAN_POINT('Ctrl Pts',(15.9516262811303,-33.8256061053761,-12.8252828642699));
#10206=CARTESIAN_POINT('Ctrl Pts',(15.958932810536,-33.8509495964768,-12.8468343270758));
#10207=CARTESIAN_POINT('Ctrl Pts',(15.9734771927574,-33.9116417013724,-12.8887470127796));
#10208=CARTESIAN_POINT('Ctrl Pts',(15.9803127170969,-33.9477380152228,-12.9077158818745));
#10209=CARTESIAN_POINT('Ctrl Pts',(15.9909595322855,-34.0218037634487,-12.9356711213671));
#10210=CARTESIAN_POINT('Ctrl Pts',(15.9948868232526,-34.0592258311641,-12.9450835655269));
#10211=CARTESIAN_POINT('Ctrl Pts',(15.998770121237,-34.1167193527281,-12.9526231255145));
#10212=CARTESIAN_POINT('Ctrl Pts',(15.9997254505018,-34.1360980098018,-12.9540261106736));
#10213=CARTESIAN_POINT('Ctrl Pts',(16.0008543379464,-34.1723936844595,-12.9545323966384));
#10214=CARTESIAN_POINT('Ctrl Pts',(16.0011133262015,-34.1892657617322,-12.9539139674578));
#10215=CARTESIAN_POINT('Ctrl Pts',(16.0011051717749,-34.2060778696966,-12.952443098658));
#10216=CARTESIAN_POINT('Ctrl Pts',(16.0011051717748,-34.2060778696966,-12.952443098658));
#10217=CARTESIAN_POINT('Ctrl Pts',(15.9920091113949,-52.9595258887461,-11.3117289949684));
#10218=CARTESIAN_POINT('Ctrl Pts',(15.9910086639696,-59.6685531189304,-10.7247651690406));
#10219=CARTESIAN_POINT('Ctrl Pts',(15.900133768059,-90.3413429402976,-8.04124378095761));
#10220=CARTESIAN_POINT('Ctrl Pts',(15.8955313005848,-91.8803297141091,-7.9065998840585));
#10221=CARTESIAN_POINT('Ctrl Pts',(15.8913346192133,-93.2839915889849,-7.78379538258331));
#10222=CARTESIAN_POINT('Ctrl Pts',(15.8892582270912,-93.9786765391977,-7.7230183255919));
#10223=CARTESIAN_POINT('Ctrl Pts',(15.8794768366463,-97.2657165606199,-7.43543958716145));
#10224=CARTESIAN_POINT('Ctrl Pts',(15.8609998129047,-103.525593517864,-6.88777131833544));
#10225=CARTESIAN_POINT('Ctrl Pts',(15.8504537260582,-109.812749464612,-6.33771644717542));
#10226=CARTESIAN_POINT('Ctrl Pts',(15.8482068496461,-112.267785663977,-6.12292861118478));
#10227=CARTESIAN_POINT('Ctrl Pts',(15.8547926765616,-116.443471503468,-5.75760343778363));
#10228=CARTESIAN_POINT('Ctrl Pts',(15.8624480556179,-118.702860872024,-5.55993248154437));
#10229=CARTESIAN_POINT('Ctrl Pts',(15.898475711936,-122.013287228382,-5.27030770392556));
#10230=CARTESIAN_POINT('Ctrl Pts',(15.9231175739427,-123.671853735542,-5.12520193684525));
#10231=CARTESIAN_POINT('Ctrl Pts',(15.9778860294882,-125.268614248766,-4.98550349357238));
#10232=CARTESIAN_POINT('Ctrl Pts',(15.9814862162395,-125.369871551421,-4.97664462749081));
#10233=CARTESIAN_POINT('Ctrl Pts',(15.9851817731194,-125.470121933723,-4.9678738555253));
#10234=CARTESIAN_POINT('Ctrl Pts',(19.1922249776064,-128.2625,-4.72357243044759));
#10235=CARTESIAN_POINT('Ctrl Pts',(18.786990518883,-128.2625,-3.90960895660777));
#10236=CARTESIAN_POINT('Ctrl Pts',(18.1464100858945,-128.2625,-2.53579710089317));
#10237=CARTESIAN_POINT('Ctrl Pts',(17.3218188683982,-128.2625,-0.580983948180181));
#10238=CARTESIAN_POINT('Ctrl Pts',(16.8773410647865,-128.2625,0.546964769501535));
#10239=CARTESIAN_POINT('Ctrl Pts',(16.652985837776,-128.2625,1.11005085669197));
#10240=CARTESIAN_POINT('Ctrl Pts',(18.429176303536,-128.2625,-5.1034587845094));
#10241=CARTESIAN_POINT('Ctrl Pts',(18.0141331749047,-128.262622184752,-4.27832935540697));
#10242=CARTESIAN_POINT('Ctrl Pts',(17.3574214764574,-128.262259854678,-2.88698567968091));
#10243=CARTESIAN_POINT('Ctrl Pts',(16.512200605382,-128.262563795714,-0.910063100356708));
#10244=CARTESIAN_POINT('Ctrl Pts',(16.0561684454045,-128.26249822219,0.222846156848643));
#10245=CARTESIAN_POINT('Ctrl Pts',(15.8328214835325,-128.2625,0.783265727262957));
#10246=CARTESIAN_POINT('Ctrl Pts',(17.1054873859301,-127.587180915197,-5.7624617733213));
#10247=CARTESIAN_POINT('Ctrl Pts',(16.673858833128,-127.580905645501,-4.91790553798163));
#10248=CARTESIAN_POINT('Ctrl Pts',(15.9890006381136,-127.568467861935,-3.49597910541371));
#10249=CARTESIAN_POINT('Ctrl Pts',(15.109165070525,-127.550812991054,-1.48053300062091));
#10250=CARTESIAN_POINT('Ctrl Pts',(14.6335421233492,-127.535183162989,-0.338702019578463));
#10251=CARTESIAN_POINT('Ctrl Pts',(14.4119358345458,-127.535096761037,0.217130051766295));
#10252=CARTESIAN_POINT('Ctrl Pts',(16.5602795690273,-126.136917264805,-6.03389532246093));
#10253=CARTESIAN_POINT('Ctrl Pts',(16.1280622851909,-126.120413747214,-5.17815603136339));
#10254=CARTESIAN_POINT('Ctrl Pts',(15.4449847977384,-126.087952258504,-3.73788418362823));
#10255=CARTESIAN_POINT('Ctrl Pts',(14.5698915341097,-126.042100629135,-1.69952357227252));
#10256=CARTESIAN_POINT('Ctrl Pts',(14.1036983692168,-126.001970344247,-0.547830400188068));
#10257=CARTESIAN_POINT('Ctrl Pts',(13.8828366177493,-126.001748913236,0.00631650549715527));
#10258=CARTESIAN_POINT('Ctrl Pts',(16.5150441036985,-125.499630169364,-6.05641595133035));
#10259=CARTESIAN_POINT('Ctrl Pts',(16.0860268115345,-125.480039791641,-5.1981671009234));
#10260=CARTESIAN_POINT('Ctrl Pts',(15.4095773981275,-125.441381578689,-3.75348128117722));
#10261=CARTESIAN_POINT('Ctrl Pts',(14.5445884394728,-125.387289629788,-1.70974218331956));
#10262=CARTESIAN_POINT('Ctrl Pts',(14.0877745565143,-125.340076207873,-0.554122756324014));
#10263=CARTESIAN_POINT('Ctrl Pts',(13.8669834708781,-125.339816926975,-2.63677968348475E-15));
#10264=CARTESIAN_POINT('',(19.1922249776064,-128.2625,-4.72357243044759));
#10265=CARTESIAN_POINT('Ctrl Pts',(15.9851014786884,-125.473227086076,-4.96760218989586));
#10266=CARTESIAN_POINT('Ctrl Pts',(15.992550352523,-125.677036048793,-4.94977121613312));
#10267=CARTESIAN_POINT('Ctrl Pts',(16.0238663803473,-125.879462945556,-4.93206115747364));
#10268=CARTESIAN_POINT('Ctrl Pts',(16.1310906796117,-126.273658168097,-4.89757354428525));
#10269=CARTESIAN_POINT('Ctrl Pts',(16.2069213300987,-126.464712359218,-4.88085846844921));
#10270=CARTESIAN_POINT('Ctrl Pts',(16.4287541137932,-126.882737893162,-4.8442859731647));
#10271=CARTESIAN_POINT('Ctrl Pts',(16.6378319901749,-127.199962443542,-4.81653242180648));
#10272=CARTESIAN_POINT('Ctrl Pts',(17.3094457314542,-127.750536607194,-4.76836342405667));
#10273=CARTESIAN_POINT('Ctrl Pts',(17.6585224937459,-127.939568012072,-4.75182531856527));
#10274=CARTESIAN_POINT('Ctrl Pts',(18.4007696149732,-128.195852973068,-4.72940328984594));
#10275=CARTESIAN_POINT('Ctrl Pts',(18.7967375291273,-128.2625,-4.72357243044759));
#10276=CARTESIAN_POINT('Ctrl Pts',(19.1922249776064,-128.2625,-4.72357243044759));
#10277=CARTESIAN_POINT('Ctrl Pts',(19.1922249776064,-128.2625,-4.72357243044759));
#10278=CARTESIAN_POINT('Ctrl Pts',(18.786990518883,-128.2625,-3.90960895660777));
#10279=CARTESIAN_POINT('Ctrl Pts',(18.1464100858945,-128.2625,-2.53579710089317));
#10280=CARTESIAN_POINT('Ctrl Pts',(17.4765982097491,-128.2625,-0.94791083973706));
#10281=CARTESIAN_POINT('Ctrl Pts',(17.1722302976332,-128.2625,-0.192880749932646));
#10282=CARTESIAN_POINT('Ctrl Pts',(17.0949202798433,-128.2625,0.000142335292801152));
#10283=CARTESIAN_POINT('Origin',(278.425,-128.2625,0.));
#10284=CARTESIAN_POINT('',(276.225640199329,-128.262500000288,-4.72357242524595));
#10285=CARTESIAN_POINT('',(213.03125,-128.2625,-4.72357243044758));
#10286=CARTESIAN_POINT('Origin',(243.283721400798,-128.262499999777,14.6496105806333));
#10287=CARTESIAN_POINT('Ctrl Pts',(278.587955608942,-128.2625,0.975284124326713));
#10288=CARTESIAN_POINT('Ctrl Pts',(277.919014671432,-128.2625,-0.970625880124892));
#10289=CARTESIAN_POINT('Ctrl Pts',(277.130398631236,-128.2625,-2.87547585745434));
#10290=CARTESIAN_POINT('Ctrl Pts',(276.225640189659,-128.2625,-4.7235724304476));
#10291=CARTESIAN_POINT('Ctrl Pts',(279.436797305785,-128.2625,0.683479796693613));
#10292=CARTESIAN_POINT('Ctrl Pts',(278.74726273263,-128.262164183761,-1.29436295489243));
#10293=CARTESIAN_POINT('Ctrl Pts',(277.937233008384,-128.26277752769,-3.22970135845483));
#10294=CARTESIAN_POINT('Ctrl Pts',(277.009084035808,-128.2625,-5.10711701554334));
#10295=CARTESIAN_POINT('Ctrl Pts',(280.906174714447,-127.508897588935,0.178355356685354));
#10296=CARTESIAN_POINT('Ctrl Pts',(280.182264718075,-127.524805205059,-1.85474169815098));
#10297=CARTESIAN_POINT('Ctrl Pts',(279.33451390882,-127.539454627707,-3.84352926739826));
#10298=CARTESIAN_POINT('Ctrl Pts',(278.366855617939,-127.553198853377,-5.771830818176));
#10299=CARTESIAN_POINT('Ctrl Pts',(281.425,-125.935698425769,9.84846042890008E-16));
#10300=CARTESIAN_POINT('Ctrl Pts',(280.706095942582,-125.975946629106,-2.05869154221711));
#10301=CARTESIAN_POINT('Ctrl Pts',(279.860482045501,-126.013351830604,-4.07370399661597));
#10302=CARTESIAN_POINT('Ctrl Pts',(278.891420531116,-126.048896826197,-6.028638032846));
#10303=CARTESIAN_POINT('Ctrl Pts',(281.425,-125.2625,9.71445146547012E-16));
#10304=CARTESIAN_POINT('Ctrl Pts',(280.716133341142,-125.309304878696,-2.06205158923417));
#10305=CARTESIAN_POINT('Ctrl Pts',(279.878979869803,-125.353498217156,-4.08149779912445));
#10306=CARTESIAN_POINT('Ctrl Pts',(278.917434871908,-125.395320448689,-6.04137367381716));
#10307=CARTESIAN_POINT('',(279.424994630463,-125.372484579083,-4.97641476345145));
#10308=CARTESIAN_POINT('Ctrl Pts',(276.225640199329,-128.2625,-4.72357243044759));
#10309=CARTESIAN_POINT('Ctrl Pts',(276.63450281652,-128.262499998868,-4.72357243054664));
#10310=CARTESIAN_POINT('Ctrl Pts',(277.043752377983,-128.190577213554,-4.7298648590185));
#10311=CARTESIAN_POINT('Ctrl Pts',(277.796923403111,-127.918640599783,-4.75365622992117));
#10312=CARTESIAN_POINT('Ctrl Pts',(278.144883077478,-127.722830277267,-4.7707874138202));
#10313=CARTESIAN_POINT('Ctrl Pts',(278.804384136349,-127.161055540653,-4.81993633472919));
#10314=CARTESIAN_POINT('Ctrl Pts',(279.006585288963,-126.842166717533,-4.84783549109493));
#10315=CARTESIAN_POINT('Ctrl Pts',(279.224597201764,-126.411817620404,-4.88548615845237));
#10316=CARTESIAN_POINT('Ctrl Pts',(279.298884167489,-126.210940840161,-4.90306059948631));
#10317=CARTESIAN_POINT('Ctrl Pts',(279.399139300678,-125.797222973441,-4.93925622272243));
#10318=CARTESIAN_POINT('Ctrl Pts',(279.424993926854,-125.585136360728,-4.95781139702037));
#10319=CARTESIAN_POINT('Ctrl Pts',(279.424987522795,-125.372484688151,-4.97641600765074));
#10320=CARTESIAN_POINT('Ctrl Pts',(279.424989707601,-125.372484354709,-4.97641130649128));
#10321=CARTESIAN_POINT('Ctrl Pts',(280.176455650136,-125.337489899607,-3.35247672009892));
#10322=CARTESIAN_POINT('Ctrl Pts',(280.843841246202,-125.300872611597,-1.6905567738186));
#10323=CARTESIAN_POINT('Ctrl Pts',(281.425,-125.2625,9.71445146547012E-16));
#10324=CARTESIAN_POINT('Ctrl Pts',(281.425000001914,-32.6720212111902,1.47301516200574E-7));
#10325=CARTESIAN_POINT('Ctrl Pts',(281.425000004332,-41.5728152396412,1.38578725169952E-7));
#10326=CARTESIAN_POINT('Ctrl Pts',(281.425000008705,-59.3782079007612,1.21060102369521E-7));
#10327=CARTESIAN_POINT('Ctrl Pts',(281.425000014817,-90.3248960843442,9.0382342100148E-8));
#10328=CARTESIAN_POINT('Ctrl Pts',(281.425000017799,-112.584184969696,6.8094889317986E-8));
#10329=CARTESIAN_POINT('Ctrl Pts',(281.425000019009,-125.262499980127,5.52971216264484E-8));
#10330=CARTESIAN_POINT('Ctrl Pts',(281.367941568387,-33.0738011869938,-4.39203521511854));
#10331=CARTESIAN_POINT('Ctrl Pts',(281.295827672168,-41.9750193785375,-4.131950958335));
#10332=CARTESIAN_POINT('Ctrl Pts',(281.165449809207,-59.7851158520366,-3.60960461581023));
#10333=CARTESIAN_POINT('Ctrl Pts',(280.983212015909,-90.767145726692,-2.69489710375399));
#10334=CARTESIAN_POINT('Ctrl Pts',(280.894288953737,-113.091150846182,-2.03036030872679));
#10335=CARTESIAN_POINT('Ctrl Pts',(280.858204825907,-125.855050098254,-1.64877396916617));
#10336=CARTESIAN_POINT('Ctrl Pts',(280.692641165198,-33.4755409848579,-8.7755995056882));
#10337=CARTESIAN_POINT('Ctrl Pts',(280.621539923095,-42.377194008332,-8.24591437638684));
#10338=CARTESIAN_POINT('Ctrl Pts',(280.492994161283,-60.1920061701908,-7.18756472902362));
#10339=CARTESIAN_POINT('Ctrl Pts',(280.313305047323,-91.2093907895356,-5.348916387485));
#10340=CARTESIAN_POINT('Ctrl Pts',(280.225624131486,-113.59811385868,-4.02357110305077));
#10341=CARTESIAN_POINT('Ctrl Pts',(280.190034953838,-126.447598410848,-3.26269303939163));
#10342=CARTESIAN_POINT('Ctrl Pts',(279.425,-33.8618318388887,-12.9825607238175));
#10343=CARTESIAN_POINT('Ctrl Pts',(279.425,-42.7656978542479,-12.2035733859198));
#10344=CARTESIAN_POINT('Ctrl Pts',(279.425,-60.588295748349,-10.6442981156049));
#10345=CARTESIAN_POINT('Ctrl Pts',(279.425,-91.645012274487,-7.92718749322965));
#10346=CARTESIAN_POINT('Ctrl Pts',(279.425,-114.100338652053,-5.962600999418));
#10347=CARTESIAN_POINT('Ctrl Pts',(279.425,-127.036145704061,-4.83086452880857));
#10348=CARTESIAN_POINT('',(279.425,-34.2060778713738,-12.9524430985112));
#10349=CARTESIAN_POINT('',(279.425,-59.4679923602548,-10.7423119617729));
#10350=CARTESIAN_POINT('Ctrl Pts',(279.425000000007,-34.2060778713738,-12.9524430985113));
#10351=CARTESIAN_POINT('Ctrl Pts',(279.425000024171,-34.1974991300862,-12.9531936411213));
#10352=CARTESIAN_POINT('Ctrl Pts',(279.425066824901,-34.1889013713127,-12.953722471231));
#10353=CARTESIAN_POINT('Ctrl Pts',(279.425200279103,-34.1802962145399,-12.9540289438476));
#10354=CARTESIAN_POINT('Ctrl Pts',(279.425378846999,-34.1687821166126,-12.9544390183894));
#10355=CARTESIAN_POINT('Ctrl Pts',(279.425676635886,-34.1572604004579,-12.9544508857813));
#10356=CARTESIAN_POINT('Ctrl Pts',(279.426092835947,-34.1457516216122,-12.9540651625578));
#10357=CARTESIAN_POINT('Ctrl Pts',(279.427454045267,-34.1081114132384,-12.9528036297137));
#10358=CARTESIAN_POINT('Ctrl Pts',(279.430070849505,-34.0709277542257,-12.9473007068223));
#10359=CARTESIAN_POINT('Ctrl Pts',(279.433849271952,-34.0348790979236,-12.9377843757182));
#10360=CARTESIAN_POINT('Ctrl Pts',(279.436583017971,-34.0087973476702,-12.9308991656537));
#10361=CARTESIAN_POINT('Ctrl Pts',(279.43992484118,-33.9833075896204,-12.9219126003232));
#10362=CARTESIAN_POINT('Ctrl Pts',(279.443839148695,-33.9586586629179,-12.9109075845946));
#10363=CARTESIAN_POINT('Ctrl Pts',(279.449293752375,-33.9243102818047,-12.895572049747));
#10364=CARTESIAN_POINT('Ctrl Pts',(279.455797855719,-33.8919803281199,-12.8764898671308));
#10365=CARTESIAN_POINT('Ctrl Pts',(279.463184672767,-33.8622075603692,-12.8541262526175));
#10366=CARTESIAN_POINT('Ctrl Pts',(279.464282549494,-33.8577825382517,-12.8508024269767));
#10367=CARTESIAN_POINT('Ctrl Pts',(279.465399925221,-33.8534139320631,-12.8474060577289));
#10368=CARTESIAN_POINT('Ctrl Pts',(279.466536252368,-33.8491034553356,-12.8439386213104));
#10369=CARTESIAN_POINT('Origin',(82.24375,-34.1625,-12.4543457494654));
#10370=CARTESIAN_POINT('',(82.24375,-34.2060778713738,-12.9524430985112));
#10371=CARTESIAN_POINT('Origin',(272.925,-121.84942236776,-5.03368906219448));
#10372=CARTESIAN_POINT('',(268.425,-121.871211303447,-5.28273773671733));
#10373=CARTESIAN_POINT('Origin',(272.925,-121.871211303447,-5.28273773671733));
#10374=CARTESIAN_POINT('',(268.675,-121.84942236776,-5.03368906219448));
#10375=CARTESIAN_POINT('Origin',(22.35,-42.1538465204208,-12.0061484820071));
#10376=CARTESIAN_POINT('',(17.85,-42.1756354561077,-12.25519715653));
#10377=CARTESIAN_POINT('Origin',(22.35,-42.1756354561077,-12.25519715653));
#10378=CARTESIAN_POINT('',(18.1,-42.1538465204208,-12.0061484820071));
#10379=CARTESIAN_POINT('Origin',(147.6375,-81.1675599361563,-8.84384579546677));
#10380=CARTESIAN_POINT('',(257.348854166667,-101.069273792579,-7.10267144829303));
#10381=CARTESIAN_POINT('',(258.198960416667,-105.224170954854,-6.73916504847795));
#10382=CARTESIAN_POINT('Ctrl Pts',(257.348854166667,-101.069273792578,-7.10267144829371));
#10383=CARTESIAN_POINT('Ctrl Pts',(257.348854166667,-101.147339298731,-7.09584160149297));
#10384=CARTESIAN_POINT('Ctrl Pts',(257.348854166667,-101.225404804884,-7.08901175469224));
#10385=CARTESIAN_POINT('Ctrl Pts',(257.348854166667,-101.303470311036,-7.0821819078915));
#10386=CARTESIAN_POINT('Ctrl Pts',(257.348854166667,-101.397567126488,-7.07394950326559));
#10387=CARTESIAN_POINT('Ctrl Pts',(257.726679166667,-103.185406620069,-6.91753381537332));
#10388=CARTESIAN_POINT('Ctrl Pts',(258.198960416667,-105.224170954854,-6.73916504847864));
#10389=CARTESIAN_POINT('',(259.049066666667,-113.786981160952,-5.99001622752029));
#10390=CARTESIAN_POINT('Ctrl Pts',(258.198960416667,-105.224170954854,-6.73916504847795));
#10391=CARTESIAN_POINT('Ctrl Pts',(258.891639583333,-108.360731469908,-6.46475156094767));
#10392=CARTESIAN_POINT('Ctrl Pts',(259.049066666667,-109.678086886231,-6.34949789618495));
#10393=CARTESIAN_POINT('Ctrl Pts',(259.049066666667,-113.786981160952,-5.99001622752029));
#10394=CARTESIAN_POINT('',(257.476356262268,-124.817493777099,-5.02497142072773));
#10395=CARTESIAN_POINT('Ctrl Pts',(259.049066666667,-113.786981160952,-5.99001622752029));
#10396=CARTESIAN_POINT('Ctrl Pts',(259.075669546795,-118.742789362685,-5.55643919125986));
#10397=CARTESIAN_POINT('Ctrl Pts',(258.652722567949,-121.795281023758,-5.28938077540851));
#10398=CARTESIAN_POINT('Ctrl Pts',(257.476356262268,-124.817493777099,-5.02497142072777));
#10399=CARTESIAN_POINT('',(263.59456174911,-124.817493777099,-5.02497142072777));
#10400=CARTESIAN_POINT('',(262.548601952022,-124.817493777099,-5.02497142072778));
#10401=CARTESIAN_POINT('',(264.5905,-117.958606645974,-5.62504628910501));
#10402=CARTESIAN_POINT('Ctrl Pts',(263.59456174911,-124.817493777099,-5.02497142072777));
#10403=CARTESIAN_POINT('Ctrl Pts',(264.059087830963,-123.10826643166,-5.1745094368422));
#10404=CARTESIAN_POINT('Ctrl Pts',(264.310008129805,-121.225724039803,-5.33921055473663));
#10405=CARTESIAN_POINT('Ctrl Pts',(264.5905,-117.958606645974,-5.62504628910501));
#10406=CARTESIAN_POINT('',(261.28453125,-96.5358983281534,-7.49929040893683));
#10407=CARTESIAN_POINT('Ctrl Pts',(264.5905,-117.958606645974,-5.62504628910501));
#10408=CARTESIAN_POINT('Ctrl Pts',(265.220208333333,-109.929011727435,-6.32754481718253));
#10409=CARTESIAN_POINT('Ctrl Pts',(263.992277083333,-101.868051203746,-7.03278748013536));
#10410=CARTESIAN_POINT('Ctrl Pts',(261.28453125,-96.5358983281534,-7.49929040893683));
#10411=CARTESIAN_POINT('',(260.402939583333,-94.8421556500241,-7.64747369220319));
#10412=CARTESIAN_POINT('',(246.091968893606,-67.347451764835,-10.0529485891594));
#10413=CARTESIAN_POINT('',(260.938191666667,-92.1447136070774,-7.88346929147923));
#10414=CARTESIAN_POINT('',(259.588327616863,-98.9474522672025,-7.28830677778871));
#10415=CARTESIAN_POINT('',(259.4898625,-75.0818244051821,-9.37627866364396));
#10416=CARTESIAN_POINT('Ctrl Pts',(260.938191666667,-92.1447136070774,-7.88346929147923));
#10417=CARTESIAN_POINT('Ctrl Pts',(261.945725,-86.8125607314851,-8.34997222028071));
#10418=CARTESIAN_POINT('Ctrl Pts',(261.47344375,-80.9785581734841,-8.86038130708703));
#10419=CARTESIAN_POINT('Ctrl Pts',(259.4898625,-75.0818244051821,-9.37627866364396));
#10420=CARTESIAN_POINT('',(254.357739583333,-64.731174705503,-10.2818431724939));
#10421=CARTESIAN_POINT('Ctrl Pts',(259.4898625,-75.0818244051821,-9.37627866364396));
#10422=CARTESIAN_POINT('Ctrl Pts',(258.45084375,-71.9766294952784,-9.64794801629894));
#10423=CARTESIAN_POINT('Ctrl Pts',(255.459729166667,-65.8917020960731,-10.1803101821077));
#10424=CARTESIAN_POINT('Ctrl Pts',(254.357739583333,-64.731174705503,-10.2818431724939));
#10425=CARTESIAN_POINT('',(254.10585625,-61.5318829801476,-10.5617449297748));
#10426=CARTESIAN_POINT('Ctrl Pts',(254.357739583333,-64.731174705503,-10.2818431724939));
#10427=CARTESIAN_POINT('Ctrl Pts',(253.696545833333,-64.0097657870405,-10.3449582746259));
#10428=CARTESIAN_POINT('Ctrl Pts',(253.696545833333,-63.9156689715889,-10.3531906792518));
#10429=CARTESIAN_POINT('Ctrl Pts',(254.10585625,-61.5318829801476,-10.5617449297748));
#10430=CARTESIAN_POINT('',(246.045589583333,-38.1017759326921,-12.611613681626));
#10431=CARTESIAN_POINT('Ctrl Pts',(254.10585625,-61.5318829801476,-10.5617449297748));
#10432=CARTESIAN_POINT('Ctrl Pts',(255.42824375,-54.1609657697701,-11.2066166254709));
#10433=CARTESIAN_POINT('Ctrl Pts',(252.090789583333,-44.5003593834028,-12.0518101670642));
#10434=CARTESIAN_POINT('Ctrl Pts',(246.045589583333,-38.1017759326921,-12.611613681626));
#10435=CARTESIAN_POINT('',(245.658472245162,-37.6927593146949,-12.6473979988944));
#10436=CARTESIAN_POINT('',(233.678384188476,-25.0349560672405,-13.7548122881883));
#10437=CARTESIAN_POINT('',(236.698517076486,-37.6927593146949,-12.6473979988945));
#10438=CARTESIAN_POINT('',(238.037769868268,-37.6927593146949,-12.6473979988944));
#10439=CARTESIAN_POINT('',(232.601316666667,-43.2143695722306,-12.1643196969516));
#10440=CARTESIAN_POINT('Ctrl Pts',(236.698517076486,-37.6927593146949,-12.6473979988945));
#10441=CARTESIAN_POINT('Ctrl Pts',(235.739054944155,-39.5222757436243,-12.4873360516287));
#10442=CARTESIAN_POINT('Ctrl Pts',(234.373803914581,-41.3594482643929,-12.3266042831201));
#10443=CARTESIAN_POINT('Ctrl Pts',(232.601316666667,-43.2143695722306,-12.1643196969516));
#10444=CARTESIAN_POINT('',(199.4156875,-57.7052791517814,-10.8965293845617));
#10445=CARTESIAN_POINT('Ctrl Pts',(232.601316666667,-43.2143695722306,-12.1643196969516));
#10446=CARTESIAN_POINT('Ctrl Pts',(225.611554166667,-50.4911899671565,-11.5276804058814));
#10447=CARTESIAN_POINT('Ctrl Pts',(213.836008333333,-55.6351492118456,-11.0776422863317));
#10448=CARTESIAN_POINT('Ctrl Pts',(199.4156875,-57.7052791517814,-10.8965293845617));
#10449=CARTESIAN_POINT('',(180.681864583333,-57.6739135466309,-10.899273519437));
#10450=CARTESIAN_POINT('Ctrl Pts',(199.4156875,-57.7052791517814,-10.8965293845617));
#10451=CARTESIAN_POINT('Ctrl Pts',(195.983777083333,-58.1757632290395,-10.8553673614322));
#10452=CARTESIAN_POINT('Ctrl Pts',(184.77496875,-58.1757632290395,-10.8553673614322));
#10453=CARTESIAN_POINT('Ctrl Pts',(180.681864583333,-57.6739135466309,-10.899273519437));
#10454=CARTESIAN_POINT('',(163.9001375,-53.5336536667592,-11.261499322977));
#10455=CARTESIAN_POINT('Ctrl Pts',(180.681864583333,-57.6739135466309,-10.899273519437));
#10456=CARTESIAN_POINT('Ctrl Pts',(174.38478125,-56.8897734178673,-10.9678768913196));
#10457=CARTESIAN_POINT('Ctrl Pts',(168.276610416667,-55.3842243706412,-11.0995953653341));
#10458=CARTESIAN_POINT('Ctrl Pts',(163.9001375,-53.5336536667592,-11.261499322977));
#10459=CARTESIAN_POINT('',(161.318333333333,-48.7974472890272,-11.6758636891477));
#10460=CARTESIAN_POINT('Ctrl Pts',(163.9001375,-53.5336536667592,-11.261499322977));
#10461=CARTESIAN_POINT('Ctrl Pts',(161.412789583333,-52.4672230916407,-11.3547999087373));
#10462=CARTESIAN_POINT('Ctrl Pts',(161.318333333333,-52.310395065888,-11.3685205831138));
#10463=CARTESIAN_POINT('Ctrl Pts',(161.318333333333,-48.7974472890272,-11.6758636891477));
#10464=CARTESIAN_POINT('',(161.601702083333,-45.723617984274,-11.9447889069274));
#10465=CARTESIAN_POINT('Ctrl Pts',(161.318333333333,-48.7974472890272,-11.6758636891477));
#10466=CARTESIAN_POINT('Ctrl Pts',(161.318333333333,-47.1037046108979,-11.8240469724141));
#10467=CARTESIAN_POINT('Ctrl Pts',(161.444275,-45.723617984274,-11.9447889069274));
#10468=CARTESIAN_POINT('Ctrl Pts',(161.601702083333,-45.723617984274,-11.9447889069274));
#10469=CARTESIAN_POINT('',(164.214991666667,-46.6332205336398,-11.8652089955436));
#10470=CARTESIAN_POINT('Ctrl Pts',(161.601702083333,-45.723617984274,-11.9447889069274));
#10471=CARTESIAN_POINT('Ctrl Pts',(161.759129166667,-45.723617984274,-11.9447889069274));
#10472=CARTESIAN_POINT('Ctrl Pts',(162.955575,-46.1313708512311,-11.9091151535485));
#10473=CARTESIAN_POINT('Ctrl Pts',(164.214991666667,-46.6332205336398,-11.8652089955436));
#10474=CARTESIAN_POINT('',(184.932395833333,-50.3343619414038,-11.5414010802579));
#10475=CARTESIAN_POINT('Ctrl Pts',(164.214991666667,-46.6332205336398,-11.8652089955436));
#10476=CARTESIAN_POINT('Ctrl Pts',(169.819395833333,-48.8915441044788,-11.6676312845218));
#10477=CARTESIAN_POINT('Ctrl Pts',(176.525789583333,-50.0834371001995,-11.5633541592603));
#10478=CARTESIAN_POINT('Ctrl Pts',(184.932395833333,-50.3343619414038,-11.5414010802579));
#10479=CARTESIAN_POINT('',(202.564229166667,-48.8601784993283,-11.6703754193971));
#10480=CARTESIAN_POINT('Ctrl Pts',(184.932395833333,-50.3343619414038,-11.5414010802579));
#10481=CARTESIAN_POINT('Ctrl Pts',(191.701760416667,-50.5539211774576,-11.5221921361308));
#10482=CARTESIAN_POINT('Ctrl Pts',(196.204175,-50.1775339156511,-11.5551217546344));
#10483=CARTESIAN_POINT('Ctrl Pts',(202.564229166667,-48.8601784993283,-11.6703754193971));
#10484=CARTESIAN_POINT('',(226.12641336272,-37.6927593146949,-12.6473979988944));
#10485=CARTESIAN_POINT('Ctrl Pts',(202.564229166667,-48.8601784993283,-11.6703754193971));
#10486=CARTESIAN_POINT('Ctrl Pts',(212.928648279124,-46.7256875721594,-11.8571191779233));
#10487=CARTESIAN_POINT('Ctrl Pts',(221.38072540182,-42.6664918489947,-12.2122527867332));
#10488=CARTESIAN_POINT('Ctrl Pts',(226.12641336272,-37.6927593146946,-12.6473979988945));
#10489=CARTESIAN_POINT('',(217.272704330547,-37.6927593146949,-12.6473979988944));
#10490=CARTESIAN_POINT('',(221.716568140682,-37.6927593146949,-12.6473979988944));
#10491=CARTESIAN_POINT('',(174.4792375,-43.9671440958436,-12.0984604599444));
#10492=CARTESIAN_POINT('Ctrl Pts',(217.272704330547,-37.6927593146949,-12.6473979988945));
#10493=CARTESIAN_POINT('Ctrl Pts',(207.233450806629,-43.9775048411367,-12.0975540121855));
#10494=CARTESIAN_POINT('Ctrl Pts',(190.129485860226,-46.6467947027661,-11.8640214096283));
#10495=CARTESIAN_POINT('Ctrl Pts',(174.4792375,-43.9671440958436,-12.0984604599444));
#10496=CARTESIAN_POINT('',(160.8775375,-39.1682065078106,-12.5183130958657));
#10497=CARTESIAN_POINT('Ctrl Pts',(174.4792375,-43.9671440958436,-12.0984604599444));
#10498=CARTESIAN_POINT('Ctrl Pts',(169.158202083333,-43.0575415464779,-12.1780403713281));
#10499=CARTESIAN_POINT('Ctrl Pts',(162.136954166667,-40.579658739585,-12.3948270264771));
#10500=CARTESIAN_POINT('Ctrl Pts',(160.8775375,-39.1682065078106,-12.5183130958657));
#10501=CARTESIAN_POINT('',(160.426363160591,-37.6927593146949,-12.6473979988944));
#10502=CARTESIAN_POINT('Ctrl Pts',(160.8775375,-39.1682065078106,-12.5183130958657));
#10503=CARTESIAN_POINT('Ctrl Pts',(160.724666216489,-38.996880750421,-12.5333021574073));
#10504=CARTESIAN_POINT('Ctrl Pts',(160.560197485753,-38.4442955835998,-12.5816470951367));
#10505=CARTESIAN_POINT('Ctrl Pts',(160.426363160594,-37.6927593147081,-12.6473979988933));
#10506=CARTESIAN_POINT('',(155.435191108092,-37.6927593146949,-12.6473979988944));
#10507=CARTESIAN_POINT('',(82.24375,-37.6927593146949,-12.6473979988944));
#10508=CARTESIAN_POINT('',(155.713929166667,-40.0778090571763,-12.4387331844819));
#10509=CARTESIAN_POINT('Ctrl Pts',(155.435191108091,-37.6927593146856,-12.6473979988952));
#10510=CARTESIAN_POINT('Ctrl Pts',(155.539073314259,-38.7618853200576,-12.5538615935444));
#10511=CARTESIAN_POINT('Ctrl Pts',(155.636955672677,-39.6177255375398,-12.4789852767252));
#10512=CARTESIAN_POINT('Ctrl Pts',(155.713929166667,-40.0778090571763,-12.4387331844819));
#10513=CARTESIAN_POINT('',(156.186210416667,-65.7976052806214,-10.1885425867336));
#10514=CARTESIAN_POINT('Ctrl Pts',(155.713929166667,-40.0778090571763,-12.4387331844819));
#10515=CARTESIAN_POINT('Ctrl Pts',(156.24918125,-43.2457351773811,-12.1615755620763));
#10516=CARTESIAN_POINT('Ctrl Pts',(156.406608333333,-52.0908358298342,-11.3877295272409));
#10517=CARTESIAN_POINT('Ctrl Pts',(156.186210416667,-65.7976052806214,-10.1885425867336));
#10518=CARTESIAN_POINT('',(155.084220833333,-77.7165352378277,-9.14577133411852));
#10519=CARTESIAN_POINT('Ctrl Pts',(156.186210416667,-65.7976052806214,-10.1885425867336));
#10520=CARTESIAN_POINT('Ctrl Pts',(156.091754166667,-72.6353072034398,-9.59032118391758));
#10521=CARTESIAN_POINT('Ctrl Pts',(155.997297916667,-73.4821785425044,-9.5162295422844));
#10522=CARTESIAN_POINT('Ctrl Pts',(155.084220833333,-77.7165352378277,-9.14577133411852));
#10523=CARTESIAN_POINT('',(153.446979166667,-86.0284206027215,-8.41857559216328));
#10524=CARTESIAN_POINT('Ctrl Pts',(155.084220833333,-77.7165352378277,-9.14577133411852));
#10525=CARTESIAN_POINT('Ctrl Pts',(154.54896875,-80.2257836498711,-8.9262405440943));
#10526=CARTESIAN_POINT('Ctrl Pts',(153.79331875,-83.9582906627857,-8.59968849393326));
#10527=CARTESIAN_POINT('Ctrl Pts',(153.446979166667,-86.0284206027215,-8.41857559216328));
#10528=CARTESIAN_POINT('',(151.71528125,-93.8698218903573,-7.73254187333757));
#10529=CARTESIAN_POINT('Ctrl Pts',(153.446979166667,-86.0284206027215,-8.41857559216328));
#10530=CARTESIAN_POINT('Ctrl Pts',(153.069154166667,-88.0985505426574,-8.23746269039329));
#10531=CARTESIAN_POINT('Ctrl Pts',(152.28201875,-91.6114983195182,-7.93011958435938));
#10532=CARTESIAN_POINT('Ctrl Pts',(151.71528125,-93.8698218903573,-7.73254187333757));
#10533=CARTESIAN_POINT('',(150.266952083333,-100.927083049229,-7.11511152639444));
#10534=CARTESIAN_POINT('Ctrl Pts',(151.71528125,-93.8698218903573,-7.73254187333757));
#10535=CARTESIAN_POINT('Ctrl Pts',(151.117058333333,-96.0967798560458,-7.53770829719108));
#10536=CARTESIAN_POINT('Ctrl Pts',(150.48735,-99.2960715814012,-7.25780653991019));
#10537=CARTESIAN_POINT('Ctrl Pts',(150.266952083333,-100.927083049229,-7.11511152639444));
#10538=CARTESIAN_POINT('',(148.2204,-106.478795160875,-6.62939965346584));
#10539=CARTESIAN_POINT('Ctrl Pts',(150.266952083333,-100.927083049229,-7.11511152639444));
#10540=CARTESIAN_POINT('Ctrl Pts',(149.857641666667,-104.471396431241,-6.80502428548522));
#10541=CARTESIAN_POINT('Ctrl Pts',(149.385360416667,-105.694655032112,-6.69800302534841));
#10542=CARTESIAN_POINT('Ctrl Pts',(148.2204,-106.478795160875,-6.62939965346584));
#10543=CARTESIAN_POINT('',(143.906897916667,-106.604257581478,-6.61842311396463));
#10544=CARTESIAN_POINT('Ctrl Pts',(148.2204,-106.478795160875,-6.62939965346584));
#10545=CARTESIAN_POINT('Ctrl Pts',(147.18138125,-107.137472869037,-6.57177282108448));
#10546=CARTESIAN_POINT('Ctrl Pts',(145.071858333333,-107.231569684488,-6.56354041645858));
#10547=CARTESIAN_POINT('Ctrl Pts',(143.906897916667,-106.604257581478,-6.61842311396463));
#10548=CARTESIAN_POINT('',(142.143714583333,-101.55439515224,-7.06022882888838));
#10549=CARTESIAN_POINT('Ctrl Pts',(143.906897916667,-106.604257581478,-6.61842311396463));
#10550=CARTESIAN_POINT('Ctrl Pts',(142.804908333333,-106.008311083617,-6.67056167659538));
#10551=CARTESIAN_POINT('Ctrl Pts',(142.45856875,-105.067342929101,-6.75288572285447));
#10552=CARTESIAN_POINT('Ctrl Pts',(142.143714583333,-101.55439515224,-7.06022882888838));
#10553=CARTESIAN_POINT('',(140.034191666667,-90.733261375303,-8.00695536086786));
#10554=CARTESIAN_POINT('Ctrl Pts',(142.143714583333,-101.55439515224,-7.06022882888838));
#10555=CARTESIAN_POINT('Ctrl Pts',(141.860345833333,-98.6373938732398,-7.31543337229154));
#10556=CARTESIAN_POINT('Ctrl Pts',(140.915783333333,-93.8384562852067,-7.73528600821288));
#10557=CARTESIAN_POINT('Ctrl Pts',(140.034191666667,-90.733261375303,-8.00695536086786));
#10558=CARTESIAN_POINT('',(139.1526,-86.0284206027215,-8.41857559216328));
#10559=CARTESIAN_POINT('Ctrl Pts',(140.034191666667,-90.733261375303,-8.00695536086786));
#10560=CARTESIAN_POINT('Ctrl Pts',(139.782308333333,-89.8550244310878,-8.08379113737633));
#10561=CARTESIAN_POINT('Ctrl Pts',(139.404483333333,-87.7535288860014,-8.26764817402162));
#10562=CARTESIAN_POINT('Ctrl Pts',(139.1526,-86.0284206027215,-8.41857559216328));
#10563=CARTESIAN_POINT('',(137.861697916667,-79.1279874696021,-9.0222852647299));
#10564=CARTESIAN_POINT('Ctrl Pts',(139.1526,-86.0284206027215,-8.41857559216328));
#10565=CARTESIAN_POINT('Ctrl Pts',(138.900716666667,-84.3033123194417,-8.56950301030493));
#10566=CARTESIAN_POINT('Ctrl Pts',(138.30249375,-81.198117409538,-8.84117236295991));
#10567=CARTESIAN_POINT('Ctrl Pts',(137.861697916667,-79.1279874696021,-9.0222852647299));
#10568=CARTESIAN_POINT('',(136.3189125,-66.2994549630301,-10.1446364287288));
#10569=CARTESIAN_POINT('Ctrl Pts',(137.861697916667,-79.1279874696021,-9.0222852647299));
#10570=CARTESIAN_POINT('Ctrl Pts',(136.381883333333,-72.4471135725365,-9.6067859931694));
#10571=CARTESIAN_POINT('Ctrl Pts',(136.13,-70.3769836326007,-9.78789889493938));
#10572=CARTESIAN_POINT('Ctrl Pts',(136.3189125,-66.2994549630301,-10.1446364287288));
#10573=CARTESIAN_POINT('',(136.004058333333,-60.3713555895775,-10.663277920161));
#10574=CARTESIAN_POINT('Ctrl Pts',(136.3189125,-66.2994549630301,-10.1446364287288));
#10575=CARTESIAN_POINT('Ctrl Pts',(136.476339583333,-63.3824536840296,-10.3998409721319));
#10576=CARTESIAN_POINT('Ctrl Pts',(136.381883333333,-62.0023670574058,-10.5205829066452));
#10577=CARTESIAN_POINT('Ctrl Pts',(136.004058333333,-60.3713555895775,-10.663277920161));
#10578=CARTESIAN_POINT('',(135.972572916667,-52.5299543019418,-11.3493116389867));
#10579=CARTESIAN_POINT('Ctrl Pts',(136.004058333333,-60.3713555895775,-10.663277920161));
#10580=CARTESIAN_POINT('Ctrl Pts',(135.37435,-57.7052791517814,-10.8965293845617));
#10581=CARTESIAN_POINT('Ctrl Pts',(135.37435,-55.6665148169961,-11.0748981514564));
#10582=CARTESIAN_POINT('Ctrl Pts',(135.972572916667,-52.5299543019418,-11.3493116389867));
#10583=CARTESIAN_POINT('',(136.444854166667,-46.413661297586,-11.8844179396707));
#10584=CARTESIAN_POINT('Ctrl Pts',(135.972572916667,-52.5299543019418,-11.3493116389867));
#10585=CARTESIAN_POINT('Ctrl Pts',(136.22445625,-51.1812332804685,-11.4673094386247));
#10586=CARTESIAN_POINT('Ctrl Pts',(136.444854166667,-48.4210600272207,-11.7087933076514));
#10587=CARTESIAN_POINT('Ctrl Pts',(136.444854166667,-46.413661297586,-11.8844179396707));
#10588=CARTESIAN_POINT('',(136.759708333333,-40.7051211601872,-12.3838504869758));
#10589=CARTESIAN_POINT('Ctrl Pts',(136.444854166667,-46.413661297586,-11.8844179396707));
#10590=CARTESIAN_POINT('Ctrl Pts',(136.444854166667,-44.3748969628007,-12.0627867065654));
#10591=CARTESIAN_POINT('Ctrl Pts',(136.60228125,-41.8342829456067,-12.2850616314649));
#10592=CARTESIAN_POINT('Ctrl Pts',(136.759708333333,-40.7051211601872,-12.3838504869758));
#10593=CARTESIAN_POINT('',(137.08961669446,-37.6927593146949,-12.6473979988944));
#10594=CARTESIAN_POINT('Origin',(136.960577580626,-24.4765522732167,-13.8036662898331));
#10595=CARTESIAN_POINT('',(132.134932391637,-37.6927593146949,-12.6473979988944));
#10596=CARTESIAN_POINT('',(132.226028394611,-37.6927593146949,-12.6473979988944));
#10597=CARTESIAN_POINT('',(131.973925,-38.3527007738965,-12.5896606026236));
#10598=CARTESIAN_POINT('Origin',(131.89316677525,-36.5813185120778,-12.7446364693037));
#10599=CARTESIAN_POINT('',(124.952677083333,-42.3988638383165,-12.2356672037095));
#10600=CARTESIAN_POINT('Ctrl Pts',(131.973925,-38.3527007738965,-12.5896606026236));
#10601=CARTESIAN_POINT('Ctrl Pts',(131.470158333333,-39.9209810314236,-12.4524538588584));
#10602=CARTESIAN_POINT('Ctrl Pts',(129.832916666667,-40.8619491859399,-12.3701298125993));
#10603=CARTESIAN_POINT('Ctrl Pts',(124.952677083333,-42.3988638383165,-12.2356672037095));
#10604=CARTESIAN_POINT('',(75.8195684334095,-37.6927593146949,-12.6473979988944));
#10605=CARTESIAN_POINT('Ctrl Pts',(124.952677083333,-42.3988638383165,-12.2356672037095));
#10606=CARTESIAN_POINT('Ctrl Pts',(109.549485209484,-47.30220645736,-11.8066803111597));
#10607=CARTESIAN_POINT('Ctrl Pts',(88.4219298728663,-45.1237397651168,-11.9972714505998));
#10608=CARTESIAN_POINT('Ctrl Pts',(75.8195684334096,-37.6927593146949,-12.6473979988944));
#10609=CARTESIAN_POINT('',(66.9035358180668,-37.6927593146949,-12.6473979988944));
#10610=CARTESIAN_POINT('',(82.24375,-37.6927593146949,-12.6473979988944));
#10611=CARTESIAN_POINT('',(94.8211333333333,-49.6443186280919,-11.6017720475145));
#10612=CARTESIAN_POINT('Ctrl Pts',(66.9035358180667,-37.6927593146949,-12.6473979988945));
#10613=CARTESIAN_POINT('Ctrl Pts',(72.4510567049019,-43.1550830343987,-12.1695065969116));
#10614=CARTESIAN_POINT('Ctrl Pts',(83.0765108627159,-47.8288121500425,-11.7606082829017));
#10615=CARTESIAN_POINT('Ctrl Pts',(94.8211333333333,-49.6443186280919,-11.6017720475145));
#10616=CARTESIAN_POINT('',(119.852039583333,-49.2052001559843,-11.6401899357688));
#10617=CARTESIAN_POINT('Ctrl Pts',(94.8211333333333,-49.6443186280919,-11.6017720475145));
#10618=CARTESIAN_POINT('Ctrl Pts',(101.873866666667,-50.7421148083609,-11.5057273268789));
#10619=CARTESIAN_POINT('Ctrl Pts',(112.264054166667,-50.5539211774576,-11.5221921361308));
#10620=CARTESIAN_POINT('Ctrl Pts',(119.852039583333,-49.2052001559843,-11.6401899357688));
#10621=CARTESIAN_POINT('',(130.55708125,-46.1941020615322,-11.9036268837979));
#10622=CARTESIAN_POINT('Ctrl Pts',(119.852039583333,-49.2052001559843,-11.6401899357688));
#10623=CARTESIAN_POINT('Ctrl Pts',(122.5283,-48.7347160787261,-11.6813519588983));
#10624=CARTESIAN_POINT('Ctrl Pts',(128.29013125,-47.1037046108979,-11.8240469724141));
#10625=CARTESIAN_POINT('Ctrl Pts',(130.55708125,-46.1941020615322,-11.9036268837979));
#10626=CARTESIAN_POINT('',(131.092333333333,-48.5778880529734,-11.6950726332748));
#10627=CARTESIAN_POINT('Ctrl Pts',(130.55708125,-46.1941020615322,-11.9036268837979));
#10628=CARTESIAN_POINT('Ctrl Pts',(131.0293625,-46.0059084306289,-11.9200916930497));
#10629=CARTESIAN_POINT('Ctrl Pts',(131.092333333333,-46.2254676666827,-11.9008827489226));
#10630=CARTESIAN_POINT('Ctrl Pts',(131.092333333333,-48.5778880529734,-11.6950726332748));
#10631=CARTESIAN_POINT('',(127.2511125,-53.9414065337162,-11.2258255695981));
#10632=CARTESIAN_POINT('Ctrl Pts',(131.092333333333,-48.5778880529734,-11.6950726332748));
#10633=CARTESIAN_POINT('Ctrl Pts',(131.092333333333,-52.2790294607375,-11.3712647179891));
#10634=CARTESIAN_POINT('Ctrl Pts',(130.871935416667,-52.5299543019418,-11.3493116389867));
#10635=CARTESIAN_POINT('Ctrl Pts',(127.2511125,-53.9414065337162,-11.2258255695981));
#10636=CARTESIAN_POINT('',(102.755458333333,-57.799375967233,-10.8882969799358));
#10637=CARTESIAN_POINT('Ctrl Pts',(127.2511125,-53.9414065337162,-11.2258255695981));
#10638=CARTESIAN_POINT('Ctrl Pts',(119.474214583333,-56.9838702333189,-10.9596444866937));
#10639=CARTESIAN_POINT('Ctrl Pts',(114.247635416667,-57.799375967233,-10.8882969799358));
#10640=CARTESIAN_POINT('Ctrl Pts',(102.755458333333,-57.799375967233,-10.8882969799358));
#10641=CARTESIAN_POINT('',(90.4761458333333,-57.0779670487705,-10.9514120820678));
#10642=CARTESIAN_POINT('Ctrl Pts',(102.755458333333,-57.799375967233,-10.8882969799358));
#10643=CARTESIAN_POINT('Ctrl Pts',(94.9785604166667,-57.799375967233,-10.8882969799358));
#10644=CARTESIAN_POINT('Ctrl Pts',(93.71914375,-57.7366447569319,-10.8937852496864));
#10645=CARTESIAN_POINT('Ctrl Pts',(90.4761458333333,-57.0779670487705,-10.9514120820678));
#10646=CARTESIAN_POINT('',(57.4164583333333,-39.5445937696171,-12.4853834773621));
#10647=CARTESIAN_POINT('Ctrl Pts',(90.4761458333333,-57.0779670487705,-10.9514120820678));
#10648=CARTESIAN_POINT('Ctrl Pts',(74.8908645833333,-53.9727721388668,-11.2230814347228));
#10649=CARTESIAN_POINT('Ctrl Pts',(62.8004645833333,-47.5741886881561,-11.7828849492845));
#10650=CARTESIAN_POINT('Ctrl Pts',(57.4164583333333,-39.5445937696171,-12.4853834773621));
#10651=CARTESIAN_POINT('',(56.3153820462747,-37.6927593146949,-12.6473979988944));
#10652=CARTESIAN_POINT('Origin',(152.936253401886,-34.8282711967939,-12.8980082361553));
#10653=CARTESIAN_POINT('',(47.082903001896,-37.6927593146949,-12.6473979988944));
#10654=CARTESIAN_POINT('',(49.095063143386,-37.6927593146949,-12.6473979988944));
#10655=CARTESIAN_POINT('',(46.9003291666667,-37.8822166966383,-12.6308226257531));
#10656=CARTESIAN_POINT('',(61.3369676424281,-22.9012763759915,-13.9414850727681));
#10657=CARTESIAN_POINT('',(40.5717604166667,-47.6682855036077,-11.7746525446586));
#10658=CARTESIAN_POINT('Ctrl Pts',(46.9003291666667,-37.8822166966383,-12.6308226257531));
#10659=CARTESIAN_POINT('Ctrl Pts',(44.22406875,-40.6737555550366,-12.3865946218512));
#10660=CARTESIAN_POINT('Ctrl Pts',(42.051575,-44.0612409112953,-12.0902280553184));
#10661=CARTESIAN_POINT('Ctrl Pts',(40.5717604166667,-47.6682855036077,-11.7746525446586));
#10662=CARTESIAN_POINT('',(38.9030333333333,-58.8344409372009,-10.7977405290508));
#10663=CARTESIAN_POINT('Ctrl Pts',(40.5717604166667,-47.6682855036077,-11.7746525446586));
#10664=CARTESIAN_POINT('Ctrl Pts',(39.0919458333333,-51.2753300959201,-11.4590770339988));
#10665=CARTESIAN_POINT('Ctrl Pts',(38.7141208333333,-53.8159441131141,-11.2368021090993));
#10666=CARTESIAN_POINT('Ctrl Pts',(38.9030333333333,-58.8344409372009,-10.7977405290508));
#10667=CARTESIAN_POINT('',(39.0919458333333,-63.0687976325242,-10.4272823208849));
#10668=CARTESIAN_POINT('',(39.5074188376088,-72.3813677238618,-9.6125380096023));
#10669=CARTESIAN_POINT('',(37.3287625,-65.6094116497182,-10.2050073959854));
#10670=CARTESIAN_POINT('',(52.3944764473706,-43.9008557042836,-12.1042599427292));
#10671=CARTESIAN_POINT('',(31.2835625,-81.4176766455918,-8.82196341883279));
#10672=CARTESIAN_POINT('Ctrl Pts',(37.3287625,-65.6094116497182,-10.2050073959854));
#10673=CARTESIAN_POINT('Ctrl Pts',(34.0542791666667,-70.3769836326007,-9.78789889493938));
#10674=CARTESIAN_POINT('Ctrl Pts',(32.0706979166667,-75.5836740875908,-9.33237250563912));
#10675=CARTESIAN_POINT('Ctrl Pts',(31.2835625,-81.4176766455918,-8.82196341883279));
#10676=CARTESIAN_POINT('',(31.8503,-92.7720257100883,-7.82858659397317));
#10677=CARTESIAN_POINT('Ctrl Pts',(31.2835625,-81.4176766455918,-8.82196341883279));
#10678=CARTESIAN_POINT('Ctrl Pts',(30.7797958333333,-84.9619900276031,-8.51187617792357));
#10679=CARTESIAN_POINT('Ctrl Pts',(31.0316791666667,-89.9177556413889,-8.07830286762573));
#10680=CARTESIAN_POINT('Ctrl Pts',(31.8503,-92.7720257100883,-7.82858659397317));
#10681=CARTESIAN_POINT('',(32.4170375,-94.8107900448735,-7.65021782707849));
#10682=CARTESIAN_POINT('',(34.4757083370938,-102.216590225256,-7.00229426695676));
#10683=CARTESIAN_POINT('',(31.3465333333333,-97.1632104311642,-7.44440771143078));
#10684=CARTESIAN_POINT('',(44.8132905953995,-67.5701688466957,-10.033463369323));
#10685=CARTESIAN_POINT('',(29.4295442338892,-124.817493777099,-5.02497142072779));
#10686=CARTESIAN_POINT('Ctrl Pts',(31.3465333333333,-97.1632104311642,-7.44440771143078));
#10687=CARTESIAN_POINT('Ctrl Pts',(27.8883354972331,-104.778558361141,-6.77815109875217));
#10688=CARTESIAN_POINT('Ctrl Pts',(27.0897718930972,-116.848582869955,-5.72216078575089));
#10689=CARTESIAN_POINT('Ctrl Pts',(29.4295442338892,-124.817493777099,-5.02497142072778));
#10690=CARTESIAN_POINT('',(35.1511980119001,-124.817493777099,-5.02497142072773));
#10691=CARTESIAN_POINT('',(213.03125,-124.817493777099,-5.02497142072773));
#10692=CARTESIAN_POINT('',(35.250725,-102.589460122208,-6.96967237800339));
#10693=CARTESIAN_POINT('Ctrl Pts',(35.1511980119001,-124.817493777099,-5.02497142072778));
#10694=CARTESIAN_POINT('Ctrl Pts',(33.1414590184101,-119.772731789132,-5.46633090486137));
#10695=CARTESIAN_POINT('Ctrl Pts',(33.1644832008425,-109.723933173393,-6.34548686579353));
#10696=CARTESIAN_POINT('Ctrl Pts',(35.250725,-102.589460122208,-6.96967237800339));
#10697=CARTESIAN_POINT('',(35.72300625,-100.927083049229,-7.11511152639444));
#10698=CARTESIAN_POINT('',(42.2353143910488,-78.0044882058977,-9.12057871378372));
#10699=CARTESIAN_POINT('',(36.7305395833333,-102.432632096455,-6.98339305237991));
#10700=CARTESIAN_POINT('',(48.3633126850852,-119.815392428559,-5.46259858253264));
#10701=CARTESIAN_POINT('',(38.4937229166667,-104.910514903348,-6.76660639723098));
#10702=CARTESIAN_POINT('Ctrl Pts',(36.7305395833333,-102.432632096455,-6.98339305237991));
#10703=CARTESIAN_POINT('Ctrl Pts',(37.2972770833333,-103.24813783037,-6.91204554562203));
#10704=CARTESIAN_POINT('Ctrl Pts',(38.0844125,-104.345934010639,-6.81600082498643));
#10705=CARTESIAN_POINT('Ctrl Pts',(38.4937229166667,-104.910514903348,-6.76660639723098));
#10706=CARTESIAN_POINT('',(38.8400625,-108.45482828536,-6.45651915632176));
#10707=CARTESIAN_POINT('Ctrl Pts',(38.4937229166667,-104.910514903348,-6.76660639723098));
#10708=CARTESIAN_POINT('Ctrl Pts',(39.2178875,-105.882848663015,-6.6815382160966));
#10709=CARTESIAN_POINT('Ctrl Pts',(39.2178875,-105.945579873316,-6.67604994634599));
#10710=CARTESIAN_POINT('Ctrl Pts',(38.8400625,-108.45482828536,-6.45651915632176));
#10711=CARTESIAN_POINT('',(43.3401292940197,-124.817493777099,-5.02497142072779));
#10712=CARTESIAN_POINT('Origin',(618.172428373853,39.4336256684755,-19.3950823436635));
#10713=CARTESIAN_POINT('',(51.2843355536698,-124.817493777099,-5.02497142072773));
#10714=CARTESIAN_POINT('',(213.03125,-124.817493777099,-5.02497142072773));
#10715=CARTESIAN_POINT('',(49.70253125,-123.353490731867,-5.15305509055293));
#10716=CARTESIAN_POINT('Origin',(153.83476966104,-27.9474979520455,-13.4999978912695));
#10717=CARTESIAN_POINT('',(44.1925833333333,-111.93641045707,-6.15192018516315));
#10718=CARTESIAN_POINT('Ctrl Pts',(49.70253125,-123.353490731867,-5.15305509055293));
#10719=CARTESIAN_POINT('Ctrl Pts',(45.7983395833333,-119.495521298351,-5.49058368021517));
#10720=CARTESIAN_POINT('Ctrl Pts',(44.22406875,-116.202132757544,-5.77871784212197));
#10721=CARTESIAN_POINT('Ctrl Pts',(44.1925833333333,-111.93641045707,-6.15192018516315));
#10722=CARTESIAN_POINT('',(44.79080625,-110.681786251048,-6.26168558017527));
#10723=CARTESIAN_POINT('Ctrl Pts',(44.1925833333333,-111.93641045707,-6.15192018516315));
#10724=CARTESIAN_POINT('Ctrl Pts',(44.1925833333333,-110.336764594392,-6.29187106380359));
#10725=CARTESIAN_POINT('Ctrl Pts',(44.22406875,-110.274033384091,-6.2973593335542));
#10726=CARTESIAN_POINT('Ctrl Pts',(44.79080625,-110.681786251048,-6.26168558017527));
#10727=CARTESIAN_POINT('',(48.1282604166667,-112.971475427038,-6.06136373427816));
#10728=CARTESIAN_POINT('Ctrl Pts',(44.79080625,-110.681786251048,-6.26168558017527));
#10729=CARTESIAN_POINT('Ctrl Pts',(45.1056604166667,-110.932711092253,-6.23973250117284));
#10730=CARTESIAN_POINT('Ctrl Pts',(46.6169604166667,-111.96777606222,-6.14917605028785));
#10731=CARTESIAN_POINT('Ctrl Pts',(48.1282604166667,-112.971475427038,-6.06136373427816));
#10732=CARTESIAN_POINT('',(73.88333125,-123.259393916416,-5.16128749517883));
#10733=CARTESIAN_POINT('Ctrl Pts',(48.1282604166667,-112.971475427038,-6.06136373427816));
#10734=CARTESIAN_POINT('Ctrl Pts',(55.0235666666667,-117.644950594469,-5.65248763785804));
#10735=CARTESIAN_POINT('Ctrl Pts',(64.24879375,-121.314726397082,-5.33142385744761));
#10736=CARTESIAN_POINT('Ctrl Pts',(73.88333125,-123.259393916416,-5.16128749517883));
#10737=CARTESIAN_POINT('',(83.70678125,-123.949437229728,-5.10091652792218));
#10738=CARTESIAN_POINT('Ctrl Pts',(73.88333125,-123.259393916416,-5.16128749517883));
#10739=CARTESIAN_POINT('Ctrl Pts',(76.90593125,-123.886706019427,-5.10640479767278));
#10740=CARTESIAN_POINT('Ctrl Pts',(78.322775,-123.980802834878,-5.09817239304687));
#10741=CARTESIAN_POINT('Ctrl Pts',(83.70678125,-123.949437229728,-5.10091652792218));
#10742=CARTESIAN_POINT('',(92.3652708333333,-123.447587547319,-5.14482268592702));
#10743=CARTESIAN_POINT('Ctrl Pts',(83.70678125,-123.949437229728,-5.10091652792218));
#10744=CARTESIAN_POINT('Ctrl Pts',(88.1147395833333,-123.949437229728,-5.10091652792218));
#10745=CARTESIAN_POINT('Ctrl Pts',(90.7280291666667,-123.792609203975,-5.11463720229869));
#10746=CARTESIAN_POINT('Ctrl Pts',(92.3652708333333,-123.447587547319,-5.14482268592702));
#10747=CARTESIAN_POINT('',(94.7896479166667,-123.008469075212,-5.18324057418126));
#10748=CARTESIAN_POINT('Ctrl Pts',(92.3652708333333,-123.447587547319,-5.14482268592702));
#10749=CARTESIAN_POINT('Ctrl Pts',(93.6561729166667,-123.165297100964,-5.16951989980474));
#10750=CARTESIAN_POINT('Ctrl Pts',(94.7581625,-122.977103470061,-5.18598470905656));
#10751=CARTESIAN_POINT('Ctrl Pts',(94.7896479166667,-123.008469075212,-5.18324057418126));
#10752=CARTESIAN_POINT('',(93.1270820971345,-124.817493777099,-5.02497142072773));
#10753=CARTESIAN_POINT('Ctrl Pts',(94.7896479166667,-123.008469075212,-5.18324057418126));
#10754=CARTESIAN_POINT('Ctrl Pts',(94.8432731987901,-123.035179686079,-5.1809036985345));
#10755=CARTESIAN_POINT('Ctrl Pts',(94.1205643843161,-123.812523739955,-5.1128949061611));
#10756=CARTESIAN_POINT('Ctrl Pts',(93.1270820971345,-124.817493777099,-5.02497142072777));
#10757=CARTESIAN_POINT('',(100.43573019081,-124.817493777099,-5.02497142072777));
#10758=CARTESIAN_POINT('',(97.8105380530204,-124.817493777099,-5.02497142072778));
#10759=CARTESIAN_POINT('',(101.684954166667,-116.484423203899,-5.75402062824425));
#10760=CARTESIAN_POINT('Ctrl Pts',(100.43573019081,-124.817493777099,-5.02497142072777));
#10761=CARTESIAN_POINT('Ctrl Pts',(103.854460148159,-120.5163204344,-5.4012753280738));
#10762=CARTESIAN_POINT('Ctrl Pts',(104.261213392277,-117.743439247635,-5.64387099722004));
#10763=CARTESIAN_POINT('Ctrl Pts',(101.684954166667,-116.484423203899,-5.75402062824425));
#10764=CARTESIAN_POINT('',(96.9621416666667,-116.703982439952,-5.73481168411713));
#10765=CARTESIAN_POINT('Ctrl Pts',(101.684954166667,-116.484423203899,-5.75402062824425));
#10766=CARTESIAN_POINT('Ctrl Pts',(100.457022916667,-115.888476706038,-5.806159190875));
#10767=CARTESIAN_POINT('Ctrl Pts',(100.457022916667,-115.888476706038,-5.806159190875));
#10768=CARTESIAN_POINT('Ctrl Pts',(96.9621416666667,-116.703982439952,-5.73481168411713));
#10769=CARTESIAN_POINT('',(83.70678125,-118.30362830263,-5.59486080547668));
#10770=CARTESIAN_POINT('Ctrl Pts',(96.9621416666667,-116.703982439952,-5.73481168411713));
#10771=CARTESIAN_POINT('Ctrl Pts',(91.0428833333334,-118.115434671727,-5.6113256147285));
#10772=CARTESIAN_POINT('Ctrl Pts',(89.56306875,-118.27226269748,-5.59760494035198));
#10773=CARTESIAN_POINT('Ctrl Pts',(83.70678125,-118.30362830263,-5.59486080547668));
#10774=CARTESIAN_POINT('',(75.20571875,-117.770413015071,-5.64151109835683));
#10775=CARTESIAN_POINT('Ctrl Pts',(83.70678125,-118.30362830263,-5.59486080547668));
#10776=CARTESIAN_POINT('Ctrl Pts',(79.6451625,-118.30362830263,-5.59486080547668));
#10777=CARTESIAN_POINT('Ctrl Pts',(77.2522708333333,-118.146800276877,-5.60858147985319));
#10778=CARTESIAN_POINT('Ctrl Pts',(75.20571875,-117.770413015071,-5.64151109835683));
#10779=CARTESIAN_POINT('',(45.4834854166667,-103.906815538531,-6.85441871324067));
#10780=CARTESIAN_POINT('Ctrl Pts',(75.20571875,-117.770413015071,-5.64151109835683));
#10781=CARTESIAN_POINT('Ctrl Pts',(63.30423125,-115.543455049382,-5.83634467450333));
#10782=CARTESIAN_POINT('Ctrl Pts',(52.25285,-110.368130199543,-6.28912692892829));
#10783=CARTESIAN_POINT('Ctrl Pts',(45.4834854166667,-103.906815538531,-6.85441871324067));
#10784=CARTESIAN_POINT('',(38.36778125,-75.8345989287951,-9.31041942663669));
#10785=CARTESIAN_POINT('Ctrl Pts',(45.4834854166667,-103.906815538531,-6.85441871324067));
#10786=CARTESIAN_POINT('Ctrl Pts',(36.9824229166667,-95.8144894096909,-7.5624055110688));
#10787=CARTESIAN_POINT('Ctrl Pts',(34.6839875,-86.6557327057324,-8.36369289465722));
#10788=CARTESIAN_POINT('Ctrl Pts',(38.36778125,-75.8345989287951,-9.31041942663669));
#10789=CARTESIAN_POINT('',(41.2329541666667,-69.2478218471811,-9.88668775045029));
#10790=CARTESIAN_POINT('Ctrl Pts',(38.36778125,-75.8345989287951,-9.31041942663669));
#10791=CARTESIAN_POINT('Ctrl Pts',(39.0919458333333,-73.7331033837088,-9.49427646328198));
#10792=CARTESIAN_POINT('Ctrl Pts',(41.01255625,-69.2478218471811,-9.88668775045029));
#10793=CARTESIAN_POINT('Ctrl Pts',(41.2329541666667,-69.2478218471811,-9.88668775045029));
#10794=CARTESIAN_POINT('',(42.6183125,-71.6629734437729,-9.67538936505197));
#10795=CARTESIAN_POINT('Ctrl Pts',(41.2329541666667,-69.2478218471811,-9.88668775045029));
#10796=CARTESIAN_POINT('Ctrl Pts',(41.2644395833333,-69.2478218471811,-9.88668775045029));
#10797=CARTESIAN_POINT('Ctrl Pts',(41.8941479166667,-70.3142524222996,-9.79338716468999));
#10798=CARTESIAN_POINT('Ctrl Pts',(42.6183125,-71.6629734437729,-9.67538936505197));
#10799=CARTESIAN_POINT('',(43.9092145833333,-74.0467594352142,-9.46683511452895));
#10800=CARTESIAN_POINT('',(56.448718502412,-97.2022676397849,-7.44099064844746));
#10801=CARTESIAN_POINT('',(43.2480208333333,-75.9600613493973,-9.29944288713548));
#10802=CARTESIAN_POINT('',(48.3046476493286,-61.3276578120782,-10.5796123167875));
#10803=CARTESIAN_POINT('',(42.7442541666667,-85.1501836585064,-8.49541136867176));
#10804=CARTESIAN_POINT('Ctrl Pts',(43.2480208333333,-75.9600613493973,-9.29944288713548));
#10805=CARTESIAN_POINT('Ctrl Pts',(42.3034583333333,-78.6261377871934,-9.06619142273474));
#10806=CARTESIAN_POINT('Ctrl Pts',(42.0830604166667,-82.6723008516135,-8.71219802382068));
#10807=CARTESIAN_POINT('Ctrl Pts',(42.7442541666667,-85.1501836585064,-8.49541136867176));
#10808=CARTESIAN_POINT('',(55.0550520833333,-100.864351838928,-7.12059979614505));
#10809=CARTESIAN_POINT('Ctrl Pts',(42.7442541666667,-85.1501836585064,-8.49541136867176));
#10810=CARTESIAN_POINT('Ctrl Pts',(44.1296125,-90.5764333495503,-8.02067603524437));
#10811=CARTESIAN_POINT('Ctrl Pts',(49.1043083333333,-96.91228558996,-7.4663607904332));
#10812=CARTESIAN_POINT('Ctrl Pts',(55.0550520833333,-100.864351838928,-7.12059979614505));
#10813=CARTESIAN_POINT('',(98.5678979166667,-107.984344208102,-6.49768117945131));
#10814=CARTESIAN_POINT('Ctrl Pts',(55.0550520833333,-100.864351838928,-7.12059979614505));
#10815=CARTESIAN_POINT('Ctrl Pts',(67.9640729166667,-109.427162045026,-6.37145097518738));
#10816=CARTESIAN_POINT('Ctrl Pts',(85.50145,-112.281432113726,-6.12173470153482));
#10817=CARTESIAN_POINT('Ctrl Pts',(98.5678979166667,-107.984344208102,-6.49768117945131));
#10818=CARTESIAN_POINT('',(116.073789583333,-95.7517581993898,-7.5678937808194));
#10819=CARTESIAN_POINT('Ctrl Pts',(98.5678979166667,-107.984344208102,-6.49768117945131));
#10820=CARTESIAN_POINT('Ctrl Pts',(106.0929125,-105.506461401209,-6.71446783460023));
#10821=CARTESIAN_POINT('Ctrl Pts',(110.028589583333,-102.746288147961,-6.95595170362688));
#10822=CARTESIAN_POINT('Ctrl Pts',(116.073789583333,-95.7517581993898,-7.5678937808194));
#10823=CARTESIAN_POINT('',(123.315435416667,-88.6944970405177,-8.18532412776254));
#10824=CARTESIAN_POINT('Ctrl Pts',(116.073789583333,-95.7517581993898,-7.5678937808194));
#10825=CARTESIAN_POINT('Ctrl Pts',(119.820554166667,-91.4233046886149,-7.94658439361119));
#10826=CARTESIAN_POINT('Ctrl Pts',(120.765116666667,-90.5137021392492,-8.02616430499498));
#10827=CARTESIAN_POINT('Ctrl Pts',(123.315435416667,-88.6944970405177,-8.18532412776254));
#10828=CARTESIAN_POINT('',(132.82403125,-82.7350320619146,-8.70670975407007));
#10829=CARTESIAN_POINT('Ctrl Pts',(123.315435416667,-88.6944970405177,-8.18532412776254));
#10830=CARTESIAN_POINT('Ctrl Pts',(125.424958333333,-87.1889479932916,-8.31704260177708));
#10831=CARTESIAN_POINT('Ctrl Pts',(132.5406625,-82.7350320619146,-8.70670975407007));
#10832=CARTESIAN_POINT('Ctrl Pts',(132.82403125,-82.7350320619146,-8.70670975407007));
#10833=CARTESIAN_POINT('',(132.194322916667,-87.5653352550981,-8.28411298327344));
#10834=CARTESIAN_POINT('Ctrl Pts',(132.82403125,-82.7350320619146,-8.70670975407007));
#10835=CARTESIAN_POINT('Ctrl Pts',(133.264827083333,-82.7350320619146,-8.70670975407007));
#10836=CARTESIAN_POINT('Ctrl Pts',(132.792545833333,-86.342076654227,-8.39113424341025));
#10837=CARTESIAN_POINT('Ctrl Pts',(132.194322916667,-87.5653352550981,-8.28411298327344));
#10838=CARTESIAN_POINT('',(128.29013125,-92.2701760276796,-7.87249275197802));
#10839=CARTESIAN_POINT('Ctrl Pts',(132.194322916667,-87.5653352550981,-8.28411298327344));
#10840=CARTESIAN_POINT('Ctrl Pts',(131.87946875,-88.2553785684101,-8.22374201601678));
#10841=CARTESIAN_POINT('Ctrl Pts',(130.116285416667,-90.3568741134964,-8.03988497937149));
#10842=CARTESIAN_POINT('Ctrl Pts',(128.29013125,-92.2701760276796,-7.87249275197802));
#10843=CARTESIAN_POINT('',(112.98821875,-113.09693784764,-6.05038719477695));
#10844=CARTESIAN_POINT('Ctrl Pts',(128.29013125,-92.2701760276796,-7.87249275197802));
#10845=CARTESIAN_POINT('Ctrl Pts',(117.616575,-103.530428276724,-6.88734833174431));
#10846=CARTESIAN_POINT('Ctrl Pts',(112.358510416667,-110.650420645898,-6.26442971505057));
#10847=CARTESIAN_POINT('Ctrl Pts',(112.98821875,-113.09693784764,-6.05038719477695));
#10848=CARTESIAN_POINT('',(116.892410416667,-114.163368422758,-5.95708660901665));
#10849=CARTESIAN_POINT('Ctrl Pts',(112.98821875,-113.09693784764,-6.05038719477695));
#10850=CARTESIAN_POINT('Ctrl Pts',(113.491985416667,-115.167067787576,-5.86927429300696));
#10851=CARTESIAN_POINT('Ctrl Pts',(115.286654166667,-115.668917469985,-5.82536813500212));
#10852=CARTESIAN_POINT('Ctrl Pts',(116.892410416667,-114.163368422758,-5.95708660901665));
#10853=CARTESIAN_POINT('',(119.41124375,-110.964076697403,-6.23698836629754));
#10854=CARTESIAN_POINT('Ctrl Pts',(116.892410416667,-114.163368422758,-5.95708660901665));
#10855=CARTESIAN_POINT('Ctrl Pts',(117.396177083333,-113.6928843455,-5.99824863214619));
#10856=CARTESIAN_POINT('Ctrl Pts',(118.529652083333,-112.250066508575,-6.12447883641012));
#10857=CARTESIAN_POINT('Ctrl Pts',(119.41124375,-110.964076697403,-6.23698836629754));
#10858=CARTESIAN_POINT('',(131.31273125,-96.8495543796588,-7.47184906018381));
#10859=CARTESIAN_POINT('Ctrl Pts',(119.41124375,-110.964076697403,-6.23698836629754));
#10860=CARTESIAN_POINT('Ctrl Pts',(121.646708333333,-107.702053761747,-6.52237839332903));
#10861=CARTESIAN_POINT('Ctrl Pts',(126.904772916667,-101.460298336789,-7.06846123351429));
#10862=CARTESIAN_POINT('Ctrl Pts',(131.31273125,-96.8495543796588,-7.47184906018381));
#10863=CARTESIAN_POINT('',(135.09098125,-92.9602193409915,-7.81212178472136));
#10864=CARTESIAN_POINT('',(139.193509377783,-88.7370720123329,-8.18159930037874));
#10865=CARTESIAN_POINT('',(135.752175,-95.9085862251425,-7.55417310644289));
#10866=CARTESIAN_POINT('',(134.129753709549,-88.6739546138965,-8.18712135721317));
#10867=CARTESIAN_POINT('',(133.86305,-103.687256302477,-6.87362765736779));
#10868=CARTESIAN_POINT('Ctrl Pts',(135.752175,-95.9085862251425,-7.55417310644289));
#10869=CARTESIAN_POINT('Ctrl Pts',(136.822679166667,-100.582061392573,-7.14529701002277));
#10870=CARTESIAN_POINT('Ctrl Pts',(136.854164583333,-100.519330182272,-7.15078527977338));
#10871=CARTESIAN_POINT('Ctrl Pts',(133.86305,-103.687256302477,-6.87362765736779));
#10872=CARTESIAN_POINT('',(118.18760194267,-124.817493777099,-5.02497142072773));
#10873=CARTESIAN_POINT('Ctrl Pts',(133.86305,-103.687256302477,-6.87362765736777));
#10874=CARTESIAN_POINT('Ctrl Pts',(129.30002947329,-108.490963547675,-6.45335773051567));
#10875=CARTESIAN_POINT('Ctrl Pts',(123.955172116859,-115.706629619836,-5.82206874941292));
#10876=CARTESIAN_POINT('Ctrl Pts',(118.18760194267,-124.817493777099,-5.02497142072775));
#10877=CARTESIAN_POINT('',(124.734310412762,-124.817493777099,-5.02497142072773));
#10878=CARTESIAN_POINT('',(213.03125,-124.817493777099,-5.02497142072773));
#10879=CARTESIAN_POINT('',(132.1628375,-114.414293263963,-5.93513353001423));
#10880=CARTESIAN_POINT('Ctrl Pts',(124.734310412753,-124.817493777113,-5.02497142072651));
#10881=CARTESIAN_POINT('Ctrl Pts',(126.740525315427,-121.757280299646,-5.2927054079741));
#10882=CARTESIAN_POINT('Ctrl Pts',(130.396079044407,-116.565447649404,-5.74693190779403));
#10883=CARTESIAN_POINT('Ctrl Pts',(132.1628375,-114.414293263963,-5.93513353001423));
#10884=CARTESIAN_POINT('',(137.92466875,-108.45482828536,-6.45651915632176));
#10885=CARTESIAN_POINT('Ctrl Pts',(132.1628375,-114.414293263963,-5.93513353001423));
#10886=CARTESIAN_POINT('Ctrl Pts',(136.22445625,-109.427162045026,-6.37145097518738));
#10887=CARTESIAN_POINT('Ctrl Pts',(137.704270833333,-107.89024739265,-6.50591358407721));
#10888=CARTESIAN_POINT('Ctrl Pts',(137.92466875,-108.45482828536,-6.45651915632176));
#10889=CARTESIAN_POINT('',(139.467454166667,-110.242667778941,-6.3001034684295));
#10890=CARTESIAN_POINT('Ctrl Pts',(137.92466875,-108.45482828536,-6.45651915632176));
#10891=CARTESIAN_POINT('Ctrl Pts',(138.019125,-108.705753126564,-6.43456607731934));
#10892=CARTESIAN_POINT('Ctrl Pts',(138.711804166667,-109.521258860478,-6.36321857056147));
#10893=CARTESIAN_POINT('Ctrl Pts',(139.467454166667,-110.242667778941,-6.3001034684295));
#10894=CARTESIAN_POINT('',(147.086925,-112.438260139479,-6.1080140271583));
#10895=CARTESIAN_POINT('Ctrl Pts',(139.467454166667,-110.242667778941,-6.3001034684295));
#10896=CARTESIAN_POINT('Ctrl Pts',(141.32509375,-112.030507272522,-6.14368778053724));
#10897=CARTESIAN_POINT('Ctrl Pts',(143.4975875,-112.657819375532,-6.08880508303119));
#10898=CARTESIAN_POINT('Ctrl Pts',(147.086925,-112.438260139479,-6.1080140271583));
#10899=CARTESIAN_POINT('',(153.60440625,-109.05077478322,-6.40438059369101));
#10900=CARTESIAN_POINT('Ctrl Pts',(147.086925,-112.438260139479,-6.1080140271583));
#10901=CARTESIAN_POINT('Ctrl Pts',(150.266952083333,-112.250066508575,-6.12447883641012));
#10902=CARTESIAN_POINT('Ctrl Pts',(152.124591666667,-111.277732748909,-6.20954701754451));
#10903=CARTESIAN_POINT('Ctrl Pts',(153.60440625,-109.05077478322,-6.40438059369101));
#10904=CARTESIAN_POINT('',(154.580454166667,-107.639322551446,-6.52786666307964));
#10905=CARTESIAN_POINT('Ctrl Pts',(153.60440625,-109.05077478322,-6.40438059369101));
#10906=CARTESIAN_POINT('Ctrl Pts',(154.139658333333,-108.235269049306,-6.47572810044888));
#10907=CARTESIAN_POINT('Ctrl Pts',(154.54896875,-107.607956946295,-6.53061079795494));
#10908=CARTESIAN_POINT('Ctrl Pts',(154.580454166667,-107.639322551446,-6.52786666307964));
#10909=CARTESIAN_POINT('',(156.501064583333,-109.866280517134,-6.33303308693314));
#10910=CARTESIAN_POINT('Ctrl Pts',(154.580454166667,-107.639322551446,-6.52786666307964));
#10911=CARTESIAN_POINT('Ctrl Pts',(154.611939583333,-107.670688156596,-6.52512252820434));
#10912=CARTESIAN_POINT('Ctrl Pts',(155.462045833333,-108.643021916263,-6.44005434706995));
#10913=CARTESIAN_POINT('Ctrl Pts',(156.501064583333,-109.866280517134,-6.33303308693314));
#10914=CARTESIAN_POINT('',(164.152020833333,-120.02873658591,-5.44393338733502));
#10915=CARTESIAN_POINT('Ctrl Pts',(156.501064583333,-109.866280517134,-6.33303308693314));
#10916=CARTESIAN_POINT('Ctrl Pts',(159.55515,-113.441959504296,-6.02020171114862));
#10917=CARTESIAN_POINT('Ctrl Pts',(161.412789583333,-115.919842311189,-5.8034150559997));
#10918=CARTESIAN_POINT('Ctrl Pts',(164.152020833333,-120.02873658591,-5.44393338733502));
#10919=CARTESIAN_POINT('',(167.500503733758,-124.817493777099,-5.02497142072773));
#10920=CARTESIAN_POINT('Ctrl Pts',(164.152020833333,-120.02873658591,-5.44393338733497));
#10921=CARTESIAN_POINT('Ctrl Pts',(165.263711367461,-121.702232023447,-5.29752150808813));
#10922=CARTESIAN_POINT('Ctrl Pts',(166.608004514483,-123.626754741522,-5.12914758755853));
#10923=CARTESIAN_POINT('Ctrl Pts',(167.500503733758,-124.817493777099,-5.02497142072772));
#10924=CARTESIAN_POINT('',(174.248156475082,-124.817493777099,-5.02497142072773));
#10925=CARTESIAN_POINT('',(213.03125,-124.817493777099,-5.02497142072773));
#10926=CARTESIAN_POINT('',(158.6105875,-103.593159487026,-6.8818600619937));
#10927=CARTESIAN_POINT('Ctrl Pts',(174.248156475082,-124.817493777098,-5.02497142072779));
#10928=CARTESIAN_POINT('Ctrl Pts',(169.158591320371,-117.183571562725,-5.69285307272419));
#10929=CARTESIAN_POINT('Ctrl Pts',(161.858836740417,-107.211239733769,-6.56531905667653));
#10930=CARTESIAN_POINT('Ctrl Pts',(158.6105875,-103.593159487026,-6.8818600619937));
#10931=CARTESIAN_POINT('',(155.9658125,-99.923383684412,-7.20292384240413));
#10932=CARTESIAN_POINT('Ctrl Pts',(158.6105875,-103.593159487026,-6.8818600619937));
#10933=CARTESIAN_POINT('Ctrl Pts',(156.910375,-101.711223177993,-7.04650815451187));
#10934=CARTESIAN_POINT('Ctrl Pts',(155.9658125,-100.39386776167,-7.16176181927459));
#10935=CARTESIAN_POINT('Ctrl Pts',(155.9658125,-99.923383684412,-7.20292384240413));
#10936=CARTESIAN_POINT('',(157.634539583333,-93.5248002337013,-7.7627273569659));
#10937=CARTESIAN_POINT('Ctrl Pts',(155.9658125,-99.923383684412,-7.20292384240413));
#10938=CARTESIAN_POINT('Ctrl Pts',(155.9658125,-99.170609160799,-7.2687830794114));
#10939=CARTESIAN_POINT('Ctrl Pts',(157.38265625,-93.7757250749057,-7.74077427796348));
#10940=CARTESIAN_POINT('Ctrl Pts',(157.634539583333,-93.5248002337013,-7.7627273569659));
#10941=CARTESIAN_POINT('',(167.080164583333,-103.749987512778,-6.86813938761719));
#10942=CARTESIAN_POINT('Ctrl Pts',(157.634539583333,-93.5248002337013,-7.7627273569659));
#10943=CARTESIAN_POINT('Ctrl Pts',(157.886422916667,-93.2738753924969,-7.78468043596833));
#10944=CARTESIAN_POINT('Ctrl Pts',(163.5223125,-99.3901683968528,-7.24957413528428));
#10945=CARTESIAN_POINT('Ctrl Pts',(167.080164583333,-103.749987512778,-6.86813938761719));
#10946=CARTESIAN_POINT('',(171.393666666667,-109.082140388371,-6.40163645881571));
#10947=CARTESIAN_POINT('Ctrl Pts',(167.080164583333,-103.749987512778,-6.86813938761719));
#10948=CARTESIAN_POINT('Ctrl Pts',(168.402552083333,-105.380998980607,-6.72544437410144));
#10949=CARTESIAN_POINT('Ctrl Pts',(170.354647916667,-107.796150577198,-6.51414598870312));
#10950=CARTESIAN_POINT('Ctrl Pts',(171.393666666667,-109.082140388371,-6.40163645881571));
#10951=CARTESIAN_POINT('',(174.57369375,-113.222400268242,-6.03941065527574));
#10952=CARTESIAN_POINT('Ctrl Pts',(171.393666666667,-109.082140388371,-6.40163645881571));
#10953=CARTESIAN_POINT('Ctrl Pts',(172.464170833333,-110.368130199543,-6.28912692892829));
#10954=CARTESIAN_POINT('Ctrl Pts',(173.881014583333,-112.250066508575,-6.12447883641012));
#10955=CARTESIAN_POINT('Ctrl Pts',(174.57369375,-113.222400268242,-6.03941065527574));
#10956=CARTESIAN_POINT('',(176.494304166667,-115.480723839081,-5.84183294425393));
#10957=CARTESIAN_POINT('Ctrl Pts',(174.57369375,-113.222400268242,-6.03941065527574));
#10958=CARTESIAN_POINT('Ctrl Pts',(175.2348875,-114.194734027909,-5.95434247414135));
#10959=CARTESIAN_POINT('Ctrl Pts',(176.116479166667,-115.229798997877,-5.86378602325636));
#10960=CARTESIAN_POINT('Ctrl Pts',(176.494304166667,-115.480723839081,-5.84183294425393));
#10961=CARTESIAN_POINT('',(180.209583333333,-113.755615555801,-5.99276036239559));
#10962=CARTESIAN_POINT('Ctrl Pts',(176.494304166667,-115.480723839081,-5.84183294425393));
#10963=CARTESIAN_POINT('Ctrl Pts',(178.068575,-116.57852001935,-5.74578822361834));
#10964=CARTESIAN_POINT('Ctrl Pts',(180.209583333333,-115.574820654533,-5.83360053962802));
#10965=CARTESIAN_POINT('Ctrl Pts',(180.209583333333,-113.755615555801,-5.99276036239559));
#10966=CARTESIAN_POINT('',(176.84064375,-107.106107263886,-6.57451695595978));
#10967=CARTESIAN_POINT('Ctrl Pts',(180.209583333333,-113.755615555801,-5.99276036239559));
#10968=CARTESIAN_POINT('Ctrl Pts',(180.209583333333,-112.720550585833,-6.08331681328058));
#10969=CARTESIAN_POINT('Ctrl Pts',(178.509370833333,-109.395796439876,-6.37419511006268));
#10970=CARTESIAN_POINT('Ctrl Pts',(176.84064375,-107.106107263886,-6.57451695595978));
#10971=CARTESIAN_POINT('',(165.254010416667,-93.7129938646046,-7.74626254771409));
#10972=CARTESIAN_POINT('Ctrl Pts',(176.84064375,-107.106107263886,-6.57451695595978));
#10973=CARTESIAN_POINT('Ctrl Pts',(174.447752083333,-103.84408432823,-6.85990698299128));
#10974=CARTESIAN_POINT('Ctrl Pts',(169.504541666667,-98.1355441908311,-7.35933953029639));
#10975=CARTESIAN_POINT('Ctrl Pts',(165.254010416667,-93.7129938646046,-7.74626254771409));
#10976=CARTESIAN_POINT('',(160.184858333333,-87.6280664653992,-8.27862471352284));
#10977=CARTESIAN_POINT('Ctrl Pts',(165.254010416667,-93.7129938646046,-7.74626254771409));
#10978=CARTESIAN_POINT('Ctrl Pts',(162.325866666667,-90.6705301650019,-8.01244363061846));
#10979=CARTESIAN_POINT('Ctrl Pts',(160.688625,-88.6944970405177,-8.18532412776254));
#10980=CARTESIAN_POINT('Ctrl Pts',(160.184858333333,-87.6280664653992,-8.27862471352284));
#10981=CARTESIAN_POINT('',(159.712577083333,-83.0800537185705,-8.67652427044174));
#10982=CARTESIAN_POINT('Ctrl Pts',(160.184858333333,-87.6280664653992,-8.27862471352284));
#10983=CARTESIAN_POINT('Ctrl Pts',(159.429208333333,-85.997054997571,-8.42131972703858));
#10984=CARTESIAN_POINT('Ctrl Pts',(159.208810416667,-83.8955594524846,-8.60517676368387));
#10985=CARTESIAN_POINT('Ctrl Pts',(159.712577083333,-83.0800537185705,-8.67652427044174));
#10986=CARTESIAN_POINT('',(167.174620833333,-87.3144104138938,-8.30606606227586));
#10987=CARTESIAN_POINT('Ctrl Pts',(159.712577083333,-83.0800537185705,-8.67652427044174));
#10988=CARTESIAN_POINT('Ctrl Pts',(159.995945833333,-82.6409352464629,-8.71494215869598));
#10989=CARTESIAN_POINT('Ctrl Pts',(160.02743125,-82.6723008516135,-8.71219802382068));
#10990=CARTESIAN_POINT('Ctrl Pts',(167.174620833333,-87.3144104138938,-8.30606606227586));
#10991=CARTESIAN_POINT('',(176.872129166667,-96.1908766714974,-7.52947589256517));
#10992=CARTESIAN_POINT('Ctrl Pts',(167.174620833333,-87.3144104138939,-8.30606606227584));
#10993=CARTESIAN_POINT('Ctrl Pts',(169.976822916667,-89.1649811177759,-8.14416210463298));
#10994=CARTESIAN_POINT('Ctrl Pts',(173.377247916667,-92.2701760276797,-7.872492751978));
#10995=CARTESIAN_POINT('Ctrl Pts',(176.872129166667,-96.1908766714974,-7.52947589256516));
#10996=CARTESIAN_POINT('',(189.87560625,-106.384698345424,-6.63763205809175));
#10997=CARTESIAN_POINT('Ctrl Pts',(176.872129166667,-96.1908766714974,-7.52947589256517));
#10998=CARTESIAN_POINT('Ctrl Pts',(181.248602083333,-101.115276680133,-7.09864671714263));
#10999=CARTESIAN_POINT('Ctrl Pts',(184.932395833333,-104.000912353983,-6.84618630861476));
#11000=CARTESIAN_POINT('Ctrl Pts',(189.87560625,-106.384698345424,-6.63763205809175));
#11001=CARTESIAN_POINT('',(225.139272916667,-107.670688156596,-6.52512252820434));
#11002=CARTESIAN_POINT('Ctrl Pts',(189.87560625,-106.384698345424,-6.63763205809175));
#11003=CARTESIAN_POINT('Ctrl Pts',(200.36025,-111.465926379812,-6.1930822082927));
#11004=CARTESIAN_POINT('Ctrl Pts',(212.419164583333,-111.905044851919,-6.15466432003845));
#11005=CARTESIAN_POINT('Ctrl Pts',(225.139272916667,-107.670688156596,-6.52512252820434));
#11006=CARTESIAN_POINT('',(243.022989583333,-97.037748010562,-7.45538425093199));
#11007=CARTESIAN_POINT('Ctrl Pts',(225.139272916667,-107.670688156596,-6.52512252820434));
#11008=CARTESIAN_POINT('Ctrl Pts',(232.538345833333,-105.192805349703,-6.74190918335326));
#11009=CARTESIAN_POINT('Ctrl Pts',(238.23720625,-101.805319993445,-7.03827574988597));
#11010=CARTESIAN_POINT('Ctrl Pts',(243.022989583333,-97.037748010562,-7.45538425093199));
#11011=CARTESIAN_POINT('',(249.4775,-86.687098310883,-8.36094875978192));
#11012=CARTESIAN_POINT('Ctrl Pts',(243.022989583333,-97.037748010562,-7.45538425093199));
#11013=CARTESIAN_POINT('Ctrl Pts',(246.675297916667,-93.336606602798,-7.77919216621772));
#11014=CARTESIAN_POINT('Ctrl Pts',(248.501452083333,-90.4196053237975,-8.03439670962089));
#11015=CARTESIAN_POINT('Ctrl Pts',(249.4775,-86.687098310883,-8.36094875978192));
#11016=CARTESIAN_POINT('',(249.446014583333,-78.5006753665913,-9.07716796223595));
#11017=CARTESIAN_POINT('Ctrl Pts',(249.4775,-86.687098310883,-8.36094875978192));
#11018=CARTESIAN_POINT('Ctrl Pts',(250.264635416667,-83.5505377958287,-8.6353622473122));
#11019=CARTESIAN_POINT('Ctrl Pts',(250.264635416667,-81.6686014867961,-8.80001033983037));
#11020=CARTESIAN_POINT('Ctrl Pts',(249.446014583333,-78.5006753665913,-9.07716796223595));
#11021=CARTESIAN_POINT('',(248.62739375,-75.3013836412359,-9.35706971951684));
#11022=CARTESIAN_POINT('Ctrl Pts',(249.446014583333,-78.5006753665913,-9.07716796223595));
#11023=CARTESIAN_POINT('Ctrl Pts',(249.099675,-77.1205887399674,-9.19790989674928));
#11024=CARTESIAN_POINT('Ctrl Pts',(248.72185,-75.6777709030424,-9.32414010101321));
#11025=CARTESIAN_POINT('Ctrl Pts',(248.62739375,-75.3013836412359,-9.35706971951684));
#11026=CARTESIAN_POINT('',(249.823839583333,-72.415747967386,-9.6095301280447));
#11027=CARTESIAN_POINT('Ctrl Pts',(248.62739375,-75.3013836412359,-9.35706971951684));
#11028=CARTESIAN_POINT('Ctrl Pts',(248.5329375,-74.8308995639778,-9.39823174264639));
#11029=CARTESIAN_POINT('Ctrl Pts',(248.879277083333,-73.921297014612,-9.47781165403017));
#11030=CARTESIAN_POINT('Ctrl Pts',(249.823839583333,-72.415747967386,-9.6095301280447));
#11031=CARTESIAN_POINT('',(251.303654166667,-70.1887900016974,-9.8043637041912));
#11032=CARTESIAN_POINT('Ctrl Pts',(249.823839583333,-72.415747967386,-9.6095301280447));
#11033=CARTESIAN_POINT('Ctrl Pts',(250.579489583333,-71.1924893665148,-9.71655138818151));
#11034=CARTESIAN_POINT('Ctrl Pts',(251.240683333333,-70.220155606848,-9.8016195693159));
#11035=CARTESIAN_POINT('Ctrl Pts',(251.303654166667,-70.1887900016974,-9.8043637041912));
#11036=CARTESIAN_POINT('',(252.626041666667,-72.7921352291925,-9.57660050954107));
#11037=CARTESIAN_POINT('Ctrl Pts',(251.303654166667,-70.1887900016974,-9.8043637041912));
#11038=CARTESIAN_POINT('Ctrl Pts',(251.366625,-70.1887900016974,-9.8043637041912));
#11039=CARTESIAN_POINT('Ctrl Pts',(251.964847916667,-71.3493173922675,-9.702830713805));
#11040=CARTESIAN_POINT('Ctrl Pts',(252.626041666667,-72.7921352291925,-9.57660050954107));
#11041=CARTESIAN_POINT('',(255.869039583333,-88.6631314353672,-8.18806826263784));
#11042=CARTESIAN_POINT('Ctrl Pts',(252.626041666667,-72.7921352291925,-9.57660050954107));
#11043=CARTESIAN_POINT('Ctrl Pts',(255.207845833333,-78.2497505253869,-9.09912104123838));
#11044=CARTESIAN_POINT('Ctrl Pts',(256.4672625,-84.4601403451944,-8.55578233592842));
#11045=CARTESIAN_POINT('Ctrl Pts',(255.869039583333,-88.6631314353672,-8.18806826263784));
#11046=CARTESIAN_POINT('',(248.218083333333,-103.122675409767,-6.92302208512324));
#11047=CARTESIAN_POINT('Ctrl Pts',(255.869039583333,-88.6631314353672,-8.18806826263784));
#11048=CARTESIAN_POINT('Ctrl Pts',(255.05041875,-94.2148435470132,-7.70235638970925));
#11049=CARTESIAN_POINT('Ctrl Pts',(252.751983333333,-98.5746626629387,-7.32092164204215));
#11050=CARTESIAN_POINT('Ctrl Pts',(248.218083333333,-103.122675409767,-6.92302208512324));
#11051=CARTESIAN_POINT('',(211.537572916667,-118.711381169587,-5.55918705209774));
#11052=CARTESIAN_POINT('Ctrl Pts',(248.218083333333,-103.122675409767,-6.92302208512324));
#11053=CARTESIAN_POINT('Ctrl Pts',(238.363147916667,-113.002841032188,-6.05861959940286));
#11054=CARTESIAN_POINT('Ctrl Pts',(226.272747916667,-118.146800276877,-5.60858147985319));
#11055=CARTESIAN_POINT('Ctrl Pts',(211.537572916667,-118.711381169587,-5.55918705209774));
#11056=CARTESIAN_POINT('',(195.857835416667,-117.237197727512,-5.68816139123697));
#11057=CARTESIAN_POINT('Ctrl Pts',(211.537572916667,-118.711381169587,-5.55918705209774));
#11058=CARTESIAN_POINT('Ctrl Pts',(205.964654166667,-118.930940405641,-5.53997810797062));
#11059=CARTESIAN_POINT('Ctrl Pts',(201.525210416667,-118.491821933533,-5.57839599622486));
#11060=CARTESIAN_POINT('Ctrl Pts',(195.857835416667,-117.237197727512,-5.68816139123697));
#11061=CARTESIAN_POINT('',(191.29245,-116.515788809049,-5.75127649336894));
#11062=CARTESIAN_POINT('Ctrl Pts',(195.857835416667,-117.237197727512,-5.68816139123697));
#11063=CARTESIAN_POINT('Ctrl Pts',(193.622370833333,-116.735348045103,-5.73206754924182));
#11064=CARTESIAN_POINT('Ctrl Pts',(191.57581875,-116.421691993598,-5.75950889799485));
#11065=CARTESIAN_POINT('Ctrl Pts',(191.29245,-116.515788809049,-5.75127649336894));
#11066=CARTESIAN_POINT('',(190.221945833333,-122.600716208254,-5.2189143275602));
#11067=CARTESIAN_POINT('Ctrl Pts',(191.29245,-116.515788809049,-5.75127649336894));
#11068=CARTESIAN_POINT('Ctrl Pts',(189.11995625,-117.268563332662,-5.68541725636168));
#11069=CARTESIAN_POINT('Ctrl Pts',(188.647675,-120.091467796211,-5.43844511758442));
#11070=CARTESIAN_POINT('Ctrl Pts',(190.221945833333,-122.600716208254,-5.2189143275602));
#11071=CARTESIAN_POINT('',(191.856525725044,-124.817493777099,-5.02497142072778));
#11072=CARTESIAN_POINT('Ctrl Pts',(190.221945833333,-122.600716208254,-5.21891432756019));
#11073=CARTESIAN_POINT('Ctrl Pts',(190.6101685812,-123.197649392175,-5.16668944108472));
#11074=CARTESIAN_POINT('Ctrl Pts',(191.186156459168,-123.972618715136,-5.09888841074529));
#11075=CARTESIAN_POINT('Ctrl Pts',(191.856525725044,-124.817493777099,-5.02497142072775));
#11076=CARTESIAN_POINT('',(199.000612077082,-124.817493777099,-5.02497142072773));
#11077=CARTESIAN_POINT('',(213.03125,-124.817493777099,-5.02497142072773));
#11078=CARTESIAN_POINT('',(197.683989583333,-123.447587547319,-5.14482268592702));
#11079=CARTESIAN_POINT('',(175.824157053079,-100.703087200936,-7.13470862379695));
#11080=CARTESIAN_POINT('',(198.94340625,-123.667146783373,-5.1256137417999));
#11081=CARTESIAN_POINT('',(169.801026618275,-118.586637069565,-5.57010074669135));
#11082=CARTESIAN_POINT('',(208.8613125,-124.451286912137,-5.05701036991733));
#11083=CARTESIAN_POINT('Ctrl Pts',(198.94340625,-123.667146783373,-5.1256137417999));
#11084=CARTESIAN_POINT('Ctrl Pts',(202.406802083333,-124.294458886384,-5.07073104429384));
#11085=CARTESIAN_POINT('Ctrl Pts',(204.390383333333,-124.451286912137,-5.05701036991733));
#11086=CARTESIAN_POINT('Ctrl Pts',(208.8613125,-124.451286912137,-5.05701036991733));
#11087=CARTESIAN_POINT('',(246.54935625,-112.093238482823,-6.13819951078664));
#11088=CARTESIAN_POINT('Ctrl Pts',(208.8613125,-124.451286912137,-5.05701036991733));
#11089=CARTESIAN_POINT('Ctrl Pts',(222.777866666667,-124.451286912137,-5.05701036991733));
#11090=CARTESIAN_POINT('Ctrl Pts',(236.53699375,-119.934639770458,-5.45216579196094));
#11091=CARTESIAN_POINT('Ctrl Pts',(246.54935625,-112.093238482823,-6.13819951078664));
#11092=CARTESIAN_POINT('',(248.375510416667,-110.650420645898,-6.26442971505057));
#11093=CARTESIAN_POINT('',(223.746929208653,-130.109104317682,-4.56201548663242));
#11094=CARTESIAN_POINT('',(248.469966666667,-111.716851221016,-6.17112912929027));
#11095=CARTESIAN_POINT('',(246.690797498451,-91.6296637739883,-7.92853031302541));
#11096=CARTESIAN_POINT('',(248.06065625,-114.916142946371,-5.89122737200939));
#11097=CARTESIAN_POINT('Ctrl Pts',(248.469966666667,-111.716851221016,-6.17112912929027));
#11098=CARTESIAN_POINT('Ctrl Pts',(248.5329375,-112.281432113726,-6.12173470153482));
#11099=CARTESIAN_POINT('Ctrl Pts',(248.344025,-113.724249950651,-5.99550449727089));
#11100=CARTESIAN_POINT('Ctrl Pts',(248.06065625,-114.916142946371,-5.89122737200939));
#11101=CARTESIAN_POINT('',(242.355474490505,-124.817493777099,-5.02497142072773));
#11102=CARTESIAN_POINT('Ctrl Pts',(248.06065625,-114.916142946371,-5.89122737200939));
#11103=CARTESIAN_POINT('Ctrl Pts',(247.255457907491,-118.399697706295,-5.58645582174428));
#11104=CARTESIAN_POINT('Ctrl Pts',(245.206341054494,-121.8999982098,-5.28021920875352));
#11105=CARTESIAN_POINT('Ctrl Pts',(242.355474490505,-124.817493777099,-5.02497142072777));
#11106=CARTESIAN_POINT('',(249.676037137682,-124.817493777099,-5.02497142072778));
#11107=CARTESIAN_POINT('',(247.285812788324,-124.817493777099,-5.02497142072778));
#11108=CARTESIAN_POINT('',(251.996333333333,-120.844242319824,-5.37258588057715));
#11109=CARTESIAN_POINT('Ctrl Pts',(249.676037137682,-124.817493777099,-5.02497142072778));
#11110=CARTESIAN_POINT('Ctrl Pts',(250.516739562366,-123.597602815885,-5.13169805057167));
#11111=CARTESIAN_POINT('Ctrl Pts',(251.282699174927,-122.280157045133,-5.24695962032272));
#11112=CARTESIAN_POINT('Ctrl Pts',(251.996333333333,-120.844242319824,-5.37258588057715));
#11113=CARTESIAN_POINT('',(253.72803125,-108.329365864757,-6.46749569582298));
#11114=CARTESIAN_POINT('Ctrl Pts',(251.996333333333,-120.844242319824,-5.37258588057715));
#11115=CARTESIAN_POINT('Ctrl Pts',(254.231797916667,-116.327595178146,-5.76774130262076));
#11116=CARTESIAN_POINT('Ctrl Pts',(254.641108333333,-113.347862688844,-6.02843411577453));
#11117=CARTESIAN_POINT('Ctrl Pts',(253.72803125,-108.329365864757,-6.46749569582298));
#11118=CARTESIAN_POINT('',(253.287235416667,-105.820117452714,-6.6870264858472));
#11119=CARTESIAN_POINT('',(249.836947950016,-86.1792141317443,-8.40538286784068));
#11120=CARTESIAN_POINT('',(254.452195833333,-104.565493246692,-6.79679188085931));
#11121=CARTESIAN_POINT('',(235.09772162598,-125.40962793828,-4.97316639433793));
#11122=CARTESIAN_POINT('Ctrl Pts',(254.452195833333,-104.565493246692,-6.7967918808593));
#11123=CARTESIAN_POINT('Ctrl Pts',(255.081904166667,-103.84408432823,-6.85990698299127));
#11124=CARTESIAN_POINT('Ctrl Pts',(255.99498125,-102.777653753111,-6.95320756875156));
#11125=CARTESIAN_POINT('Ctrl Pts',(256.4672625,-102.181707255251,-7.00534613138232));
#11126=CARTESIAN_POINT('Ctrl Pts',(256.761126388889,-101.810896101027,-7.03778790368592));
#11127=CARTESIAN_POINT('Ctrl Pts',(257.054990277778,-101.440084946803,-7.07022967598952));
#11128=CARTESIAN_POINT('Ctrl Pts',(257.348854166667,-101.069273792579,-7.10267144829312));
#11129=CARTESIAN_POINT('Origin',(147.6375,-81.1675599361563,-8.84384579546677));
#11130=CARTESIAN_POINT('',(224.604020833333,-55.7606116324477,-11.0666657468305));
#11131=CARTESIAN_POINT('',(233.734791666667,-49.9579746795973,-11.5743306987615));
#11132=CARTESIAN_POINT('Ctrl Pts',(224.604020833333,-55.7606116324477,-11.0666657468305));
#11133=CARTESIAN_POINT('Ctrl Pts',(227.689591666667,-54.2236969800711,-11.2011283557203));
#11134=CARTESIAN_POINT('Ctrl Pts',(232.979141666667,-50.8362116238125,-11.497494922253));
#11135=CARTESIAN_POINT('Ctrl Pts',(233.734791666667,-49.9579746795973,-11.5743306987615));
#11136=CARTESIAN_POINT('',(235.655402083333,-51.7771797783288,-11.415170875994));
#11137=CARTESIAN_POINT('Ctrl Pts',(233.734791666667,-49.9579746795973,-11.5743306987615));
#11138=CARTESIAN_POINT('Ctrl Pts',(234.27004375,-49.2992969714359,-11.6319575311429));
#11139=CARTESIAN_POINT('Ctrl Pts',(234.742325,-49.7384154435435,-11.5935396428886));
#11140=CARTESIAN_POINT('Ctrl Pts',(235.655402083333,-51.7771797783288,-11.415170875994));
#11141=CARTESIAN_POINT('',(235.529460416667,-59.2735594093085,-10.7593226407966));
#11142=CARTESIAN_POINT('Ctrl Pts',(235.655402083333,-51.7771797783288,-11.415170875994));
#11143=CARTESIAN_POINT('Ctrl Pts',(236.72590625,-54.1609657697701,-11.2066166254709));
#11144=CARTESIAN_POINT('Ctrl Pts',(236.694420833333,-56.9525046281684,-10.962388621569));
#11145=CARTESIAN_POINT('Ctrl Pts',(235.529460416667,-59.2735594093085,-10.7593226407966));
#11146=CARTESIAN_POINT('',(217.204947916667,-71.6943390489235,-9.67264523017667));
#11147=CARTESIAN_POINT('Ctrl Pts',(235.529460416667,-59.2735594093085,-10.7593226407966));
#11148=CARTESIAN_POINT('Ctrl Pts',(233.388452083333,-63.633378525234,-10.3778878931295));
#11149=CARTESIAN_POINT('Ctrl Pts',(225.328185416667,-69.0909938214284,-9.9004084248268));
#11150=CARTESIAN_POINT('Ctrl Pts',(217.204947916667,-71.6943390489235,-9.67264523017667));
#11151=CARTESIAN_POINT('',(190.914625,-74.1408562506658,-9.45860270990305));
#11152=CARTESIAN_POINT('Ctrl Pts',(217.204947916667,-71.6943390489235,-9.67264523017667));
#11153=CARTESIAN_POINT('Ctrl Pts',(209.553991666667,-74.1722218558164,-9.45585857502774));
#11154=CARTESIAN_POINT('Ctrl Pts',(198.974891666667,-75.1445556154832,-9.37079039389336));
#11155=CARTESIAN_POINT('Ctrl Pts',(190.914625,-74.1408562506658,-9.45860270990305));
#11156=CARTESIAN_POINT('',(164.907670833333,-65.4212180188149,-10.2214722052372));
#11157=CARTESIAN_POINT('Ctrl Pts',(190.914625,-74.1408562506658,-9.45860270990305));
#11158=CARTESIAN_POINT('Ctrl Pts',(180.05215625,-72.7921352291925,-9.57660050954107));
#11159=CARTESIAN_POINT('Ctrl Pts',(171.960404166667,-70.0633275810953,-9.81534024369241));
#11160=CARTESIAN_POINT('Ctrl Pts',(164.907670833333,-65.4212180188149,-10.2214722052372));
#11161=CARTESIAN_POINT('',(161.381304166667,-60.2772587741259,-10.6715103247869));
#11162=CARTESIAN_POINT('Ctrl Pts',(164.907670833333,-65.4212180188149,-10.2214722052372));
#11163=CARTESIAN_POINT('Ctrl Pts',(161.664672916667,-63.288356868578,-10.4080733767578));
#11164=CARTESIAN_POINT('Ctrl Pts',(161.223877083333,-62.6610447655672,-10.4629560742639));
#11165=CARTESIAN_POINT('Ctrl Pts',(161.381304166667,-60.2772587741259,-10.6715103247869));
#11166=CARTESIAN_POINT('',(162.262895833333,-58.7717097268999,-10.8032287988014));
#11167=CARTESIAN_POINT('Ctrl Pts',(161.381304166667,-60.2772587741259,-10.6715103247869));
#11168=CARTESIAN_POINT('Ctrl Pts',(161.475760416667,-58.8658065423515,-10.7949963941755));
#11169=CARTESIAN_POINT('Ctrl Pts',(161.53873125,-58.7403441217493,-10.8059729336767));
#11170=CARTESIAN_POINT('Ctrl Pts',(162.262895833333,-58.7717097268999,-10.8032287988014));
#11171=CARTESIAN_POINT('',(166.670854166667,-60.0890651432226,-10.6879751340387));
#11172=CARTESIAN_POINT('Ctrl Pts',(162.262895833333,-58.7717097268999,-10.8032287988014));
#11173=CARTESIAN_POINT('Ctrl Pts',(162.703691666667,-58.8030753320504,-10.8004846639261));
#11174=CARTESIAN_POINT('Ctrl Pts',(164.687272916667,-59.3990218299107,-10.7483461012954));
#11175=CARTESIAN_POINT('Ctrl Pts',(166.670854166667,-60.0890651432226,-10.6879751340387));
#11176=CARTESIAN_POINT('',(192.268497916667,-63.5079161046318,-10.3888644326307));
#11177=CARTESIAN_POINT('Ctrl Pts',(166.670854166667,-60.0890651432226,-10.6879751340387));
#11178=CARTESIAN_POINT('Ctrl Pts',(174.353295833333,-62.7551415810188,-10.454723669638));
#11179=CARTESIAN_POINT('Ctrl Pts',(181.846825,-63.7588409458362,-10.3669113536283));
#11180=CARTESIAN_POINT('Ctrl Pts',(192.268497916667,-63.5079161046318,-10.3888644326307));
#11181=CARTESIAN_POINT('Ctrl Pts',(192.268497916667,-63.5079161046318,-10.3888644326307));
#11182=CARTESIAN_POINT('Ctrl Pts',(204.736722916667,-63.2256256582769,-10.4135616465084));
#11183=CARTESIAN_POINT('Ctrl Pts',(214.213833333333,-60.9359364822873,-10.6138834924055));
#11184=CARTESIAN_POINT('Ctrl Pts',(224.604020833333,-55.7606116324477,-11.0666657468305));
#11185=CARTESIAN_POINT('Origin',(147.6375,-81.1675599361563,-8.84384579546677));
#11186=CARTESIAN_POINT('',(241.133864583333,-41.0501428168431,-12.3536650033475));
#11187=CARTESIAN_POINT('',(242.58219375,-42.5870574692198,-12.2192023944577));
#11188=CARTESIAN_POINT('',(229.28216635805,-28.4735482986878,-13.4539744494484));
#11189=CARTESIAN_POINT('',(245.352910416667,-46.5077581130376,-11.8761855350448));
#11190=CARTESIAN_POINT('Ctrl Pts',(242.58219375,-42.5870574692198,-12.2192023944577));
#11191=CARTESIAN_POINT('Ctrl Pts',(243.369329166667,-43.4339288082844,-12.1451107528245));
#11192=CARTESIAN_POINT('Ctrl Pts',(244.628745833333,-45.2217683018654,-11.9886950649322));
#11193=CARTESIAN_POINT('Ctrl Pts',(245.352910416667,-46.5077581130376,-11.8761855350448));
#11194=CARTESIAN_POINT('',(247.68283125,-51.6203517525761,-11.4288915503705));
#11195=CARTESIAN_POINT('Ctrl Pts',(245.352910416667,-46.5077581130376,-11.8761855350448));
#11196=CARTESIAN_POINT('Ctrl Pts',(246.108560416667,-47.8251135293604,-11.7609318702821));
#11197=CARTESIAN_POINT('Ctrl Pts',(247.147579166667,-50.11480270535,-11.560610024385));
#11198=CARTESIAN_POINT('Ctrl Pts',(247.68283125,-51.6203517525761,-11.4288915503705));
#11199=CARTESIAN_POINT('',(248.658879166667,-57.799375967233,-10.8882969799358));
#11200=CARTESIAN_POINT('Ctrl Pts',(247.68283125,-51.6203517525761,-11.4288915503705));
#11201=CARTESIAN_POINT('Ctrl Pts',(248.5329375,-54.0355033491679,-11.2175931649722));
#11202=CARTESIAN_POINT('Ctrl Pts',(248.658879166667,-54.7569122676304,-11.1544780628402));
#11203=CARTESIAN_POINT('Ctrl Pts',(248.658879166667,-57.799375967233,-10.8882969799358));
#11204=CARTESIAN_POINT('',(240.819010416667,-74.3917810918702,-9.43664963090063));
#11205=CARTESIAN_POINT('Ctrl Pts',(248.658879166667,-57.799375967233,-10.8882969799358));
#11206=CARTESIAN_POINT('Ctrl Pts',(248.690364583333,-63.9470345767394,-10.3504465443765));
#11207=CARTESIAN_POINT('Ctrl Pts',(246.328958333333,-68.9341657956757,-9.91412909920331));
#11208=CARTESIAN_POINT('Ctrl Pts',(240.819010416667,-74.3917810918702,-9.43664963090063));
#11209=CARTESIAN_POINT('',(217.204947916667,-86.8125607314851,-8.34997222028071));
#11210=CARTESIAN_POINT('Ctrl Pts',(240.819010416667,-74.3917810918702,-9.43664963090063));
#11211=CARTESIAN_POINT('Ctrl Pts',(234.616383333333,-80.508074096226,-8.90154333021658));
#11212=CARTESIAN_POINT('Ctrl Pts',(227.09136875,-84.4601403451944,-8.55578233592842));
#11213=CARTESIAN_POINT('Ctrl Pts',(217.204947916667,-86.8125607314851,-8.34997222028071));
#11214=CARTESIAN_POINT('',(171.236239583333,-83.3623441649254,-8.65182705656402));
#11215=CARTESIAN_POINT('Ctrl Pts',(217.204947916667,-86.8125607314851,-8.34997222028071));
#11216=CARTESIAN_POINT('Ctrl Pts',(200.202822916667,-90.8273581907546,-7.99872295624195));
#11217=CARTESIAN_POINT('Ctrl Pts',(183.45258125,-89.5727339847329,-8.10848835125406));
#11218=CARTESIAN_POINT('Ctrl Pts',(171.236239583333,-83.3623441649254,-8.65182705656402));
#11219=CARTESIAN_POINT('',(162.199925,-77.4028791863223,-9.17321268287155));
#11220=CARTESIAN_POINT('Ctrl Pts',(171.236239583333,-83.3623441649254,-8.65182705656402));
#11221=CARTESIAN_POINT('Ctrl Pts',(168.4340375,-81.9195263280004,-8.77805726082795));
#11222=CARTESIAN_POINT('Ctrl Pts',(163.963108333333,-78.9711594438494,-9.03600593910641));
#11223=CARTESIAN_POINT('Ctrl Pts',(162.199925,-77.4028791863223,-9.17321268287155));
#11224=CARTESIAN_POINT('',(160.97199375,-76.3050830060533,-9.26925740350715));
#11225=CARTESIAN_POINT('',(159.106146802354,-74.636976870557,-9.41519777992108));
#11226=CARTESIAN_POINT('',(161.475760416667,-69.2791874523317,-9.88394361557498));
#11227=CARTESIAN_POINT('',(160.764711503862,-79.1959916506142,-9.01633566981894));
#11228=CARTESIAN_POINT('',(164.152020833333,-71.0042957356116,-9.73301619743333));
#11229=CARTESIAN_POINT('',(159.320102334834,-67.8896576480831,-10.0055117210781));
#11230=CARTESIAN_POINT('',(187.136375,-79.1907186799032,-9.01679699497929));
#11231=CARTESIAN_POINT('Ctrl Pts',(164.152020833333,-71.0042957356116,-9.73301619743333));
#11232=CARTESIAN_POINT('Ctrl Pts',(170.732472916667,-75.3013836412359,-9.35706971951684));
#11233=CARTESIAN_POINT('Ctrl Pts',(177.533322916667,-77.7165352378277,-9.14577133411852));
#11234=CARTESIAN_POINT('Ctrl Pts',(187.136375,-79.1907186799032,-9.01679699497929));
#11235=CARTESIAN_POINT('',(208.074177083333,-79.1593530747527,-9.01954112985459));
#11236=CARTESIAN_POINT('Ctrl Pts',(187.136375,-79.1907186799032,-9.01679699497929));
#11237=CARTESIAN_POINT('Ctrl Pts',(192.0481,-79.9434932035163,-8.95093775797202));
#11238=CARTESIAN_POINT('Ctrl Pts',(202.375316666667,-79.9121275983657,-8.95368189284733));
#11239=CARTESIAN_POINT('Ctrl Pts',(208.074177083333,-79.1593530747527,-9.01954112985459));
#11240=CARTESIAN_POINT('',(236.72590625,-66.581745409385,-10.119939214851));
#11241=CARTESIAN_POINT('Ctrl Pts',(208.074177083333,-79.1593530747527,-9.01954112985459));
#11242=CARTESIAN_POINT('Ctrl Pts',(219.944179166667,-77.559707212075,-9.15949200849504));
#11243=CARTESIAN_POINT('Ctrl Pts',(230.176939583333,-73.0430600703968,-9.55464743053864));
#11244=CARTESIAN_POINT('Ctrl Pts',(236.72590625,-66.581745409385,-10.119939214851));
#11245=CARTESIAN_POINT('',(241.763572916667,-58.0503008084374,-10.8663439009334));
#11246=CARTESIAN_POINT('Ctrl Pts',(236.72590625,-66.581745409385,-10.119939214851));
#11247=CARTESIAN_POINT('Ctrl Pts',(239.622564583333,-63.6961097355351,-10.3723996233789));
#11248=CARTESIAN_POINT('Ctrl Pts',(241.102379166667,-61.2182269286422,-10.5891862785278));
#11249=CARTESIAN_POINT('Ctrl Pts',(241.763572916667,-58.0503008084374,-10.8663439009334));
#11250=CARTESIAN_POINT('',(241.7320875,-52.7181479328451,-11.3328468297349));
#11251=CARTESIAN_POINT('Ctrl Pts',(241.763572916667,-58.0503008084374,-10.8663439009334));
#11252=CARTESIAN_POINT('Ctrl Pts',(242.141397916667,-56.2624613148564,-11.0227595888257));
#11253=CARTESIAN_POINT('Ctrl Pts',(242.141397916667,-55.5096867912434,-11.0886188258329));
#11254=CARTESIAN_POINT('Ctrl Pts',(241.7320875,-52.7181479328451,-11.3328468297349));
#11255=CARTESIAN_POINT('',(239.307710416667,-46.1000052460805,-11.9118592884238));
#11256=CARTESIAN_POINT('Ctrl Pts',(241.7320875,-52.7181479328451,-11.3328468297349));
#11257=CARTESIAN_POINT('Ctrl Pts',(241.291291666667,-49.4561249971886,-11.6182368567664));
#11258=CARTESIAN_POINT('Ctrl Pts',(240.756039583333,-48.0446727654142,-11.741722926155));
#11259=CARTESIAN_POINT('Ctrl Pts',(239.307710416667,-46.1000052460805,-11.9118592884238));
#11260=CARTESIAN_POINT('',(238.520575,-45.0649402761126,-12.0024157393088));
#11261=CARTESIAN_POINT('',(231.065983989453,-35.2623245417953,-12.8600334889623));
#11262=CARTESIAN_POINT('',(239.8429625,-43.0575415464779,-12.1780403713281));
#11263=CARTESIAN_POINT('',(216.529766326291,-78.4472290494441,-9.08184390909351));
#11264=CARTESIAN_POINT('',(217.73978982384,-77.428762511939,-9.1709481853057));
#11265=CARTESIAN_POINT('Origin',(147.6375,-81.1675599361563,-8.84384579546677));
#11266=CARTESIAN_POINT('',(57.5109145833333,-51.2753300959201,-11.4590770339988));
#11267=CARTESIAN_POINT('',(58.58141875,-49.4874906023392,-11.6154927218911));
#11268=CARTESIAN_POINT('Ctrl Pts',(57.5109145833333,-51.2753300959201,-11.4590770339988));
#11269=CARTESIAN_POINT('Ctrl Pts',(58.01468125,-50.3029963362533,-11.5441452151332));
#11270=CARTESIAN_POINT('Ctrl Pts',(58.4869625,-49.4874906023392,-11.6154927218911));
#11271=CARTESIAN_POINT('Ctrl Pts',(58.58141875,-49.4874906023392,-11.6154927218911));
#11272=CARTESIAN_POINT('',(60.84836875,-51.0244052547158,-11.4810301130012));
#11273=CARTESIAN_POINT('Ctrl Pts',(58.58141875,-49.4874906023392,-11.6154927218911));
#11274=CARTESIAN_POINT('Ctrl Pts',(58.675875,-49.4874906023392,-11.6154927218911));
#11275=CARTESIAN_POINT('Ctrl Pts',(59.6834083333333,-50.1775339156511,-11.5551217546344));
#11276=CARTESIAN_POINT('Ctrl Pts',(60.84836875,-51.0244052547158,-11.4810301130012));
#11277=CARTESIAN_POINT('',(89.37415625,-62.5669479501155,-10.4711884788898));
#11278=CARTESIAN_POINT('Ctrl Pts',(60.84836875,-51.0244052547158,-11.4810301130012));
#11279=CARTESIAN_POINT('Ctrl Pts',(68.5622958333333,-56.701579786964,-10.9843417005714));
#11280=CARTESIAN_POINT('Ctrl Pts',(77.8819791666667,-60.4654524050292,-10.6550455155351));
#11281=CARTESIAN_POINT('Ctrl Pts',(89.37415625,-62.5669479501155,-10.4711884788898));
#11282=CARTESIAN_POINT('',(100.488508333333,-63.5079161046318,-10.3888644326307));
#11283=CARTESIAN_POINT('Ctrl Pts',(89.37415625,-62.5669479501155,-10.4711884788898));
#11284=CARTESIAN_POINT('Ctrl Pts',(92.8690375,-63.1942600531264,-10.4163057813837));
#11285=CARTESIAN_POINT('Ctrl Pts',(95.1674729166667,-63.3824536840296,-10.3998409721319));
#11286=CARTESIAN_POINT('Ctrl Pts',(100.488508333333,-63.5079161046318,-10.3888644326307));
#11287=CARTESIAN_POINT('',(127.219627083333,-59.9322371174699,-10.7016958084152));
#11288=CARTESIAN_POINT('Ctrl Pts',(100.488508333333,-63.5079161046318,-10.3888644326307));
#11289=CARTESIAN_POINT('Ctrl Pts',(110.91018125,-63.7588409458362,-10.3669113536283));
#11290=CARTESIAN_POINT('Ctrl Pts',(118.498166666667,-62.7551415810188,-10.454723669638));
#11291=CARTESIAN_POINT('Ctrl Pts',(127.219627083333,-59.9322371174699,-10.7016958084152));
#11292=CARTESIAN_POINT('',(130.93490625,-60.8104740616851,-10.6248600319067));
#11293=CARTESIAN_POINT('Ctrl Pts',(127.219627083333,-59.9322371174699,-10.7016958084152));
#11294=CARTESIAN_POINT('Ctrl Pts',(130.0848,-59.0226345681042,-10.781275719799));
#11295=CARTESIAN_POINT('Ctrl Pts',(130.55708125,-59.1167313835558,-10.7730433151731));
#11296=CARTESIAN_POINT('Ctrl Pts',(130.93490625,-60.8104740616851,-10.6248600319067));
#11297=CARTESIAN_POINT('',(127.565966666667,-64.9507339415568,-10.2626342283668));
#11298=CARTESIAN_POINT('Ctrl Pts',(130.93490625,-60.8104740616851,-10.6248600319067));
#11299=CARTESIAN_POINT('Ctrl Pts',(131.249760416667,-62.1591950831585,-10.5068622322687));
#11300=CARTESIAN_POINT('Ctrl Pts',(130.588566666667,-62.9747008170726,-10.4355147255108));
#11301=CARTESIAN_POINT('Ctrl Pts',(127.565966666667,-64.9507339415568,-10.2626342283668));
#11302=CARTESIAN_POINT('',(100.236625,-74.2976842764186,-9.44488203552653));
#11303=CARTESIAN_POINT('Ctrl Pts',(127.565966666667,-64.9507339415568,-10.2626342283668));
#11304=CARTESIAN_POINT('Ctrl Pts',(120.0724375,-69.9378651604931,-9.82631678319361));
#11305=CARTESIAN_POINT('Ctrl Pts',(110.815725,-73.1057912806979,-9.54915916078802));
#11306=CARTESIAN_POINT('Ctrl Pts',(100.236625,-74.2976842764186,-9.44488203552651));
#11307=CARTESIAN_POINT('',(77.4096979166667,-72.07072631073,-9.63971561167303));
#11308=CARTESIAN_POINT('Ctrl Pts',(100.236625,-74.2976842764186,-9.44488203552653));
#11309=CARTESIAN_POINT('Ctrl Pts',(94.0339979166667,-74.9877275897305,-9.38451106826987));
#11310=CARTESIAN_POINT('Ctrl Pts',(85.1865958333333,-74.1408562506658,-9.45860270990305));
#11311=CARTESIAN_POINT('Ctrl Pts',(77.4096979166667,-72.07072631073,-9.63971561167303));
#11312=CARTESIAN_POINT('',(57.3220020833333,-59.2735594093085,-10.7593226407966));
#11313=CARTESIAN_POINT('Ctrl Pts',(77.4096979166667,-72.07072631073,-9.63971561167303));
#11314=CARTESIAN_POINT('Ctrl Pts',(67.7121895833333,-69.4987466883855,-9.86473467144786));
#11315=CARTESIAN_POINT('Ctrl Pts',(59.7463791666667,-64.4488842591481,-10.3065403863716));
#11316=CARTESIAN_POINT('Ctrl Pts',(57.3220020833333,-59.2735594093085,-10.7593226407966));
#11317=CARTESIAN_POINT('Origin',(137.0257605186,-50.3674007423657,-11.5385105597168));
#11318=CARTESIAN_POINT('Origin',(147.6375,-81.1675599361563,-8.84384579546677));
#11319=CARTESIAN_POINT('',(50.3007541666667,-42.2106702074132,-12.2521320129613));
#11320=CARTESIAN_POINT('',(51.4972,-41.0187772116926,-12.3564091382228));
#11321=CARTESIAN_POINT('Ctrl Pts',(50.3007541666667,-42.2106702074132,-12.2521320129613));
#11322=CARTESIAN_POINT('Ctrl Pts',(50.83600625,-41.5519924992518,-12.3097588453427));
#11323=CARTESIAN_POINT('Ctrl Pts',(51.3712583333333,-41.0187772116926,-12.3564091382228));
#11324=CARTESIAN_POINT('Ctrl Pts',(51.4972,-41.0187772116926,-12.3564091382228));
#11325=CARTESIAN_POINT('',(52.25285,-42.02247657651,-12.2685968222131));
#11326=CARTESIAN_POINT('Ctrl Pts',(51.4972,-41.0187772116926,-12.3564091382228));
#11327=CARTESIAN_POINT('Ctrl Pts',(51.6231416666667,-41.0187772116926,-12.3564091382228));
#11328=CARTESIAN_POINT('Ctrl Pts',(51.96948125,-41.4892612889508,-12.3152471150933));
#11329=CARTESIAN_POINT('Ctrl Pts',(52.25285,-42.02247657651,-12.2685968222131));
#11330=CARTESIAN_POINT('',(53.5437520833334,-44.0298753061447,-12.0929721901938));
#11331=CARTESIAN_POINT('Ctrl Pts',(52.25285,-42.02247657651,-12.2685968222131));
#11332=CARTESIAN_POINT('Ctrl Pts',(52.53621875,-42.5870574692198,-12.2192023944577));
#11333=CARTESIAN_POINT('Ctrl Pts',(53.1344416666667,-43.4966600185855,-12.1396224830739));
#11334=CARTESIAN_POINT('Ctrl Pts',(53.5437520833333,-44.0298753061447,-12.0929721901938));
#11335=CARTESIAN_POINT('',(54.2994020833333,-45.0335746709621,-12.0051598741841));
#11336=CARTESIAN_POINT('',(79.4277174008211,-78.4105006593079,-9.08505722685998));
#11337=CARTESIAN_POINT('',(53.3233541666667,-46.5391237181881,-11.8734414001695));
#11338=CARTESIAN_POINT('',(59.7703300166398,-36.5946955987527,-12.7434661258685));
#11339=CARTESIAN_POINT('',(51.2453166666667,-57.6425479414803,-10.9020176543123));
#11340=CARTESIAN_POINT('Ctrl Pts',(53.3233541666667,-46.5391237181881,-11.8734414001695));
#11341=CARTESIAN_POINT('Ctrl Pts',(51.0878895833333,-50.0834371001995,-11.5633541592603));
#11342=CARTESIAN_POINT('Ctrl Pts',(50.45818125,-53.4395568513075,-11.2697317276029));
#11343=CARTESIAN_POINT('Ctrl Pts',(51.2453166666667,-57.6425479414803,-10.9020176543123));
#11344=CARTESIAN_POINT('',(55.5903041666667,-66.2680893578796,-10.1473805636041));
#11345=CARTESIAN_POINT('Ctrl Pts',(51.2453166666667,-57.6425479414803,-10.9020176543123));
#11346=CARTESIAN_POINT('Ctrl Pts',(51.9065104166667,-61.09276450804,-10.600162818029));
#11347=CARTESIAN_POINT('Ctrl Pts',(53.2288979166667,-63.7902065509867,-10.364167218753));
#11348=CARTESIAN_POINT('Ctrl Pts',(55.5903041666667,-66.2680893578796,-10.1473805636041));
#11349=CARTESIAN_POINT('',(84.9661979166667,-79.0966218644516,-9.0250293996052));
#11350=CARTESIAN_POINT('Ctrl Pts',(55.5903041666667,-66.2680893578796,-10.1473805636041));
#11351=CARTESIAN_POINT('Ctrl Pts',(61.79293125,-72.8862320446441,-9.56836810491516));
#11352=CARTESIAN_POINT('Ctrl Pts',(72.6239145833333,-77.6224384223761,-9.15400373874444));
#11353=CARTESIAN_POINT('Ctrl Pts',(84.9661979166667,-79.0966218644516,-9.0250293996052));
#11354=CARTESIAN_POINT('',(128.0067625,-70.9101989201599,-9.74124860205924));
#11355=CARTESIAN_POINT('Ctrl Pts',(84.9661979166667,-79.0966218644516,-9.0250293996052));
#11356=CARTESIAN_POINT('Ctrl Pts',(102.377633333333,-81.198117409538,-8.84117236295991));
#11357=CARTESIAN_POINT('Ctrl Pts',(115.601508333333,-78.657503392344,-9.06344728785944));
#11358=CARTESIAN_POINT('Ctrl Pts',(128.0067625,-70.9101989201599,-9.74124860205924));
#11359=CARTESIAN_POINT('',(131.0293625,-69.0282626111273,-9.90589669457741));
#11360=CARTESIAN_POINT('',(132.751175428382,-67.9562245421525,-9.9996878724809));
#11361=CARTESIAN_POINT('',(131.218275,-70.4710804480523,-9.77966649031348));
#11362=CARTESIAN_POINT('',(131.949701062119,-76.0573416473775,-9.29093196387776));
#11363=CARTESIAN_POINT('',(131.5961,-73.9526626197626,-9.47506751915486));
#11364=CARTESIAN_POINT('Ctrl Pts',(131.218275,-70.4710804480523,-9.77966649031348));
#11365=CARTESIAN_POINT('Ctrl Pts',(131.31273125,-71.2552205768159,-9.71106311843091));
#11366=CARTESIAN_POINT('Ctrl Pts',(131.470158333333,-72.823500834343,-9.57385637466576));
#11367=CARTESIAN_POINT('Ctrl Pts',(131.5961,-73.9526626197626,-9.47506751915486));
#11368=CARTESIAN_POINT('',(131.7850125,-75.9914269545478,-9.29669875226018));
#11369=CARTESIAN_POINT('',(131.995307774031,-78.2609565223032,-9.09814064354467));
#11370=CARTESIAN_POINT('',(129.486577083333,-77.904728868731,-9.12930652486671));
#11371=CARTESIAN_POINT('',(135.173992669164,-73.1703156029857,-9.54351401406613));
#11372=CARTESIAN_POINT('',(102.912885416667,-88.7258626456682,-8.18257999288724));
#11373=CARTESIAN_POINT('Ctrl Pts',(129.486577083333,-77.904728868731,-9.12930652486671));
#11374=CARTESIAN_POINT('Ctrl Pts',(121.741164583333,-84.2405811091406,-8.57499128005554));
#11375=CARTESIAN_POINT('Ctrl Pts',(113.55495625,-87.5653352550981,-8.28411298327344));
#11376=CARTESIAN_POINT('Ctrl Pts',(102.912885416667,-88.7258626456682,-8.18257999288724));
#11377=CARTESIAN_POINT('',(84.8087708333333,-88.3808409890123,-8.21276547651557));
#11378=CARTESIAN_POINT('Ctrl Pts',(102.912885416667,-88.7258626456682,-8.18257999288724));
#11379=CARTESIAN_POINT('Ctrl Pts',(99.0716645833333,-89.1336155126253,-8.1469062395083));
#11380=CARTESIAN_POINT('Ctrl Pts',(88.7444479166667,-88.945421881722,-8.16337104876012));
#11381=CARTESIAN_POINT('Ctrl Pts',(84.8087708333333,-88.3808409890123,-8.21276547651557));
#11382=CARTESIAN_POINT('',(46.3650770833333,-66.6131110145356,-10.1171950799757));
#11383=CARTESIAN_POINT('Ctrl Pts',(84.8087708333333,-88.3808409890123,-8.21276547651557));
#11384=CARTESIAN_POINT('Ctrl Pts',(65.0674145833333,-85.589302130614,-8.45699348041752));
#11385=CARTESIAN_POINT('Ctrl Pts',(51.7175979166667,-78.0301912893331,-9.1183299853655));
#11386=CARTESIAN_POINT('Ctrl Pts',(46.3650770833333,-66.6131110145356,-10.1171950799757));
#11387=CARTESIAN_POINT('',(44.5074375,-57.3288918899749,-10.9294590030654));
#11388=CARTESIAN_POINT('Ctrl Pts',(46.3650770833333,-66.6131110145356,-10.1171950799757));
#11389=CARTESIAN_POINT('Ctrl Pts',(45.1371458333333,-63.9784001818899,-10.3477024095012));
#11390=CARTESIAN_POINT('Ctrl Pts',(44.5074375,-60.9359364822873,-10.6138834924055));
#11391=CARTESIAN_POINT('Ctrl Pts',(44.5074375,-57.3288918899749,-10.9294590030654));
#11392=CARTESIAN_POINT('Ctrl Pts',(44.5074375,-57.3288918899749,-10.9294590030654));
#11393=CARTESIAN_POINT('Ctrl Pts',(44.5074375,-51.6830829628772,-11.4234032806199));
#11394=CARTESIAN_POINT('Ctrl Pts',(46.2706208333333,-47.1037046108979,-11.8240469724141));
#11395=CARTESIAN_POINT('Ctrl Pts',(50.3007541666667,-42.2106702074132,-12.2521320129613));
#11396=CARTESIAN_POINT('Origin',(147.6375,-81.1675599361563,-8.84384579546677));
#11397=CARTESIAN_POINT('',(243.967552083333,-79.1593530747527,-9.01954112985459));
#11398=CARTESIAN_POINT('',(244.062008333333,-81.3549454352907,-8.8274516885834));
#11399=CARTESIAN_POINT('',(243.922366086916,-78.1090252400491,-9.11143290837686));
#11400=CARTESIAN_POINT('',(243.810125,-85.244280473958,-8.48717896404585));
#11401=CARTESIAN_POINT('Ctrl Pts',(244.062008333333,-81.3549454352907,-8.8274516885834));
#11402=CARTESIAN_POINT('Ctrl Pts',(244.124979166667,-82.5468384310113,-8.72317456332189));
#11403=CARTESIAN_POINT('Ctrl Pts',(243.9990375,-84.3033123194417,-8.56950301030493));
#11404=CARTESIAN_POINT('Ctrl Pts',(243.810125,-85.244280473958,-8.48717896404585));
#11405=CARTESIAN_POINT('',(223.12420625,-102.463997701606,-6.9806489175046));
#11406=CARTESIAN_POINT('Ctrl Pts',(243.810125,-85.244280473958,-8.48717896404585));
#11407=CARTESIAN_POINT('Ctrl Pts',(242.361795833333,-91.9251543710236,-7.90267823560635));
#11408=CARTESIAN_POINT('Ctrl Pts',(234.207072916667,-98.7314906886914,-7.30720096766564));
#11409=CARTESIAN_POINT('Ctrl Pts',(223.12420625,-102.463997701606,-6.9806489175046));
#11410=CARTESIAN_POINT('',(186.538152083333,-98.1041785856805,-7.36208366517169));
#11411=CARTESIAN_POINT('Ctrl Pts',(223.12420625,-102.463997701606,-6.9806489175046));
#11412=CARTESIAN_POINT('Ctrl Pts',(210.026272916667,-106.917913632983,-6.59098176521161));
#11413=CARTESIAN_POINT('Ctrl Pts',(196.204175,-105.255536560004,-6.73642091360265));
#11414=CARTESIAN_POINT('Ctrl Pts',(186.538152083333,-98.1041785856805,-7.36208366517169));
#11415=CARTESIAN_POINT('',(181.469,-93.0543161564432,-7.80388938009545));
#11416=CARTESIAN_POINT('Ctrl Pts',(186.538152083333,-98.1041785856805,-7.36208366517169));
#11417=CARTESIAN_POINT('Ctrl Pts',(184.428629166667,-96.5672639333039,-7.49654627406153));
#11418=CARTESIAN_POINT('Ctrl Pts',(181.469,-93.5875314440023,-7.7572390872153));
#11419=CARTESIAN_POINT('Ctrl Pts',(181.469,-93.0543161564432,-7.80388938009545));
#11420=CARTESIAN_POINT('',(182.9803,-93.2425097873464,-7.78742457084363));
#11421=CARTESIAN_POINT('Ctrl Pts',(181.469,-93.0543161564432,-7.80388938009545));
#11422=CARTESIAN_POINT('Ctrl Pts',(181.469,-92.9602193409915,-7.81212178472136));
#11423=CARTESIAN_POINT('Ctrl Pts',(182.161679166667,-93.0543161564432,-7.80388938009545));
#11424=CARTESIAN_POINT('Ctrl Pts',(182.9803,-93.2425097873464,-7.78742457084363));
#11425=CARTESIAN_POINT('',(198.156270833333,-94.779424439723,-7.65296196195379));
#11426=CARTESIAN_POINT('Ctrl Pts',(182.9803,-93.2425097873464,-7.78742457084363));
#11427=CARTESIAN_POINT('Ctrl Pts',(187.79756875,-94.4971339933681,-7.67765917583152));
#11428=CARTESIAN_POINT('Ctrl Pts',(190.7257125,-94.8107900448736,-7.65021782707849));
#11429=CARTESIAN_POINT('Ctrl Pts',(198.156270833333,-94.779424439723,-7.65296196195379));
#11430=CARTESIAN_POINT('',(210.08924375,-94.0580155212605,-7.71607706408576));
#11431=CARTESIAN_POINT('Ctrl Pts',(198.156270833333,-94.779424439723,-7.65296196195379));
#11432=CARTESIAN_POINT('Ctrl Pts',(204.169985416667,-94.779424439723,-7.65296196195379));
#11433=CARTESIAN_POINT('Ctrl Pts',(206.40545,-94.6225964139703,-7.66668263633031));
#11434=CARTESIAN_POINT('Ctrl Pts',(210.08924375,-94.0580155212605,-7.71607706408576));
#11435=CARTESIAN_POINT('',(241.921,-80.9785581734841,-8.86038130708703));
#11436=CARTESIAN_POINT('Ctrl Pts',(210.08924375,-94.0580155212605,-7.71607706408576));
#11437=CARTESIAN_POINT('Ctrl Pts',(223.533516666667,-91.9878855813247,-7.89718996585574));
#11438=CARTESIAN_POINT('Ctrl Pts',(234.742325,-87.4085072293454,-8.29783365764996));
#11439=CARTESIAN_POINT('Ctrl Pts',(241.921,-80.9785581734841,-8.86038130708703));
#11440=CARTESIAN_POINT('',(215.628797738865,-104.350017321707,-6.81564358155824));
#11441=CARTESIAN_POINT('Origin',(147.6375,-81.1675599361563,-8.84384579546677));
#11442=CARTESIAN_POINT('',(47.9708333333333,-81.6686014867961,-8.80001033983037));
#11443=CARTESIAN_POINT('',(48.5060854166667,-78.9711594438494,-9.03600593910641));
#11444=CARTESIAN_POINT('Ctrl Pts',(47.9708333333333,-81.6686014867961,-8.80001033983037));
#11445=CARTESIAN_POINT('Ctrl Pts',(47.9708333333333,-80.3198804653228,-8.91800813946839));
#11446=CARTESIAN_POINT('Ctrl Pts',(48.2542020833333,-78.9711594438494,-9.03600593910641));
#11447=CARTESIAN_POINT('Ctrl Pts',(48.5060854166667,-78.9711594438494,-9.03600593910641));
#11448=CARTESIAN_POINT('',(50.6156083333333,-80.7589989374303,-8.87959025121415));
#11449=CARTESIAN_POINT('Ctrl Pts',(48.5060854166667,-78.9711594438494,-9.03600593910641));
#11450=CARTESIAN_POINT('Ctrl Pts',(48.6005416666667,-78.9711594438494,-9.03600593910641));
#11451=CARTESIAN_POINT('Ctrl Pts',(49.5451041666667,-79.7866651777636,-8.96465843234854));
#11452=CARTESIAN_POINT('Ctrl Pts',(50.6156083333333,-80.7589989374303,-8.87959025121415));
#11453=CARTESIAN_POINT('',(92.5226979166667,-94.842155650024,-7.64747369220319));
#11454=CARTESIAN_POINT('Ctrl Pts',(50.6156083333333,-80.7589989374303,-8.87959025121415));
#11455=CARTESIAN_POINT('Ctrl Pts',(58.95924375,-88.4749378044639,-8.20453307188966));
#11456=CARTESIAN_POINT('Ctrl Pts',(75.8669125,-94.1521123367121,-7.70784465945985));
#11457=CARTESIAN_POINT('Ctrl Pts',(92.5226979166667,-94.842155650024,-7.64747369220319));
#11458=CARTESIAN_POINT('',(107.50975625,-93.8384562852067,-7.73528600821288));
#11459=CARTESIAN_POINT('Ctrl Pts',(92.5226979166667,-94.842155650024,-7.64747369220319));
#11460=CARTESIAN_POINT('Ctrl Pts',(97.68630625,-95.0617148860779,-7.62826474807607));
#11461=CARTESIAN_POINT('Ctrl Pts',(103.8259625,-94.6539620191208,-7.663938501455));
#11462=CARTESIAN_POINT('Ctrl Pts',(107.50975625,-93.8384562852067,-7.73528600821288));
#11463=CARTESIAN_POINT('',(110.6268125,-93.1797785770453,-7.79291284059424));
#11464=CARTESIAN_POINT('Ctrl Pts',(107.50975625,-93.8384562852067,-7.73528600821288));
#11465=CARTESIAN_POINT('Ctrl Pts',(108.800658333333,-93.5561658388518,-7.7599832220906));
#11466=CARTESIAN_POINT('Ctrl Pts',(110.186016666667,-93.2738753924969,-7.78468043596833));
#11467=CARTESIAN_POINT('Ctrl Pts',(110.6268125,-93.1797785770453,-7.79291284059424));
#11468=CARTESIAN_POINT('',(103.668535416667,-99.7665556586593,-7.21664451678065));
#11469=CARTESIAN_POINT('Ctrl Pts',(110.6268125,-93.1797785770453,-7.79291284059424));
#11470=CARTESIAN_POINT('Ctrl Pts',(111.823258333333,-92.9602193409915,-7.81212178472136));
#11471=CARTESIAN_POINT('Ctrl Pts',(106.18736875,-98.2923722165838,-7.34561885591988));
#11472=CARTESIAN_POINT('Ctrl Pts',(103.668535416667,-99.7665556586593,-7.21664451678065));
#11473=CARTESIAN_POINT('',(93.8136,-103.530428276724,-6.88734833174431));
#11474=CARTESIAN_POINT('Ctrl Pts',(103.668535416667,-99.7665556586593,-7.21664451678065));
#11475=CARTESIAN_POINT('Ctrl Pts',(101.055245833333,-101.272104705885,-7.08492604276611));
#11476=CARTESIAN_POINT('Ctrl Pts',(97.3714520833333,-102.68355693766,-6.96143997337748));
#11477=CARTESIAN_POINT('Ctrl Pts',(93.8136,-103.530428276724,-6.88734833174431));
#11478=CARTESIAN_POINT('',(85.123625,-104.189105984886,-6.82972149936295));
#11479=CARTESIAN_POINT('Ctrl Pts',(93.8136,-103.530428276724,-6.88734833174431));
#11480=CARTESIAN_POINT('Ctrl Pts',(91.4207083333333,-104.095009169434,-6.83795390398886));
#11481=CARTESIAN_POINT('Ctrl Pts',(90.0038645833334,-104.189105984886,-6.82972149936295));
#11482=CARTESIAN_POINT('Ctrl Pts',(85.123625,-104.189105984886,-6.82972149936295));
#11483=CARTESIAN_POINT('',(63.8079979166667,-99.2019747659496,-7.2660389445361));
#11484=CARTESIAN_POINT('Ctrl Pts',(85.123625,-104.189105984886,-6.82972149936295));
#11485=CARTESIAN_POINT('Ctrl Pts',(76.6225625,-104.157740379735,-6.83246563423825));
#11486=CARTESIAN_POINT('Ctrl Pts',(71.7108375,-103.028578594316,-6.93125448974915));
#11487=CARTESIAN_POINT('Ctrl Pts',(63.8079979166667,-99.2019747659496,-7.2660389445361));
#11488=CARTESIAN_POINT('',(53.8900916666667,-92.8033913152388,-7.82584245909787));
#11489=CARTESIAN_POINT('Ctrl Pts',(63.8079979166667,-99.2019747659496,-7.2660389445361));
#11490=CARTESIAN_POINT('Ctrl Pts',(58.77033125,-96.7868231693577,-7.47733732993441));
#11491=CARTESIAN_POINT('Ctrl Pts',(56.69229375,-95.4381021478844,-7.59533512957243));
#11492=CARTESIAN_POINT('Ctrl Pts',(53.8900916666667,-92.8033913152388,-7.82584245909787));
#11493=CARTESIAN_POINT('Ctrl Pts',(53.8900916666667,-92.8033913152388,-7.82584245909787));
#11494=CARTESIAN_POINT('Ctrl Pts',(50.2062979166667,-89.3845403538296,-8.12495316050588));
#11495=CARTESIAN_POINT('Ctrl Pts',(47.9708333333333,-85.1188180533558,-8.49815550354706));
#11496=CARTESIAN_POINT('Ctrl Pts',(47.9708333333333,-81.6686014867961,-8.80001033983037));
#11497=CARTESIAN_POINT('Ctrl Pts',(258.198960416667,-105.224170954854,-6.73916504847795));
#11498=CARTESIAN_POINT('Ctrl Pts',(258.198960416667,-105.098666685297,-5.30464468322427));
#11499=CARTESIAN_POINT('Ctrl Pts',(258.891639583333,-108.360731469908,-6.46475156094767));
#11500=CARTESIAN_POINT('Ctrl Pts',(258.891639583333,-108.235227200351,-5.03023119569399));
#11501=CARTESIAN_POINT('Ctrl Pts',(259.049066666667,-109.678086886231,-6.34949789618495));
#11502=CARTESIAN_POINT('Ctrl Pts',(259.049066666667,-109.552582616674,-4.91497753093127));
#11503=CARTESIAN_POINT('Ctrl Pts',(259.049066666667,-113.786981160952,-5.99001622752029));
#11504=CARTESIAN_POINT('Ctrl Pts',(259.049066666667,-113.661476891395,-4.55549586226661));
#11505=CARTESIAN_POINT('',(259.049066666667,-113.786981160952,-5.99001622752029));
#11506=CARTESIAN_POINT('',(258.198960416667,-105.224170954854,-6.73916504847795));
#11507=CARTESIAN_POINT('Ctrl Pts',(259.049066666667,-113.786981160952,-5.99001622752029));
#11508=CARTESIAN_POINT('Ctrl Pts',(259.049066666667,-113.661476891395,-4.55549586226565));
#11509=CARTESIAN_POINT('Ctrl Pts',(259.080552083333,-119.652349324103,-5.47686300583866));
#11510=CARTESIAN_POINT('Ctrl Pts',(259.080552083333,-119.526845054546,-4.04234264058402));
#11511=CARTESIAN_POINT('Ctrl Pts',(258.482329166667,-122.851641049459,-5.19696124855777));
#11512=CARTESIAN_POINT('Ctrl Pts',(258.482329166667,-122.726136779902,-3.76244088330313));
#11513=CARTESIAN_POINT('Ctrl Pts',(256.75063125,-126.490051246922,-4.87864160302265));
#11514=CARTESIAN_POINT('Ctrl Pts',(256.75063125,-126.364546977365,-3.44412123776801));
#11515=CARTESIAN_POINT('',(257.476356262268,-124.712906885801,-3.82953778301768));
#11516=CARTESIAN_POINT('Origin',(30.395678798908,-124.817493777099,-5.02497142072773));
#11517=CARTESIAN_POINT('',(263.59456174911,-124.817493777099,-5.02497142072777));
#11518=CARTESIAN_POINT('Ctrl Pts',(262.79583125,-127.180094560234,-4.81827063576598));
#11519=CARTESIAN_POINT('Ctrl Pts',(262.79583125,-127.054590290678,-3.38375027051387));
#11520=CARTESIAN_POINT('Ctrl Pts',(263.83485,-124.545383727588,-5.04877796529142));
#11521=CARTESIAN_POINT('Ctrl Pts',(263.83485,-124.419879458032,-3.61425760003931));
#11522=CARTESIAN_POINT('Ctrl Pts',(264.181189583333,-122.726178628857,-5.20793778805898));
#11523=CARTESIAN_POINT('Ctrl Pts',(264.181189583333,-122.600674359301,-3.77341742280687));
#11524=CARTESIAN_POINT('Ctrl Pts',(264.5905,-117.958606645974,-5.62504628910501));
#11525=CARTESIAN_POINT('Ctrl Pts',(264.5905,-117.833102376418,-4.1905259238529));
#11526=CARTESIAN_POINT('',(264.5905,-117.958606645974,-5.62504628910501));
#11527=CARTESIAN_POINT('Ctrl Pts',(264.5905,-117.958606645974,-5.62504628910501));
#11528=CARTESIAN_POINT('Ctrl Pts',(264.5905,-117.833102376418,-4.1905259238529));
#11529=CARTESIAN_POINT('Ctrl Pts',(265.220208333333,-109.929011727435,-6.32754481718253));
#11530=CARTESIAN_POINT('Ctrl Pts',(265.220208333333,-109.803507457879,-4.89302445193042));
#11531=CARTESIAN_POINT('Ctrl Pts',(263.992277083333,-101.868051203746,-7.03278748013536));
#11532=CARTESIAN_POINT('Ctrl Pts',(263.992277083333,-101.74254693419,-5.59826711488325));
#11533=CARTESIAN_POINT('Ctrl Pts',(261.28453125,-96.5358983281534,-7.49929040893683));
#11534=CARTESIAN_POINT('Ctrl Pts',(261.28453125,-96.410394058597,-6.06477004368472));
#11535=CARTESIAN_POINT('',(261.28453125,-96.5358983281534,-7.49929040893683));
#11536=CARTESIAN_POINT('Origin',(261.28453125,-96.5358983281534,-7.49929040893683));
#11537=CARTESIAN_POINT('',(260.402939583333,-94.8421556500241,-7.64747369220319));
#11538=CARTESIAN_POINT('Origin',(260.402939583333,-94.8421556500241,-7.64747369220319));
#11539=CARTESIAN_POINT('',(260.938191666667,-92.1447136070774,-7.88346929147923));
#11540=CARTESIAN_POINT('Ctrl Pts',(260.938191666667,-92.1447136070774,-7.88346929147923));
#11541=CARTESIAN_POINT('Ctrl Pts',(260.938191666667,-92.0192093375207,-6.4489489262269));
#11542=CARTESIAN_POINT('Ctrl Pts',(261.945725,-86.8125607314851,-8.34997222028071));
#11543=CARTESIAN_POINT('Ctrl Pts',(261.945725,-86.6870564619284,-6.91545185502838));
#11544=CARTESIAN_POINT('Ctrl Pts',(261.47344375,-80.9785581734841,-8.86038130708703));
#11545=CARTESIAN_POINT('Ctrl Pts',(261.47344375,-80.8530539039274,-7.4258609418347));
#11546=CARTESIAN_POINT('Ctrl Pts',(259.4898625,-75.0818244051821,-9.37627866364396));
#11547=CARTESIAN_POINT('Ctrl Pts',(259.4898625,-74.9563201356254,-7.94175829839163));
#11548=CARTESIAN_POINT('',(259.4898625,-75.0818244051821,-9.37627866364396));
#11549=CARTESIAN_POINT('Ctrl Pts',(259.4898625,-75.0818244051821,-9.37627866364396));
#11550=CARTESIAN_POINT('Ctrl Pts',(259.4898625,-74.9563201356254,-7.9417582983917));
#11551=CARTESIAN_POINT('Ctrl Pts',(258.45084375,-71.9766294952784,-9.64794801629894));
#11552=CARTESIAN_POINT('Ctrl Pts',(258.45084375,-71.8511252257217,-8.21342765104668));
#11553=CARTESIAN_POINT('Ctrl Pts',(255.459729166667,-65.8917020960731,-10.1803101821077));
#11554=CARTESIAN_POINT('Ctrl Pts',(255.459729166667,-65.7661978265164,-8.74578981685545));
#11555=CARTESIAN_POINT('Ctrl Pts',(254.357739583333,-64.731174705503,-10.2818431724939));
#11556=CARTESIAN_POINT('Ctrl Pts',(254.357739583333,-64.6056704359463,-8.84732280724164));
#11557=CARTESIAN_POINT('',(254.357739583333,-64.731174705503,-10.2818431724939));
#11558=CARTESIAN_POINT('Ctrl Pts',(254.357739583333,-64.731174705503,-10.2818431724939));
#11559=CARTESIAN_POINT('Ctrl Pts',(254.357739583333,-64.6056704359464,-8.84732280724177));
#11560=CARTESIAN_POINT('Ctrl Pts',(253.696545833333,-64.0097657870405,-10.3449582746259));
#11561=CARTESIAN_POINT('Ctrl Pts',(253.696545833333,-63.8842615174839,-8.91043790937377));
#11562=CARTESIAN_POINT('Ctrl Pts',(253.696545833333,-63.9156689715889,-10.3531906792518));
#11563=CARTESIAN_POINT('Ctrl Pts',(253.696545833333,-63.7901647020323,-8.91867031399967));
#11564=CARTESIAN_POINT('Ctrl Pts',(254.10585625,-61.5318829801476,-10.5617449297748));
#11565=CARTESIAN_POINT('Ctrl Pts',(254.10585625,-61.406378710591,-9.12722456452267));
#11566=CARTESIAN_POINT('',(254.10585625,-61.5318829801476,-10.5617449297748));
#11567=CARTESIAN_POINT('Ctrl Pts',(254.10585625,-61.5318829801476,-10.5617449297748));
#11568=CARTESIAN_POINT('Ctrl Pts',(254.10585625,-61.4063787105909,-9.12722456452242));
#11569=CARTESIAN_POINT('Ctrl Pts',(255.42824375,-54.1609657697701,-11.2066166254709));
#11570=CARTESIAN_POINT('Ctrl Pts',(255.42824375,-54.0354615002134,-9.77209626021852));
#11571=CARTESIAN_POINT('Ctrl Pts',(252.090789583333,-44.5003593834028,-12.0518101670642));
#11572=CARTESIAN_POINT('Ctrl Pts',(252.090789583333,-44.3748551138461,-10.6172898018118));
#11573=CARTESIAN_POINT('Ctrl Pts',(246.045589583333,-38.1017759326921,-12.611613681626));
#11574=CARTESIAN_POINT('Ctrl Pts',(246.045589583333,-37.9762716631354,-11.1770933163736));
#11575=CARTESIAN_POINT('',(246.045589583333,-38.1017759326921,-12.611613681626));
#11576=CARTESIAN_POINT('Origin',(246.045589583333,-38.1017759326921,-12.611613681626));
#11577=CARTESIAN_POINT('',(245.658472245162,-37.6404658690463,-12.0496811800394));
#11578=CARTESIAN_POINT('Origin',(243.967552083333,-37.6927593146949,-12.6473979988944));
#11579=CARTESIAN_POINT('',(236.698517076487,-37.6927593146949,-12.6473979988945));
#11580=CARTESIAN_POINT('Ctrl Pts',(238.037769868268,-34.2060778713738,-12.9524430985113));
#11581=CARTESIAN_POINT('Ctrl Pts',(238.037769868268,-34.0805736018172,-11.5179227332592));
#11582=CARTESIAN_POINT('Ctrl Pts',(237.312003623426,-37.190797493466,-12.6913139677748));
#11583=CARTESIAN_POINT('Ctrl Pts',(237.312003623426,-37.0652932239094,-11.2567936025227));
#11584=CARTESIAN_POINT('Ctrl Pts',(235.501966923275,-40.1788171450412,-12.4298961218693));
#11585=CARTESIAN_POINT('Ctrl Pts',(235.501966923275,-40.0533128754846,-10.9953757566172));
#11586=CARTESIAN_POINT('Ctrl Pts',(232.601316666667,-43.2143695722306,-12.1643196969516));
#11587=CARTESIAN_POINT('Ctrl Pts',(232.601316666667,-43.088865302674,-10.7297993316995));
#11588=CARTESIAN_POINT('',(232.601316666667,-43.2143695722306,-12.1643196969516));
#11589=CARTESIAN_POINT('Ctrl Pts',(232.601316666667,-43.2143695722306,-12.1643196969516));
#11590=CARTESIAN_POINT('Ctrl Pts',(232.601316666667,-43.088865302674,-10.7297993316995));
#11591=CARTESIAN_POINT('Ctrl Pts',(225.611554166667,-50.4911899671565,-11.5276804058814));
#11592=CARTESIAN_POINT('Ctrl Pts',(225.611554166667,-50.3656856975999,-10.0931600406293));
#11593=CARTESIAN_POINT('Ctrl Pts',(213.836008333333,-55.6351492118456,-11.0776422863317));
#11594=CARTESIAN_POINT('Ctrl Pts',(213.836008333333,-55.509644942289,-9.64312192107958));
#11595=CARTESIAN_POINT('Ctrl Pts',(199.4156875,-57.7052791517814,-10.8965293845617));
#11596=CARTESIAN_POINT('Ctrl Pts',(199.4156875,-57.5797748822248,-9.46200901930958));
#11597=CARTESIAN_POINT('',(199.4156875,-57.7052791517814,-10.8965293845617));
#11598=CARTESIAN_POINT('Ctrl Pts',(199.4156875,-57.7052791517814,-10.8965293845617));
#11599=CARTESIAN_POINT('Ctrl Pts',(199.4156875,-57.5797748822248,-9.46200901930962));
#11600=CARTESIAN_POINT('Ctrl Pts',(195.983777083333,-58.1757632290395,-10.8553673614322));
#11601=CARTESIAN_POINT('Ctrl Pts',(195.983777083333,-58.0502589594829,-9.42084699618012));
#11602=CARTESIAN_POINT('Ctrl Pts',(184.77496875,-58.1757632290395,-10.8553673614322));
#11603=CARTESIAN_POINT('Ctrl Pts',(184.77496875,-58.0502589594829,-9.42084699618012));
#11604=CARTESIAN_POINT('Ctrl Pts',(180.681864583333,-57.6739135466309,-10.899273519437));
#11605=CARTESIAN_POINT('Ctrl Pts',(180.681864583333,-57.5484092770743,-9.46475315418492));
#11606=CARTESIAN_POINT('',(180.681864583333,-57.6739135466309,-10.899273519437));
#11607=CARTESIAN_POINT('Ctrl Pts',(180.681864583333,-57.6739135466309,-10.899273519437));
#11608=CARTESIAN_POINT('Ctrl Pts',(180.681864583333,-57.5484092770743,-9.46475315418485));
#11609=CARTESIAN_POINT('Ctrl Pts',(174.38478125,-56.8897734178673,-10.9678768913196));
#11610=CARTESIAN_POINT('Ctrl Pts',(174.38478125,-56.7642691483107,-9.53335652606745));
#11611=CARTESIAN_POINT('Ctrl Pts',(168.276610416667,-55.3842243706412,-11.0995953653341));
#11612=CARTESIAN_POINT('Ctrl Pts',(168.276610416667,-55.2587201010846,-9.66507500008195));
#11613=CARTESIAN_POINT('Ctrl Pts',(163.9001375,-53.5336536667592,-11.261499322977));
#11614=CARTESIAN_POINT('Ctrl Pts',(163.9001375,-53.4081493972025,-9.82697895772485));
#11615=CARTESIAN_POINT('',(163.9001375,-53.5336536667592,-11.261499322977));
#11616=CARTESIAN_POINT('Ctrl Pts',(163.9001375,-53.5336536667592,-11.261499322977));
#11617=CARTESIAN_POINT('Ctrl Pts',(163.9001375,-53.4081493972025,-9.82697895772479));
#11618=CARTESIAN_POINT('Ctrl Pts',(161.412789583333,-52.4672230916407,-11.3547999087373));
#11619=CARTESIAN_POINT('Ctrl Pts',(161.412789583333,-52.341718822084,-9.92027954348509));
#11620=CARTESIAN_POINT('Ctrl Pts',(161.318333333333,-52.310395065888,-11.3685205831138));
#11621=CARTESIAN_POINT('Ctrl Pts',(161.318333333333,-52.1848907963313,-9.93400021786158));
#11622=CARTESIAN_POINT('Ctrl Pts',(161.318333333333,-48.7974472890272,-11.6758636891477));
#11623=CARTESIAN_POINT('Ctrl Pts',(161.318333333333,-48.6719430194705,-10.2413433238955));
#11624=CARTESIAN_POINT('',(161.318333333333,-48.7974472890272,-11.6758636891477));
#11625=CARTESIAN_POINT('Ctrl Pts',(161.318333333333,-48.7974472890272,-11.6758636891477));
#11626=CARTESIAN_POINT('Ctrl Pts',(161.318333333333,-48.6719430194706,-10.2413433238956));
#11627=CARTESIAN_POINT('Ctrl Pts',(161.318333333333,-47.1037046108979,-11.8240469724141));
#11628=CARTESIAN_POINT('Ctrl Pts',(161.318333333333,-46.9782003413413,-10.389526607162));
#11629=CARTESIAN_POINT('Ctrl Pts',(161.444275,-45.723617984274,-11.9447889069274));
#11630=CARTESIAN_POINT('Ctrl Pts',(161.444275,-45.5981137147174,-10.5102685416753));
#11631=CARTESIAN_POINT('Ctrl Pts',(161.601702083333,-45.723617984274,-11.9447889069274));
#11632=CARTESIAN_POINT('Ctrl Pts',(161.601702083333,-45.5981137147174,-10.5102685416753));
#11633=CARTESIAN_POINT('',(161.601702083333,-45.723617984274,-11.9447889069274));
#11634=CARTESIAN_POINT('Ctrl Pts',(161.601702083333,-45.723617984274,-11.9447889069274));
#11635=CARTESIAN_POINT('Ctrl Pts',(161.601702083333,-45.5981137147174,-10.5102685416753));
#11636=CARTESIAN_POINT('Ctrl Pts',(161.759129166667,-45.723617984274,-11.9447889069274));
#11637=CARTESIAN_POINT('Ctrl Pts',(161.759129166667,-45.5981137147174,-10.5102685416753));
#11638=CARTESIAN_POINT('Ctrl Pts',(162.955575,-46.1313708512311,-11.9091151535485));
#11639=CARTESIAN_POINT('Ctrl Pts',(162.955575,-46.0058665816744,-10.4745947882964));
#11640=CARTESIAN_POINT('Ctrl Pts',(164.214991666667,-46.6332205336398,-11.8652089955436));
#11641=CARTESIAN_POINT('Ctrl Pts',(164.214991666667,-46.5077162640832,-10.4306886302915));
#11642=CARTESIAN_POINT('',(164.214991666667,-46.6332205336398,-11.8652089955436));
#11643=CARTESIAN_POINT('Ctrl Pts',(164.214991666667,-46.6332205336398,-11.8652089955436));
#11644=CARTESIAN_POINT('Ctrl Pts',(164.214991666667,-46.5077162640832,-10.4306886302915));
#11645=CARTESIAN_POINT('Ctrl Pts',(169.819395833333,-48.8915441044788,-11.6676312845218));
#11646=CARTESIAN_POINT('Ctrl Pts',(169.819395833333,-48.7660398349222,-10.2331109192697));
#11647=CARTESIAN_POINT('Ctrl Pts',(176.525789583333,-50.0834371001995,-11.5633541592603));
#11648=CARTESIAN_POINT('Ctrl Pts',(176.525789583333,-49.9579328306429,-10.1288337940082));
#11649=CARTESIAN_POINT('Ctrl Pts',(184.932395833333,-50.3343619414038,-11.5414010802579));
#11650=CARTESIAN_POINT('Ctrl Pts',(184.932395833333,-50.2088576718472,-10.1068807150058));
#11651=CARTESIAN_POINT('',(184.932395833333,-50.3343619414038,-11.5414010802579));
#11652=CARTESIAN_POINT('Ctrl Pts',(184.932395833333,-50.3343619414038,-11.5414010802579));
#11653=CARTESIAN_POINT('Ctrl Pts',(184.932395833333,-50.2088576718472,-10.1068807150057));
#11654=CARTESIAN_POINT('Ctrl Pts',(191.701760416667,-50.5539211774576,-11.5221921361308));
#11655=CARTESIAN_POINT('Ctrl Pts',(191.701760416667,-50.428416907901,-10.0876717708786));
#11656=CARTESIAN_POINT('Ctrl Pts',(196.204175,-50.1775339156511,-11.5551217546344));
#11657=CARTESIAN_POINT('Ctrl Pts',(196.204175,-50.0520296460945,-10.1206013893822));
#11658=CARTESIAN_POINT('Ctrl Pts',(202.564229166667,-48.8601784993283,-11.6703754193971));
#11659=CARTESIAN_POINT('Ctrl Pts',(202.564229166667,-48.7346742297717,-10.2358550541449));
#11660=CARTESIAN_POINT('',(202.564229166667,-48.8601784993283,-11.6703754193971));
#11661=CARTESIAN_POINT('Ctrl Pts',(202.564229166667,-48.8601784993283,-11.6703754193971));
#11662=CARTESIAN_POINT('Ctrl Pts',(202.564229166667,-48.7346742297716,-10.2358550541449));
#11663=CARTESIAN_POINT('Ctrl Pts',(215.26195290916,-46.2451572588737,-11.8991601328164));
#11664=CARTESIAN_POINT('Ctrl Pts',(215.26195290916,-46.119652989317,-10.4646397675642));
#11665=CARTESIAN_POINT('Ctrl Pts',(225.089376087866,-40.741279689034,-12.380687025612));
#11666=CARTESIAN_POINT('Ctrl Pts',(225.089376087866,-40.6157754194773,-10.9461666603598));
#11667=CARTESIAN_POINT('Ctrl Pts',(228.747542264015,-34.2060778713738,-12.9524430985113));
#11668=CARTESIAN_POINT('Ctrl Pts',(228.747542264015,-34.0805736018172,-11.5179227332591));
#11669=CARTESIAN_POINT('',(226.12641336272,-37.5881724233977,-11.4519643611844));
#11670=CARTESIAN_POINT('Origin',(228.747542264015,-37.6927593146949,-12.6473979988944));
#11671=CARTESIAN_POINT('',(217.272704330547,-37.6927593146949,-12.6473979988945));
#11672=CARTESIAN_POINT('Ctrl Pts',(221.486964583333,-34.4320001300786,-12.9326774620364));
#11673=CARTESIAN_POINT('Ctrl Pts',(221.486964583333,-34.306495860522,-11.4981570967843));
#11674=CARTESIAN_POINT('Ctrl Pts',(212.702533333333,-42.9948103361768,-12.1835286410787));
#11675=CARTESIAN_POINT('Ctrl Pts',(212.702533333333,-42.8693060666202,-10.7490082758266));
#11676=CARTESIAN_POINT('Ctrl Pts',(192.6148375,-47.0723390057474,-11.8267911072894));
#11677=CARTESIAN_POINT('Ctrl Pts',(192.6148375,-46.9468347361908,-10.3922707420373));
#11678=CARTESIAN_POINT('Ctrl Pts',(174.4792375,-43.9671440958436,-12.0984604599444));
#11679=CARTESIAN_POINT('Ctrl Pts',(174.4792375,-43.841639826287,-10.6639400946923));
#11680=CARTESIAN_POINT('',(174.4792375,-43.9671440958436,-12.0984604599444));
#11681=CARTESIAN_POINT('Ctrl Pts',(174.4792375,-43.9671440958436,-12.0984604599444));
#11682=CARTESIAN_POINT('Ctrl Pts',(174.4792375,-43.841639826287,-10.6639400946922));
#11683=CARTESIAN_POINT('Ctrl Pts',(169.158202083333,-43.0575415464779,-12.1780403713281));
#11684=CARTESIAN_POINT('Ctrl Pts',(169.158202083333,-42.9320372769212,-10.7435200060759));
#11685=CARTESIAN_POINT('Ctrl Pts',(162.136954166667,-40.579658739585,-12.3948270264771));
#11686=CARTESIAN_POINT('Ctrl Pts',(162.136954166667,-40.4541544700283,-10.9603066612249));
#11687=CARTESIAN_POINT('Ctrl Pts',(160.8775375,-39.1682065078106,-12.5183130958657));
#11688=CARTESIAN_POINT('Ctrl Pts',(160.8775375,-39.042702238254,-11.0837927306135));
#11689=CARTESIAN_POINT('',(160.8775375,-39.1682065078106,-12.5183130958657));
#11690=CARTESIAN_POINT('Ctrl Pts',(160.8775375,-39.1682065078106,-12.5183130958657));
#11691=CARTESIAN_POINT('Ctrl Pts',(160.8775375,-39.042702238254,-11.0837927306135));
#11692=CARTESIAN_POINT('Ctrl Pts',(160.625654166667,-38.8859160614557,-12.5430103097434));
#11693=CARTESIAN_POINT('Ctrl Pts',(160.625654166667,-38.7604117918991,-11.1084899444912));
#11694=CARTESIAN_POINT('Ctrl Pts',(160.342285416667,-37.5685606451329,-12.6582639745061));
#11695=CARTESIAN_POINT('Ctrl Pts',(160.342285416667,-37.4430563755762,-11.2237436092539));
#11696=CARTESIAN_POINT('Ctrl Pts',(160.21634375,-36.0316459927563,-12.792726583396));
#11697=CARTESIAN_POINT('Ctrl Pts',(160.21634375,-35.9061417231997,-11.3582062181438));
#11698=CARTESIAN_POINT('',(160.426363160591,-37.5881724233977,-11.4519643611844));
#11699=CARTESIAN_POINT('Origin',(160.063631958748,-37.6927593146949,-12.6473979988944));
#11700=CARTESIAN_POINT('',(155.435191108092,-37.6927593146949,-12.6473979988944));
#11701=CARTESIAN_POINT('Ctrl Pts',(155.134215829286,-34.2060778713741,-12.9524430985112));
#11702=CARTESIAN_POINT('Ctrl Pts',(155.134215829286,-34.0805736018175,-11.5179227332591));
#11703=CARTESIAN_POINT('Ctrl Pts',(155.333108647782,-36.7669191103721,-12.7283985210092));
#11704=CARTESIAN_POINT('Ctrl Pts',(155.333108647782,-36.6414148408155,-11.2938781557571));
#11705=CARTESIAN_POINT('Ctrl Pts',(155.563465595502,-39.1784629860739,-12.5174157702899));
#11706=CARTESIAN_POINT('Ctrl Pts',(155.563465595502,-39.0529587165173,-11.0828954050378));
#11707=CARTESIAN_POINT('Ctrl Pts',(155.713929166667,-40.0778090571763,-12.4387331844819));
#11708=CARTESIAN_POINT('Ctrl Pts',(155.713929166667,-39.9523047876197,-11.0042128192298));
#11709=CARTESIAN_POINT('',(155.713929166667,-40.0778090571763,-12.4387331844819));
#11710=CARTESIAN_POINT('Ctrl Pts',(155.713929166667,-40.0778090571763,-12.4387331844819));
#11711=CARTESIAN_POINT('Ctrl Pts',(155.713929166667,-39.9523047876197,-11.0042128192298));
#11712=CARTESIAN_POINT('Ctrl Pts',(156.24918125,-43.2457351773811,-12.1615755620763));
#11713=CARTESIAN_POINT('Ctrl Pts',(156.24918125,-43.1202309078245,-10.7270551968242));
#11714=CARTESIAN_POINT('Ctrl Pts',(156.406608333333,-52.0908358298342,-11.3877295272409));
#11715=CARTESIAN_POINT('Ctrl Pts',(156.406608333333,-51.9653315602776,-9.95320916198878));
#11716=CARTESIAN_POINT('Ctrl Pts',(156.186210416667,-65.7976052806214,-10.1885425867336));
#11717=CARTESIAN_POINT('Ctrl Pts',(156.186210416667,-65.6721010110648,-8.75402222148148));
#11718=CARTESIAN_POINT('',(156.186210416667,-65.7976052806214,-10.1885425867336));
#11719=CARTESIAN_POINT('Ctrl Pts',(156.186210416667,-65.7976052806214,-10.1885425867336));
#11720=CARTESIAN_POINT('Ctrl Pts',(156.186210416667,-65.6721010110648,-8.75402222148047));
#11721=CARTESIAN_POINT('Ctrl Pts',(156.091754166667,-72.6353072034398,-9.59032118391758));
#11722=CARTESIAN_POINT('Ctrl Pts',(156.091754166667,-72.5098029338832,-8.15580081866445));
#11723=CARTESIAN_POINT('Ctrl Pts',(155.997297916667,-73.4821785425044,-9.5162295422844));
#11724=CARTESIAN_POINT('Ctrl Pts',(155.997297916667,-73.3566742729478,-8.08170917703127));
#11725=CARTESIAN_POINT('Ctrl Pts',(155.084220833333,-77.7165352378277,-9.14577133411852));
#11726=CARTESIAN_POINT('Ctrl Pts',(155.084220833333,-77.5910309682711,-7.71125096886539));
#11727=CARTESIAN_POINT('',(155.084220833333,-77.7165352378277,-9.14577133411852));
#11728=CARTESIAN_POINT('Ctrl Pts',(155.084220833333,-77.7165352378277,-9.14577133411852));
#11729=CARTESIAN_POINT('Ctrl Pts',(155.084220833333,-77.5910309682711,-7.71125096886641));
#11730=CARTESIAN_POINT('Ctrl Pts',(154.54896875,-80.2257836498711,-8.9262405440943));
#11731=CARTESIAN_POINT('Ctrl Pts',(154.54896875,-80.1002793803144,-7.49172017884219));
#11732=CARTESIAN_POINT('Ctrl Pts',(153.79331875,-83.9582906627857,-8.59968849393326));
#11733=CARTESIAN_POINT('Ctrl Pts',(153.79331875,-83.8327863932291,-7.16516812868115));
#11734=CARTESIAN_POINT('Ctrl Pts',(153.446979166667,-86.0284206027215,-8.41857559216328));
#11735=CARTESIAN_POINT('Ctrl Pts',(153.446979166667,-85.9029163331649,-6.98405522691117));
#11736=CARTESIAN_POINT('',(153.446979166667,-86.0284206027215,-8.41857559216328));
#11737=CARTESIAN_POINT('Ctrl Pts',(153.446979166667,-86.0284206027215,-8.41857559216328));
#11738=CARTESIAN_POINT('Ctrl Pts',(153.446979166667,-85.9029163331649,-6.98405522691057));
#11739=CARTESIAN_POINT('Ctrl Pts',(153.069154166667,-88.0985505426574,-8.23746269039329));
#11740=CARTESIAN_POINT('Ctrl Pts',(153.069154166667,-87.9730462731008,-6.80294232514058));
#11741=CARTESIAN_POINT('Ctrl Pts',(152.28201875,-91.6114983195182,-7.93011958435938));
#11742=CARTESIAN_POINT('Ctrl Pts',(152.28201875,-91.4859940499616,-6.49559921910667));
#11743=CARTESIAN_POINT('Ctrl Pts',(151.71528125,-93.8698218903573,-7.73254187333757));
#11744=CARTESIAN_POINT('Ctrl Pts',(151.71528125,-93.7443176208007,-6.29802150808486));
#11745=CARTESIAN_POINT('',(151.71528125,-93.8698218903573,-7.73254187333757));
#11746=CARTESIAN_POINT('Ctrl Pts',(151.71528125,-93.8698218903573,-7.73254187333757));
#11747=CARTESIAN_POINT('Ctrl Pts',(151.71528125,-93.7443176208007,-6.29802150808546));
#11748=CARTESIAN_POINT('Ctrl Pts',(151.117058333333,-96.0967798560458,-7.53770829719108));
#11749=CARTESIAN_POINT('Ctrl Pts',(151.117058333333,-95.9712755864892,-6.10318793193897));
#11750=CARTESIAN_POINT('Ctrl Pts',(150.48735,-99.2960715814012,-7.25780653991019));
#11751=CARTESIAN_POINT('Ctrl Pts',(150.48735,-99.1705673118446,-5.82328617465808));
#11752=CARTESIAN_POINT('Ctrl Pts',(150.266952083333,-100.927083049229,-7.11511152639444));
#11753=CARTESIAN_POINT('Ctrl Pts',(150.266952083333,-100.801578779672,-5.68059116114233));
#11754=CARTESIAN_POINT('',(150.266952083333,-100.927083049229,-7.11511152639444));
#11755=CARTESIAN_POINT('Ctrl Pts',(150.266952083333,-100.927083049229,-7.11511152639444));
#11756=CARTESIAN_POINT('Ctrl Pts',(150.266952083333,-100.801578779673,-5.68059116114132));
#11757=CARTESIAN_POINT('Ctrl Pts',(149.857641666667,-104.471396431241,-6.80502428548522));
#11758=CARTESIAN_POINT('Ctrl Pts',(149.857641666667,-104.345892161685,-5.3705039202321));
#11759=CARTESIAN_POINT('Ctrl Pts',(149.385360416667,-105.694655032112,-6.69800302534841));
#11760=CARTESIAN_POINT('Ctrl Pts',(149.385360416667,-105.569150762555,-5.26348266009529));
#11761=CARTESIAN_POINT('Ctrl Pts',(148.2204,-106.478795160875,-6.62939965346584));
#11762=CARTESIAN_POINT('Ctrl Pts',(148.2204,-106.353290891318,-5.19487928821272));
#11763=CARTESIAN_POINT('',(148.2204,-106.478795160875,-6.62939965346584));
#11764=CARTESIAN_POINT('Ctrl Pts',(148.2204,-106.478795160875,-6.62939965346584));
#11765=CARTESIAN_POINT('Ctrl Pts',(148.2204,-106.353290891319,-5.19487928821358));
#11766=CARTESIAN_POINT('Ctrl Pts',(147.18138125,-107.137472869037,-6.57177282108448));
#11767=CARTESIAN_POINT('Ctrl Pts',(147.18138125,-107.011968599481,-5.13725245583222));
#11768=CARTESIAN_POINT('Ctrl Pts',(145.071858333333,-107.231569684488,-6.56354041645858));
#11769=CARTESIAN_POINT('Ctrl Pts',(145.071858333333,-107.106065414932,-5.12902005120632));
#11770=CARTESIAN_POINT('Ctrl Pts',(143.906897916667,-106.604257581478,-6.61842311396463));
#11771=CARTESIAN_POINT('Ctrl Pts',(143.906897916667,-106.478753311922,-5.18390274871237));
#11772=CARTESIAN_POINT('',(143.906897916667,-106.604257581478,-6.61842311396463));
#11773=CARTESIAN_POINT('Ctrl Pts',(143.906897916667,-106.604257581478,-6.61842311396463));
#11774=CARTESIAN_POINT('Ctrl Pts',(143.906897916667,-106.47875331192,-5.18390274870847));
#11775=CARTESIAN_POINT('Ctrl Pts',(142.804908333333,-106.008311083617,-6.67056167659538));
#11776=CARTESIAN_POINT('Ctrl Pts',(142.804908333333,-105.882806814059,-5.23604131133922));
#11777=CARTESIAN_POINT('Ctrl Pts',(142.45856875,-105.067342929101,-6.75288572285447));
#11778=CARTESIAN_POINT('Ctrl Pts',(142.45856875,-104.941838659543,-5.31836535759831));
#11779=CARTESIAN_POINT('Ctrl Pts',(142.143714583333,-101.55439515224,-7.06022882888838));
#11780=CARTESIAN_POINT('Ctrl Pts',(142.143714583333,-101.428890882682,-5.62570846363222));
#11781=CARTESIAN_POINT('',(142.143714583333,-101.55439515224,-7.06022882888838));
#11782=CARTESIAN_POINT('Ctrl Pts',(142.143714583333,-101.55439515224,-7.06022882888838));
#11783=CARTESIAN_POINT('Ctrl Pts',(142.143714583333,-101.428890882684,-5.62570846363627));
#11784=CARTESIAN_POINT('Ctrl Pts',(141.860345833333,-98.6373938732398,-7.31543337229154));
#11785=CARTESIAN_POINT('Ctrl Pts',(141.860345833333,-98.5118896036834,-5.88091300703943));
#11786=CARTESIAN_POINT('Ctrl Pts',(140.915783333333,-93.8384562852067,-7.73528600821288));
#11787=CARTESIAN_POINT('Ctrl Pts',(140.915783333333,-93.7129520156503,-6.30076564296077));
#11788=CARTESIAN_POINT('Ctrl Pts',(140.034191666667,-90.733261375303,-8.00695536086786));
#11789=CARTESIAN_POINT('Ctrl Pts',(140.034191666667,-90.6077571057466,-6.57243499561575));
#11790=CARTESIAN_POINT('',(140.034191666667,-90.733261375303,-8.00695536086786));
#11791=CARTESIAN_POINT('Ctrl Pts',(140.034191666667,-90.733261375303,-8.00695536086786));
#11792=CARTESIAN_POINT('Ctrl Pts',(140.034191666667,-90.6077571057463,-6.57243499561568));
#11793=CARTESIAN_POINT('Ctrl Pts',(139.782308333333,-89.8550244310878,-8.08379113737633));
#11794=CARTESIAN_POINT('Ctrl Pts',(139.782308333333,-89.7295201615312,-6.64927077212415));
#11795=CARTESIAN_POINT('Ctrl Pts',(139.404483333333,-87.7535288860014,-8.26764817402162));
#11796=CARTESIAN_POINT('Ctrl Pts',(139.404483333333,-87.6280246164448,-6.83312780876944));
#11797=CARTESIAN_POINT('Ctrl Pts',(139.1526,-86.0284206027215,-8.41857559216328));
#11798=CARTESIAN_POINT('Ctrl Pts',(139.1526,-85.9029163331649,-6.9840552269111));
#11799=CARTESIAN_POINT('',(139.1526,-86.0284206027215,-8.41857559216328));
#11800=CARTESIAN_POINT('Ctrl Pts',(139.1526,-86.0284206027215,-8.41857559216328));
#11801=CARTESIAN_POINT('Ctrl Pts',(139.1526,-85.902916333165,-6.98405522691116));
#11802=CARTESIAN_POINT('Ctrl Pts',(138.900716666667,-84.3033123194417,-8.56950301030493));
#11803=CARTESIAN_POINT('Ctrl Pts',(138.900716666667,-84.1778080498852,-7.13498264505281));
#11804=CARTESIAN_POINT('Ctrl Pts',(138.30249375,-81.198117409538,-8.84117236295991));
#11805=CARTESIAN_POINT('Ctrl Pts',(138.30249375,-81.0726131399815,-7.40665199770779));
#11806=CARTESIAN_POINT('Ctrl Pts',(137.861697916667,-79.1279874696021,-9.0222852647299));
#11807=CARTESIAN_POINT('Ctrl Pts',(137.861697916667,-79.0024832000456,-7.58776489947778));
#11808=CARTESIAN_POINT('',(137.861697916667,-79.1279874696021,-9.0222852647299));
#11809=CARTESIAN_POINT('Ctrl Pts',(137.861697916667,-79.1279874696021,-9.0222852647299));
#11810=CARTESIAN_POINT('Ctrl Pts',(137.861697916667,-79.0024832000454,-7.58776489947763));
#11811=CARTESIAN_POINT('Ctrl Pts',(136.381883333333,-72.4471135725365,-9.6067859931694));
#11812=CARTESIAN_POINT('Ctrl Pts',(136.381883333333,-72.3216093029798,-8.17226562791713));
#11813=CARTESIAN_POINT('Ctrl Pts',(136.13,-70.3769836326007,-9.78789889493938));
#11814=CARTESIAN_POINT('Ctrl Pts',(136.13,-70.251479363044,-8.35337852968711));
#11815=CARTESIAN_POINT('Ctrl Pts',(136.3189125,-66.2994549630301,-10.1446364287288));
#11816=CARTESIAN_POINT('Ctrl Pts',(136.3189125,-66.1739506934734,-8.71011606347653));
#11817=CARTESIAN_POINT('',(136.3189125,-66.2994549630301,-10.1446364287288));
#11818=CARTESIAN_POINT('Ctrl Pts',(136.3189125,-66.2994549630301,-10.1446364287288));
#11819=CARTESIAN_POINT('Ctrl Pts',(136.3189125,-66.1739506934735,-8.71011606347658));
#11820=CARTESIAN_POINT('Ctrl Pts',(136.476339583333,-63.3824536840296,-10.3998409721319));
#11821=CARTESIAN_POINT('Ctrl Pts',(136.476339583333,-63.256949414473,-8.96532060687967));
#11822=CARTESIAN_POINT('Ctrl Pts',(136.381883333333,-62.0023670574058,-10.5205829066452));
#11823=CARTESIAN_POINT('Ctrl Pts',(136.381883333333,-61.8768627878492,-9.08606254139298));
#11824=CARTESIAN_POINT('Ctrl Pts',(136.004058333333,-60.3713555895775,-10.663277920161));
#11825=CARTESIAN_POINT('Ctrl Pts',(136.004058333333,-60.2458513200209,-9.22875755490877));
#11826=CARTESIAN_POINT('',(136.004058333333,-60.3713555895775,-10.663277920161));
#11827=CARTESIAN_POINT('Ctrl Pts',(136.004058333333,-60.3713555895775,-10.663277920161));
#11828=CARTESIAN_POINT('Ctrl Pts',(136.004058333333,-60.2458513200209,-9.22875755490878));
#11829=CARTESIAN_POINT('Ctrl Pts',(135.37435,-57.7052791517814,-10.8965293845617));
#11830=CARTESIAN_POINT('Ctrl Pts',(135.37435,-57.5797748822248,-9.46200901930949));
#11831=CARTESIAN_POINT('Ctrl Pts',(135.37435,-55.6665148169961,-11.0748981514564));
#11832=CARTESIAN_POINT('Ctrl Pts',(135.37435,-55.5410105474395,-9.64037778620418));
#11833=CARTESIAN_POINT('Ctrl Pts',(135.972572916667,-52.5299543019418,-11.3493116389867));
#11834=CARTESIAN_POINT('Ctrl Pts',(135.972572916667,-52.4044500323852,-9.91479127373448));
#11835=CARTESIAN_POINT('',(135.972572916667,-52.5299543019418,-11.3493116389867));
#11836=CARTESIAN_POINT('Ctrl Pts',(135.972572916667,-52.5299543019418,-11.3493116389867));
#11837=CARTESIAN_POINT('Ctrl Pts',(135.972572916667,-52.4044500323851,-9.91479127373445));
#11838=CARTESIAN_POINT('Ctrl Pts',(136.22445625,-51.1812332804685,-11.4673094386247));
#11839=CARTESIAN_POINT('Ctrl Pts',(136.22445625,-51.0557290109118,-10.0327890733724));
#11840=CARTESIAN_POINT('Ctrl Pts',(136.444854166667,-48.4210600272207,-11.7087933076514));
#11841=CARTESIAN_POINT('Ctrl Pts',(136.444854166667,-48.295555757664,-10.2742729423991));
#11842=CARTESIAN_POINT('Ctrl Pts',(136.444854166667,-46.413661297586,-11.8844179396707));
#11843=CARTESIAN_POINT('Ctrl Pts',(136.444854166667,-46.2881570280294,-10.4498975744184));
#11844=CARTESIAN_POINT('',(136.444854166667,-46.413661297586,-11.8844179396707));
#11845=CARTESIAN_POINT('Ctrl Pts',(136.444854166667,-46.413661297586,-11.8844179396707));
#11846=CARTESIAN_POINT('Ctrl Pts',(136.444854166667,-46.2881570280294,-10.4498975744186));
#11847=CARTESIAN_POINT('Ctrl Pts',(136.444854166667,-44.3748969628007,-12.0627867065654));
#11848=CARTESIAN_POINT('Ctrl Pts',(136.444854166667,-44.2493926932441,-10.6282663413133));
#11849=CARTESIAN_POINT('Ctrl Pts',(136.60228125,-41.8342829456067,-12.2850616314649));
#11850=CARTESIAN_POINT('Ctrl Pts',(136.60228125,-41.7087786760501,-10.8505412662128));
#11851=CARTESIAN_POINT('Ctrl Pts',(136.759708333333,-40.7051211601872,-12.3838504869758));
#11852=CARTESIAN_POINT('Ctrl Pts',(136.759708333333,-40.5796168906306,-10.9493301217237));
#11853=CARTESIAN_POINT('',(136.759708333333,-40.7051211601872,-12.3838504869758));
#11854=CARTESIAN_POINT('Ctrl Pts',(136.759708333333,-40.7051211601872,-12.3838504869758));
#11855=CARTESIAN_POINT('Ctrl Pts',(136.759708333333,-40.5796168906306,-10.9493301217236));
#11856=CARTESIAN_POINT('Ctrl Pts',(136.966366086242,-39.2897555755362,-12.5076789303775));
#11857=CARTESIAN_POINT('Ctrl Pts',(136.966366086242,-39.1642513059796,-11.0731585651253));
#11858=CARTESIAN_POINT('Ctrl Pts',(137.173023839151,-36.9559570126414,-12.7118598475839));
#11859=CARTESIAN_POINT('Ctrl Pts',(137.173023839151,-36.8304527430848,-11.2773394823317));
#11860=CARTESIAN_POINT('Ctrl Pts',(137.351425010346,-34.2060778713738,-12.9524430985113));
#11861=CARTESIAN_POINT('Ctrl Pts',(137.351425010346,-34.0805736018172,-11.5179227332591));
#11862=CARTESIAN_POINT('',(137.08961669446,-37.5881724233977,-11.4519643611844));
#11863=CARTESIAN_POINT('Origin',(137.351425010346,-37.6927593146949,-12.6473979988944));
#11864=CARTESIAN_POINT('',(132.134932391637,-37.6927593146949,-12.6473979988945));
#11865=CARTESIAN_POINT('Ctrl Pts',(132.288779166667,-35.3729682845949,-12.8503534157773));
#11866=CARTESIAN_POINT('Ctrl Pts',(132.288779166667,-35.2474640150383,-11.4158330505252));
#11867=CARTESIAN_POINT('Ctrl Pts',(132.35175,-36.3453020442617,-12.7652852346429));
#11868=CARTESIAN_POINT('Ctrl Pts',(132.35175,-36.2197977747051,-11.3307648693908));
#11869=CARTESIAN_POINT('Ctrl Pts',(132.194322916667,-37.6940230657351,-12.6472874350049));
#11870=CARTESIAN_POINT('Ctrl Pts',(132.194322916667,-37.5685187961785,-11.2127670697528));
#11871=CARTESIAN_POINT('Ctrl Pts',(131.973925,-38.3527007738965,-12.5896606026236));
#11872=CARTESIAN_POINT('Ctrl Pts',(131.973925,-38.2271965043399,-11.1551402373715));
#11873=CARTESIAN_POINT('',(131.973925,-38.3527007738965,-12.5896606026236));
#11874=CARTESIAN_POINT('Ctrl Pts',(131.973925,-38.3527007738965,-12.5896606026236));
#11875=CARTESIAN_POINT('Ctrl Pts',(131.973925,-38.2271965043399,-11.1551402373714));
#11876=CARTESIAN_POINT('Ctrl Pts',(131.470158333333,-39.9209810314236,-12.4524538588584));
#11877=CARTESIAN_POINT('Ctrl Pts',(131.470158333333,-39.795476761867,-11.0179334936062));
#11878=CARTESIAN_POINT('Ctrl Pts',(129.832916666667,-40.8619491859399,-12.3701298125993));
#11879=CARTESIAN_POINT('Ctrl Pts',(129.832916666667,-40.7364449163833,-10.9356094473471));
#11880=CARTESIAN_POINT('Ctrl Pts',(124.952677083333,-42.3988638383165,-12.2356672037095));
#11881=CARTESIAN_POINT('Ctrl Pts',(124.952677083333,-42.2733595687599,-10.8011468384573));
#11882=CARTESIAN_POINT('',(124.952677083333,-42.3988638383165,-12.2356672037095));
#11883=CARTESIAN_POINT('Ctrl Pts',(124.952677083333,-42.3988638383165,-12.2356672037095));
#11884=CARTESIAN_POINT('Ctrl Pts',(124.952677083333,-42.2733595687598,-10.8011468384573));
#11885=CARTESIAN_POINT('Ctrl Pts',(108.202435416667,-47.7310167139088,-11.769164274908));
#11886=CARTESIAN_POINT('Ctrl Pts',(108.202435416667,-47.6055124443521,-10.3346439096558));
#11887=CARTESIAN_POINT('Ctrl Pts',(84.6828291666667,-44.6885530143061,-12.0353453578124));
#11888=CARTESIAN_POINT('Ctrl Pts',(84.6828291666667,-44.5630487447495,-10.6008249925602));
#11889=CARTESIAN_POINT('Ctrl Pts',(72.7183708333334,-35.6238931257992,-12.8284003367749));
#11890=CARTESIAN_POINT('Ctrl Pts',(72.7183708333334,-35.4983888562425,-11.3938799715227));
#11891=CARTESIAN_POINT('',(75.8195684334095,-37.5881724233977,-11.4519643611844));
#11892=CARTESIAN_POINT('Origin',(71.0375747431243,-37.6927593146949,-12.6473979988944));
#11893=CARTESIAN_POINT('',(66.9035358180667,-37.6927593146949,-12.6473979988945));
#11894=CARTESIAN_POINT('Ctrl Pts',(64.1397546709442,-34.2060778713738,-12.9524430985113));
#11895=CARTESIAN_POINT('Ctrl Pts',(64.1397546709442,-34.0805736018172,-11.5179227332592));
#11896=CARTESIAN_POINT('Ctrl Pts',(68.0860175731094,-41.0905648338656,-12.3501285351012));
#11897=CARTESIAN_POINT('Ctrl Pts',(68.0860175731094,-40.965060564309,-10.9156081698491));
#11898=CARTESIAN_POINT('Ctrl Pts',(80.6374321232094,-47.4517746366507,-11.7935947910475));
#11899=CARTESIAN_POINT('Ctrl Pts',(80.6374321232094,-47.3262703670941,-10.3590744257954));
#11900=CARTESIAN_POINT('Ctrl Pts',(94.8211333333333,-49.6443186280919,-11.6017720475145));
#11901=CARTESIAN_POINT('Ctrl Pts',(94.8211333333333,-49.5188143585353,-10.1672516822624));
#11902=CARTESIAN_POINT('',(94.8211333333333,-49.6443186280919,-11.6017720475145));
#11903=CARTESIAN_POINT('Ctrl Pts',(94.8211333333333,-49.6443186280919,-11.6017720475145));
#11904=CARTESIAN_POINT('Ctrl Pts',(94.8211333333333,-49.5188143585353,-10.1672516822624));
#11905=CARTESIAN_POINT('Ctrl Pts',(101.873866666667,-50.7421148083609,-11.5057273268789));
#11906=CARTESIAN_POINT('Ctrl Pts',(101.873866666667,-50.6166105388043,-10.0712069616268));
#11907=CARTESIAN_POINT('Ctrl Pts',(112.264054166667,-50.5539211774576,-11.5221921361308));
#11908=CARTESIAN_POINT('Ctrl Pts',(112.264054166667,-50.428416907901,-10.0876717708787));
#11909=CARTESIAN_POINT('Ctrl Pts',(119.852039583333,-49.2052001559843,-11.6401899357688));
#11910=CARTESIAN_POINT('Ctrl Pts',(119.852039583333,-49.0796958864277,-10.2056695705167));
#11911=CARTESIAN_POINT('',(119.852039583333,-49.2052001559843,-11.6401899357688));
#11912=CARTESIAN_POINT('Ctrl Pts',(119.852039583333,-49.2052001559843,-11.6401899357688));
#11913=CARTESIAN_POINT('Ctrl Pts',(119.852039583333,-49.0796958864277,-10.2056695705166));
#11914=CARTESIAN_POINT('Ctrl Pts',(122.5283,-48.7347160787261,-11.6813519588983));
#11915=CARTESIAN_POINT('Ctrl Pts',(122.5283,-48.6092118091695,-10.2468315936461));
#11916=CARTESIAN_POINT('Ctrl Pts',(128.29013125,-47.1037046108979,-11.8240469724141));
#11917=CARTESIAN_POINT('Ctrl Pts',(128.29013125,-46.9782003413413,-10.3895266071619));
#11918=CARTESIAN_POINT('Ctrl Pts',(130.55708125,-46.1941020615322,-11.9036268837979));
#11919=CARTESIAN_POINT('Ctrl Pts',(130.55708125,-46.0685977919756,-10.4691065185457));
#11920=CARTESIAN_POINT('',(130.55708125,-46.1941020615322,-11.9036268837979));
#11921=CARTESIAN_POINT('Ctrl Pts',(130.55708125,-46.1941020615322,-11.9036268837979));
#11922=CARTESIAN_POINT('Ctrl Pts',(130.55708125,-46.0685977919756,-10.4691065185457));
#11923=CARTESIAN_POINT('Ctrl Pts',(131.0293625,-46.0059084306289,-11.9200916930497));
#11924=CARTESIAN_POINT('Ctrl Pts',(131.0293625,-45.8804041610723,-10.4855713277975));
#11925=CARTESIAN_POINT('Ctrl Pts',(131.092333333333,-46.2254676666827,-11.9008827489226));
#11926=CARTESIAN_POINT('Ctrl Pts',(131.092333333333,-46.0999633971261,-10.4663623836704));
#11927=CARTESIAN_POINT('Ctrl Pts',(131.092333333333,-48.5778880529734,-11.6950726332748));
#11928=CARTESIAN_POINT('Ctrl Pts',(131.092333333333,-48.4523837834168,-10.2605522680226));
#11929=CARTESIAN_POINT('',(131.092333333333,-48.5778880529734,-11.6950726332748));
#11930=CARTESIAN_POINT('Ctrl Pts',(131.092333333333,-48.5778880529734,-11.6950726332748));
#11931=CARTESIAN_POINT('Ctrl Pts',(131.092333333333,-48.4523837834168,-10.2605522680227));
#11932=CARTESIAN_POINT('Ctrl Pts',(131.092333333333,-52.2790294607375,-11.3712647179891));
#11933=CARTESIAN_POINT('Ctrl Pts',(131.092333333333,-52.1535251911809,-9.93674435273698));
#11934=CARTESIAN_POINT('Ctrl Pts',(130.871935416667,-52.5299543019418,-11.3493116389867));
#11935=CARTESIAN_POINT('Ctrl Pts',(130.871935416667,-52.4044500323852,-9.91479127373458));
#11936=CARTESIAN_POINT('Ctrl Pts',(127.2511125,-53.9414065337162,-11.2258255695981));
#11937=CARTESIAN_POINT('Ctrl Pts',(127.2511125,-53.8159022641596,-9.79130520434598));
#11938=CARTESIAN_POINT('',(127.2511125,-53.9414065337162,-11.2258255695981));
#11939=CARTESIAN_POINT('Ctrl Pts',(127.2511125,-53.9414065337162,-11.2258255695981));
#11940=CARTESIAN_POINT('Ctrl Pts',(127.2511125,-53.8159022641597,-9.79130520434557));
#11941=CARTESIAN_POINT('Ctrl Pts',(119.474214583333,-56.9838702333189,-10.9596444866937));
#11942=CARTESIAN_POINT('Ctrl Pts',(119.474214583333,-56.8583659637624,-9.52512412144117));
#11943=CARTESIAN_POINT('Ctrl Pts',(114.247635416667,-57.799375967233,-10.8882969799358));
#11944=CARTESIAN_POINT('Ctrl Pts',(114.247635416667,-57.6738716976765,-9.45377661468327));
#11945=CARTESIAN_POINT('Ctrl Pts',(102.755458333333,-57.799375967233,-10.8882969799358));
#11946=CARTESIAN_POINT('Ctrl Pts',(102.755458333333,-57.6738716976765,-9.45377661468327));
#11947=CARTESIAN_POINT('',(102.755458333333,-57.799375967233,-10.8882969799358));
#11948=CARTESIAN_POINT('Ctrl Pts',(102.755458333333,-57.799375967233,-10.8882969799358));
#11949=CARTESIAN_POINT('Ctrl Pts',(102.755458333333,-57.6738716976764,-9.45377661468369));
#11950=CARTESIAN_POINT('Ctrl Pts',(94.9785604166667,-57.799375967233,-10.8882969799358));
#11951=CARTESIAN_POINT('Ctrl Pts',(94.9785604166667,-57.6738716976764,-9.45377661468369));
#11952=CARTESIAN_POINT('Ctrl Pts',(93.71914375,-57.7366447569319,-10.8937852496864));
#11953=CARTESIAN_POINT('Ctrl Pts',(93.71914375,-57.6111404873753,-9.45926488443429));
#11954=CARTESIAN_POINT('Ctrl Pts',(90.4761458333333,-57.0779670487705,-10.9514120820678));
#11955=CARTESIAN_POINT('Ctrl Pts',(90.4761458333333,-56.9524627792139,-9.51689171681569));
#11956=CARTESIAN_POINT('',(90.4761458333333,-57.0779670487705,-10.9514120820678));
#11957=CARTESIAN_POINT('Ctrl Pts',(90.4761458333333,-57.0779670487705,-10.9514120820678));
#11958=CARTESIAN_POINT('Ctrl Pts',(90.4761458333333,-56.9524627792139,-9.51689171681552));
#11959=CARTESIAN_POINT('Ctrl Pts',(74.8908645833333,-53.9727721388668,-11.2230814347228));
#11960=CARTESIAN_POINT('Ctrl Pts',(74.8908645833333,-53.8472678693102,-9.78856106947052));
#11961=CARTESIAN_POINT('Ctrl Pts',(62.8004645833333,-47.5741886881561,-11.7828849492845));
#11962=CARTESIAN_POINT('Ctrl Pts',(62.8004645833333,-47.4486844185994,-10.3483645840322));
#11963=CARTESIAN_POINT('Ctrl Pts',(57.4164583333333,-39.5445937696171,-12.4853834773621));
#11964=CARTESIAN_POINT('Ctrl Pts',(57.4164583333333,-39.4190895000604,-11.0508631121098));
#11965=CARTESIAN_POINT('',(57.4164583333333,-39.5445937696171,-12.4853834773621));
#11966=CARTESIAN_POINT('Ctrl Pts',(57.4164583333333,-39.5445937696171,-12.4853834773621));
#11967=CARTESIAN_POINT('Ctrl Pts',(57.4164583333333,-39.4190895000605,-11.0508631121099));
#11968=CARTESIAN_POINT('Ctrl Pts',(56.2281276688722,-37.7688807083431,-12.6407382398984));
#11969=CARTESIAN_POINT('Ctrl Pts',(56.2281276688722,-37.6433764387864,-11.2062178746462));
#11970=CARTESIAN_POINT('Ctrl Pts',(55.4173631409897,-35.9840493589857,-12.7968907492729));
#11971=CARTESIAN_POINT('Ctrl Pts',(55.4173631409897,-35.8585450894291,-11.3623703840207));
#11972=CARTESIAN_POINT('Ctrl Pts',(54.9829309663193,-34.2060778713738,-12.9524430985113));
#11973=CARTESIAN_POINT('Ctrl Pts',(54.9829309663193,-34.0805736018172,-11.5179227332591));
#11974=CARTESIAN_POINT('',(56.3153820462747,-37.5881724233977,-11.4519643611844));
#11975=CARTESIAN_POINT('Origin',(54.9829309663193,-37.6927593146949,-12.6473979988944));
#11976=CARTESIAN_POINT('',(47.082903001896,-37.6927593146949,-12.6473979988944));
#11977=CARTESIAN_POINT('Origin',(49.1672791666667,-35.5297963103476,-12.8366327414008));
#11978=CARTESIAN_POINT('',(46.9003291666667,-37.8822166966383,-12.6308226257531));
#11979=CARTESIAN_POINT('Ctrl Pts',(46.9003291666667,-37.8822166966383,-12.6308226257531));
#11980=CARTESIAN_POINT('Ctrl Pts',(46.9003291666667,-37.7567124270817,-11.196302260501));
#11981=CARTESIAN_POINT('Ctrl Pts',(44.22406875,-40.6737555550366,-12.3865946218512));
#11982=CARTESIAN_POINT('Ctrl Pts',(44.22406875,-40.54825128548,-10.9520742565991));
#11983=CARTESIAN_POINT('Ctrl Pts',(42.051575,-44.0612409112953,-12.0902280553184));
#11984=CARTESIAN_POINT('Ctrl Pts',(42.051575,-43.9357366417387,-10.6557076900663));
#11985=CARTESIAN_POINT('Ctrl Pts',(40.5717604166667,-47.6682855036077,-11.7746525446586));
#11986=CARTESIAN_POINT('Ctrl Pts',(40.5717604166667,-47.542781234051,-10.3401321794065));
#11987=CARTESIAN_POINT('',(40.5717604166667,-47.6682855036077,-11.7746525446586));
#11988=CARTESIAN_POINT('Ctrl Pts',(40.5717604166667,-47.6682855036077,-11.7746525446586));
#11989=CARTESIAN_POINT('Ctrl Pts',(40.5717604166667,-47.5427812340511,-10.3401321794065));
#11990=CARTESIAN_POINT('Ctrl Pts',(39.0919458333333,-51.2753300959201,-11.4590770339988));
#11991=CARTESIAN_POINT('Ctrl Pts',(39.0919458333333,-51.1498258263635,-10.0245566687467));
#11992=CARTESIAN_POINT('Ctrl Pts',(38.7141208333333,-53.8159441131141,-11.2368021090993));
#11993=CARTESIAN_POINT('Ctrl Pts',(38.7141208333333,-53.6904398435575,-9.80228174384718));
#11994=CARTESIAN_POINT('Ctrl Pts',(38.9030333333333,-58.8344409372009,-10.7977405290508));
#11995=CARTESIAN_POINT('Ctrl Pts',(38.9030333333333,-58.7089366676443,-9.36322016379868));
#11996=CARTESIAN_POINT('',(38.9030333333333,-58.8344409372009,-10.7977405290508));
#11997=CARTESIAN_POINT('Origin',(38.9030333333333,-58.8344409372009,-10.7977405290508));
#11998=CARTESIAN_POINT('',(39.0919458333333,-63.0687976325242,-10.4272823208849));
#11999=CARTESIAN_POINT('Origin',(39.0919458333333,-63.0687976325242,-10.4272823208849));
#12000=CARTESIAN_POINT('',(37.3287625,-65.6094116497182,-10.2050073959854));
#12001=CARTESIAN_POINT('Ctrl Pts',(37.3287625,-65.6094116497182,-10.2050073959854));
#12002=CARTESIAN_POINT('Ctrl Pts',(37.3287625,-65.4839073801616,-8.7704870307333));
#12003=CARTESIAN_POINT('Ctrl Pts',(34.0542791666667,-70.3769836326007,-9.78789889493938));
#12004=CARTESIAN_POINT('Ctrl Pts',(34.0542791666667,-70.2514793630441,-8.35337852968729));
#12005=CARTESIAN_POINT('Ctrl Pts',(32.0706979166667,-75.5836740875908,-9.33237250563912));
#12006=CARTESIAN_POINT('Ctrl Pts',(32.0706979166667,-75.4581698180342,-7.89785214038702));
#12007=CARTESIAN_POINT('Ctrl Pts',(31.2835625,-81.4176766455918,-8.82196341883279));
#12008=CARTESIAN_POINT('Ctrl Pts',(31.2835625,-81.2921723760352,-7.3874430535807));
#12009=CARTESIAN_POINT('',(31.2835625,-81.4176766455918,-8.82196341883279));
#12010=CARTESIAN_POINT('Ctrl Pts',(31.2835625,-81.4176766455918,-8.82196341883279));
#12011=CARTESIAN_POINT('Ctrl Pts',(31.2835625,-81.2921723760352,-7.38744305358068));
#12012=CARTESIAN_POINT('Ctrl Pts',(30.7797958333333,-84.9619900276031,-8.51187617792357));
#12013=CARTESIAN_POINT('Ctrl Pts',(30.7797958333333,-84.8364857580465,-7.07735581267146));
#12014=CARTESIAN_POINT('Ctrl Pts',(31.0316791666667,-89.9177556413889,-8.07830286762573));
#12015=CARTESIAN_POINT('Ctrl Pts',(31.0316791666667,-89.7922513718322,-6.64378250237362));
#12016=CARTESIAN_POINT('Ctrl Pts',(31.8503,-92.7720257100883,-7.82858659397317));
#12017=CARTESIAN_POINT('Ctrl Pts',(31.8503,-92.6465214405317,-6.39406622872106));
#12018=CARTESIAN_POINT('',(31.8503,-92.7720257100883,-7.82858659397317));
#12019=CARTESIAN_POINT('Origin',(31.8503,-92.7720257100883,-7.82858659397317));
#12020=CARTESIAN_POINT('',(32.4170375,-94.8107900448735,-7.65021782707849));
#12021=CARTESIAN_POINT('Origin',(32.4170375,-94.8107900448735,-7.65021782707849));
#12022=CARTESIAN_POINT('',(31.3465333333333,-97.1632104311642,-7.44440771143078));
#12023=CARTESIAN_POINT('Ctrl Pts',(31.3465333333333,-97.1632104311642,-7.44440771143078));
#12024=CARTESIAN_POINT('Ctrl Pts',(31.3465333333333,-97.0377061616075,-6.00988734617652));
#12025=CARTESIAN_POINT('Ctrl Pts',(27.7571958333333,-105.067342929101,-6.75288572285447));
#12026=CARTESIAN_POINT('Ctrl Pts',(27.7571958333333,-104.941838659544,-5.31836535760021));
#12027=CARTESIAN_POINT('Ctrl Pts',(27.03303125,-117.770413015071,-5.64151109835683));
#12028=CARTESIAN_POINT('Ctrl Pts',(27.03303125,-117.644908745514,-4.20699073310257));
#12029=CARTESIAN_POINT('Ctrl Pts',(29.7092916666667,-125.705911118158,-4.94724497490522));
#12030=CARTESIAN_POINT('Ctrl Pts',(29.7092916666667,-125.580406848601,-3.51272460965096));
#12031=CARTESIAN_POINT('',(29.4295442338892,-124.712906885801,-3.82953778301768));
#12032=CARTESIAN_POINT('Origin',(30.395678798908,-124.817493777099,-5.02497142072779));
#12033=CARTESIAN_POINT('',(35.1511980119001,-124.817493777099,-5.02497142072778));
#12034=CARTESIAN_POINT('Ctrl Pts',(35.2192395833333,-124.984502199696,-5.01036007703718));
#12035=CARTESIAN_POINT('Ctrl Pts',(35.2192395833333,-124.85899793014,-3.57583971178506));
#12036=CARTESIAN_POINT('Ctrl Pts',(33.1412020833333,-119.997370980759,-5.44667752221033));
#12037=CARTESIAN_POINT('Ctrl Pts',(33.1412020833333,-119.871866711203,-4.01215715695821));
#12038=CARTESIAN_POINT('Ctrl Pts',(33.1412020833333,-109.803549306833,-6.33852135668374));
#12039=CARTESIAN_POINT('Ctrl Pts',(33.1412020833333,-109.678045037277,-4.90400099143162));
#12040=CARTESIAN_POINT('Ctrl Pts',(35.250725,-102.589460122208,-6.96967237800339));
#12041=CARTESIAN_POINT('Ctrl Pts',(35.250725,-102.463955852652,-5.53515201275127));
#12042=CARTESIAN_POINT('',(35.250725,-102.589460122208,-6.96967237800339));
#12043=CARTESIAN_POINT('Origin',(35.250725,-102.589460122208,-6.96967237800339));
#12044=CARTESIAN_POINT('',(35.72300625,-100.927083049229,-7.11511152639444));
#12045=CARTESIAN_POINT('Origin',(35.72300625,-100.927083049229,-7.11511152639444));
#12046=CARTESIAN_POINT('',(36.7305395833333,-102.432632096455,-6.98339305237991));
#12047=CARTESIAN_POINT('Ctrl Pts',(36.7305395833333,-102.432632096455,-6.98339305237991));
#12048=CARTESIAN_POINT('Ctrl Pts',(36.7305395833333,-102.307127826899,-5.54887268712731));
#12049=CARTESIAN_POINT('Ctrl Pts',(37.2972770833333,-103.24813783037,-6.91204554562203));
#12050=CARTESIAN_POINT('Ctrl Pts',(37.2972770833333,-103.122633560814,-5.47752518036943));
#12051=CARTESIAN_POINT('Ctrl Pts',(38.0844125,-104.345934010639,-6.81600082498643));
#12052=CARTESIAN_POINT('Ctrl Pts',(38.0844125,-104.220429741083,-5.38148045973383));
#12053=CARTESIAN_POINT('Ctrl Pts',(38.4937229166667,-104.910514903348,-6.76660639723098));
#12054=CARTESIAN_POINT('Ctrl Pts',(38.4937229166667,-104.785010633792,-5.33208603197838));
#12055=CARTESIAN_POINT('',(38.4937229166667,-104.910514903348,-6.76660639723098));
#12056=CARTESIAN_POINT('Ctrl Pts',(38.4937229166667,-104.910514903348,-6.76660639723098));
#12057=CARTESIAN_POINT('Ctrl Pts',(38.4937229166667,-104.785010633792,-5.33208603197819));
#12058=CARTESIAN_POINT('Ctrl Pts',(39.2178875,-105.882848663015,-6.6815382160966));
#12059=CARTESIAN_POINT('Ctrl Pts',(39.2178875,-105.757344393459,-5.24701785084381));
#12060=CARTESIAN_POINT('Ctrl Pts',(39.2178875,-105.945579873316,-6.67604994634599));
#12061=CARTESIAN_POINT('Ctrl Pts',(39.2178875,-105.82007560376,-5.2415295810932));
#12062=CARTESIAN_POINT('Ctrl Pts',(38.8400625,-108.45482828536,-6.45651915632176));
#12063=CARTESIAN_POINT('Ctrl Pts',(38.8400625,-108.329324015804,-5.02199879106897));
#12064=CARTESIAN_POINT('',(38.8400625,-108.45482828536,-6.45651915632176));
#12065=CARTESIAN_POINT('Ctrl Pts',(38.8400625,-108.45482828536,-6.45651915632176));
#12066=CARTESIAN_POINT('Ctrl Pts',(38.8400625,-108.329324015802,-5.02199879106965));
#12067=CARTESIAN_POINT('Ctrl Pts',(37.6916210937649,-115.879120374465,-5.80697776381986));
#12068=CARTESIAN_POINT('Ctrl Pts',(37.6916210937649,-115.753616104907,-4.37245739856775));
#12069=CARTESIAN_POINT('Ctrl Pts',(40.1651583789358,-122.358858544989,-5.2400741312828));
#12070=CARTESIAN_POINT('Ctrl Pts',(40.1651583789358,-122.233354275431,-3.80555376603069));
#12071=CARTESIAN_POINT('Ctrl Pts',(46.2165238868714,-127.806077871374,-4.7635041924848));
#12072=CARTESIAN_POINT('Ctrl Pts',(46.2165238868714,-127.680573601816,-3.32898382723269));
#12073=CARTESIAN_POINT('',(43.3401292940197,-124.712906885801,-3.82953778301768));
#12074=CARTESIAN_POINT('Origin',(30.395678798908,-124.817493777099,-5.02497142072773));
#12075=CARTESIAN_POINT('',(51.2843355536698,-124.817493777099,-5.02497142072777));
#12076=CARTESIAN_POINT('Ctrl Pts',(55.4165004297098,-127.806077871366,-4.76350419248552));
#12077=CARTESIAN_POINT('Ctrl Pts',(55.4165004297098,-127.68057360181,-3.3289838272334));
#12078=CARTESIAN_POINT('Ctrl Pts',(53.3065575048784,-126.528447121728,-4.87528239925097));
#12079=CARTESIAN_POINT('Ctrl Pts',(53.3065575048784,-126.402942852172,-3.44076203399885));
#12080=CARTESIAN_POINT('Ctrl Pts',(51.3981372924252,-125.042644481384,-5.00527328651794));
#12081=CARTESIAN_POINT('Ctrl Pts',(51.3981372924252,-124.917140211828,-3.57075292126582));
#12082=CARTESIAN_POINT('Ctrl Pts',(49.70253125,-123.353490731867,-5.15305509055293));
#12083=CARTESIAN_POINT('Ctrl Pts',(49.70253125,-123.227986462311,-3.71853472530081));
#12084=CARTESIAN_POINT('',(49.70253125,-123.353490731867,-5.15305509055293));
#12085=CARTESIAN_POINT('Ctrl Pts',(49.70253125,-123.353490731867,-5.15305509055293));
#12086=CARTESIAN_POINT('Ctrl Pts',(49.70253125,-123.227986462311,-3.71853472530081));
#12087=CARTESIAN_POINT('Ctrl Pts',(45.7983395833333,-119.495521298351,-5.49058368021517));
#12088=CARTESIAN_POINT('Ctrl Pts',(45.7983395833333,-119.370017028795,-4.05606331496305));
#12089=CARTESIAN_POINT('Ctrl Pts',(44.22406875,-116.202132757544,-5.77871784212197));
#12090=CARTESIAN_POINT('Ctrl Pts',(44.22406875,-116.076628487988,-4.34419747686985));
#12091=CARTESIAN_POINT('Ctrl Pts',(44.1925833333333,-111.93641045707,-6.15192018516315));
#12092=CARTESIAN_POINT('Ctrl Pts',(44.1925833333333,-111.810906187514,-4.71739981991103));
#12093=CARTESIAN_POINT('',(44.1925833333333,-111.93641045707,-6.15192018516315));
#12094=CARTESIAN_POINT('Ctrl Pts',(44.1925833333333,-111.93641045707,-6.15192018516315));
#12095=CARTESIAN_POINT('Ctrl Pts',(44.1925833333333,-111.810906187514,-4.71739981991104));
#12096=CARTESIAN_POINT('Ctrl Pts',(44.1925833333333,-110.336764594392,-6.29187106380359));
#12097=CARTESIAN_POINT('Ctrl Pts',(44.1925833333333,-110.211260324836,-4.85735069855148));
#12098=CARTESIAN_POINT('Ctrl Pts',(44.22406875,-110.274033384091,-6.2973593335542));
#12099=CARTESIAN_POINT('Ctrl Pts',(44.22406875,-110.148529114535,-4.86283896830209));
#12100=CARTESIAN_POINT('Ctrl Pts',(44.79080625,-110.681786251048,-6.26168558017527));
#12101=CARTESIAN_POINT('Ctrl Pts',(44.79080625,-110.556281981492,-4.82716521492316));
#12102=CARTESIAN_POINT('',(44.79080625,-110.681786251048,-6.26168558017527));
#12103=CARTESIAN_POINT('Ctrl Pts',(44.79080625,-110.681786251048,-6.26168558017527));
#12104=CARTESIAN_POINT('Ctrl Pts',(44.79080625,-110.556281981492,-4.82716521492274));
#12105=CARTESIAN_POINT('Ctrl Pts',(45.1056604166667,-110.932711092253,-6.23973250117284));
#12106=CARTESIAN_POINT('Ctrl Pts',(45.1056604166667,-110.807206822697,-4.80521213592031));
#12107=CARTESIAN_POINT('Ctrl Pts',(46.6169604166667,-111.96777606222,-6.14917605028785));
#12108=CARTESIAN_POINT('Ctrl Pts',(46.6169604166667,-111.842271792664,-4.71465568503532));
#12109=CARTESIAN_POINT('Ctrl Pts',(48.1282604166667,-112.971475427038,-6.06136373427816));
#12110=CARTESIAN_POINT('Ctrl Pts',(48.1282604166667,-112.845971157482,-4.62684336902563));
#12111=CARTESIAN_POINT('',(48.1282604166667,-112.971475427038,-6.06136373427816));
#12112=CARTESIAN_POINT('Ctrl Pts',(48.1282604166667,-112.971475427038,-6.06136373427816));
#12113=CARTESIAN_POINT('Ctrl Pts',(48.1282604166667,-112.845971157481,-4.62684336902418));
#12114=CARTESIAN_POINT('Ctrl Pts',(55.0235666666667,-117.644950594469,-5.65248763785804));
#12115=CARTESIAN_POINT('Ctrl Pts',(55.0235666666667,-117.519446324912,-4.21796727260406));
#12116=CARTESIAN_POINT('Ctrl Pts',(64.24879375,-121.314726397082,-5.33142385744761));
#12117=CARTESIAN_POINT('Ctrl Pts',(64.24879375,-121.189222127525,-3.89690349219363));
#12118=CARTESIAN_POINT('Ctrl Pts',(73.88333125,-123.259393916416,-5.16128749517883));
#12119=CARTESIAN_POINT('Ctrl Pts',(73.88333125,-123.133889646859,-3.72676712992485));
#12120=CARTESIAN_POINT('',(73.88333125,-123.259393916416,-5.16128749517883));
#12121=CARTESIAN_POINT('Ctrl Pts',(73.88333125,-123.259393916416,-5.16128749517883));
#12122=CARTESIAN_POINT('Ctrl Pts',(73.88333125,-123.13388964686,-3.72676712992654));
#12123=CARTESIAN_POINT('Ctrl Pts',(76.90593125,-123.886706019427,-5.10640479767278));
#12124=CARTESIAN_POINT('Ctrl Pts',(76.90593125,-123.761201749871,-3.67188443242049));
#12125=CARTESIAN_POINT('Ctrl Pts',(78.322775,-123.980802834878,-5.09817239304687));
#12126=CARTESIAN_POINT('Ctrl Pts',(78.322775,-123.855298565322,-3.66365202779458));
#12127=CARTESIAN_POINT('Ctrl Pts',(83.70678125,-123.949437229728,-5.10091652792218));
#12128=CARTESIAN_POINT('Ctrl Pts',(83.70678125,-123.823932960172,-3.66639616266989));
#12129=CARTESIAN_POINT('',(83.70678125,-123.949437229728,-5.10091652792218));
#12130=CARTESIAN_POINT('Ctrl Pts',(83.70678125,-123.949437229728,-5.10091652792218));
#12131=CARTESIAN_POINT('Ctrl Pts',(83.70678125,-123.823932960172,-3.66639616267005));
#12132=CARTESIAN_POINT('Ctrl Pts',(88.1147395833333,-123.949437229728,-5.10091652792218));
#12133=CARTESIAN_POINT('Ctrl Pts',(88.1147395833333,-123.823932960172,-3.66639616267005));
#12134=CARTESIAN_POINT('Ctrl Pts',(90.7280291666667,-123.792609203975,-5.11463720229869));
#12135=CARTESIAN_POINT('Ctrl Pts',(90.7280291666667,-123.667104934419,-3.68011683704656));
#12136=CARTESIAN_POINT('Ctrl Pts',(92.3652708333333,-123.447587547319,-5.14482268592702));
#12137=CARTESIAN_POINT('Ctrl Pts',(92.3652708333333,-123.322083277763,-3.71030232067489));
#12138=CARTESIAN_POINT('',(92.3652708333333,-123.447587547319,-5.14482268592702));
#12139=CARTESIAN_POINT('Ctrl Pts',(92.3652708333333,-123.447587547319,-5.14482268592702));
#12140=CARTESIAN_POINT('Ctrl Pts',(92.3652708333333,-123.322083277763,-3.7103023206749));
#12141=CARTESIAN_POINT('Ctrl Pts',(93.6561729166667,-123.165297100964,-5.16951989980474));
#12142=CARTESIAN_POINT('Ctrl Pts',(93.6561729166667,-123.039792831408,-3.73499953455262));
#12143=CARTESIAN_POINT('Ctrl Pts',(94.7581625,-122.977103470061,-5.18598470905656));
#12144=CARTESIAN_POINT('Ctrl Pts',(94.7581625,-122.851599200505,-3.75146434380444));
#12145=CARTESIAN_POINT('Ctrl Pts',(94.7896479166667,-123.008469075212,-5.18324057418126));
#12146=CARTESIAN_POINT('Ctrl Pts',(94.7896479166667,-122.882964805656,-3.74872020892914));
#12147=CARTESIAN_POINT('',(94.7896479166667,-123.008469075212,-5.18324057418126));
#12148=CARTESIAN_POINT('Ctrl Pts',(94.7896479166667,-123.008469075212,-5.18324057418126));
#12149=CARTESIAN_POINT('Ctrl Pts',(94.7896479166667,-122.882964805654,-3.74872020892914));
#12150=CARTESIAN_POINT('Ctrl Pts',(94.85261875,-123.039834680362,-5.18049643930595));
#12151=CARTESIAN_POINT('Ctrl Pts',(94.85261875,-122.914330410804,-3.74597607405383));
#12152=CARTESIAN_POINT('Ctrl Pts',(93.8450854166667,-124.106265255481,-5.08719585354566));
#12153=CARTESIAN_POINT('Ctrl Pts',(93.8450854166667,-123.980760985923,-3.65267548829354));
#12154=CARTESIAN_POINT('Ctrl Pts',(92.58566875,-125.360889461502,-4.97743045853355));
#12155=CARTESIAN_POINT('Ctrl Pts',(92.58566875,-125.235385191944,-3.54291009328143));
#12156=CARTESIAN_POINT('',(93.1270820971345,-124.712906885801,-3.82953778301768));
#12157=CARTESIAN_POINT('Origin',(30.395678798908,-124.817493777099,-5.02497142072774));
#12158=CARTESIAN_POINT('',(100.43573019081,-124.817493777099,-5.02497142072777));
#12159=CARTESIAN_POINT('Ctrl Pts',(97.8105380530204,-127.806077871374,-4.7635041924848));
#12160=CARTESIAN_POINT('Ctrl Pts',(97.8105380530204,-127.680573601818,-3.32898382723268));
#12161=CARTESIAN_POINT('Ctrl Pts',(103.54134970177,-121.779574108151,-5.29075495246313));
#12162=CARTESIAN_POINT('Ctrl Pts',(103.54134970177,-121.654069838595,-3.85623458721101));
#12163=CARTESIAN_POINT('Ctrl Pts',(104.815498393392,-118.014317931841,-5.62017218316121));
#12164=CARTESIAN_POINT('Ctrl Pts',(104.815498393392,-117.888813662285,-4.18565181790909));
#12165=CARTESIAN_POINT('Ctrl Pts',(101.684954166667,-116.484423203899,-5.75402062824425));
#12166=CARTESIAN_POINT('Ctrl Pts',(101.684954166667,-116.358918934343,-4.31950026299213));
#12167=CARTESIAN_POINT('',(101.684954166667,-116.484423203899,-5.75402062824425));
#12168=CARTESIAN_POINT('Ctrl Pts',(101.684954166667,-116.484423203899,-5.75402062824425));
#12169=CARTESIAN_POINT('Ctrl Pts',(101.684954166667,-116.358918934341,-4.31950026299168));
#12170=CARTESIAN_POINT('Ctrl Pts',(100.457022916667,-115.888476706038,-5.806159190875));
#12171=CARTESIAN_POINT('Ctrl Pts',(100.457022916667,-115.76297243648,-4.37163882562243));
#12172=CARTESIAN_POINT('Ctrl Pts',(100.457022916667,-115.888476706038,-5.806159190875));
#12173=CARTESIAN_POINT('Ctrl Pts',(100.457022916667,-115.76297243648,-4.37163882562243));
#12174=CARTESIAN_POINT('Ctrl Pts',(96.9621416666667,-116.703982439952,-5.73481168411713));
#12175=CARTESIAN_POINT('Ctrl Pts',(96.9621416666667,-116.578478170394,-4.30029131886456));
#12176=CARTESIAN_POINT('',(96.9621416666667,-116.703982439952,-5.73481168411713));
#12177=CARTESIAN_POINT('Ctrl Pts',(96.9621416666667,-116.703982439952,-5.73481168411713));
#12178=CARTESIAN_POINT('Ctrl Pts',(96.9621416666667,-116.578478170396,-4.30029131886471));
#12179=CARTESIAN_POINT('Ctrl Pts',(91.0428833333334,-118.115434671727,-5.6113256147285));
#12180=CARTESIAN_POINT('Ctrl Pts',(91.0428833333334,-117.989930402171,-4.17680524947608));
#12181=CARTESIAN_POINT('Ctrl Pts',(89.56306875,-118.27226269748,-5.59760494035198));
#12182=CARTESIAN_POINT('Ctrl Pts',(89.56306875,-118.146758427924,-4.16308457509956));
#12183=CARTESIAN_POINT('Ctrl Pts',(83.70678125,-118.30362830263,-5.59486080547668));
#12184=CARTESIAN_POINT('Ctrl Pts',(83.70678125,-118.178124033074,-4.16034044022426));
#12185=CARTESIAN_POINT('',(83.70678125,-118.30362830263,-5.59486080547668));
#12186=CARTESIAN_POINT('Ctrl Pts',(83.70678125,-118.30362830263,-5.59486080547668));
#12187=CARTESIAN_POINT('Ctrl Pts',(83.70678125,-118.178124033074,-4.16034044022457));
#12188=CARTESIAN_POINT('Ctrl Pts',(79.6451625,-118.30362830263,-5.59486080547668));
#12189=CARTESIAN_POINT('Ctrl Pts',(79.6451625,-118.178124033074,-4.16034044022457));
#12190=CARTESIAN_POINT('Ctrl Pts',(77.2522708333333,-118.146800276877,-5.60858147985319));
#12191=CARTESIAN_POINT('Ctrl Pts',(77.2522708333333,-118.021296007321,-4.17406111460108));
#12192=CARTESIAN_POINT('Ctrl Pts',(75.20571875,-117.770413015071,-5.64151109835683));
#12193=CARTESIAN_POINT('Ctrl Pts',(75.20571875,-117.644908745515,-4.20699073310472));
#12194=CARTESIAN_POINT('',(75.20571875,-117.770413015071,-5.64151109835683));
#12195=CARTESIAN_POINT('Ctrl Pts',(75.20571875,-117.770413015071,-5.64151109835683));
#12196=CARTESIAN_POINT('Ctrl Pts',(75.20571875,-117.644908745515,-4.20699073310471));
#12197=CARTESIAN_POINT('Ctrl Pts',(63.30423125,-115.543455049382,-5.83634467450333));
#12198=CARTESIAN_POINT('Ctrl Pts',(63.30423125,-115.417950779826,-4.40182430925121));
#12199=CARTESIAN_POINT('Ctrl Pts',(52.25285,-110.368130199543,-6.28912692892829));
#12200=CARTESIAN_POINT('Ctrl Pts',(52.25285,-110.242625929987,-4.85460656367617));
#12201=CARTESIAN_POINT('Ctrl Pts',(45.4834854166667,-103.906815538531,-6.85441871324067));
#12202=CARTESIAN_POINT('Ctrl Pts',(45.4834854166667,-103.781311268975,-5.41989834798855));
#12203=CARTESIAN_POINT('',(45.4834854166667,-103.906815538531,-6.85441871324067));
#12204=CARTESIAN_POINT('Ctrl Pts',(45.4834854166667,-103.906815538531,-6.85441871324067));
#12205=CARTESIAN_POINT('Ctrl Pts',(45.4834854166667,-103.781311268975,-5.41989834798856));
#12206=CARTESIAN_POINT('Ctrl Pts',(36.9824229166667,-95.8144894096909,-7.5624055110688));
#12207=CARTESIAN_POINT('Ctrl Pts',(36.9824229166667,-95.6889851401345,-6.12788514581669));
#12208=CARTESIAN_POINT('Ctrl Pts',(34.6839875,-86.6557327057324,-8.36369289465722));
#12209=CARTESIAN_POINT('Ctrl Pts',(34.6839875,-86.530228436176,-6.92917252940511));
#12210=CARTESIAN_POINT('Ctrl Pts',(38.36778125,-75.8345989287951,-9.31041942663669));
#12211=CARTESIAN_POINT('Ctrl Pts',(38.36778125,-75.7090946592387,-7.87589906138458));
#12212=CARTESIAN_POINT('',(38.36778125,-75.8345989287951,-9.31041942663669));
#12213=CARTESIAN_POINT('Ctrl Pts',(38.36778125,-75.8345989287951,-9.31041942663669));
#12214=CARTESIAN_POINT('Ctrl Pts',(38.36778125,-75.7090946592386,-7.87589906138458));
#12215=CARTESIAN_POINT('Ctrl Pts',(39.0919458333333,-73.7331033837088,-9.49427646328198));
#12216=CARTESIAN_POINT('Ctrl Pts',(39.0919458333333,-73.6075991141523,-8.05975609802987));
#12217=CARTESIAN_POINT('Ctrl Pts',(41.01255625,-69.2478218471811,-9.88668775045029));
#12218=CARTESIAN_POINT('Ctrl Pts',(41.01255625,-69.1223175776246,-8.45216738519818));
#12219=CARTESIAN_POINT('Ctrl Pts',(41.2329541666667,-69.2478218471811,-9.88668775045029));
#12220=CARTESIAN_POINT('Ctrl Pts',(41.2329541666667,-69.1223175776246,-8.45216738519818));
#12221=CARTESIAN_POINT('',(41.2329541666667,-69.2478218471811,-9.88668775045029));
#12222=CARTESIAN_POINT('Ctrl Pts',(41.2329541666667,-69.2478218471811,-9.88668775045029));
#12223=CARTESIAN_POINT('Ctrl Pts',(41.2329541666667,-69.1223175776246,-8.45216738519795));
#12224=CARTESIAN_POINT('Ctrl Pts',(41.2644395833333,-69.2478218471811,-9.88668775045029));
#12225=CARTESIAN_POINT('Ctrl Pts',(41.2644395833333,-69.1223175776246,-8.45216738519795));
#12226=CARTESIAN_POINT('Ctrl Pts',(41.8941479166667,-70.3142524222996,-9.79338716468999));
#12227=CARTESIAN_POINT('Ctrl Pts',(41.8941479166667,-70.1887481527431,-8.35886679943765));
#12228=CARTESIAN_POINT('Ctrl Pts',(42.6183125,-71.6629734437729,-9.67538936505197));
#12229=CARTESIAN_POINT('Ctrl Pts',(42.6183125,-71.5374691742164,-8.24086899979963));
#12230=CARTESIAN_POINT('',(42.6183125,-71.6629734437729,-9.67538936505197));
#12231=CARTESIAN_POINT('Origin',(42.6183125,-71.6629734437729,-9.67538936505197));
#12232=CARTESIAN_POINT('',(43.9092145833333,-74.0467594352142,-9.46683511452895));
#12233=CARTESIAN_POINT('Origin',(43.9092145833333,-74.0467594352142,-9.46683511452895));
#12234=CARTESIAN_POINT('',(43.2480208333333,-75.9600613493973,-9.29944288713548));
#12235=CARTESIAN_POINT('Ctrl Pts',(43.2480208333333,-75.9600613493973,-9.29944288713548));
#12236=CARTESIAN_POINT('Ctrl Pts',(43.2480208333333,-75.8345570798407,-7.86492252188333));
#12237=CARTESIAN_POINT('Ctrl Pts',(42.3034583333333,-78.6261377871934,-9.06619142273474));
#12238=CARTESIAN_POINT('Ctrl Pts',(42.3034583333333,-78.5006335176368,-7.63167105748259));
#12239=CARTESIAN_POINT('Ctrl Pts',(42.0830604166667,-82.6723008516135,-8.71219802382068));
#12240=CARTESIAN_POINT('Ctrl Pts',(42.0830604166667,-82.5467965820569,-7.27767765856853));
#12241=CARTESIAN_POINT('Ctrl Pts',(42.7442541666667,-85.1501836585064,-8.49541136867176));
#12242=CARTESIAN_POINT('Ctrl Pts',(42.7442541666667,-85.0246793889498,-7.06089100341962));
#12243=CARTESIAN_POINT('',(42.7442541666667,-85.1501836585064,-8.49541136867176));
#12244=CARTESIAN_POINT('Ctrl Pts',(42.7442541666667,-85.1501836585064,-8.49541136867176));
#12245=CARTESIAN_POINT('Ctrl Pts',(42.7442541666667,-85.0246793889498,-7.06089100341964));
#12246=CARTESIAN_POINT('Ctrl Pts',(44.1296125,-90.5764333495503,-8.02067603524437));
#12247=CARTESIAN_POINT('Ctrl Pts',(44.1296125,-90.4509290799936,-6.58615566999225));
#12248=CARTESIAN_POINT('Ctrl Pts',(49.1043083333333,-96.91228558996,-7.4663607904332));
#12249=CARTESIAN_POINT('Ctrl Pts',(49.1043083333333,-96.7867813204034,-6.03184042518108));
#12250=CARTESIAN_POINT('Ctrl Pts',(55.0550520833333,-100.864351838928,-7.12059979614505));
#12251=CARTESIAN_POINT('Ctrl Pts',(55.0550520833333,-100.738847569371,-5.68607943089293));
#12252=CARTESIAN_POINT('',(55.0550520833333,-100.864351838928,-7.12059979614505));
#12253=CARTESIAN_POINT('Ctrl Pts',(55.0550520833333,-100.864351838928,-7.12059979614505));
#12254=CARTESIAN_POINT('Ctrl Pts',(55.0550520833333,-100.738847569371,-5.6860794308909));
#12255=CARTESIAN_POINT('Ctrl Pts',(67.9640729166667,-109.427162045026,-6.37145097518738));
#12256=CARTESIAN_POINT('Ctrl Pts',(67.9640729166667,-109.301657775469,-4.93693060993323));
#12257=CARTESIAN_POINT('Ctrl Pts',(85.50145,-112.281432113726,-6.12173470153482));
#12258=CARTESIAN_POINT('Ctrl Pts',(85.50145,-112.155927844169,-4.68721433628067));
#12259=CARTESIAN_POINT('Ctrl Pts',(98.5678979166667,-107.984344208102,-6.49768117945131));
#12260=CARTESIAN_POINT('Ctrl Pts',(98.5678979166667,-107.858839938545,-5.06316081419716));
#12261=CARTESIAN_POINT('',(98.5678979166667,-107.984344208102,-6.49768117945131));
#12262=CARTESIAN_POINT('Ctrl Pts',(98.5678979166667,-107.984344208102,-6.49768117945131));
#12263=CARTESIAN_POINT('Ctrl Pts',(98.5678979166667,-107.858839938544,-5.06316081418933));
#12264=CARTESIAN_POINT('Ctrl Pts',(106.0929125,-105.506461401209,-6.71446783460023));
#12265=CARTESIAN_POINT('Ctrl Pts',(106.0929125,-105.380957131651,-5.27994746933825));
#12266=CARTESIAN_POINT('Ctrl Pts',(110.028589583333,-102.746288147961,-6.95595170362688));
#12267=CARTESIAN_POINT('Ctrl Pts',(110.028589583333,-102.620783878403,-5.5214313383649));
#12268=CARTESIAN_POINT('Ctrl Pts',(116.073789583333,-95.7517581993898,-7.5678937808194));
#12269=CARTESIAN_POINT('Ctrl Pts',(116.073789583333,-95.6262539298313,-6.13337341555742));
#12270=CARTESIAN_POINT('',(116.073789583333,-95.7517581993898,-7.5678937808194));
#12271=CARTESIAN_POINT('Ctrl Pts',(116.073789583333,-95.7517581993898,-7.5678937808194));
#12272=CARTESIAN_POINT('Ctrl Pts',(116.073789583333,-95.6262539298332,-6.1333734155672));
#12273=CARTESIAN_POINT('Ctrl Pts',(119.820554166667,-91.4233046886149,-7.94658439361119));
#12274=CARTESIAN_POINT('Ctrl Pts',(119.820554166667,-91.2978004190583,-6.51206402835899));
#12275=CARTESIAN_POINT('Ctrl Pts',(120.765116666667,-90.5137021392492,-8.02616430499498));
#12276=CARTESIAN_POINT('Ctrl Pts',(120.765116666667,-90.3881978696926,-6.59164393974278));
#12277=CARTESIAN_POINT('Ctrl Pts',(123.315435416667,-88.6944970405177,-8.18532412776254));
#12278=CARTESIAN_POINT('Ctrl Pts',(123.315435416667,-88.5689927709611,-6.75080376251034));
#12279=CARTESIAN_POINT('',(123.315435416667,-88.6944970405177,-8.18532412776254));
#12280=CARTESIAN_POINT('Ctrl Pts',(123.315435416667,-88.6944970405177,-8.18532412776254));
#12281=CARTESIAN_POINT('Ctrl Pts',(123.315435416667,-88.5689927709611,-6.75080376251036));
#12282=CARTESIAN_POINT('Ctrl Pts',(125.424958333333,-87.1889479932916,-8.31704260177708));
#12283=CARTESIAN_POINT('Ctrl Pts',(125.424958333333,-87.063443723735,-6.8825222365249));
#12284=CARTESIAN_POINT('Ctrl Pts',(132.5406625,-82.7350320619146,-8.70670975407007));
#12285=CARTESIAN_POINT('Ctrl Pts',(132.5406625,-82.609527792358,-7.27218938881789));
#12286=CARTESIAN_POINT('Ctrl Pts',(132.82403125,-82.7350320619146,-8.70670975407007));
#12287=CARTESIAN_POINT('Ctrl Pts',(132.82403125,-82.609527792358,-7.27218938881789));
#12288=CARTESIAN_POINT('',(132.82403125,-82.7350320619146,-8.70670975407007));
#12289=CARTESIAN_POINT('Ctrl Pts',(132.82403125,-82.7350320619146,-8.70670975407007));
#12290=CARTESIAN_POINT('Ctrl Pts',(132.82403125,-82.609527792358,-7.27218938881795));
#12291=CARTESIAN_POINT('Ctrl Pts',(133.264827083333,-82.7350320619146,-8.70670975407007));
#12292=CARTESIAN_POINT('Ctrl Pts',(133.264827083333,-82.609527792358,-7.27218938881795));
#12293=CARTESIAN_POINT('Ctrl Pts',(132.792545833333,-86.342076654227,-8.39113424341025));
#12294=CARTESIAN_POINT('Ctrl Pts',(132.792545833333,-86.2165723846704,-6.95661387815813));
#12295=CARTESIAN_POINT('Ctrl Pts',(132.194322916667,-87.5653352550981,-8.28411298327344));
#12296=CARTESIAN_POINT('Ctrl Pts',(132.194322916667,-87.4398309855415,-6.84959261802132));
#12297=CARTESIAN_POINT('',(132.194322916667,-87.5653352550981,-8.28411298327344));
#12298=CARTESIAN_POINT('Ctrl Pts',(132.194322916667,-87.5653352550981,-8.28411298327344));
#12299=CARTESIAN_POINT('Ctrl Pts',(132.194322916667,-87.4398309855415,-6.84959261802088));
#12300=CARTESIAN_POINT('Ctrl Pts',(131.87946875,-88.2553785684101,-8.22374201601678));
#12301=CARTESIAN_POINT('Ctrl Pts',(131.87946875,-88.1298742988535,-6.78922165076422));
#12302=CARTESIAN_POINT('Ctrl Pts',(130.116285416667,-90.3568741134964,-8.03988497937149));
#12303=CARTESIAN_POINT('Ctrl Pts',(130.116285416667,-90.2313698439398,-6.60536461411893));
#12304=CARTESIAN_POINT('Ctrl Pts',(128.29013125,-92.2701760276796,-7.87249275197802));
#12305=CARTESIAN_POINT('Ctrl Pts',(128.29013125,-92.144671758123,-6.43797238672546));
#12306=CARTESIAN_POINT('',(128.29013125,-92.2701760276796,-7.87249275197802));
#12307=CARTESIAN_POINT('Ctrl Pts',(128.29013125,-92.2701760276796,-7.87249275197802));
#12308=CARTESIAN_POINT('Ctrl Pts',(128.29013125,-92.144671758123,-6.4379723867259));
#12309=CARTESIAN_POINT('Ctrl Pts',(117.616575,-103.530428276724,-6.88734833174431));
#12310=CARTESIAN_POINT('Ctrl Pts',(117.616575,-103.404924007167,-5.45282796649219));
#12311=CARTESIAN_POINT('Ctrl Pts',(112.358510416667,-110.650420645898,-6.26442971505057));
#12312=CARTESIAN_POINT('Ctrl Pts',(112.358510416667,-110.524916376341,-4.82990934979845));
#12313=CARTESIAN_POINT('Ctrl Pts',(112.98821875,-113.09693784764,-6.05038719477695));
#12314=CARTESIAN_POINT('Ctrl Pts',(112.98821875,-112.971433578083,-4.61586682952483));
#12315=CARTESIAN_POINT('',(112.98821875,-113.09693784764,-6.05038719477695));
#12316=CARTESIAN_POINT('Ctrl Pts',(112.98821875,-113.09693784764,-6.05038719477695));
#12317=CARTESIAN_POINT('Ctrl Pts',(112.98821875,-112.971433578084,-4.61586682952426));
#12318=CARTESIAN_POINT('Ctrl Pts',(113.491985416667,-115.167067787576,-5.86927429300696));
#12319=CARTESIAN_POINT('Ctrl Pts',(113.491985416667,-115.04156351802,-4.43475392775427));
#12320=CARTESIAN_POINT('Ctrl Pts',(115.286654166667,-115.668917469985,-5.82536813500212));
#12321=CARTESIAN_POINT('Ctrl Pts',(115.286654166667,-115.543413200429,-4.39084776974943));
#12322=CARTESIAN_POINT('Ctrl Pts',(116.892410416667,-114.163368422758,-5.95708660901665));
#12323=CARTESIAN_POINT('Ctrl Pts',(116.892410416667,-114.037864153202,-4.52256624376396));
#12324=CARTESIAN_POINT('',(116.892410416667,-114.163368422758,-5.95708660901665));
#12325=CARTESIAN_POINT('Ctrl Pts',(116.892410416667,-114.163368422758,-5.95708660901665));
#12326=CARTESIAN_POINT('Ctrl Pts',(116.892410416667,-114.037864153202,-4.52256624376454));
#12327=CARTESIAN_POINT('Ctrl Pts',(117.396177083333,-113.6928843455,-5.99824863214619));
#12328=CARTESIAN_POINT('Ctrl Pts',(117.396177083333,-113.567380075944,-4.56372826689408));
#12329=CARTESIAN_POINT('Ctrl Pts',(118.529652083333,-112.250066508575,-6.12447883641012));
#12330=CARTESIAN_POINT('Ctrl Pts',(118.529652083333,-112.124562239019,-4.68995847115801));
#12331=CARTESIAN_POINT('Ctrl Pts',(119.41124375,-110.964076697403,-6.23698836629754));
#12332=CARTESIAN_POINT('Ctrl Pts',(119.41124375,-110.838572427847,-4.80246800104543));
#12333=CARTESIAN_POINT('',(119.41124375,-110.964076697403,-6.23698836629754));
#12334=CARTESIAN_POINT('Ctrl Pts',(119.41124375,-110.964076697403,-6.23698836629754));
#12335=CARTESIAN_POINT('Ctrl Pts',(119.41124375,-110.838572427847,-4.80246800104542));
#12336=CARTESIAN_POINT('Ctrl Pts',(121.646708333333,-107.702053761747,-6.52237839332903));
#12337=CARTESIAN_POINT('Ctrl Pts',(121.646708333333,-107.576549492191,-5.08785802807691));
#12338=CARTESIAN_POINT('Ctrl Pts',(126.904772916667,-101.460298336789,-7.06846123351429));
#12339=CARTESIAN_POINT('Ctrl Pts',(126.904772916667,-101.334794067233,-5.63394086826217));
#12340=CARTESIAN_POINT('Ctrl Pts',(131.31273125,-96.8495543796588,-7.47184906018381));
#12341=CARTESIAN_POINT('Ctrl Pts',(131.31273125,-96.7240501101024,-6.03732869493169));
#12342=CARTESIAN_POINT('',(131.31273125,-96.8495543796588,-7.47184906018381));
#12343=CARTESIAN_POINT('Origin',(131.31273125,-96.8495543796588,-7.47184906018381));
#12344=CARTESIAN_POINT('',(135.09098125,-92.9602193409915,-7.81212178472136));
#12345=CARTESIAN_POINT('Origin',(135.09098125,-92.9602193409915,-7.81212178472136));
#12346=CARTESIAN_POINT('',(135.752175,-95.9085862251425,-7.55417310644289));
#12347=CARTESIAN_POINT('Ctrl Pts',(135.752175,-95.9085862251425,-7.55417310644289));
#12348=CARTESIAN_POINT('Ctrl Pts',(135.752175,-95.7830819555859,-6.11965274119078));
#12349=CARTESIAN_POINT('Ctrl Pts',(136.822679166667,-100.582061392573,-7.14529701002277));
#12350=CARTESIAN_POINT('Ctrl Pts',(136.822679166667,-100.456557123016,-5.71077664477066));
#12351=CARTESIAN_POINT('Ctrl Pts',(136.854164583333,-100.519330182272,-7.15078527977338));
#12352=CARTESIAN_POINT('Ctrl Pts',(136.854164583333,-100.393825912715,-5.71626491452127));
#12353=CARTESIAN_POINT('Ctrl Pts',(133.86305,-103.687256302477,-6.87362765736779));
#12354=CARTESIAN_POINT('Ctrl Pts',(133.86305,-103.56175203292,-5.43910729211568));
#12355=CARTESIAN_POINT('',(133.86305,-103.687256302477,-6.87362765736779));
#12356=CARTESIAN_POINT('Ctrl Pts',(133.86305,-103.687256302477,-6.87362765736779));
#12357=CARTESIAN_POINT('Ctrl Pts',(133.86305,-103.56175203292,-5.43910729211091));
#12358=CARTESIAN_POINT('Ctrl Pts',(128.811860582477,-109.004881997954,-6.40839569213945));
#12359=CARTESIAN_POINT('Ctrl Pts',(128.811860582477,-108.879377728397,-4.97387532688257));
#12360=CARTESIAN_POINT('Ctrl Pts',(122.80259819149,-117.27815326726,-5.68457824580045));
#12361=CARTESIAN_POINT('Ctrl Pts',(122.80259819149,-117.152648997703,-4.25005788054357));
#12362=CARTESIAN_POINT('Ctrl Pts',(116.322418922386,-127.806077871368,-4.76350419248533));
#12363=CARTESIAN_POINT('Ctrl Pts',(116.322418922386,-127.680573601811,-3.32898382722845));
#12364=CARTESIAN_POINT('',(118.18760194267,-124.712906885801,-3.82953778301768));
#12365=CARTESIAN_POINT('Origin',(30.395678798908,-124.817493777099,-5.02497142072773));
#12366=CARTESIAN_POINT('',(124.734310412762,-124.817493777099,-5.02497142072777));
#12367=CARTESIAN_POINT('Ctrl Pts',(123.346920833333,-127.180094560234,-4.81827063576598));
#12368=CARTESIAN_POINT('Ctrl Pts',(123.346920833333,-127.054590290678,-3.38375027051387));
#12369=CARTESIAN_POINT('Ctrl Pts',(123.126522916667,-126.96053532418,-4.8374795798931));
#12370=CARTESIAN_POINT('Ctrl Pts',(123.126522916667,-126.835031054624,-3.40295921464099));
#12371=CARTESIAN_POINT('Ctrl Pts',(129.61251875,-117.519488173867,-5.66346417735925));
#12372=CARTESIAN_POINT('Ctrl Pts',(129.61251875,-117.393983904311,-4.22894381210714));
#12373=CARTESIAN_POINT('Ctrl Pts',(132.1628375,-114.414293263963,-5.93513353001423));
#12374=CARTESIAN_POINT('Ctrl Pts',(132.1628375,-114.288788994407,-4.50061316476212));
#12375=CARTESIAN_POINT('',(132.1628375,-114.414293263963,-5.93513353001423));
#12376=CARTESIAN_POINT('Ctrl Pts',(132.1628375,-114.414293263963,-5.93513353001423));
#12377=CARTESIAN_POINT('Ctrl Pts',(132.1628375,-114.288788994407,-4.50061316476211));
#12378=CARTESIAN_POINT('Ctrl Pts',(136.22445625,-109.427162045026,-6.37145097518738));
#12379=CARTESIAN_POINT('Ctrl Pts',(136.22445625,-109.30165777547,-4.93693060993526));
#12380=CARTESIAN_POINT('Ctrl Pts',(137.704270833333,-107.89024739265,-6.50591358407721));
#12381=CARTESIAN_POINT('Ctrl Pts',(137.704270833333,-107.764743123094,-5.07139321882509));
#12382=CARTESIAN_POINT('Ctrl Pts',(137.92466875,-108.45482828536,-6.45651915632176));
#12383=CARTESIAN_POINT('Ctrl Pts',(137.92466875,-108.329324015804,-5.02199879106964));
#12384=CARTESIAN_POINT('',(137.92466875,-108.45482828536,-6.45651915632176));
#12385=CARTESIAN_POINT('Ctrl Pts',(137.92466875,-108.45482828536,-6.45651915632176));
#12386=CARTESIAN_POINT('Ctrl Pts',(137.92466875,-108.329324015802,-5.02199879106965));
#12387=CARTESIAN_POINT('Ctrl Pts',(138.019125,-108.705753126564,-6.43456607731934));
#12388=CARTESIAN_POINT('Ctrl Pts',(138.019125,-108.580248857006,-5.00004571206723));
#12389=CARTESIAN_POINT('Ctrl Pts',(138.711804166667,-109.521258860478,-6.36321857056147));
#12390=CARTESIAN_POINT('Ctrl Pts',(138.711804166667,-109.39575459092,-4.92869820530936));
#12391=CARTESIAN_POINT('Ctrl Pts',(139.467454166667,-110.242667778941,-6.3001034684295));
#12392=CARTESIAN_POINT('Ctrl Pts',(139.467454166667,-110.117163509383,-4.86558310317739));
#12393=CARTESIAN_POINT('',(139.467454166667,-110.242667778941,-6.3001034684295));
#12394=CARTESIAN_POINT('Ctrl Pts',(139.467454166667,-110.242667778941,-6.3001034684295));
#12395=CARTESIAN_POINT('Ctrl Pts',(139.467454166667,-110.117163509383,-4.86558310317739));
#12396=CARTESIAN_POINT('Ctrl Pts',(141.32509375,-112.030507272522,-6.14368778053724));
#12397=CARTESIAN_POINT('Ctrl Pts',(141.32509375,-111.905003002964,-4.70916741528513));
#12398=CARTESIAN_POINT('Ctrl Pts',(143.4975875,-112.657819375532,-6.08880508303119));
#12399=CARTESIAN_POINT('Ctrl Pts',(143.4975875,-112.532315105974,-4.65428471777908));
#12400=CARTESIAN_POINT('Ctrl Pts',(147.086925,-112.438260139479,-6.1080140271583));
#12401=CARTESIAN_POINT('Ctrl Pts',(147.086925,-112.312755869921,-4.67349366190619));
#12402=CARTESIAN_POINT('',(147.086925,-112.438260139479,-6.1080140271583));
#12403=CARTESIAN_POINT('Ctrl Pts',(147.086925,-112.438260139479,-6.1080140271583));
#12404=CARTESIAN_POINT('Ctrl Pts',(147.086925,-112.312755869921,-4.67349366190352));
#12405=CARTESIAN_POINT('Ctrl Pts',(150.266952083333,-112.250066508575,-6.12447883641012));
#12406=CARTESIAN_POINT('Ctrl Pts',(150.266952083333,-112.124562239017,-4.68995847115534));
#12407=CARTESIAN_POINT('Ctrl Pts',(152.124591666667,-111.277732748909,-6.20954701754451));
#12408=CARTESIAN_POINT('Ctrl Pts',(152.124591666667,-111.152228479351,-4.77502665228973));
#12409=CARTESIAN_POINT('Ctrl Pts',(153.60440625,-109.05077478322,-6.40438059369101));
#12410=CARTESIAN_POINT('Ctrl Pts',(153.60440625,-108.925270513662,-4.96986022843623));
#12411=CARTESIAN_POINT('',(153.60440625,-109.05077478322,-6.40438059369101));
#12412=CARTESIAN_POINT('Ctrl Pts',(153.60440625,-109.05077478322,-6.40438059369101));
#12413=CARTESIAN_POINT('Ctrl Pts',(153.60440625,-108.925270513664,-4.9698602284389));
#12414=CARTESIAN_POINT('Ctrl Pts',(154.139658333333,-108.235269049306,-6.47572810044888));
#12415=CARTESIAN_POINT('Ctrl Pts',(154.139658333333,-108.10976477975,-5.04120773519677));
#12416=CARTESIAN_POINT('Ctrl Pts',(154.54896875,-107.607956946295,-6.53061079795494));
#12417=CARTESIAN_POINT('Ctrl Pts',(154.54896875,-107.482452676739,-5.09609043270283));
#12418=CARTESIAN_POINT('Ctrl Pts',(154.580454166667,-107.639322551446,-6.52786666307964));
#12419=CARTESIAN_POINT('Ctrl Pts',(154.580454166667,-107.51381828189,-5.09334629782753));
#12420=CARTESIAN_POINT('',(154.580454166667,-107.639322551446,-6.52786666307964));
#12421=CARTESIAN_POINT('Ctrl Pts',(154.580454166667,-107.639322551446,-6.52786666307964));
#12422=CARTESIAN_POINT('Ctrl Pts',(154.580454166667,-107.513818281888,-5.09334629782752));
#12423=CARTESIAN_POINT('Ctrl Pts',(154.611939583333,-107.670688156596,-6.52512252820434));
#12424=CARTESIAN_POINT('Ctrl Pts',(154.611939583333,-107.545183887038,-5.09060216295222));
#12425=CARTESIAN_POINT('Ctrl Pts',(155.462045833333,-108.643021916263,-6.44005434706995));
#12426=CARTESIAN_POINT('Ctrl Pts',(155.462045833333,-108.517517646705,-5.00553398181783));
#12427=CARTESIAN_POINT('Ctrl Pts',(156.501064583333,-109.866280517134,-6.33303308693314));
#12428=CARTESIAN_POINT('Ctrl Pts',(156.501064583333,-109.740776247576,-4.89851272168102));
#12429=CARTESIAN_POINT('',(156.501064583333,-109.866280517134,-6.33303308693314));
#12430=CARTESIAN_POINT('Ctrl Pts',(156.501064583333,-109.866280517134,-6.33303308693314));
#12431=CARTESIAN_POINT('Ctrl Pts',(156.501064583333,-109.740776247577,-4.89851272167919));
#12432=CARTESIAN_POINT('Ctrl Pts',(159.55515,-113.441959504296,-6.02020171114862));
#12433=CARTESIAN_POINT('Ctrl Pts',(159.55515,-113.316455234739,-4.58568134589467));
#12434=CARTESIAN_POINT('Ctrl Pts',(161.412789583333,-115.919842311189,-5.8034150559997));
#12435=CARTESIAN_POINT('Ctrl Pts',(161.412789583333,-115.794338041632,-4.36889469074575));
#12436=CARTESIAN_POINT('Ctrl Pts',(164.152020833333,-120.02873658591,-5.44393338733502));
#12437=CARTESIAN_POINT('Ctrl Pts',(164.152020833333,-119.903232316353,-4.00941302208107));
#12438=CARTESIAN_POINT('',(164.152020833333,-120.02873658591,-5.44393338733502));
#12439=CARTESIAN_POINT('Ctrl Pts',(164.152020833333,-120.02873658591,-5.44393338733502));
#12440=CARTESIAN_POINT('Ctrl Pts',(164.152020833333,-119.903232316354,-4.00941302208174));
#12441=CARTESIAN_POINT('Ctrl Pts',(165.568864583333,-122.161597736147,-5.25733221581443));
#12442=CARTESIAN_POINT('Ctrl Pts',(165.568864583333,-122.036093466591,-3.82281185056115));
#12443=CARTESIAN_POINT('Ctrl Pts',(167.363533333333,-124.702211753341,-5.03505729091491));
#12444=CARTESIAN_POINT('Ctrl Pts',(167.363533333333,-124.576707483785,-3.60053692566163));
#12445=CARTESIAN_POINT('Ctrl Pts',(168.119183333333,-125.611814302707,-4.95547737953112));
#12446=CARTESIAN_POINT('Ctrl Pts',(168.119183333333,-125.486310033151,-3.52095701427784));
#12447=CARTESIAN_POINT('',(167.500503733758,-124.712906885801,-3.82953778301768));
#12448=CARTESIAN_POINT('Origin',(30.395678798908,-124.817493777099,-5.02497142072773));
#12449=CARTESIAN_POINT('',(174.248156475082,-124.817493777099,-5.02497142072777));
#12450=CARTESIAN_POINT('Ctrl Pts',(176.202654085666,-127.806077871374,-4.7635041924848));
#12451=CARTESIAN_POINT('Ctrl Pts',(176.202654085666,-127.680573601818,-3.32898382723269));
#12452=CARTESIAN_POINT('Ctrl Pts',(171.238649126005,-120.040612711364,-5.44289436099115));
#12453=CARTESIAN_POINT('Ctrl Pts',(171.238649126005,-119.915108441808,-4.00837399573904));
#12454=CARTESIAN_POINT('Ctrl Pts',(162.304649580866,-107.707810813262,-6.5218747165861));
#12455=CARTESIAN_POINT('Ctrl Pts',(162.304649580866,-107.582306543706,-5.08735435133399));
#12456=CARTESIAN_POINT('Ctrl Pts',(158.6105875,-103.593159487026,-6.8818600619937));
#12457=CARTESIAN_POINT('Ctrl Pts',(158.6105875,-103.46765521747,-5.44733969674159));
#12458=CARTESIAN_POINT('',(158.6105875,-103.593159487026,-6.8818600619937));
#12459=CARTESIAN_POINT('Ctrl Pts',(158.6105875,-103.593159487026,-6.8818600619937));
#12460=CARTESIAN_POINT('Ctrl Pts',(158.6105875,-103.467655217468,-5.44733969673865));
#12461=CARTESIAN_POINT('Ctrl Pts',(156.910375,-101.711223177993,-7.04650815451187));
#12462=CARTESIAN_POINT('Ctrl Pts',(156.910375,-101.585718908435,-5.61198778925682));
#12463=CARTESIAN_POINT('Ctrl Pts',(155.9658125,-100.39386776167,-7.16176181927459));
#12464=CARTESIAN_POINT('Ctrl Pts',(155.9658125,-100.268363492112,-5.72724145401954));
#12465=CARTESIAN_POINT('Ctrl Pts',(155.9658125,-99.923383684412,-7.20292384240413));
#12466=CARTESIAN_POINT('Ctrl Pts',(155.9658125,-99.7978794148542,-5.76840347714908));
#12467=CARTESIAN_POINT('',(155.9658125,-99.923383684412,-7.20292384240413));
#12468=CARTESIAN_POINT('Ctrl Pts',(155.9658125,-99.923383684412,-7.20292384240413));
#12469=CARTESIAN_POINT('Ctrl Pts',(155.9658125,-99.7978794148554,-5.76840347715193));
#12470=CARTESIAN_POINT('Ctrl Pts',(155.9658125,-99.170609160799,-7.2687830794114));
#12471=CARTESIAN_POINT('Ctrl Pts',(155.9658125,-99.0451048912424,-5.8342627141592));
#12472=CARTESIAN_POINT('Ctrl Pts',(157.38265625,-93.7757250749057,-7.74077427796348));
#12473=CARTESIAN_POINT('Ctrl Pts',(157.38265625,-93.6502208053491,-6.30625391271128));
#12474=CARTESIAN_POINT('Ctrl Pts',(157.634539583333,-93.5248002337013,-7.7627273569659));
#12475=CARTESIAN_POINT('Ctrl Pts',(157.634539583333,-93.3992959641447,-6.3282069917137));
#12476=CARTESIAN_POINT('',(157.634539583333,-93.5248002337013,-7.7627273569659));
#12477=CARTESIAN_POINT('Ctrl Pts',(157.634539583333,-93.5248002337013,-7.7627273569659));
#12478=CARTESIAN_POINT('Ctrl Pts',(157.634539583333,-93.3992959641447,-6.32820699171378));
#12479=CARTESIAN_POINT('Ctrl Pts',(157.886422916667,-93.2738753924969,-7.78468043596833));
#12480=CARTESIAN_POINT('Ctrl Pts',(157.886422916667,-93.1483711229403,-6.35016007071621));
#12481=CARTESIAN_POINT('Ctrl Pts',(163.5223125,-99.3901683968528,-7.24957413528428));
#12482=CARTESIAN_POINT('Ctrl Pts',(163.5223125,-99.2646641272962,-5.81505377003216));
#12483=CARTESIAN_POINT('Ctrl Pts',(167.080164583333,-103.749987512778,-6.86813938761719));
#12484=CARTESIAN_POINT('Ctrl Pts',(167.080164583333,-103.624483243221,-5.43361902236507));
#12485=CARTESIAN_POINT('',(167.080164583333,-103.749987512778,-6.86813938761719));
#12486=CARTESIAN_POINT('Ctrl Pts',(167.080164583333,-103.749987512778,-6.86813938761719));
#12487=CARTESIAN_POINT('Ctrl Pts',(167.080164583333,-103.624483243222,-5.43361902236398));
#12488=CARTESIAN_POINT('Ctrl Pts',(168.402552083333,-105.380998980607,-6.72544437410144));
#12489=CARTESIAN_POINT('Ctrl Pts',(168.402552083333,-105.255494711051,-5.29092400884823));
#12490=CARTESIAN_POINT('Ctrl Pts',(170.354647916667,-107.796150577198,-6.51414598870312));
#12491=CARTESIAN_POINT('Ctrl Pts',(170.354647916667,-107.670646307642,-5.07962562344991));
#12492=CARTESIAN_POINT('Ctrl Pts',(171.393666666667,-109.082140388371,-6.40163645881571));
#12493=CARTESIAN_POINT('Ctrl Pts',(171.393666666667,-108.956636118815,-4.9671160935625));
#12494=CARTESIAN_POINT('',(171.393666666667,-109.082140388371,-6.40163645881571));
#12495=CARTESIAN_POINT('Ctrl Pts',(171.393666666667,-109.082140388371,-6.40163645881571));
#12496=CARTESIAN_POINT('Ctrl Pts',(171.393666666667,-108.956636118813,-4.96711609356359));
#12497=CARTESIAN_POINT('Ctrl Pts',(172.464170833333,-110.368130199543,-6.28912692892829));
#12498=CARTESIAN_POINT('Ctrl Pts',(172.464170833333,-110.242625929985,-4.85460656367617));
#12499=CARTESIAN_POINT('Ctrl Pts',(173.881014583333,-112.250066508575,-6.12447883641012));
#12500=CARTESIAN_POINT('Ctrl Pts',(173.881014583333,-112.124562239017,-4.689958471158));
#12501=CARTESIAN_POINT('Ctrl Pts',(174.57369375,-113.222400268242,-6.03941065527574));
#12502=CARTESIAN_POINT('Ctrl Pts',(174.57369375,-113.096895998684,-4.60489029002362));
#12503=CARTESIAN_POINT('',(174.57369375,-113.222400268242,-6.03941065527574));
#12504=CARTESIAN_POINT('Ctrl Pts',(174.57369375,-113.222400268242,-6.03941065527574));
#12505=CARTESIAN_POINT('Ctrl Pts',(174.57369375,-113.096895998686,-4.6048902900232));
#12506=CARTESIAN_POINT('Ctrl Pts',(175.2348875,-114.194734027909,-5.95434247414135));
#12507=CARTESIAN_POINT('Ctrl Pts',(175.2348875,-114.069229758353,-4.51982210888881));
#12508=CARTESIAN_POINT('Ctrl Pts',(176.116479166667,-115.229798997877,-5.86378602325636));
#12509=CARTESIAN_POINT('Ctrl Pts',(176.116479166667,-115.104294728321,-4.42926565800382));
#12510=CARTESIAN_POINT('Ctrl Pts',(176.494304166667,-115.480723839081,-5.84183294425393));
#12511=CARTESIAN_POINT('Ctrl Pts',(176.494304166667,-115.355219569525,-4.4073125790014));
#12512=CARTESIAN_POINT('',(176.494304166667,-115.480723839081,-5.84183294425393));
#12513=CARTESIAN_POINT('Ctrl Pts',(176.494304166667,-115.480723839081,-5.84183294425393));
#12514=CARTESIAN_POINT('Ctrl Pts',(176.494304166667,-115.355219569525,-4.4073125790016));
#12515=CARTESIAN_POINT('Ctrl Pts',(178.068575,-116.57852001935,-5.74578822361834));
#12516=CARTESIAN_POINT('Ctrl Pts',(178.068575,-116.453015749794,-4.31126785836601));
#12517=CARTESIAN_POINT('Ctrl Pts',(180.209583333333,-115.574820654533,-5.83360053962802));
#12518=CARTESIAN_POINT('Ctrl Pts',(180.209583333333,-115.449316384977,-4.39908017437569));
#12519=CARTESIAN_POINT('Ctrl Pts',(180.209583333333,-113.755615555801,-5.99276036239559));
#12520=CARTESIAN_POINT('Ctrl Pts',(180.209583333333,-113.630111286245,-4.55823999714326));
#12521=CARTESIAN_POINT('',(180.209583333333,-113.755615555801,-5.99276036239559));
#12522=CARTESIAN_POINT('Ctrl Pts',(180.209583333333,-113.755615555801,-5.99276036239559));
#12523=CARTESIAN_POINT('Ctrl Pts',(180.209583333333,-113.630111286245,-4.55823999714347));
#12524=CARTESIAN_POINT('Ctrl Pts',(180.209583333333,-112.720550585833,-6.08331681328058));
#12525=CARTESIAN_POINT('Ctrl Pts',(180.209583333333,-112.595046316277,-4.64879644802846));
#12526=CARTESIAN_POINT('Ctrl Pts',(178.509370833333,-109.395796439876,-6.37419511006268));
#12527=CARTESIAN_POINT('Ctrl Pts',(178.509370833333,-109.27029217032,-4.93967474481056));
#12528=CARTESIAN_POINT('Ctrl Pts',(176.84064375,-107.106107263886,-6.57451695595978));
#12529=CARTESIAN_POINT('Ctrl Pts',(176.84064375,-106.98060299433,-5.13999659070766));
#12530=CARTESIAN_POINT('',(176.84064375,-107.106107263886,-6.57451695595978));
#12531=CARTESIAN_POINT('Ctrl Pts',(176.84064375,-107.106107263886,-6.57451695595978));
#12532=CARTESIAN_POINT('Ctrl Pts',(176.84064375,-106.98060299433,-5.13999659070767));
#12533=CARTESIAN_POINT('Ctrl Pts',(174.447752083333,-103.84408432823,-6.85990698299128));
#12534=CARTESIAN_POINT('Ctrl Pts',(174.447752083333,-103.718580058674,-5.42538661773917));
#12535=CARTESIAN_POINT('Ctrl Pts',(169.504541666667,-98.1355441908311,-7.35933953029639));
#12536=CARTESIAN_POINT('Ctrl Pts',(169.504541666667,-98.0100399212747,-5.92481916504428));
#12537=CARTESIAN_POINT('Ctrl Pts',(165.254010416667,-93.7129938646046,-7.74626254771409));
#12538=CARTESIAN_POINT('Ctrl Pts',(165.254010416667,-93.5874895950482,-6.31174218246198));
#12539=CARTESIAN_POINT('',(165.254010416667,-93.7129938646046,-7.74626254771409));
#12540=CARTESIAN_POINT('Ctrl Pts',(165.254010416667,-93.7129938646046,-7.74626254771409));
#12541=CARTESIAN_POINT('Ctrl Pts',(165.254010416667,-93.587489595048,-6.3117421824619));
#12542=CARTESIAN_POINT('Ctrl Pts',(162.325866666667,-90.6705301650019,-8.01244363061846));
#12543=CARTESIAN_POINT('Ctrl Pts',(162.325866666667,-90.5450258954453,-6.57792326536627));
#12544=CARTESIAN_POINT('Ctrl Pts',(160.688625,-88.6944970405177,-8.18532412776254));
#12545=CARTESIAN_POINT('Ctrl Pts',(160.688625,-88.5689927709611,-6.75080376251035));
#12546=CARTESIAN_POINT('Ctrl Pts',(160.184858333333,-87.6280664653992,-8.27862471352284));
#12547=CARTESIAN_POINT('Ctrl Pts',(160.184858333333,-87.5025621958426,-6.84410434827065));
#12548=CARTESIAN_POINT('',(160.184858333333,-87.6280664653992,-8.27862471352284));
#12549=CARTESIAN_POINT('Ctrl Pts',(160.184858333333,-87.6280664653992,-8.27862471352284));
#12550=CARTESIAN_POINT('Ctrl Pts',(160.184858333333,-87.5025621958427,-6.84410434827072));
#12551=CARTESIAN_POINT('Ctrl Pts',(159.429208333333,-85.997054997571,-8.42131972703858));
#12552=CARTESIAN_POINT('Ctrl Pts',(159.429208333333,-85.8715507280145,-6.98679936178646));
#12553=CARTESIAN_POINT('Ctrl Pts',(159.208810416667,-83.8955594524846,-8.60517676368387));
#12554=CARTESIAN_POINT('Ctrl Pts',(159.208810416667,-83.7700551829281,-7.17065639843175));
#12555=CARTESIAN_POINT('Ctrl Pts',(159.712577083333,-83.0800537185705,-8.67652427044174));
#12556=CARTESIAN_POINT('Ctrl Pts',(159.712577083333,-82.954549449014,-7.24200390518962));
#12557=CARTESIAN_POINT('',(159.712577083333,-83.0800537185705,-8.67652427044174));
#12558=CARTESIAN_POINT('Ctrl Pts',(159.712577083333,-83.0800537185705,-8.67652427044174));
#12559=CARTESIAN_POINT('Ctrl Pts',(159.712577083333,-82.9545494490139,-7.24200390518963));
#12560=CARTESIAN_POINT('Ctrl Pts',(159.995945833333,-82.6409352464629,-8.71494215869598));
#12561=CARTESIAN_POINT('Ctrl Pts',(159.995945833333,-82.5154309769063,-7.28042179344387));
#12562=CARTESIAN_POINT('Ctrl Pts',(160.02743125,-82.6723008516135,-8.71219802382068));
#12563=CARTESIAN_POINT('Ctrl Pts',(160.02743125,-82.5467965820569,-7.27767765856857));
#12564=CARTESIAN_POINT('Ctrl Pts',(167.174620833333,-87.3144104138938,-8.30606606227586));
#12565=CARTESIAN_POINT('Ctrl Pts',(167.174620833333,-87.1889061443372,-6.87154569702375));
#12566=CARTESIAN_POINT('',(167.174620833333,-87.3144104138938,-8.30606606227586));
#12567=CARTESIAN_POINT('Ctrl Pts',(167.174620833333,-87.3144104138938,-8.30606606227586));
#12568=CARTESIAN_POINT('Ctrl Pts',(167.174620833333,-87.1889061443372,-6.87154569702375));
#12569=CARTESIAN_POINT('Ctrl Pts',(169.976822916667,-89.1649811177758,-8.144162104633));
#12570=CARTESIAN_POINT('Ctrl Pts',(169.976822916667,-89.0394768482192,-6.70964173938089));
#12571=CARTESIAN_POINT('Ctrl Pts',(173.377247916667,-92.2701760276796,-7.87249275197802));
#12572=CARTESIAN_POINT('Ctrl Pts',(173.377247916667,-92.144671758123,-6.43797238672591));
#12573=CARTESIAN_POINT('Ctrl Pts',(176.872129166667,-96.1908766714974,-7.52947589256517));
#12574=CARTESIAN_POINT('Ctrl Pts',(176.872129166667,-96.0653724019408,-6.09495552731306));
#12575=CARTESIAN_POINT('',(176.872129166667,-96.1908766714974,-7.52947589256517));
#12576=CARTESIAN_POINT('Ctrl Pts',(176.872129166667,-96.1908766714974,-7.52947589256517));
#12577=CARTESIAN_POINT('Ctrl Pts',(176.872129166667,-96.0653724019408,-6.09495552731305));
#12578=CARTESIAN_POINT('Ctrl Pts',(181.248602083333,-101.115276680133,-7.09864671714263));
#12579=CARTESIAN_POINT('Ctrl Pts',(181.248602083333,-100.989772410576,-5.66412635189051));
#12580=CARTESIAN_POINT('Ctrl Pts',(184.932395833333,-104.000912353983,-6.84618630861476));
#12581=CARTESIAN_POINT('Ctrl Pts',(184.932395833333,-103.875408084426,-5.41166594336264));
#12582=CARTESIAN_POINT('Ctrl Pts',(189.87560625,-106.384698345424,-6.63763205809175));
#12583=CARTESIAN_POINT('Ctrl Pts',(189.87560625,-106.259194075867,-5.20311169283963));
#12584=CARTESIAN_POINT('',(189.87560625,-106.384698345424,-6.63763205809175));
#12585=CARTESIAN_POINT('Ctrl Pts',(189.87560625,-106.384698345424,-6.63763205809175));
#12586=CARTESIAN_POINT('Ctrl Pts',(189.87560625,-106.259194075867,-5.20311169283858));
#12587=CARTESIAN_POINT('Ctrl Pts',(200.36025,-111.465926379812,-6.1930822082927));
#12588=CARTESIAN_POINT('Ctrl Pts',(200.36025,-111.340422110256,-4.75856184303953));
#12589=CARTESIAN_POINT('Ctrl Pts',(212.419164583333,-111.905044851919,-6.15466432003845));
#12590=CARTESIAN_POINT('Ctrl Pts',(212.419164583333,-111.779540582363,-4.72014395478528));
#12591=CARTESIAN_POINT('Ctrl Pts',(225.139272916667,-107.670688156596,-6.52512252820434));
#12592=CARTESIAN_POINT('Ctrl Pts',(225.139272916667,-107.545183887039,-5.09060216295117));
#12593=CARTESIAN_POINT('',(225.139272916667,-107.670688156596,-6.52512252820434));
#12594=CARTESIAN_POINT('Ctrl Pts',(225.139272916667,-107.670688156596,-6.52512252820434));
#12595=CARTESIAN_POINT('Ctrl Pts',(225.139272916667,-107.54518388704,-5.09060216295222));
#12596=CARTESIAN_POINT('Ctrl Pts',(232.538345833333,-105.192805349703,-6.74190918335326));
#12597=CARTESIAN_POINT('Ctrl Pts',(232.538345833333,-105.067301080147,-5.30738881810114));
#12598=CARTESIAN_POINT('Ctrl Pts',(238.23720625,-101.805319993445,-7.03827574988597));
#12599=CARTESIAN_POINT('Ctrl Pts',(238.23720625,-101.679815723889,-5.60375538463385));
#12600=CARTESIAN_POINT('Ctrl Pts',(243.022989583333,-97.037748010562,-7.45538425093199));
#12601=CARTESIAN_POINT('Ctrl Pts',(243.022989583333,-96.9122437410056,-6.02086388567987));
#12602=CARTESIAN_POINT('',(243.022989583333,-97.037748010562,-7.45538425093199));
#12603=CARTESIAN_POINT('Ctrl Pts',(243.022989583333,-97.037748010562,-7.45538425093199));
#12604=CARTESIAN_POINT('Ctrl Pts',(243.022989583333,-96.9122437410055,-6.02086388567988));
#12605=CARTESIAN_POINT('Ctrl Pts',(246.675297916667,-93.336606602798,-7.77919216621772));
#12606=CARTESIAN_POINT('Ctrl Pts',(246.675297916667,-93.2111023332415,-6.34467180096561));
#12607=CARTESIAN_POINT('Ctrl Pts',(248.501452083333,-90.4196053237975,-8.03439670962089));
#12608=CARTESIAN_POINT('Ctrl Pts',(248.501452083333,-90.294101054241,-6.59987634436878));
#12609=CARTESIAN_POINT('Ctrl Pts',(249.4775,-86.687098310883,-8.36094875978192));
#12610=CARTESIAN_POINT('Ctrl Pts',(249.4775,-86.5615940413265,-6.92642839452981));
#12611=CARTESIAN_POINT('',(249.4775,-86.687098310883,-8.36094875978192));
#12612=CARTESIAN_POINT('Ctrl Pts',(249.4775,-86.687098310883,-8.36094875978192));
#12613=CARTESIAN_POINT('Ctrl Pts',(249.4775,-86.5615940413264,-6.9264283945297));
#12614=CARTESIAN_POINT('Ctrl Pts',(250.264635416667,-83.5505377958287,-8.6353622473122));
#12615=CARTESIAN_POINT('Ctrl Pts',(250.264635416667,-83.4250335262721,-7.20084188205998));
#12616=CARTESIAN_POINT('Ctrl Pts',(250.264635416667,-81.6686014867961,-8.80001033983037));
#12617=CARTESIAN_POINT('Ctrl Pts',(250.264635416667,-81.5430972172395,-7.36548997457815));
#12618=CARTESIAN_POINT('Ctrl Pts',(249.446014583333,-78.5006753665913,-9.07716796223595));
#12619=CARTESIAN_POINT('Ctrl Pts',(249.446014583333,-78.3751710970346,-7.64264759698373));
#12620=CARTESIAN_POINT('',(249.446014583333,-78.5006753665913,-9.07716796223595));
#12621=CARTESIAN_POINT('Ctrl Pts',(249.446014583333,-78.5006753665913,-9.07716796223595));
#12622=CARTESIAN_POINT('Ctrl Pts',(249.446014583333,-78.3751710970347,-7.64264759698384));
#12623=CARTESIAN_POINT('Ctrl Pts',(249.099675,-77.1205887399674,-9.19790989674928));
#12624=CARTESIAN_POINT('Ctrl Pts',(249.099675,-76.9950844704108,-7.76338953149717));
#12625=CARTESIAN_POINT('Ctrl Pts',(248.72185,-75.6777709030424,-9.32414010101321));
#12626=CARTESIAN_POINT('Ctrl Pts',(248.72185,-75.5522666334858,-7.8896197357611));
#12627=CARTESIAN_POINT('Ctrl Pts',(248.62739375,-75.3013836412359,-9.35706971951684));
#12628=CARTESIAN_POINT('Ctrl Pts',(248.62739375,-75.1758793716793,-7.92254935426473));
#12629=CARTESIAN_POINT('',(248.62739375,-75.3013836412359,-9.35706971951684));
#12630=CARTESIAN_POINT('Ctrl Pts',(248.62739375,-75.3013836412359,-9.35706971951684));
#12631=CARTESIAN_POINT('Ctrl Pts',(248.62739375,-75.1758793716793,-7.9225493542647));
#12632=CARTESIAN_POINT('Ctrl Pts',(248.5329375,-74.8308995639778,-9.39823174264639));
#12633=CARTESIAN_POINT('Ctrl Pts',(248.5329375,-74.7053952944212,-7.96371137739425));
#12634=CARTESIAN_POINT('Ctrl Pts',(248.879277083333,-73.921297014612,-9.47781165403017));
#12635=CARTESIAN_POINT('Ctrl Pts',(248.879277083333,-73.7957927450554,-8.04329128877803));
#12636=CARTESIAN_POINT('Ctrl Pts',(249.823839583333,-72.415747967386,-9.6095301280447));
#12637=CARTESIAN_POINT('Ctrl Pts',(249.823839583333,-72.2902436978294,-8.17500976279256));
#12638=CARTESIAN_POINT('',(249.823839583333,-72.415747967386,-9.6095301280447));
#12639=CARTESIAN_POINT('Ctrl Pts',(249.823839583333,-72.415747967386,-9.6095301280447));
#12640=CARTESIAN_POINT('Ctrl Pts',(249.823839583333,-72.2902436978294,-8.17500976279255));
#12641=CARTESIAN_POINT('Ctrl Pts',(250.579489583333,-71.1924893665148,-9.71655138818151));
#12642=CARTESIAN_POINT('Ctrl Pts',(250.579489583333,-71.0669850969582,-8.28203102292936));
#12643=CARTESIAN_POINT('Ctrl Pts',(251.240683333333,-70.220155606848,-9.8016195693159));
#12644=CARTESIAN_POINT('Ctrl Pts',(251.240683333333,-70.0946513372914,-8.36709920406375));
#12645=CARTESIAN_POINT('Ctrl Pts',(251.303654166667,-70.1887900016974,-9.8043637041912));
#12646=CARTESIAN_POINT('Ctrl Pts',(251.303654166667,-70.0632857321408,-8.36984333893905));
#12647=CARTESIAN_POINT('',(251.303654166667,-70.1887900016974,-9.8043637041912));
#12648=CARTESIAN_POINT('Ctrl Pts',(251.303654166667,-70.1887900016974,-9.8043637041912));
#12649=CARTESIAN_POINT('Ctrl Pts',(251.303654166667,-70.0632857321408,-8.36984333893909));
#12650=CARTESIAN_POINT('Ctrl Pts',(251.366625,-70.1887900016974,-9.8043637041912));
#12651=CARTESIAN_POINT('Ctrl Pts',(251.366625,-70.0632857321408,-8.36984333893909));
#12652=CARTESIAN_POINT('Ctrl Pts',(251.964847916667,-71.3493173922675,-9.702830713805));
#12653=CARTESIAN_POINT('Ctrl Pts',(251.964847916667,-71.2238131227109,-8.26831034855289));
#12654=CARTESIAN_POINT('Ctrl Pts',(252.626041666667,-72.7921352291925,-9.57660050954107));
#12655=CARTESIAN_POINT('Ctrl Pts',(252.626041666667,-72.6666309596359,-8.14208014428896));
#12656=CARTESIAN_POINT('',(252.626041666667,-72.7921352291925,-9.57660050954107));
#12657=CARTESIAN_POINT('Ctrl Pts',(252.626041666667,-72.7921352291925,-9.57660050954107));
#12658=CARTESIAN_POINT('Ctrl Pts',(252.626041666667,-72.6666309596359,-8.14208014428895));
#12659=CARTESIAN_POINT('Ctrl Pts',(255.207845833333,-78.2497505253869,-9.09912104123838));
#12660=CARTESIAN_POINT('Ctrl Pts',(255.207845833333,-78.1242462558303,-7.66460067598626));
#12661=CARTESIAN_POINT('Ctrl Pts',(256.4672625,-84.4601403451944,-8.55578233592842));
#12662=CARTESIAN_POINT('Ctrl Pts',(256.4672625,-84.3346360756378,-7.1212619706763));
#12663=CARTESIAN_POINT('Ctrl Pts',(255.869039583333,-88.6631314353672,-8.18806826263784));
#12664=CARTESIAN_POINT('Ctrl Pts',(255.869039583333,-88.5376271658106,-6.75354789738572));
#12665=CARTESIAN_POINT('',(255.869039583333,-88.6631314353672,-8.18806826263784));
#12666=CARTESIAN_POINT('Ctrl Pts',(255.869039583333,-88.6631314353672,-8.18806826263784));
#12667=CARTESIAN_POINT('Ctrl Pts',(255.869039583333,-88.5376271658106,-6.75354789738573));
#12668=CARTESIAN_POINT('Ctrl Pts',(255.05041875,-94.2148435470132,-7.70235638970925));
#12669=CARTESIAN_POINT('Ctrl Pts',(255.05041875,-94.0893392774566,-6.26783602445714));
#12670=CARTESIAN_POINT('Ctrl Pts',(252.751983333333,-98.5746626629387,-7.32092164204215));
#12671=CARTESIAN_POINT('Ctrl Pts',(252.751983333333,-98.4491583933821,-5.88640127679004));
#12672=CARTESIAN_POINT('Ctrl Pts',(248.218083333333,-103.122675409767,-6.92302208512324));
#12673=CARTESIAN_POINT('Ctrl Pts',(248.218083333333,-102.99717114021,-5.48850171987113));
#12674=CARTESIAN_POINT('',(248.218083333333,-103.122675409767,-6.92302208512324));
#12675=CARTESIAN_POINT('Ctrl Pts',(248.218083333333,-103.122675409767,-6.92302208512324));
#12676=CARTESIAN_POINT('Ctrl Pts',(248.218083333333,-102.99717114021,-5.48850171986833));
#12677=CARTESIAN_POINT('Ctrl Pts',(238.363147916667,-113.002841032188,-6.05861959940286));
#12678=CARTESIAN_POINT('Ctrl Pts',(238.363147916667,-112.877336762631,-4.62409923414795));
#12679=CARTESIAN_POINT('Ctrl Pts',(226.272747916667,-118.146800276877,-5.60858147985319));
#12680=CARTESIAN_POINT('Ctrl Pts',(226.272747916667,-118.02129600732,-4.17406111459828));
#12681=CARTESIAN_POINT('Ctrl Pts',(211.537572916667,-118.711381169587,-5.55918705209774));
#12682=CARTESIAN_POINT('Ctrl Pts',(211.537572916667,-118.58587690003,-4.12466668684283));
#12683=CARTESIAN_POINT('',(211.537572916667,-118.711381169587,-5.55918705209774));
#12684=CARTESIAN_POINT('Ctrl Pts',(211.537572916667,-118.711381169587,-5.55918705209774));
#12685=CARTESIAN_POINT('Ctrl Pts',(211.537572916667,-118.585876900031,-4.12466668684561));
#12686=CARTESIAN_POINT('Ctrl Pts',(205.964654166667,-118.930940405641,-5.53997810797062));
#12687=CARTESIAN_POINT('Ctrl Pts',(205.964654166667,-118.805436136085,-4.10545774271849));
#12688=CARTESIAN_POINT('Ctrl Pts',(201.525210416667,-118.491821933533,-5.57839599622486));
#12689=CARTESIAN_POINT('Ctrl Pts',(201.525210416667,-118.366317663977,-4.14387563097273));
#12690=CARTESIAN_POINT('Ctrl Pts',(195.857835416667,-117.237197727512,-5.68816139123697));
#12691=CARTESIAN_POINT('Ctrl Pts',(195.857835416667,-117.111693457956,-4.25364102598484));
#12692=CARTESIAN_POINT('',(195.857835416667,-117.237197727512,-5.68816139123697));
#12693=CARTESIAN_POINT('Ctrl Pts',(195.857835416667,-117.237197727512,-5.68816139123697));
#12694=CARTESIAN_POINT('Ctrl Pts',(195.857835416667,-117.111693457954,-4.25364102598421));
#12695=CARTESIAN_POINT('Ctrl Pts',(193.622370833333,-116.735348045103,-5.73206754924182));
#12696=CARTESIAN_POINT('Ctrl Pts',(193.622370833333,-116.609843775545,-4.29754718398906));
#12697=CARTESIAN_POINT('Ctrl Pts',(191.57581875,-116.421691993598,-5.75950889799485));
#12698=CARTESIAN_POINT('Ctrl Pts',(191.57581875,-116.29618772404,-4.32498853274209));
#12699=CARTESIAN_POINT('Ctrl Pts',(191.29245,-116.515788809049,-5.75127649336894));
#12700=CARTESIAN_POINT('Ctrl Pts',(191.29245,-116.390284539491,-4.31675612811618));
#12701=CARTESIAN_POINT('',(191.29245,-116.515788809049,-5.75127649336894));
#12702=CARTESIAN_POINT('Ctrl Pts',(191.29245,-116.515788809049,-5.75127649336894));
#12703=CARTESIAN_POINT('Ctrl Pts',(191.29245,-116.390284539492,-4.31675612811559));
#12704=CARTESIAN_POINT('Ctrl Pts',(189.11995625,-117.268563332662,-5.68541725636168));
#12705=CARTESIAN_POINT('Ctrl Pts',(189.11995625,-117.143059063105,-4.25089689110832));
#12706=CARTESIAN_POINT('Ctrl Pts',(188.647675,-120.091467796211,-5.43844511758442));
#12707=CARTESIAN_POINT('Ctrl Pts',(188.647675,-119.965963526655,-4.00392475233106));
#12708=CARTESIAN_POINT('Ctrl Pts',(190.221945833333,-122.600716208254,-5.2189143275602));
#12709=CARTESIAN_POINT('Ctrl Pts',(190.221945833333,-122.475211938697,-3.78439396230684));
#12710=CARTESIAN_POINT('',(190.221945833333,-122.600716208254,-5.2189143275602));
#12711=CARTESIAN_POINT('Ctrl Pts',(190.221945833333,-122.600716208254,-5.2189143275602));
#12712=CARTESIAN_POINT('Ctrl Pts',(190.221945833333,-122.475211938698,-3.78439396230711));
#12713=CARTESIAN_POINT('Ctrl Pts',(191.05075989916,-123.875104743987,-5.10741977775622));
#12714=CARTESIAN_POINT('Ctrl Pts',(191.05075989916,-123.749600474431,-3.67289941250313));
#12715=CARTESIAN_POINT('Ctrl Pts',(192.735363969746,-125.960940795,-4.92493276931886));
#12716=CARTESIAN_POINT('Ctrl Pts',(192.735363969746,-125.835436525444,-3.49041240406577));
#12717=CARTESIAN_POINT('Ctrl Pts',(194.367101677149,-127.806077871374,-4.7635041924848));
#12718=CARTESIAN_POINT('Ctrl Pts',(194.367101677149,-127.680573601818,-3.32898382723171));
#12719=CARTESIAN_POINT('',(191.856525725044,-124.712906885801,-3.82953778301768));
#12720=CARTESIAN_POINT('Origin',(30.395678798908,-124.817493777099,-5.02497142072773));
#12721=CARTESIAN_POINT('',(199.000612077082,-124.817493777099,-5.02497142072776));
#12722=CARTESIAN_POINT('Origin',(199.100833333333,-124.921770989395,-5.01584834678778));
#12723=CARTESIAN_POINT('',(197.683989583333,-123.447587547319,-5.14482268592702));
#12724=CARTESIAN_POINT('Origin',(197.683989583333,-123.447587547319,-5.14482268592702));
#12725=CARTESIAN_POINT('',(198.94340625,-123.667146783373,-5.1256137417999));
#12726=CARTESIAN_POINT('Ctrl Pts',(198.94340625,-123.667146783373,-5.1256137417999));
#12727=CARTESIAN_POINT('Ctrl Pts',(198.94340625,-123.541642513817,-3.69109337654758));
#12728=CARTESIAN_POINT('Ctrl Pts',(202.406802083333,-124.294458886384,-5.07073104429384));
#12729=CARTESIAN_POINT('Ctrl Pts',(202.406802083333,-124.168954616828,-3.63621067904152));
#12730=CARTESIAN_POINT('Ctrl Pts',(204.390383333333,-124.451286912137,-5.05701036991733));
#12731=CARTESIAN_POINT('Ctrl Pts',(204.390383333333,-124.325782642581,-3.62249000466501));
#12732=CARTESIAN_POINT('Ctrl Pts',(208.8613125,-124.451286912137,-5.05701036991733));
#12733=CARTESIAN_POINT('Ctrl Pts',(208.8613125,-124.325782642581,-3.62249000466501));
#12734=CARTESIAN_POINT('',(208.8613125,-124.451286912137,-5.05701036991733));
#12735=CARTESIAN_POINT('Ctrl Pts',(208.8613125,-124.451286912137,-5.05701036991733));
#12736=CARTESIAN_POINT('Ctrl Pts',(208.8613125,-124.325782642579,-3.6224900046552));
#12737=CARTESIAN_POINT('Ctrl Pts',(222.777866666667,-124.451286912137,-5.05701036991733));
#12738=CARTESIAN_POINT('Ctrl Pts',(222.777866666667,-124.325782642579,-3.6224900046552));
#12739=CARTESIAN_POINT('Ctrl Pts',(236.53699375,-119.934639770458,-5.45216579196094));
#12740=CARTESIAN_POINT('Ctrl Pts',(236.53699375,-119.8091355009,-4.01764542669881));
#12741=CARTESIAN_POINT('Ctrl Pts',(246.54935625,-112.093238482823,-6.13819951078664));
#12742=CARTESIAN_POINT('Ctrl Pts',(246.54935625,-111.967734213265,-4.70367914552451));
#12743=CARTESIAN_POINT('',(246.54935625,-112.093238482823,-6.13819951078664));
#12744=CARTESIAN_POINT('Origin',(246.54935625,-112.093238482823,-6.13819951078664));
#12745=CARTESIAN_POINT('',(248.375510416667,-110.650420645898,-6.26442971505057));
#12746=CARTESIAN_POINT('Origin',(248.375510416667,-110.650420645898,-6.26442971505057));
#12747=CARTESIAN_POINT('',(248.469966666667,-111.716851221016,-6.17112912929027));
#12748=CARTESIAN_POINT('Ctrl Pts',(248.469966666667,-111.716851221016,-6.17112912929027));
#12749=CARTESIAN_POINT('Ctrl Pts',(248.469966666667,-111.59134695146,-4.73660876403749));
#12750=CARTESIAN_POINT('Ctrl Pts',(248.5329375,-112.281432113726,-6.12173470153482));
#12751=CARTESIAN_POINT('Ctrl Pts',(248.5329375,-112.15592784417,-4.68721433628204));
#12752=CARTESIAN_POINT('Ctrl Pts',(248.344025,-113.724249950651,-5.99550449727089));
#12753=CARTESIAN_POINT('Ctrl Pts',(248.344025,-113.598745681095,-4.56098413201811));
#12754=CARTESIAN_POINT('Ctrl Pts',(248.06065625,-114.916142946371,-5.89122737200939));
#12755=CARTESIAN_POINT('Ctrl Pts',(248.06065625,-114.790638676815,-4.4567070067566));
#12756=CARTESIAN_POINT('',(248.06065625,-114.916142946371,-5.89122737200939));
#12757=CARTESIAN_POINT('Ctrl Pts',(248.06065625,-114.916142946371,-5.89122737200939));
#12758=CARTESIAN_POINT('Ctrl Pts',(248.06065625,-114.790638676814,-4.45670700675475));
#12759=CARTESIAN_POINT('Ctrl Pts',(246.958666666667,-119.683714929254,-5.47411887096336));
#12760=CARTESIAN_POINT('Ctrl Pts',(246.958666666667,-119.558210659697,-4.03959850570873));
#12761=CARTESIAN_POINT('Ctrl Pts',(243.52675625,-124.482652517287,-5.05426623504203));
#12762=CARTESIAN_POINT('Ctrl Pts',(243.52675625,-124.35714824773,-3.6197458697874));
#12763=CARTESIAN_POINT('Ctrl Pts',(238.8984,-127.776041058094,-4.76613207313523));
#12764=CARTESIAN_POINT('Ctrl Pts',(238.8984,-127.650536788537,-3.3316117078806));
#12765=CARTESIAN_POINT('',(242.355474490505,-124.712906885801,-3.82953778301768));
#12766=CARTESIAN_POINT('Origin',(30.395678798908,-124.817493777099,-5.02497142072773));
#12767=CARTESIAN_POINT('',(249.676037137682,-124.817493777099,-5.02497142072777));
#12768=CARTESIAN_POINT('Ctrl Pts',(247.285812788356,-127.806077871339,-4.76350419248787));
#12769=CARTESIAN_POINT('Ctrl Pts',(247.285812788356,-127.680573601783,-3.32898382723575));
#12770=CARTESIAN_POINT('Ctrl Pts',(249.138061731013,-125.80971868379,-4.93816298972425));
#12771=CARTESIAN_POINT('Ctrl Pts',(249.138061731013,-125.684214414234,-3.50364262447213));
#12772=CARTESIAN_POINT('Ctrl Pts',(250.659066325469,-123.534978694538,-5.13717695125283));
#12773=CARTESIAN_POINT('Ctrl Pts',(250.659066325469,-123.409474424982,-3.70265658600071));
#12774=CARTESIAN_POINT('Ctrl Pts',(251.996333333333,-120.844242319824,-5.37258588057715));
#12775=CARTESIAN_POINT('Ctrl Pts',(251.996333333333,-120.718738050268,-3.93806551532503));
#12776=CARTESIAN_POINT('',(251.996333333333,-120.844242319824,-5.37258588057715));
#12777=CARTESIAN_POINT('Ctrl Pts',(251.996333333333,-120.844242319824,-5.37258588057715));
#12778=CARTESIAN_POINT('Ctrl Pts',(251.996333333333,-120.718738050268,-3.93806551532504));
#12779=CARTESIAN_POINT('Ctrl Pts',(254.231797916667,-116.327595178146,-5.76774130262076));
#12780=CARTESIAN_POINT('Ctrl Pts',(254.231797916667,-116.20209090859,-4.33322093736865));
#12781=CARTESIAN_POINT('Ctrl Pts',(254.641108333333,-113.347862688844,-6.02843411577453));
#12782=CARTESIAN_POINT('Ctrl Pts',(254.641108333333,-113.222358419288,-4.59391375052242));
#12783=CARTESIAN_POINT('Ctrl Pts',(253.72803125,-108.329365864757,-6.46749569582298));
#12784=CARTESIAN_POINT('Ctrl Pts',(253.72803125,-108.203861595201,-5.03297533057087));
#12785=CARTESIAN_POINT('',(253.72803125,-108.329365864757,-6.46749569582298));
#12786=CARTESIAN_POINT('Origin',(253.72803125,-108.329365864757,-6.46749569582298));
#12787=CARTESIAN_POINT('',(253.287235416667,-105.820117452714,-6.6870264858472));
#12788=CARTESIAN_POINT('Origin',(253.287235416667,-105.820117452714,-6.6870264858472));
#12789=CARTESIAN_POINT('',(254.452195833333,-104.565493246692,-6.79679188085931));
#12790=CARTESIAN_POINT('Ctrl Pts',(254.452195833333,-104.586410624951,-7.03587860840133));
#12791=CARTESIAN_POINT('Ctrl Pts',(254.452195833333,-104.439988977136,-5.3622715156072));
#12792=CARTESIAN_POINT('Ctrl Pts',(255.081904166667,-103.865001706489,-7.0989937105333));
#12793=CARTESIAN_POINT('Ctrl Pts',(255.081904166667,-103.718580058674,-5.42538661773917));
#12794=CARTESIAN_POINT('Ctrl Pts',(255.99498125,-102.79857113137,-7.19229429629359));
#12795=CARTESIAN_POINT('Ctrl Pts',(255.99498125,-102.652149483555,-5.51868720349946));
#12796=CARTESIAN_POINT('Ctrl Pts',(256.4672625,-102.20262463351,-7.24443285892435));
#12797=CARTESIAN_POINT('Ctrl Pts',(256.4672625,-102.056202985695,-5.57082576613022));
#12798=CARTESIAN_POINT('Ctrl Pts',(257.497325201784,-100.902843497367,-7.35814897340185));
#12799=CARTESIAN_POINT('Ctrl Pts',(257.497325201784,-100.756421849551,-5.68454188060772));
#12800=CARTESIAN_POINT('Ctrl Pts',(258.527387903568,-99.603062361223,-7.47186508787934));
#12801=CARTESIAN_POINT('Ctrl Pts',(258.527387903568,-99.4566407134072,-5.79825799508521));
#12802=CARTESIAN_POINT('Ctrl Pts',(259.557450605352,-98.3032812250793,-7.58558120235683));
#12803=CARTESIAN_POINT('Ctrl Pts',(259.557450605352,-98.1568595772635,-5.9119741095627));
#12804=CARTESIAN_POINT('Ctrl Pts',(257.348854166667,-101.051842644029,-6.9034325086747));
#12805=CARTESIAN_POINT('Ctrl Pts',(257.348854166667,-101.057653026879,-6.96984548854748));
#12806=CARTESIAN_POINT('Ctrl Pts',(257.348854166667,-101.063463409729,-7.03625846842026));
#12807=CARTESIAN_POINT('Ctrl Pts',(257.348854166667,-101.069273792579,-7.10267144829303));
#12808=CARTESIAN_POINT('Ctrl Pts',(257.348854166667,-96.3563292993498,-7.75591742428625));
#12809=CARTESIAN_POINT('Ctrl Pts',(257.348854166667,-96.209907651534,-6.08231033149134));
#12810=CARTESIAN_POINT('Ctrl Pts',(257.348854166667,-98.012348762665,-7.61103449466844));
#12811=CARTESIAN_POINT('Ctrl Pts',(257.348854166667,-97.8659271148492,-5.93742740187353));
#12812=CARTESIAN_POINT('Ctrl Pts',(257.348854166667,-99.6683682259802,-7.46615156505064));
#12813=CARTESIAN_POINT('Ctrl Pts',(257.348854166667,-99.5219465781644,-5.79254447225573));
#12814=CARTESIAN_POINT('Ctrl Pts',(257.348854166667,-101.324387689295,-7.32126863543283));
#12815=CARTESIAN_POINT('Ctrl Pts',(257.348854166667,-101.17796604148,-5.64766154263793));
#12816=CARTESIAN_POINT('Ctrl Pts',(257.348854166667,-101.418484504747,-7.31303623080692));
#12817=CARTESIAN_POINT('Ctrl Pts',(257.348854166667,-101.272062856932,-5.63942913801202));
#12818=CARTESIAN_POINT('Ctrl Pts',(257.726679166667,-103.206323998328,-7.15662054291465));
#12819=CARTESIAN_POINT('Ctrl Pts',(257.726679166667,-103.059902350513,-5.48301345011974));
#12820=CARTESIAN_POINT('Ctrl Pts',(258.198960416667,-105.245088333113,-6.97825177601997));
#12821=CARTESIAN_POINT('Ctrl Pts',(258.198960416667,-105.098666685298,-5.30464468322507));
#12822=CARTESIAN_POINT('Ctrl Pts',(235.655402083333,-51.7771797783288,-11.415170875994));
#12823=CARTESIAN_POINT('Ctrl Pts',(235.655402083333,-51.6516755087722,-9.98065051074181));
#12824=CARTESIAN_POINT('Ctrl Pts',(236.72590625,-54.1609657697701,-11.2066166254709));
#12825=CARTESIAN_POINT('Ctrl Pts',(236.72590625,-54.0354615002135,-9.77209626021871));
#12826=CARTESIAN_POINT('Ctrl Pts',(236.694420833333,-56.9525046281684,-10.962388621569));
#12827=CARTESIAN_POINT('Ctrl Pts',(236.694420833333,-56.8270003586118,-9.52786825631681));
#12828=CARTESIAN_POINT('Ctrl Pts',(235.529460416667,-59.2735594093085,-10.7593226407966));
#12829=CARTESIAN_POINT('Ctrl Pts',(235.529460416667,-59.1480551397519,-9.32480227554441));
#12830=CARTESIAN_POINT('',(235.529460416667,-59.2735594093085,-10.7593226407966));
#12831=CARTESIAN_POINT('',(235.655402083333,-51.7771797783288,-11.415170875994));
#12832=CARTESIAN_POINT('Ctrl Pts',(235.529460416667,-59.2735594093085,-10.7593226407966));
#12833=CARTESIAN_POINT('Ctrl Pts',(235.529460416667,-59.1480551397519,-9.32480227554447));
#12834=CARTESIAN_POINT('Ctrl Pts',(233.388452083333,-63.633378525234,-10.3778878931295));
#12835=CARTESIAN_POINT('Ctrl Pts',(233.388452083333,-63.5078742556774,-8.94336752787737));
#12836=CARTESIAN_POINT('Ctrl Pts',(225.328185416667,-69.0909938214284,-9.9004084248268));
#12837=CARTESIAN_POINT('Ctrl Pts',(225.328185416667,-68.9654895518718,-8.46588805957467));
#12838=CARTESIAN_POINT('Ctrl Pts',(217.204947916667,-71.6943390489235,-9.67264523017667));
#12839=CARTESIAN_POINT('Ctrl Pts',(217.204947916667,-71.5688347793669,-8.23812486492454));
#12840=CARTESIAN_POINT('',(217.204947916667,-71.6943390489235,-9.67264523017667));
#12841=CARTESIAN_POINT('Ctrl Pts',(217.204947916667,-71.6943390489235,-9.67264523017667));
#12842=CARTESIAN_POINT('Ctrl Pts',(217.204947916667,-71.5688347793669,-8.23812486492455));
#12843=CARTESIAN_POINT('Ctrl Pts',(209.553991666667,-74.1722218558164,-9.45585857502774));
#12844=CARTESIAN_POINT('Ctrl Pts',(209.553991666667,-74.0467175862598,-8.02133820977562));
#12845=CARTESIAN_POINT('Ctrl Pts',(198.974891666667,-75.1445556154832,-9.37079039389336));
#12846=CARTESIAN_POINT('Ctrl Pts',(198.974891666667,-75.0190513459266,-7.93627002864124));
#12847=CARTESIAN_POINT('Ctrl Pts',(190.914625,-74.1408562506658,-9.45860270990305));
#12848=CARTESIAN_POINT('Ctrl Pts',(190.914625,-74.0153519811092,-8.02408234465093));
#12849=CARTESIAN_POINT('',(190.914625,-74.1408562506658,-9.45860270990305));
#12850=CARTESIAN_POINT('Ctrl Pts',(190.914625,-74.1408562506658,-9.45860270990305));
#12851=CARTESIAN_POINT('Ctrl Pts',(190.914625,-74.0153519811091,-8.02408234465083));
#12852=CARTESIAN_POINT('Ctrl Pts',(180.05215625,-72.7921352291925,-9.57660050954107));
#12853=CARTESIAN_POINT('Ctrl Pts',(180.05215625,-72.6666309596358,-8.14208014428885));
#12854=CARTESIAN_POINT('Ctrl Pts',(171.960404166667,-70.0633275810953,-9.81534024369241));
#12855=CARTESIAN_POINT('Ctrl Pts',(171.960404166667,-69.9378233115386,-8.38081987844019));
#12856=CARTESIAN_POINT('Ctrl Pts',(164.907670833333,-65.4212180188149,-10.2214722052372));
#12857=CARTESIAN_POINT('Ctrl Pts',(164.907670833333,-65.2957137492582,-8.78695183998498));
#12858=CARTESIAN_POINT('',(164.907670833333,-65.4212180188149,-10.2214722052372));
#12859=CARTESIAN_POINT('Ctrl Pts',(164.907670833333,-65.4212180188149,-10.2214722052372));
#12860=CARTESIAN_POINT('Ctrl Pts',(164.907670833333,-65.2957137492582,-8.78695183998503));
#12861=CARTESIAN_POINT('Ctrl Pts',(161.664672916667,-63.288356868578,-10.4080733767578));
#12862=CARTESIAN_POINT('Ctrl Pts',(161.664672916667,-63.1628525990213,-8.97355301150563));
#12863=CARTESIAN_POINT('Ctrl Pts',(161.223877083333,-62.6610447655672,-10.4629560742639));
#12864=CARTESIAN_POINT('Ctrl Pts',(161.223877083333,-62.5355404960105,-9.02843570901173));
#12865=CARTESIAN_POINT('Ctrl Pts',(161.381304166667,-60.2772587741259,-10.6715103247869));
#12866=CARTESIAN_POINT('Ctrl Pts',(161.381304166667,-60.1517545045692,-9.23698995953473));
#12867=CARTESIAN_POINT('',(161.381304166667,-60.2772587741259,-10.6715103247869));
#12868=CARTESIAN_POINT('Ctrl Pts',(161.381304166667,-60.2772587741259,-10.6715103247869));
#12869=CARTESIAN_POINT('Ctrl Pts',(161.381304166667,-60.1517545045693,-9.23698995953477));
#12870=CARTESIAN_POINT('Ctrl Pts',(161.475760416667,-58.8658065423515,-10.7949963941755));
#12871=CARTESIAN_POINT('Ctrl Pts',(161.475760416667,-58.7403022727949,-9.36047602892337));
#12872=CARTESIAN_POINT('Ctrl Pts',(161.53873125,-58.7403441217493,-10.8059729336767));
#12873=CARTESIAN_POINT('Ctrl Pts',(161.53873125,-58.6148398521927,-9.37145256842457));
#12874=CARTESIAN_POINT('Ctrl Pts',(162.262895833333,-58.7717097268999,-10.8032287988014));
#12875=CARTESIAN_POINT('Ctrl Pts',(162.262895833333,-58.6462054573433,-9.36870843354927));
#12876=CARTESIAN_POINT('',(162.262895833333,-58.7717097268999,-10.8032287988014));
#12877=CARTESIAN_POINT('Ctrl Pts',(162.262895833333,-58.7717097268999,-10.8032287988014));
#12878=CARTESIAN_POINT('Ctrl Pts',(162.262895833333,-58.6462054573433,-9.36870843354932));
#12879=CARTESIAN_POINT('Ctrl Pts',(162.703691666667,-58.8030753320504,-10.8004846639261));
#12880=CARTESIAN_POINT('Ctrl Pts',(162.703691666667,-58.6775710624938,-9.36596429867402));
#12881=CARTESIAN_POINT('Ctrl Pts',(164.687272916667,-59.3990218299107,-10.7483461012954));
#12882=CARTESIAN_POINT('Ctrl Pts',(164.687272916667,-59.2735175603541,-9.31382573604332));
#12883=CARTESIAN_POINT('Ctrl Pts',(166.670854166667,-60.0890651432226,-10.6879751340387));
#12884=CARTESIAN_POINT('Ctrl Pts',(166.670854166667,-59.963560873666,-9.25345476878662));
#12885=CARTESIAN_POINT('',(166.670854166667,-60.0890651432226,-10.6879751340387));
#12886=CARTESIAN_POINT('Ctrl Pts',(166.670854166667,-60.0890651432226,-10.6879751340387));
#12887=CARTESIAN_POINT('Ctrl Pts',(166.670854166667,-59.963560873666,-9.25345476878659));
#12888=CARTESIAN_POINT('Ctrl Pts',(174.353295833333,-62.7551415810188,-10.454723669638));
#12889=CARTESIAN_POINT('Ctrl Pts',(174.353295833333,-62.6296373114622,-9.02020330438589));
#12890=CARTESIAN_POINT('Ctrl Pts',(181.846825,-63.7588409458362,-10.3669113536283));
#12891=CARTESIAN_POINT('Ctrl Pts',(181.846825,-63.6333366762796,-8.93239098837619));
#12892=CARTESIAN_POINT('Ctrl Pts',(192.268497916667,-63.5079161046318,-10.3888644326307));
#12893=CARTESIAN_POINT('Ctrl Pts',(192.268497916667,-63.3824118350752,-8.95434406737859));
#12894=CARTESIAN_POINT('',(192.268497916667,-63.5079161046318,-10.3888644326307));
#12895=CARTESIAN_POINT('Ctrl Pts',(192.268497916667,-63.5079161046318,-10.3888644326307));
#12896=CARTESIAN_POINT('Ctrl Pts',(192.268497916667,-63.3824118350751,-8.95434406737848));
#12897=CARTESIAN_POINT('Ctrl Pts',(204.736722916667,-63.2256256582769,-10.4135616465084));
#12898=CARTESIAN_POINT('Ctrl Pts',(204.736722916667,-63.1001213887202,-8.97904128125618));
#12899=CARTESIAN_POINT('Ctrl Pts',(214.213833333333,-60.9359364822873,-10.6138834924055));
#12900=CARTESIAN_POINT('Ctrl Pts',(214.213833333333,-60.8104322127306,-9.17936312715328));
#12901=CARTESIAN_POINT('Ctrl Pts',(224.604020833333,-55.7606116324477,-11.0666657468305));
#12902=CARTESIAN_POINT('Ctrl Pts',(224.604020833333,-55.635107362891,-9.63214538157828));
#12903=CARTESIAN_POINT('',(224.604020833333,-55.7606116324477,-11.0666657468305));
#12904=CARTESIAN_POINT('Ctrl Pts',(224.604020833333,-55.7606116324477,-11.0666657468305));
#12905=CARTESIAN_POINT('Ctrl Pts',(224.604020833333,-55.6351073628911,-9.63214538157831));
#12906=CARTESIAN_POINT('Ctrl Pts',(227.689591666667,-54.2236969800711,-11.2011283557203));
#12907=CARTESIAN_POINT('Ctrl Pts',(227.689591666667,-54.0981927105145,-9.76660799046811));
#12908=CARTESIAN_POINT('Ctrl Pts',(232.979141666667,-50.8362116238125,-11.497494922253));
#12909=CARTESIAN_POINT('Ctrl Pts',(232.979141666667,-50.7107073542559,-10.0629745570008));
#12910=CARTESIAN_POINT('Ctrl Pts',(233.734791666667,-49.9579746795973,-11.5743306987615));
#12911=CARTESIAN_POINT('Ctrl Pts',(233.734791666667,-49.8324704100407,-10.1398103335093));
#12912=CARTESIAN_POINT('',(233.734791666667,-49.9579746795973,-11.5743306987615));
#12913=CARTESIAN_POINT('Ctrl Pts',(233.734791666667,-49.9579746795973,-11.5743306987615));
#12914=CARTESIAN_POINT('Ctrl Pts',(233.734791666667,-49.8324704100407,-10.1398103335094));
#12915=CARTESIAN_POINT('Ctrl Pts',(234.27004375,-49.2992969714359,-11.6319575311429));
#12916=CARTESIAN_POINT('Ctrl Pts',(234.27004375,-49.1737927018793,-10.1974371658908));
#12917=CARTESIAN_POINT('Ctrl Pts',(234.742325,-49.7384154435435,-11.5935396428886));
#12918=CARTESIAN_POINT('Ctrl Pts',(234.742325,-49.6129111739869,-10.1590192776365));
#12919=CARTESIAN_POINT('Ctrl Pts',(235.655402083333,-51.7771797783288,-11.415170875994));
#12920=CARTESIAN_POINT('Ctrl Pts',(235.655402083333,-51.6516755087722,-9.98065051074185));
#12921=CARTESIAN_POINT('Ctrl Pts',(245.352910416667,-46.5077581130376,-11.8761855350448));
#12922=CARTESIAN_POINT('Ctrl Pts',(245.352910416667,-46.382253843481,-10.4416651697927));
#12923=CARTESIAN_POINT('Ctrl Pts',(246.108560416667,-47.8251135293604,-11.7609318702821));
#12924=CARTESIAN_POINT('Ctrl Pts',(246.108560416667,-47.6996092598038,-10.32641150503));
#12925=CARTESIAN_POINT('Ctrl Pts',(247.147579166667,-50.11480270535,-11.560610024385));
#12926=CARTESIAN_POINT('Ctrl Pts',(247.147579166667,-49.9892984357934,-10.1260896591329));
#12927=CARTESIAN_POINT('Ctrl Pts',(247.68283125,-51.6203517525761,-11.4288915503705));
#12928=CARTESIAN_POINT('Ctrl Pts',(247.68283125,-51.4948474830195,-9.99437118511838));
#12929=CARTESIAN_POINT('',(247.68283125,-51.6203517525761,-11.4288915503705));
#12930=CARTESIAN_POINT('',(245.352910416667,-46.5077581130376,-11.8761855350448));
#12931=CARTESIAN_POINT('Ctrl Pts',(247.68283125,-51.6203517525761,-11.4288915503705));
#12932=CARTESIAN_POINT('Ctrl Pts',(247.68283125,-51.4948474830195,-9.99437118511838));
#12933=CARTESIAN_POINT('Ctrl Pts',(248.5329375,-54.0355033491679,-11.2175931649722));
#12934=CARTESIAN_POINT('Ctrl Pts',(248.5329375,-53.9099990796113,-9.78307279972008));
#12935=CARTESIAN_POINT('Ctrl Pts',(248.658879166667,-54.7569122676304,-11.1544780628402));
#12936=CARTESIAN_POINT('Ctrl Pts',(248.658879166667,-54.6314079980738,-9.71995769758808));
#12937=CARTESIAN_POINT('Ctrl Pts',(248.658879166667,-57.799375967233,-10.8882969799358));
#12938=CARTESIAN_POINT('Ctrl Pts',(248.658879166667,-57.6738716976764,-9.45377661468368));
#12939=CARTESIAN_POINT('',(248.658879166667,-57.799375967233,-10.8882969799358));
#12940=CARTESIAN_POINT('Ctrl Pts',(248.658879166667,-57.799375967233,-10.8882969799358));
#12941=CARTESIAN_POINT('Ctrl Pts',(248.658879166667,-57.6738716976764,-9.45377661468371));
#12942=CARTESIAN_POINT('Ctrl Pts',(248.690364583333,-63.9470345767394,-10.3504465443765));
#12943=CARTESIAN_POINT('Ctrl Pts',(248.690364583333,-63.8215303071828,-8.9159261791244));
#12944=CARTESIAN_POINT('Ctrl Pts',(246.328958333333,-68.9341657956757,-9.91412909920331));
#12945=CARTESIAN_POINT('Ctrl Pts',(246.328958333333,-68.8086615261191,-8.47960873395122));
#12946=CARTESIAN_POINT('Ctrl Pts',(240.819010416667,-74.3917810918702,-9.43664963090063));
#12947=CARTESIAN_POINT('Ctrl Pts',(240.819010416667,-74.2662768223136,-8.00212926564854));
#12948=CARTESIAN_POINT('',(240.819010416667,-74.3917810918702,-9.43664963090063));
#12949=CARTESIAN_POINT('Ctrl Pts',(240.819010416667,-74.3917810918702,-9.43664963090063));
#12950=CARTESIAN_POINT('Ctrl Pts',(240.819010416667,-74.2662768223136,-8.00212926564851));
#12951=CARTESIAN_POINT('Ctrl Pts',(234.616383333333,-80.508074096226,-8.90154333021658));
#12952=CARTESIAN_POINT('Ctrl Pts',(234.616383333333,-80.3825698266694,-7.46702296496446));
#12953=CARTESIAN_POINT('Ctrl Pts',(227.09136875,-84.4601403451944,-8.55578233592842));
#12954=CARTESIAN_POINT('Ctrl Pts',(227.09136875,-84.3346360756378,-7.1212619706763));
#12955=CARTESIAN_POINT('Ctrl Pts',(217.204947916667,-86.8125607314851,-8.34997222028071));
#12956=CARTESIAN_POINT('Ctrl Pts',(217.204947916667,-86.6870564619285,-6.91545185502859));
#12957=CARTESIAN_POINT('',(217.204947916667,-86.8125607314851,-8.34997222028071));
#12958=CARTESIAN_POINT('Ctrl Pts',(217.204947916667,-86.8125607314851,-8.34997222028071));
#12959=CARTESIAN_POINT('Ctrl Pts',(217.204947916667,-86.6870564619285,-6.91545185502855));
#12960=CARTESIAN_POINT('Ctrl Pts',(200.202822916667,-90.8273581907546,-7.99872295624195));
#12961=CARTESIAN_POINT('Ctrl Pts',(200.202822916667,-90.701853921198,-6.56420259098979));
#12962=CARTESIAN_POINT('Ctrl Pts',(183.45258125,-89.5727339847329,-8.10848835125406));
#12963=CARTESIAN_POINT('Ctrl Pts',(183.45258125,-89.4472297151763,-6.6739679860019));
#12964=CARTESIAN_POINT('Ctrl Pts',(171.236239583333,-83.3623441649254,-8.65182705656402));
#12965=CARTESIAN_POINT('Ctrl Pts',(171.236239583333,-83.2368398953688,-7.21730669131186));
#12966=CARTESIAN_POINT('',(171.236239583333,-83.3623441649254,-8.65182705656402));
#12967=CARTESIAN_POINT('Ctrl Pts',(171.236239583333,-83.3623441649254,-8.65182705656402));
#12968=CARTESIAN_POINT('Ctrl Pts',(171.236239583333,-83.2368398953688,-7.21730669131183));
#12969=CARTESIAN_POINT('Ctrl Pts',(168.4340375,-81.9195263280004,-8.77805726082795));
#12970=CARTESIAN_POINT('Ctrl Pts',(168.4340375,-81.7940220584438,-7.34353689557576));
#12971=CARTESIAN_POINT('Ctrl Pts',(163.963108333333,-78.9711594438494,-9.03600593910641));
#12972=CARTESIAN_POINT('Ctrl Pts',(163.963108333333,-78.8456551742928,-7.60148557385422));
#12973=CARTESIAN_POINT('Ctrl Pts',(162.199925,-77.4028791863223,-9.17321268287155));
#12974=CARTESIAN_POINT('Ctrl Pts',(162.199925,-77.2773749167657,-7.73869231761936));
#12975=CARTESIAN_POINT('',(162.199925,-77.4028791863223,-9.17321268287155));
#12976=CARTESIAN_POINT('Origin',(162.199925,-77.4028791863223,-9.17321268287155));
#12977=CARTESIAN_POINT('',(160.97199375,-76.3050830060533,-9.26925740350715));
#12978=CARTESIAN_POINT('Origin',(160.97199375,-76.3050830060533,-9.26925740350715));
#12979=CARTESIAN_POINT('',(161.475760416667,-69.2791874523317,-9.88394361557498));
#12980=CARTESIAN_POINT('Origin',(161.475760416667,-69.2791874523317,-9.88394361557498));
#12981=CARTESIAN_POINT('',(164.152020833333,-71.0042957356116,-9.73301619743333));
#12982=CARTESIAN_POINT('Ctrl Pts',(164.152020833333,-71.0042957356116,-9.73301619743333));
#12983=CARTESIAN_POINT('Ctrl Pts',(164.152020833333,-70.878791466055,-8.29849583218121));
#12984=CARTESIAN_POINT('Ctrl Pts',(170.732472916667,-75.3013836412359,-9.35706971951684));
#12985=CARTESIAN_POINT('Ctrl Pts',(170.732472916667,-75.1758793716793,-7.92254935426472));
#12986=CARTESIAN_POINT('Ctrl Pts',(177.533322916667,-77.7165352378277,-9.14577133411852));
#12987=CARTESIAN_POINT('Ctrl Pts',(177.533322916667,-77.5910309682711,-7.7112509688664));
#12988=CARTESIAN_POINT('Ctrl Pts',(187.136375,-79.1907186799032,-9.01679699497929));
#12989=CARTESIAN_POINT('Ctrl Pts',(187.136375,-79.0652144103466,-7.58227662972717));
#12990=CARTESIAN_POINT('',(187.136375,-79.1907186799032,-9.01679699497929));
#12991=CARTESIAN_POINT('Ctrl Pts',(187.136375,-79.1907186799032,-9.01679699497929));
#12992=CARTESIAN_POINT('Ctrl Pts',(187.136375,-79.0652144103466,-7.58227662972718));
#12993=CARTESIAN_POINT('Ctrl Pts',(192.0481,-79.9434932035163,-8.95093775797202));
#12994=CARTESIAN_POINT('Ctrl Pts',(192.0481,-79.8179889339597,-7.51641739271991));
#12995=CARTESIAN_POINT('Ctrl Pts',(202.375316666667,-79.9121275983657,-8.95368189284733));
#12996=CARTESIAN_POINT('Ctrl Pts',(202.375316666667,-79.7866233288091,-7.51916152759522));
#12997=CARTESIAN_POINT('Ctrl Pts',(208.074177083333,-79.1593530747527,-9.01954112985459));
#12998=CARTESIAN_POINT('Ctrl Pts',(208.074177083333,-79.0338488051961,-7.58502076460248));
#12999=CARTESIAN_POINT('',(208.074177083333,-79.1593530747527,-9.01954112985459));
#13000=CARTESIAN_POINT('Ctrl Pts',(208.074177083333,-79.1593530747527,-9.01954112985459));
#13001=CARTESIAN_POINT('Ctrl Pts',(208.074177083333,-79.033848805196,-7.58502076460231));
#13002=CARTESIAN_POINT('Ctrl Pts',(219.944179166667,-77.559707212075,-9.15949200849504));
#13003=CARTESIAN_POINT('Ctrl Pts',(219.944179166667,-77.4342029425184,-7.72497164324276));
#13004=CARTESIAN_POINT('Ctrl Pts',(230.176939583333,-73.0430600703968,-9.55464743053864));
#13005=CARTESIAN_POINT('Ctrl Pts',(230.176939583333,-72.9175558008402,-8.12012706528636));
#13006=CARTESIAN_POINT('Ctrl Pts',(236.72590625,-66.581745409385,-10.119939214851));
#13007=CARTESIAN_POINT('Ctrl Pts',(236.72590625,-66.4562411398284,-8.68541884959872));
#13008=CARTESIAN_POINT('',(236.72590625,-66.581745409385,-10.119939214851));
#13009=CARTESIAN_POINT('Ctrl Pts',(236.72590625,-66.581745409385,-10.119939214851));
#13010=CARTESIAN_POINT('Ctrl Pts',(236.72590625,-66.4562411398284,-8.68541884959887));
#13011=CARTESIAN_POINT('Ctrl Pts',(239.622564583333,-63.6961097355351,-10.3723996233789));
#13012=CARTESIAN_POINT('Ctrl Pts',(239.622564583333,-63.5706054659785,-8.93787925812677));
#13013=CARTESIAN_POINT('Ctrl Pts',(241.102379166667,-61.2182269286422,-10.5891862785278));
#13014=CARTESIAN_POINT('Ctrl Pts',(241.102379166667,-61.0927226590856,-9.15466591327567));
#13015=CARTESIAN_POINT('Ctrl Pts',(241.763572916667,-58.0503008084374,-10.8663439009334));
#13016=CARTESIAN_POINT('Ctrl Pts',(241.763572916667,-57.9247965388808,-9.43182353568127));
#13017=CARTESIAN_POINT('',(241.763572916667,-58.0503008084374,-10.8663439009334));
#13018=CARTESIAN_POINT('Ctrl Pts',(241.763572916667,-58.0503008084374,-10.8663439009334));
#13019=CARTESIAN_POINT('Ctrl Pts',(241.763572916667,-57.9247965388808,-9.43182353568126));
#13020=CARTESIAN_POINT('Ctrl Pts',(242.141397916667,-56.2624613148564,-11.0227595888257));
#13021=CARTESIAN_POINT('Ctrl Pts',(242.141397916667,-56.1369570452998,-9.58823922357357));
#13022=CARTESIAN_POINT('Ctrl Pts',(242.141397916667,-55.5096867912434,-11.0886188258329));
#13023=CARTESIAN_POINT('Ctrl Pts',(242.141397916667,-55.3841825216868,-9.65409846058076));
#13024=CARTESIAN_POINT('Ctrl Pts',(241.7320875,-52.7181479328451,-11.3328468297349));
#13025=CARTESIAN_POINT('Ctrl Pts',(241.7320875,-52.5926436632885,-9.89832646448276));
#13026=CARTESIAN_POINT('',(241.7320875,-52.7181479328451,-11.3328468297349));
#13027=CARTESIAN_POINT('Ctrl Pts',(241.7320875,-52.7181479328451,-11.3328468297349));
#13028=CARTESIAN_POINT('Ctrl Pts',(241.7320875,-52.5926436632885,-9.8983264644827));
#13029=CARTESIAN_POINT('Ctrl Pts',(241.291291666667,-49.4561249971886,-11.6182368567664));
#13030=CARTESIAN_POINT('Ctrl Pts',(241.291291666667,-49.330620727632,-10.1837164915142));
#13031=CARTESIAN_POINT('Ctrl Pts',(240.756039583333,-48.0446727654142,-11.741722926155));
#13032=CARTESIAN_POINT('Ctrl Pts',(240.756039583333,-47.9191684958575,-10.3072025609028));
#13033=CARTESIAN_POINT('Ctrl Pts',(239.307710416667,-46.1000052460805,-11.9118592884238));
#13034=CARTESIAN_POINT('Ctrl Pts',(239.307710416667,-45.9745009765238,-10.4773389231716));
#13035=CARTESIAN_POINT('',(239.307710416667,-46.1000052460805,-11.9118592884238));
#13036=CARTESIAN_POINT('Origin',(239.307710416667,-46.1000052460805,-11.9118592884238));
#13037=CARTESIAN_POINT('',(238.520575,-45.0649402761126,-12.0024157393088));
#13038=CARTESIAN_POINT('Origin',(238.520575,-45.0649402761126,-12.0024157393088));
#13039=CARTESIAN_POINT('',(239.8429625,-43.0575415464779,-12.1780403713281));
#13040=CARTESIAN_POINT('Origin',(239.8429625,-43.0575415464779,-12.1780403713281));
#13041=CARTESIAN_POINT('',(241.133864583333,-41.0501428168431,-12.3536650033475));
#13042=CARTESIAN_POINT('Origin',(241.133864583333,-41.0501428168431,-12.3536650033475));
#13043=CARTESIAN_POINT('',(242.58219375,-42.5870574692198,-12.2192023944577));
#13044=CARTESIAN_POINT('Ctrl Pts',(242.58219375,-42.5870574692198,-12.2192023944577));
#13045=CARTESIAN_POINT('Ctrl Pts',(242.58219375,-42.4615531996632,-10.7846820292055));
#13046=CARTESIAN_POINT('Ctrl Pts',(243.369329166667,-43.4339288082844,-12.1451107528245));
#13047=CARTESIAN_POINT('Ctrl Pts',(243.369329166667,-43.3084245387278,-10.7105903875723));
#13048=CARTESIAN_POINT('Ctrl Pts',(244.628745833333,-45.2217683018654,-11.9886950649322));
#13049=CARTESIAN_POINT('Ctrl Pts',(244.628745833333,-45.0962640323088,-10.55417469968));
#13050=CARTESIAN_POINT('Ctrl Pts',(245.352910416667,-46.5077581130376,-11.8761855350448));
#13051=CARTESIAN_POINT('Ctrl Pts',(245.352910416667,-46.382253843481,-10.4416651697926));
#13052=CARTESIAN_POINT('Ctrl Pts',(60.84836875,-51.0244052547158,-11.4810301130012));
#13053=CARTESIAN_POINT('Ctrl Pts',(60.84836875,-50.8989009851592,-10.0465097477491));
#13054=CARTESIAN_POINT('Ctrl Pts',(68.5622958333333,-56.701579786964,-10.9843417005714));
#13055=CARTESIAN_POINT('Ctrl Pts',(68.5622958333333,-56.5760755174074,-9.54982133531928));
#13056=CARTESIAN_POINT('Ctrl Pts',(77.8819791666667,-60.4654524050292,-10.6550455155351));
#13057=CARTESIAN_POINT('Ctrl Pts',(77.8819791666667,-60.3399481354726,-9.22052515028298));
#13058=CARTESIAN_POINT('Ctrl Pts',(89.37415625,-62.5669479501155,-10.4711884788898));
#13059=CARTESIAN_POINT('Ctrl Pts',(89.37415625,-62.4414436805589,-9.03666811363768));
#13060=CARTESIAN_POINT('',(89.37415625,-62.5669479501155,-10.4711884788898));
#13061=CARTESIAN_POINT('',(60.84836875,-51.0244052547158,-11.4810301130012));
#13062=CARTESIAN_POINT('Ctrl Pts',(89.37415625,-62.5669479501155,-10.4711884788898));
#13063=CARTESIAN_POINT('Ctrl Pts',(89.37415625,-62.4414436805589,-9.03666811363767));
#13064=CARTESIAN_POINT('Ctrl Pts',(92.8690375,-63.1942600531264,-10.4163057813837));
#13065=CARTESIAN_POINT('Ctrl Pts',(92.8690375,-63.0687557835698,-8.98178541613157));
#13066=CARTESIAN_POINT('Ctrl Pts',(95.1674729166667,-63.3824536840296,-10.3998409721319));
#13067=CARTESIAN_POINT('Ctrl Pts',(95.1674729166667,-63.256949414473,-8.96532060687977));
#13068=CARTESIAN_POINT('Ctrl Pts',(100.488508333333,-63.5079161046318,-10.3888644326307));
#13069=CARTESIAN_POINT('Ctrl Pts',(100.488508333333,-63.3824118350752,-8.95434406737857));
#13070=CARTESIAN_POINT('',(100.488508333333,-63.5079161046318,-10.3888644326307));
#13071=CARTESIAN_POINT('Ctrl Pts',(100.488508333333,-63.5079161046318,-10.3888644326307));
#13072=CARTESIAN_POINT('Ctrl Pts',(100.488508333333,-63.3824118350752,-8.95434406737854));
#13073=CARTESIAN_POINT('Ctrl Pts',(110.91018125,-63.7588409458362,-10.3669113536283));
#13074=CARTESIAN_POINT('Ctrl Pts',(110.91018125,-63.6333366762796,-8.93239098837614));
#13075=CARTESIAN_POINT('Ctrl Pts',(118.498166666667,-62.7551415810188,-10.454723669638));
#13076=CARTESIAN_POINT('Ctrl Pts',(118.498166666667,-62.6296373114622,-9.02020330438584));
#13077=CARTESIAN_POINT('Ctrl Pts',(127.219627083333,-59.9322371174699,-10.7016958084152));
#13078=CARTESIAN_POINT('Ctrl Pts',(127.219627083333,-59.8067328479133,-9.26717544316304));
#13079=CARTESIAN_POINT('',(127.219627083333,-59.9322371174699,-10.7016958084152));
#13080=CARTESIAN_POINT('Ctrl Pts',(127.219627083333,-59.9322371174699,-10.7016958084152));
#13081=CARTESIAN_POINT('Ctrl Pts',(127.219627083333,-59.8067328479133,-9.2671754431631));
#13082=CARTESIAN_POINT('Ctrl Pts',(130.0848,-59.0226345681042,-10.781275719799));
#13083=CARTESIAN_POINT('Ctrl Pts',(130.0848,-58.8971302985476,-9.3467553545469));
#13084=CARTESIAN_POINT('Ctrl Pts',(130.55708125,-59.1167313835558,-10.7730433151731));
#13085=CARTESIAN_POINT('Ctrl Pts',(130.55708125,-58.9912271139992,-9.338522949921));
#13086=CARTESIAN_POINT('Ctrl Pts',(130.93490625,-60.8104740616851,-10.6248600319067));
#13087=CARTESIAN_POINT('Ctrl Pts',(130.93490625,-60.6849697921285,-9.1903396666546));
#13088=CARTESIAN_POINT('',(130.93490625,-60.8104740616851,-10.6248600319067));
#13089=CARTESIAN_POINT('Ctrl Pts',(130.93490625,-60.8104740616851,-10.6248600319067));
#13090=CARTESIAN_POINT('Ctrl Pts',(130.93490625,-60.6849697921286,-9.19033966665427));
#13091=CARTESIAN_POINT('Ctrl Pts',(131.249760416667,-62.1591950831585,-10.5068622322687));
#13092=CARTESIAN_POINT('Ctrl Pts',(131.249760416667,-62.033690813602,-9.07234186701627));
#13093=CARTESIAN_POINT('Ctrl Pts',(130.588566666667,-62.9747008170726,-10.4355147255108));
#13094=CARTESIAN_POINT('Ctrl Pts',(130.588566666667,-62.8491965475161,-9.00099436025837));
#13095=CARTESIAN_POINT('Ctrl Pts',(127.565966666667,-64.9507339415568,-10.2626342283668));
#13096=CARTESIAN_POINT('Ctrl Pts',(127.565966666667,-64.8252296720003,-8.82811386311437));
#13097=CARTESIAN_POINT('',(127.565966666667,-64.9507339415568,-10.2626342283668));
#13098=CARTESIAN_POINT('Ctrl Pts',(127.565966666667,-64.9507339415568,-10.2626342283668));
#13099=CARTESIAN_POINT('Ctrl Pts',(127.565966666667,-64.8252296720002,-8.82811386311466));
#13100=CARTESIAN_POINT('Ctrl Pts',(120.0724375,-69.9378651604931,-9.82631678319363));
#13101=CARTESIAN_POINT('Ctrl Pts',(120.0724375,-69.8123608909365,-8.39179641794149));
#13102=CARTESIAN_POINT('Ctrl Pts',(110.815725,-73.1057912806979,-9.54915916078804));
#13103=CARTESIAN_POINT('Ctrl Pts',(110.815725,-72.9802870111413,-8.1146387955359));
#13104=CARTESIAN_POINT('Ctrl Pts',(100.236625,-74.2976842764186,-9.44488203552653));
#13105=CARTESIAN_POINT('Ctrl Pts',(100.236625,-74.172180006862,-8.01036167027439));
#13106=CARTESIAN_POINT('',(100.236625,-74.2976842764186,-9.44488203552653));
#13107=CARTESIAN_POINT('Ctrl Pts',(100.236625,-74.2976842764186,-9.44488203552653));
#13108=CARTESIAN_POINT('Ctrl Pts',(100.236625,-74.1721800068618,-8.0103616702742));
#13109=CARTESIAN_POINT('Ctrl Pts',(94.0339979166667,-74.9877275897305,-9.38451106826987));
#13110=CARTESIAN_POINT('Ctrl Pts',(94.0339979166667,-74.8622233201737,-7.94999070301754));
#13111=CARTESIAN_POINT('Ctrl Pts',(85.1865958333333,-74.1408562506658,-9.45860270990305));
#13112=CARTESIAN_POINT('Ctrl Pts',(85.1865958333333,-74.015351981109,-8.02408234465072));
#13113=CARTESIAN_POINT('Ctrl Pts',(77.4096979166667,-72.07072631073,-9.63971561167303));
#13114=CARTESIAN_POINT('Ctrl Pts',(77.4096979166667,-71.9452220411732,-8.2051952464207));
#13115=CARTESIAN_POINT('',(77.4096979166667,-72.07072631073,-9.63971561167303));
#13116=CARTESIAN_POINT('Ctrl Pts',(77.4096979166667,-72.07072631073,-9.63971561167303));
#13117=CARTESIAN_POINT('Ctrl Pts',(77.4096979166667,-71.9452220411734,-8.20519524642086));
#13118=CARTESIAN_POINT('Ctrl Pts',(67.7121895833333,-69.4987466883855,-9.86473467144786));
#13119=CARTESIAN_POINT('Ctrl Pts',(67.7121895833333,-69.3732424188289,-8.43021430619569));
#13120=CARTESIAN_POINT('Ctrl Pts',(59.7463791666667,-64.4488842591481,-10.3065403863716));
#13121=CARTESIAN_POINT('Ctrl Pts',(59.7463791666667,-64.3233799895915,-8.87202002111943));
#13122=CARTESIAN_POINT('Ctrl Pts',(57.3220020833333,-59.2735594093085,-10.7593226407966));
#13123=CARTESIAN_POINT('Ctrl Pts',(57.3220020833333,-59.1480551397519,-9.32480227554443));
#13124=CARTESIAN_POINT('',(57.3220020833333,-59.2735594093085,-10.7593226407966));
#13125=CARTESIAN_POINT('Ctrl Pts',(57.3220020833333,-59.2735594093085,-10.7593226407966));
#13126=CARTESIAN_POINT('Ctrl Pts',(57.3220020833333,-59.1480551397519,-9.32480227554444));
#13127=CARTESIAN_POINT('Ctrl Pts',(56.12555625,-56.701579786964,-10.9843417005714));
#13128=CARTESIAN_POINT('Ctrl Pts',(56.12555625,-56.5760755174074,-9.54982133531924));
#13129=CARTESIAN_POINT('Ctrl Pts',(56.1885270833333,-54.0041377440173,-11.2203372998475));
#13130=CARTESIAN_POINT('Ctrl Pts',(56.1885270833333,-53.8786334744607,-9.78581693459533));
#13131=CARTESIAN_POINT('Ctrl Pts',(57.5109145833333,-51.2753300959201,-11.4590770339988));
#13132=CARTESIAN_POINT('Ctrl Pts',(57.5109145833333,-51.1498258263635,-10.0245566687466));
#13133=CARTESIAN_POINT('',(57.5109145833333,-51.2753300959201,-11.4590770339988));
#13134=CARTESIAN_POINT('Ctrl Pts',(57.5109145833333,-51.2753300959201,-11.4590770339988));
#13135=CARTESIAN_POINT('Ctrl Pts',(57.5109145833333,-51.1498258263635,-10.0245566687467));
#13136=CARTESIAN_POINT('Ctrl Pts',(58.01468125,-50.3029963362533,-11.5441452151332));
#13137=CARTESIAN_POINT('Ctrl Pts',(58.01468125,-50.1774920666967,-10.1096248498811));
#13138=CARTESIAN_POINT('Ctrl Pts',(58.4869625,-49.4874906023392,-11.6154927218911));
#13139=CARTESIAN_POINT('Ctrl Pts',(58.4869625,-49.3619863327826,-10.180972356639));
#13140=CARTESIAN_POINT('Ctrl Pts',(58.58141875,-49.4874906023392,-11.6154927218911));
#13141=CARTESIAN_POINT('Ctrl Pts',(58.58141875,-49.3619863327826,-10.180972356639));
#13142=CARTESIAN_POINT('',(58.58141875,-49.4874906023392,-11.6154927218911));
#13143=CARTESIAN_POINT('Ctrl Pts',(58.58141875,-49.4874906023392,-11.6154927218911));
#13144=CARTESIAN_POINT('Ctrl Pts',(58.58141875,-49.3619863327826,-10.1809723566389));
#13145=CARTESIAN_POINT('Ctrl Pts',(58.675875,-49.4874906023392,-11.6154927218911));
#13146=CARTESIAN_POINT('Ctrl Pts',(58.675875,-49.3619863327826,-10.1809723566389));
#13147=CARTESIAN_POINT('Ctrl Pts',(59.6834083333333,-50.1775339156511,-11.5551217546344));
#13148=CARTESIAN_POINT('Ctrl Pts',(59.6834083333333,-50.0520296460945,-10.1206013893822));
#13149=CARTESIAN_POINT('Ctrl Pts',(60.84836875,-51.0244052547158,-11.4810301130012));
#13150=CARTESIAN_POINT('Ctrl Pts',(60.84836875,-50.8989009851592,-10.046509747749));
#13151=CARTESIAN_POINT('Ctrl Pts',(52.25285,-42.02247657651,-12.2685968222131));
#13152=CARTESIAN_POINT('Ctrl Pts',(52.25285,-41.8969723069534,-10.834076456961));
#13153=CARTESIAN_POINT('Ctrl Pts',(52.53621875,-42.5870574692198,-12.2192023944577));
#13154=CARTESIAN_POINT('Ctrl Pts',(52.53621875,-42.4615531996632,-10.7846820292056));
#13155=CARTESIAN_POINT('Ctrl Pts',(53.1344416666667,-43.4966600185855,-12.1396224830739));
#13156=CARTESIAN_POINT('Ctrl Pts',(53.1344416666667,-43.3711557490289,-10.7051021178218));
#13157=CARTESIAN_POINT('Ctrl Pts',(53.5437520833333,-44.0298753061447,-12.0929721901938));
#13158=CARTESIAN_POINT('Ctrl Pts',(53.5437520833333,-43.9043710365881,-10.6584518249417));
#13159=CARTESIAN_POINT('',(53.5437520833334,-44.0298753061447,-12.0929721901938));
#13160=CARTESIAN_POINT('',(52.25285,-42.02247657651,-12.2685968222131));
#13161=CARTESIAN_POINT('Origin',(53.5437520833334,-44.0298753061447,-12.0929721901938));
#13162=CARTESIAN_POINT('',(54.2994020833333,-45.0335746709621,-12.0051598741841));
#13163=CARTESIAN_POINT('Origin',(54.2994020833333,-45.0335746709621,-12.0051598741841));
#13164=CARTESIAN_POINT('',(53.3233541666667,-46.5391237181881,-11.8734414001695));
#13165=CARTESIAN_POINT('Ctrl Pts',(53.3233541666667,-46.5391237181881,-11.8734414001695));
#13166=CARTESIAN_POINT('Ctrl Pts',(53.3233541666667,-46.4136194486315,-10.4389210349174));
#13167=CARTESIAN_POINT('Ctrl Pts',(51.0878895833333,-50.0834371001995,-11.5633541592603));
#13168=CARTESIAN_POINT('Ctrl Pts',(51.0878895833333,-49.9579328306429,-10.1288337940082));
#13169=CARTESIAN_POINT('Ctrl Pts',(50.45818125,-53.4395568513075,-11.2697317276029));
#13170=CARTESIAN_POINT('Ctrl Pts',(50.45818125,-53.3140525817509,-9.83521136235078));
#13171=CARTESIAN_POINT('Ctrl Pts',(51.2453166666667,-57.6425479414803,-10.9020176543123));
#13172=CARTESIAN_POINT('Ctrl Pts',(51.2453166666667,-57.5170436719237,-9.46749728906018));
#13173=CARTESIAN_POINT('',(51.2453166666667,-57.6425479414803,-10.9020176543123));
#13174=CARTESIAN_POINT('Ctrl Pts',(51.2453166666667,-57.6425479414803,-10.9020176543123));
#13175=CARTESIAN_POINT('Ctrl Pts',(51.2453166666667,-57.5170436719237,-9.46749728906022));
#13176=CARTESIAN_POINT('Ctrl Pts',(51.9065104166667,-61.09276450804,-10.600162818029));
#13177=CARTESIAN_POINT('Ctrl Pts',(51.9065104166667,-60.9672602384833,-9.16564245277692));
#13178=CARTESIAN_POINT('Ctrl Pts',(53.2288979166667,-63.7902065509867,-10.364167218753));
#13179=CARTESIAN_POINT('Ctrl Pts',(53.2288979166667,-63.6647022814301,-8.92964685350092));
#13180=CARTESIAN_POINT('Ctrl Pts',(55.5903041666667,-66.2680893578796,-10.1473805636041));
#13181=CARTESIAN_POINT('Ctrl Pts',(55.5903041666667,-66.142585088323,-8.71286019835202));
#13182=CARTESIAN_POINT('',(55.5903041666667,-66.2680893578796,-10.1473805636041));
#13183=CARTESIAN_POINT('Ctrl Pts',(55.5903041666667,-66.2680893578796,-10.1473805636041));
#13184=CARTESIAN_POINT('Ctrl Pts',(55.5903041666667,-66.142585088323,-8.71286019835193));
#13185=CARTESIAN_POINT('Ctrl Pts',(61.79293125,-72.8862320446441,-9.56836810491516));
#13186=CARTESIAN_POINT('Ctrl Pts',(61.79293125,-72.7607277750875,-8.13384773966299));
#13187=CARTESIAN_POINT('Ctrl Pts',(72.6239145833333,-77.6224384223761,-9.15400373874444));
#13188=CARTESIAN_POINT('Ctrl Pts',(72.6239145833333,-77.4969341528195,-7.71948337349227));
#13189=CARTESIAN_POINT('Ctrl Pts',(84.9661979166667,-79.0966218644516,-9.0250293996052));
#13190=CARTESIAN_POINT('Ctrl Pts',(84.9661979166667,-78.971117594895,-7.59050903435304));
#13191=CARTESIAN_POINT('',(84.9661979166667,-79.0966218644516,-9.0250293996052));
#13192=CARTESIAN_POINT('Ctrl Pts',(84.9661979166667,-79.0966218644516,-9.0250293996052));
#13193=CARTESIAN_POINT('Ctrl Pts',(84.9661979166667,-78.9711175948949,-7.59050903435297));
#13194=CARTESIAN_POINT('Ctrl Pts',(102.377633333333,-81.198117409538,-8.84117236295991));
#13195=CARTESIAN_POINT('Ctrl Pts',(102.377633333333,-81.0726131399814,-7.40665199770768));
#13196=CARTESIAN_POINT('Ctrl Pts',(115.601508333333,-78.657503392344,-9.06344728785944));
#13197=CARTESIAN_POINT('Ctrl Pts',(115.601508333333,-78.5319991227873,-7.62892692260721));
#13198=CARTESIAN_POINT('Ctrl Pts',(128.0067625,-70.9101989201599,-9.74124860205924));
#13199=CARTESIAN_POINT('Ctrl Pts',(128.0067625,-70.7846946506032,-8.30672823680701));
#13200=CARTESIAN_POINT('',(128.0067625,-70.9101989201599,-9.74124860205924));
#13201=CARTESIAN_POINT('Origin',(128.0067625,-70.9101989201599,-9.74124860205924));
#13202=CARTESIAN_POINT('',(131.0293625,-69.0282626111273,-9.90589669457741));
#13203=CARTESIAN_POINT('Origin',(131.0293625,-69.0282626111273,-9.90589669457741));
#13204=CARTESIAN_POINT('',(131.218275,-70.4710804480523,-9.77966649031348));
#13205=CARTESIAN_POINT('Ctrl Pts',(131.218275,-70.4710804480523,-9.77966649031348));
#13206=CARTESIAN_POINT('Ctrl Pts',(131.218275,-70.3455761784957,-8.34514612506136));
#13207=CARTESIAN_POINT('Ctrl Pts',(131.31273125,-71.2552205768159,-9.71106311843091));
#13208=CARTESIAN_POINT('Ctrl Pts',(131.31273125,-71.1297163072593,-8.27654275317879));
#13209=CARTESIAN_POINT('Ctrl Pts',(131.470158333333,-72.823500834343,-9.57385637466576));
#13210=CARTESIAN_POINT('Ctrl Pts',(131.470158333333,-72.6979965647864,-8.13933600941364));
#13211=CARTESIAN_POINT('Ctrl Pts',(131.5961,-73.9526626197626,-9.47506751915486));
#13212=CARTESIAN_POINT('Ctrl Pts',(131.5961,-73.827158350206,-8.04054715390274));
#13213=CARTESIAN_POINT('',(131.5961,-73.9526626197626,-9.47506751915486));
#13214=CARTESIAN_POINT('Origin',(131.5961,-73.9526626197626,-9.47506751915486));
#13215=CARTESIAN_POINT('',(131.7850125,-75.9914269545478,-9.29669875226018));
#13216=CARTESIAN_POINT('Origin',(131.7850125,-75.9914269545478,-9.29669875226018));
#13217=CARTESIAN_POINT('',(129.486577083333,-77.904728868731,-9.12930652486671));
#13218=CARTESIAN_POINT('Ctrl Pts',(129.486577083333,-77.904728868731,-9.12930652486671));
#13219=CARTESIAN_POINT('Ctrl Pts',(129.486577083333,-77.7792245991744,-7.69478615961459));
#13220=CARTESIAN_POINT('Ctrl Pts',(121.741164583333,-84.2405811091406,-8.57499128005554));
#13221=CARTESIAN_POINT('Ctrl Pts',(121.741164583333,-84.115076839584,-7.14047091480342));
#13222=CARTESIAN_POINT('Ctrl Pts',(113.55495625,-87.5653352550981,-8.28411298327344));
#13223=CARTESIAN_POINT('Ctrl Pts',(113.55495625,-87.4398309855415,-6.84959261802132));
#13224=CARTESIAN_POINT('Ctrl Pts',(102.912885416667,-88.7258626456682,-8.18257999288724));
#13225=CARTESIAN_POINT('Ctrl Pts',(102.912885416667,-88.6003583761116,-6.74805962763512));
#13226=CARTESIAN_POINT('',(102.912885416667,-88.7258626456682,-8.18257999288724));
#13227=CARTESIAN_POINT('Ctrl Pts',(102.912885416667,-88.7258626456682,-8.18257999288724));
#13228=CARTESIAN_POINT('Ctrl Pts',(102.912885416667,-88.6003583761116,-6.74805962763512));
#13229=CARTESIAN_POINT('Ctrl Pts',(99.0716645833333,-89.1336155126253,-8.1469062395083));
#13230=CARTESIAN_POINT('Ctrl Pts',(99.0716645833333,-89.0081112430687,-6.71238587425618));
#13231=CARTESIAN_POINT('Ctrl Pts',(88.7444479166667,-88.945421881722,-8.16337104876012));
#13232=CARTESIAN_POINT('Ctrl Pts',(88.7444479166667,-88.8199176121654,-6.728850683508));
#13233=CARTESIAN_POINT('Ctrl Pts',(84.8087708333333,-88.3808409890123,-8.21276547651557));
#13234=CARTESIAN_POINT('Ctrl Pts',(84.8087708333333,-88.2553367194557,-6.77824511126345));
#13235=CARTESIAN_POINT('',(84.8087708333333,-88.3808409890123,-8.21276547651557));
#13236=CARTESIAN_POINT('Ctrl Pts',(84.8087708333333,-88.3808409890123,-8.21276547651557));
#13237=CARTESIAN_POINT('Ctrl Pts',(84.8087708333333,-88.2553367194556,-6.77824511126318));
#13238=CARTESIAN_POINT('Ctrl Pts',(65.0674145833333,-85.589302130614,-8.45699348041752));
#13239=CARTESIAN_POINT('Ctrl Pts',(65.0674145833333,-85.4637978610573,-7.02247311516513));
#13240=CARTESIAN_POINT('Ctrl Pts',(51.7175979166667,-78.0301912893331,-9.1183299853655));
#13241=CARTESIAN_POINT('Ctrl Pts',(51.7175979166667,-77.9046870197764,-7.68380962011311));
#13242=CARTESIAN_POINT('Ctrl Pts',(46.3650770833333,-66.6131110145356,-10.1171950799757));
#13243=CARTESIAN_POINT('Ctrl Pts',(46.3650770833333,-66.4876067449789,-8.68267471472331));
#13244=CARTESIAN_POINT('',(46.3650770833333,-66.6131110145356,-10.1171950799757));
#13245=CARTESIAN_POINT('Ctrl Pts',(46.3650770833333,-66.6131110145356,-10.1171950799757));
#13246=CARTESIAN_POINT('Ctrl Pts',(46.3650770833333,-66.4876067449789,-8.68267471472347));
#13247=CARTESIAN_POINT('Ctrl Pts',(45.1371458333333,-63.9784001818899,-10.3477024095012));
#13248=CARTESIAN_POINT('Ctrl Pts',(45.1371458333333,-63.8528959123332,-8.91318204424897));
#13249=CARTESIAN_POINT('Ctrl Pts',(44.5074375,-60.9359364822873,-10.6138834924055));
#13250=CARTESIAN_POINT('Ctrl Pts',(44.5074375,-60.8104322127306,-9.17936312715327));
#13251=CARTESIAN_POINT('Ctrl Pts',(44.5074375,-57.3288918899749,-10.9294590030654));
#13252=CARTESIAN_POINT('Ctrl Pts',(44.5074375,-57.2033876204182,-9.49493863781317));
#13253=CARTESIAN_POINT('',(44.5074375,-57.3288918899749,-10.9294590030654));
#13254=CARTESIAN_POINT('Ctrl Pts',(44.5074375,-57.3288918899749,-10.9294590030654));
#13255=CARTESIAN_POINT('Ctrl Pts',(44.5074375,-57.2033876204183,-9.4949386378132));
#13256=CARTESIAN_POINT('Ctrl Pts',(44.5074375,-51.6830829628772,-11.4234032806199));
#13257=CARTESIAN_POINT('Ctrl Pts',(44.5074375,-51.5575786933206,-9.9888829153677));
#13258=CARTESIAN_POINT('Ctrl Pts',(46.2706208333333,-47.1037046108979,-11.8240469724141));
#13259=CARTESIAN_POINT('Ctrl Pts',(46.2706208333333,-46.9782003413413,-10.3895266071619));
#13260=CARTESIAN_POINT('Ctrl Pts',(50.3007541666667,-42.2106702074132,-12.2521320129613));
#13261=CARTESIAN_POINT('Ctrl Pts',(50.3007541666667,-42.0851659378566,-10.8176116477091));
#13262=CARTESIAN_POINT('',(50.3007541666667,-42.2106702074132,-12.2521320129613));
#13263=CARTESIAN_POINT('Ctrl Pts',(50.3007541666667,-42.2106702074132,-12.2521320129613));
#13264=CARTESIAN_POINT('Ctrl Pts',(50.3007541666667,-42.0851659378566,-10.8176116477092));
#13265=CARTESIAN_POINT('Ctrl Pts',(50.83600625,-41.5519924992518,-12.3097588453427));
#13266=CARTESIAN_POINT('Ctrl Pts',(50.83600625,-41.4264882296952,-10.8752384800906));
#13267=CARTESIAN_POINT('Ctrl Pts',(51.3712583333333,-41.0187772116926,-12.3564091382228));
#13268=CARTESIAN_POINT('Ctrl Pts',(51.3712583333333,-40.893272942136,-10.9218887729707));
#13269=CARTESIAN_POINT('Ctrl Pts',(51.4972,-41.0187772116926,-12.3564091382228));
#13270=CARTESIAN_POINT('Ctrl Pts',(51.4972,-40.893272942136,-10.9218887729707));
#13271=CARTESIAN_POINT('',(51.4972,-41.0187772116926,-12.3564091382228));
#13272=CARTESIAN_POINT('Ctrl Pts',(51.4972,-41.0187772116926,-12.3564091382228));
#13273=CARTESIAN_POINT('Ctrl Pts',(51.4972,-40.893272942136,-10.9218887729707));
#13274=CARTESIAN_POINT('Ctrl Pts',(51.6231416666667,-41.0187772116926,-12.3564091382228));
#13275=CARTESIAN_POINT('Ctrl Pts',(51.6231416666667,-40.893272942136,-10.9218887729707));
#13276=CARTESIAN_POINT('Ctrl Pts',(51.96948125,-41.4892612889508,-12.3152471150933));
#13277=CARTESIAN_POINT('Ctrl Pts',(51.96948125,-41.3637570193941,-10.8807267498412));
#13278=CARTESIAN_POINT('Ctrl Pts',(52.25285,-42.02247657651,-12.2685968222131));
#13279=CARTESIAN_POINT('Ctrl Pts',(52.25285,-41.8969723069534,-10.834076456961));
#13280=CARTESIAN_POINT('Ctrl Pts',(243.810125,-85.244280473958,-8.48717896404585));
#13281=CARTESIAN_POINT('Ctrl Pts',(243.810125,-85.1187762044013,-7.05265859879373));
#13282=CARTESIAN_POINT('Ctrl Pts',(242.361795833333,-91.9251543710236,-7.90267823560635));
#13283=CARTESIAN_POINT('Ctrl Pts',(242.361795833333,-91.799650101467,-6.46815787035423));
#13284=CARTESIAN_POINT('Ctrl Pts',(234.207072916667,-98.7314906886914,-7.30720096766564));
#13285=CARTESIAN_POINT('Ctrl Pts',(234.207072916667,-98.6059864191348,-5.87268060241352));
#13286=CARTESIAN_POINT('Ctrl Pts',(223.12420625,-102.463997701606,-6.9806489175046));
#13287=CARTESIAN_POINT('Ctrl Pts',(223.12420625,-102.338493432049,-5.54612855225248));
#13288=CARTESIAN_POINT('',(223.12420625,-102.463997701606,-6.9806489175046));
#13289=CARTESIAN_POINT('',(243.810125,-85.244280473958,-8.48717896404585));
#13290=CARTESIAN_POINT('Ctrl Pts',(223.12420625,-102.463997701606,-6.9806489175046));
#13291=CARTESIAN_POINT('Ctrl Pts',(223.12420625,-102.33849343205,-5.5461285522516));
#13292=CARTESIAN_POINT('Ctrl Pts',(210.026272916667,-106.917913632983,-6.59098176521161));
#13293=CARTESIAN_POINT('Ctrl Pts',(210.026272916667,-106.792409363427,-5.15646139995861));
#13294=CARTESIAN_POINT('Ctrl Pts',(196.204175,-105.255536560004,-6.73642091360265));
#13295=CARTESIAN_POINT('Ctrl Pts',(196.204175,-105.130032290448,-5.30190054834965));
#13296=CARTESIAN_POINT('Ctrl Pts',(186.538152083333,-98.1041785856805,-7.36208366517169));
#13297=CARTESIAN_POINT('Ctrl Pts',(186.538152083333,-97.978674316124,-5.92756329991869));
#13298=CARTESIAN_POINT('',(186.538152083333,-98.1041785856805,-7.36208366517169));
#13299=CARTESIAN_POINT('Ctrl Pts',(186.538152083333,-98.1041785856805,-7.36208366517169));
#13300=CARTESIAN_POINT('Ctrl Pts',(186.538152083333,-97.978674316124,-5.92756329991958));
#13301=CARTESIAN_POINT('Ctrl Pts',(184.428629166667,-96.5672639333039,-7.49654627406153));
#13302=CARTESIAN_POINT('Ctrl Pts',(184.428629166667,-96.4417596637474,-6.06202590880942));
#13303=CARTESIAN_POINT('Ctrl Pts',(181.469,-93.5875314440023,-7.7572390872153));
#13304=CARTESIAN_POINT('Ctrl Pts',(181.469,-93.4620271744458,-6.32271872196319));
#13305=CARTESIAN_POINT('Ctrl Pts',(181.469,-93.0543161564432,-7.80388938009545));
#13306=CARTESIAN_POINT('Ctrl Pts',(181.469,-92.9288118868867,-6.36936901484334));
#13307=CARTESIAN_POINT('',(181.469,-93.0543161564432,-7.80388938009545));
#13308=CARTESIAN_POINT('Ctrl Pts',(181.469,-93.0543161564432,-7.80388938009545));
#13309=CARTESIAN_POINT('Ctrl Pts',(181.469,-92.9288118868866,-6.36936901484332));
#13310=CARTESIAN_POINT('Ctrl Pts',(181.469,-92.9602193409915,-7.81212178472136));
#13311=CARTESIAN_POINT('Ctrl Pts',(181.469,-92.8347150714349,-6.37760141946923));
#13312=CARTESIAN_POINT('Ctrl Pts',(182.161679166667,-93.0543161564432,-7.80388938009545));
#13313=CARTESIAN_POINT('Ctrl Pts',(182.161679166667,-92.9288118868866,-6.36936901484332));
#13314=CARTESIAN_POINT('Ctrl Pts',(182.9803,-93.2425097873464,-7.78742457084363));
#13315=CARTESIAN_POINT('Ctrl Pts',(182.9803,-93.1170055177898,-6.3529042055915));
#13316=CARTESIAN_POINT('',(182.9803,-93.2425097873464,-7.78742457084363));
#13317=CARTESIAN_POINT('Ctrl Pts',(182.9803,-93.2425097873464,-7.78742457084363));
#13318=CARTESIAN_POINT('Ctrl Pts',(182.9803,-93.1170055177898,-6.35290420559152));
#13319=CARTESIAN_POINT('Ctrl Pts',(187.79756875,-94.4971339933681,-7.67765917583152));
#13320=CARTESIAN_POINT('Ctrl Pts',(187.79756875,-94.3716297238115,-6.24313881057941));
#13321=CARTESIAN_POINT('Ctrl Pts',(190.7257125,-94.8107900448736,-7.65021782707849));
#13322=CARTESIAN_POINT('Ctrl Pts',(190.7257125,-94.685285775317,-6.21569746182638));
#13323=CARTESIAN_POINT('Ctrl Pts',(198.156270833333,-94.779424439723,-7.65296196195379));
#13324=CARTESIAN_POINT('Ctrl Pts',(198.156270833333,-94.6539201701664,-6.21844159670168));
#13325=CARTESIAN_POINT('',(198.156270833333,-94.779424439723,-7.65296196195379));
#13326=CARTESIAN_POINT('Ctrl Pts',(198.156270833333,-94.779424439723,-7.65296196195379));
#13327=CARTESIAN_POINT('Ctrl Pts',(198.156270833333,-94.6539201701664,-6.21844159670168));
#13328=CARTESIAN_POINT('Ctrl Pts',(204.169985416667,-94.779424439723,-7.65296196195379));
#13329=CARTESIAN_POINT('Ctrl Pts',(204.169985416667,-94.6539201701664,-6.21844159670168));
#13330=CARTESIAN_POINT('Ctrl Pts',(206.40545,-94.6225964139703,-7.66668263633031));
#13331=CARTESIAN_POINT('Ctrl Pts',(206.40545,-94.4970921444137,-6.2321622710782));
#13332=CARTESIAN_POINT('Ctrl Pts',(210.08924375,-94.0580155212605,-7.71607706408576));
#13333=CARTESIAN_POINT('Ctrl Pts',(210.08924375,-93.9325112517039,-6.28155669883364));
#13334=CARTESIAN_POINT('',(210.08924375,-94.0580155212605,-7.71607706408576));
#13335=CARTESIAN_POINT('Ctrl Pts',(210.08924375,-94.0580155212605,-7.71607706408576));
#13336=CARTESIAN_POINT('Ctrl Pts',(210.08924375,-93.9325112517038,-6.28155669883347));
#13337=CARTESIAN_POINT('Ctrl Pts',(223.533516666667,-91.9878855813247,-7.89718996585574));
#13338=CARTESIAN_POINT('Ctrl Pts',(223.533516666667,-91.862381311768,-6.46266960060345));
#13339=CARTESIAN_POINT('Ctrl Pts',(234.742325,-87.4085072293454,-8.29783365764996));
#13340=CARTESIAN_POINT('Ctrl Pts',(234.742325,-87.2830029597887,-6.86331329239766));
#13341=CARTESIAN_POINT('Ctrl Pts',(241.921,-80.9785581734841,-8.86038130708703));
#13342=CARTESIAN_POINT('Ctrl Pts',(241.921,-80.8530539039274,-7.42586094183474));
#13343=CARTESIAN_POINT('',(241.921,-80.9785581734841,-8.86038130708703));
#13344=CARTESIAN_POINT('Origin',(241.921,-80.9785581734841,-8.86038130708703));
#13345=CARTESIAN_POINT('',(243.967552083333,-79.1593530747527,-9.01954112985459));
#13346=CARTESIAN_POINT('Origin',(243.967552083333,-79.1593530747527,-9.01954112985459));
#13347=CARTESIAN_POINT('',(244.062008333333,-81.3549454352907,-8.8274516885834));
#13348=CARTESIAN_POINT('Ctrl Pts',(244.062008333333,-81.3549454352907,-8.8274516885834));
#13349=CARTESIAN_POINT('Ctrl Pts',(244.062008333333,-81.2294411657341,-7.39293132333128));
#13350=CARTESIAN_POINT('Ctrl Pts',(244.124979166667,-82.5468384310113,-8.72317456332189));
#13351=CARTESIAN_POINT('Ctrl Pts',(244.124979166667,-82.4213341614547,-7.28865419806977));
#13352=CARTESIAN_POINT('Ctrl Pts',(243.9990375,-84.3033123194417,-8.56950301030493));
#13353=CARTESIAN_POINT('Ctrl Pts',(243.9990375,-84.1778080498851,-7.13498264505281));
#13354=CARTESIAN_POINT('Ctrl Pts',(243.810125,-85.244280473958,-8.48717896404585));
#13355=CARTESIAN_POINT('Ctrl Pts',(243.810125,-85.1187762044013,-7.05265859879373));
#13356=CARTESIAN_POINT('Ctrl Pts',(50.6156083333333,-80.7589989374303,-8.87959025121415));
#13357=CARTESIAN_POINT('Ctrl Pts',(50.6156083333333,-80.6334946678737,-7.44506988596204));
#13358=CARTESIAN_POINT('Ctrl Pts',(58.95924375,-88.4749378044639,-8.20453307188966));
#13359=CARTESIAN_POINT('Ctrl Pts',(58.95924375,-88.3494335349073,-6.77001270663755));
#13360=CARTESIAN_POINT('Ctrl Pts',(75.8669125,-94.1521123367121,-7.70784465945985));
#13361=CARTESIAN_POINT('Ctrl Pts',(75.8669125,-94.0266080671555,-6.27332429420774));
#13362=CARTESIAN_POINT('Ctrl Pts',(92.5226979166667,-94.842155650024,-7.64747369220319));
#13363=CARTESIAN_POINT('Ctrl Pts',(92.5226979166667,-94.7166513804673,-6.21295332695108));
#13364=CARTESIAN_POINT('',(92.5226979166667,-94.842155650024,-7.64747369220319));
#13365=CARTESIAN_POINT('',(50.6156083333333,-80.7589989374303,-8.87959025121415));
#13366=CARTESIAN_POINT('Ctrl Pts',(92.5226979166667,-94.842155650024,-7.64747369220319));
#13367=CARTESIAN_POINT('Ctrl Pts',(92.5226979166667,-94.7166513804673,-6.21295332695107));
#13368=CARTESIAN_POINT('Ctrl Pts',(97.68630625,-95.0617148860779,-7.62826474807607));
#13369=CARTESIAN_POINT('Ctrl Pts',(97.68630625,-94.9362106165212,-6.19374438282395));
#13370=CARTESIAN_POINT('Ctrl Pts',(103.8259625,-94.6539620191208,-7.663938501455));
#13371=CARTESIAN_POINT('Ctrl Pts',(103.8259625,-94.5284577495642,-6.22941813620288));
#13372=CARTESIAN_POINT('Ctrl Pts',(107.50975625,-93.8384562852067,-7.73528600821288));
#13373=CARTESIAN_POINT('Ctrl Pts',(107.50975625,-93.7129520156501,-6.30076564296076));
#13374=CARTESIAN_POINT('',(107.50975625,-93.8384562852067,-7.73528600821288));
#13375=CARTESIAN_POINT('Ctrl Pts',(107.50975625,-93.8384562852067,-7.73528600821288));
#13376=CARTESIAN_POINT('Ctrl Pts',(107.50975625,-93.7129520156501,-6.30076564296075));
#13377=CARTESIAN_POINT('Ctrl Pts',(108.800658333333,-93.5561658388518,-7.7599832220906));
#13378=CARTESIAN_POINT('Ctrl Pts',(108.800658333333,-93.4306615692952,-6.32546285683847));
#13379=CARTESIAN_POINT('Ctrl Pts',(110.186016666667,-93.2738753924969,-7.78468043596833));
#13380=CARTESIAN_POINT('Ctrl Pts',(110.186016666667,-93.1483711229403,-6.3501600707162));
#13381=CARTESIAN_POINT('Ctrl Pts',(110.6268125,-93.1797785770453,-7.79291284059424));
#13382=CARTESIAN_POINT('Ctrl Pts',(110.6268125,-93.0542743074887,-6.35839247534211));
#13383=CARTESIAN_POINT('',(110.6268125,-93.1797785770453,-7.79291284059424));
#13384=CARTESIAN_POINT('Ctrl Pts',(110.6268125,-93.1797785770453,-7.79291284059424));
#13385=CARTESIAN_POINT('Ctrl Pts',(110.6268125,-93.0542743074887,-6.35839247534212));
#13386=CARTESIAN_POINT('Ctrl Pts',(111.823258333333,-92.9602193409915,-7.81212178472136));
#13387=CARTESIAN_POINT('Ctrl Pts',(111.823258333333,-92.8347150714349,-6.37760141946924));
#13388=CARTESIAN_POINT('Ctrl Pts',(106.18736875,-98.2923722165838,-7.34561885591988));
#13389=CARTESIAN_POINT('Ctrl Pts',(106.18736875,-98.1668679470272,-5.91109849066776));
#13390=CARTESIAN_POINT('Ctrl Pts',(103.668535416667,-99.7665556586593,-7.21664451678065));
#13391=CARTESIAN_POINT('Ctrl Pts',(103.668535416667,-99.6410513891027,-5.78212415152853));
#13392=CARTESIAN_POINT('',(103.668535416667,-99.7665556586593,-7.21664451678065));
#13393=CARTESIAN_POINT('Ctrl Pts',(103.668535416667,-99.7665556586593,-7.21664451678065));
#13394=CARTESIAN_POINT('Ctrl Pts',(103.668535416667,-99.6410513891027,-5.78212415152853));
#13395=CARTESIAN_POINT('Ctrl Pts',(101.055245833333,-101.272104705885,-7.08492604276611));
#13396=CARTESIAN_POINT('Ctrl Pts',(101.055245833333,-101.146600436328,-5.65040567751399));
#13397=CARTESIAN_POINT('Ctrl Pts',(97.3714520833333,-102.68355693766,-6.96143997337748));
#13398=CARTESIAN_POINT('Ctrl Pts',(97.3714520833333,-102.558052668103,-5.52691960812536));
#13399=CARTESIAN_POINT('Ctrl Pts',(93.8136,-103.530428276724,-6.88734833174431));
#13400=CARTESIAN_POINT('Ctrl Pts',(93.8136,-103.404924007167,-5.45282796649219));
#13401=CARTESIAN_POINT('',(93.8136,-103.530428276724,-6.88734833174431));
#13402=CARTESIAN_POINT('Ctrl Pts',(93.8136,-103.530428276724,-6.88734833174431));
#13403=CARTESIAN_POINT('Ctrl Pts',(93.8136,-103.404924007168,-5.4528279664921));
#13404=CARTESIAN_POINT('Ctrl Pts',(91.4207083333333,-104.095009169434,-6.83795390398886));
#13405=CARTESIAN_POINT('Ctrl Pts',(91.4207083333333,-103.969504899878,-5.40343353873665));
#13406=CARTESIAN_POINT('Ctrl Pts',(90.0038645833334,-104.189105984886,-6.82972149936295));
#13407=CARTESIAN_POINT('Ctrl Pts',(90.0038645833334,-104.06360171533,-5.39520113411074));
#13408=CARTESIAN_POINT('Ctrl Pts',(85.123625,-104.189105984886,-6.82972149936295));
#13409=CARTESIAN_POINT('Ctrl Pts',(85.123625,-104.06360171533,-5.39520113411074));
#13410=CARTESIAN_POINT('',(85.123625,-104.189105984886,-6.82972149936295));
#13411=CARTESIAN_POINT('Ctrl Pts',(85.123625,-104.189105984886,-6.82972149936295));
#13412=CARTESIAN_POINT('Ctrl Pts',(85.123625,-104.06360171533,-5.3952011341108));
#13413=CARTESIAN_POINT('Ctrl Pts',(76.6225625,-104.157740379735,-6.83246563423825));
#13414=CARTESIAN_POINT('Ctrl Pts',(76.6225625,-104.032236110179,-5.3979452689861));
#13415=CARTESIAN_POINT('Ctrl Pts',(71.7108375,-103.028578594316,-6.93125448974915));
#13416=CARTESIAN_POINT('Ctrl Pts',(71.7108375,-102.90307432476,-5.496734124497));
#13417=CARTESIAN_POINT('Ctrl Pts',(63.8079979166667,-99.2019747659496,-7.2660389445361));
#13418=CARTESIAN_POINT('Ctrl Pts',(63.8079979166667,-99.0764704963932,-5.83151857928395));
#13419=CARTESIAN_POINT('',(63.8079979166667,-99.2019747659496,-7.2660389445361));
#13420=CARTESIAN_POINT('Ctrl Pts',(63.8079979166667,-99.2019747659496,-7.2660389445361));
#13421=CARTESIAN_POINT('Ctrl Pts',(63.8079979166667,-99.076470496393,-5.8315185792839));
#13422=CARTESIAN_POINT('Ctrl Pts',(58.77033125,-96.7868231693577,-7.47733732993441));
#13423=CARTESIAN_POINT('Ctrl Pts',(58.77033125,-96.6613188998011,-6.04281696468221));
#13424=CARTESIAN_POINT('Ctrl Pts',(56.69229375,-95.4381021478844,-7.59533512957243));
#13425=CARTESIAN_POINT('Ctrl Pts',(56.69229375,-95.3125978783278,-6.16081476432023));
#13426=CARTESIAN_POINT('Ctrl Pts',(53.8900916666667,-92.8033913152388,-7.82584245909787));
#13427=CARTESIAN_POINT('Ctrl Pts',(53.8900916666667,-92.6778870456822,-6.39132209384567));
#13428=CARTESIAN_POINT('',(53.8900916666667,-92.8033913152388,-7.82584245909787));
#13429=CARTESIAN_POINT('Ctrl Pts',(53.8900916666667,-92.8033913152388,-7.82584245909787));
#13430=CARTESIAN_POINT('Ctrl Pts',(53.8900916666667,-92.6778870456821,-6.3913220938456));
#13431=CARTESIAN_POINT('Ctrl Pts',(50.2062979166667,-89.3845403538296,-8.12495316050588));
#13432=CARTESIAN_POINT('Ctrl Pts',(50.2062979166667,-89.2590360842729,-6.69043279525361));
#13433=CARTESIAN_POINT('Ctrl Pts',(47.9708333333333,-85.1188180533558,-8.49815550354706));
#13434=CARTESIAN_POINT('Ctrl Pts',(47.9708333333333,-84.9933137837991,-7.06363513829479));
#13435=CARTESIAN_POINT('Ctrl Pts',(47.9708333333333,-81.6686014867961,-8.80001033983037));
#13436=CARTESIAN_POINT('Ctrl Pts',(47.9708333333333,-81.5430972172394,-7.3654899745781));
#13437=CARTESIAN_POINT('',(47.9708333333333,-81.6686014867961,-8.80001033983037));
#13438=CARTESIAN_POINT('Ctrl Pts',(47.9708333333333,-81.6686014867961,-8.80001033983037));
#13439=CARTESIAN_POINT('Ctrl Pts',(47.9708333333333,-81.5430972172395,-7.36548997457822));
#13440=CARTESIAN_POINT('Ctrl Pts',(47.9708333333333,-80.3198804653228,-8.91800813946839));
#13441=CARTESIAN_POINT('Ctrl Pts',(47.9708333333333,-80.1943761957662,-7.48348777421624));
#13442=CARTESIAN_POINT('Ctrl Pts',(48.2542020833333,-78.9711594438494,-9.03600593910641));
#13443=CARTESIAN_POINT('Ctrl Pts',(48.2542020833333,-78.8456551742928,-7.60148557385426));
#13444=CARTESIAN_POINT('Ctrl Pts',(48.5060854166667,-78.9711594438494,-9.03600593910641));
#13445=CARTESIAN_POINT('Ctrl Pts',(48.5060854166667,-78.8456551742928,-7.60148557385426));
#13446=CARTESIAN_POINT('',(48.5060854166667,-78.9711594438494,-9.03600593910641));
#13447=CARTESIAN_POINT('Ctrl Pts',(48.5060854166667,-78.9711594438494,-9.03600593910641));
#13448=CARTESIAN_POINT('Ctrl Pts',(48.5060854166667,-78.8456551742928,-7.6014855738543));
#13449=CARTESIAN_POINT('Ctrl Pts',(48.6005416666667,-78.9711594438494,-9.03600593910641));
#13450=CARTESIAN_POINT('Ctrl Pts',(48.6005416666667,-78.8456551742928,-7.6014855738543));
#13451=CARTESIAN_POINT('Ctrl Pts',(49.5451041666667,-79.7866651777636,-8.96465843234854));
#13452=CARTESIAN_POINT('Ctrl Pts',(49.5451041666667,-79.661160908207,-7.53013806709643));
#13453=CARTESIAN_POINT('Ctrl Pts',(50.6156083333333,-80.7589989374303,-8.87959025121415));
#13454=CARTESIAN_POINT('Ctrl Pts',(50.6156083333333,-80.6334946678737,-7.44506988596204));
#13455=UNCERTAINTY_MEASURE_WITH_UNIT(LENGTH_MEASURE(0.01),#13459,
'DISTANCE_ACCURACY_VALUE',
'Maximum model space distance between geometric entities at asserted c
onnectivities');
#13456=UNCERTAINTY_MEASURE_WITH_UNIT(LENGTH_MEASURE(0.01),#13459,
'DISTANCE_ACCURACY_VALUE',
'Maximum model space distance between geometric entities at asserted c
onnectivities');
#13457=(
GEOMETRIC_REPRESENTATION_CONTEXT(3)
GLOBAL_UNCERTAINTY_ASSIGNED_CONTEXT((#13455))
GLOBAL_UNIT_ASSIGNED_CONTEXT((#13459,#13461,#13462))
REPRESENTATION_CONTEXT('','3D')
);
#13458=(
GEOMETRIC_REPRESENTATION_CONTEXT(3)
GLOBAL_UNCERTAINTY_ASSIGNED_CONTEXT((#13456))
GLOBAL_UNIT_ASSIGNED_CONTEXT((#13459,#13461,#13462))
REPRESENTATION_CONTEXT('','3D')
);
#13459=(
LENGTH_UNIT()
NAMED_UNIT(*)
SI_UNIT(.MILLI.,.METRE.)
);
#13460=(
LENGTH_UNIT()
NAMED_UNIT(*)
SI_UNIT($,.METRE.)
);
#13461=(
NAMED_UNIT(*)
PLANE_ANGLE_UNIT()
SI_UNIT($,.RADIAN.)
);
#13462=(
NAMED_UNIT(*)
SI_UNIT($,.STERADIAN.)
SOLID_ANGLE_UNIT()
);
#13463=SHAPE_DEFINITION_REPRESENTATION(#13464,#13465);
#13464=PRODUCT_DEFINITION_SHAPE('',$,#13467);
#13465=SHAPE_REPRESENTATION('',(#6935),#13457);
#13466=PRODUCT_DEFINITION_CONTEXT('part definition',#13471,'design');
#13467=PRODUCT_DEFINITION('Bottom','Bottom',#13468,#13466);
#13468=PRODUCT_DEFINITION_FORMATION('',$,#13473);
#13469=PRODUCT_RELATED_PRODUCT_CATEGORY('Bottom','Bottom',(#13473));
#13470=APPLICATION_PROTOCOL_DEFINITION('international standard',
'automotive_design',2009,#13471);
#13471=APPLICATION_CONTEXT(
'Core Data for Automotive Mechanical Design Process');
#13472=PRODUCT_CONTEXT('part definition',#13471,'mechanical');
#13473=PRODUCT('Bottom','Bottom',$,(#13472));
#13474=PRESENTATION_STYLE_ASSIGNMENT((#13476));
#13475=PRESENTATION_STYLE_ASSIGNMENT((#13477));
#13476=SURFACE_STYLE_USAGE(.BOTH.,#13478);
#13477=SURFACE_STYLE_USAGE(.BOTH.,#13479);
#13478=SURFACE_SIDE_STYLE('',(#13480));
#13479=SURFACE_SIDE_STYLE('',(#13481));
#13480=SURFACE_STYLE_FILL_AREA(#13482);
#13481=SURFACE_STYLE_FILL_AREA(#13483);
#13482=FILL_AREA_STYLE('Steel - Satin',(#13484));
#13483=FILL_AREA_STYLE('Opaque(160,160,160)',(#13485));
#13484=FILL_AREA_STYLE_COLOUR('Steel - Satin',#13486);
#13485=FILL_AREA_STYLE_COLOUR('Opaque(160,160,160)',#13487);
#13486=COLOUR_RGB('Steel - Satin',0.627450980392157,0.627450980392157,0.627450980392157);
#13487=COLOUR_RGB('Opaque(160,160,160)',0.203921568627451,0.309803921568627,
0.529411764705882);
ENDSEC;
END-ISO-10303-21;
